# Definition of the community standard for skyglow observations 1.0
# URL: http://www.darksky.org/NSBM/sdf1.0.pdf
# Number of header lines: 35
# This data is released under the following license: ODbL 1.0 http://opendatacommons.org/licenses/odbl/summary/
# Device type: TESS-W
# Instrument ID: stars1411
# Data supplier: None / None
# Location name: DSN014-S / Tubac / Arizona / Arizona / United States 
# Position: 31.61154, -111.047788, None
# Local timezone: America/Phoenix
# Time Synchronization: timestamp added by MQTT subscriber
# Moving / Stationary position: STATIONARY
# Moving / Fixed look direction: FIXED
# Number of channels: 1
# Filters per channel: None
# Measurement direction per channel: (0.0, 0.0)
# Field of view: 17.0
# Number of fields per line: 8
# TESS MAC address: D0:EF:76:11:23:64
# TESS firmware version: Unknown
# TESS cover offset value: 0.0
# TESS zero point: 20.32
# Comment:  
# Comment:
# Comment:
# Comment:
# Comment:
# Comment: 
# Comment: MSAS = ZP - 2.5*log10(Frequency)
# blank line 30
# blank line 31
# blank line 32
# UTC Date & Time, Local Date & Time, Enclosure Temperature, Sky Temperature, Frequency, MSAS, ZP, Sequence Number
# YYYY-MM-DDTHH:mm:ss.fff;YYYY-MM-DDTHH:mm:ss.fff;Celsius;Celsius;Hz;mag/arcsec^2;mag/arcsec^2; Multiple of Tx period
# END OF HEADER
2026-08-01T02:39:27.000;2026-07-31T19:39:27.000;30.31;8.99;7149.54;10.68;20.32;1
2026-08-01T02:49:41.000;2026-07-31T19:49:41.000;30.36;9.21;598.56;13.38;20.32;2
2026-08-01T02:59:55.000;2026-07-31T19:59:55.000;30.53;9.12;74.56;15.64;20.32;3
2026-08-01T03:10:09.000;2026-07-31T20:10:09.000;29.97;9.11;12.96;17.54;20.32;4
2026-08-01T03:25:41.000;2026-07-31T20:25:41.000;30.08;8.41;1.89;19.63;20.32;5
2026-08-01T03:35:59.000;2026-07-31T20:35:59.000;30.21;8.31;0.42;21.27;20.32;6
2026-08-01T03:46:13.000;2026-07-31T20:46:13.000;29.32;8.75;0.46;21.17;20.32;7
2026-08-01T03:56:26.000;2026-07-31T20:56:26.000;28.65;8.59;0.57;20.93;20.32;8
2026-08-01T04:06:40.000;2026-07-31T21:06:40.000;28.24;8.3;0.73;20.66;20.32;9
2026-08-01T04:16:55.000;2026-07-31T21:16:55.000;27.95;8.35;1.04;20.27;20.32;10
2026-08-01T04:27:09.000;2026-07-31T21:27:09.000;27.39;8.25;1.31;20.02;20.32;11
2026-08-01T04:37:22.000;2026-07-31T21:37:22.000;26.59;7.88;1.91;19.62;20.32;12
2026-08-01T04:47:36.000;2026-07-31T21:47:36.000;26.24;7.65;2.17;19.48;20.32;13
2026-08-01T04:57:50.000;2026-07-31T21:57:50.000;25.77;8.43;2.43;19.35;20.32;14
2026-08-01T05:08:04.000;2026-07-31T22:08:04.000;26.22;7.76;2.67;19.25;20.32;15
2026-08-01T05:20:34.000;2026-07-31T22:20:34.000;26.48;7.35;3.04;19.11;20.32;1
2026-08-01T05:30:32.000;2026-07-31T22:30:32.000;26.68;7.18;3.17;19.07;20.32;2
2026-08-01T05:40:46.000;2026-07-31T22:40:46.000;25.98;7.15;3.49;18.96;20.32;3
2026-08-01T05:51:00.000;2026-07-31T22:51:00.000;25.84;7.61;3.7;18.9;20.32;4
2026-08-01T06:01:14.000;2026-07-31T23:01:14.000;25.68;6.96;3.93;18.83;20.32;5
2026-08-01T06:11:28.000;2026-07-31T23:11:28.000;25.55;6.54;4.22;18.76;20.32;6
2026-08-01T06:21:43.000;2026-07-31T23:21:43.000;25.3;6.78;4.44;18.7;20.32;7
2026-08-01T06:31:58.000;2026-07-31T23:31:58.000;25.02;6.56;4.74;18.63;20.32;8
2026-08-01T06:47:31.000;2026-07-31T23:47:31.000;25.46;6.1;5.89;18.39;20.32;9
2026-08-01T06:57:50.000;2026-07-31T23:57:50.000;25.7;6.43;6.07;18.36;20.32;10
2026-08-01T07:08:05.000;2026-08-01T00:08:05.000;25.06;6.77;6.93;18.22;20.32;11
2026-08-01T07:18:18.000;2026-08-01T00:18:18.000;24.83;7.07;7.78;18.09;20.32;12
2026-08-01T07:28:32.000;2026-08-01T00:28:32.000;24.63;6.64;8.21;18.03;20.32;13
2026-08-01T07:38:46.000;2026-08-01T00:38:46.000;24.47;6.74;8.5;18.0;20.32;14
2026-08-01T07:49:00.000;2026-08-01T00:49:00.000;24.46;7.32;8.83;17.95;20.32;15
2026-08-01T07:59:15.000;2026-08-01T00:59:15.000;24.77;7.23;9.11;17.92;20.32;16
2026-08-01T08:09:31.000;2026-08-01T01:09:31.000;24.47;6.54;9.24;17.91;20.32;17
2026-08-01T08:19:45.000;2026-08-01T01:19:45.000;24.38;6.19;9.26;17.9;20.32;18
2026-08-01T08:30:00.000;2026-08-01T01:30:00.000;23.74;6.15;9.23;17.91;20.32;19
2026-08-01T08:40:14.000;2026-08-01T01:40:14.000;23.47;6.45;9.2;17.91;20.32;20
2026-08-01T08:50:28.000;2026-08-01T01:50:28.000;23.41;5.96;9.21;17.91;20.32;21
2026-08-01T09:00:42.000;2026-08-01T02:00:42.000;23.42;5.94;9.32;17.9;20.32;22
2026-08-01T09:10:56.000;2026-08-01T02:10:56.000;22.76;5.57;9.37;17.89;20.32;23
2026-08-01T09:21:09.000;2026-08-01T02:21:09.000;22.57;5.92;9.42;17.88;20.32;24
2026-08-01T09:31:24.000;2026-08-01T02:31:24.000;22.73;6.44;9.36;17.89;20.32;25
2026-08-01T09:41:38.000;2026-08-01T02:41:38.000;22.49;5.39;9.35;17.89;20.32;26
2026-08-01T09:51:52.000;2026-08-01T02:51:52.000;22.15;6.11;9.08;17.92;20.32;27
2026-08-01T10:02:06.000;2026-08-01T03:02:06.000;23.13;5.75;8.97;17.94;20.32;28
2026-08-01T10:12:20.000;2026-08-01T03:12:20.000;24.04;5.96;8.98;17.94;20.32;29
2026-08-01T10:22:38.000;2026-08-01T03:22:38.000;24.07;5.72;9.6;17.86;20.32;30
2026-08-01T10:32:52.000;2026-08-01T03:32:52.000;23.85;5.41;8.59;17.99;20.32;31
2026-08-01T10:43:06.000;2026-08-01T03:43:06.000;23.42;4.72;8.41;18.01;20.32;32
2026-08-01T10:53:20.000;2026-08-01T03:53:20.000;23.78;5.01;8.15;18.04;20.32;33
2026-08-01T11:03:35.000;2026-08-01T04:03:35.000;23.87;4.89;8.02;18.06;20.32;34
2026-08-01T11:13:49.000;2026-08-01T04:13:49.000;23.11;4.77;8.46;18.0;20.32;35
2026-08-01T11:24:02.000;2026-08-01T04:24:02.000;22.73;6.5;5.83;18.41;20.32;36
2026-08-01T11:34:16.000;2026-08-01T04:34:16.000;23.34;5.59;10.74;17.74;20.32;37
2026-08-01T11:44:31.000;2026-08-01T04:44:31.000;23.57;5.3;12.08;17.61;20.32;38
2026-08-01T11:54:44.000;2026-08-01T04:54:44.000;23.63;5.5;18.38;17.16;20.32;39
2026-08-01T12:04:59.000;2026-08-01T05:04:59.000;23.54;5.03;81.45;15.54;20.32;40
2026-08-01T12:20:31.000;2026-08-01T05:20:31.000;23.81;4.37;2010.94;12.06;20.32;41
2026-08-02T02:38:37.000;2026-08-01T19:38:37.000;25.13;7.8;6557.96;10.78;20.32;1
2026-08-02T02:48:51.000;2026-08-01T19:48:51.000;25.3;7.17;478.65;13.62;20.32;2
2026-08-02T02:59:05.000;2026-08-01T19:59:05.000;25.29;6.77;53.04;16.01;20.32;3
2026-08-02T03:09:18.000;2026-08-01T20:09:18.000;25.0;6.94;9.34;17.89;20.32;4
2026-08-02T03:19:32.000;2026-08-01T20:19:32.000;24.54;6.44;1.93;19.6;20.32;5
2026-08-02T03:29:46.000;2026-08-01T20:29:46.000;25.43;6.58;0.59;20.89;20.32;6
2026-08-02T03:40:01.000;2026-08-01T20:40:01.000;25.69;6.38;0.35;21.46;20.32;7
2026-08-02T03:50:15.000;2026-08-01T20:50:15.000;26.17;6.55;0.31;21.6;20.32;8
2026-08-02T04:00:29.000;2026-08-01T21:00:29.000;26.39;6.27;0.31;21.59;20.32;9
2026-08-02T04:10:44.000;2026-08-01T21:10:44.000;25.43;6.13;0.35;21.46;20.32;10
2026-08-02T04:20:57.000;2026-08-01T21:20:57.000;24.78;6.61;0.44;21.22;20.32;11
2026-08-02T04:31:10.000;2026-08-01T21:31:10.000;24.6;6.22;0.49;21.09;20.32;12
2026-08-02T04:41:24.000;2026-08-01T21:41:24.000;24.05;6.48;0.67;20.75;20.32;13
2026-08-02T04:51:38.000;2026-08-01T21:51:38.000;24.54;6.45;0.81;20.55;20.32;14
2026-08-02T05:01:52.000;2026-08-01T22:01:52.000;24.16;6.32;0.97;20.35;20.32;15
2026-08-02T05:17:25.000;2026-08-01T22:17:25.000;25.62;5.92;1.71;19.74;20.32;16
2026-08-02T05:27:44.000;2026-08-01T22:27:44.000;25.26;6.21;2.04;19.55;20.32;17
2026-08-02T05:37:58.000;2026-08-01T22:37:58.000;25.32;6.97;2.25;19.44;20.32;18
2026-08-02T05:48:13.000;2026-08-01T22:48:13.000;24.65;5.96;2.47;19.34;20.32;19
2026-08-02T05:58:26.000;2026-08-01T22:58:26.000;23.8;6.56;2.66;19.26;20.32;20
2026-08-02T06:08:40.000;2026-08-01T23:08:40.000;23.54;6.88;2.85;19.18;20.32;21
2026-08-02T06:18:54.000;2026-08-01T23:18:54.000;23.64;6.03;3.09;19.09;20.32;22
2026-08-02T06:29:08.000;2026-08-01T23:29:08.000;23.28;4.59;3.3;19.03;20.32;23
2026-08-02T06:39:22.000;2026-08-01T23:39:22.000;22.59;5.62;3.49;18.96;20.32;24
2026-08-02T06:49:36.000;2026-08-01T23:49:36.000;23.19;6.03;3.71;18.9;20.32;25
2026-08-02T06:59:50.000;2026-08-01T23:59:50.000;23.97;6.44;3.99;18.82;20.32;26
2026-08-02T07:10:05.000;2026-08-02T00:10:05.000;24.35;6.67;4.56;18.67;20.32;27
2026-08-02T07:20:23.000;2026-08-02T00:20:23.000;24.61;6.47;5.25;18.52;20.32;28
2026-08-02T07:30:38.000;2026-08-02T00:30:38.000;23.77;6.23;6.11;18.36;20.32;29
2026-08-02T07:40:52.000;2026-08-02T00:40:52.000;23.63;5.63;6.75;18.25;20.32;30
2026-08-02T07:51:06.000;2026-08-02T00:51:06.000;23.46;5.64;6.87;18.23;20.32;31
2026-08-02T08:01:20.000;2026-08-02T01:01:20.000;24.34;6.02;7.33;18.16;20.32;32
2026-08-02T08:11:35.000;2026-08-02T01:11:35.000;24.5;6.35;7.78;18.09;20.32;33
2026-08-02T08:21:50.000;2026-08-02T01:21:50.000;24.35;8.91;6.53;18.28;20.32;34
2026-08-02T08:32:04.000;2026-08-02T01:32:04.000;24.65;11.52;9.13;17.92;20.32;35
2026-08-02T08:42:19.000;2026-08-02T01:42:19.000;24.99;17.48;13.75;17.47;20.32;36
2026-08-02T08:52:33.000;2026-08-02T01:52:33.000;25.91;16.37;16.5;17.28;20.32;37
2026-08-02T09:02:48.000;2026-08-02T02:02:48.000;26.38;11.63;12.83;17.55;20.32;38
2026-08-02T09:13:02.000;2026-08-02T02:13:02.000;26.38;13.55;21.51;16.99;20.32;39
2026-08-02T09:23:18.000;2026-08-02T02:23:18.000;26.7;15.85;14.16;17.44;20.32;40
2026-08-02T09:38:50.000;2026-08-02T02:38:50.000;27.6;14.91;24.09;16.87;20.32;41
2026-08-02T09:49:10.000;2026-08-02T02:49:10.000;28.77;18.3;6.44;18.3;20.32;42
2026-08-02T09:59:26.000;2026-08-02T02:59:26.000;27.94;12.86;5.28;18.51;20.32;43
2026-08-02T10:09:38.000;2026-08-02T03:09:38.000;21.4;19.58;13.63;17.48;20.32;44
2026-08-02T10:19:51.000;2026-08-02T03:19:51.000;20.55;19.48;20.32;17.05;20.32;45
2026-08-02T10:30:06.000;2026-08-02T03:30:06.000;20.57;19.02;21.54;16.99;20.32;46
2026-08-02T10:40:29.000;2026-08-02T03:40:29.000;20.96;5.93;16.55;17.27;20.32;47
2026-08-02T10:50:43.000;2026-08-02T03:50:43.000;21.22;6.03;9.8;17.84;20.32;48
2026-08-02T11:00:57.000;2026-08-02T04:00:57.000;21.48;10.59;17.89;17.19;20.32;49
2026-08-02T11:11:11.000;2026-08-02T04:11:11.000;23.01;13.49;15.96;17.31;20.32;50
2026-08-02T11:21:25.000;2026-08-02T04:21:25.000;23.49;9.28;10.99;17.72;20.32;51
2026-08-02T11:31:41.000;2026-08-02T04:31:41.000;23.91;7.69;10.82;17.73;20.32;52
2026-08-02T11:41:54.000;2026-08-02T04:41:54.000;23.7;6.87;8.89;17.95;20.32;53
2026-08-02T11:52:08.000;2026-08-02T04:52:08.000;23.72;8.76;23.91;16.87;20.32;54
2026-08-02T12:02:22.000;2026-08-02T05:02:22.000;24.4;10.88;79.5;15.57;20.32;55
2026-08-02T12:17:39.000;2026-08-02T05:17:39.000;24.64;6.08;1019.97;12.8;20.32;56
2026-08-03T02:37:29.000;2026-08-02T19:37:29.000;28.36;9.58;7612.23;10.62;20.32;1
2026-08-03T02:47:42.000;2026-08-02T19:47:42.000;28.01;9.34;640.34;13.3;20.32;2
2026-08-03T03:08:10.000;2026-08-02T20:08:10.000;27.23;9.84;14.99;17.38;20.32;4
2026-08-03T03:18:25.000;2026-08-02T20:18:25.000;26.89;11.2;3.03;19.12;20.32;5
2026-08-03T03:33:43.000;2026-08-02T20:33:43.000;27.89;10.82;0.91;20.43;20.32;6
2026-08-03T03:44:02.000;2026-08-02T20:44:02.000;28.3;9.71;0.47;21.14;20.32;7
2026-08-03T03:54:15.000;2026-08-02T20:54:15.000;27.39;9.04;0.24;21.85;20.32;8
2026-08-03T04:04:29.000;2026-08-02T21:04:29.000;26.94;9.31;0.33;21.52;20.32;9
2026-08-03T04:14:46.000;2026-08-02T21:14:46.000;26.92;10.3;0.56;20.96;20.32;10
2026-08-03T04:25:00.000;2026-08-02T21:25:00.000;26.87;16.49;0.93;20.4;20.32;11
2026-08-03T04:35:14.000;2026-08-02T21:35:14.000;28.21;19.54;1.33;20.01;20.32;12
2026-08-03T04:50:46.000;2026-08-02T21:50:46.000;28.86;12.56;0.73;20.66;20.32;13
2026-08-03T05:01:05.000;2026-08-02T22:01:05.000;28.99;13.58;1.17;20.15;20.32;14
2026-08-03T05:11:20.000;2026-08-02T22:11:20.000;27.95;9.35;0.86;20.49;20.32;15
2026-08-03T05:21:33.000;2026-08-02T22:21:33.000;27.38;8.49;0.95;20.38;20.32;16
2026-08-03T05:31:48.000;2026-08-02T22:31:48.000;26.86;8.99;1.62;19.79;20.32;17
2026-08-03T05:42:05.000;2026-08-02T22:42:05.000;25.89;9.18;1.53;19.86;20.32;18
2026-08-03T05:57:37.000;2026-08-02T22:57:37.000;27.09;8.02;1.73;19.73;20.32;19
2026-08-03T06:07:57.000;2026-08-02T23:07:57.000;27.46;9.14;1.5;19.88;20.32;20
2026-08-03T06:18:09.000;2026-08-02T23:18:09.000;26.35;8.31;2.19;19.47;20.32;21
2026-08-03T06:28:24.000;2026-08-02T23:28:24.000;26.58;7.39;2.3;19.41;20.32;22
2026-08-03T06:38:38.000;2026-08-02T23:38:38.000;26.51;7.64;2.4;19.37;20.32;23
2026-08-03T06:48:52.000;2026-08-02T23:48:52.000;26.4;7.93;2.63;19.27;20.32;24
2026-08-03T06:59:06.000;2026-08-02T23:59:06.000;25.96;7.07;2.81;19.2;20.32;25
2026-08-03T07:09:20.000;2026-08-03T00:09:20.000;24.99;7.13;3.01;19.12;20.32;26
2026-08-03T07:19:34.000;2026-08-03T00:19:34.000;24.31;7.04;3.23;19.05;20.32;27
2026-08-03T07:29:48.000;2026-08-03T00:29:48.000;24.14;7.41;3.57;18.94;20.32;28
2026-08-03T07:40:01.000;2026-08-03T00:40:01.000;24.26;7.26;4.25;18.75;20.32;29
2026-08-03T07:50:15.000;2026-08-03T00:50:15.000;24.29;7.64;4.71;18.64;20.32;30
2026-08-03T08:00:29.000;2026-08-03T01:00:29.000;24.35;10.3;8.27;18.03;20.32;31
2026-08-03T08:10:44.000;2026-08-03T01:10:44.000;24.88;7.37;5.66;18.44;20.32;32
2026-08-03T08:20:59.000;2026-08-03T01:20:59.000;24.93;6.61;5.57;18.45;20.32;33
2026-08-03T08:31:12.000;2026-08-03T01:31:12.000;24.64;6.65;5.71;18.43;20.32;34
2026-08-03T08:41:27.000;2026-08-03T01:41:27.000;24.02;7.28;5.4;18.49;20.32;35
2026-08-03T08:51:41.000;2026-08-03T01:51:41.000;23.88;6.9;6.49;18.29;20.32;36
2026-08-03T09:01:55.000;2026-08-03T02:01:55.000;23.74;10.32;9.85;17.84;20.32;37
2026-08-03T09:12:09.000;2026-08-03T02:12:09.000;24.46;12.97;19.07;17.12;20.32;38
2026-08-03T09:22:24.000;2026-08-03T02:22:24.000;25.03;14.89;15.66;17.33;20.32;39
2026-08-03T09:32:38.000;2026-08-03T02:32:38.000;25.47;15.72;15.53;17.34;20.32;40
2026-08-03T09:42:52.000;2026-08-03T02:42:52.000;25.56;15.85;15.4;17.35;20.32;41
2026-08-03T09:53:06.000;2026-08-03T02:53:06.000;25.52;15.36;17.11;17.24;20.32;42
2026-08-03T10:03:20.000;2026-08-03T03:03:20.000;25.68;15.98;15.48;17.35;20.32;43
2026-08-03T10:13:34.000;2026-08-03T03:13:34.000;25.51;15.05;19.41;17.1;20.32;44
2026-08-03T10:23:48.000;2026-08-03T03:23:48.000;25.03;14.39;19.67;17.09;20.32;45
2026-08-03T10:34:02.000;2026-08-03T03:34:02.000;25.09;14.14;19.0;17.12;20.32;46
2026-08-03T10:44:17.000;2026-08-03T03:44:17.000;25.13;11.21;25.8;16.79;20.32;47
2026-08-03T10:54:30.000;2026-08-03T03:54:30.000;24.63;7.07;16.17;17.3;20.32;48
2026-08-03T11:04:44.000;2026-08-03T04:04:44.000;24.4;7.66;15.53;17.34;20.32;49
2026-08-03T11:14:58.000;2026-08-03T04:14:58.000;23.95;9.34;12.79;17.55;20.32;50
2026-08-03T11:25:13.000;2026-08-03T04:25:13.000;24.12;14.15;13.26;17.51;20.32;51
2026-08-03T11:35:27.000;2026-08-03T04:35:27.000;24.45;11.55;16.8;17.26;20.32;52
2026-08-03T11:45:41.000;2026-08-03T04:45:41.000;23.68;6.14;12.19;17.6;20.32;53
2026-08-03T11:55:55.000;2026-08-03T04:55:55.000;22.92;5.97;22.41;16.94;20.32;54
2026-08-03T12:06:08.000;2026-08-03T05:06:08.000;22.75;6.45;92.09;15.41;20.32;55
2026-08-03T12:16:24.000;2026-08-03T05:16:24.000;23.19;6.92;861.8;12.98;20.32;56
2026-08-03T12:26:38.000;2026-08-03T05:26:38.000;23.54;6.59;11146.35;10.2;20.32;57
2026-08-04T02:25:51.000;2026-08-03T19:25:51.000;19.78;17.14;2265.89;11.93;20.32;2
2026-08-04T02:36:04.000;2026-08-03T19:36:04.000;18.65;17.33;799.52;13.06;20.32;3
2026-08-04T02:46:20.000;2026-08-03T19:46:20.000;18.76;17.82;55.58;15.96;20.32;4
2026-08-04T02:56:34.000;2026-08-03T19:56:34.000;18.23;17.81;131.95;15.02;20.32;5
2026-08-04T03:06:48.000;2026-08-03T20:06:48.000;19.12;18.93;1.73;19.73;20.32;6
2026-08-04T03:17:01.000;2026-08-03T20:17:01.000;18.97;18.76;1.1;20.21;20.32;7
2026-08-04T03:27:15.000;2026-08-03T20:27:15.000;19.12;18.61;1.15;20.17;20.32;8
2026-08-04T03:37:29.000;2026-08-03T20:37:29.000;19.09;19.03;1.24;20.09;20.32;9
2026-08-04T03:47:43.000;2026-08-03T20:47:43.000;18.78;18.56;1.13;20.19;20.32;10
2026-08-04T03:57:57.000;2026-08-03T20:57:57.000;18.51;17.86;1.07;20.24;20.32;11
2026-08-04T04:08:12.000;2026-08-03T21:08:12.000;18.47;17.41;1.07;20.24;20.32;12
2026-08-04T04:18:26.000;2026-08-03T21:18:26.000;18.49;18.35;0.99;20.33;20.32;13
2026-08-04T04:28:40.000;2026-08-03T21:28:40.000;18.44;16.79;0.95;20.38;20.32;14
2026-08-04T04:38:53.000;2026-08-03T21:38:53.000;18.19;17.14;0.86;20.48;20.32;15
2026-08-04T04:49:08.000;2026-08-03T21:49:08.000;18.11;17.36;1.03;20.28;20.32;16
2026-08-04T04:59:23.000;2026-08-03T21:59:23.000;18.05;16.62;1.05;20.27;20.32;17
2026-08-04T05:09:38.000;2026-08-03T22:09:38.000;19.54;14.56;1.23;20.09;20.32;18
2026-08-04T05:19:53.000;2026-08-03T22:19:53.000;19.75;14.71;1.04;20.28;20.32;19
2026-08-04T05:30:10.000;2026-08-03T22:30:10.000;21.74;16.03;1.02;20.29;20.32;20
2026-08-04T05:40:24.000;2026-08-03T22:40:24.000;23.05;17.16;1.27;20.06;20.32;21
2026-08-04T05:50:39.000;2026-08-03T22:50:39.000;23.29;17.17;1.19;20.13;20.32;22
2026-08-04T06:00:53.000;2026-08-03T23:00:53.000;24.23;17.17;1.25;20.08;20.32;23
2026-08-04T06:11:08.000;2026-08-03T23:11:08.000;24.15;15.06;1.04;20.27;20.32;24
2026-08-04T06:26:38.000;2026-08-03T23:26:38.000;20.32;15.2;2.72;19.23;20.32;25
2026-08-04T06:36:56.000;2026-08-03T23:36:56.000;19.43;16.96;1.6;19.81;20.32;26
2026-08-04T06:47:22.000;2026-08-03T23:47:22.000;19.02;17.3;0.97;20.36;20.32;27
2026-08-04T07:17:55.000;2026-08-04T00:17:55.000;21.5;13.44;3.78;18.87;20.32;28
2026-08-04T07:28:17.000;2026-08-04T00:28:17.000;20.87;12.51;4.12;18.78;20.32;29
2026-08-04T07:38:30.000;2026-08-04T00:38:30.000;20.05;12.98;5.43;18.48;20.32;30
2026-08-04T07:48:44.000;2026-08-04T00:48:44.000;19.4;8.0;5.99;18.38;20.32;31
2026-08-04T07:58:58.000;2026-08-04T00:58:58.000;18.95;5.33;4.9;18.6;20.32;32
2026-08-04T08:09:11.000;2026-08-04T01:09:11.000;19.53;4.69;4.75;18.63;20.32;33
2026-08-04T08:19:26.000;2026-08-04T01:19:26.000;20.02;3.82;4.84;18.61;20.32;34
2026-08-04T08:29:40.000;2026-08-04T01:29:40.000;19.97;4.16;4.95;18.58;20.32;35
2026-08-04T08:39:54.000;2026-08-04T01:39:54.000;20.06;4.87;5.76;18.42;20.32;36
2026-08-04T08:50:08.000;2026-08-04T01:50:08.000;20.58;4.65;4.77;18.62;20.32;37
2026-08-04T09:00:23.000;2026-08-04T02:00:23.000;20.27;7.29;6.02;18.37;20.32;38
2026-08-04T09:10:37.000;2026-08-04T02:10:37.000;19.93;4.48;5.29;18.51;20.32;39
2026-08-04T09:20:51.000;2026-08-04T02:20:51.000;20.21;5.76;8.97;17.94;20.32;40
2026-08-04T09:31:05.000;2026-08-04T02:31:05.000;19.92;5.76;8.17;18.04;20.32;41
2026-08-04T09:41:19.000;2026-08-04T02:41:19.000;19.57;4.51;4.26;18.75;20.32;42
2026-08-04T09:51:33.000;2026-08-04T02:51:33.000;20.44;7.96;8.79;17.96;20.32;43
2026-08-04T10:01:48.000;2026-08-04T03:01:48.000;21.1;9.93;9.17;17.91;20.32;44
2026-08-04T10:12:02.000;2026-08-04T03:12:02.000;21.46;11.89;6.73;18.25;20.32;45
2026-08-04T10:22:16.000;2026-08-04T03:22:16.000;21.02;14.05;8.24;18.03;20.32;46
2026-08-04T10:32:30.000;2026-08-04T03:32:30.000;21.62;15.18;9.82;17.84;20.32;47
2026-08-04T10:42:45.000;2026-08-04T03:42:45.000;22.09;11.23;16.34;17.29;20.32;48
2026-08-04T10:53:00.000;2026-08-04T03:53:00.000;21.76;7.51;27.59;16.72;20.32;49
2026-08-04T11:03:14.000;2026-08-04T04:03:14.000;21.3;4.87;16.97;17.25;20.32;50
2026-08-04T11:13:28.000;2026-08-04T04:13:28.000;20.68;6.73;13.7;17.48;20.32;51
2026-08-04T11:23:42.000;2026-08-04T04:23:42.000;20.47;8.64;16.52;17.28;20.32;52
2026-08-04T11:33:56.000;2026-08-04T04:33:56.000;21.03;7.01;20.01;17.07;20.32;53
2026-08-04T11:44:11.000;2026-08-04T04:44:11.000;20.44;5.54;11.88;17.63;20.32;54
2026-08-04T11:54:24.000;2026-08-04T04:54:24.000;19.17;3.55;27.4;16.73;20.32;55
2026-08-04T12:04:37.000;2026-08-04T05:04:37.000;18.75;4.27;79.9;15.56;20.32;56
2026-08-04T12:14:51.000;2026-08-04T05:14:51.000;18.09;2.27;494.3;13.59;20.32;57
2026-08-04T12:25:05.000;2026-08-04T05:25:05.000;18.6;1.83;6847.43;10.73;20.32;58
2026-08-05T02:35:12.000;2026-08-04T19:35:12.000;27.21;9.93;7920.71;10.57;20.32;1
2026-08-05T02:45:29.000;2026-08-04T19:45:29.000;27.08;9.86;591.33;13.39;20.32;2
2026-08-05T02:55:44.000;2026-08-04T19:55:44.000;27.13;9.94;61.88;15.84;20.32;3
2026-08-05T03:05:57.000;2026-08-04T20:05:57.000;27.15;13.53;15.36;17.35;20.32;4
2026-08-05T03:16:11.000;2026-08-04T20:16:11.000;27.34;15.39;3.06;19.1;20.32;5
2026-08-05T03:26:25.000;2026-08-04T20:26:25.000;27.31;10.19;0.76;20.62;20.32;6
2026-08-05T03:36:40.000;2026-08-04T20:36:40.000;26.41;10.54;0.42;21.27;20.32;7
2026-08-05T03:46:54.000;2026-08-04T20:46:54.000;26.02;9.19;0.29;21.65;20.32;8
2026-08-05T03:57:08.000;2026-08-04T20:57:08.000;25.67;10.21;0.48;21.13;20.32;9
2026-08-05T04:07:22.000;2026-08-04T21:07:22.000;25.31;11.43;0.95;20.38;20.32;10
2026-08-05T04:17:36.000;2026-08-04T21:17:36.000;25.35;12.57;0.91;20.42;20.32;11
2026-08-05T04:27:50.000;2026-08-04T21:27:50.000;25.25;11.91;0.82;20.54;20.32;12
2026-08-05T04:38:04.000;2026-08-04T21:38:04.000;25.19;11.76;0.5;21.06;20.32;13
2026-08-05T04:48:18.000;2026-08-04T21:48:18.000;25.24;13.73;0.58;20.9;20.32;14
2026-08-05T04:58:33.000;2026-08-04T21:58:33.000;25.56;16.58;0.98;20.34;20.32;15
2026-08-05T05:08:47.000;2026-08-04T22:08:47.000;25.47;14.19;0.63;20.82;20.32;16
2026-08-05T05:19:01.000;2026-08-04T22:19:01.000;25.55;15.26;0.57;20.93;20.32;17
2026-08-05T05:29:14.000;2026-08-04T22:29:14.000;26.01;15.62;0.56;20.95;20.32;18
2026-08-05T05:39:30.000;2026-08-04T22:39:30.000;26.39;15.55;16.67;17.27;20.32;19
2026-08-05T05:49:47.000;2026-08-04T22:49:47.000;26.32;15.76;0.55;20.97;20.32;20
2026-08-05T06:00:02.000;2026-08-04T23:00:02.000;26.28;15.31;0.82;20.54;20.32;21
2026-08-05T06:10:16.000;2026-08-04T23:10:16.000;26.44;15.68;0.76;20.62;20.32;22
2026-08-05T06:20:30.000;2026-08-04T23:20:30.000;26.61;16.13;0.79;20.58;20.32;23
2026-08-05T06:30:44.000;2026-08-04T23:30:44.000;26.8;16.0;0.95;20.37;20.32;24
2026-08-05T06:40:58.000;2026-08-04T23:40:58.000;26.75;16.32;1.36;19.99;20.32;25
2026-08-05T06:51:13.000;2026-08-04T23:51:13.000;26.39;15.68;1.74;19.72;20.32;26
2026-08-05T07:01:28.000;2026-08-05T00:01:28.000;25.84;15.47;1.77;19.7;20.32;27
2026-08-05T07:11:42.000;2026-08-05T00:11:42.000;25.5;13.74;2.08;19.53;20.32;28
2026-08-05T07:21:56.000;2026-08-05T00:21:56.000;25.07;12.95;2.26;19.43;20.32;29
2026-08-05T07:32:10.000;2026-08-05T00:32:10.000;25.01;15.47;2.38;19.38;20.32;30
2026-08-05T07:42:24.000;2026-08-05T00:42:24.000;25.39;16.75;1.72;19.73;20.32;31
2026-08-05T07:52:38.000;2026-08-05T00:52:38.000;25.63;17.32;1.74;19.72;20.32;32
2026-08-05T08:02:53.000;2026-08-05T01:02:53.000;25.75;15.69;3.65;18.92;20.32;33
2026-08-05T08:13:07.000;2026-08-05T01:13:07.000;24.94;14.81;3.98;18.82;20.32;34
2026-08-05T08:23:21.000;2026-08-05T01:23:21.000;25.29;17.85;1.82;19.67;20.32;35
2026-08-05T08:33:36.000;2026-08-05T01:33:36.000;25.93;17.41;2.11;19.51;20.32;36
2026-08-05T08:43:50.000;2026-08-05T01:43:50.000;25.91;17.65;2.08;19.53;20.32;37
2026-08-05T08:54:04.000;2026-08-05T01:54:04.000;25.19;15.48;3.48;18.96;20.32;38
2026-08-05T09:04:17.000;2026-08-05T02:04:17.000;23.69;13.06;5.07;18.56;20.32;39
2026-08-05T09:14:31.000;2026-08-05T02:14:31.000;23.43;8.78;3.61;18.92;20.32;40
2026-08-05T09:24:45.000;2026-08-05T02:24:45.000;24.03;9.99;4.73;18.63;20.32;41
2026-08-05T09:34:59.000;2026-08-05T02:34:59.000;23.68;8.13;4.58;18.67;20.32;42
2026-08-05T09:45:12.000;2026-08-05T02:45:12.000;22.38;5.81;4.48;18.69;20.32;43
2026-08-05T09:55:25.000;2026-08-05T02:55:25.000;21.76;5.49;3.78;18.88;20.32;44
2026-08-05T10:05:39.000;2026-08-05T03:05:39.000;22.11;4.94;4.13;18.78;20.32;45
2026-08-05T10:15:54.000;2026-08-05T03:15:54.000;22.41;4.74;4.64;18.65;20.32;46
2026-08-05T10:26:08.000;2026-08-05T03:26:08.000;22.21;4.47;5.36;18.5;20.32;47
2026-08-05T10:36:22.000;2026-08-05T03:36:22.000;22.07;4.33;6.68;18.26;20.32;48
2026-08-05T10:46:37.000;2026-08-05T03:46:37.000;21.65;4.12;7.63;18.11;20.32;49
2026-08-05T10:56:51.000;2026-08-05T03:56:51.000;21.18;4.12;9.23;17.91;20.32;50
2026-08-05T11:07:05.000;2026-08-05T04:07:05.000;21.46;4.64;10.26;17.79;20.32;51
2026-08-05T11:17:20.000;2026-08-05T04:17:20.000;21.58;4.08;11.75;17.64;20.32;52
2026-08-05T11:27:34.000;2026-08-05T04:27:34.000;21.43;4.82;13.77;17.47;20.32;53
2026-08-05T11:37:48.000;2026-08-05T04:37:48.000;21.1;4.26;16.23;17.29;20.32;54
2026-08-05T11:48:02.000;2026-08-05T04:48:02.000;20.99;4.97;26.56;16.76;20.32;55
2026-08-05T11:58:16.000;2026-08-05T04:58:16.000;20.89;5.36;54.68;15.98;20.32;56
2026-08-05T12:08:30.000;2026-08-05T05:08:30.000;20.8;5.67;178.4;14.69;20.32;57
2026-08-05T12:18:44.000;2026-08-05T05:18:44.000;20.2;6.36;1412.78;12.44;20.32;58
2026-08-06T02:32:02.000;2026-08-05T19:32:02.000;25.93;17.31;9223.73;10.41;20.32;1
2026-08-06T02:42:16.000;2026-08-05T19:42:16.000;26.89;18.21;322.95;14.05;20.32;2
2026-08-06T02:52:31.000;2026-08-05T19:52:31.000;27.23;18.15;36.17;16.42;20.32;3
2026-08-06T03:02:45.000;2026-08-05T20:02:45.000;27.59;18.16;6.71;18.25;20.32;4
2026-08-06T03:12:59.000;2026-08-05T20:12:59.000;26.27;17.52;2.71;19.24;20.32;5
2026-08-06T03:23:13.000;2026-08-05T20:23:13.000;25.1;15.75;2.08;19.53;20.32;6
2026-08-06T03:33:27.000;2026-08-05T20:33:27.000;24.16;14.6;2.0;19.57;20.32;7
2026-08-06T03:43:41.000;2026-08-05T20:43:41.000;24.32;14.88;1.47;19.9;20.32;8
2026-08-06T03:53:55.000;2026-08-05T20:53:55.000;24.39;15.77;2.19;19.47;20.32;9
2026-08-06T04:04:09.000;2026-08-05T21:04:09.000;24.75;16.86;3.57;18.94;20.32;10
2026-08-06T04:14:23.000;2026-08-05T21:14:23.000;24.96;17.27;2.66;19.26;20.32;11
2026-08-06T04:24:37.000;2026-08-05T21:24:37.000;24.84;16.53;2.57;19.3;20.32;12
2026-08-06T04:34:51.000;2026-08-05T21:34:51.000;25.17;19.03;79.59;15.57;20.32;13
2026-08-06T04:45:05.000;2026-08-05T21:45:05.000;25.59;18.66;5.35;18.5;20.32;14
2026-08-06T04:55:19.000;2026-08-05T21:55:19.000;24.89;20.82;1.76;19.7;20.32;15
2026-08-06T05:05:36.000;2026-08-05T22:05:36.000;24.69;18.6;4.07;18.8;20.32;16
2026-08-06T05:15:50.000;2026-08-05T22:15:50.000;22.85;14.53;1.75;19.71;20.32;17
2026-08-06T05:26:03.000;2026-08-05T22:26:03.000;20.03;14.26;2.01;19.56;20.32;18
2026-08-06T05:36:18.000;2026-08-05T22:36:18.000;20.89;15.51;3.15;19.08;20.32;19
2026-08-06T05:46:32.000;2026-08-05T22:46:32.000;21.37;17.3;15.44;17.35;20.32;20
2026-08-06T05:56:46.000;2026-08-05T22:56:46.000;21.17;17.19;1.64;19.78;20.32;21
2026-08-06T06:06:59.000;2026-08-05T23:06:59.000;21.01;16.57;0.7;20.71;20.32;22
2026-08-06T06:17:15.000;2026-08-05T23:17:15.000;20.93;17.03;0.32;21.55;20.32;23
2026-08-06T06:27:30.000;2026-08-05T23:27:30.000;20.43;15.95;1.88;19.63;20.32;24
2026-08-06T06:37:43.000;2026-08-05T23:37:43.000;18.0;17.48;528.42;13.51;20.32;25
2026-08-06T06:47:55.000;2026-08-05T23:47:55.000;17.64;17.14;0.62;20.83;20.32;26
2026-08-06T06:58:09.000;2026-08-05T23:58:09.000;17.53;17.16;0.78;20.59;20.32;27
2026-08-06T07:08:22.000;2026-08-06T00:08:22.000;17.74;17.71;0.48;21.12;20.32;28
2026-08-06T07:18:39.000;2026-08-06T00:18:39.000;17.79;16.26;0.56;20.94;20.32;29
2026-08-06T07:28:53.000;2026-08-06T00:28:53.000;17.91;17.52;0.49;21.1;20.32;30
2026-08-06T07:39:07.000;2026-08-06T00:39:07.000;18.01;18.04;0.59;20.89;20.32;31
2026-08-06T07:49:21.000;2026-08-06T00:49:21.000;17.94;17.89;0.64;20.81;20.32;32
2026-08-06T07:59:34.000;2026-08-06T00:59:34.000;17.88;15.39;0.61;20.86;20.32;33
2026-08-06T08:09:51.000;2026-08-06T01:09:51.000;18.02;17.63;0.75;20.63;20.32;34
2026-08-06T08:20:05.000;2026-08-06T01:20:05.000;17.97;17.86;0.77;20.6;20.32;35
2026-08-06T08:30:19.000;2026-08-06T01:30:19.000;17.88;16.65;0.79;20.57;20.32;36
2026-08-06T08:40:32.000;2026-08-06T01:40:32.000;18.08;18.1;0.84;20.51;20.32;37
2026-08-06T08:50:47.000;2026-08-06T01:50:47.000;18.0;17.95;0.88;20.46;20.32;38
2026-08-06T09:01:01.000;2026-08-06T02:01:01.000;17.89;17.84;0.92;20.41;20.32;39
2026-08-06T09:11:14.000;2026-08-06T02:11:14.000;17.84;17.81;1.05;20.27;20.32;40
2026-08-06T09:21:28.000;2026-08-06T02:21:28.000;18.01;18.01;1.16;20.15;20.32;41
2026-08-06T09:31:43.000;2026-08-06T02:31:43.000;18.09;16.7;1.46;19.91;20.32;42
2026-08-06T09:41:57.000;2026-08-06T02:41:57.000;17.49;15.68;1.78;19.69;20.32;43
2026-08-06T09:52:12.000;2026-08-06T02:52:12.000;17.84;14.49;2.37;19.39;20.32;44
2026-08-06T10:02:26.000;2026-08-06T03:02:26.000;17.79;12.99;2.9;19.16;20.32;45
2026-08-06T10:12:40.000;2026-08-06T03:12:40.000;17.68;12.21;3.49;18.96;20.32;46
2026-08-06T10:22:54.000;2026-08-06T03:22:54.000;17.81;11.75;3.61;18.93;20.32;47
2026-08-06T10:33:10.000;2026-08-06T03:33:10.000;17.77;11.43;3.66;18.91;20.32;48
2026-08-06T10:43:26.000;2026-08-06T03:43:26.000;18.0;12.4;3.28;19.03;20.32;49
2026-08-06T10:53:41.000;2026-08-06T03:53:41.000;18.02;11.7;4.16;18.77;20.32;50
2026-08-06T11:03:54.000;2026-08-06T04:03:54.000;18.12;10.08;5.4;18.49;20.32;51
2026-08-06T11:14:08.000;2026-08-06T04:14:08.000;18.03;10.39;4.83;18.61;20.32;52
2026-08-06T11:24:22.000;2026-08-06T04:24:22.000;17.96;12.19;4.57;18.67;20.32;53
2026-08-06T11:34:36.000;2026-08-06T04:34:36.000;17.89;12.85;3.48;18.97;20.32;54
2026-08-06T11:44:50.000;2026-08-06T04:44:50.000;19.03;13.41;3.26;19.04;20.32;55
2026-08-06T11:55:04.000;2026-08-06T04:55:04.000;19.25;10.53;10.46;17.77;20.32;56
2026-08-06T12:05:18.000;2026-08-06T05:05:18.000;19.41;9.76;41.41;16.28;20.32;57
2026-08-06T12:15:32.000;2026-08-06T05:15:32.000;19.69;9.06;371.2;13.9;20.32;58
2026-08-06T12:25:46.000;2026-08-06T05:25:46.000;19.62;12.51;3308.96;11.52;20.32;59
2026-08-06T12:36:01.000;2026-08-06T05:36:01.000;19.92;14.33;10468.09;10.27;20.32;60
2026-08-07T02:31:46.000;2026-08-06T19:31:46.000;26.0;7.37;9365.99;10.39;20.32;1
2026-08-07T02:42:00.000;2026-08-06T19:42:00.000;26.13;7.17;689.85;13.22;20.32;2
2026-08-07T02:52:14.000;2026-08-06T19:52:14.000;25.98;7.05;64.37;15.8;20.32;3
2026-08-07T03:02:28.000;2026-08-06T20:02:28.000;25.72;7.16;8.94;17.94;20.32;4
2026-08-07T03:12:42.000;2026-08-06T20:12:42.000;25.61;7.22;1.8;19.68;20.32;5
2026-08-07T03:22:56.000;2026-08-06T20:22:56.000;25.55;7.08;0.59;20.89;20.32;6
2026-08-07T03:33:09.000;2026-08-06T20:33:09.000;25.42;7.28;0.43;21.24;20.32;7
2026-08-07T03:43:23.000;2026-08-06T20:43:23.000;25.36;7.19;0.41;21.29;20.32;8
2026-08-07T03:53:38.000;2026-08-06T20:53:38.000;25.29;7.26;0.32;21.57;20.32;9
2026-08-07T04:03:52.000;2026-08-06T21:03:52.000;25.19;7.58;0.36;21.44;20.32;10
2026-08-07T04:14:05.000;2026-08-06T21:14:05.000;25.2;7.37;0.36;21.43;20.32;11
2026-08-07T04:24:19.000;2026-08-06T21:24:19.000;25.01;7.55;0.31;21.59;20.32;12
2026-08-07T04:34:33.000;2026-08-06T21:34:33.000;24.85;7.69;0.38;21.37;20.32;13
2026-08-07T04:44:47.000;2026-08-06T21:44:47.000;24.5;7.83;0.42;21.27;20.32;14
2026-08-07T04:55:02.000;2026-08-06T21:55:02.000;24.39;8.32;0.36;21.43;20.32;15
2026-08-07T05:05:16.000;2026-08-06T22:05:16.000;24.31;8.24;0.42;21.25;20.32;16
2026-08-07T05:15:33.000;2026-08-06T22:15:33.000;23.99;8.46;0.54;21.0;20.32;17
2026-08-07T05:25:46.000;2026-08-06T22:25:46.000;23.59;8.32;0.57;20.94;20.32;18
2026-08-07T05:36:01.000;2026-08-06T22:36:01.000;23.18;8.27;0.59;20.9;20.32;19
2026-08-07T05:46:15.000;2026-08-06T22:46:15.000;22.57;8.18;0.51;21.05;20.32;20
2026-08-07T05:56:30.000;2026-08-06T22:56:30.000;22.32;7.98;0.53;21.01;20.32;21
2026-08-07T06:06:43.000;2026-08-06T23:06:43.000;21.95;7.99;0.59;20.89;20.32;22
2026-08-07T06:16:57.000;2026-08-06T23:16:57.000;22.33;7.93;0.5;21.07;20.32;23
2026-08-07T06:27:12.000;2026-08-06T23:27:12.000;22.17;7.26;0.53;21.01;20.32;24
2026-08-07T06:37:26.000;2026-08-06T23:37:26.000;21.68;6.88;0.42;21.26;20.32;25
2026-08-07T06:47:40.000;2026-08-06T23:47:40.000;21.29;6.75;0.39;21.33;20.32;26
2026-08-07T06:57:54.000;2026-08-06T23:57:54.000;21.17;6.57;0.38;21.37;20.32;27
2026-08-07T07:08:09.000;2026-08-07T00:08:09.000;21.15;6.16;0.45;21.19;20.32;28
2026-08-07T07:18:24.000;2026-08-07T00:18:24.000;20.67;6.51;0.38;21.37;20.32;29
2026-08-07T07:28:38.000;2026-08-07T00:28:38.000;20.47;6.44;0.4;21.32;20.32;30
2026-08-07T07:38:52.000;2026-08-07T00:38:52.000;20.66;6.37;0.39;21.34;20.32;31
2026-08-07T07:49:07.000;2026-08-07T00:49:07.000;20.6;6.17;0.39;21.34;20.32;32
2026-08-07T07:59:21.000;2026-08-07T00:59:21.000;20.66;5.93;0.43;21.25;20.32;33
2026-08-07T08:09:35.000;2026-08-07T01:09:35.000;20.97;6.13;0.47;21.15;20.32;34
2026-08-07T08:19:49.000;2026-08-07T01:19:49.000;20.99;5.71;0.47;21.14;20.32;35
2026-08-07T08:30:03.000;2026-08-07T01:30:03.000;20.72;5.99;0.47;21.13;20.32;36
2026-08-07T08:40:17.000;2026-08-07T01:40:17.000;21.3;6.61;0.56;20.94;20.32;37
2026-08-07T08:50:31.000;2026-08-07T01:50:31.000;21.19;5.87;0.47;21.14;20.32;38
2026-08-07T09:00:44.000;2026-08-07T02:00:44.000;20.8;5.96;0.58;20.92;20.32;39
2026-08-07T09:10:58.000;2026-08-07T02:10:58.000;20.84;5.67;0.51;21.05;20.32;40
2026-08-07T09:21:12.000;2026-08-07T02:21:12.000;20.61;5.52;0.63;20.82;20.32;41
2026-08-07T09:31:26.000;2026-08-07T02:31:26.000;20.68;5.73;0.59;20.89;20.32;42
2026-08-07T09:41:40.000;2026-08-07T02:41:40.000;20.71;6.42;0.8;20.57;20.32;43
2026-08-07T09:51:55.000;2026-08-07T02:51:55.000;20.52;6.12;0.81;20.55;20.32;44
2026-08-07T10:02:09.000;2026-08-07T03:02:09.000;20.93;7.38;0.88;20.46;20.32;45
2026-08-07T10:12:23.000;2026-08-07T03:12:23.000;20.97;7.09;1.45;19.92;20.32;46
2026-08-07T10:22:38.000;2026-08-07T03:22:38.000;22.58;7.73;1.83;19.66;20.32;47
2026-08-07T10:32:52.000;2026-08-07T03:32:52.000;22.35;7.97;2.16;19.48;20.32;48
2026-08-07T10:43:06.000;2026-08-07T03:43:06.000;21.98;8.14;2.63;19.27;20.32;49
2026-08-07T10:53:20.000;2026-08-07T03:53:20.000;21.66;8.04;2.93;19.15;20.32;50
2026-08-07T11:03:34.000;2026-08-07T04:03:34.000;21.55;7.6;2.94;19.15;20.32;51
2026-08-07T11:13:48.000;2026-08-07T04:13:48.000;20.98;7.35;3.25;19.04;20.32;52
2026-08-07T11:24:02.000;2026-08-07T04:24:02.000;20.92;6.75;3.3;19.02;20.32;53
2026-08-07T11:34:16.000;2026-08-07T04:34:16.000;20.31;6.14;3.36;19.01;20.32;54
2026-08-07T11:44:29.000;2026-08-07T04:44:29.000;20.24;5.38;3.67;18.91;20.32;55
2026-08-07T11:54:44.000;2026-08-07T04:54:44.000;20.11;5.36;8.05;18.06;20.32;56
2026-08-07T12:04:58.000;2026-08-07T05:04:58.000;20.35;5.18;42.65;16.25;20.32;57
2026-08-07T12:15:14.000;2026-08-07T05:15:14.000;19.95;4.83;380.64;13.87;20.32;58
2026-08-07T12:25:28.000;2026-08-07T05:25:28.000;20.26;4.56;4582.42;11.17;20.32;59
2026-08-08T02:30:16.000;2026-08-07T19:30:16.000;24.34;9.05;9465.43;10.38;20.32;1
2026-08-08T02:40:30.000;2026-08-07T19:40:30.000;24.54;8.71;750.84;13.13;20.32;2
2026-08-08T02:50:44.000;2026-08-07T19:50:44.000;24.26;8.31;57.35;15.92;20.32;3
2026-08-08T03:00:59.000;2026-08-07T20:00:59.000;24.17;9.77;8.39;18.01;20.32;4
2026-08-08T03:11:13.000;2026-08-07T20:11:13.000;24.74;15.11;2.65;19.26;20.32;5
2026-08-08T03:21:37.000;2026-08-07T20:21:37.000;25.3;17.01;1.27;20.06;20.32;6
2026-08-08T03:31:52.000;2026-08-07T20:31:52.000;25.67;17.35;0.95;20.38;20.32;7
2026-08-08T03:42:06.000;2026-08-07T20:42:06.000;25.82;17.52;1.0;20.32;20.32;8
2026-08-08T03:52:21.000;2026-08-07T20:52:21.000;25.98;17.76;1.26;20.07;20.32;9
2026-08-08T04:02:37.000;2026-08-07T21:02:37.000;25.81;17.51;1.13;20.19;20.32;10
2026-08-08T04:12:51.000;2026-08-07T21:12:51.000;25.91;17.38;1.17;20.15;20.32;11
2026-08-08T04:23:05.000;2026-08-07T21:23:05.000;26.01;17.14;1.14;20.17;20.32;12
2026-08-08T04:33:20.000;2026-08-07T21:33:20.000;25.78;16.61;1.0;20.32;20.32;13
2026-08-08T04:43:34.000;2026-08-07T21:43:34.000;25.57;15.16;0.73;20.66;20.32;14
2026-08-08T04:53:47.000;2026-08-07T21:53:47.000;25.47;15.11;0.74;20.65;20.32;15
2026-08-08T05:04:01.000;2026-08-07T22:04:01.000;25.15;12.01;0.49;21.09;20.32;16
2026-08-08T05:14:15.000;2026-08-07T22:14:15.000;24.59;10.11;0.47;21.15;20.32;17
2026-08-08T05:24:31.000;2026-08-07T22:24:31.000;24.71;10.38;0.56;20.96;20.32;18
2026-08-08T05:34:49.000;2026-08-07T22:34:49.000;24.43;12.43;0.59;20.9;20.32;19
2026-08-08T05:45:03.000;2026-08-07T22:45:03.000;24.75;15.43;0.72;20.68;20.32;20
2026-08-08T05:55:17.000;2026-08-07T22:55:17.000;25.06;16.74;0.86;20.48;20.32;21
2026-08-08T06:05:31.000;2026-08-07T23:05:31.000;24.45;10.93;0.63;20.83;20.32;22
2026-08-08T06:15:45.000;2026-08-07T23:15:45.000;23.8;10.71;0.75;20.64;20.32;23
2026-08-08T06:25:58.000;2026-08-07T23:25:58.000;23.63;13.2;1.0;20.32;20.32;24
2026-08-08T06:36:12.000;2026-08-07T23:36:12.000;23.55;14.87;0.93;20.4;20.32;25
2026-08-08T06:46:26.000;2026-08-07T23:46:26.000;24.59;14.67;0.86;20.49;20.32;26
2026-08-08T06:56:41.000;2026-08-07T23:56:41.000;24.91;12.66;0.73;20.66;20.32;27
2026-08-08T07:06:55.000;2026-08-08T00:06:55.000;24.85;11.76;0.7;20.71;20.32;28
2026-08-08T07:17:09.000;2026-08-08T00:17:09.000;25.12;11.41;0.62;20.83;20.32;29
2026-08-08T07:27:23.000;2026-08-08T00:27:23.000;25.1;10.24;0.54;20.99;20.32;30
2026-08-08T07:37:37.000;2026-08-08T00:37:37.000;25.23;10.15;0.45;21.19;20.32;31
2026-08-08T07:47:51.000;2026-08-08T00:47:51.000;25.58;9.74;0.5;21.06;20.32;32
2026-08-08T07:58:06.000;2026-08-08T00:58:06.000;25.49;8.95;0.35;21.45;20.32;33
2026-08-08T08:08:21.000;2026-08-08T01:08:21.000;25.38;8.41;0.39;21.33;20.32;34
2026-08-08T08:18:35.000;2026-08-08T01:18:35.000;25.6;7.71;0.39;21.35;20.32;35
2026-08-08T08:28:50.000;2026-08-08T01:28:50.000;25.64;8.63;0.3;21.64;20.32;36
2026-08-08T08:39:04.000;2026-08-08T01:39:04.000;24.86;6.61;0.29;21.65;20.32;37
2026-08-08T08:49:17.000;2026-08-08T01:49:17.000;24.45;9.36;0.6;20.87;20.32;38
2026-08-08T08:59:31.000;2026-08-08T01:59:31.000;24.05;7.59;0.38;21.36;20.32;39
2026-08-08T09:09:45.000;2026-08-08T02:09:45.000;23.69;7.14;0.4;21.31;20.32;40
2026-08-08T09:19:59.000;2026-08-08T02:19:59.000;24.39;7.31;0.52;21.04;20.32;41
2026-08-08T09:30:13.000;2026-08-08T02:30:13.000;24.08;7.33;0.31;21.58;20.32;42
2026-08-08T09:40:27.000;2026-08-08T02:40:27.000;24.1;6.83;0.46;21.16;20.32;43
2026-08-08T09:50:41.000;2026-08-08T02:50:41.000;23.85;6.65;0.53;21.01;20.32;44
2026-08-08T10:00:55.000;2026-08-08T03:00:55.000;23.56;7.48;0.84;20.51;20.32;45
2026-08-08T10:11:09.000;2026-08-08T03:11:09.000;23.71;12.13;1.0;20.32;20.32;46
2026-08-08T10:21:23.000;2026-08-08T03:21:23.000;23.79;13.47;1.02;20.3;20.32;47
2026-08-08T10:31:36.000;2026-08-08T03:31:36.000;23.72;13.76;1.06;20.25;20.32;48
2026-08-08T10:41:50.000;2026-08-08T03:41:50.000;23.77;13.52;1.41;19.95;20.32;49
2026-08-08T10:52:05.000;2026-08-08T03:52:05.000;23.53;13.23;1.29;20.04;20.32;50
2026-08-08T11:02:18.000;2026-08-08T04:02:18.000;23.36;12.56;1.43;19.93;20.32;51
2026-08-08T11:12:32.000;2026-08-08T04:12:32.000;23.08;12.35;1.32;20.02;20.32;52
2026-08-08T11:22:46.000;2026-08-08T04:22:46.000;23.31;13.65;1.59;19.82;20.32;53
2026-08-08T11:33:00.000;2026-08-08T04:33:00.000;23.52;10.4;2.38;19.38;20.32;54
2026-08-08T11:43:14.000;2026-08-08T04:43:14.000;23.17;7.5;2.74;19.23;20.32;55
2026-08-08T11:53:28.000;2026-08-08T04:53:28.000;22.11;3.59;5.26;18.52;20.32;56
2026-08-08T12:03:41.000;2026-08-08T05:03:41.000;20.92;1.34;21.93;16.97;20.32;57
2026-08-08T12:13:55.000;2026-08-08T05:13:55.000;21.05;1.23;187.36;14.64;20.32;58
2026-08-08T12:24:09.000;2026-08-08T05:24:09.000;20.92;1.39;2358.04;11.89;20.32;59
2026-08-09T02:30:39.000;2026-08-08T19:30:39.000;26.76;6.66;9173.05;10.41;20.32;1
2026-08-09T02:40:53.000;2026-08-08T19:40:53.000;26.59;6.46;630.98;13.32;20.32;2
2026-08-09T02:51:06.000;2026-08-08T19:51:06.000;26.78;6.96;61.36;15.85;20.32;3
2026-08-09T03:01:22.000;2026-08-08T20:01:22.000;26.61;7.04;8.89;17.95;20.32;4
2026-08-09T03:11:36.000;2026-08-08T20:11:36.000;26.43;6.73;1.73;19.72;20.32;5
2026-08-09T03:21:50.000;2026-08-08T20:21:50.000;26.47;7.06;0.48;21.11;20.32;6
2026-08-09T03:32:04.000;2026-08-08T20:32:04.000;26.24;7.11;0.35;21.44;20.32;7
2026-08-09T03:42:18.000;2026-08-08T20:42:18.000;26.62;7.65;0.41;21.28;20.32;8
2026-08-09T03:52:32.000;2026-08-08T20:52:32.000;26.2;7.3;0.29;21.67;20.32;9
2026-08-09T04:02:46.000;2026-08-08T21:02:46.000;25.26;7.35;0.29;21.65;20.32;10
2026-08-09T04:12:59.000;2026-08-08T21:12:59.000;25.27;7.17;0.3;21.62;20.32;11
2026-08-09T04:23:13.000;2026-08-08T21:23:13.000;24.24;5.75;0.3;21.63;20.32;12
2026-08-09T04:33:26.000;2026-08-08T21:33:26.000;23.7;5.8;0.3;21.62;20.32;13
2026-08-09T04:43:40.000;2026-08-08T21:43:40.000;23.53;5.61;0.37;21.41;20.32;14
2026-08-09T04:53:54.000;2026-08-08T21:53:54.000;23.15;5.74;0.37;21.41;20.32;15
2026-08-09T05:04:07.000;2026-08-08T22:04:07.000;23.63;5.93;0.31;21.59;20.32;16
2026-08-09T05:14:21.000;2026-08-08T22:14:21.000;23.61;5.93;0.38;21.37;20.32;17
2026-08-09T05:24:35.000;2026-08-08T22:24:35.000;24.12;5.69;0.38;21.36;20.32;18
2026-08-09T05:34:50.000;2026-08-08T22:34:50.000;23.97;5.74;0.32;21.55;20.32;19
2026-08-09T05:45:04.000;2026-08-08T22:45:04.000;24.1;5.93;0.39;21.34;20.32;20
2026-08-09T05:55:18.000;2026-08-08T22:55:18.000;23.88;6.24;0.33;21.51;20.32;21
2026-08-09T06:05:31.000;2026-08-08T23:05:31.000;23.76;8.74;0.46;21.16;20.32;22
2026-08-09T06:15:46.000;2026-08-08T23:15:46.000;23.75;9.54;0.33;21.51;20.32;23
2026-08-09T06:26:00.000;2026-08-08T23:26:00.000;23.56;8.25;0.44;21.21;20.32;24
2026-08-09T06:36:14.000;2026-08-08T23:36:14.000;24.72;8.59;0.38;21.38;20.32;25
2026-08-09T06:46:29.000;2026-08-08T23:46:29.000;25.49;8.48;0.47;21.15;20.32;26
2026-08-09T06:56:44.000;2026-08-08T23:56:44.000;25.76;9.63;0.45;21.18;20.32;27
2026-08-09T07:06:58.000;2026-08-09T00:06:58.000;25.37;9.41;0.45;21.18;20.32;28
2026-08-09T07:17:12.000;2026-08-09T00:17:12.000;24.85;6.97;0.3;21.63;20.32;29
2026-08-09T07:27:27.000;2026-08-09T00:27:27.000;24.32;5.53;0.26;21.77;20.32;30
2026-08-09T07:37:40.000;2026-08-09T00:37:40.000;23.18;5.16;0.31;21.6;20.32;31
2026-08-09T07:47:54.000;2026-08-09T00:47:54.000;22.87;4.88;0.3;21.63;20.32;32
2026-08-09T07:58:08.000;2026-08-09T00:58:08.000;22.8;4.44;0.25;21.84;20.32;33
2026-08-09T08:08:22.000;2026-08-09T01:08:22.000;22.21;4.3;0.29;21.66;20.32;34
2026-08-09T08:18:36.000;2026-08-09T01:18:36.000;21.84;4.57;0.22;21.96;20.32;35
2026-08-09T08:28:50.000;2026-08-09T01:28:50.000;21.91;4.49;0.29;21.66;20.32;36
2026-08-09T08:39:04.000;2026-08-09T01:39:04.000;21.91;4.44;0.2;22.09;20.32;37
2026-08-09T08:49:18.000;2026-08-09T01:49:18.000;21.98;4.17;0.29;21.66;20.32;38
2026-08-09T08:59:32.000;2026-08-09T01:59:32.000;21.84;4.07;0.25;21.84;20.32;39
2026-08-09T09:09:47.000;2026-08-09T02:09:47.000;21.48;4.36;0.25;21.83;20.32;40
2026-08-09T09:20:01.000;2026-08-09T02:20:01.000;21.6;4.05;0.25;21.82;20.32;41
2026-08-09T09:30:15.000;2026-08-09T02:30:15.000;21.39;3.93;0.31;21.6;20.32;42
2026-08-09T09:40:30.000;2026-08-09T02:40:30.000;21.44;3.85;0.26;21.79;20.32;43
2026-08-09T09:56:02.000;2026-08-09T02:56:02.000;21.96;3.22;0.48;21.13;20.32;44
2026-08-09T10:06:22.000;2026-08-09T03:06:22.000;21.78;3.55;0.36;21.42;20.32;45
2026-08-09T10:16:36.000;2026-08-09T03:16:36.000;21.34;3.67;0.35;21.45;20.32;46
2026-08-09T10:26:50.000;2026-08-09T03:26:50.000;21.11;3.64;0.31;21.58;20.32;47
2026-08-09T10:37:04.000;2026-08-09T03:37:04.000;20.7;3.55;0.31;21.58;20.32;48
2026-08-09T10:47:18.000;2026-08-09T03:47:18.000;20.15;2.81;0.3;21.64;20.32;49
2026-08-09T10:57:32.000;2026-08-09T03:57:32.000;20.14;3.3;0.3;21.63;20.32;50
2026-08-09T11:07:46.000;2026-08-09T04:07:46.000;19.99;2.72;0.31;21.6;20.32;51
2026-08-09T11:18:00.000;2026-08-09T04:18:00.000;19.83;2.47;0.39;21.35;20.32;52
2026-08-09T11:28:14.000;2026-08-09T04:28:14.000;19.84;2.37;0.44;21.22;20.32;53
2026-08-09T11:38:28.000;2026-08-09T04:38:28.000;19.34;2.42;0.56;20.95;20.32;54
2026-08-09T11:48:42.000;2026-08-09T04:48:42.000;18.6;2.63;1.93;19.61;20.32;55
2026-08-09T11:58:57.000;2026-08-09T04:58:57.000;18.39;2.64;8.84;17.95;20.32;56
2026-08-09T12:09:10.000;2026-08-09T05:09:10.000;18.05;2.28;59.68;15.88;20.32;57
2026-08-09T12:19:24.000;2026-08-09T05:19:24.000;17.64;2.23;609.64;13.36;20.32;58
2026-08-09T12:29:38.000;2026-08-09T05:29:38.000;17.37;2.38;8097.76;10.55;20.32;59
2026-08-10T02:25:10.000;2026-08-09T19:25:10.000;25.58;8.02;13695.11;9.98;20.32;1
2026-08-10T02:35:23.000;2026-08-09T19:35:23.000;25.58;8.26;1162.81;12.66;20.32;2
2026-08-10T02:45:38.000;2026-08-09T19:45:38.000;25.0;7.91;84.9;15.5;20.32;3
2026-08-10T02:55:51.000;2026-08-09T19:55:51.000;24.77;8.33;8.5;18.0;20.32;4
2026-08-10T03:06:07.000;2026-08-09T20:06:07.000;24.83;8.94;1.76;19.71;20.32;5
2026-08-10T03:16:21.000;2026-08-09T20:16:21.000;24.21;8.17;0.58;20.9;20.32;6
2026-08-10T03:26:37.000;2026-08-09T20:26:37.000;23.95;9.37;0.37;21.4;20.32;7
2026-08-10T03:36:51.000;2026-08-09T20:36:51.000;23.64;9.37;0.29;21.66;20.32;8
2026-08-10T03:47:04.000;2026-08-09T20:47:04.000;23.66;12.65;0.51;21.04;20.32;9
2026-08-10T03:57:19.000;2026-08-09T20:57:19.000;23.84;10.26;0.41;21.29;20.32;10
2026-08-10T04:07:33.000;2026-08-09T21:07:33.000;24.19;10.31;0.44;21.21;20.32;11
2026-08-10T04:17:47.000;2026-08-09T21:17:47.000;23.82;8.17;0.36;21.43;20.32;12
2026-08-10T04:28:02.000;2026-08-09T21:28:02.000;23.48;9.41;0.36;21.41;20.32;13
2026-08-10T04:38:16.000;2026-08-09T21:38:16.000;24.27;19.25;0.84;20.52;20.32;14
2026-08-10T04:58:44.000;2026-08-09T21:58:44.000;25.67;19.96;0.81;20.54;20.32;16
2026-08-10T05:08:59.000;2026-08-09T22:08:59.000;25.93;17.39;0.57;20.93;20.32;17
2026-08-10T05:19:13.000;2026-08-09T22:19:13.000;26.03;16.92;0.64;20.81;20.32;18
2026-08-10T05:29:27.000;2026-08-09T22:29:27.000;25.9;13.88;1.13;20.19;20.32;19
2026-08-10T05:39:41.000;2026-08-09T22:39:41.000;25.48;16.57;2.45;19.35;20.32;20
2026-08-10T05:49:55.000;2026-08-09T22:49:55.000;26.01;18.15;1.04;20.28;20.32;21
2026-08-10T06:00:10.000;2026-08-09T23:00:10.000;26.27;18.33;8.38;18.01;20.32;22
2026-08-10T06:10:25.000;2026-08-09T23:10:25.000;26.01;17.36;376.79;13.88;20.32;23
2026-08-10T06:20:39.000;2026-08-09T23:20:39.000;23.26;15.5;2.05;19.54;20.32;24
2026-08-10T06:30:52.000;2026-08-09T23:30:52.000;20.85;15.56;0.98;20.34;20.32;25
2026-08-10T06:41:06.000;2026-08-09T23:41:06.000;20.37;16.76;3087.92;11.6;20.32;26
2026-08-10T06:51:19.000;2026-08-09T23:51:19.000;20.87;15.69;1.69;19.75;20.32;27
2026-08-10T07:01:34.000;2026-08-10T00:01:34.000;21.72;10.35;1.36;19.99;20.32;28
2026-08-10T07:11:49.000;2026-08-10T00:11:49.000;20.51;7.84;0.93;20.4;20.32;29
2026-08-10T07:22:02.000;2026-08-10T00:22:02.000;20.0;7.14;0.92;20.41;20.32;30
2026-08-10T07:32:16.000;2026-08-10T00:32:16.000;19.32;6.19;0.55;20.97;20.32;31
2026-08-10T07:42:29.000;2026-08-10T00:42:29.000;19.22;4.91;0.55;20.97;20.32;32
2026-08-10T07:52:44.000;2026-08-10T00:52:44.000;19.11;4.47;0.33;21.53;20.32;33
2026-08-10T08:02:58.000;2026-08-10T01:02:58.000;18.93;3.74;0.34;21.49;20.32;34
2026-08-10T08:13:12.000;2026-08-10T01:13:12.000;18.79;3.82;0.36;21.44;20.32;35
2026-08-10T08:23:26.000;2026-08-10T01:23:26.000;19.22;4.55;0.33;21.51;20.32;36
2026-08-10T08:33:41.000;2026-08-10T01:33:41.000;19.41;3.8;0.32;21.54;20.32;37
2026-08-10T08:43:55.000;2026-08-10T01:43:55.000;19.02;3.43;0.33;21.51;20.32;38
2026-08-10T08:54:09.000;2026-08-10T01:54:09.000;19.35;3.4;0.36;21.43;20.32;39
2026-08-10T09:04:23.000;2026-08-10T02:04:23.000;19.14;4.2;0.32;21.55;20.32;40
2026-08-10T09:14:37.000;2026-08-10T02:14:37.000;18.94;3.65;0.36;21.43;20.32;41
2026-08-10T09:24:51.000;2026-08-10T02:24:51.000;18.44;3.59;0.26;21.78;20.32;42
2026-08-10T09:35:04.000;2026-08-10T02:35:04.000;18.64;3.47;0.32;21.56;20.32;43
2026-08-10T09:45:18.000;2026-08-10T02:45:18.000;18.09;3.58;0.19;22.1;20.32;44
2026-08-10T09:55:32.000;2026-08-10T02:55:32.000;18.05;3.89;0.19;22.15;20.32;45
2026-08-10T10:05:45.000;2026-08-10T03:05:45.000;18.3;4.03;0.19;22.15;20.32;46
2026-08-10T10:15:59.000;2026-08-10T03:15:59.000;18.25;3.45;0.28;21.7;20.32;47
2026-08-10T10:26:14.000;2026-08-10T03:26:14.000;18.54;4.0;0.28;21.7;20.32;48
2026-08-10T10:36:29.000;2026-08-10T03:36:29.000;19.7;3.72;0.21;22.01;20.32;49
2026-08-10T10:46:43.000;2026-08-10T03:46:43.000;19.44;3.59;0.24;21.88;20.32;50
2026-08-10T10:56:57.000;2026-08-10T03:56:57.000;18.55;3.11;0.24;21.86;20.32;51
2026-08-10T11:07:11.000;2026-08-10T04:07:11.000;18.11;3.23;0.31;21.58;20.32;52
2026-08-10T11:17:25.000;2026-08-10T04:17:25.000;17.94;3.44;0.3;21.62;20.32;53
2026-08-10T11:27:39.000;2026-08-10T04:27:39.000;18.27;3.49;0.29;21.66;20.32;54
2026-08-10T11:37:54.000;2026-08-10T04:37:54.000;18.06;3.65;0.51;21.04;20.32;55
2026-08-10T11:48:08.000;2026-08-10T04:48:08.000;17.9;3.59;1.19;20.13;20.32;56
2026-08-10T11:58:22.000;2026-08-10T04:58:22.000;17.59;3.31;6.45;18.3;20.32;57
2026-08-10T12:08:36.000;2026-08-10T05:08:36.000;17.99;3.23;44.68;16.19;20.32;58
2026-08-10T12:18:50.000;2026-08-10T05:18:50.000;18.63;3.1;463.04;13.66;20.32;59
2026-08-10T12:29:05.000;2026-08-10T05:29:05.000;18.47;3.31;5443.87;10.98;20.32;60
2026-08-11T02:33:11.000;2026-08-10T19:33:11.000;24.44;12.25;1583.21;12.32;20.32;2
2026-08-11T02:43:26.000;2026-08-10T19:43:26.000;24.9;9.12;131.04;15.03;20.32;3
2026-08-11T03:03:54.000;2026-08-10T20:03:54.000;24.87;9.26;2.74;19.22;20.32;5
2026-08-11T03:14:09.000;2026-08-10T20:14:09.000;24.38;9.6;0.94;20.39;20.32;6
2026-08-11T03:24:24.000;2026-08-10T20:24:24.000;24.42;9.71;0.52;21.02;20.32;7
2026-08-11T03:34:38.000;2026-08-10T20:34:38.000;23.87;9.01;0.67;20.76;20.32;8
2026-08-11T03:44:52.000;2026-08-10T20:44:52.000;23.29;9.69;0.57;20.93;20.32;9
2026-08-11T03:55:06.000;2026-08-10T20:55:06.000;22.99;8.3;0.45;21.18;20.32;10
2026-08-11T04:05:19.000;2026-08-10T21:05:19.000;22.8;10.29;0.49;21.09;20.32;11
2026-08-11T04:15:33.000;2026-08-10T21:15:33.000;23.24;11.27;0.67;20.76;20.32;12
2026-08-11T04:30:50.000;2026-08-10T21:30:50.000;23.64;12.95;1.13;20.18;20.32;13
2026-08-11T04:41:10.000;2026-08-10T21:41:10.000;24.29;16.71;1.19;20.13;20.32;14
2026-08-11T04:51:23.000;2026-08-10T21:51:23.000;23.7;16.66;1.19;20.13;20.32;15
2026-08-11T05:01:41.000;2026-08-10T22:01:41.000;23.16;14.9;0.82;20.53;20.32;16
2026-08-11T05:11:55.000;2026-08-10T22:11:55.000;23.3;10.78;0.66;20.78;20.32;17
2026-08-11T05:32:27.000;2026-08-10T22:32:27.000;22.59;10.32;0.7;20.7;20.32;19
2026-08-11T05:42:41.000;2026-08-10T22:42:41.000;22.07;6.96;0.54;21.0;20.32;20
2026-08-11T05:52:55.000;2026-08-10T22:52:55.000;21.86;6.78;0.37;21.41;20.32;21
2026-08-11T06:03:09.000;2026-08-10T23:03:09.000;22.12;6.41;0.42;21.26;20.32;22
2026-08-11T06:13:24.000;2026-08-10T23:13:24.000;21.77;5.88;0.34;21.48;20.32;23
2026-08-11T06:23:38.000;2026-08-10T23:23:38.000;21.16;5.53;0.39;21.33;20.32;24
2026-08-11T06:33:53.000;2026-08-10T23:33:53.000;21.19;5.38;0.39;21.35;20.32;25
2026-08-11T06:44:07.000;2026-08-10T23:44:07.000;20.42;5.52;0.42;21.27;20.32;26
2026-08-11T06:54:20.000;2026-08-10T23:54:20.000;20.58;5.54;0.37;21.39;20.32;27
2026-08-11T07:04:34.000;2026-08-11T00:04:34.000;20.33;5.6;0.32;21.55;20.32;28
2026-08-11T07:14:49.000;2026-08-11T00:14:49.000;20.38;5.11;0.35;21.45;20.32;29
2026-08-11T07:25:03.000;2026-08-11T00:25:03.000;19.78;4.98;0.32;21.55;20.32;30
2026-08-11T07:35:17.000;2026-08-11T00:35:17.000;19.36;5.05;0.29;21.65;20.32;31
2026-08-11T07:45:31.000;2026-08-11T00:45:31.000;18.94;5.1;0.35;21.44;20.32;32
2026-08-11T07:55:45.000;2026-08-11T00:55:45.000;18.91;5.63;0.28;21.72;20.32;33
2026-08-11T08:05:59.000;2026-08-11T01:05:59.000;19.2;5.87;0.3;21.64;20.32;34
2026-08-11T08:16:14.000;2026-08-11T01:16:14.000;19.45;8.59;0.43;21.24;20.32;35
2026-08-11T08:26:29.000;2026-08-11T01:26:29.000;20.33;17.61;0.52;21.02;20.32;36
2026-08-11T08:36:44.000;2026-08-11T01:36:44.000;21.57;18.71;0.72;20.68;20.32;37
2026-08-11T08:46:58.000;2026-08-11T01:46:58.000;22.83;18.86;3.42;18.98;20.32;38
2026-08-11T08:57:13.000;2026-08-11T01:57:13.000;23.21;18.93;6.23;18.33;20.32;39
2026-08-11T09:07:27.000;2026-08-11T02:07:27.000;20.57;15.99;77.76;15.59;20.32;40
2026-08-11T09:17:39.000;2026-08-11T02:17:39.000;17.51;16.16;1829.21;12.16;20.32;41
2026-08-11T09:27:51.000;2026-08-11T02:27:51.000;17.55;17.47;83.12;15.52;20.32;42
2026-08-11T09:38:05.000;2026-08-11T02:38:05.000;17.44;17.35;119.04;15.13;20.32;43
2026-08-11T09:48:18.000;2026-08-11T02:48:18.000;17.37;17.39;9.3;17.9;20.32;44
2026-08-11T09:58:32.000;2026-08-11T02:58:32.000;17.41;17.63;4.49;18.69;20.32;45
2026-08-11T10:08:47.000;2026-08-11T03:08:47.000;18.25;18.42;26.53;16.76;20.32;46
2026-08-11T10:19:02.000;2026-08-11T03:19:02.000;18.59;18.68;0.93;20.4;20.32;47
2026-08-11T10:29:16.000;2026-08-11T03:29:16.000;18.31;18.32;1.0;20.32;20.32;48
2026-08-11T10:39:30.000;2026-08-11T03:39:30.000;18.18;18.1;0.91;20.42;20.32;49
2026-08-11T10:49:44.000;2026-08-11T03:49:44.000;17.83;17.91;1.02;20.3;20.32;50
2026-08-11T10:59:59.000;2026-08-11T03:59:59.000;17.79;17.76;1.02;20.3;20.32;51
2026-08-11T11:10:13.000;2026-08-11T04:10:13.000;17.68;17.64;1.03;20.29;20.32;52
2026-08-11T11:20:28.000;2026-08-11T04:20:28.000;17.42;17.37;0.99;20.33;20.32;53
2026-08-11T11:30:42.000;2026-08-11T04:30:42.000;17.11;17.07;1.0;20.32;20.32;54
2026-08-11T11:40:56.000;2026-08-11T04:40:56.000;17.1;17.14;1.09;20.22;20.32;55
2026-08-11T11:51:10.000;2026-08-11T04:51:10.000;17.09;17.18;1.89;19.63;20.32;56
2026-08-11T12:01:23.000;2026-08-11T05:01:23.000;17.02;17.18;6.83;18.23;20.32;57
2026-08-11T12:11:37.000;2026-08-11T05:11:37.000;17.1;17.17;53.58;16.0;20.32;58
2026-08-11T12:21:51.000;2026-08-11T05:21:51.000;17.28;17.45;622.39;13.33;20.32;59
2026-08-11T12:32:05.000;2026-08-11T05:32:05.000;17.33;17.39;9067.02;10.43;20.32;60
2026-08-12T02:27:23.000;2026-08-11T19:27:23.000;26.23;9.91;10350.54;10.28;20.32;1
2026-08-12T02:37:38.000;2026-08-11T19:37:38.000;26.23;9.76;721.76;13.17;20.32;2
2026-08-12T02:47:52.000;2026-08-11T19:47:52.000;26.29;13.01;68.88;15.72;20.32;3
2026-08-12T02:58:07.000;2026-08-11T19:58:07.000;26.28;11.64;12.89;17.54;20.32;4
2026-08-12T03:08:21.000;2026-08-11T20:08:21.000;25.99;11.19;3.88;18.85;20.32;5
2026-08-12T03:18:35.000;2026-08-11T20:18:35.000;25.91;13.01;0.99;20.33;20.32;6
2026-08-12T03:28:49.000;2026-08-11T20:28:49.000;25.89;12.69;1.22;20.11;20.32;7
2026-08-12T03:39:03.000;2026-08-11T20:39:03.000;25.75;12.4;0.58;20.92;20.32;8
2026-08-12T03:49:17.000;2026-08-11T20:49:17.000;25.71;16.77;0.83;20.52;20.32;9
2026-08-12T03:59:31.000;2026-08-11T20:59:31.000;25.74;17.87;1.19;20.13;20.32;10
2026-08-12T04:09:45.000;2026-08-11T21:09:45.000;25.6;13.14;0.84;20.51;20.32;11
2026-08-12T04:19:59.000;2026-08-11T21:19:59.000;24.82;10.57;1.01;20.3;20.32;12
2026-08-12T04:30:13.000;2026-08-11T21:30:13.000;24.3;11.17;0.61;20.87;20.32;13
2026-08-12T04:40:27.000;2026-08-11T21:40:27.000;24.34;15.05;1.13;20.19;20.32;14
2026-08-12T04:50:40.000;2026-08-11T21:50:40.000;24.17;13.5;0.84;20.52;20.32;15
2026-08-12T05:00:54.000;2026-08-11T22:00:54.000;23.52;10.61;0.63;20.82;20.32;16
2026-08-12T05:11:08.000;2026-08-11T22:11:08.000;23.5;17.49;0.79;20.57;20.32;17
2026-08-12T05:21:22.000;2026-08-11T22:21:22.000;24.19;18.99;85.31;15.49;20.32;18
2026-08-12T05:31:37.000;2026-08-11T22:31:37.000;24.33;17.88;0.85;20.49;20.32;19
2026-08-12T05:41:50.000;2026-08-11T22:41:50.000;24.13;18.49;0.77;20.6;20.32;20
2026-08-12T05:52:04.000;2026-08-11T22:52:04.000;22.29;16.78;2.6;19.28;20.32;21
2026-08-12T06:02:17.000;2026-08-11T23:02:17.000;19.9;15.41;0.52;21.03;20.32;22
2026-08-12T06:12:30.000;2026-08-11T23:12:30.000;18.53;11.82;0.56;20.95;20.32;23
2026-08-12T06:22:43.000;2026-08-11T23:22:43.000;19.09;14.81;0.73;20.66;20.32;24
2026-08-12T06:32:57.000;2026-08-11T23:32:57.000;18.73;15.87;0.51;21.04;20.32;25
2026-08-12T06:43:12.000;2026-08-11T23:43:12.000;19.77;16.25;0.48;21.12;20.32;26
2026-08-12T06:53:26.000;2026-08-11T23:53:26.000;19.63;15.9;0.52;21.02;20.32;27
2026-08-12T07:03:39.000;2026-08-12T00:03:39.000;17.77;16.45;0.89;20.45;20.32;28
2026-08-12T07:13:52.000;2026-08-12T00:13:52.000;17.41;16.95;0.52;21.02;20.32;29
2026-08-12T07:24:06.000;2026-08-12T00:24:06.000;17.18;16.2;0.49;21.09;20.32;30
2026-08-12T07:34:21.000;2026-08-12T00:34:21.000;17.15;16.21;0.65;20.79;20.32;31
2026-08-12T07:44:35.000;2026-08-12T00:44:35.000;17.09;16.97;0.57;20.94;20.32;32
2026-08-12T07:54:50.000;2026-08-12T00:54:50.000;16.99;16.27;0.58;20.91;20.32;33
2026-08-12T08:05:04.000;2026-08-12T01:05:04.000;16.84;14.18;0.72;20.67;20.32;34
2026-08-12T08:15:18.000;2026-08-12T01:15:18.000;17.18;14.63;0.81;20.55;20.32;35
2026-08-12T08:25:32.000;2026-08-12T01:25:32.000;17.2;12.08;0.84;20.5;20.32;36
2026-08-12T08:35:46.000;2026-08-12T01:35:46.000;17.23;11.49;0.83;20.53;20.32;37
2026-08-12T08:46:00.000;2026-08-12T01:46:00.000;17.34;11.71;0.84;20.52;20.32;38
2026-08-12T08:56:15.000;2026-08-12T01:56:15.000;17.39;11.43;0.86;20.49;20.32;39
2026-08-12T09:06:29.000;2026-08-12T02:06:29.000;17.73;11.71;1.02;20.3;20.32;40
2026-08-12T09:16:43.000;2026-08-12T02:16:43.000;17.8;11.04;0.84;20.51;20.32;41
2026-08-12T09:26:57.000;2026-08-12T02:26:57.000;17.91;11.14;0.73;20.66;20.32;42
2026-08-12T09:37:11.000;2026-08-12T02:37:11.000;18.02;10.95;0.57;20.92;20.32;43
2026-08-12T09:47:25.000;2026-08-12T02:47:25.000;17.95;10.7;0.67;20.75;20.32;44
2026-08-12T09:57:38.000;2026-08-12T02:57:38.000;17.85;10.7;0.7;20.7;20.32;45
2026-08-12T10:07:51.000;2026-08-12T03:07:51.000;17.99;10.57;0.58;20.91;20.32;46
2026-08-12T10:18:05.000;2026-08-12T03:18:05.000;18.11;10.52;0.69;20.73;20.32;47
2026-08-12T10:28:20.000;2026-08-12T03:28:20.000;18.09;10.39;0.65;20.79;20.32;48
2026-08-12T10:38:34.000;2026-08-12T03:38:34.000;18.05;10.38;0.59;20.9;20.32;49
2026-08-12T10:48:48.000;2026-08-12T03:48:48.000;18.13;10.99;0.72;20.68;20.32;50
2026-08-12T10:59:02.000;2026-08-12T03:59:02.000;18.05;10.67;0.69;20.72;20.32;51
2026-08-12T11:09:17.000;2026-08-12T04:09:17.000;18.03;12.04;0.56;20.96;20.32;52
2026-08-12T11:19:31.000;2026-08-12T04:19:31.000;18.13;12.57;0.57;20.94;20.32;53
2026-08-12T11:29:45.000;2026-08-12T04:29:45.000;18.03;12.42;0.59;20.89;20.32;54
2026-08-12T11:39:59.000;2026-08-12T04:39:59.000;17.99;11.83;0.66;20.77;20.32;55
2026-08-12T11:50:13.000;2026-08-12T04:50:13.000;17.95;11.67;1.1;20.22;20.32;56
2026-08-12T12:00:27.000;2026-08-12T05:00:27.000;17.97;11.88;4.44;18.7;20.32;57
2026-08-12T12:10:42.000;2026-08-12T05:10:42.000;17.88;12.02;30.04;16.63;20.32;58
2026-08-12T12:20:56.000;2026-08-12T05:20:56.000;18.01;12.32;292.37;14.16;20.32;59
2026-08-12T12:31:10.000;2026-08-12T05:31:10.000;17.96;12.85;3517.2;11.45;20.32;60
2026-08-13T02:24:03.000;2026-08-12T19:24:03.000;21.44;5.11;10261.18;10.29;20.32;1
2026-08-13T02:34:17.000;2026-08-12T19:34:17.000;21.78;5.34;874.85;12.97;20.32;2
2026-08-13T02:44:31.000;2026-08-12T19:44:31.000;21.73;5.53;75.08;15.63;20.32;3
2026-08-13T02:54:45.000;2026-08-12T19:54:45.000;21.69;6.01;10.85;17.73;20.32;4
2026-08-13T03:04:59.000;2026-08-12T20:04:59.000;21.01;6.41;2.09;19.52;20.32;5
2026-08-13T03:15:13.000;2026-08-12T20:15:13.000;21.03;6.37;0.79;20.58;20.32;6
2026-08-13T03:25:27.000;2026-08-12T20:25:27.000;20.78;6.91;0.52;21.02;20.32;7
2026-08-13T03:35:41.000;2026-08-12T20:35:41.000;20.99;6.18;0.44;21.21;20.32;8
2026-08-13T03:45:56.000;2026-08-12T20:45:56.000;21.03;6.48;0.46;21.16;20.32;9
2026-08-13T03:56:10.000;2026-08-12T20:56:10.000;20.95;6.77;0.45;21.19;20.32;10
2026-08-13T04:06:24.000;2026-08-12T21:06:24.000;21.61;6.48;0.38;21.37;20.32;11
2026-08-13T04:16:39.000;2026-08-12T21:16:39.000;20.96;5.63;0.38;21.36;20.32;12
2026-08-13T04:26:53.000;2026-08-12T21:26:53.000;20.79;5.96;0.4;21.32;20.32;13
2026-08-13T04:37:07.000;2026-08-12T21:37:07.000;20.31;7.09;0.44;21.21;20.32;14
2026-08-13T04:47:21.000;2026-08-12T21:47:21.000;20.09;6.71;0.56;20.94;20.32;15
2026-08-13T04:57:35.000;2026-08-12T21:57:35.000;19.69;7.04;0.57;20.92;20.32;16
2026-08-13T05:07:49.000;2026-08-12T22:07:49.000;19.57;7.4;0.65;20.78;20.32;17
2026-08-13T05:18:03.000;2026-08-12T22:18:03.000;19.7;7.17;0.52;21.03;20.32;18
2026-08-13T05:28:20.000;2026-08-12T22:28:20.000;19.66;6.82;0.58;20.91;20.32;19
2026-08-13T05:38:33.000;2026-08-12T22:38:33.000;19.61;6.4;0.54;21.0;20.32;20
2026-08-13T05:48:47.000;2026-08-12T22:48:47.000;19.34;5.4;0.42;21.27;20.32;21
2026-08-13T05:59:01.000;2026-08-12T22:59:01.000;19.45;5.11;0.36;21.42;20.32;22
2026-08-13T06:09:15.000;2026-08-12T23:09:15.000;19.57;5.35;0.3;21.61;20.32;23
2026-08-13T06:19:29.000;2026-08-12T23:19:29.000;19.63;8.6;0.32;21.57;20.32;24
2026-08-13T06:29:43.000;2026-08-12T23:29:43.000;20.24;9.04;0.36;21.44;20.32;25
2026-08-13T06:39:57.000;2026-08-12T23:39:57.000;19.9;10.0;0.28;21.7;20.32;26
2026-08-13T06:50:11.000;2026-08-12T23:50:11.000;20.27;12.91;0.36;21.42;20.32;27
2026-08-13T07:00:25.000;2026-08-13T00:00:25.000;20.78;13.66;0.4;21.32;20.32;28
2026-08-13T07:10:39.000;2026-08-13T00:10:39.000;20.73;12.47;0.31;21.59;20.32;29
2026-08-13T07:20:53.000;2026-08-13T00:20:53.000;20.71;11.67;0.28;21.71;20.32;30
2026-08-13T07:31:08.000;2026-08-13T00:31:08.000;20.77;8.44;0.25;21.85;20.32;31
2026-08-13T07:41:22.000;2026-08-13T00:41:22.000;21.14;13.88;0.54;21.0;20.32;32
2026-08-13T07:51:37.000;2026-08-13T00:51:37.000;21.95;15.94;0.46;21.15;20.32;33
2026-08-13T08:01:51.000;2026-08-13T01:01:51.000;21.87;14.94;0.49;21.1;20.32;34
2026-08-13T08:12:04.000;2026-08-13T01:12:04.000;22.09;16.59;0.33;21.53;20.32;35
2026-08-13T08:22:19.000;2026-08-13T01:22:19.000;21.5;16.2;0.48;21.11;20.32;36
2026-08-13T08:32:32.000;2026-08-13T01:32:32.000;21.45;16.95;0.31;21.61;20.32;37
2026-08-13T08:42:46.000;2026-08-13T01:42:46.000;21.53;16.52;0.43;21.24;20.32;38
2026-08-13T08:53:00.000;2026-08-13T01:53:00.000;21.36;10.81;0.24;21.88;20.32;39
2026-08-13T09:03:14.000;2026-08-13T02:03:14.000;20.97;10.84;0.3;21.62;20.32;40
2026-08-13T09:13:29.000;2026-08-13T02:13:29.000;20.77;9.95;0.34;21.5;20.32;41
2026-08-13T09:23:43.000;2026-08-13T02:23:43.000;20.91;14.22;0.37;21.41;20.32;42
2026-08-13T09:33:58.000;2026-08-13T02:33:58.000;20.97;13.29;0.28;21.7;20.32;43
2026-08-13T09:44:12.000;2026-08-13T02:44:12.000;21.07;17.57;0.29;21.66;20.32;44
2026-08-13T09:54:27.000;2026-08-13T02:54:27.000;21.35;15.48;0.26;21.78;20.32;45
2026-08-13T10:04:41.000;2026-08-13T03:04:41.000;21.18;15.21;0.27;21.73;20.32;46
2026-08-13T10:14:55.000;2026-08-13T03:14:55.000;20.59;15.72;0.2;22.04;20.32;47
2026-08-13T10:25:08.000;2026-08-13T03:25:08.000;20.27;13.94;0.27;21.73;20.32;48
2026-08-13T10:35:23.000;2026-08-13T03:35:23.000;19.86;10.02;0.3;21.62;20.32;49
2026-08-13T10:45:38.000;2026-08-13T03:45:38.000;19.51;11.5;0.23;21.94;20.32;50
2026-08-13T10:55:52.000;2026-08-13T03:55:52.000;19.36;9.79;0.35;21.47;20.32;51
2026-08-13T11:06:06.000;2026-08-13T04:06:06.000;18.53;3.05;0.16;22.3;20.32;52
2026-08-13T11:16:20.000;2026-08-13T04:16:20.000;17.87;2.69;0.15;22.36;20.32;53
2026-08-13T11:26:34.000;2026-08-13T04:26:34.000;17.93;2.49;0.18;22.17;20.32;54
2026-08-13T11:36:49.000;2026-08-13T04:36:49.000;17.82;2.28;0.2;22.06;20.32;55
2026-08-13T11:47:03.000;2026-08-13T04:47:03.000;17.53;2.47;0.42;21.27;20.32;56
2026-08-13T11:57:17.000;2026-08-13T04:57:17.000;17.51;3.52;2.06;19.54;20.32;57
2026-08-13T12:07:31.000;2026-08-13T05:07:31.000;17.11;3.19;13.7;17.48;20.32;58
2026-08-13T12:17:45.000;2026-08-13T05:17:45.000;17.53;5.86;136.43;14.98;20.32;59
2026-08-13T12:27:59.000;2026-08-13T05:27:59.000;17.14;5.25;1734.24;12.22;20.32;60
2026-08-14T02:23:10.000;2026-08-13T19:23:10.000;20.04;19.0;11033.79;10.21;20.32;1
2026-08-14T02:33:23.000;2026-08-13T19:33:23.000;19.73;19.51;1441.09;12.42;20.32;2
2026-08-14T02:43:40.000;2026-08-13T19:43:40.000;19.46;19.43;108.95;15.23;20.32;3
2026-08-14T02:53:54.000;2026-08-13T19:53:54.000;19.37;19.31;13.13;17.52;20.32;4
2026-08-14T03:04:10.000;2026-08-13T20:04:10.000;19.17;19.12;2.5;19.33;20.32;5
2026-08-14T03:14:24.000;2026-08-13T20:14:24.000;18.85;18.81;0.93;20.4;20.32;6
2026-08-14T03:24:38.000;2026-08-13T20:24:38.000;18.87;18.79;0.77;20.6;20.32;7
2026-08-14T03:34:54.000;2026-08-13T20:34:54.000;18.71;18.73;0.63;20.83;20.32;8
2026-08-14T03:45:07.000;2026-08-13T20:45:07.000;18.57;18.57;0.48;21.11;20.32;9
2026-08-14T03:55:21.000;2026-08-13T20:55:21.000;18.43;18.45;0.45;21.19;20.32;10
2026-08-14T04:05:35.000;2026-08-13T21:05:35.000;18.39;18.37;0.48;21.11;20.32;11
2026-08-14T04:15:49.000;2026-08-13T21:15:49.000;18.27;18.29;0.43;21.24;20.32;12
2026-08-14T04:26:03.000;2026-08-13T21:26:03.000;18.31;18.22;0.47;21.15;20.32;13
2026-08-14T04:36:18.000;2026-08-13T21:36:18.000;18.12;18.13;0.59;20.89;20.32;14
2026-08-14T04:46:31.000;2026-08-13T21:46:31.000;18.31;18.33;0.71;20.69;20.32;15
2026-08-14T04:56:45.000;2026-08-13T21:56:45.000;18.25;17.93;0.59;20.89;20.32;16
2026-08-14T05:06:58.000;2026-08-13T22:06:58.000;18.27;16.64;0.62;20.84;20.32;17
2026-08-14T05:17:13.000;2026-08-13T22:17:13.000;18.47;13.68;0.51;21.06;20.32;18
2026-08-14T05:27:28.000;2026-08-13T22:27:28.000;18.58;10.47;0.5;21.07;20.32;19
2026-08-14T05:37:43.000;2026-08-13T22:37:43.000;18.52;8.1;0.41;21.28;20.32;20
2026-08-14T05:47:57.000;2026-08-13T22:47:57.000;18.47;8.48;0.51;21.04;20.32;21
2026-08-14T05:58:11.000;2026-08-13T22:58:11.000;18.46;6.99;0.4;21.3;20.32;22
2026-08-14T06:08:25.000;2026-08-13T23:08:25.000;18.13;5.37;0.35;21.44;20.32;23
2026-08-14T06:18:39.000;2026-08-13T23:18:39.000;18.42;6.82;0.39;21.35;20.32;24
2026-08-14T06:28:53.000;2026-08-13T23:28:53.000;18.75;8.07;0.4;21.32;20.32;25
2026-08-14T06:39:08.000;2026-08-13T23:39:08.000;18.74;8.75;0.35;21.47;20.32;26
2026-08-14T06:49:21.000;2026-08-13T23:49:21.000;18.53;6.1;0.34;21.5;20.32;27
2026-08-14T06:59:35.000;2026-08-13T23:59:35.000;18.51;5.22;0.38;21.36;20.32;28
2026-08-14T07:09:49.000;2026-08-14T00:09:49.000;18.18;5.03;0.3;21.64;20.32;29
2026-08-14T07:20:03.000;2026-08-14T00:20:03.000;18.15;6.43;0.41;21.3;20.32;30
2026-08-14T07:30:16.000;2026-08-14T00:30:16.000;18.21;4.61;0.3;21.64;20.32;31
2026-08-14T07:40:30.000;2026-08-14T00:40:30.000;18.2;5.24;0.28;21.7;20.32;32
2026-08-14T07:50:45.000;2026-08-14T00:50:45.000;18.51;8.07;0.34;21.49;20.32;33
2026-08-14T08:00:59.000;2026-08-14T01:00:59.000;18.72;9.99;0.36;21.43;20.32;34
2026-08-14T08:11:13.000;2026-08-14T01:11:13.000;19.02;11.54;0.36;21.44;20.32;35
2026-08-14T08:21:27.000;2026-08-14T01:21:27.000;19.11;13.09;0.55;20.96;20.32;36
2026-08-14T08:31:41.000;2026-08-14T01:31:41.000;19.14;13.72;0.49;21.09;20.32;37
2026-08-14T08:41:55.000;2026-08-14T01:41:55.000;19.35;13.76;0.51;21.06;20.32;38
2026-08-14T08:52:08.000;2026-08-14T01:52:08.000;19.46;13.25;0.64;20.81;20.32;39
2026-08-14T09:02:22.000;2026-08-14T02:02:22.000;19.49;12.5;0.61;20.85;20.32;40
2026-08-14T09:12:36.000;2026-08-14T02:12:36.000;19.35;12.05;0.57;20.92;20.32;41
2026-08-14T09:22:50.000;2026-08-14T02:22:50.000;19.24;12.63;0.47;21.13;20.32;42
2026-08-14T09:33:05.000;2026-08-14T02:33:05.000;19.21;11.74;0.58;20.91;20.32;43
2026-08-14T09:43:19.000;2026-08-14T02:43:19.000;19.03;7.54;0.2;22.09;20.32;44
2026-08-14T09:53:32.000;2026-08-14T02:53:32.000;18.72;4.4;0.31;21.58;20.32;45
2026-08-14T10:03:46.000;2026-08-14T03:03:46.000;18.77;2.4;0.19;22.1;20.32;46
2026-08-14T10:14:00.000;2026-08-14T03:14:00.000;18.75;1.89;0.15;22.36;20.32;47
2026-08-14T10:24:14.000;2026-08-14T03:24:14.000;18.68;1.77;0.11;22.69;20.32;48
2026-08-14T10:34:28.000;2026-08-14T03:34:28.000;18.5;1.68;0.2;22.05;20.32;49
2026-08-14T10:44:42.000;2026-08-14T03:44:42.000;18.24;1.79;0.14;22.48;20.32;50
2026-08-14T10:54:55.000;2026-08-14T03:54:55.000;18.25;1.73;0.12;22.67;20.32;51
2026-08-14T11:05:09.000;2026-08-14T04:05:09.000;18.07;2.14;0.2;22.09;20.32;52
2026-08-14T11:15:23.000;2026-08-14T04:15:23.000;17.55;1.84;0.16;22.32;20.32;53
2026-08-14T11:25:36.000;2026-08-14T04:25:36.000;17.44;2.01;0.2;22.06;20.32;54
2026-08-14T11:35:50.000;2026-08-14T04:35:50.000;17.44;2.14;0.27;21.73;20.32;55
2026-08-14T11:46:03.000;2026-08-14T04:46:03.000;17.78;1.78;0.48;21.13;20.32;56
2026-08-14T11:56:17.000;2026-08-14T04:56:17.000;17.85;1.87;2.33;19.4;20.32;57
2026-08-14T12:06:32.000;2026-08-14T05:06:32.000;18.1;1.7;13.84;17.47;20.32;58
2026-08-14T12:16:45.000;2026-08-14T05:16:45.000;18.3;1.78;119.4;15.13;20.32;59
2026-08-14T12:27:00.000;2026-08-14T05:27:00.000;18.31;2.23;1619.34;12.3;20.32;60
2026-08-15T02:25:08.000;2026-08-14T19:25:08.000;22.17;5.45;8131.5;10.54;20.32;1
2026-08-15T02:35:22.000;2026-08-14T19:35:22.000;22.35;6.85;613.03;13.35;20.32;2
2026-08-15T02:45:35.000;2026-08-14T19:45:35.000;22.46;8.51;81.01;15.55;20.32;3
2026-08-15T02:55:50.000;2026-08-14T19:55:50.000;22.63;10.07;10.24;17.79;20.32;4
2026-08-15T03:06:04.000;2026-08-14T20:06:04.000;22.4;6.72;1.79;19.69;20.32;5
2026-08-15T03:16:17.000;2026-08-14T20:16:17.000;22.38;7.74;0.8;20.56;20.32;6
2026-08-15T03:26:32.000;2026-08-14T20:26:32.000;21.76;4.34;0.31;21.6;20.32;7
2026-08-15T03:36:46.000;2026-08-14T20:36:46.000;21.4;3.9;0.34;21.48;20.32;8
2026-08-15T03:47:00.000;2026-08-14T20:47:00.000;21.18;3.94;0.34;21.48;20.32;9
2026-08-15T03:57:15.000;2026-08-14T20:57:15.000;21.17;4.56;0.38;21.38;20.32;10
2026-08-15T04:07:29.000;2026-08-14T21:07:29.000;21.07;5.76;0.41;21.28;20.32;11
2026-08-15T04:17:46.000;2026-08-14T21:17:46.000;20.73;6.11;0.4;21.3;20.32;12
2026-08-15T04:28:00.000;2026-08-14T21:28:00.000;20.91;4.48;0.44;21.2;20.32;13
2026-08-15T04:38:14.000;2026-08-14T21:38:14.000;20.79;3.93;0.37;21.39;20.32;14
2026-08-15T04:53:45.000;2026-08-14T21:53:45.000;21.36;2.96;0.55;20.98;20.32;15
2026-08-15T05:04:04.000;2026-08-14T22:04:04.000;21.14;2.8;0.44;21.2;20.32;16
2026-08-15T05:14:17.000;2026-08-14T22:14:17.000;20.32;2.71;0.33;21.54;20.32;17
2026-08-15T05:24:31.000;2026-08-14T22:24:31.000;19.56;2.67;0.39;21.33;20.32;18
2026-08-15T05:34:44.000;2026-08-14T22:34:44.000;19.64;2.28;0.47;21.13;20.32;19
2026-08-15T05:44:58.000;2026-08-14T22:44:58.000;19.31;2.19;0.39;21.34;20.32;20
2026-08-15T06:00:30.000;2026-08-14T23:00:30.000;19.79;1.95;0.59;20.9;20.32;21
2026-08-15T06:10:48.000;2026-08-14T23:10:48.000;19.86;2.5;0.4;21.32;20.32;22
2026-08-15T06:21:01.000;2026-08-14T23:21:01.000;20.11;3.63;0.43;21.24;20.32;23
2026-08-15T06:31:15.000;2026-08-14T23:31:15.000;20.66;5.79;0.32;21.56;20.32;24
2026-08-15T06:41:31.000;2026-08-14T23:41:31.000;21.04;6.86;0.38;21.37;20.32;25
2026-08-15T06:51:45.000;2026-08-14T23:51:45.000;20.83;7.82;0.42;21.27;20.32;26
2026-08-15T07:02:00.000;2026-08-15T00:02:00.000;20.51;9.1;0.43;21.23;20.32;27
2026-08-15T07:12:13.000;2026-08-15T00:12:13.000;20.82;11.27;0.52;21.02;20.32;28
2026-08-15T07:22:28.000;2026-08-15T00:22:28.000;20.84;10.94;0.64;20.81;20.32;29
2026-08-15T07:32:41.000;2026-08-15T00:32:41.000;20.54;11.18;0.53;21.02;20.32;30
2026-08-15T07:42:54.000;2026-08-15T00:42:54.000;20.49;11.07;0.62;20.83;20.32;31
2026-08-15T07:53:09.000;2026-08-15T00:53:09.000;20.41;11.7;0.53;21.01;20.32;32
2026-08-15T08:03:28.000;2026-08-15T01:03:28.000;20.54;12.22;0.57;20.94;20.32;33
2026-08-15T08:13:43.000;2026-08-15T01:13:43.000;20.75;11.36;0.6;20.88;20.32;34
2026-08-15T08:23:56.000;2026-08-15T01:23:56.000;20.97;11.19;0.57;20.93;20.32;35
2026-08-15T08:34:10.000;2026-08-15T01:34:10.000;20.94;10.36;0.45;21.19;20.32;36
2026-08-15T08:44:25.000;2026-08-15T01:44:25.000;20.73;9.07;0.41;21.28;20.32;37
2026-08-15T08:54:39.000;2026-08-15T01:54:39.000;20.57;8.58;0.39;21.35;20.32;38
2026-08-15T09:04:53.000;2026-08-15T02:04:53.000;20.08;8.59;0.39;21.34;20.32;39
2026-08-15T09:15:07.000;2026-08-15T02:15:07.000;19.62;8.34;0.39;21.35;20.32;40
2026-08-15T09:25:21.000;2026-08-15T02:25:21.000;19.66;9.05;0.39;21.35;20.32;41
2026-08-15T09:35:35.000;2026-08-15T02:35:35.000;19.64;6.68;0.36;21.44;20.32;42
2026-08-15T09:45:48.000;2026-08-15T02:45:48.000;18.92;3.96;0.32;21.57;20.32;43
2026-08-15T09:56:03.000;2026-08-15T02:56:03.000;19.15;2.96;0.25;21.84;20.32;44
2026-08-15T10:11:34.000;2026-08-15T03:11:34.000;19.55;2.26;0.43;21.23;20.32;45
2026-08-15T10:21:53.000;2026-08-15T03:21:53.000;19.55;3.49;0.27;21.73;20.32;46
2026-08-15T10:32:06.000;2026-08-15T03:32:06.000;18.77;5.5;0.33;21.54;20.32;47
2026-08-15T10:42:20.000;2026-08-15T03:42:20.000;18.91;6.73;0.43;21.23;20.32;48
2026-08-15T10:52:34.000;2026-08-15T03:52:34.000;18.56;7.05;0.31;21.61;20.32;49
2026-08-15T11:02:48.000;2026-08-15T04:02:48.000;18.87;7.87;0.39;21.33;20.32;50
2026-08-15T11:13:03.000;2026-08-15T04:13:03.000;19.04;7.25;0.38;21.38;20.32;51
2026-08-15T11:23:16.000;2026-08-15T04:23:16.000;19.19;6.23;0.3;21.61;20.32;52
2026-08-15T11:33:30.000;2026-08-15T04:33:30.000;19.02;6.29;0.4;21.31;20.32;53
2026-08-15T11:43:45.000;2026-08-15T04:43:45.000;18.94;3.98;0.64;20.8;20.32;54
2026-08-15T11:53:59.000;2026-08-15T04:53:59.000;18.47;2.29;2.45;19.35;20.32;55
2026-08-15T12:04:13.000;2026-08-15T05:04:13.000;18.08;2.04;12.66;17.56;20.32;56
2026-08-15T12:14:26.000;2026-08-15T05:14:26.000;17.47;1.53;98.5;15.34;20.32;57
2026-08-15T12:24:40.000;2026-08-15T05:24:40.000;17.0;1.71;999.25;12.82;20.32;58
2026-08-16T02:22:42.000;2026-08-15T19:22:42.000;22.62;5.01;9441.64;10.38;20.32;1
2026-08-16T02:32:56.000;2026-08-15T19:32:56.000;22.54;5.32;648.57;13.29;20.32;2
2026-08-16T02:43:10.000;2026-08-15T19:43:10.000;22.37;4.95;54.87;15.97;20.32;3
2026-08-16T02:53:24.000;2026-08-15T19:53:24.000;22.75;5.06;7.32;18.16;20.32;4
2026-08-16T03:03:38.000;2026-08-15T20:03:38.000;23.01;4.65;1.5;19.88;20.32;5
2026-08-16T03:13:52.000;2026-08-15T20:13:52.000;23.41;5.66;0.51;21.06;20.32;6
2026-08-16T03:24:06.000;2026-08-15T20:24:06.000;23.54;5.54;0.41;21.29;20.32;7
2026-08-16T03:34:21.000;2026-08-15T20:34:21.000;22.52;5.0;0.33;21.53;20.32;8
2026-08-16T03:44:35.000;2026-08-15T20:44:35.000;22.3;5.17;0.38;21.38;20.32;9
2026-08-16T03:54:48.000;2026-08-15T20:54:48.000;22.33;5.33;0.42;21.27;20.32;10
2026-08-16T04:15:16.000;2026-08-15T21:15:16.000;22.29;4.27;0.29;21.65;20.32;12
2026-08-16T04:25:31.000;2026-08-15T21:25:31.000;22.22;4.35;0.41;21.3;20.32;13
2026-08-16T04:35:45.000;2026-08-15T21:35:45.000;22.1;3.81;0.3;21.63;20.32;14
2026-08-16T04:45:59.000;2026-08-15T21:45:59.000;21.61;4.46;0.32;21.57;20.32;15
2026-08-16T04:56:16.000;2026-08-15T21:56:16.000;21.39;4.8;0.5;21.08;20.32;16
2026-08-16T05:06:31.000;2026-08-15T22:06:31.000;21.44;6.35;0.52;21.04;20.32;17
2026-08-16T05:16:45.000;2026-08-15T22:16:45.000;21.26;5.41;0.53;21.01;20.32;18
2026-08-16T05:27:02.000;2026-08-15T22:27:02.000;20.91;4.51;0.43;21.23;20.32;19
2026-08-16T05:37:17.000;2026-08-15T22:37:17.000;20.65;4.78;0.49;21.11;20.32;20
2026-08-16T05:47:31.000;2026-08-15T22:47:31.000;20.75;4.72;0.51;21.05;20.32;21
2026-08-16T05:57:46.000;2026-08-15T22:57:46.000;20.49;5.4;0.45;21.18;20.32;22
2026-08-16T06:07:59.000;2026-08-15T23:07:59.000;20.44;5.05;0.5;21.08;20.32;23
2026-08-16T06:18:14.000;2026-08-15T23:18:14.000;19.98;4.16;0.37;21.39;20.32;24
2026-08-16T06:28:28.000;2026-08-15T23:28:28.000;19.86;3.51;0.35;21.45;20.32;25
2026-08-16T06:38:41.000;2026-08-15T23:38:41.000;19.79;3.33;0.3;21.62;20.32;26
2026-08-16T06:48:56.000;2026-08-15T23:48:56.000;20.36;3.62;0.36;21.42;20.32;27
2026-08-16T06:59:14.000;2026-08-15T23:59:14.000;20.51;3.93;0.28;21.72;20.32;28
2026-08-16T07:09:29.000;2026-08-16T00:09:29.000;20.17;2.91;0.25;21.84;20.32;29
2026-08-16T07:19:43.000;2026-08-16T00:19:43.000;19.97;2.86;0.24;21.88;20.32;30
2026-08-16T07:29:57.000;2026-08-16T00:29:57.000;19.83;2.64;0.28;21.69;20.32;31
2026-08-16T07:40:11.000;2026-08-16T00:40:11.000;19.62;2.43;0.23;21.9;20.32;32
2026-08-16T07:50:27.000;2026-08-16T00:50:27.000;19.8;2.52;0.18;22.17;20.32;33
2026-08-16T08:00:43.000;2026-08-16T01:00:43.000;19.33;2.71;0.18;22.16;20.32;34
2026-08-16T08:10:56.000;2026-08-16T01:10:56.000;19.42;2.6;0.23;21.94;20.32;35
2026-08-16T08:31:25.000;2026-08-16T01:31:25.000;19.13;2.11;0.17;22.24;20.32;37
2026-08-16T08:41:39.000;2026-08-16T01:41:39.000;19.24;1.86;0.21;22.0;20.32;38
2026-08-16T08:51:53.000;2026-08-16T01:51:53.000;18.88;1.93;0.12;22.6;20.32;39
2026-08-16T09:02:08.000;2026-08-16T02:02:08.000;18.81;2.11;0.16;22.29;20.32;40
2026-08-16T09:12:23.000;2026-08-16T02:12:23.000;19.14;1.82;0.2;22.06;20.32;41
2026-08-16T09:22:36.000;2026-08-16T02:22:36.000;18.97;1.45;0.16;22.3;20.32;42
2026-08-16T09:32:50.000;2026-08-16T02:32:50.000;18.46;1.72;0.18;22.2;20.32;43
2026-08-16T09:43:04.000;2026-08-16T02:43:04.000;18.87;1.65;0.24;21.89;20.32;44
2026-08-16T09:53:19.000;2026-08-16T02:53:19.000;18.97;1.47;0.12;22.64;20.32;45
2026-08-16T10:03:33.000;2026-08-16T03:03:33.000;18.73;0.95;0.12;22.64;20.32;46
2026-08-16T10:13:48.000;2026-08-16T03:13:48.000;18.29;0.97;0.16;22.33;20.32;47
2026-08-16T10:24:02.000;2026-08-16T03:24:02.000;18.1;1.21;0.12;22.63;20.32;48
2026-08-16T10:34:16.000;2026-08-16T03:34:16.000;17.62;1.49;0.16;22.31;20.32;49
2026-08-16T10:44:30.000;2026-08-16T03:44:30.000;17.25;1.88;0.2;22.07;20.32;50
2026-08-16T10:54:44.000;2026-08-16T03:54:44.000;17.73;1.95;0.2;22.08;20.32;51
2026-08-16T11:04:57.000;2026-08-16T04:04:57.000;17.61;1.93;0.16;22.31;20.32;52
2026-08-16T11:15:11.000;2026-08-16T04:15:11.000;17.93;1.94;0.22;21.98;20.32;53
2026-08-16T11:25:25.000;2026-08-16T04:25:25.000;17.3;2.09;0.22;21.98;20.32;54
2026-08-16T11:35:40.000;2026-08-16T04:35:40.000;17.89;2.42;0.23;21.9;20.32;55
2026-08-16T11:45:54.000;2026-08-16T04:45:54.000;18.32;1.78;0.44;21.2;20.32;56
2026-08-16T11:56:10.000;2026-08-16T04:56:10.000;18.43;1.4;1.99;19.57;20.32;57
2026-08-16T12:06:27.000;2026-08-16T05:06:27.000;18.22;1.02;11.5;17.67;20.32;58
2026-08-16T12:16:41.000;2026-08-16T05:16:41.000;18.25;1.19;87.34;15.47;20.32;59
2026-08-16T12:26:55.000;2026-08-16T05:26:55.000;17.9;1.12;1165.77;12.65;20.32;60
2026-08-17T02:23:27.000;2026-08-16T19:23:27.000;25.26;6.3;7632.05;10.61;20.32;1
2026-08-17T02:33:44.000;2026-08-16T19:33:44.000;24.9;6.2;466.22;13.65;20.32;2
2026-08-17T02:44:02.000;2026-08-16T19:44:02.000;24.91;5.93;45.94;16.16;20.32;3
2026-08-17T02:54:15.000;2026-08-16T19:54:15.000;24.49;5.65;6.55;18.28;20.32;4
2026-08-17T03:04:31.000;2026-08-16T20:04:31.000;24.39;5.55;1.38;19.97;20.32;5
2026-08-17T03:14:45.000;2026-08-16T20:14:45.000;24.15;5.35;0.45;21.19;20.32;6
2026-08-17T03:24:59.000;2026-08-16T20:24:59.000;24.0;5.2;0.36;21.44;20.32;7
2026-08-17T03:35:12.000;2026-08-16T20:35:12.000;23.75;5.19;0.28;21.69;20.32;8
2026-08-17T03:45:27.000;2026-08-16T20:45:27.000;23.71;5.13;0.34;21.49;20.32;9
2026-08-17T03:55:41.000;2026-08-16T20:55:41.000;23.61;5.27;0.4;21.32;20.32;10
2026-08-17T04:06:00.000;2026-08-16T21:06:00.000;23.35;4.89;0.34;21.48;20.32;11
2026-08-17T04:16:17.000;2026-08-16T21:16:17.000;23.38;5.08;0.34;21.49;20.32;12
2026-08-17T04:26:33.000;2026-08-16T21:26:33.000;23.26;4.7;0.29;21.68;20.32;13
2026-08-17T04:36:46.000;2026-08-16T21:36:46.000;23.17;4.63;0.35;21.46;20.32;14
2026-08-17T04:47:03.000;2026-08-16T21:47:03.000;22.96;4.54;0.3;21.64;20.32;15
2026-08-17T05:07:35.000;2026-08-16T22:07:35.000;22.75;4.71;0.31;21.6;20.32;17
2026-08-17T05:23:17.000;2026-08-16T22:23:17.000;23.54;4.13;0.56;20.96;20.32;18
2026-08-17T05:33:37.000;2026-08-16T22:33:37.000;23.55;4.68;0.31;21.59;20.32;19
2026-08-17T05:49:17.000;2026-08-16T22:49:17.000;23.58;4.36;0.54;20.98;20.32;20
2026-08-17T05:59:45.000;2026-08-16T22:59:45.000;23.72;4.42;0.29;21.66;20.32;21
2026-08-17T06:10:09.000;2026-08-16T23:10:09.000;23.04;4.56;0.34;21.5;20.32;22
2026-08-17T06:20:26.000;2026-08-16T23:20:26.000;22.61;4.77;0.33;21.53;20.32;23
2026-08-17T06:30:51.000;2026-08-16T23:30:51.000;22.58;4.64;0.27;21.74;20.32;24
2026-08-17T06:41:06.000;2026-08-16T23:41:06.000;22.39;4.26;0.32;21.55;20.32;25
2026-08-17T07:01:41.000;2026-08-17T00:01:41.000;22.23;4.24;0.21;22.03;20.32;27
2026-08-17T07:11:58.000;2026-08-17T00:11:58.000;22.34;4.41;0.25;21.81;20.32;28
2026-08-17T07:22:28.000;2026-08-17T00:22:28.000;22.04;4.42;0.3;21.63;20.32;29
2026-08-17T07:43:09.000;2026-08-17T00:43:09.000;21.4;4.62;0.24;21.86;20.32;31
2026-08-17T08:09:09.000;2026-08-17T01:09:09.000;22.03;4.3;0.24;21.89;20.32;33
2026-08-17T08:19:23.000;2026-08-17T01:19:23.000;21.38;4.42;0.19;22.13;20.32;34
2026-08-17T08:29:36.000;2026-08-17T01:29:36.000;21.0;4.53;0.29;21.67;20.32;35
2026-08-18T02:22:45.000;2026-08-17T19:22:45.000;28.1;12.68;8947.25;10.44;20.32;1
2026-08-18T02:32:59.000;2026-08-17T19:32:59.000;28.27;15.52;1740.83;12.22;20.32;2
2026-08-18T02:43:13.000;2026-08-17T19:43:13.000;28.65;18.82;271.56;14.24;20.32;3
2026-08-18T02:53:27.000;2026-08-17T19:53:27.000;29.03;19.06;18.3;17.16;20.32;4
2026-08-18T03:03:41.000;2026-08-17T20:03:41.000;28.33;17.4;4.41;18.71;20.32;5
2026-08-18T03:13:58.000;2026-08-17T20:13:58.000;28.42;13.66;1.06;20.26;20.32;6
2026-08-18T03:24:14.000;2026-08-17T20:24:14.000;28.18;11.54;0.6;20.88;20.32;7
2026-08-18T03:34:27.000;2026-08-17T20:34:27.000;27.47;9.46;0.44;21.2;20.32;8
2026-08-18T03:44:41.000;2026-08-17T20:44:41.000;26.93;12.46;0.85;20.5;20.32;9
2026-08-18T03:54:55.000;2026-08-17T20:54:55.000;27.23;17.73;1.13;20.19;20.32;10
2026-08-18T04:05:09.000;2026-08-17T21:05:09.000;27.56;19.74;1.42;19.94;20.32;11
2026-08-18T04:15:24.000;2026-08-17T21:15:24.000;28.8;18.42;0.97;20.36;20.32;12
2026-08-18T04:25:40.000;2026-08-17T21:25:40.000;28.21;18.47;0.98;20.34;20.32;13
2026-08-18T04:35:57.000;2026-08-17T21:35:57.000;27.67;13.51;0.88;20.46;20.32;14
2026-08-18T04:46:10.000;2026-08-17T21:46:10.000;27.17;14.68;0.58;20.9;20.32;15
2026-08-18T04:56:24.000;2026-08-17T21:56:24.000;27.97;16.84;0.78;20.58;20.32;16
2026-08-18T05:06:39.000;2026-08-17T22:06:39.000;28.62;9.77;0.52;21.03;20.32;17
2026-08-18T05:16:53.000;2026-08-17T22:16:53.000;28.03;6.95;0.32;21.54;20.32;18
2026-08-18T05:27:07.000;2026-08-17T22:27:07.000;27.0;7.92;0.39;21.34;20.32;19
2026-08-18T05:37:20.000;2026-08-17T22:37:20.000;26.43;6.83;0.4;21.31;20.32;20
2026-08-18T05:47:34.000;2026-08-17T22:47:34.000;25.56;8.21;0.37;21.39;20.32;21
2026-08-18T05:57:47.000;2026-08-17T22:57:47.000;25.31;7.4;0.38;21.36;20.32;22
2026-08-18T06:08:02.000;2026-08-17T23:08:02.000;26.03;7.42;0.37;21.41;20.32;23
2026-08-18T06:18:16.000;2026-08-17T23:18:16.000;27.01;9.61;0.33;21.54;20.32;24
2026-08-18T06:28:30.000;2026-08-17T23:28:30.000;27.52;8.31;0.29;21.66;20.32;25
2026-08-18T06:38:45.000;2026-08-17T23:38:45.000;27.33;7.39;0.41;21.29;20.32;26
2026-08-18T06:48:59.000;2026-08-17T23:48:59.000;26.96;6.48;0.21;22.0;20.32;27
2026-08-18T06:59:17.000;2026-08-17T23:59:17.000;26.89;6.15;0.26;21.8;20.32;28
2026-08-18T07:09:31.000;2026-08-18T00:09:31.000;26.62;5.35;0.25;21.82;20.32;29
2026-08-18T07:19:45.000;2026-08-18T00:19:45.000;26.08;5.67;0.25;21.83;20.32;30
2026-08-18T07:29:59.000;2026-08-18T00:29:59.000;25.52;4.74;0.29;21.65;20.32;31
2026-08-18T07:40:13.000;2026-08-18T00:40:13.000;24.61;4.94;0.24;21.88;20.32;32
2026-08-18T07:50:27.000;2026-08-18T00:50:27.000;25.17;5.2;0.23;21.92;20.32;33
2026-08-18T08:00:41.000;2026-08-18T01:00:41.000;24.96;5.46;0.18;22.19;20.32;34
2026-08-18T08:10:55.000;2026-08-18T01:10:55.000;25.01;4.98;0.18;22.2;20.32;35
2026-08-18T08:21:09.000;2026-08-18T01:21:09.000;25.3;5.09;0.13;22.53;20.32;36
2026-08-18T08:31:23.000;2026-08-18T01:31:23.000;24.94;4.99;0.17;22.24;20.32;37
2026-08-18T08:41:37.000;2026-08-18T01:41:37.000;24.91;4.84;0.17;22.24;20.32;38
2026-08-18T08:51:51.000;2026-08-18T01:51:51.000;24.46;5.03;0.23;21.92;20.32;39
2026-08-18T09:02:06.000;2026-08-18T02:02:06.000;24.67;4.51;0.17;22.26;20.32;40
2026-08-18T09:12:20.000;2026-08-18T02:12:20.000;24.36;4.64;0.25;21.81;20.32;41
2026-08-18T09:22:34.000;2026-08-18T02:22:34.000;24.38;4.84;0.17;22.25;20.32;42
2026-08-18T09:32:48.000;2026-08-18T02:32:48.000;23.51;3.99;0.21;22.01;20.32;43
2026-08-18T09:43:02.000;2026-08-18T02:43:02.000;23.78;4.06;0.25;21.81;20.32;44
2026-08-18T09:53:16.000;2026-08-18T02:53:16.000;23.5;3.99;0.25;21.82;20.32;45
2026-08-18T10:03:30.000;2026-08-18T03:03:30.000;23.23;3.61;0.17;22.27;20.32;46
2026-08-18T10:13:44.000;2026-08-18T03:13:44.000;22.9;3.8;0.25;21.83;20.32;47
2026-08-18T10:23:58.000;2026-08-18T03:23:58.000;22.99;4.16;0.13;22.58;20.32;48
2026-08-18T10:34:12.000;2026-08-18T03:34:12.000;22.97;5.43;0.21;22.01;20.32;49
2026-08-18T10:44:26.000;2026-08-18T03:44:26.000;23.39;4.42;0.17;22.24;20.32;50
2026-08-18T10:54:40.000;2026-08-18T03:54:40.000;22.33;4.77;0.22;21.98;20.32;51
2026-08-18T11:04:53.000;2026-08-18T04:04:53.000;21.78;3.85;0.13;22.54;20.32;52
2026-08-18T11:15:07.000;2026-08-18T04:15:07.000;21.46;4.33;0.22;21.97;20.32;53
2026-08-18T11:25:21.000;2026-08-18T04:25:21.000;21.65;4.08;0.22;21.95;20.32;54
2026-08-18T11:35:35.000;2026-08-18T04:35:35.000;21.97;3.97;0.29;21.67;20.32;55
2026-08-18T11:45:50.000;2026-08-18T04:45:50.000;22.46;4.02;0.45;21.18;20.32;56
2026-08-18T11:56:04.000;2026-08-18T04:56:04.000;22.55;4.0;2.06;19.53;20.32;57
2026-08-18T12:06:18.000;2026-08-18T05:06:18.000;21.66;3.45;11.74;17.65;20.32;58
2026-08-18T12:16:32.000;2026-08-18T05:16:32.000;20.98;3.82;84.52;15.5;20.32;59
2026-08-18T12:26:46.000;2026-08-18T05:26:46.000;20.95;4.05;962.13;12.86;20.32;60
2026-08-19T02:18:50.000;2026-08-18T19:18:50.000;29.24;18.19;14197.4;9.94;20.32;1
2026-08-19T02:29:04.000;2026-08-18T19:29:04.000;29.53;18.62;972.92;12.85;20.32;2
2026-08-19T02:39:18.000;2026-08-18T19:39:18.000;29.76;16.71;81.08;15.55;20.32;3
2026-08-19T02:49:33.000;2026-08-18T19:49:33.000;29.71;14.81;10.68;17.75;20.32;4
2026-08-19T02:59:47.000;2026-08-18T19:59:47.000;29.39;14.21;4.18;18.77;20.32;5
2026-08-19T03:10:03.000;2026-08-18T20:10:03.000;29.08;12.39;1.13;20.19;20.32;6
2026-08-19T03:20:17.000;2026-08-18T20:20:17.000;28.66;11.74;1.23;20.1;20.32;7
2026-08-19T03:30:31.000;2026-08-18T20:30:31.000;27.89;10.95;1.11;20.21;20.32;8
2026-08-19T03:40:45.000;2026-08-18T20:40:45.000;27.68;9.0;0.61;20.86;20.32;9
2026-08-19T03:50:59.000;2026-08-18T20:50:59.000;27.39;9.06;0.49;21.09;20.32;10
2026-08-19T04:01:13.000;2026-08-18T21:01:13.000;27.2;8.12;0.49;21.1;20.32;11
2026-08-19T04:11:26.000;2026-08-18T21:11:26.000;26.6;7.84;0.53;21.0;20.32;12
2026-08-19T04:21:41.000;2026-08-18T21:21:41.000;26.27;8.36;0.48;21.13;20.32;13
2026-08-19T04:31:55.000;2026-08-18T21:31:55.000;25.93;7.72;0.52;21.02;20.32;14
2026-08-19T04:42:09.000;2026-08-18T21:42:09.000;25.83;7.6;0.45;21.19;20.32;15
2026-08-19T04:52:22.000;2026-08-18T21:52:22.000;25.09;8.23;0.45;21.2;20.32;16
2026-08-19T05:02:37.000;2026-08-18T22:02:37.000;24.51;7.76;0.42;21.25;20.32;17
2026-08-19T05:12:51.000;2026-08-18T22:12:51.000;25.23;7.55;0.48;21.12;20.32;18
2026-08-19T05:23:05.000;2026-08-18T22:23:05.000;25.35;7.11;0.46;21.16;20.32;19
2026-08-19T05:33:19.000;2026-08-18T22:33:19.000;24.58;7.59;0.31;21.58;20.32;20
2026-08-19T05:43:32.000;2026-08-18T22:43:32.000;24.17;7.24;0.31;21.6;20.32;21
2026-08-19T05:53:46.000;2026-08-18T22:53:46.000;24.12;7.07;0.31;21.6;20.32;22
2026-08-19T06:04:00.000;2026-08-18T23:04:00.000;23.83;7.68;0.31;21.58;20.32;23
2026-08-19T06:14:17.000;2026-08-18T23:14:17.000;23.11;7.83;0.32;21.56;20.32;24
2026-08-19T06:24:32.000;2026-08-18T23:24:32.000;22.8;7.93;0.47;21.14;20.32;25
2026-08-19T06:34:46.000;2026-08-18T23:34:46.000;22.63;7.39;0.3;21.63;20.32;26
2026-08-19T06:45:00.000;2026-08-18T23:45:00.000;22.55;7.49;0.29;21.67;20.32;27
2026-08-19T06:55:14.000;2026-08-18T23:55:14.000;22.38;7.48;0.28;21.7;20.32;28
2026-08-19T07:05:28.000;2026-08-19T00:05:28.000;23.03;7.4;0.33;21.52;20.32;29
2026-08-19T07:15:43.000;2026-08-19T00:15:43.000;22.99;6.78;0.26;21.77;20.32;30
2026-08-19T07:25:58.000;2026-08-19T00:25:58.000;22.66;6.43;0.31;21.59;20.32;31
2026-08-19T07:36:12.000;2026-08-19T00:36:12.000;22.26;6.66;0.36;21.42;20.32;32
2026-08-19T07:46:26.000;2026-08-19T00:46:26.000;22.23;6.61;0.26;21.8;20.32;33
2026-08-19T07:56:40.000;2026-08-19T00:56:40.000;22.02;6.39;0.2;22.09;20.32;34
2026-08-19T08:06:58.000;2026-08-19T01:06:58.000;21.73;6.03;0.3;21.62;20.32;35
2026-08-19T08:27:26.000;2026-08-19T01:27:26.000;21.41;6.67;0.18;22.16;20.32;37
2026-08-19T08:37:41.000;2026-08-19T01:37:41.000;21.44;6.53;0.2;22.05;20.32;38
2026-08-19T08:47:55.000;2026-08-19T01:47:55.000;21.5;5.94;0.18;22.2;20.32;39
2026-08-19T08:58:09.000;2026-08-19T01:58:09.000;21.82;6.42;0.22;21.97;20.32;40
2026-08-19T09:08:24.000;2026-08-19T02:08:24.000;22.42;5.97;0.22;21.97;20.32;41
2026-08-19T09:18:38.000;2026-08-19T02:18:38.000;22.15;6.38;0.21;21.99;20.32;42
2026-08-19T09:28:52.000;2026-08-19T02:28:52.000;22.03;5.63;0.22;21.98;20.32;43
2026-08-19T09:39:06.000;2026-08-19T02:39:06.000;22.0;5.49;0.17;22.22;20.32;44
2026-08-19T09:49:20.000;2026-08-19T02:49:20.000;22.4;6.83;0.18;22.2;20.32;45
2026-08-19T09:59:34.000;2026-08-19T02:59:34.000;22.3;6.15;0.18;22.2;20.32;46
2026-08-19T10:09:48.000;2026-08-19T03:09:48.000;22.16;6.05;0.22;21.98;20.32;47
2026-08-19T10:20:02.000;2026-08-19T03:20:02.000;21.85;5.75;0.26;21.78;20.32;48
2026-08-19T10:30:16.000;2026-08-19T03:30:16.000;21.74;5.34;0.26;21.79;20.32;49
2026-08-19T10:40:30.000;2026-08-19T03:40:30.000;21.75;5.5;0.22;21.99;20.32;50
2026-08-19T10:50:45.000;2026-08-19T03:50:45.000;21.96;6.31;0.22;21.97;20.32;51
2026-08-19T11:00:59.000;2026-08-19T04:00:59.000;21.58;7.39;0.29;21.65;20.32;52
2026-08-19T11:11:13.000;2026-08-19T04:11:13.000;21.7;9.06;0.3;21.64;20.32;53
2026-08-19T11:21:27.000;2026-08-19T04:21:27.000;21.59;8.62;0.43;21.24;20.32;54
2026-08-19T11:31:42.000;2026-08-19T04:31:42.000;21.46;7.24;0.35;21.45;20.32;55
2026-08-19T11:41:56.000;2026-08-19T04:41:56.000;21.25;6.2;0.4;21.31;20.32;56
2026-08-19T11:52:10.000;2026-08-19T04:52:10.000;21.28;5.89;1.13;20.19;20.32;57
2026-08-19T12:02:24.000;2026-08-19T05:02:24.000;21.09;5.85;8.18;18.04;20.32;58
2026-08-19T12:12:39.000;2026-08-19T05:12:39.000;20.93;5.99;61.69;15.84;20.32;59
2026-08-19T12:22:52.000;2026-08-19T05:22:52.000;20.74;5.76;385.94;13.85;20.32;60
2026-08-19T12:33:06.000;2026-08-19T05:33:06.000;20.61;5.32;4651.89;11.15;20.32;61
2026-08-20T01:52:38.000;2026-08-19T18:52:38.000;23.36;18.01;20191.67;9.56;20.32;1
2026-08-20T02:02:53.000;2026-08-19T19:02:53.000;24.4;17.13;3381.53;11.5;20.32;2
2026-08-20T02:13:07.000;2026-08-19T19:13:07.000;24.32;16.72;781.11;13.09;20.32;3
2026-08-20T02:23:21.000;2026-08-19T19:23:21.000;24.4;15.26;146.02;14.91;20.32;4
2026-08-20T03:51:01.000;2026-08-19T20:51:01.000;27.85;9.45;3.07;19.1;20.32;8
2026-08-20T04:01:26.000;2026-08-19T21:01:26.000;25.5;9.31;2.29;19.42;20.32;9
2026-08-20T05:13:49.000;2026-08-19T22:13:49.000;22.93;6.05;1.27;20.06;20.32;13
2026-08-20T05:39:56.000;2026-08-19T22:39:56.000;22.21;9.33;1.27;20.06;20.32;15
2026-08-20T06:00:35.000;2026-08-19T23:00:35.000;21.87;14.11;2.58;19.29;20.32;17
2026-08-20T06:21:13.000;2026-08-19T23:21:13.000;19.83;15.13;1.73;19.72;20.32;19
2026-08-20T06:31:27.000;2026-08-19T23:31:27.000;19.88;11.34;1.11;20.2;20.32;20
2026-08-20T06:41:42.000;2026-08-19T23:41:42.000;19.65;9.37;0.59;20.89;20.32;21
2026-08-20T06:51:56.000;2026-08-19T23:51:56.000;19.63;11.58;1.52;19.86;20.32;22
2026-08-20T07:12:25.000;2026-08-20T00:12:25.000;19.86;12.58;0.86;20.48;20.32;24
2026-08-20T07:22:39.000;2026-08-20T00:22:39.000;20.42;12.23;0.8;20.57;20.32;25
2026-08-20T07:32:54.000;2026-08-20T00:32:54.000;21.34;10.83;1.09;20.23;20.32;26
2026-08-20T07:43:08.000;2026-08-20T00:43:08.000;22.33;9.8;1.11;20.2;20.32;27
2026-08-20T08:03:37.000;2026-08-20T01:03:37.000;22.64;9.15;0.93;20.4;20.32;29
2026-08-20T08:13:52.000;2026-08-20T01:13:52.000;22.43;7.39;0.62;20.84;20.32;30
2026-08-20T08:24:06.000;2026-08-20T01:24:06.000;22.32;6.98;0.48;21.11;20.32;31
2026-08-20T08:34:21.000;2026-08-20T01:34:21.000;21.79;6.61;0.54;21.0;20.32;32
2026-08-20T08:44:40.000;2026-08-20T01:44:40.000;21.97;6.76;0.48;21.11;20.32;33
2026-08-20T08:54:58.000;2026-08-20T01:54:58.000;21.64;6.34;0.49;21.1;20.32;34
2026-08-20T09:05:19.000;2026-08-20T02:05:19.000;21.95;7.11;0.58;20.91;20.32;35
2026-08-20T09:15:40.000;2026-08-20T02:15:40.000;21.4;8.35;0.5;21.08;20.32;36
2026-08-20T09:25:56.000;2026-08-20T02:25:56.000;20.57;6.15;0.59;20.89;20.32;37
2026-08-20T09:36:11.000;2026-08-20T02:36:11.000;20.17;5.79;0.58;20.92;20.32;38
2026-08-20T09:46:25.000;2026-08-20T02:46:25.000;20.12;5.77;0.56;20.94;20.32;39
2026-08-20T09:56:39.000;2026-08-20T02:56:39.000;19.96;6.37;0.49;21.09;20.32;40
2026-08-20T10:06:56.000;2026-08-20T03:06:56.000;20.81;6.45;0.61;20.85;20.32;41
2026-08-20T10:32:49.000;2026-08-20T03:32:49.000;22.43;5.14;0.42;21.26;20.32;43
2026-08-20T10:43:02.000;2026-08-20T03:43:02.000;22.15;4.59;0.45;21.18;20.32;44
2026-08-20T10:53:16.000;2026-08-20T03:53:16.000;22.11;4.69;0.31;21.61;20.32;45
2026-08-20T11:03:30.000;2026-08-20T04:03:30.000;22.23;4.45;0.29;21.68;20.32;46
2026-08-20T11:13:47.000;2026-08-20T04:13:47.000;22.31;4.25;0.39;21.34;20.32;47
2026-08-20T11:24:02.000;2026-08-20T04:24:02.000;22.0;4.35;0.48;21.12;20.32;48
2026-08-20T11:34:16.000;2026-08-20T04:34:16.000;21.71;3.45;0.39;21.34;20.32;49
2026-08-20T11:44:31.000;2026-08-20T04:44:31.000;21.15;2.57;0.38;21.37;20.32;50
2026-08-20T11:54:45.000;2026-08-20T04:54:45.000;20.93;2.35;0.92;20.42;20.32;51
2026-08-20T12:04:59.000;2026-08-20T05:04:59.000;20.61;2.48;4.66;18.65;20.32;52
2026-08-20T12:15:14.000;2026-08-20T05:15:14.000;19.97;2.32;31.56;16.57;20.32;53
2026-08-20T12:25:27.000;2026-08-20T05:25:27.000;19.71;1.91;337.02;14.0;20.32;54
2026-08-20T12:35:41.000;2026-08-20T05:35:41.000;19.01;2.08;4651.44;11.15;20.32;55
2026-08-21T02:17:23.000;2026-08-20T19:17:23.000;27.06;8.75;8751.85;10.46;20.32;1
2026-08-21T02:38:10.000;2026-08-20T19:38:10.000;26.86;7.77;91.37;15.42;20.32;3
2026-08-21T03:14:39.000;2026-08-20T20:14:39.000;27.16;8.99;3.24;19.04;20.32;6
2026-08-21T03:24:57.000;2026-08-20T20:24:57.000;26.79;7.96;2.93;19.15;20.32;7
2026-08-21T03:35:12.000;2026-08-20T20:35:12.000;26.56;7.07;1.81;19.67;20.32;8
2026-08-21T03:45:26.000;2026-08-20T20:45:26.000;26.78;5.79;1.36;19.99;20.32;9
2026-08-21T03:55:46.000;2026-08-20T20:55:46.000;26.51;6.09;1.16;20.16;20.32;10
2026-08-21T04:06:01.000;2026-08-20T21:06:01.000;26.01;5.51;1.07;20.24;20.32;11
2026-08-21T04:16:21.000;2026-08-20T21:16:21.000;25.99;5.6;1.1;20.21;20.32;12
2026-08-21T04:26:36.000;2026-08-20T21:26:36.000;26.09;5.25;0.91;20.42;20.32;13
2026-08-21T04:37:07.000;2026-08-20T21:37:07.000;26.25;5.46;1.02;20.3;20.32;14
2026-08-21T04:47:22.000;2026-08-20T21:47:22.000;26.13;4.56;0.97;20.35;20.32;15
2026-08-21T05:18:15.000;2026-08-20T22:18:15.000;24.57;4.41;0.75;20.63;20.32;18
2026-08-21T05:33:55.000;2026-08-20T22:33:55.000;24.83;3.74;0.92;20.41;20.32;19
2026-08-21T05:44:17.000;2026-08-20T22:44:17.000;24.38;3.8;0.69;20.73;20.32;20
2026-08-21T06:04:44.000;2026-08-20T23:04:44.000;23.03;4.24;0.52;21.03;20.32;22
2026-08-22T04:10:42.000;2026-08-21T21:10:42.000;30.32;7.91;349.51;13.96;20.32;1
2026-08-24T01:58:18.000;2026-08-23T18:58:18.000;20.87;19.94;21681.56;9.48;20.32;1
2026-08-24T02:08:31.000;2026-08-23T19:08:31.000;20.71;20.63;1289.6;12.54;20.32;2
2026-08-24T02:18:45.000;2026-08-23T19:18:45.000;20.62;20.56;121.19;15.11;20.32;3
2026-08-25T02:12:58.000;2026-08-24T19:12:58.000;28.59;7.72;8512.68;10.49;20.32;1
2026-08-25T02:23:12.000;2026-08-24T19:23:12.000;28.46;6.89;679.84;13.24;20.32;2
2026-08-25T02:33:26.000;2026-08-24T19:33:26.000;27.69;7.2;59.8;15.88;20.32;3
2026-08-25T02:43:40.000;2026-08-24T19:43:40.000;27.37;6.81;10.1;17.81;20.32;4
2026-08-25T02:53:54.000;2026-08-24T19:53:54.000;26.94;6.41;3.85;18.86;20.32;5
2026-08-25T03:04:08.000;2026-08-24T20:04:08.000;26.95;6.8;3.03;19.12;20.32;6
2026-08-25T03:14:24.000;2026-08-24T20:14:24.000;26.52;6.69;3.0;19.13;20.32;7
2026-08-25T03:24:37.000;2026-08-24T20:24:37.000;26.54;5.99;3.07;19.1;20.32;8
2026-08-25T03:34:51.000;2026-08-24T20:34:51.000;25.98;5.67;3.13;19.08;20.32;9
2026-08-25T03:45:04.000;2026-08-24T20:45:04.000;24.91;5.21;3.19;19.06;20.32;10
2026-08-25T03:55:18.000;2026-08-24T20:55:18.000;24.84;5.36;3.26;19.04;20.32;11
2026-08-25T04:05:32.000;2026-08-24T21:05:32.000;24.11;4.47;3.32;19.02;20.32;12
2026-08-25T04:15:49.000;2026-08-24T21:15:49.000;24.17;4.29;3.38;19.0;20.32;13
2026-08-25T04:26:04.000;2026-08-24T21:26:04.000;24.07;4.28;3.44;18.98;20.32;14
2026-08-25T04:36:22.000;2026-08-24T21:36:22.000;25.19;4.77;3.47;18.97;20.32;15
2026-08-25T04:46:38.000;2026-08-24T21:46:38.000;25.28;4.22;3.5;18.96;20.32;16
2026-08-25T04:56:52.000;2026-08-24T21:56:52.000;24.85;4.67;3.53;18.95;20.32;17
2026-08-25T05:07:06.000;2026-08-24T22:07:06.000;24.37;4.36;3.56;18.94;20.32;18
2026-08-25T05:17:23.000;2026-08-24T22:17:23.000;24.42;4.41;3.59;18.93;20.32;19
2026-08-25T05:27:40.000;2026-08-24T22:27:40.000;24.15;4.75;3.6;18.93;20.32;20
2026-08-25T05:37:54.000;2026-08-24T22:37:54.000;24.15;5.59;3.59;18.93;20.32;21
2026-08-25T05:48:08.000;2026-08-24T22:48:08.000;24.65;5.21;3.58;18.93;20.32;22
2026-08-25T05:58:22.000;2026-08-24T22:58:22.000;24.71;4.88;3.55;18.95;20.32;23
2026-08-25T06:08:37.000;2026-08-24T23:08:37.000;24.66;4.8;3.5;18.96;20.32;24
2026-08-25T06:18:51.000;2026-08-24T23:18:51.000;24.27;4.65;3.45;18.98;20.32;25
2026-08-25T06:29:04.000;2026-08-24T23:29:04.000;23.76;4.83;3.39;19.0;20.32;26
2026-08-25T06:39:18.000;2026-08-24T23:39:18.000;23.49;4.55;3.32;19.02;20.32;27
2026-08-25T06:49:33.000;2026-08-24T23:49:33.000;22.86;4.55;3.25;19.04;20.32;28
2026-08-25T06:59:47.000;2026-08-24T23:59:47.000;23.51;4.61;3.15;19.08;20.32;29
2026-08-25T07:10:01.000;2026-08-25T00:10:01.000;23.76;4.66;3.06;19.11;20.32;30
2026-08-25T07:20:15.000;2026-08-25T00:20:15.000;23.37;4.01;2.98;19.14;20.32;31
2026-08-25T07:30:29.000;2026-08-25T00:30:29.000;23.35;4.09;2.88;19.17;20.32;32
2026-08-25T07:40:43.000;2026-08-25T00:40:43.000;23.09;3.91;2.77;19.21;20.32;33
2026-08-25T07:51:00.000;2026-08-25T00:51:00.000;22.39;3.51;2.68;19.25;20.32;34
2026-08-25T08:01:13.000;2026-08-25T01:01:13.000;21.79;3.52;2.55;19.3;20.32;35
2026-08-25T08:16:45.000;2026-08-25T01:16:45.000;22.37;3.31;2.36;19.39;20.32;36
2026-08-25T08:27:04.000;2026-08-25T01:27:04.000;23.3;4.4;2.19;19.47;20.32;37
2026-08-25T08:37:18.000;2026-08-25T01:37:18.000;24.07;8.83;2.4;19.37;20.32;38
2026-08-25T08:47:33.000;2026-08-25T01:47:33.000;24.46;14.2;4.35;18.72;20.32;39
2026-08-25T08:57:47.000;2026-08-25T01:57:47.000;24.62;12.74;5.62;18.45;20.32;40
2026-08-25T09:08:01.000;2026-08-25T02:08:01.000;24.27;9.0;2.35;19.39;20.32;41
2026-08-25T09:18:16.000;2026-08-25T02:18:16.000;24.0;10.24;2.61;19.28;20.32;42
2026-08-25T09:28:30.000;2026-08-25T02:28:30.000;23.83;10.1;2.01;19.56;20.32;43
2026-08-25T09:38:44.000;2026-08-25T02:38:44.000;23.43;10.47;1.24;20.09;20.32;44
2026-08-25T09:48:57.000;2026-08-25T02:48:57.000;23.42;12.45;2.04;19.54;20.32;45
2026-08-25T09:59:11.000;2026-08-25T02:59:11.000;23.63;13.86;0.88;20.46;20.32;46
2026-08-25T10:09:25.000;2026-08-25T03:09:25.000;23.73;13.75;0.73;20.66;20.32;47
2026-08-25T10:19:39.000;2026-08-25T03:19:39.000;23.83;14.91;0.67;20.75;20.32;48
2026-08-25T10:29:53.000;2026-08-25T03:29:53.000;24.0;14.09;0.34;21.48;20.32;49
2026-08-25T10:40:07.000;2026-08-25T03:40:07.000;24.81;10.81;0.32;21.55;20.32;50
2026-08-25T10:50:22.000;2026-08-25T03:50:22.000;24.87;9.81;0.65;20.79;20.32;51
2026-08-25T11:00:36.000;2026-08-25T04:00:36.000;23.64;6.36;0.17;22.22;20.32;52
2026-08-25T11:10:49.000;2026-08-25T04:10:49.000;23.25;5.75;0.26;21.79;20.32;53
2026-08-25T11:21:04.000;2026-08-25T04:21:04.000;23.35;7.13;0.18;22.18;20.32;54
2026-08-25T11:31:18.000;2026-08-25T04:31:18.000;22.87;6.95;0.33;21.53;20.32;55
2026-08-25T11:41:32.000;2026-08-25T04:41:32.000;22.21;6.11;0.35;21.45;20.32;56
2026-08-25T11:51:47.000;2026-08-25T04:51:47.000;21.71;4.46;0.55;20.98;20.32;57
2026-08-25T12:02:00.000;2026-08-25T05:02:00.000;21.29;4.21;2.38;19.38;20.32;58
2026-08-25T12:12:14.000;2026-08-25T05:12:14.000;20.69;3.28;12.14;17.61;20.32;59
2026-08-25T12:22:28.000;2026-08-25T05:22:28.000;20.47;3.46;92.57;15.4;20.32;60
2026-08-25T12:32:43.000;2026-08-25T05:32:43.000;20.41;3.37;1171.84;12.65;20.32;61
2026-08-26T02:13:01.000;2026-08-25T19:13:01.000;28.54;6.21;7710.23;10.6;20.32;1
2026-08-26T02:23:14.000;2026-08-25T19:23:14.000;28.42;6.88;527.65;13.51;20.32;2
2026-08-26T02:33:28.000;2026-08-25T19:33:28.000;28.56;6.63;48.84;16.1;20.32;3
2026-08-26T02:43:42.000;2026-08-25T19:43:42.000;28.61;7.28;9.22;17.91;20.32;4
2026-08-26T02:53:57.000;2026-08-25T19:53:57.000;28.53;6.36;4.07;18.8;20.32;5
2026-08-26T03:04:10.000;2026-08-25T20:04:10.000;27.37;6.07;3.5;18.96;20.32;6
2026-08-26T03:14:24.000;2026-08-25T20:14:24.000;27.84;6.95;3.63;18.92;20.32;7
2026-08-26T03:24:39.000;2026-08-25T20:24:39.000;28.27;7.28;3.86;18.85;20.32;8
2026-08-26T03:34:53.000;2026-08-25T20:34:53.000;28.55;6.46;3.99;18.82;20.32;9
2026-08-26T03:45:07.000;2026-08-25T20:45:07.000;27.09;5.96;4.18;18.77;20.32;10
2026-08-26T03:55:20.000;2026-08-25T20:55:20.000;25.96;5.95;4.39;18.72;20.32;11
2026-08-26T04:05:34.000;2026-08-25T21:05:34.000;25.37;5.84;4.57;18.67;20.32;12
2026-08-26T04:15:49.000;2026-08-25T21:15:49.000;25.15;5.71;4.73;18.63;20.32;13
2026-08-26T04:26:04.000;2026-08-25T21:26:04.000;24.78;5.75;4.75;18.63;20.32;14
2026-08-26T04:36:19.000;2026-08-25T21:36:19.000;24.72;6.01;4.9;18.6;20.32;15
2026-08-26T04:46:33.000;2026-08-25T21:46:33.000;24.61;5.61;4.96;18.58;20.32;16
2026-08-26T04:56:47.000;2026-08-25T21:56:47.000;24.4;5.68;5.06;18.56;20.32;17
2026-08-26T05:07:01.000;2026-08-25T22:07:01.000;24.55;5.52;5.17;18.54;20.32;18
2026-08-26T05:17:16.000;2026-08-25T22:17:16.000;24.09;5.52;5.36;18.5;20.32;19
2026-08-26T05:37:47.000;2026-08-25T22:37:47.000;24.14;6.05;5.92;18.39;20.32;21
2026-08-26T05:48:01.000;2026-08-25T22:48:01.000;24.69;5.76;5.63;18.44;20.32;22
2026-08-26T05:58:15.000;2026-08-25T22:58:15.000;24.64;5.25;5.61;18.45;20.32;23
2026-08-26T06:08:29.000;2026-08-25T23:08:29.000;24.06;5.16;5.6;18.45;20.32;24
2026-08-26T06:18:43.000;2026-08-25T23:18:43.000;24.09;4.97;5.62;18.45;20.32;25
2026-08-26T06:28:57.000;2026-08-25T23:28:57.000;24.08;4.88;5.43;18.48;20.32;26
2026-08-26T06:39:12.000;2026-08-25T23:39:12.000;24.02;4.91;5.2;18.53;20.32;27
2026-08-26T06:49:26.000;2026-08-25T23:49:26.000;23.91;4.69;5.16;18.54;20.32;28
2026-08-26T06:59:40.000;2026-08-25T23:59:40.000;23.89;4.97;5.07;18.56;20.32;29
2026-08-26T07:09:54.000;2026-08-26T00:09:54.000;23.9;4.86;4.94;18.59;20.32;30
2026-08-26T07:20:11.000;2026-08-26T00:20:11.000;23.7;4.48;4.85;18.61;20.32;31
2026-08-26T07:30:26.000;2026-08-26T00:30:26.000;23.33;4.44;4.71;18.64;20.32;32
2026-08-26T07:40:39.000;2026-08-26T00:40:39.000;22.94;3.82;4.55;18.67;20.32;33
2026-08-26T07:50:53.000;2026-08-26T00:50:53.000;22.59;3.66;4.41;18.71;20.32;34
2026-08-26T08:01:07.000;2026-08-26T01:01:07.000;22.79;3.65;4.29;18.74;20.32;35
2026-08-26T08:11:22.000;2026-08-26T01:11:22.000;22.64;4.0;4.16;18.77;20.32;36
2026-08-26T08:21:36.000;2026-08-26T01:21:36.000;22.43;3.97;4.01;18.81;20.32;37
2026-08-26T08:31:50.000;2026-08-26T01:31:50.000;22.53;3.89;3.86;18.85;20.32;38
2026-08-26T08:42:04.000;2026-08-26T01:42:04.000;22.97;3.85;3.68;18.9;20.32;39
2026-08-26T08:52:18.000;2026-08-26T01:52:18.000;22.53;3.19;3.53;18.95;20.32;40
2026-08-26T09:02:32.000;2026-08-26T02:02:32.000;22.37;3.38;3.3;19.02;20.32;41
2026-08-26T09:12:46.000;2026-08-26T02:12:46.000;22.15;3.41;3.1;19.09;20.32;42
2026-08-26T09:23:01.000;2026-08-26T02:23:01.000;22.18;3.51;2.91;19.16;20.32;43
2026-08-26T09:33:15.000;2026-08-26T02:33:15.000;21.83;3.04;2.65;19.26;20.32;44
2026-08-26T09:43:29.000;2026-08-26T02:43:29.000;21.97;3.33;2.54;19.31;20.32;45
2026-08-26T09:53:44.000;2026-08-26T02:53:44.000;22.12;3.51;1.98;19.58;20.32;46
2026-08-26T10:03:58.000;2026-08-26T03:03:58.000;22.62;3.42;1.87;19.64;20.32;47
2026-08-26T10:14:11.000;2026-08-26T03:14:11.000;22.49;3.23;1.73;19.72;20.32;48
2026-08-26T10:24:25.000;2026-08-26T03:24:25.000;22.31;3.13;1.58;19.82;20.32;49
2026-08-26T10:34:39.000;2026-08-26T03:34:39.000;21.98;3.07;1.48;19.89;20.32;50
2026-08-26T10:44:54.000;2026-08-26T03:44:54.000;21.79;3.04;1.15;20.17;20.32;51
2026-08-26T10:55:07.000;2026-08-26T03:55:07.000;21.75;3.03;1.1;20.22;20.32;52
2026-08-26T11:05:22.000;2026-08-26T04:05:22.000;21.73;2.96;0.75;20.63;20.32;53
2026-08-26T11:15:35.000;2026-08-26T04:15:35.000;21.64;3.02;0.45;21.18;20.32;54
2026-08-26T11:25:50.000;2026-08-26T04:25:50.000;21.78;2.27;0.34;21.48;20.32;55
2026-08-26T11:36:04.000;2026-08-26T04:36:04.000;21.83;1.97;0.3;21.63;20.32;56
2026-08-26T11:46:18.000;2026-08-26T04:46:18.000;21.51;2.05;0.28;21.72;20.32;57
2026-08-26T11:56:32.000;2026-08-26T04:56:32.000;21.4;1.71;0.78;20.6;20.32;58
2026-08-26T12:06:46.000;2026-08-26T05:06:46.000;21.21;1.51;3.76;18.88;20.32;59
2026-08-26T12:17:00.000;2026-08-26T05:17:00.000;20.17;1.67;26.14;16.78;20.32;60
2026-08-26T12:27:14.000;2026-08-26T05:27:14.000;20.56;1.55;253.21;14.31;20.32;61
2026-08-26T12:37:27.000;2026-08-26T05:37:27.000;20.41;0.84;3231.35;11.55;20.32;62
2026-08-27T02:10:39.000;2026-08-26T19:10:39.000;26.87;13.73;11489.84;10.17;20.32;1
2026-08-27T02:20:52.000;2026-08-26T19:20:52.000;26.85;12.47;707.23;13.2;20.32;2
2026-08-27T02:31:06.000;2026-08-26T19:31:06.000;26.42;11.57;78.44;15.58;20.32;3
2026-08-27T02:41:20.000;2026-08-26T19:41:20.000;26.29;10.67;10.96;17.72;20.32;4
2026-08-27T02:51:34.000;2026-08-26T19:51:34.000;26.39;9.5;4.2;18.76;20.32;5
2026-08-27T03:01:48.000;2026-08-26T20:01:48.000;25.84;9.08;3.41;18.99;20.32;6
2026-08-27T03:12:04.000;2026-08-26T20:12:04.000;25.14;9.19;4.01;18.81;20.32;7
2026-08-27T03:22:17.000;2026-08-26T20:22:17.000;25.44;8.91;4.45;18.7;20.32;8
2026-08-27T03:32:31.000;2026-08-26T20:32:31.000;25.24;9.53;5.06;18.56;20.32;9
2026-08-27T03:42:45.000;2026-08-26T20:42:45.000;25.09;9.96;6.05;18.37;20.32;10
2026-08-27T03:53:00.000;2026-08-26T20:53:00.000;25.55;9.25;6.78;18.24;20.32;11
2026-08-27T04:03:14.000;2026-08-26T21:03:14.000;25.19;8.86;7.15;18.18;20.32;12
2026-08-27T04:23:45.000;2026-08-26T21:23:45.000;25.56;9.0;6.62;18.27;20.32;14
2026-08-27T04:34:00.000;2026-08-26T21:34:00.000;25.45;8.85;6.6;18.27;20.32;15
2026-08-27T04:44:14.000;2026-08-26T21:44:14.000;25.54;9.07;6.66;18.26;20.32;16
2026-08-27T04:54:28.000;2026-08-26T21:54:28.000;25.28;8.24;7.23;18.17;20.32;17
2026-08-27T05:04:42.000;2026-08-26T22:04:42.000;24.87;7.99;7.85;18.08;20.32;18
2026-08-27T05:14:56.000;2026-08-26T22:14:56.000;24.67;8.31;8.3;18.02;20.32;19
2026-08-27T05:25:11.000;2026-08-26T22:25:11.000;25.01;8.3;8.91;17.95;20.32;20
2026-08-27T05:35:24.000;2026-08-26T22:35:24.000;25.16;8.22;9.35;17.89;20.32;21
2026-08-27T05:45:40.000;2026-08-26T22:45:40.000;24.61;7.28;9.69;17.85;20.32;22
2026-08-27T05:55:54.000;2026-08-26T22:55:54.000;24.54;7.75;10.11;17.81;20.32;23
2026-08-27T06:06:07.000;2026-08-26T23:06:07.000;24.93;7.61;10.59;17.76;20.32;24
2026-08-27T06:16:22.000;2026-08-26T23:16:22.000;24.64;6.99;10.93;17.72;20.32;25
2026-08-27T06:26:35.000;2026-08-26T23:26:35.000;24.39;6.98;11.27;17.69;20.32;26
2026-08-27T06:36:49.000;2026-08-26T23:36:49.000;23.93;7.27;11.41;17.68;20.32;27
2026-08-27T06:47:03.000;2026-08-26T23:47:03.000;23.71;6.85;11.57;17.66;20.32;28
2026-08-27T06:57:17.000;2026-08-26T23:57:17.000;23.24;7.3;11.58;17.66;20.32;29
2026-08-27T07:07:30.000;2026-08-27T00:07:30.000;22.67;6.54;11.51;17.67;20.32;30
2026-08-27T07:17:46.000;2026-08-27T00:17:46.000;22.28;6.62;11.5;17.67;20.32;31
2026-08-27T07:28:01.000;2026-08-27T00:28:01.000;22.44;6.33;11.19;17.7;20.32;32
2026-08-27T07:38:15.000;2026-08-27T00:38:15.000;22.65;6.11;10.62;17.75;20.32;33
2026-08-27T07:48:30.000;2026-08-27T00:48:30.000;22.42;6.31;10.14;17.8;20.32;34
2026-08-27T07:58:44.000;2026-08-27T00:58:44.000;22.84;6.36;9.44;17.88;20.32;35
2026-08-27T08:08:59.000;2026-08-27T01:08:59.000;23.04;6.58;9.06;17.93;20.32;36
2026-08-27T08:19:13.000;2026-08-27T01:19:13.000;22.59;8.52;16.68;17.26;20.32;37
2026-08-27T08:29:27.000;2026-08-27T01:29:27.000;23.28;8.5;9.34;17.89;20.32;38
2026-08-27T08:39:42.000;2026-08-27T01:39:42.000;23.48;5.91;5.8;18.41;20.32;39
2026-08-27T08:49:56.000;2026-08-27T01:49:56.000;22.58;5.13;6.3;18.32;20.32;40
2026-08-27T09:00:10.000;2026-08-27T02:00:10.000;21.86;5.15;6.62;18.27;20.32;41
2026-08-27T09:10:24.000;2026-08-27T02:10:24.000;21.91;5.67;6.47;18.29;20.32;42
2026-08-27T09:20:39.000;2026-08-27T02:20:39.000;21.96;5.1;5.84;18.4;20.32;43
