# Definition of the community standard for skyglow observations 1.0
# URL: http://www.darksky.org/NSBM/sdf1.0.pdf
# Number of header lines: 35
# This data is released under the following license: ODbL 1.0 http://opendatacommons.org/licenses/odbl/summary/
# Device type: TESS-W
# Instrument ID: stars1411
# Data supplier: None / None
# Location name: DSN014-S / Tubac / Arizona / Arizona / United States 
# Position: 31.61154, -111.047788, None
# Local timezone: America/Phoenix
# Time Synchronization: timestamp added by MQTT subscriber
# Moving / Stationary position: STATIONARY
# Moving / Fixed look direction: FIXED
# Number of channels: 1
# Filters per channel: UV/IR-740
# Measurement direction per channel: (0.0, 0.0)
# Field of view: 17.0
# Number of fields per line: 8
# TESS MAC address: D0:EF:76:11:23:64
# TESS firmware version: Unknown
# TESS cover offset value: 0.0
# TESS zero point: 20.32
# Comment:  
# Comment:
# Comment:
# Comment:
# Comment:
# Comment: 
# Comment: MSAS = ZP - 2.5*log10(Frequency)
# blank line 30
# blank line 31
# blank line 32
# UTC Date & Time, Local Date & Time, Enclosure Temperature, Sky Temperature, Frequency, MSAS, ZP, Sequence Number
# YYYY-MM-DDTHH:mm:ss.fff;YYYY-MM-DDTHH:mm:ss.fff;Celsius;Celsius;Hz;mag/arcsec^2;mag/arcsec^2; Multiple of Tx period
# END OF HEADER
2026-09-01T02:05:05.000;2026-08-31T19:05:05.000;21.03;12.5;10915.75;10.22;20.32;1
2026-09-01T02:15:18.000;2026-08-31T19:15:18.000;21.29;13.55;1289.69;12.54;20.32;2
2026-09-01T02:25:33.000;2026-08-31T19:25:33.000;21.48;12.8;288.52;14.17;20.32;3
2026-09-01T02:35:46.000;2026-08-31T19:35:46.000;21.43;10.06;27.8;16.71;20.32;4
2026-09-01T02:46:00.000;2026-08-31T19:46:00.000;20.77;7.85;3.78;18.88;20.32;5
2026-09-01T02:56:14.000;2026-08-31T19:56:14.000;20.17;6.83;1.49;19.88;20.32;6
2026-09-01T03:06:26.000;2026-08-31T20:06:26.000;19.92;7.58;0.74;20.64;20.32;7
2026-09-01T03:16:41.000;2026-08-31T20:16:41.000;19.46;8.85;0.57;20.94;20.32;8
2026-09-01T03:26:54.000;2026-08-31T20:26:54.000;19.66;7.21;0.63;20.82;20.32;9
2026-09-01T03:37:08.000;2026-08-31T20:37:08.000;19.32;6.69;0.55;20.96;20.32;10
2026-09-01T03:47:22.000;2026-08-31T20:47:22.000;19.07;5.35;0.48;21.11;20.32;11
2026-09-01T03:57:36.000;2026-08-31T20:57:36.000;19.17;10.15;0.86;20.49;20.32;12
2026-09-01T04:07:50.000;2026-08-31T21:07:50.000;19.5;10.23;0.95;20.38;20.32;13
2026-09-01T04:18:04.000;2026-08-31T21:18:04.000;19.3;2.99;0.87;20.48;20.32;14
2026-09-01T04:28:18.000;2026-08-31T21:28:18.000;18.94;2.0;0.86;20.49;20.32;15
2026-09-01T04:48:46.000;2026-08-31T21:48:46.000;19.19;2.23;2.08;19.53;20.32;17
2026-09-01T04:59:00.000;2026-08-31T21:59:00.000;19.44;1.9;1.55;19.84;20.32;18
2026-09-01T05:09:15.000;2026-08-31T22:09:15.000;19.48;1.97;2.38;19.38;20.32;19
2026-09-01T05:19:30.000;2026-08-31T22:19:30.000;19.72;2.04;3.05;19.11;20.32;20
2026-09-01T05:29:44.000;2026-08-31T22:29:44.000;19.64;1.29;2.18;19.48;20.32;21
2026-09-01T05:39:58.000;2026-08-31T22:39:58.000;19.59;0.79;2.23;19.45;20.32;22
2026-09-01T05:50:12.000;2026-08-31T22:50:12.000;19.44;0.43;2.36;19.39;20.32;23
2026-09-01T06:00:25.000;2026-08-31T23:00:25.000;19.05;0.24;2.5;19.32;20.32;24
2026-09-01T06:10:39.000;2026-08-31T23:10:39.000;18.79;0.12;2.64;19.27;20.32;25
2026-09-01T06:20:54.000;2026-08-31T23:20:54.000;18.57;-0.05;2.83;19.19;20.32;26
2026-09-01T06:31:08.000;2026-08-31T23:31:08.000;18.6;0.23;3.03;19.12;20.32;27
2026-09-01T06:41:21.000;2026-08-31T23:41:21.000;18.3;-0.38;3.37;19.0;20.32;28
2026-09-01T06:51:35.000;2026-08-31T23:51:35.000;17.63;-0.39;4.07;18.8;20.32;29
2026-09-01T07:01:49.000;2026-09-01T00:01:49.000;16.72;-0.14;4.6;18.66;20.32;30
2026-09-01T07:12:02.000;2026-09-01T00:12:02.000;16.7;0.09;4.72;18.63;20.32;31
2026-09-01T07:22:16.000;2026-09-01T00:22:16.000;16.67;-0.28;4.66;18.65;20.32;32
2026-09-01T07:32:30.000;2026-09-01T00:32:30.000;16.57;-0.21;4.62;18.66;20.32;33
2026-09-01T07:42:44.000;2026-09-01T00:42:44.000;16.85;0.03;4.69;18.64;20.32;34
2026-09-01T07:52:58.000;2026-09-01T00:52:58.000;17.45;-0.52;4.83;18.61;20.32;35
2026-09-01T08:03:13.000;2026-09-01T01:03:13.000;17.8;-0.48;5.23;18.52;20.32;36
2026-09-01T08:13:27.000;2026-09-01T01:13:27.000;17.4;-0.34;5.57;18.46;20.32;37
2026-09-01T08:23:42.000;2026-09-01T01:23:42.000;17.55;-0.23;6.13;18.35;20.32;38
2026-09-01T08:33:57.000;2026-09-01T01:33:57.000;17.64;-0.41;6.63;18.27;20.32;39
2026-09-01T08:44:10.000;2026-09-01T01:44:10.000;18.02;-0.46;7.26;18.17;20.32;40
2026-09-01T08:54:24.000;2026-09-01T01:54:24.000;17.83;-0.32;8.24;18.03;20.32;41
2026-09-01T09:04:38.000;2026-09-01T02:04:38.000;18.19;-0.08;9.61;17.86;20.32;42
2026-09-01T09:14:53.000;2026-09-01T02:14:53.000;17.97;-0.34;11.59;17.66;20.32;43
2026-09-01T09:25:07.000;2026-09-01T02:25:07.000;18.2;-0.4;14.95;17.38;20.32;44
2026-09-01T09:35:20.000;2026-09-01T02:35:20.000;17.77;-0.19;16.62;17.27;20.32;45
2026-09-01T09:45:34.000;2026-09-01T02:45:34.000;17.4;-0.09;16.76;17.26;20.32;46
2026-09-01T09:55:48.000;2026-09-01T02:55:48.000;18.12;-0.12;16.53;17.27;20.32;47
2026-09-01T10:06:02.000;2026-09-01T03:06:02.000;18.19;-0.32;18.25;17.17;20.32;48
2026-09-01T10:16:16.000;2026-09-01T03:16:16.000;17.93;-0.48;27.14;16.74;20.32;49
2026-09-01T10:26:29.000;2026-09-01T03:26:29.000;17.74;-0.39;36.18;16.42;20.32;50
2026-09-01T10:36:43.000;2026-09-01T03:36:43.000;17.0;-0.36;38.39;16.36;20.32;51
2026-09-01T10:52:15.000;2026-09-01T03:52:15.000;16.82;-1.13;36.09;16.43;20.32;52
2026-09-01T11:02:33.000;2026-09-01T04:02:33.000;17.01;-1.06;20.4;17.05;20.32;53
2026-09-01T11:12:46.000;2026-09-01T04:12:46.000;17.06;-0.48;19.43;17.1;20.32;54
2026-09-01T11:33:16.000;2026-09-01T04:33:16.000;17.39;-0.46;20.44;17.04;20.32;56
2026-09-01T11:43:30.000;2026-09-01T04:43:30.000;17.53;-0.43;18.37;17.16;20.32;57
2026-09-01T11:53:44.000;2026-09-01T04:53:44.000;17.4;-0.52;16.22;17.29;20.32;58
2026-09-01T12:03:58.000;2026-09-01T05:03:58.000;17.3;-0.65;13.66;17.48;20.32;59
2026-09-01T12:14:11.000;2026-09-01T05:14:11.000;16.91;-0.79;16.69;17.26;20.32;60
2026-09-01T12:24:26.000;2026-09-01T05:24:26.000;17.31;-0.68;63.08;15.82;20.32;61
2026-09-01T12:34:40.000;2026-09-01T05:34:40.000;17.54;-0.61;650.6;13.29;20.32;62
2026-09-01T12:44:54.000;2026-09-01T05:44:54.000;17.46;-0.87;9273.32;10.4;20.32;63
2026-09-02T02:06:16.000;2026-09-01T19:06:16.000;24.67;12.08;8132.78;10.54;20.32;1
2026-09-02T02:16:30.000;2026-09-01T19:16:30.000;24.52;10.06;411.54;13.78;20.32;2
2026-09-02T02:26:43.000;2026-09-01T19:26:43.000;24.1;7.12;36.9;16.4;20.32;3
2026-09-02T02:36:57.000;2026-09-01T19:36:57.000;23.74;8.52;6.87;18.23;20.32;4
2026-09-02T02:47:10.000;2026-09-01T19:47:10.000;23.09;5.58;0.97;20.36;20.32;5
2026-09-02T02:57:24.000;2026-09-01T19:57:24.000;22.73;5.41;0.4;21.31;20.32;6
2026-09-02T03:07:39.000;2026-09-01T20:07:39.000;22.84;5.34;0.29;21.65;20.32;7
2026-09-02T03:17:53.000;2026-09-01T20:17:53.000;22.34;4.78;0.35;21.45;20.32;8
2026-09-02T03:28:06.000;2026-09-01T20:28:06.000;21.69;5.29;0.36;21.43;20.32;9
2026-09-02T03:38:21.000;2026-09-01T20:38:21.000;20.96;4.84;0.36;21.43;20.32;10
2026-09-02T03:48:34.000;2026-09-01T20:48:34.000;20.72;4.8;0.36;21.42;20.32;11
2026-09-02T03:58:51.000;2026-09-01T20:58:51.000;20.65;4.83;0.37;21.4;20.32;12
2026-09-02T04:09:09.000;2026-09-01T21:09:09.000;20.93;4.1;0.39;21.35;20.32;13
2026-09-02T04:19:23.000;2026-09-01T21:19:23.000;20.75;4.69;0.43;21.24;20.32;14
2026-09-02T04:29:37.000;2026-09-01T21:29:37.000;20.88;4.21;0.48;21.11;20.32;15
2026-09-02T04:39:52.000;2026-09-01T21:39:52.000;20.41;4.16;0.56;20.94;20.32;16
2026-09-02T04:50:06.000;2026-09-01T21:50:06.000;19.86;4.89;0.72;20.68;20.32;17
2026-09-02T05:10:37.000;2026-09-01T22:10:37.000;20.0;5.92;1.23;20.1;20.32;19
2026-09-02T05:20:51.000;2026-09-01T22:20:51.000;20.05;5.52;1.3;20.03;20.32;20
2026-09-02T05:31:05.000;2026-09-01T22:31:05.000;20.15;5.67;2.11;19.51;20.32;21
2026-09-02T05:41:18.000;2026-09-01T22:41:18.000;20.12;7.01;2.04;19.55;20.32;22
2026-09-02T05:51:32.000;2026-09-01T22:51:32.000;20.46;6.62;1.97;19.58;20.32;23
2026-09-02T06:01:46.000;2026-09-01T23:01:46.000;20.28;4.43;1.3;20.03;20.32;24
2026-09-02T06:12:00.000;2026-09-01T23:12:00.000;20.08;4.48;1.36;19.99;20.32;25
2026-09-02T06:22:14.000;2026-09-01T23:22:14.000;20.27;4.93;2.17;19.48;20.32;26
2026-09-02T06:32:27.000;2026-09-01T23:32:27.000;19.54;4.07;2.02;19.56;20.32;27
2026-09-02T06:42:41.000;2026-09-01T23:42:41.000;19.15;3.89;1.93;19.61;20.32;28
2026-09-02T06:52:55.000;2026-09-01T23:52:55.000;18.78;3.63;2.0;19.57;20.32;29
2026-09-02T07:03:08.000;2026-09-02T00:03:08.000;18.72;3.73;2.09;19.52;20.32;30
2026-09-02T07:13:22.000;2026-09-02T00:13:22.000;19.74;4.02;2.25;19.44;20.32;31
2026-09-02T07:23:37.000;2026-09-02T00:23:37.000;19.42;3.73;2.62;19.27;20.32;32
2026-09-02T07:33:51.000;2026-09-02T00:33:51.000;19.42;3.47;3.05;19.11;20.32;33
2026-09-02T07:44:05.000;2026-09-02T00:44:05.000;18.97;4.08;3.41;18.99;20.32;34
2026-09-02T07:54:19.000;2026-09-02T00:54:19.000;18.72;3.61;3.39;18.99;20.32;35
2026-09-02T08:04:33.000;2026-09-02T01:04:33.000;18.31;4.34;3.46;18.97;20.32;36
2026-09-02T08:14:46.000;2026-09-02T01:14:46.000;18.78;8.23;7.16;18.18;20.32;37
2026-09-02T08:25:00.000;2026-09-02T01:25:00.000;19.01;7.17;8.75;17.97;20.32;38
2026-09-02T08:35:15.000;2026-09-02T01:35:15.000;19.03;4.68;2.67;19.26;20.32;39
2026-09-02T08:45:29.000;2026-09-02T01:45:29.000;19.18;4.29;4.14;18.78;20.32;40
2026-09-02T08:55:42.000;2026-09-02T01:55:42.000;18.71;4.39;4.68;18.64;20.32;41
2026-09-02T09:05:56.000;2026-09-02T02:05:56.000;19.16;4.51;5.11;18.55;20.32;42
2026-09-02T09:16:10.000;2026-09-02T02:16:10.000;18.82;4.45;5.47;18.47;20.32;43
2026-09-02T09:26:24.000;2026-09-02T02:26:24.000;19.0;4.08;6.12;18.35;20.32;44
2026-09-02T09:36:38.000;2026-09-02T02:36:38.000;19.56;3.97;7.14;18.19;20.32;45
2026-09-02T09:46:52.000;2026-09-02T02:46:52.000;19.04;3.79;8.66;17.98;20.32;46
2026-09-02T09:57:06.000;2026-09-02T02:57:06.000;18.51;4.03;11.13;17.7;20.32;47
2026-09-02T10:07:20.000;2026-09-02T03:07:20.000;19.11;4.1;14.04;17.45;20.32;48
2026-09-02T10:27:47.000;2026-09-02T03:27:47.000;19.33;4.63;35.86;16.43;20.32;50
2026-09-02T10:38:01.000;2026-09-02T03:38:01.000;19.05;4.3;65.65;15.78;20.32;51
2026-09-02T10:48:17.000;2026-09-02T03:48:17.000;19.41;3.79;76.92;15.6;20.32;52
2026-09-02T10:58:30.000;2026-09-02T03:58:30.000;19.27;4.66;77.18;15.6;20.32;53
2026-09-02T11:08:44.000;2026-09-02T04:08:44.000;19.88;4.93;80.58;15.55;20.32;54
2026-09-02T11:18:59.000;2026-09-02T04:18:59.000;19.97;5.06;87.82;15.46;20.32;55
2026-09-02T11:29:13.000;2026-09-02T04:29:13.000;20.47;9.57;19.93;17.07;20.32;56
2026-09-02T11:39:27.000;2026-09-02T04:39:27.000;20.51;8.74;130.4;15.03;20.32;57
2026-09-02T11:49:41.000;2026-09-02T04:49:41.000;20.18;12.22;26.02;16.78;20.32;58
2026-09-02T11:59:55.000;2026-09-02T04:59:55.000;20.48;13.05;25.44;16.81;20.32;59
2026-09-02T12:10:09.000;2026-09-02T05:10:09.000;20.49;12.86;13.86;17.47;20.32;60
2026-09-02T12:20:23.000;2026-09-02T05:20:23.000;20.47;10.72;75.67;15.62;20.32;61
2026-09-02T12:30:36.000;2026-09-02T05:30:36.000;19.93;7.3;249.85;14.33;20.32;62
2026-09-02T12:40:50.000;2026-09-02T05:40:50.000;19.9;5.28;2963.37;11.64;20.32;63
2026-09-03T01:57:59.000;2026-09-02T18:57:59.000;22.16;12.45;7260.14;10.67;20.32;1
2026-09-03T02:08:13.000;2026-09-02T19:08:13.000;22.4;12.85;491.5;13.59;20.32;2
2026-09-03T02:18:28.000;2026-09-02T19:18:28.000;22.55;13.76;193.26;14.6;20.32;3
2026-09-03T02:28:42.000;2026-09-02T19:28:42.000;22.79;14.16;41.87;16.27;20.32;4
2026-09-03T02:38:57.000;2026-09-02T19:38:57.000;22.62;13.31;8.14;18.04;20.32;5
2026-09-03T02:49:11.000;2026-09-02T19:49:11.000;22.52;13.01;2.2;19.46;20.32;6
2026-09-03T02:59:25.000;2026-09-02T19:59:25.000;22.41;12.93;1.14;20.17;20.32;7
2026-09-03T03:09:39.000;2026-09-02T20:09:39.000;22.2;12.75;1.01;20.31;20.32;8
2026-09-03T03:19:52.000;2026-09-02T20:19:52.000;21.94;12.25;1.01;20.31;20.32;9
2026-09-03T03:30:06.000;2026-09-02T20:30:06.000;21.61;10.89;0.61;20.87;20.32;10
2026-09-03T03:40:21.000;2026-09-02T20:40:21.000;21.29;9.77;0.68;20.74;20.32;11
2026-09-03T03:55:56.000;2026-09-02T20:55:56.000;21.56;9.99;1.08;20.23;20.32;12
2026-09-03T04:06:15.000;2026-09-02T21:06:15.000;21.27;7.18;0.49;21.1;20.32;13
2026-09-03T04:16:27.000;2026-09-02T21:16:27.000;20.1;6.73;0.35;21.45;20.32;14
2026-09-03T04:26:41.000;2026-09-02T21:26:41.000;19.69;6.38;0.41;21.29;20.32;15
2026-09-03T04:36:54.000;2026-09-02T21:36:54.000;19.99;15.13;0.72;20.68;20.32;16
2026-09-03T04:47:08.000;2026-09-02T21:47:08.000;20.63;16.37;0.93;20.4;20.32;17
2026-09-03T04:57:22.000;2026-09-02T21:57:22.000;21.19;16.38;0.84;20.51;20.32;18
2026-09-03T05:07:37.000;2026-09-02T22:07:37.000;21.5;15.83;0.86;20.48;20.32;19
2026-09-03T05:17:51.000;2026-09-02T22:17:51.000;21.41;15.57;0.81;20.55;20.32;20
2026-09-03T05:28:08.000;2026-09-02T22:28:08.000;21.41;15.69;0.95;20.37;20.32;21
2026-09-03T05:38:22.000;2026-09-02T22:38:22.000;21.49;15.46;1.03;20.29;20.32;22
2026-09-03T05:48:36.000;2026-09-02T22:48:36.000;21.41;15.13;1.14;20.18;20.32;23
2026-09-03T05:58:50.000;2026-09-02T22:58:50.000;21.44;15.15;1.41;19.95;20.32;24
2026-09-03T06:09:03.000;2026-09-02T23:09:03.000;21.42;15.83;1.79;19.69;20.32;25
2026-09-03T06:19:17.000;2026-09-02T23:19:17.000;21.48;15.93;1.68;19.76;20.32;26
2026-09-03T06:29:31.000;2026-09-02T23:29:31.000;21.38;15.88;1.8;19.68;20.32;27
2026-09-03T06:39:45.000;2026-09-02T23:39:45.000;21.43;15.83;1.91;19.62;20.32;28
2026-09-03T06:49:59.000;2026-09-02T23:49:59.000;21.71;15.32;2.77;19.21;20.32;29
2026-09-03T07:00:14.000;2026-09-03T00:00:14.000;21.62;13.65;3.08;19.1;20.32;30
2026-09-03T07:10:28.000;2026-09-03T00:10:28.000;21.44;8.34;1.24;20.08;20.32;31
2026-09-03T07:20:42.000;2026-09-03T00:20:42.000;21.26;11.21;3.22;19.05;20.32;32
2026-09-03T07:30:56.000;2026-09-03T00:30:56.000;21.44;11.64;3.92;18.84;20.32;33
2026-09-03T07:41:10.000;2026-09-03T00:41:10.000;21.71;15.83;5.02;18.57;20.32;34
2026-09-03T07:51:24.000;2026-09-03T00:51:24.000;22.09;16.43;4.83;18.61;20.32;35
2026-09-03T08:01:38.000;2026-09-03T01:01:38.000;22.05;16.4;2.93;19.15;20.32;36
2026-09-03T08:11:55.000;2026-09-03T01:11:55.000;22.1;15.31;5.48;18.47;20.32;37
2026-09-03T08:22:09.000;2026-09-03T01:22:09.000;22.31;18.11;2.72;19.23;20.32;38
2026-09-03T08:32:23.000;2026-09-03T01:32:23.000;22.71;17.61;4.01;18.81;20.32;39
2026-09-03T08:42:37.000;2026-09-03T01:42:37.000;22.66;17.46;3.77;18.88;20.32;40
2026-09-03T08:52:51.000;2026-09-03T01:52:51.000;22.65;16.8;5.25;18.52;20.32;41
2026-09-03T09:03:05.000;2026-09-03T02:03:05.000;22.53;15.94;7.27;18.17;20.32;42
2026-09-03T09:13:18.000;2026-09-03T02:13:18.000;22.33;14.57;7.69;18.11;20.32;43
2026-09-03T09:23:32.000;2026-09-03T02:23:32.000;22.2;14.51;7.22;18.17;20.32;44
2026-09-03T09:33:46.000;2026-09-03T02:33:46.000;22.26;15.91;7.73;18.1;20.32;45
2026-09-03T09:44:00.000;2026-09-03T02:44:00.000;22.27;15.65;8.52;17.99;20.32;46
2026-09-03T09:54:15.000;2026-09-03T02:54:15.000;22.2;15.76;9.8;17.84;20.32;47
2026-09-03T10:04:28.000;2026-09-03T03:04:28.000;22.12;16.11;8.43;18.01;20.32;48
2026-09-03T10:14:42.000;2026-09-03T03:14:42.000;21.97;15.91;12.09;17.61;20.32;49
2026-09-03T10:24:59.000;2026-09-03T03:24:59.000;21.88;15.97;11.89;17.63;20.32;50
2026-09-03T10:35:13.000;2026-09-03T03:35:13.000;21.82;16.17;10.05;17.81;20.32;51
2026-09-03T10:45:27.000;2026-09-03T03:45:27.000;21.94;16.03;10.56;17.76;20.32;52
2026-09-03T10:55:41.000;2026-09-03T03:55:41.000;21.97;15.28;7.98;18.07;20.32;53
2026-09-03T11:05:55.000;2026-09-03T04:05:55.000;21.83;14.74;11.99;17.62;20.32;54
2026-09-03T11:16:09.000;2026-09-03T04:16:09.000;21.91;16.13;8.66;17.98;20.32;55
2026-09-03T11:26:22.000;2026-09-03T04:26:22.000;22.1;17.55;10.48;17.77;20.32;56
2026-09-03T11:36:37.000;2026-09-03T04:36:37.000;22.06;16.16;16.11;17.3;20.32;57
2026-09-03T11:46:50.000;2026-09-03T04:46:50.000;21.71;13.81;22.57;16.94;20.32;58
2026-09-03T11:57:04.000;2026-09-03T04:57:04.000;21.62;13.82;18.91;17.13;20.32;59
2026-09-03T12:17:31.000;2026-09-03T05:17:31.000;20.75;8.78;58.83;15.9;20.32;61
2026-09-03T12:27:45.000;2026-09-03T05:27:45.000;20.24;9.26;182.68;14.67;20.32;62
2026-09-03T12:37:58.000;2026-09-03T05:37:58.000;19.85;8.02;1205.01;12.62;20.32;63
2026-09-03T12:48:11.000;2026-09-03T05:48:11.000;19.79;8.23;15757.29;9.83;20.32;64
2026-09-04T02:04:30.000;2026-09-03T19:04:30.000;20.45;8.69;7338.04;10.66;20.32;1
2026-09-04T02:14:44.000;2026-09-03T19:14:44.000;20.28;7.9;763.15;13.11;20.32;2
2026-09-04T02:24:57.000;2026-09-03T19:24:57.000;19.93;6.63;76.32;15.61;20.32;3
2026-09-04T02:35:11.000;2026-09-03T19:35:11.000;19.47;5.8;6.17;18.34;20.32;4
2026-09-04T02:45:26.000;2026-09-03T19:45:26.000;19.58;6.4;1.33;20.01;20.32;5
2026-09-04T02:55:40.000;2026-09-03T19:55:40.000;19.82;6.28;0.57;20.94;20.32;6
2026-09-04T03:05:55.000;2026-09-03T20:05:55.000;20.13;5.96;0.48;21.12;20.32;7
2026-09-04T03:16:09.000;2026-09-03T20:16:09.000;20.61;5.81;0.38;21.38;20.32;8
2026-09-04T03:26:24.000;2026-09-03T20:26:24.000;20.72;5.77;0.44;21.2;20.32;9
2026-09-04T03:36:38.000;2026-09-03T20:36:38.000;20.65;5.43;0.43;21.23;20.32;10
2026-09-04T03:46:53.000;2026-09-03T20:46:53.000;20.53;5.22;0.43;21.23;20.32;11
2026-09-04T03:57:09.000;2026-09-03T20:57:09.000;20.64;5.34;0.38;21.38;20.32;12
2026-09-04T04:07:22.000;2026-09-03T21:07:22.000;20.9;5.27;0.37;21.4;20.32;13
2026-09-04T04:17:37.000;2026-09-03T21:17:37.000;21.05;5.27;0.39;21.35;20.32;14
2026-09-04T04:27:52.000;2026-09-03T21:27:52.000;21.02;5.08;0.4;21.31;20.32;15
2026-09-04T04:38:06.000;2026-09-03T21:38:06.000;20.99;4.93;0.39;21.35;20.32;16
2026-09-04T04:48:20.000;2026-09-03T21:48:20.000;20.72;5.09;0.4;21.32;20.32;17
2026-09-04T04:58:34.000;2026-09-03T21:58:34.000;20.74;5.52;0.48;21.12;20.32;18
2026-09-04T05:19:02.000;2026-09-03T22:19:02.000;19.62;8.35;0.54;20.99;20.32;20
2026-09-04T05:29:16.000;2026-09-03T22:29:16.000;20.22;8.28;0.48;21.11;20.32;21
2026-09-04T05:39:30.000;2026-09-03T22:39:30.000;20.54;5.17;0.32;21.57;20.32;22
2026-09-04T06:00:00.000;2026-09-03T23:00:00.000;20.29;3.84;0.41;21.3;20.32;24
2026-09-04T06:10:13.000;2026-09-03T23:10:13.000;19.99;3.64;0.4;21.32;20.32;25
2026-09-04T06:20:28.000;2026-09-03T23:20:28.000;19.4;3.74;0.43;21.23;20.32;26
2026-09-04T06:30:41.000;2026-09-03T23:30:41.000;19.22;3.55;0.45;21.19;20.32;27
2026-09-04T06:40:55.000;2026-09-03T23:40:55.000;19.0;3.49;0.55;20.97;20.32;28
2026-09-04T06:51:09.000;2026-09-03T23:51:09.000;19.12;3.82;0.53;21.02;20.32;29
2026-09-04T07:01:22.000;2026-09-04T00:01:22.000;19.12;3.67;0.53;21.0;20.32;30
2026-09-04T07:11:36.000;2026-09-04T00:11:36.000;18.98;3.39;0.65;20.79;20.32;31
2026-09-04T07:21:51.000;2026-09-04T00:21:51.000;18.95;3.03;0.67;20.75;20.32;32
2026-09-04T07:32:05.000;2026-09-04T00:32:05.000;18.93;3.85;0.83;20.52;20.32;33
2026-09-04T07:42:18.000;2026-09-04T00:42:18.000;19.16;8.42;1.26;20.07;20.32;34
2026-09-04T07:52:32.000;2026-09-04T00:52:32.000;19.91;12.94;2.39;19.37;20.32;35
2026-09-04T08:02:46.000;2026-09-04T01:02:46.000;20.27;10.75;2.12;19.5;20.32;36
2026-09-04T08:13:01.000;2026-09-04T01:13:01.000;20.27;9.83;1.91;19.62;20.32;37
2026-09-04T08:23:14.000;2026-09-04T01:23:14.000;19.95;7.61;1.56;19.84;20.32;38
2026-09-04T08:33:27.000;2026-09-04T01:33:27.000;19.33;5.37;1.79;19.69;20.32;39
2026-09-04T08:53:58.000;2026-09-04T01:53:58.000;18.89;4.47;1.76;19.7;20.32;41
2026-09-04T09:04:12.000;2026-09-04T02:04:12.000;18.98;3.57;1.36;19.98;20.32;42
2026-09-04T09:14:25.000;2026-09-04T02:14:25.000;18.97;5.22;2.27;19.43;20.32;43
2026-09-04T09:24:40.000;2026-09-04T02:24:40.000;19.13;4.91;2.55;19.3;20.32;44
2026-09-04T09:34:54.000;2026-09-04T02:34:54.000;18.98;3.46;1.99;19.57;20.32;45
2026-09-04T09:45:11.000;2026-09-04T02:45:11.000;18.9;3.21;1.61;19.8;20.32;46
2026-09-04T09:55:25.000;2026-09-04T02:55:25.000;18.95;2.99;1.85;19.65;20.32;47
2026-09-04T10:05:40.000;2026-09-04T03:05:40.000;19.13;3.37;1.93;19.61;20.32;48
2026-09-04T10:15:54.000;2026-09-04T03:15:54.000;18.97;2.88;2.01;19.56;20.32;49
2026-09-04T10:26:07.000;2026-09-04T03:26:07.000;18.76;2.77;2.2;19.46;20.32;50
2026-09-04T10:36:21.000;2026-09-04T03:36:21.000;18.52;2.71;2.47;19.34;20.32;51
2026-09-04T10:46:35.000;2026-09-04T03:46:35.000;18.48;2.65;2.82;19.2;20.32;52
2026-09-04T10:56:49.000;2026-09-04T03:56:49.000;18.44;3.14;3.22;19.05;20.32;53
2026-09-04T11:07:03.000;2026-09-04T04:07:03.000;18.42;2.91;3.78;18.88;20.32;54
2026-09-04T11:17:17.000;2026-09-04T04:17:17.000;18.3;4.53;5.19;18.53;20.32;55
2026-09-04T11:27:32.000;2026-09-04T04:27:32.000;18.25;3.8;6.94;18.22;20.32;56
2026-09-04T11:37:46.000;2026-09-04T04:37:46.000;18.32;3.01;6.94;18.22;20.32;57
2026-09-04T11:48:00.000;2026-09-04T04:48:00.000;18.63;2.73;8.61;17.98;20.32;58
2026-09-04T11:58:14.000;2026-09-04T04:58:14.000;18.58;2.7;12.58;17.57;20.32;59
2026-09-04T12:08:28.000;2026-09-04T05:08:28.000;18.51;4.05;19.24;17.11;20.32;60
2026-09-04T12:18:42.000;2026-09-04T05:18:42.000;18.54;3.04;26.12;16.78;20.32;61
2026-09-04T12:28:56.000;2026-09-04T05:28:56.000;18.51;3.46;105.5;15.26;20.32;62
2026-09-04T12:39:10.000;2026-09-04T05:39:10.000;18.37;3.67;993.8;12.83;20.32;63
2026-09-05T02:00:25.000;2026-09-04T19:00:25.000;21.62;5.9;8184.41;10.54;20.32;1
2026-09-05T02:10:39.000;2026-09-04T19:10:39.000;20.74;5.61;514.55;13.54;20.32;2
2026-09-05T02:20:52.000;2026-09-04T19:20:52.000;20.34;5.96;52.74;16.01;20.32;3
2026-09-05T02:31:05.000;2026-09-04T19:31:05.000;20.38;6.33;8.06;18.05;20.32;4
2026-09-05T02:41:19.000;2026-09-04T19:41:19.000;20.63;6.53;1.5;19.88;20.32;5
2026-09-05T02:51:34.000;2026-09-04T19:51:34.000;20.22;5.16;0.53;21.01;20.32;6
2026-09-05T03:01:48.000;2026-09-04T20:01:48.000;21.37;6.25;0.4;21.3;20.32;7
2026-09-05T03:12:03.000;2026-09-04T20:12:03.000;21.73;4.81;0.36;21.42;20.32;8
2026-09-05T03:22:17.000;2026-09-04T20:22:17.000;21.51;4.74;0.37;21.41;20.32;9
2026-09-05T03:32:31.000;2026-09-04T20:32:31.000;21.46;4.53;0.37;21.4;20.32;10
2026-09-05T03:42:48.000;2026-09-04T20:42:48.000;21.5;4.65;0.31;21.6;20.32;11
2026-09-05T03:53:01.000;2026-09-04T20:53:01.000;21.41;4.79;0.37;21.39;20.32;12
2026-09-05T04:03:16.000;2026-09-04T21:03:16.000;20.96;4.47;0.39;21.36;20.32;13
2026-09-05T04:13:30.000;2026-09-04T21:13:30.000;20.83;4.6;0.46;21.17;20.32;14
2026-09-05T04:23:43.000;2026-09-04T21:23:43.000;20.1;3.38;0.39;21.33;20.32;15
2026-09-05T04:33:56.000;2026-09-04T21:33:56.000;19.77;3.07;0.36;21.44;20.32;16
2026-09-05T04:44:10.000;2026-09-04T21:44:10.000;19.22;3.91;0.48;21.12;20.32;17
2026-09-05T04:54:24.000;2026-09-04T21:54:24.000;19.55;3.47;0.4;21.32;20.32;18
2026-09-05T05:04:37.000;2026-09-04T22:04:37.000;19.48;3.57;0.33;21.54;20.32;19
2026-09-05T05:14:51.000;2026-09-04T22:14:51.000;19.25;3.43;0.32;21.56;20.32;20
2026-09-05T05:25:08.000;2026-09-04T22:25:08.000;19.32;3.56;0.31;21.59;20.32;21
2026-09-05T05:35:23.000;2026-09-04T22:35:23.000;19.44;3.65;0.37;21.41;20.32;22
2026-09-05T05:55:50.000;2026-09-04T22:55:50.000;19.23;3.26;0.34;21.48;20.32;24
2026-09-05T06:06:04.000;2026-09-04T23:06:04.000;19.02;3.13;0.33;21.52;20.32;25
2026-09-05T06:16:18.000;2026-09-04T23:16:18.000;18.94;3.31;0.33;21.54;20.32;26
2026-09-05T06:26:32.000;2026-09-04T23:26:32.000;19.32;3.17;0.32;21.56;20.32;27
2026-09-05T06:36:46.000;2026-09-04T23:36:46.000;19.03;2.95;0.28;21.7;20.32;28
2026-09-05T06:47:00.000;2026-09-04T23:47:00.000;19.12;2.83;0.31;21.58;20.32;29
2026-09-05T06:57:15.000;2026-09-04T23:57:15.000;19.44;3.12;0.26;21.77;20.32;30
2026-09-05T07:07:29.000;2026-09-05T00:07:29.000;19.21;3.34;0.33;21.53;20.32;31
2026-09-05T07:17:43.000;2026-09-05T00:17:43.000;19.21;3.57;0.28;21.69;20.32;32
2026-09-05T07:27:56.000;2026-09-05T00:27:56.000;18.61;3.48;0.35;21.45;20.32;33
2026-09-05T07:38:10.000;2026-09-05T00:38:10.000;18.59;3.5;0.43;21.24;20.32;34
2026-09-05T07:48:23.000;2026-09-05T00:48:23.000;18.59;3.35;0.4;21.31;20.32;35
2026-09-05T07:58:38.000;2026-09-05T00:58:38.000;18.51;3.13;0.41;21.29;20.32;36
2026-09-05T08:08:52.000;2026-09-05T01:08:52.000;19.23;3.29;0.45;21.2;20.32;37
2026-09-05T08:19:06.000;2026-09-05T01:19:06.000;19.37;3.14;0.44;21.22;20.32;38
2026-09-05T08:29:20.000;2026-09-05T01:29:20.000;19.63;3.19;0.45;21.18;20.32;39
2026-09-05T08:39:34.000;2026-09-05T01:39:34.000;19.37;2.89;0.54;20.99;20.32;40
2026-09-05T08:49:47.000;2026-09-05T01:49:47.000;19.11;3.17;0.56;20.95;20.32;41
2026-09-05T09:00:01.000;2026-09-05T02:00:01.000;19.39;3.16;0.59;20.89;20.32;42
2026-09-05T09:10:15.000;2026-09-05T02:10:15.000;19.33;2.83;0.53;21.0;20.32;43
2026-09-05T09:20:29.000;2026-09-05T02:20:29.000;18.34;2.67;0.66;20.77;20.32;44
2026-09-05T09:30:43.000;2026-09-05T02:30:43.000;17.39;2.43;0.7;20.71;20.32;45
2026-09-05T09:40:56.000;2026-09-05T02:40:56.000;16.95;2.57;0.78;20.59;20.32;46
2026-09-05T09:51:10.000;2026-09-05T02:51:10.000;16.73;2.94;0.77;20.6;20.32;47
2026-09-05T10:01:24.000;2026-09-05T03:01:24.000;16.98;3.05;0.81;20.55;20.32;48
2026-09-05T10:11:38.000;2026-09-05T03:11:38.000;16.64;3.05;1.14;20.18;20.32;49
2026-09-05T10:21:52.000;2026-09-05T03:21:52.000;16.5;3.13;1.02;20.3;20.32;50
2026-09-05T10:32:06.000;2026-09-05T03:32:06.000;16.55;2.88;1.07;20.24;20.32;51
2026-09-05T10:42:20.000;2026-09-05T03:42:20.000;16.4;2.87;1.05;20.26;20.32;52
2026-09-05T10:52:34.000;2026-09-05T03:52:34.000;16.46;2.35;1.07;20.25;20.32;53
2026-09-05T11:02:48.000;2026-09-05T04:02:48.000;16.27;2.69;1.19;20.13;20.32;54
2026-09-05T11:13:02.000;2026-09-05T04:13:02.000;16.65;2.54;1.1;20.22;20.32;55
2026-09-05T11:23:16.000;2026-09-05T04:23:16.000;16.49;2.81;1.31;20.02;20.32;56
2026-09-05T11:33:30.000;2026-09-05T04:33:30.000;16.72;2.15;1.22;20.11;20.32;57
2026-09-05T11:43:44.000;2026-09-05T04:43:44.000;16.21;2.5;1.56;19.84;20.32;58
2026-09-05T11:53:58.000;2026-09-05T04:53:58.000;15.93;2.81;1.88;19.63;20.32;59
2026-09-05T12:04:12.000;2026-09-05T05:04:12.000;16.07;3.02;2.36;19.39;20.32;60
2026-09-05T12:14:26.000;2026-09-05T05:14:26.000;16.76;2.83;6.51;18.29;20.32;61
2026-09-05T12:24:40.000;2026-09-05T05:24:40.000;16.3;2.51;31.81;16.56;20.32;62
2026-09-05T12:34:54.000;2026-09-05T05:34:54.000;16.03;2.93;367.52;13.91;20.32;63
2026-09-05T12:45:08.000;2026-09-05T05:45:08.000;16.28;3.15;4504.21;11.19;20.32;64
2026-09-06T01:58:07.000;2026-09-05T18:58:07.000;27.58;9.03;9915.44;10.33;20.32;1
2026-09-06T02:08:21.000;2026-09-05T19:08:21.000;27.47;8.63;683.71;13.23;20.32;2
2026-09-06T02:18:34.000;2026-09-05T19:18:34.000;26.51;8.36;56.46;15.94;20.32;3
2026-09-06T02:28:48.000;2026-09-05T19:28:48.000;25.96;7.23;7.07;18.2;20.32;4
2026-09-06T02:39:01.000;2026-09-05T19:39:01.000;25.38;7.55;1.07;20.25;20.32;5
2026-09-06T02:49:14.000;2026-09-05T19:49:14.000;25.34;6.87;0.43;21.23;20.32;6
2026-09-06T02:59:28.000;2026-09-05T19:59:28.000;24.62;7.13;0.36;21.44;20.32;7
2026-09-06T03:09:42.000;2026-09-05T20:09:42.000;24.2;6.43;0.29;21.66;20.32;8
2026-09-06T03:19:55.000;2026-09-05T20:19:55.000;23.95;6.57;0.37;21.41;20.32;9
2026-09-06T03:30:10.000;2026-09-05T20:30:10.000;23.62;6.13;0.36;21.42;20.32;10
2026-09-06T03:40:23.000;2026-09-05T20:40:23.000;23.15;6.21;0.44;21.22;20.32;11
2026-09-06T03:50:37.000;2026-09-05T20:50:37.000;23.09;6.98;0.34;21.49;20.32;12
2026-09-06T04:00:51.000;2026-09-05T21:00:51.000;23.01;6.11;0.38;21.36;20.32;13
2026-09-06T04:11:05.000;2026-09-05T21:11:05.000;23.29;6.42;0.39;21.34;20.32;14
2026-09-06T04:21:19.000;2026-09-05T21:21:19.000;23.27;6.05;0.4;21.33;20.32;15
2026-09-06T04:41:47.000;2026-09-05T21:41:47.000;23.0;5.95;0.41;21.29;20.32;17
2026-09-06T04:52:00.000;2026-09-05T21:52:00.000;22.83;5.97;0.42;21.27;20.32;18
2026-09-06T05:12:28.000;2026-09-05T22:12:28.000;23.82;6.01;0.45;21.18;20.32;20
2026-09-06T05:22:42.000;2026-09-05T22:22:42.000;23.06;5.51;0.37;21.39;20.32;21
2026-09-06T05:32:56.000;2026-09-05T22:32:56.000;22.19;6.32;0.31;21.6;20.32;22
2026-09-06T05:43:09.000;2026-09-05T22:43:09.000;21.98;9.21;0.44;21.22;20.32;23
2026-09-06T06:03:38.000;2026-09-05T23:03:38.000;22.89;8.61;0.36;21.43;20.32;25
2026-09-06T06:13:52.000;2026-09-05T23:13:52.000;23.44;7.65;0.35;21.47;20.32;26
2026-09-06T06:24:06.000;2026-09-05T23:24:06.000;23.39;7.16;0.28;21.72;20.32;27
2026-09-06T06:34:19.000;2026-09-05T23:34:19.000;22.97;7.13;0.26;21.77;20.32;28
2026-09-06T06:44:33.000;2026-09-05T23:44:33.000;22.87;7.05;0.32;21.56;20.32;29
2026-09-06T06:54:47.000;2026-09-05T23:54:47.000;22.23;7.37;0.35;21.47;20.32;30
2026-09-06T07:05:00.000;2026-09-06T00:05:00.000;21.5;6.81;0.32;21.56;20.32;31
2026-09-06T07:15:14.000;2026-09-06T00:15:14.000;21.58;6.22;0.31;21.59;20.32;32
2026-09-06T07:25:28.000;2026-09-06T00:25:28.000;21.96;6.42;0.32;21.56;20.32;33
2026-09-06T07:35:42.000;2026-09-06T00:35:42.000;21.9;6.3;0.27;21.76;20.32;34
2026-09-06T07:45:57.000;2026-09-06T00:45:57.000;22.04;5.59;0.19;22.12;20.32;35
2026-09-06T07:56:11.000;2026-09-06T00:56:11.000;21.89;5.19;0.29;21.66;20.32;36
2026-09-06T08:06:27.000;2026-09-06T01:06:27.000;21.57;4.64;0.28;21.69;20.32;37
2026-09-06T08:16:40.000;2026-09-06T01:16:40.000;21.27;4.62;0.24;21.88;20.32;38
2026-09-06T08:26:54.000;2026-09-06T01:26:54.000;20.86;4.48;0.26;21.78;20.32;39
2026-09-06T08:37:07.000;2026-09-06T01:37:07.000;20.35;4.45;0.31;21.58;20.32;40
2026-09-06T08:47:21.000;2026-09-06T01:47:21.000;19.95;4.76;0.29;21.67;20.32;41
2026-09-06T08:57:35.000;2026-09-06T01:57:35.000;20.13;6.62;0.31;21.61;20.32;42
2026-09-06T09:07:48.000;2026-09-06T02:07:48.000;20.67;14.6;0.62;20.83;20.32;43
2026-09-06T09:18:02.000;2026-09-06T02:18:02.000;21.53;15.61;0.82;20.54;20.32;44
2026-09-06T09:28:16.000;2026-09-06T02:28:16.000;21.99;15.59;0.89;20.45;20.32;45
2026-09-06T09:38:31.000;2026-09-06T02:38:31.000;22.65;13.89;0.73;20.65;20.32;46
2026-09-06T09:48:45.000;2026-09-06T02:48:45.000;22.38;14.1;0.89;20.44;20.32;47
2026-09-06T09:59:00.000;2026-09-06T02:59:00.000;22.07;13.32;0.84;20.51;20.32;48
2026-09-06T10:09:14.000;2026-09-06T03:09:14.000;21.96;14.82;1.12;20.2;20.32;49
2026-09-06T10:19:28.000;2026-09-06T03:19:28.000;22.16;15.45;1.01;20.31;20.32;50
2026-09-06T10:29:42.000;2026-09-06T03:29:42.000;22.07;15.57;1.18;20.14;20.32;51
2026-09-06T10:39:56.000;2026-09-06T03:39:56.000;22.2;16.04;1.05;20.27;20.32;52
2026-09-06T10:50:09.000;2026-09-06T03:50:09.000;22.1;16.03;1.13;20.19;20.32;53
2026-09-06T11:00:25.000;2026-09-06T04:00:25.000;22.13;15.6;1.57;19.83;20.32;54
2026-09-06T11:10:39.000;2026-09-06T04:10:39.000;22.28;14.02;1.68;19.76;20.32;55
2026-09-06T11:20:53.000;2026-09-06T04:20:53.000;21.66;11.23;1.2;20.12;20.32;56
2026-09-06T11:31:07.000;2026-09-06T04:31:07.000;20.97;7.05;0.96;20.36;20.32;57
2026-09-06T11:41:21.000;2026-09-06T04:41:21.000;20.27;4.47;0.78;20.59;20.32;58
2026-09-06T11:51:34.000;2026-09-06T04:51:34.000;19.54;3.6;0.8;20.56;20.32;59
2026-09-06T12:01:48.000;2026-09-06T05:01:48.000;19.11;4.0;1.0;20.32;20.32;60
2026-09-06T12:12:02.000;2026-09-06T05:12:02.000;19.25;4.71;3.04;19.11;20.32;61
2026-09-06T12:22:16.000;2026-09-06T05:22:16.000;19.45;6.58;16.66;17.27;20.32;62
2026-09-06T12:32:30.000;2026-09-06T05:32:30.000;19.92;12.09;172.52;14.73;20.32;63
2026-09-06T12:42:44.000;2026-09-06T05:42:44.000;21.32;16.21;1837.57;12.16;20.32;64
2026-09-06T12:52:59.000;2026-09-06T05:52:59.000;21.53;16.64;28194.93;9.19;20.32;65
2026-09-07T01:55:56.000;2026-09-06T18:55:56.000;28.14;12.24;13473.73;10.0;20.32;1
2026-09-07T02:06:10.000;2026-09-06T19:06:10.000;28.57;15.52;996.47;12.82;20.32;2
2026-09-07T02:16:25.000;2026-09-06T19:16:25.000;28.21;13.14;82.75;15.53;20.32;3
2026-09-07T02:26:38.000;2026-09-06T19:26:38.000;28.1;13.21;10.17;17.8;20.32;4
2026-09-07T02:36:53.000;2026-09-06T19:36:53.000;27.91;15.16;2.01;19.56;20.32;5
2026-09-07T02:47:06.000;2026-09-06T19:47:06.000;27.77;13.7;0.78;20.59;20.32;6
2026-09-07T02:57:20.000;2026-09-06T19:57:20.000;27.64;13.77;0.56;20.96;20.32;7
2026-09-07T03:07:34.000;2026-09-06T20:07:34.000;27.69;13.85;0.58;20.91;20.32;8
2026-09-07T03:17:47.000;2026-09-06T20:17:47.000;27.76;13.03;0.56;20.94;20.32;9
2026-09-07T03:28:01.000;2026-09-06T20:28:01.000;27.37;14.99;0.66;20.77;20.32;10
2026-09-07T03:38:16.000;2026-09-06T20:38:16.000;27.4;15.23;0.67;20.76;20.32;11
2026-09-07T03:48:30.000;2026-09-06T20:48:30.000;27.26;15.25;0.71;20.69;20.32;12
2026-09-07T03:58:43.000;2026-09-06T20:58:43.000;26.95;13.73;0.55;20.97;20.32;13
2026-09-07T04:08:57.000;2026-09-06T21:08:57.000;26.6;9.62;0.51;21.04;20.32;14
2026-09-07T04:19:11.000;2026-09-06T21:19:11.000;25.98;6.35;0.48;21.11;20.32;15
2026-09-07T04:29:25.000;2026-09-06T21:29:25.000;25.37;6.52;0.42;21.27;20.32;16
2026-09-07T04:39:38.000;2026-09-06T21:39:38.000;25.17;5.9;0.35;21.47;20.32;17
2026-09-07T04:49:51.000;2026-09-06T21:49:51.000;24.4;5.6;0.47;21.13;20.32;18
2026-09-07T05:00:05.000;2026-09-06T22:00:05.000;23.79;5.65;0.41;21.28;20.32;19
2026-09-07T05:10:19.000;2026-09-06T22:10:19.000;23.18;7.71;0.52;21.04;20.32;20
2026-09-07T05:20:32.000;2026-09-06T22:20:32.000;23.19;9.81;0.57;20.92;20.32;21
2026-09-07T05:41:00.000;2026-09-06T22:41:00.000;23.33;15.35;0.73;20.66;20.32;23
2026-09-07T05:51:13.000;2026-09-06T22:51:13.000;23.99;17.22;0.76;20.62;20.32;24
2026-09-07T06:01:27.000;2026-09-06T23:01:27.000;24.83;12.91;0.47;21.15;20.32;25
2026-09-07T06:11:40.000;2026-09-06T23:11:40.000;24.63;7.43;0.32;21.57;20.32;26
2026-09-07T06:21:54.000;2026-09-06T23:21:54.000;24.87;6.97;0.31;21.57;20.32;27
2026-09-07T06:42:22.000;2026-09-06T23:42:22.000;24.26;5.62;0.32;21.56;20.32;29
2026-09-07T06:52:35.000;2026-09-06T23:52:35.000;23.67;7.85;0.28;21.69;20.32;30
2026-09-07T07:02:49.000;2026-09-07T00:02:49.000;23.86;11.02;0.46;21.16;20.32;31
2026-09-07T07:13:03.000;2026-09-07T00:13:03.000;24.35;11.67;0.44;21.2;20.32;32
2026-09-07T07:23:17.000;2026-09-07T00:23:17.000;24.11;9.46;0.47;21.15;20.32;33
2026-09-07T07:33:30.000;2026-09-07T00:33:30.000;23.39;8.06;0.31;21.58;20.32;34
2026-09-07T07:43:44.000;2026-09-07T00:43:44.000;23.03;7.42;0.31;21.6;20.32;35
2026-09-07T07:53:57.000;2026-09-07T00:53:57.000;22.71;9.54;0.36;21.43;20.32;36
2026-09-07T08:04:11.000;2026-09-07T01:04:11.000;23.2;10.95;0.4;21.31;20.32;37
2026-09-07T08:14:25.000;2026-09-07T01:14:25.000;23.42;12.43;0.32;21.56;20.32;38
2026-09-07T08:24:39.000;2026-09-07T01:24:39.000;23.73;15.62;0.55;20.97;20.32;39
2026-09-07T08:34:53.000;2026-09-07T01:34:53.000;24.03;15.89;0.43;21.24;20.32;40
2026-09-07T08:45:07.000;2026-09-07T01:45:07.000;24.14;15.99;0.43;21.23;20.32;41
2026-09-07T08:55:21.000;2026-09-07T01:55:21.000;24.3;15.25;0.43;21.22;20.32;42
2026-09-07T09:05:35.000;2026-09-07T02:05:35.000;24.31;14.37;0.48;21.11;20.32;43
2026-09-07T09:15:48.000;2026-09-07T02:15:48.000;23.92;14.05;0.39;21.33;20.32;44
2026-09-07T09:26:03.000;2026-09-07T02:26:03.000;23.86;12.53;0.27;21.76;20.32;45
2026-09-07T09:36:17.000;2026-09-07T02:36:17.000;23.48;11.38;0.28;21.71;20.32;46
2026-09-07T09:46:32.000;2026-09-07T02:46:32.000;23.2;15.45;0.51;21.04;20.32;47
2026-09-07T09:56:46.000;2026-09-07T02:56:46.000;23.5;17.67;0.47;21.14;20.32;48
2026-09-07T10:06:59.000;2026-09-07T03:06:59.000;23.57;17.95;0.52;21.02;20.32;49
2026-09-07T10:17:13.000;2026-09-07T03:17:13.000;23.61;17.69;0.46;21.17;20.32;50
2026-09-07T10:27:27.000;2026-09-07T03:27:27.000;23.68;16.57;0.42;21.25;20.32;51
2026-09-07T10:37:42.000;2026-09-07T03:37:42.000;23.75;16.23;0.52;21.02;20.32;52
2026-09-07T10:47:57.000;2026-09-07T03:47:57.000;23.9;13.38;0.4;21.32;20.32;53
2026-09-07T10:58:10.000;2026-09-07T03:58:10.000;23.49;15.57;0.49;21.09;20.32;54
2026-09-07T11:08:24.000;2026-09-07T04:08:24.000;23.31;16.47;0.55;20.97;20.32;55
2026-09-07T11:18:37.000;2026-09-07T04:18:37.000;23.17;16.88;0.6;20.88;20.32;56
2026-09-07T11:28:52.000;2026-09-07T04:28:52.000;23.07;16.77;0.93;20.4;20.32;57
2026-09-07T11:39:05.000;2026-09-07T04:39:05.000;22.98;13.88;0.69;20.73;20.32;58
2026-09-07T11:49:19.000;2026-09-07T04:49:19.000;23.07;8.83;0.7;20.7;20.32;59
2026-09-07T11:59:33.000;2026-09-07T04:59:33.000;22.83;7.73;0.73;20.66;20.32;60
2026-09-07T12:09:47.000;2026-09-07T05:09:47.000;22.48;7.19;2.0;19.57;20.32;61
2026-09-07T12:20:00.000;2026-09-07T05:20:00.000;21.69;9.57;18.81;17.13;20.32;62
2026-09-07T12:30:14.000;2026-09-07T05:30:14.000;21.37;11.79;122.56;15.1;20.32;63
2026-09-07T12:40:28.000;2026-09-07T05:40:28.000;21.91;13.6;1655.11;12.27;20.32;64
2026-09-07T12:50:42.000;2026-09-07T05:50:42.000;21.63;13.81;23143.29;9.41;20.32;65
2026-09-07T19:31:16.000;2026-09-07T12:31:16.000;48.21;31.26;5317.76;11.01;20.32;1
2026-09-07T19:48:18.000;2026-09-07T12:48:18.000;33.35;28.34;538.39;13.67;20.32;1
2026-09-07T19:53:08.000;2026-09-07T12:53:08.000;31.04;27.59;472.47;13.81;20.32;1
2026-09-07T19:54:36.000;2026-09-07T12:54:36.000;30.58;28.21;527.39;13.69;20.32;1
2026-09-07T19:56:25.000;2026-09-07T12:56:25.000;30.35;28.09;551.19;13.65;20.32;1
2026-09-07T19:58:09.000;2026-09-07T12:58:09.000;30.22;28.05;553.92;13.64;20.32;1
2026-09-07T20:02:11.000;2026-09-07T13:02:11.000;29.76;27.5;365.2;14.09;20.32;1
2026-09-07T20:03:11.000;2026-09-07T13:03:11.000;29.76;27.87;391.81;14.02;20.32;1
2026-09-07T20:04:14.000;2026-09-07T13:04:14.000;29.76;27.34;293.43;14.33;20.32;1
2026-09-07T20:05:26.000;2026-09-07T13:05:26.000;29.72;27.51;288.31;14.35;20.32;1
2026-09-07T20:10:31.000;2026-09-07T13:10:31.000;28.75;27.28;243.33;14.53;20.32;1
2026-09-07T20:11:23.000;2026-09-07T13:11:23.000;28.61;27.29;234.35;14.58;20.32;1
2026-09-07T20:15:37.000;2026-09-07T13:15:37.000;28.27;27.32;254.06;14.49;20.32;1
2026-09-07T20:17:15.000;2026-09-07T13:17:15.000;28.26;27.26;214.68;14.67;20.32;1
2026-09-07T20:19:23.000;2026-09-07T13:19:23.000;28.24;27.27;248.11;14.51;20.32;1
2026-09-07T20:23:28.000;2026-09-07T13:23:28.000;28.13;27.34;243.18;14.54;20.32;1
2026-09-07T20:25:37.000;2026-09-07T13:25:37.000;28.28;27.27;321.63;14.23;20.32;1
2026-09-07T20:29:06.000;2026-09-07T13:29:06.000;28.39;27.32;399.67;14.0;20.32;1
2026-09-07T20:31:49.000;2026-09-07T13:31:49.000;28.57;27.34;406.25;13.98;20.32;1
2026-09-07T20:33:04.000;2026-09-07T13:33:04.000;28.6;27.41;429.21;13.92;20.32;1
2026-09-07T20:43:05.000;2026-09-07T13:43:05.000;28.0;27.5;374.65;14.07;20.32;2
2026-09-07T20:52:56.000;2026-09-07T13:52:56.000;27.48;27.26;402.52;13.99;20.32;1
2026-09-07T20:55:59.000;2026-09-07T13:55:59.000;27.53;27.13;301.27;14.3;20.32;1
2026-09-07T21:05:59.000;2026-09-07T14:05:59.000;27.46;27.18;238.4;14.56;20.32;2
2026-09-07T21:10:12.000;2026-09-07T14:10:12.000;27.31;27.19;235.77;14.57;20.32;1
2026-09-07T21:13:15.000;2026-09-07T14:13:15.000;27.28;27.09;329.69;14.2;20.32;1
2026-09-07T21:14:18.000;2026-09-07T14:14:18.000;27.4;27.04;316.85;14.25;20.32;1
2026-09-07T21:18:13.000;2026-09-07T14:18:13.000;27.56;27.1;193.31;14.78;20.32;1
2026-09-07T21:23:01.000;2026-09-07T14:23:01.000;27.58;26.72;385.93;14.03;20.32;1
2026-09-07T21:26:51.000;2026-09-07T14:26:51.000;27.47;26.75;458.14;13.85;20.32;1
2026-09-07T21:27:45.000;2026-09-07T14:27:45.000;27.51;26.75;371.68;14.07;20.32;1
2026-09-07T21:30:22.000;2026-09-07T14:30:22.000;27.6;26.8;335.65;14.19;20.32;1
2026-09-07T21:34:43.000;2026-09-07T14:34:43.000;27.28;26.65;432.78;13.91;20.32;1
2026-09-07T21:46:14.000;2026-09-07T14:46:14.000;27.58;27.13;386.69;14.03;20.5;2
2026-09-07T21:47:14.000;2026-09-07T14:47:14.000;27.68;27.2;403.12;13.99;20.5;3
2026-09-07T21:48:14.000;2026-09-07T14:48:14.000;27.79;27.24;455.59;13.85;20.5;4
2026-09-07T21:49:14.000;2026-09-07T14:49:14.000;27.9;27.24;540.55;13.67;20.5;5
2026-09-07T21:50:14.000;2026-09-07T14:50:14.000;27.98;27.27;561.79;13.63;20.5;6
2026-09-07T21:51:14.000;2026-09-07T14:51:14.000;28.07;27.27;565.73;13.62;20.5;7
2026-09-08T01:55:34.000;2026-09-07T18:55:34.000;26.76;7.12;9918.46;10.33;20.32;1
2026-09-08T02:05:48.000;2026-09-07T19:05:48.000;26.63;7.1;643.71;13.3;20.32;2
2026-09-08T02:16:02.000;2026-09-07T19:16:02.000;26.22;7.48;75.07;15.63;20.32;3
2026-09-08T02:26:16.000;2026-09-07T19:26:16.000;26.03;7.24;10.19;17.8;20.32;4
2026-09-08T02:36:29.000;2026-09-07T19:36:29.000;26.31;8.14;2.15;19.49;20.32;5
2026-09-08T02:46:43.000;2026-09-07T19:46:43.000;26.36;7.5;0.5;21.07;20.32;6
2026-09-08T02:56:57.000;2026-09-07T19:56:57.000;25.81;7.66;0.42;21.25;20.32;7
2026-09-08T03:07:12.000;2026-09-07T20:07:12.000;25.33;6.47;0.38;21.37;20.32;8
2026-09-08T03:17:26.000;2026-09-07T20:17:26.000;24.97;7.23;0.41;21.3;20.32;9
2026-09-08T03:27:39.000;2026-09-07T20:27:39.000;24.52;7.03;0.39;21.34;20.32;10
2026-09-08T03:37:52.000;2026-09-07T20:37:52.000;23.94;8.15;0.42;21.26;20.32;11
2026-09-08T03:58:20.000;2026-09-07T20:58:20.000;24.05;15.33;0.9;20.43;20.32;13
2026-09-08T04:08:34.000;2026-09-07T21:08:34.000;24.31;16.33;1.08;20.24;20.32;14
2026-09-08T04:18:48.000;2026-09-07T21:18:48.000;24.45;16.19;0.9;20.44;20.32;15
2026-09-08T04:29:03.000;2026-09-07T21:29:03.000;24.86;16.72;0.84;20.51;20.32;16
2026-09-08T04:39:17.000;2026-09-07T21:39:17.000;24.8;17.44;1.05;20.27;20.32;17
2026-09-08T04:49:31.000;2026-09-07T21:49:31.000;24.81;17.16;0.92;20.41;20.32;18
2026-09-08T04:59:51.000;2026-09-07T21:59:51.000;24.74;15.9;0.98;20.34;20.32;19
2026-09-08T05:10:04.000;2026-09-07T22:10:04.000;25.16;10.34;0.53;21.01;20.32;20
2026-09-08T05:20:18.000;2026-09-07T22:20:18.000;25.17;8.97;0.6;20.87;20.32;21
2026-09-08T05:30:32.000;2026-09-07T22:30:32.000;24.64;9.53;0.56;20.94;20.32;22
2026-09-08T05:40:46.000;2026-09-07T22:40:46.000;24.6;10.55;0.57;20.93;20.32;23
2026-09-08T05:50:59.000;2026-09-07T22:50:59.000;24.53;12.21;0.63;20.82;20.32;24
2026-09-08T06:01:13.000;2026-09-07T23:01:13.000;24.54;13.84;0.68;20.75;20.32;25
2026-09-08T06:11:27.000;2026-09-07T23:11:27.000;24.46;13.69;0.69;20.72;20.32;26
2026-09-08T06:21:41.000;2026-09-07T23:21:41.000;23.98;10.91;0.53;21.01;20.32;27
2026-09-08T06:31:55.000;2026-09-07T23:31:55.000;23.83;7.83;0.39;21.34;20.32;28
2026-09-08T06:42:09.000;2026-09-07T23:42:09.000;23.63;8.21;0.48;21.11;20.32;29
2026-09-08T06:52:23.000;2026-09-07T23:52:23.000;23.68;8.61;0.47;21.14;20.32;30
2026-09-08T07:02:37.000;2026-09-08T00:02:37.000;23.67;8.63;0.43;21.24;20.32;31
2026-09-08T07:12:51.000;2026-09-08T00:12:51.000;23.54;7.89;0.39;21.35;20.32;32
2026-09-08T07:23:05.000;2026-09-08T00:23:05.000;23.65;9.25;0.34;21.49;20.32;33
2026-09-08T07:33:19.000;2026-09-08T00:33:19.000;23.74;11.81;0.41;21.28;20.32;34
2026-09-08T07:43:33.000;2026-09-08T00:43:33.000;23.95;14.45;0.53;21.01;20.32;35
2026-09-08T07:53:47.000;2026-09-08T00:53:47.000;24.34;16.01;0.62;20.84;20.32;36
2026-09-08T08:04:01.000;2026-09-08T01:04:01.000;24.4;15.53;0.48;21.11;20.32;37
2026-09-08T08:14:16.000;2026-09-08T01:14:16.000;24.49;16.63;0.48;21.12;20.32;38
2026-09-08T08:24:30.000;2026-09-08T01:24:30.000;24.58;18.69;0.7;20.71;20.32;39
2026-09-08T08:34:45.000;2026-09-08T01:34:45.000;24.57;17.84;0.56;20.95;20.32;40
2026-09-08T08:44:59.000;2026-09-08T01:44:59.000;24.39;17.3;0.71;20.69;20.32;41
2026-09-08T08:55:12.000;2026-09-08T01:55:12.000;24.11;17.43;0.73;20.66;20.32;42
2026-09-08T09:05:26.000;2026-09-08T02:05:26.000;23.77;17.17;1.1;20.22;20.32;43
2026-09-08T09:15:40.000;2026-09-08T02:15:40.000;23.37;16.88;0.99;20.33;20.32;44
2026-09-08T09:25:53.000;2026-09-08T02:25:53.000;23.22;16.14;0.77;20.6;20.32;45
2026-09-08T09:36:07.000;2026-09-08T02:36:07.000;22.75;13.18;0.6;20.88;20.32;46
2026-09-08T09:46:20.000;2026-09-08T02:46:20.000;22.15;12.37;0.57;20.93;20.32;47
2026-09-08T09:56:33.000;2026-09-08T02:56:33.000;22.17;11.34;0.49;21.11;20.32;48
2026-09-08T10:06:47.000;2026-09-08T03:06:47.000;22.04;8.83;0.28;21.72;20.32;49
2026-09-08T10:17:01.000;2026-09-08T03:17:01.000;21.82;12.51;0.53;21.01;20.32;50
2026-09-08T10:27:15.000;2026-09-08T03:27:15.000;22.63;13.93;0.57;20.93;20.32;51
2026-09-08T10:37:28.000;2026-09-08T03:37:28.000;22.51;10.18;0.41;21.27;20.32;52
2026-09-08T10:47:42.000;2026-09-08T03:47:42.000;22.15;8.19;0.5;21.08;20.32;53
2026-09-08T10:57:56.000;2026-09-08T03:57:56.000;21.89;8.18;0.43;21.25;20.32;54
2026-09-08T11:08:09.000;2026-09-08T04:08:09.000;21.5;8.53;0.46;21.16;20.32;55
2026-09-08T11:18:23.000;2026-09-08T04:18:23.000;21.11;8.03;0.49;21.09;20.32;56
2026-09-08T11:28:37.000;2026-09-08T04:28:37.000;20.57;8.26;0.42;21.26;20.32;57
2026-09-08T11:38:51.000;2026-09-08T04:38:51.000;20.08;10.24;0.5;21.07;20.32;58
2026-09-08T11:49:05.000;2026-09-08T04:49:05.000;20.21;10.41;0.7;20.7;20.32;59
2026-09-08T11:59:18.000;2026-09-08T04:59:18.000;20.39;10.66;0.9;20.44;20.32;60
2026-09-08T12:09:32.000;2026-09-08T05:09:32.000;20.77;10.51;2.22;19.45;20.32;61
2026-09-08T12:19:47.000;2026-09-08T05:19:47.000;20.98;12.48;9.99;17.82;20.32;62
2026-09-08T12:30:00.000;2026-09-08T05:30:00.000;21.26;14.07;55.59;15.96;20.32;63
2026-09-08T12:40:14.000;2026-09-08T05:40:14.000;21.21;13.84;978.63;12.84;20.32;64
2026-09-08T12:50:28.000;2026-09-08T05:50:28.000;20.91;11.63;16874.67;9.75;20.32;65
2026-09-09T01:50:25.000;2026-09-08T18:50:25.000;27.7;17.98;23406.12;9.4;20.32;1
2026-09-09T02:00:39.000;2026-09-08T19:00:39.000;27.62;18.22;1294.98;12.54;20.32;2
2026-09-09T02:10:53.000;2026-09-08T19:10:53.000;27.74;17.88;115.69;15.16;20.32;3
2026-09-09T02:21:08.000;2026-09-08T19:21:08.000;27.93;17.66;11.47;17.67;20.32;4
2026-09-09T02:31:23.000;2026-09-08T19:31:23.000;26.26;16.91;2.44;19.35;20.32;5
2026-09-09T02:41:36.000;2026-09-08T19:41:36.000;26.05;18.07;1.51;19.87;20.32;6
2026-09-09T02:51:50.000;2026-09-08T19:51:50.000;26.39;18.16;0.94;20.39;20.32;7
2026-09-09T03:02:04.000;2026-09-08T20:02:04.000;26.23;18.44;1.22;20.1;20.32;8
2026-09-09T03:12:18.000;2026-09-08T20:12:18.000;26.11;17.79;1.42;19.94;20.32;9
2026-09-09T03:22:32.000;2026-09-08T20:22:32.000;25.92;17.18;0.84;20.51;20.32;10
2026-09-09T03:32:45.000;2026-09-08T20:32:45.000;25.69;16.12;0.74;20.64;20.32;11
2026-09-09T03:42:59.000;2026-09-08T20:42:59.000;25.44;14.28;0.44;21.22;20.32;12
2026-09-09T03:53:13.000;2026-09-08T20:53:13.000;25.19;13.37;0.46;21.17;20.32;13
2026-09-09T04:03:27.000;2026-09-08T21:03:27.000;24.99;16.96;0.75;20.63;20.32;14
2026-09-09T04:13:40.000;2026-09-08T21:13:40.000;25.09;17.26;0.79;20.58;20.32;15
2026-09-09T04:23:54.000;2026-09-08T21:23:54.000;24.99;16.01;0.6;20.87;20.32;16
2026-09-09T04:34:09.000;2026-09-08T21:34:09.000;24.79;15.35;0.6;20.88;20.32;17
2026-09-09T04:44:23.000;2026-09-08T21:44:23.000;24.57;13.54;0.77;20.6;20.32;18
2026-09-09T04:54:37.000;2026-09-08T21:54:37.000;24.56;13.7;1.06;20.26;20.32;19
2026-09-09T05:04:50.000;2026-09-08T22:04:50.000;24.6;13.0;0.59;20.9;20.32;20
2026-09-09T05:15:04.000;2026-09-08T22:15:04.000;24.09;12.74;0.48;21.12;20.32;21
2026-09-09T05:25:17.000;2026-09-08T22:25:17.000;23.65;13.11;0.66;20.78;20.32;22
2026-09-09T05:35:31.000;2026-09-08T22:35:31.000;23.33;12.85;0.49;21.1;20.32;23
2026-09-09T05:45:44.000;2026-09-08T22:45:44.000;23.69;12.48;0.5;21.07;20.32;24
2026-09-09T05:55:59.000;2026-09-08T22:55:59.000;23.63;11.37;0.43;21.24;20.32;25
2026-09-09T06:06:13.000;2026-09-08T23:06:13.000;22.98;9.47;0.43;21.24;20.32;26
2026-09-09T06:16:26.000;2026-09-08T23:16:26.000;22.38;8.7;0.39;21.34;20.32;27
2026-09-09T06:26:40.000;2026-09-08T23:26:40.000;22.07;8.29;0.37;21.41;20.32;28
2026-09-09T06:36:54.000;2026-09-08T23:36:54.000;21.73;7.31;0.28;21.69;20.32;29
2026-09-09T06:47:08.000;2026-09-08T23:47:08.000;21.24;7.78;0.36;21.42;20.32;30
2026-09-09T06:57:22.000;2026-09-08T23:57:22.000;21.2;9.81;0.38;21.38;20.32;31
2026-09-09T07:07:36.000;2026-09-09T00:07:36.000;21.54;13.54;0.48;21.12;20.32;32
2026-09-09T07:17:51.000;2026-09-09T00:17:51.000;22.18;14.9;0.59;20.88;20.32;33
2026-09-09T07:28:05.000;2026-09-09T00:28:05.000;22.87;15.98;0.61;20.85;20.32;34
2026-09-09T07:38:19.000;2026-09-09T00:38:19.000;23.68;15.93;0.6;20.87;20.32;35
2026-09-09T07:48:33.000;2026-09-09T00:48:33.000;23.95;15.89;0.5;21.06;20.32;36
2026-09-09T07:58:47.000;2026-09-09T00:58:47.000;23.76;15.7;0.55;20.97;20.32;37
2026-09-09T08:09:01.000;2026-09-09T01:09:01.000;23.9;15.9;0.55;20.97;20.32;38
2026-09-09T08:19:15.000;2026-09-09T01:19:15.000;24.11;15.63;0.55;20.97;20.32;39
2026-09-09T08:29:29.000;2026-09-09T01:29:29.000;23.85;15.47;0.48;21.12;20.32;40
2026-09-09T08:39:42.000;2026-09-09T01:39:42.000;23.47;15.23;0.51;21.06;20.32;41
2026-09-09T08:49:56.000;2026-09-09T01:49:56.000;23.06;14.88;0.46;21.15;20.32;42
2026-09-09T09:00:09.000;2026-09-09T02:00:09.000;22.79;14.77;0.45;21.2;20.32;43
2026-09-09T09:10:22.000;2026-09-09T02:10:22.000;22.77;14.94;0.48;21.11;20.32;44
2026-09-09T09:20:36.000;2026-09-09T02:20:36.000;22.49;14.94;0.49;21.1;20.32;45
2026-09-09T09:30:50.000;2026-09-09T02:30:50.000;22.19;14.94;0.59;20.89;20.32;46
2026-09-09T09:41:04.000;2026-09-09T02:41:04.000;21.95;14.18;0.46;21.17;20.32;47
2026-09-09T09:51:17.000;2026-09-09T02:51:17.000;21.81;13.14;0.42;21.26;20.32;48
2026-09-09T10:01:31.000;2026-09-09T03:01:31.000;21.38;10.58;0.29;21.68;20.32;49
2026-09-09T10:11:44.000;2026-09-09T03:11:44.000;20.84;8.98;0.29;21.67;20.32;50
2026-09-09T10:21:58.000;2026-09-09T03:21:58.000;20.72;5.74;0.2;22.09;20.32;51
2026-09-09T10:32:12.000;2026-09-09T03:32:12.000;19.94;4.82;0.26;21.78;20.32;52
2026-09-09T10:42:25.000;2026-09-09T03:42:25.000;19.35;4.71;0.21;21.99;20.32;53
2026-09-09T10:52:39.000;2026-09-09T03:52:39.000;19.07;4.95;0.26;21.76;20.32;54
2026-09-09T11:02:52.000;2026-09-09T04:02:52.000;18.87;4.77;0.27;21.74;20.32;55
2026-09-09T11:13:06.000;2026-09-09T04:13:06.000;18.79;5.02;0.28;21.71;20.32;56
2026-09-09T11:23:20.000;2026-09-09T04:23:20.000;19.29;5.23;0.24;21.89;20.32;57
2026-09-09T11:33:34.000;2026-09-09T04:33:34.000;20.27;5.32;0.29;21.65;20.32;58
2026-09-09T11:43:48.000;2026-09-09T04:43:48.000;20.71;5.7;0.32;21.57;20.32;59
2026-09-09T11:54:02.000;2026-09-09T04:54:02.000;20.46;5.7;0.36;21.42;20.32;60
2026-09-09T12:04:15.000;2026-09-09T05:04:15.000;20.02;6.69;0.74;20.64;20.32;61
2026-09-09T12:14:29.000;2026-09-09T05:14:29.000;20.21;7.79;3.13;19.08;20.32;62
2026-09-09T12:24:44.000;2026-09-09T05:24:44.000;20.38;6.72;21.19;17.0;20.32;63
2026-09-09T12:34:58.000;2026-09-09T05:34:58.000;20.78;6.92;198.84;14.57;20.32;64
2026-09-09T12:45:12.000;2026-09-09T05:45:12.000;20.31;10.01;2886.38;11.67;20.32;65
2026-09-10T01:51:55.000;2026-09-09T18:51:55.000;22.27;9.79;11182.98;10.2;20.32;1
2026-09-10T02:02:09.000;2026-09-09T19:02:09.000;22.75;11.37;1011.31;12.81;20.32;2
2026-09-10T02:12:24.000;2026-09-09T19:12:24.000;22.72;13.67;88.1;15.46;20.32;3
2026-09-10T02:22:38.000;2026-09-09T19:22:38.000;23.22;15.39;15.43;17.35;20.32;4
2026-09-10T02:32:53.000;2026-09-09T19:32:53.000;23.24;13.4;4.9;18.59;20.32;5
2026-09-10T02:43:08.000;2026-09-09T19:43:08.000;23.41;13.75;2.21;19.46;20.32;6
2026-09-10T02:53:23.000;2026-09-09T19:53:23.000;23.96;15.07;2.15;19.49;20.32;7
2026-09-10T03:03:38.000;2026-09-09T20:03:38.000;24.04;13.77;1.9;19.62;20.32;8
2026-09-10T03:13:53.000;2026-09-09T20:13:53.000;24.06;13.92;1.51;19.87;20.32;9
2026-09-10T03:24:08.000;2026-09-09T20:24:08.000;24.12;14.79;1.38;19.97;20.32;10
2026-09-10T03:34:22.000;2026-09-09T20:34:22.000;24.36;15.05;1.26;20.07;20.32;11
2026-09-10T03:44:37.000;2026-09-09T20:44:37.000;24.51;15.5;1.05;20.27;20.32;12
2026-09-10T03:54:52.000;2026-09-09T20:54:52.000;24.33;15.99;1.08;20.24;20.32;13
2026-09-10T04:05:05.000;2026-09-09T21:05:05.000;24.66;17.07;1.21;20.11;20.32;14
2026-09-10T04:25:35.000;2026-09-09T21:25:35.000;24.61;16.82;0.96;20.36;20.32;16
2026-09-10T04:35:49.000;2026-09-09T21:35:49.000;25.23;17.14;0.98;20.35;20.32;17
2026-09-10T04:46:05.000;2026-09-09T21:46:05.000;25.49;17.35;0.97;20.36;20.32;18
2026-09-10T04:56:19.000;2026-09-09T21:56:19.000;25.4;17.1;1.06;20.26;20.32;19
2026-09-10T05:06:34.000;2026-09-09T22:06:34.000;25.24;17.59;1.1;20.21;20.32;20
2026-09-10T05:16:48.000;2026-09-09T22:16:48.000;25.12;17.3;0.91;20.42;20.32;21
2026-09-10T05:27:02.000;2026-09-09T22:27:02.000;24.99;16.64;0.91;20.42;20.32;22
2026-09-10T05:37:17.000;2026-09-09T22:37:17.000;24.84;16.28;0.92;20.41;20.32;23
2026-09-10T05:47:32.000;2026-09-09T22:47:32.000;25.0;16.84;1.05;20.27;20.32;24
2026-09-10T05:57:46.000;2026-09-09T22:57:46.000;24.01;14.86;1.07;20.25;20.32;25
2026-09-10T06:08:00.000;2026-09-09T23:08:00.000;23.13;14.53;0.86;20.48;20.32;26
2026-09-10T06:18:14.000;2026-09-09T23:18:14.000;22.84;14.74;0.94;20.39;20.32;27
2026-09-10T06:28:29.000;2026-09-09T23:28:29.000;22.71;15.05;0.97;20.35;20.32;28
2026-09-10T06:38:43.000;2026-09-09T23:38:43.000;22.91;15.85;0.95;20.38;20.32;29
2026-09-10T06:48:59.000;2026-09-09T23:48:59.000;22.97;16.21;0.79;20.57;20.32;30
2026-09-10T06:59:13.000;2026-09-09T23:59:13.000;21.34;15.93;0.75;20.64;20.32;31
2026-09-10T07:09:27.000;2026-09-10T00:09:27.000;20.97;14.85;0.56;20.95;20.32;32
2026-09-10T07:19:41.000;2026-09-10T00:19:41.000;19.21;14.95;0.72;20.67;20.32;33
2026-09-10T07:29:55.000;2026-09-10T00:29:55.000;18.38;14.59;0.64;20.81;20.32;34
2026-09-10T07:40:09.000;2026-09-10T00:40:09.000;18.15;14.64;0.71;20.69;20.32;35
2026-09-10T07:50:24.000;2026-09-10T00:50:24.000;18.05;14.44;0.71;20.69;20.32;36
2026-09-10T08:00:38.000;2026-09-10T01:00:38.000;18.25;14.06;0.53;21.01;20.32;37
2026-09-10T08:10:53.000;2026-09-10T01:10:53.000;19.08;15.66;0.63;20.82;20.32;38
2026-09-10T08:21:08.000;2026-09-10T01:21:08.000;19.73;15.7;0.53;21.01;20.32;39
2026-09-10T08:31:23.000;2026-09-10T01:31:23.000;21.04;15.58;0.59;20.89;20.32;40
2026-09-10T08:41:37.000;2026-09-10T01:41:37.000;21.32;15.91;0.54;20.99;20.32;41
2026-09-10T08:51:51.000;2026-09-10T01:51:51.000;21.98;16.88;0.64;20.81;20.32;42
2026-09-10T09:02:05.000;2026-09-10T02:02:05.000;22.57;17.04;0.66;20.77;20.32;43
2026-09-10T09:12:20.000;2026-09-10T02:12:20.000;23.63;15.47;0.65;20.78;20.32;44
2026-09-10T09:22:34.000;2026-09-10T02:22:34.000;22.97;9.25;0.47;21.14;20.32;45
2026-09-10T09:32:48.000;2026-09-10T02:32:48.000;21.52;4.56;0.28;21.7;20.32;46
2026-09-10T09:43:02.000;2026-09-10T02:43:02.000;20.6;3.41;0.31;21.61;20.32;47
2026-09-10T09:53:16.000;2026-09-10T02:53:16.000;19.96;3.54;0.26;21.78;20.32;48
2026-09-10T10:03:29.000;2026-09-10T03:03:29.000;19.73;5.63;0.33;21.53;20.32;49
2026-09-10T10:13:44.000;2026-09-10T03:13:44.000;19.67;7.41;0.31;21.6;20.32;50
2026-09-10T10:23:59.000;2026-09-10T03:23:59.000;19.78;7.4;0.41;21.29;20.32;51
2026-09-10T10:34:14.000;2026-09-10T03:34:14.000;19.41;7.42;0.52;21.04;20.32;52
2026-09-10T10:44:28.000;2026-09-10T03:44:28.000;19.04;7.1;0.45;21.18;20.32;53
2026-09-10T10:54:42.000;2026-09-10T03:54:42.000;18.78;6.73;0.44;21.22;20.32;54
2026-09-10T11:04:56.000;2026-09-10T04:04:56.000;18.16;6.05;0.51;21.06;20.32;55
2026-09-10T11:15:10.000;2026-09-10T04:15:10.000;18.06;6.28;0.43;21.24;20.32;56
2026-09-10T11:25:24.000;2026-09-10T04:25:24.000;18.26;6.73;0.4;21.32;20.32;57
2026-09-10T11:35:39.000;2026-09-10T04:35:39.000;18.95;6.45;0.37;21.39;20.32;58
2026-09-10T11:45:54.000;2026-09-10T04:45:54.000;19.59;6.21;0.32;21.54;20.32;59
2026-09-10T11:56:09.000;2026-09-10T04:56:09.000;19.66;5.67;0.28;21.69;20.32;60
2026-09-10T12:06:23.000;2026-09-10T05:06:23.000;19.99;4.69;0.64;20.8;20.32;61
2026-09-10T12:16:38.000;2026-09-10T05:16:38.000;19.23;3.79;2.74;19.23;20.32;62
2026-09-10T12:26:52.000;2026-09-10T05:26:52.000;19.42;8.25;25.69;16.8;20.32;63
2026-09-10T12:37:06.000;2026-09-10T05:37:06.000;19.84;12.1;311.63;14.09;20.32;64
2026-09-10T12:47:21.000;2026-09-10T05:47:21.000;19.84;12.68;4266.16;11.24;20.32;65
2026-09-11T01:49:46.000;2026-09-10T18:49:46.000;28.57;8.77;10494.33;10.27;20.32;1
2026-09-11T02:00:00.000;2026-09-10T19:00:00.000;28.6;8.71;833.75;13.02;20.32;2
2026-09-11T02:20:29.000;2026-09-10T19:20:29.000;28.2;15.7;16.14;17.3;20.32;4
2026-09-11T02:30:44.000;2026-09-10T19:30:44.000;28.41;11.38;2.23;19.45;20.32;5
2026-09-11T02:40:58.000;2026-09-10T19:40:58.000;27.47;9.96;0.72;20.67;20.32;6
2026-09-11T02:51:12.000;2026-09-10T19:51:12.000;26.59;9.02;0.51;21.06;20.32;7
2026-09-11T03:01:26.000;2026-09-10T20:01:26.000;26.25;8.83;0.58;20.91;20.32;8
2026-09-11T03:11:40.000;2026-09-10T20:11:40.000;26.41;9.3;0.64;20.81;20.32;9
2026-09-11T03:21:55.000;2026-09-10T20:21:55.000;26.44;8.91;0.57;20.93;20.32;10
2026-09-11T03:32:09.000;2026-09-10T20:32:09.000;25.53;8.87;0.67;20.76;20.32;11
2026-09-11T03:42:23.000;2026-09-10T20:42:23.000;25.25;8.84;0.68;20.74;20.32;12
2026-09-11T03:52:38.000;2026-09-10T20:52:38.000;25.49;9.55;0.71;20.69;20.32;13
2026-09-11T04:13:10.000;2026-09-10T21:13:10.000;25.01;11.31;0.82;20.54;20.32;15
2026-09-11T04:23:24.000;2026-09-10T21:23:24.000;24.71;10.4;0.77;20.61;20.32;16
2026-09-11T04:33:38.000;2026-09-10T21:33:38.000;24.1;9.55;0.6;20.87;20.32;17
2026-09-11T04:43:52.000;2026-09-10T21:43:52.000;23.69;9.5;0.65;20.79;20.32;18
2026-09-11T04:54:07.000;2026-09-10T21:54:07.000;23.43;9.59;0.62;20.84;20.32;19
2026-09-11T05:04:22.000;2026-09-10T22:04:22.000;22.94;9.07;0.49;21.08;20.32;20
2026-09-11T05:14:36.000;2026-09-10T22:14:36.000;22.44;8.74;0.56;20.94;20.32;21
2026-09-11T05:24:50.000;2026-09-10T22:24:50.000;22.25;8.88;0.49;21.1;20.32;22
2026-09-11T05:35:08.000;2026-09-10T22:35:08.000;22.25;8.48;0.5;21.08;20.32;23
2026-09-11T05:45:22.000;2026-09-10T22:45:22.000;22.13;8.4;0.51;21.05;20.32;24
2026-09-11T05:55:37.000;2026-09-10T22:55:37.000;22.38;7.85;0.4;21.31;20.32;25
2026-09-11T06:05:51.000;2026-09-10T23:05:51.000;21.87;7.62;0.42;21.25;20.32;26
2026-09-11T06:16:06.000;2026-09-10T23:16:06.000;21.61;7.6;0.43;21.23;20.32;27
2026-09-11T06:26:21.000;2026-09-10T23:26:21.000;21.29;7.36;0.29;21.65;20.32;28
2026-09-11T06:36:35.000;2026-09-10T23:36:35.000;21.23;7.53;0.35;21.45;20.32;29
2026-09-11T06:46:50.000;2026-09-10T23:46:50.000;21.04;7.87;0.39;21.34;20.32;30
2026-09-11T06:57:05.000;2026-09-10T23:57:05.000;21.2;7.35;0.39;21.33;20.32;31
2026-09-11T07:07:19.000;2026-09-11T00:07:19.000;20.95;7.36;0.37;21.41;20.32;32
2026-09-11T07:17:33.000;2026-09-11T00:17:33.000;21.67;7.43;0.28;21.7;20.32;33
2026-09-11T07:27:48.000;2026-09-11T00:27:48.000;21.61;7.15;0.28;21.69;20.32;34
2026-09-11T07:38:03.000;2026-09-11T00:38:03.000;21.16;6.87;0.27;21.76;20.32;35
2026-09-11T07:48:17.000;2026-09-11T00:48:17.000;21.01;6.72;0.25;21.83;20.32;36
2026-09-11T07:58:32.000;2026-09-11T00:58:32.000;21.06;6.25;0.24;21.86;20.32;37
2026-09-11T08:08:46.000;2026-09-11T01:08:46.000;20.99;5.77;0.28;21.7;20.32;38
2026-09-11T08:19:00.000;2026-09-11T01:19:00.000;21.19;5.74;0.19;22.14;20.32;39
2026-09-11T08:29:15.000;2026-09-11T01:29:15.000;21.37;5.84;0.23;21.92;20.32;40
2026-09-11T08:39:29.000;2026-09-11T01:39:29.000;21.16;5.74;0.18;22.18;20.32;41
2026-09-11T08:59:57.000;2026-09-11T01:59:57.000;21.09;6.06;0.27;21.75;20.32;43
2026-09-11T09:10:12.000;2026-09-11T02:10:12.000;21.07;6.43;0.18;22.19;20.32;44
2026-09-11T09:20:26.000;2026-09-11T02:20:26.000;21.1;7.29;0.25;21.82;20.32;45
2026-09-11T09:30:40.000;2026-09-11T02:30:40.000;21.48;12.68;0.21;22.02;20.32;46
2026-09-11T09:40:54.000;2026-09-11T02:40:54.000;21.62;13.89;0.37;21.39;20.32;47
2026-09-11T09:51:09.000;2026-09-11T02:51:09.000;21.49;9.39;0.26;21.78;20.32;48
2026-09-11T10:01:23.000;2026-09-11T03:01:23.000;21.07;6.24;0.27;21.74;20.32;49
2026-09-11T10:11:38.000;2026-09-11T03:11:38.000;21.0;5.7;0.22;21.96;20.32;50
2026-09-11T10:21:55.000;2026-09-11T03:21:55.000;20.79;5.53;0.24;21.88;20.32;51
2026-09-11T10:32:09.000;2026-09-11T03:32:09.000;20.69;5.54;0.18;22.21;20.32;52
2026-09-11T10:42:23.000;2026-09-11T03:42:23.000;20.39;5.36;0.18;22.21;20.32;53
2026-09-11T10:52:38.000;2026-09-11T03:52:38.000;20.34;5.07;0.27;21.76;20.32;54
2026-09-11T11:02:52.000;2026-09-11T04:02:52.000;19.43;5.03;0.27;21.74;20.32;55
2026-09-11T11:13:06.000;2026-09-11T04:13:06.000;19.16;4.66;0.18;22.17;20.32;56
2026-09-11T11:23:23.000;2026-09-11T04:23:23.000;19.07;5.03;0.19;22.14;20.32;57
2026-09-11T11:33:37.000;2026-09-11T04:33:37.000;19.04;5.14;0.25;21.81;20.32;58
2026-09-11T11:43:51.000;2026-09-11T04:43:51.000;18.45;4.78;0.29;21.66;20.32;59
2026-09-11T11:54:06.000;2026-09-11T04:54:06.000;18.12;4.86;0.27;21.76;20.32;60
2026-09-11T12:04:20.000;2026-09-11T05:04:20.000;18.13;4.87;0.6;20.88;20.32;61
2026-09-11T12:14:35.000;2026-09-11T05:14:35.000;18.11;4.19;2.81;19.2;20.32;62
2026-09-11T12:24:49.000;2026-09-11T05:24:49.000;17.97;4.32;18.38;17.16;20.32;63
2026-09-11T12:35:04.000;2026-09-11T05:35:04.000;17.78;4.32;154.06;14.85;20.32;64
2026-09-11T12:45:18.000;2026-09-11T05:45:18.000;17.57;4.27;2273.51;11.93;20.32;65
2026-09-12T01:35:20.000;2026-09-11T18:35:20.000;20.06;15.65;18125.33;9.67;20.32;1
2026-09-12T01:45:35.000;2026-09-11T18:45:35.000;20.4;15.45;4234.46;11.25;20.32;2
2026-09-12T01:55:49.000;2026-09-11T18:55:49.000;20.66;15.65;396.8;13.82;20.32;3
2026-09-12T02:06:03.000;2026-09-11T19:06:03.000;20.65;15.79;38.34;16.36;20.32;4
2026-09-12T02:16:17.000;2026-09-11T19:16:17.000;20.6;16.19;5.28;18.51;20.32;5
2026-09-12T02:26:31.000;2026-09-11T19:26:31.000;20.48;16.66;1.94;19.6;20.32;6
2026-09-12T02:36:46.000;2026-09-11T19:36:46.000;20.2;16.11;1.51;19.88;20.32;7
2026-09-12T02:47:03.000;2026-09-11T19:47:03.000;20.07;16.12;1.42;19.94;20.32;8
2026-09-12T02:57:17.000;2026-09-11T19:57:17.000;19.9;16.36;1.43;19.93;20.32;9
2026-09-12T03:07:32.000;2026-09-11T20:07:32.000;19.74;16.38;1.31;20.02;20.32;10
2026-09-12T03:17:46.000;2026-09-11T20:17:46.000;19.6;16.2;1.52;19.87;20.32;11
2026-09-12T03:28:00.000;2026-09-11T20:28:00.000;19.85;16.71;1.3;20.04;20.32;12
2026-09-12T03:38:15.000;2026-09-11T20:38:15.000;19.83;16.55;1.46;19.91;20.32;13
2026-09-12T03:48:29.000;2026-09-11T20:48:29.000;19.87;16.57;1.46;19.91;20.32;14
2026-09-12T03:58:43.000;2026-09-11T20:58:43.000;19.72;16.23;1.43;19.93;20.32;15
2026-09-12T04:08:58.000;2026-09-11T21:08:58.000;19.85;16.23;1.26;20.07;20.32;16
2026-09-12T04:19:15.000;2026-09-11T21:19:15.000;19.68;16.17;1.31;20.03;20.32;17
2026-09-12T04:29:30.000;2026-09-11T21:29:30.000;19.6;15.88;1.08;20.24;20.32;18
2026-09-12T04:39:44.000;2026-09-11T21:39:44.000;19.57;15.71;1.24;20.09;20.32;19
2026-09-12T04:49:58.000;2026-09-11T21:49:58.000;19.63;15.76;1.04;20.27;20.32;20
2026-09-12T05:00:13.000;2026-09-11T22:00:13.000;19.94;15.81;0.98;20.34;20.32;21
2026-09-12T05:20:43.000;2026-09-11T22:20:43.000;20.41;15.66;0.99;20.33;20.32;23
2026-09-12T05:30:57.000;2026-09-11T22:30:57.000;20.67;15.74;0.96;20.37;20.32;24
2026-09-12T05:41:11.000;2026-09-11T22:41:11.000;21.12;15.57;0.89;20.45;20.32;25
2026-09-12T05:51:27.000;2026-09-11T22:51:27.000;21.95;14.55;0.77;20.61;20.32;26
2026-09-12T06:01:41.000;2026-09-11T23:01:41.000;22.03;13.46;0.73;20.66;20.32;27
2026-09-12T06:11:56.000;2026-09-11T23:11:56.000;22.08;13.13;0.77;20.6;20.32;28
2026-09-12T06:22:10.000;2026-09-11T23:22:10.000;22.08;12.9;0.75;20.64;20.32;29
2026-09-12T06:32:24.000;2026-09-11T23:32:24.000;21.83;12.08;0.7;20.7;20.32;30
2026-09-12T06:42:39.000;2026-09-11T23:42:39.000;21.65;11.66;0.61;20.85;20.32;31
2026-09-12T06:52:53.000;2026-09-11T23:52:53.000;21.39;10.57;0.53;21.0;20.32;32
2026-09-12T07:03:07.000;2026-09-12T00:03:07.000;21.05;9.46;0.44;21.21;20.32;33
2026-09-12T07:13:22.000;2026-09-12T00:13:22.000;20.99;8.86;0.47;21.14;20.32;34
2026-09-12T07:33:51.000;2026-09-12T00:33:51.000;20.91;7.81;0.44;21.22;20.32;36
2026-09-12T07:44:05.000;2026-09-12T00:44:05.000;20.88;7.73;0.45;21.18;20.32;37
2026-09-12T07:54:20.000;2026-09-12T00:54:20.000;20.62;7.49;0.35;21.47;20.32;38
2026-09-12T08:04:36.000;2026-09-12T01:04:36.000;20.12;7.86;0.4;21.33;20.32;39
2026-09-12T08:14:51.000;2026-09-12T01:14:51.000;19.59;7.93;0.4;21.31;20.32;40
2026-09-12T08:25:05.000;2026-09-12T01:25:05.000;19.18;7.42;0.44;21.21;20.32;41
2026-09-12T08:35:19.000;2026-09-12T01:35:19.000;19.13;7.95;0.39;21.35;20.32;42
2026-09-12T08:45:34.000;2026-09-12T01:45:34.000;19.14;8.19;0.39;21.36;20.32;43
2026-09-12T08:55:47.000;2026-09-12T01:55:47.000;19.15;8.32;0.38;21.38;20.32;44
2026-09-12T09:06:01.000;2026-09-12T02:06:01.000;19.36;9.01;0.39;21.34;20.32;45
2026-09-12T09:16:16.000;2026-09-12T02:16:16.000;19.87;10.27;0.43;21.23;20.32;46
2026-09-12T09:26:31.000;2026-09-12T02:26:31.000;20.41;11.56;0.43;21.24;20.32;47
2026-09-12T09:36:45.000;2026-09-12T02:36:45.000;20.55;11.04;0.4;21.3;20.32;48
2026-09-12T09:47:00.000;2026-09-12T02:47:00.000;20.7;10.1;0.45;21.19;20.32;49
2026-09-12T09:57:14.000;2026-09-12T02:57:14.000;20.41;10.05;0.36;21.42;20.32;50
2026-09-12T10:07:28.000;2026-09-12T03:07:28.000;20.38;10.03;0.36;21.42;20.32;51
2026-09-12T10:17:42.000;2026-09-12T03:17:42.000;20.65;10.46;0.32;21.57;20.32;52
2026-09-12T10:27:56.000;2026-09-12T03:27:56.000;20.62;8.69;0.29;21.65;20.32;53
2026-09-12T10:38:11.000;2026-09-12T03:38:11.000;20.7;11.38;0.43;21.24;20.32;54
2026-09-12T10:48:26.000;2026-09-12T03:48:26.000;20.55;9.57;0.31;21.6;20.32;55
2026-09-12T10:58:39.000;2026-09-12T03:58:39.000;20.75;13.44;0.54;20.98;20.32;56
2026-09-12T11:08:55.000;2026-09-12T04:08:55.000;20.78;11.69;0.41;21.29;20.32;57
2026-09-12T11:19:09.000;2026-09-12T04:19:09.000;20.71;14.21;0.42;21.26;20.32;58
2026-09-12T11:29:23.000;2026-09-12T04:29:23.000;20.53;11.08;0.42;21.27;20.32;59
2026-09-12T11:39:37.000;2026-09-12T04:39:37.000;20.08;8.71;0.34;21.5;20.32;60
2026-09-12T11:49:52.000;2026-09-12T04:49:52.000;20.1;9.31;0.42;21.27;20.32;61
2026-09-12T12:00:06.000;2026-09-12T05:00:06.000;19.95;9.06;0.55;20.98;20.32;62
2026-09-12T12:10:21.000;2026-09-12T05:10:21.000;19.98;9.36;1.87;19.64;20.32;63
2026-09-12T12:20:35.000;2026-09-12T05:20:35.000;20.82;16.83;12.26;17.6;20.32;64
2026-09-12T12:30:49.000;2026-09-12T05:30:49.000;20.97;12.83;95.8;15.37;20.32;65
2026-09-12T12:41:04.000;2026-09-12T05:41:04.000;20.95;12.13;958.39;12.87;20.32;66
2026-09-12T12:51:18.000;2026-09-12T05:51:18.000;20.88;9.04;10693.36;10.25;20.32;67
2026-09-13T01:48:50.000;2026-09-12T18:48:50.000;17.87;2.78;8703.65;10.47;20.32;1
2026-09-13T02:09:19.000;2026-09-12T19:09:19.000;17.95;3.37;52.24;16.02;20.32;3
2026-09-13T02:19:33.000;2026-09-12T19:19:33.000;18.08;4.36;7.79;18.09;20.32;4
2026-09-13T02:29:48.000;2026-09-12T19:29:48.000;18.16;3.98;1.68;19.76;20.32;5
2026-09-13T02:40:03.000;2026-09-12T19:40:03.000;18.34;3.73;0.53;21.02;20.32;6
2026-09-13T02:50:18.000;2026-09-12T19:50:18.000;18.0;2.87;0.4;21.32;20.32;7
2026-09-13T03:00:35.000;2026-09-12T20:00:35.000;17.93;3.14;0.49;21.09;20.32;8
2026-09-13T03:10:49.000;2026-09-12T20:10:49.000;17.81;3.3;0.47;21.14;20.32;9
2026-09-13T03:21:04.000;2026-09-12T20:21:04.000;17.62;3.68;0.58;20.91;20.32;10
2026-09-13T03:31:19.000;2026-09-12T20:31:19.000;17.63;2.96;0.5;21.07;20.32;11
2026-09-13T03:41:33.000;2026-09-12T20:41:33.000;17.45;3.31;0.43;21.24;20.32;12
2026-09-13T03:51:49.000;2026-09-12T20:51:49.000;17.7;2.43;0.48;21.11;20.32;13
2026-09-13T04:02:03.000;2026-09-12T21:02:03.000;17.54;2.8;0.39;21.33;20.32;14
2026-09-13T04:12:18.000;2026-09-12T21:12:18.000;17.67;2.57;0.43;21.24;20.32;15
2026-09-13T04:22:32.000;2026-09-12T21:22:32.000;18.05;2.47;0.42;21.27;20.32;16
2026-09-13T04:32:47.000;2026-09-12T21:32:47.000;17.83;3.11;0.35;21.46;20.32;17
2026-09-13T04:43:01.000;2026-09-12T21:43:01.000;17.89;3.87;0.39;21.35;20.32;18
2026-09-13T04:53:17.000;2026-09-12T21:53:17.000;17.86;3.69;0.41;21.29;20.32;19
2026-09-13T05:03:31.000;2026-09-12T22:03:31.000;18.31;3.79;0.39;21.35;20.32;20
2026-09-13T05:13:46.000;2026-09-12T22:13:46.000;18.82;4.17;0.49;21.09;20.32;21
2026-09-13T05:24:01.000;2026-09-12T22:24:01.000;19.01;3.99;0.5;21.07;20.32;22
2026-09-13T05:34:16.000;2026-09-12T22:34:16.000;18.98;3.88;0.43;21.24;20.32;23
2026-09-13T05:44:30.000;2026-09-12T22:44:30.000;18.56;3.4;0.48;21.11;20.32;24
2026-09-13T05:54:45.000;2026-09-12T22:54:45.000;18.47;3.07;0.4;21.31;20.32;25
2026-09-13T06:05:00.000;2026-09-12T23:05:00.000;18.11;2.93;0.33;21.54;20.32;26
2026-09-13T06:15:14.000;2026-09-12T23:15:14.000;17.93;2.51;0.39;21.33;20.32;27
2026-09-13T06:25:28.000;2026-09-12T23:25:28.000;17.92;2.58;0.33;21.52;20.32;28
2026-09-13T06:35:42.000;2026-09-12T23:35:42.000;18.03;2.93;0.38;21.36;20.32;29
2026-09-13T06:45:57.000;2026-09-12T23:45:57.000;18.24;2.96;0.39;21.35;20.32;30
2026-09-13T06:56:12.000;2026-09-12T23:56:12.000;18.15;3.2;0.39;21.34;20.32;31
2026-09-13T07:06:27.000;2026-09-13T00:06:27.000;18.11;3.31;0.45;21.18;20.32;32
2026-09-13T07:16:42.000;2026-09-13T00:16:42.000;18.01;3.56;0.44;21.22;20.32;33
2026-09-13T07:26:56.000;2026-09-13T00:26:56.000;17.96;3.3;0.46;21.17;20.32;34
2026-09-13T07:37:10.000;2026-09-13T00:37:10.000;17.28;3.16;0.34;21.5;20.32;35
2026-09-13T07:47:25.000;2026-09-13T00:47:25.000;17.09;3.55;0.37;21.41;20.32;36
2026-09-13T07:57:39.000;2026-09-13T00:57:39.000;17.51;3.15;0.27;21.75;20.32;37
2026-09-13T08:07:54.000;2026-09-13T01:07:54.000;17.44;2.74;0.25;21.84;20.32;38
2026-09-13T08:18:08.000;2026-09-13T01:18:08.000;17.21;2.18;0.23;21.9;20.32;39
2026-09-13T08:28:22.000;2026-09-13T01:28:22.000;16.84;2.38;0.23;21.91;20.32;40
2026-09-13T08:38:36.000;2026-09-13T01:38:36.000;16.94;2.46;0.23;21.9;20.32;41
2026-09-13T08:48:49.000;2026-09-13T01:48:49.000;16.71;2.02;0.18;22.15;20.32;42
2026-09-13T08:59:04.000;2026-09-13T01:59:04.000;17.39;2.47;0.23;21.9;20.32;43
2026-09-13T09:09:18.000;2026-09-13T02:09:18.000;17.58;1.9;0.23;21.92;20.32;44
2026-09-13T09:19:32.000;2026-09-13T02:19:32.000;16.78;2.1;0.27;21.74;20.32;45
2026-09-13T09:29:47.000;2026-09-13T02:29:47.000;16.47;2.25;0.22;21.95;20.32;46
2026-09-13T09:40:01.000;2026-09-13T02:40:01.000;16.25;2.27;0.22;21.96;20.32;47
2026-09-13T09:50:15.000;2026-09-13T02:50:15.000;16.47;2.54;0.26;21.78;20.32;48
2026-09-13T10:00:28.000;2026-09-13T03:00:28.000;16.91;2.09;0.26;21.8;20.32;49
2026-09-13T10:10:42.000;2026-09-13T03:10:42.000;16.46;2.01;0.25;21.81;20.32;50
2026-09-13T10:20:57.000;2026-09-13T03:20:57.000;16.67;2.19;0.21;22.01;20.32;51
2026-09-13T10:31:11.000;2026-09-13T03:31:11.000;17.02;2.91;0.17;22.23;20.32;52
2026-09-13T10:41:26.000;2026-09-13T03:41:26.000;17.58;2.6;0.18;22.16;20.32;53
2026-09-13T10:51:41.000;2026-09-13T03:51:41.000;17.59;2.45;0.22;21.98;20.32;54
2026-09-13T11:01:56.000;2026-09-13T04:01:56.000;17.28;2.07;0.24;21.87;20.32;55
2026-09-13T11:12:09.000;2026-09-13T04:12:09.000;16.53;2.2;0.24;21.88;20.32;56
2026-09-13T11:22:23.000;2026-09-13T04:22:23.000;16.4;2.72;0.29;21.68;20.32;57
2026-09-13T11:32:37.000;2026-09-13T04:32:37.000;16.48;2.49;0.24;21.89;20.32;58
2026-09-13T11:42:51.000;2026-09-13T04:42:51.000;17.37;2.71;0.28;21.69;20.32;59
2026-09-13T11:53:05.000;2026-09-13T04:53:05.000;17.86;3.2;0.31;21.59;20.32;60
2026-09-13T12:03:20.000;2026-09-13T05:03:20.000;17.08;2.55;0.41;21.29;20.32;61
2026-09-13T12:13:33.000;2026-09-13T05:13:33.000;16.54;2.55;1.58;19.82;20.32;62
2026-09-13T12:23:47.000;2026-09-13T05:23:47.000;16.45;2.8;9.53;17.87;20.32;63
2026-09-13T12:34:01.000;2026-09-13T05:34:01.000;16.49;2.98;76.92;15.6;20.32;64
2026-09-13T12:44:15.000;2026-09-13T05:44:15.000;16.57;2.81;996.76;12.82;20.32;65
2026-09-14T01:50:12.000;2026-09-13T18:50:12.000;23.88;10.55;7399.57;10.65;20.32;1
2026-09-14T02:00:30.000;2026-09-13T19:00:30.000;23.7;10.1;609.7;13.36;20.32;2
2026-09-14T02:10:44.000;2026-09-13T19:10:44.000;23.73;12.2;127.1;15.06;20.32;3
2026-09-14T02:20:58.000;2026-09-13T19:20:58.000;23.6;10.56;20.61;17.03;20.32;4
2026-09-14T02:31:13.000;2026-09-13T19:31:13.000;23.68;12.96;4.26;18.75;20.32;5
2026-09-14T02:41:27.000;2026-09-13T19:41:27.000;24.17;14.41;5.97;18.38;20.32;6
2026-09-14T02:51:42.000;2026-09-13T19:51:42.000;24.36;13.31;0.72;20.68;20.32;7
2026-09-14T03:02:00.000;2026-09-13T20:02:00.000;24.96;16.12;1.6;19.81;20.32;8
2026-09-14T03:12:15.000;2026-09-13T20:12:15.000;24.99;11.37;0.92;20.41;20.32;9
2026-09-14T03:22:29.000;2026-09-13T20:22:29.000;25.03;13.9;0.92;20.41;20.32;10
2026-09-14T03:32:43.000;2026-09-13T20:32:43.000;24.6;11.31;0.79;20.58;20.32;11
2026-09-14T03:42:58.000;2026-09-13T20:42:58.000;24.23;11.14;143.0;14.93;20.32;12
2026-09-14T03:53:12.000;2026-09-13T20:53:12.000;23.58;11.33;0.87;20.47;20.32;13
2026-09-14T04:03:27.000;2026-09-13T21:03:27.000;23.24;11.46;0.91;20.42;20.32;14
2026-09-14T04:13:41.000;2026-09-13T21:13:41.000;23.1;12.2;0.9;20.43;20.32;15
2026-09-14T04:23:56.000;2026-09-13T21:23:56.000;23.21;10.99;0.74;20.64;20.32;16
2026-09-14T04:34:10.000;2026-09-13T21:34:10.000;22.66;10.66;0.75;20.64;20.32;17
2026-09-14T04:44:24.000;2026-09-13T21:44:24.000;22.23;10.42;0.75;20.64;20.32;18
2026-09-14T04:54:40.000;2026-09-13T21:54:40.000;22.03;9.67;0.72;20.68;20.32;19
2026-09-14T05:04:54.000;2026-09-13T22:04:54.000;21.96;9.67;0.71;20.7;20.32;20
2026-09-14T05:15:09.000;2026-09-13T22:15:09.000;22.23;10.16;0.73;20.67;20.32;21
2026-09-14T05:25:23.000;2026-09-13T22:25:23.000;22.57;10.85;0.79;20.58;20.32;22
2026-09-14T05:35:38.000;2026-09-13T22:35:38.000;22.22;10.78;0.79;20.57;20.32;23
2026-09-14T05:45:52.000;2026-09-13T22:45:52.000;22.12;11.1;0.76;20.62;20.32;24
2026-09-14T05:56:07.000;2026-09-13T22:56:07.000;22.41;11.26;0.71;20.7;20.32;25
2026-09-14T06:06:21.000;2026-09-13T23:06:21.000;22.97;11.19;0.67;20.75;20.32;26
2026-09-14T06:16:36.000;2026-09-13T23:16:36.000;23.33;11.1;0.67;20.75;20.32;27
2026-09-14T06:26:51.000;2026-09-13T23:26:51.000;23.3;10.81;0.56;20.95;20.32;28
2026-09-14T06:37:06.000;2026-09-13T23:37:06.000;22.99;10.2;0.56;20.96;20.32;29
2026-09-14T06:47:20.000;2026-09-13T23:47:20.000;23.01;10.13;0.63;20.82;20.32;30
2026-09-14T06:57:35.000;2026-09-13T23:57:35.000;22.81;9.83;0.53;21.0;20.32;31
2026-09-14T07:07:50.000;2026-09-14T00:07:50.000;22.58;9.69;0.48;21.11;20.32;32
2026-09-14T07:18:04.000;2026-09-14T00:18:04.000;22.34;9.57;0.47;21.14;20.32;33
2026-09-14T07:28:18.000;2026-09-14T00:28:18.000;22.62;9.25;0.46;21.16;20.32;34
2026-09-14T07:38:33.000;2026-09-14T00:38:33.000;22.72;8.59;0.3;21.63;20.32;35
2026-09-14T07:48:48.000;2026-09-14T00:48:48.000;22.48;8.16;0.36;21.44;20.32;36
2026-09-14T07:59:03.000;2026-09-14T00:59:03.000;22.43;8.27;0.37;21.39;20.32;37
2026-09-14T08:09:17.000;2026-09-14T01:09:17.000;22.31;8.45;0.47;21.15;20.32;38
2026-09-14T08:19:31.000;2026-09-14T01:19:31.000;21.92;8.59;0.41;21.3;20.32;39
2026-09-14T08:29:45.000;2026-09-14T01:29:45.000;21.82;8.61;0.37;21.39;20.32;40
2026-09-14T08:39:59.000;2026-09-14T01:39:59.000;21.66;8.38;0.38;21.36;20.32;41
2026-09-14T08:50:14.000;2026-09-14T01:50:14.000;21.38;8.59;0.31;21.58;20.32;42
2026-09-14T09:00:29.000;2026-09-14T02:00:29.000;21.34;8.32;0.38;21.37;20.32;43
2026-09-14T09:10:43.000;2026-09-14T02:10:43.000;21.26;8.04;0.35;21.47;20.32;44
2026-09-14T09:20:58.000;2026-09-14T02:20:58.000;21.87;7.67;0.28;21.71;20.32;45
2026-09-14T09:31:12.000;2026-09-14T02:31:12.000;21.42;7.39;0.2;22.05;20.32;46
2026-09-14T09:41:29.000;2026-09-14T02:41:29.000;20.85;7.11;0.34;21.49;20.32;47
2026-09-14T09:51:44.000;2026-09-14T02:51:44.000;20.82;7.63;0.36;21.44;20.32;48
2026-09-14T10:01:59.000;2026-09-14T03:01:59.000;21.04;7.51;0.34;21.48;20.32;49
2026-09-14T10:12:13.000;2026-09-14T03:12:13.000;21.25;7.43;0.34;21.5;20.32;50
2026-09-14T10:22:28.000;2026-09-14T03:22:28.000;21.25;6.82;0.26;21.79;20.32;51
2026-09-14T10:32:43.000;2026-09-14T03:32:43.000;21.03;6.79;0.27;21.73;20.32;52
2026-09-14T10:42:58.000;2026-09-14T03:42:58.000;21.17;6.85;0.28;21.69;20.32;53
2026-09-14T10:53:12.000;2026-09-14T03:53:12.000;20.39;6.46;0.35;21.45;20.32;54
2026-09-14T11:03:26.000;2026-09-14T04:03:26.000;20.22;6.36;0.32;21.54;20.32;55
2026-09-14T11:13:40.000;2026-09-14T04:13:40.000;19.78;5.76;0.24;21.88;20.32;56
2026-09-14T11:23:55.000;2026-09-14T04:23:55.000;19.41;5.37;0.23;21.91;20.32;57
2026-09-14T11:34:09.000;2026-09-14T04:34:09.000;20.19;5.98;0.32;21.55;20.32;58
2026-09-14T11:44:24.000;2026-09-14T04:44:24.000;20.69;5.83;0.26;21.78;20.32;59
2026-09-14T11:54:39.000;2026-09-14T04:54:39.000;20.66;5.8;0.33;21.51;20.32;60
2026-09-14T12:04:54.000;2026-09-14T05:04:54.000;20.57;5.87;0.45;21.2;20.32;61
2026-09-14T12:15:08.000;2026-09-14T05:15:08.000;20.54;5.87;1.32;20.02;20.32;62
2026-09-14T12:25:22.000;2026-09-14T05:25:22.000;20.25;5.67;8.88;17.95;20.32;63
2026-09-14T12:35:37.000;2026-09-14T05:35:37.000;19.62;5.57;81.53;15.54;20.32;64
2026-09-14T12:45:51.000;2026-09-14T05:45:51.000;19.64;5.72;1208.39;12.61;20.32;65
2026-09-15T01:40:08.000;2026-09-14T18:40:08.000;22.99;15.29;11257.83;10.19;20.32;1
2026-09-15T01:50:23.000;2026-09-14T18:50:23.000;22.56;14.32;1208.83;12.61;20.32;2
2026-09-15T02:00:37.000;2026-09-14T19:00:37.000;20.92;14.1;154.42;14.85;20.32;3
2026-09-15T02:10:51.000;2026-09-14T19:10:51.000;20.57;14.14;39.51;16.33;20.32;4
2026-09-15T02:21:05.000;2026-09-14T19:21:05.000;20.41;14.01;9.44;17.88;20.32;5
2026-09-15T02:31:20.000;2026-09-14T19:31:20.000;19.69;12.16;2.74;19.23;20.32;6
2026-09-15T02:41:34.000;2026-09-14T19:41:34.000;19.63;11.85;1.7;19.75;20.32;7
2026-09-15T02:51:48.000;2026-09-14T19:51:48.000;20.33;11.1;1.37;19.98;20.32;8
2026-09-15T03:02:06.000;2026-09-14T20:02:06.000;20.7;10.88;1.72;19.73;20.32;9
2026-09-15T03:12:21.000;2026-09-14T20:12:21.000;20.63;11.28;1.32;20.02;20.32;10
2026-09-15T03:22:35.000;2026-09-14T20:22:35.000;20.73;11.28;1.05;20.27;20.32;11
2026-09-15T03:32:50.000;2026-09-14T20:32:50.000;20.61;9.82;0.76;20.61;20.32;12
2026-09-15T03:43:05.000;2026-09-14T20:43:05.000;20.41;7.99;0.74;20.64;20.32;13
2026-09-15T03:53:19.000;2026-09-14T20:53:19.000;20.06;7.08;0.73;20.65;20.32;14
2026-09-15T04:03:33.000;2026-09-14T21:03:33.000;19.6;8.03;0.84;20.51;20.32;15
2026-09-15T04:13:48.000;2026-09-14T21:13:48.000;20.07;8.64;0.79;20.58;20.32;16
2026-09-15T04:24:03.000;2026-09-14T21:24:03.000;20.47;8.49;0.76;20.61;20.32;17
2026-09-15T04:34:17.000;2026-09-14T21:34:17.000;20.17;6.78;0.65;20.8;20.32;18
2026-09-15T04:44:32.000;2026-09-14T21:44:32.000;20.18;4.72;0.48;21.12;20.32;19
2026-09-15T04:54:47.000;2026-09-14T21:54:47.000;19.95;4.01;0.5;21.08;20.32;20
2026-09-15T05:05:01.000;2026-09-14T22:05:01.000;19.64;2.99;0.4;21.32;20.32;21
2026-09-15T05:15:15.000;2026-09-14T22:15:15.000;19.11;3.61;0.41;21.3;20.32;22
2026-09-15T05:25:29.000;2026-09-14T22:25:29.000;19.07;3.79;0.31;21.6;20.32;23
2026-09-15T05:35:43.000;2026-09-14T22:35:43.000;19.04;3.66;0.37;21.39;20.32;24
2026-09-15T05:45:58.000;2026-09-14T22:45:58.000;18.75;2.93;0.36;21.42;20.32;25
2026-09-15T05:56:12.000;2026-09-14T22:56:12.000;18.23;2.45;0.35;21.45;20.32;26
2026-09-15T06:06:27.000;2026-09-14T23:06:27.000;17.93;1.45;0.24;21.85;20.32;27
2026-09-15T06:16:41.000;2026-09-14T23:16:41.000;17.63;1.2;0.23;21.92;20.32;28
2026-09-15T06:26:56.000;2026-09-14T23:26:56.000;17.23;1.99;0.31;21.58;20.32;29
2026-09-15T06:37:13.000;2026-09-14T23:37:13.000;17.4;4.02;0.38;21.36;20.32;30
2026-09-15T06:47:27.000;2026-09-14T23:47:27.000;18.36;5.11;0.38;21.38;20.32;31
2026-09-15T06:57:43.000;2026-09-14T23:57:43.000;18.73;4.02;0.42;21.26;20.32;32
2026-09-15T07:07:57.000;2026-09-15T00:07:57.000;18.84;5.34;0.29;21.66;20.32;33
2026-09-15T07:18:13.000;2026-09-15T00:18:13.000;19.33;5.82;0.33;21.51;20.32;34
2026-09-15T07:28:28.000;2026-09-15T00:28:28.000;18.95;3.96;0.31;21.58;20.32;35
2026-09-15T07:38:43.000;2026-09-15T00:38:43.000;18.96;2.95;0.27;21.75;20.32;36
2026-09-15T07:48:57.000;2026-09-15T00:48:57.000;19.03;1.7;0.18;22.21;20.32;37
2026-09-15T07:59:12.000;2026-09-15T00:59:12.000;18.74;2.65;0.26;21.79;20.32;38
2026-09-15T08:09:26.000;2026-09-15T01:09:26.000;18.74;4.53;0.28;21.72;20.32;39
2026-09-15T08:19:41.000;2026-09-15T01:19:41.000;18.57;4.53;0.32;21.55;20.32;40
2026-09-15T08:29:55.000;2026-09-15T01:29:55.000;18.11;4.5;0.29;21.67;20.32;41
2026-09-15T08:40:10.000;2026-09-15T01:40:10.000;18.19;4.07;0.33;21.54;20.32;42
2026-09-15T08:50:24.000;2026-09-15T01:50:24.000;18.26;2.68;0.24;21.89;20.32;43
2026-09-15T09:00:39.000;2026-09-15T02:00:39.000;17.9;1.72;0.27;21.76;20.32;44
2026-09-15T09:10:53.000;2026-09-15T02:10:53.000;17.63;1.97;0.21;22.03;20.32;45
2026-09-15T09:21:08.000;2026-09-15T02:21:08.000;17.74;1.92;0.26;21.78;20.32;46
2026-09-15T09:31:21.000;2026-09-15T02:31:21.000;17.55;2.37;0.28;21.7;20.32;47
2026-09-15T09:41:36.000;2026-09-15T02:41:36.000;17.54;5.26;0.4;21.32;20.32;48
2026-09-15T09:51:50.000;2026-09-15T02:51:50.000;17.45;6.76;0.38;21.38;20.32;49
2026-09-15T10:02:04.000;2026-09-15T03:02:04.000;17.57;6.54;0.31;21.61;20.32;50
2026-09-15T10:12:19.000;2026-09-15T03:12:19.000;17.97;6.69;0.36;21.42;20.32;51
2026-09-15T10:22:33.000;2026-09-15T03:22:33.000;18.41;4.85;0.35;21.45;20.32;52
2026-09-15T10:32:48.000;2026-09-15T03:32:48.000;18.37;3.93;0.3;21.64;20.32;53
2026-09-15T10:43:03.000;2026-09-15T03:43:03.000;18.36;4.07;0.33;21.51;20.32;54
2026-09-15T10:53:17.000;2026-09-15T03:53:17.000;18.35;3.95;0.33;21.54;20.32;55
2026-09-15T11:03:31.000;2026-09-15T04:03:31.000;18.22;3.15;0.31;21.58;20.32;56
2026-09-15T11:13:46.000;2026-09-15T04:13:46.000;18.12;5.32;0.41;21.3;20.32;57
2026-09-15T11:24:00.000;2026-09-15T04:24:00.000;18.05;6.89;0.48;21.13;20.32;58
2026-09-15T11:34:15.000;2026-09-15T04:34:15.000;18.03;6.45;0.45;21.19;20.32;59
2026-09-15T11:44:29.000;2026-09-15T04:44:29.000;18.03;6.21;0.4;21.32;20.32;60
2026-09-15T11:54:44.000;2026-09-15T04:54:44.000;18.17;5.46;0.48;21.11;20.32;61
2026-09-15T12:04:59.000;2026-09-15T05:04:59.000;18.26;4.77;0.52;21.02;20.32;62
2026-09-15T12:15:14.000;2026-09-15T05:15:14.000;18.1;4.99;1.83;19.66;20.32;63
2026-09-15T12:25:29.000;2026-09-15T05:25:29.000;17.99;5.77;11.53;17.67;20.32;64
2026-09-15T12:35:43.000;2026-09-15T05:35:43.000;18.21;5.99;113.05;15.19;20.32;65
2026-09-15T12:45:58.000;2026-09-15T05:45:58.000;17.94;5.92;1334.15;12.51;20.32;66
2026-09-16T01:46:52.000;2026-09-15T18:46:52.000;21.03;4.96;7398.96;10.65;20.32;1
2026-09-16T01:57:06.000;2026-09-15T18:57:06.000;21.15;5.31;415.74;13.77;20.32;2
2026-09-16T02:07:20.000;2026-09-15T19:07:20.000;21.05;5.52;40.87;16.29;20.32;3
2026-09-16T02:17:38.000;2026-09-15T19:17:38.000;20.83;5.77;6.06;18.36;20.32;4
2026-09-16T02:27:52.000;2026-09-15T19:27:52.000;21.04;5.62;1.25;20.08;20.32;5
2026-09-16T02:38:07.000;2026-09-15T19:38:07.000;21.09;5.89;0.57;20.94;20.32;6
2026-09-16T02:48:21.000;2026-09-15T19:48:21.000;21.09;6.6;0.53;21.0;20.32;7
2026-09-16T02:58:35.000;2026-09-15T19:58:35.000;21.59;7.71;0.46;21.17;20.32;8
2026-09-16T03:08:50.000;2026-09-15T20:08:50.000;21.46;7.32;0.47;21.14;20.32;9
2026-09-16T03:19:05.000;2026-09-15T20:19:05.000;21.67;7.12;0.43;21.24;20.32;10
2026-09-16T03:29:20.000;2026-09-15T20:29:20.000;21.7;7.38;0.4;21.3;20.32;11
2026-09-16T03:39:34.000;2026-09-15T20:39:34.000;21.16;6.56;0.33;21.52;20.32;12
2026-09-16T03:49:48.000;2026-09-15T20:49:48.000;20.67;6.23;0.45;21.18;20.32;13
2026-09-16T04:00:02.000;2026-09-15T21:00:02.000;20.89;5.72;0.39;21.36;20.32;14
2026-09-16T04:20:33.000;2026-09-15T21:20:33.000;20.56;8.35;0.35;21.46;20.32;16
2026-09-16T04:30:47.000;2026-09-15T21:30:47.000;20.37;6.2;0.31;21.58;20.32;17
2026-09-16T04:41:02.000;2026-09-15T21:41:02.000;19.75;5.29;0.37;21.41;20.32;18
2026-09-16T04:51:15.000;2026-09-15T21:51:15.000;19.43;5.44;0.3;21.64;20.32;19
2026-09-16T05:01:29.000;2026-09-15T22:01:29.000;19.63;5.75;0.35;21.47;20.32;20
2026-09-16T05:11:43.000;2026-09-15T22:11:43.000;19.59;5.16;0.3;21.61;20.32;21
2026-09-16T05:21:58.000;2026-09-15T22:21:58.000;19.62;5.39;0.28;21.71;20.32;22
2026-09-16T05:32:15.000;2026-09-15T22:32:15.000;19.38;6.05;0.31;21.58;20.32;23
2026-09-16T05:42:30.000;2026-09-15T22:42:30.000;19.54;5.72;0.3;21.63;20.32;24
2026-09-16T05:52:44.000;2026-09-15T22:52:44.000;19.67;9.8;0.37;21.4;20.32;25
2026-09-16T06:02:59.000;2026-09-15T23:02:59.000;19.85;12.79;0.41;21.28;20.32;26
2026-09-16T06:13:13.000;2026-09-15T23:13:13.000;20.07;13.09;0.42;21.26;20.32;27
2026-09-16T06:23:28.000;2026-09-15T23:23:28.000;20.47;13.79;0.34;21.5;20.32;28
2026-09-16T06:33:42.000;2026-09-15T23:33:42.000;20.15;8.19;0.34;21.51;20.32;29
2026-09-16T06:43:58.000;2026-09-15T23:43:58.000;20.61;7.36;0.29;21.68;20.32;30
2026-09-16T06:54:12.000;2026-09-15T23:54:12.000;20.87;9.26;0.32;21.55;20.32;31
2026-09-16T07:04:27.000;2026-09-16T00:04:27.000;20.32;5.66;0.21;22.03;20.32;32
2026-09-16T07:14:42.000;2026-09-16T00:14:42.000;19.83;5.24;0.2;22.07;20.32;33
2026-09-16T07:24:57.000;2026-09-16T00:24:57.000;19.83;5.14;0.19;22.13;20.32;34
2026-09-16T07:35:11.000;2026-09-16T00:35:11.000;20.09;5.12;0.24;21.87;20.32;35
2026-09-16T07:45:26.000;2026-09-16T00:45:26.000;20.02;4.87;0.18;22.2;20.32;36
2026-09-16T07:55:40.000;2026-09-16T00:55:40.000;19.83;4.86;0.27;21.74;20.32;37
2026-09-16T08:05:55.000;2026-09-16T01:05:55.000;19.33;4.88;0.21;22.0;20.32;38
2026-09-16T08:16:10.000;2026-09-16T01:16:10.000;19.21;4.62;0.24;21.89;20.32;39
2026-09-16T08:26:23.000;2026-09-16T01:26:23.000;19.04;4.84;0.17;22.22;20.32;40
2026-09-16T08:36:38.000;2026-09-16T01:36:38.000;18.65;4.91;0.17;22.22;20.32;41
2026-09-16T08:46:53.000;2026-09-16T01:46:53.000;18.72;5.83;0.19;22.15;20.32;42
2026-09-16T08:57:07.000;2026-09-16T01:57:07.000;18.71;6.83;0.24;21.88;20.32;43
2026-09-16T09:07:21.000;2026-09-16T02:07:21.000;18.58;4.91;0.22;21.96;20.32;44
2026-09-16T09:17:36.000;2026-09-16T02:17:36.000;19.02;5.1;0.13;22.53;20.32;45
2026-09-16T09:27:50.000;2026-09-16T02:27:50.000;19.63;5.11;0.17;22.22;20.32;46
2026-09-16T09:38:05.000;2026-09-16T02:38:05.000;19.23;5.04;0.23;21.9;20.32;47
2026-09-16T09:48:20.000;2026-09-16T02:48:20.000;18.8;4.98;0.17;22.22;20.32;48
2026-09-16T09:58:34.000;2026-09-16T02:58:34.000;18.44;5.07;0.24;21.87;20.32;49
2026-09-16T10:08:49.000;2026-09-16T03:08:49.000;18.69;6.36;0.24;21.86;20.32;50
2026-09-16T10:19:04.000;2026-09-16T03:19:04.000;18.99;7.93;0.31;21.6;20.32;51
2026-09-16T10:29:18.000;2026-09-16T03:29:18.000;18.91;8.21;0.29;21.67;20.32;52
2026-09-16T10:39:32.000;2026-09-16T03:39:32.000;18.56;7.13;0.27;21.75;20.32;53
2026-09-16T10:49:46.000;2026-09-16T03:49:46.000;18.28;5.86;0.33;21.54;20.32;54
2026-09-16T11:00:01.000;2026-09-16T04:00:01.000;18.22;6.71;0.3;21.61;20.32;55
2026-09-16T11:10:15.000;2026-09-16T04:10:15.000;18.99;6.22;0.31;21.6;20.32;56
2026-09-16T11:20:29.000;2026-09-16T04:20:29.000;18.77;4.7;0.31;21.59;20.32;57
2026-09-16T11:30:44.000;2026-09-16T04:30:44.000;18.31;5.2;0.39;21.35;20.32;58
2026-09-16T11:40:58.000;2026-09-16T04:40:58.000;19.09;9.73;0.4;21.32;20.32;59
2026-09-16T11:51:13.000;2026-09-16T04:51:13.000;19.76;13.06;0.53;21.0;20.32;60
2026-09-16T12:01:28.000;2026-09-16T05:01:28.000;19.91;11.45;0.49;21.09;20.32;61
2026-09-16T12:11:43.000;2026-09-16T05:11:43.000;19.99;11.97;1.06;20.25;20.32;62
2026-09-16T12:21:57.000;2026-09-16T05:21:57.000;19.82;12.53;4.06;18.8;20.32;63
2026-09-16T12:32:12.000;2026-09-16T05:32:12.000;19.78;13.04;30.69;16.6;20.32;64
2026-09-16T12:42:26.000;2026-09-16T05:42:26.000;19.63;10.42;380.23;13.87;20.32;65
2026-09-16T12:52:42.000;2026-09-16T05:52:42.000;18.79;4.26;4470.95;11.19;20.32;66
2026-09-17T01:35:52.000;2026-09-16T18:35:52.000;18.74;18.86;12644.65;10.07;20.32;1
2026-09-17T01:46:07.000;2026-09-16T18:46:07.000;18.99;18.94;3074.27;11.6;20.32;2
2026-09-17T01:56:22.000;2026-09-16T18:56:22.000;18.98;19.0;189.06;14.63;20.32;3
2026-09-17T02:06:39.000;2026-09-16T19:06:39.000;18.95;18.84;19.6;17.09;20.32;4
2026-09-17T02:16:54.000;2026-09-16T19:16:54.000;18.88;18.88;2.39;19.38;20.32;5
2026-09-17T02:27:09.000;2026-09-16T19:27:09.000;18.88;18.8;2.41;19.37;20.32;6
2026-09-17T02:37:23.000;2026-09-16T19:37:23.000;18.81;18.83;1.61;19.8;20.32;7
2026-09-17T02:57:53.000;2026-09-16T19:57:53.000;18.87;18.85;1.45;19.91;20.32;9
2026-09-17T03:08:08.000;2026-09-16T20:08:08.000;18.51;18.46;0.61;20.85;20.32;10
2026-09-17T03:18:22.000;2026-09-16T20:18:22.000;18.5;18.56;0.92;20.41;20.32;11
2026-09-17T03:28:37.000;2026-09-16T20:28:37.000;18.77;18.82;1.28;20.05;20.32;12
2026-09-17T03:38:52.000;2026-09-16T20:38:52.000;18.85;18.94;0.83;20.52;20.32;13
2026-09-17T03:49:08.000;2026-09-16T20:49:08.000;18.9;18.94;0.75;20.64;20.32;14
2026-09-17T03:59:22.000;2026-09-16T20:59:22.000;18.94;18.97;0.71;20.7;20.32;15
2026-09-17T04:09:36.000;2026-09-16T21:09:36.000;19.02;19.04;0.77;20.61;20.32;16
2026-09-17T04:19:51.000;2026-09-16T21:19:51.000;19.0;18.96;0.57;20.93;20.32;17
2026-09-17T04:30:06.000;2026-09-16T21:30:06.000;19.08;19.04;0.78;20.59;20.32;18
2026-09-17T04:40:21.000;2026-09-16T21:40:21.000;18.97;18.9;0.56;20.95;20.32;19
2026-09-17T04:50:35.000;2026-09-16T21:50:35.000;19.05;19.07;0.7;20.71;20.32;20
2026-09-17T05:00:52.000;2026-09-16T22:00:52.000;18.99;18.94;0.6;20.88;20.32;21
2026-09-17T05:11:06.000;2026-09-16T22:11:06.000;19.03;18.99;0.51;21.05;20.32;22
2026-09-17T05:21:21.000;2026-09-16T22:21:21.000;19.03;18.99;0.47;21.13;20.32;23
2026-09-17T05:31:35.000;2026-09-16T22:31:35.000;19.0;19.0;0.67;20.75;20.32;24
2026-09-17T05:41:50.000;2026-09-16T22:41:50.000;19.1;19.05;0.47;21.14;20.32;25
2026-09-17T05:52:07.000;2026-09-16T22:52:07.000;19.05;18.99;0.58;20.92;20.32;26
2026-09-17T06:02:22.000;2026-09-16T23:02:22.000;19.0;18.93;0.44;21.21;20.32;27
2026-09-17T06:12:36.000;2026-09-16T23:12:36.000;19.08;19.03;0.38;21.38;20.32;28
2026-09-17T06:22:51.000;2026-09-16T23:22:51.000;19.03;18.95;0.39;21.33;20.32;29
2026-09-17T06:33:05.000;2026-09-16T23:33:05.000;19.11;19.05;0.31;21.6;20.32;30
2026-09-17T06:43:20.000;2026-09-16T23:43:20.000;19.12;19.05;0.46;21.16;20.32;31
2026-09-17T06:53:35.000;2026-09-16T23:53:35.000;19.06;18.86;0.27;21.73;20.32;32
2026-09-17T07:03:49.000;2026-09-17T00:03:49.000;19.09;19.06;0.27;21.76;20.32;33
2026-09-17T07:14:04.000;2026-09-17T00:14:04.000;19.01;18.96;0.32;21.54;20.32;34
2026-09-17T07:24:18.000;2026-09-17T00:24:18.000;19.01;18.88;0.32;21.57;20.32;35
2026-09-17T07:34:33.000;2026-09-17T00:34:33.000;18.93;18.87;0.2;22.05;20.32;36
2026-09-17T07:44:47.000;2026-09-17T00:44:47.000;18.79;18.67;0.36;21.42;20.32;37
2026-09-17T07:55:01.000;2026-09-17T00:55:01.000;18.64;18.5;0.18;22.16;20.32;38
2026-09-17T08:05:16.000;2026-09-17T01:05:16.000;18.48;18.4;0.27;21.75;20.32;39
2026-09-17T08:15:30.000;2026-09-17T01:15:30.000;18.33;18.26;0.18;22.2;20.32;40
2026-09-17T08:25:45.000;2026-09-17T01:25:45.000;18.35;18.29;0.26;21.8;20.32;41
2026-09-17T08:35:59.000;2026-09-17T01:35:59.000;18.11;17.99;0.16;22.34;20.32;42
2026-09-17T08:46:13.000;2026-09-17T01:46:13.000;17.85;17.87;0.15;22.36;20.32;43
2026-09-17T08:56:28.000;2026-09-17T01:56:28.000;17.85;17.81;0.19;22.11;20.32;44
2026-09-17T09:06:42.000;2026-09-17T02:06:42.000;17.66;17.69;0.12;22.6;20.32;45
2026-09-17T09:16:57.000;2026-09-17T02:16:57.000;17.7;17.73;0.22;21.98;20.32;46
2026-09-17T09:27:11.000;2026-09-17T02:27:11.000;17.67;17.67;0.2;22.04;20.32;47
2026-09-17T09:37:25.000;2026-09-17T02:37:25.000;17.55;17.61;0.21;22.04;20.32;48
2026-09-17T09:47:40.000;2026-09-17T02:47:40.000;17.48;17.52;0.26;21.78;20.32;49
2026-09-17T09:57:54.000;2026-09-17T02:57:54.000;17.37;17.4;0.16;22.28;20.32;50
2026-09-17T10:08:08.000;2026-09-17T03:08:08.000;17.47;17.61;0.13;22.57;20.32;51
2026-09-17T10:18:23.000;2026-09-17T03:18:23.000;17.35;17.61;0.27;21.75;20.32;52
2026-09-17T10:28:37.000;2026-09-17T03:28:37.000;17.29;17.36;0.22;21.98;20.32;53
2026-09-17T10:38:51.000;2026-09-17T03:38:51.000;17.25;17.47;0.22;21.96;20.32;54
2026-09-17T10:49:05.000;2026-09-17T03:49:05.000;17.04;17.02;0.18;22.19;20.32;55
2026-09-17T10:59:20.000;2026-09-17T03:59:20.000;17.17;17.35;0.18;22.19;20.32;56
2026-09-17T11:09:35.000;2026-09-17T04:09:35.000;17.01;17.16;0.22;21.95;20.32;57
2026-09-17T11:19:49.000;2026-09-17T04:19:49.000;16.88;16.82;0.23;21.93;20.32;58
2026-09-17T11:30:03.000;2026-09-17T04:30:03.000;16.78;17.0;0.28;21.71;20.32;59
2026-09-17T11:40:18.000;2026-09-17T04:40:18.000;16.65;16.67;0.29;21.67;20.32;60
2026-09-17T11:50:32.000;2026-09-17T04:50:32.000;16.73;17.05;0.25;21.84;20.32;61
2026-09-17T12:00:47.000;2026-09-17T05:00:47.000;16.88;17.12;0.28;21.72;20.32;62
2026-09-17T12:11:02.000;2026-09-17T05:11:02.000;16.65;16.67;0.68;20.74;20.32;63
2026-09-17T12:31:30.000;2026-09-17T05:31:30.000;16.2;16.28;24.21;16.86;20.32;65
2026-09-17T12:41:45.000;2026-09-17T05:41:45.000;16.22;16.41;236.57;14.39;20.32;66
2026-09-17T12:51:59.000;2026-09-17T05:51:59.000;16.36;16.92;3416.59;11.49;20.32;67
2026-09-18T01:44:54.000;2026-09-17T18:44:54.000;20.13;1.83;6527.69;10.78;20.32;1
2026-09-18T01:55:09.000;2026-09-17T18:55:09.000;20.39;1.65;375.09;13.88;20.32;2
2026-09-18T02:05:23.000;2026-09-17T19:05:23.000;20.12;1.76;41.63;16.27;20.32;3
2026-09-18T02:15:37.000;2026-09-17T19:15:37.000;20.08;2.93;7.7;18.1;20.32;4
2026-09-18T02:25:51.000;2026-09-17T19:25:51.000;20.09;3.11;1.72;19.73;20.32;5
2026-09-18T02:36:05.000;2026-09-17T19:36:05.000;19.92;2.44;0.82;20.53;20.32;6
2026-09-18T02:46:20.000;2026-09-17T19:46:20.000;19.87;4.09;0.95;20.37;20.32;7
2026-09-18T02:56:35.000;2026-09-17T19:56:35.000;19.82;3.32;0.81;20.55;20.32;8
2026-09-18T03:06:49.000;2026-09-17T20:06:49.000;19.88;2.37;0.65;20.79;20.32;9
2026-09-18T03:17:04.000;2026-09-17T20:17:04.000;20.01;2.55;0.65;20.79;20.32;10
2026-09-18T03:27:19.000;2026-09-17T20:27:19.000;20.08;2.2;0.66;20.78;20.32;11
2026-09-18T03:37:35.000;2026-09-17T20:37:35.000;19.83;1.41;0.62;20.83;20.32;12
2026-09-18T03:47:50.000;2026-09-17T20:47:50.000;19.43;2.77;0.6;20.88;20.32;13
2026-09-18T03:58:05.000;2026-09-17T20:58:05.000;19.71;1.99;0.56;20.95;20.32;14
2026-09-18T04:08:19.000;2026-09-17T21:08:19.000;19.05;1.53;0.61;20.86;20.32;15
2026-09-18T04:18:33.000;2026-09-17T21:18:33.000;18.7;1.44;0.51;21.06;20.32;16
2026-09-18T04:28:47.000;2026-09-17T21:28:47.000;18.14;1.56;0.57;20.92;20.32;17
2026-09-18T04:39:02.000;2026-09-17T21:39:02.000;17.86;1.23;0.55;20.97;20.32;18
2026-09-18T04:49:16.000;2026-09-17T21:49:16.000;17.61;0.95;0.54;20.99;20.32;19
2026-09-18T04:59:30.000;2026-09-17T21:59:30.000;17.8;1.19;0.45;21.19;20.32;20
2026-09-18T05:09:45.000;2026-09-17T22:09:45.000;17.65;1.18;0.42;21.25;20.32;21
2026-09-18T05:20:00.000;2026-09-17T22:20:00.000;17.45;1.09;0.46;21.17;20.32;22
2026-09-18T05:30:14.000;2026-09-17T22:30:14.000;17.31;0.87;0.32;21.56;20.32;23
2026-09-18T05:40:28.000;2026-09-17T22:40:28.000;17.38;1.11;0.34;21.5;20.32;24
2026-09-18T05:50:43.000;2026-09-17T22:50:43.000;17.66;1.25;0.32;21.54;20.32;25
2026-09-18T06:00:58.000;2026-09-17T23:00:58.000;17.45;0.98;0.31;21.58;20.32;26
2026-09-18T06:11:12.000;2026-09-17T23:11:12.000;17.54;0.82;0.31;21.61;20.32;27
2026-09-18T06:21:26.000;2026-09-17T23:21:26.000;17.12;1.16;0.3;21.61;20.32;28
2026-09-18T06:31:40.000;2026-09-17T23:31:40.000;17.97;1.65;0.2;22.07;20.32;29
2026-09-18T06:41:55.000;2026-09-17T23:41:55.000;18.49;1.43;0.25;21.84;20.32;30
2026-09-18T06:52:10.000;2026-09-17T23:52:10.000;18.55;0.91;0.24;21.85;20.32;31
2026-09-18T07:02:24.000;2026-09-18T00:02:24.000;17.86;0.32;0.29;21.68;20.32;32
2026-09-18T07:12:39.000;2026-09-18T00:12:39.000;17.3;0.65;0.28;21.7;20.32;33
2026-09-18T07:22:53.000;2026-09-18T00:22:53.000;17.21;0.41;0.23;21.92;20.32;34
2026-09-18T07:33:08.000;2026-09-18T00:33:08.000;16.95;-0.14;0.18;22.17;20.32;35
2026-09-18T07:43:22.000;2026-09-18T00:43:22.000;16.35;0.18;0.23;21.93;20.32;36
2026-09-18T07:53:36.000;2026-09-18T00:53:36.000;16.49;0.7;0.27;21.73;20.32;37
2026-09-18T08:03:51.000;2026-09-18T01:03:51.000;17.16;0.75;0.18;22.18;20.32;38
2026-09-18T08:14:06.000;2026-09-18T01:14:06.000;17.08;0.54;0.22;21.95;20.32;39
2026-09-18T08:24:21.000;2026-09-18T01:24:21.000;16.76;0.36;0.23;21.94;20.32;40
2026-09-18T08:34:35.000;2026-09-18T01:34:35.000;16.45;0.61;0.22;21.94;20.32;41
2026-09-18T08:44:49.000;2026-09-18T01:44:49.000;16.05;0.29;0.18;22.2;20.32;42
2026-09-18T08:55:04.000;2026-09-18T01:55:04.000;15.81;-0.06;0.22;21.95;20.32;43
2026-09-18T09:05:18.000;2026-09-18T02:05:18.000;16.18;0.04;0.18;22.2;20.32;44
2026-09-18T09:15:35.000;2026-09-18T02:15:35.000;15.77;-0.03;0.22;21.96;20.32;45
2026-09-18T09:25:49.000;2026-09-18T02:25:49.000;16.35;0.05;0.18;22.19;20.32;46
2026-09-18T09:36:04.000;2026-09-18T02:36:04.000;16.34;-0.12;0.18;22.2;20.32;47
2026-09-18T09:46:19.000;2026-09-18T02:46:19.000;15.87;-0.68;0.26;21.77;20.32;48
2026-09-18T09:56:33.000;2026-09-18T02:56:33.000;15.59;-0.08;0.28;21.72;20.32;49
2026-09-18T10:06:48.000;2026-09-18T03:06:48.000;15.55;-0.14;0.22;21.98;20.32;50
2026-09-18T10:17:03.000;2026-09-18T03:17:03.000;15.58;-0.35;0.2;22.09;20.32;51
2026-09-18T10:27:16.000;2026-09-18T03:27:16.000;15.77;-0.04;0.22;21.97;20.32;52
2026-09-18T10:37:31.000;2026-09-18T03:37:31.000;15.49;-0.61;0.22;21.95;20.32;53
2026-09-18T10:47:45.000;2026-09-18T03:47:45.000;15.61;-0.44;0.29;21.68;20.32;54
2026-09-18T10:58:00.000;2026-09-18T03:58:00.000;15.41;-0.77;0.23;21.93;20.32;55
2026-09-18T11:08:14.000;2026-09-18T04:08:14.000;15.0;-0.67;0.18;22.18;20.32;56
2026-09-18T11:18:29.000;2026-09-18T04:18:29.000;14.84;-0.57;0.27;21.73;20.32;57
2026-09-18T11:28:44.000;2026-09-18T04:28:44.000;15.14;-0.99;0.19;22.14;20.32;58
2026-09-18T11:38:58.000;2026-09-18T04:38:58.000;14.77;-1.21;0.26;21.79;20.32;59
2026-09-18T11:49:12.000;2026-09-18T04:49:12.000;15.12;-1.31;0.2;22.07;20.32;60
2026-09-18T11:59:27.000;2026-09-18T04:59:27.000;15.04;-1.35;0.27;21.75;20.32;61
2026-09-18T12:09:42.000;2026-09-18T05:09:42.000;15.44;-2.0;0.51;21.05;20.32;62
2026-09-18T12:19:57.000;2026-09-18T05:19:57.000;15.49;-1.55;2.57;19.29;20.32;63
2026-09-18T12:30:12.000;2026-09-18T05:30:12.000;15.94;-1.74;17.52;17.21;20.32;64
2026-09-18T12:40:26.000;2026-09-18T05:40:26.000;16.95;-1.66;171.28;14.74;20.32;65
2026-09-18T12:50:41.000;2026-09-18T05:50:41.000;17.23;-1.65;2454.05;11.85;20.32;66
2026-09-19T01:43:53.000;2026-09-18T18:43:53.000;21.67;-1.0;5449.71;10.98;20.32;1
2026-09-19T01:54:07.000;2026-09-18T18:54:07.000;21.63;-1.27;363.19;13.92;20.32;2
2026-09-19T02:04:21.000;2026-09-18T19:04:21.000;21.21;-1.1;40.35;16.31;20.32;3
2026-09-19T02:24:50.000;2026-09-18T19:24:50.000;21.41;-0.25;1.74;19.72;20.32;5
2026-09-19T02:35:04.000;2026-09-18T19:35:04.000;21.03;-0.27;1.0;20.32;20.32;6
2026-09-19T02:45:19.000;2026-09-18T19:45:19.000;20.84;0.27;0.93;20.39;20.32;7
2026-09-19T02:55:34.000;2026-09-18T19:55:34.000;20.79;0.1;0.92;20.41;20.32;8
2026-09-19T03:05:48.000;2026-09-18T20:05:48.000;20.96;0.29;0.91;20.42;20.32;9
2026-09-19T03:16:03.000;2026-09-18T20:16:03.000;20.79;-0.27;0.9;20.44;20.32;10
2026-09-19T03:26:18.000;2026-09-18T20:26:18.000;20.87;-0.72;0.89;20.45;20.32;11
2026-09-19T03:36:32.000;2026-09-18T20:36:32.000;20.33;-0.83;0.87;20.47;20.32;12
2026-09-19T03:46:47.000;2026-09-18T20:46:47.000;20.08;-1.06;0.84;20.52;20.32;13
2026-09-19T03:57:01.000;2026-09-18T20:57:01.000;20.45;-0.99;0.79;20.57;20.32;14
2026-09-19T04:07:16.000;2026-09-18T21:07:16.000;19.76;-1.03;0.73;20.67;20.32;15
2026-09-19T04:17:33.000;2026-09-18T21:17:33.000;19.64;-0.45;0.63;20.82;20.32;16
2026-09-19T04:27:48.000;2026-09-18T21:27:48.000;19.6;-0.95;0.61;20.85;20.32;17
2026-09-19T04:38:03.000;2026-09-18T21:38:03.000;19.61;-1.67;0.67;20.75;20.32;18
2026-09-19T04:48:17.000;2026-09-18T21:48:17.000;18.73;-2.19;0.64;20.8;20.32;19
2026-09-19T04:58:32.000;2026-09-18T21:58:32.000;18.16;-2.38;0.62;20.84;20.32;20
2026-09-19T05:08:46.000;2026-09-18T22:08:46.000;18.01;-2.02;0.52;21.02;20.32;21
2026-09-19T05:19:00.000;2026-09-18T22:19:00.000;18.09;-1.64;0.48;21.12;20.32;22
2026-09-19T05:29:15.000;2026-09-18T22:29:15.000;18.24;-2.26;0.46;21.17;20.32;23
2026-09-19T05:39:29.000;2026-09-18T22:39:29.000;18.22;-2.31;0.36;21.42;20.32;24
2026-09-19T05:49:44.000;2026-09-18T22:49:44.000;18.15;-1.55;0.41;21.28;20.32;25
2026-09-19T05:59:59.000;2026-09-18T22:59:59.000;19.87;-1.82;0.38;21.38;20.32;26
2026-09-19T06:10:14.000;2026-09-18T23:10:14.000;19.4;-2.17;0.29;21.68;20.32;27
2026-09-19T06:20:28.000;2026-09-18T23:20:28.000;18.84;-2.96;0.33;21.53;20.32;28
2026-09-19T06:30:43.000;2026-09-18T23:30:43.000;18.13;-2.86;0.25;21.84;20.32;29
2026-09-19T06:40:57.000;2026-09-18T23:40:57.000;17.47;-3.02;0.26;21.79;20.32;30
2026-09-19T06:51:11.000;2026-09-18T23:51:11.000;17.19;-3.09;0.21;22.01;20.32;31
2026-09-19T07:01:26.000;2026-09-19T00:01:26.000;17.24;-2.42;0.23;21.91;20.32;32
2026-09-19T07:11:41.000;2026-09-19T00:11:41.000;18.05;-2.64;0.25;21.84;20.32;33
2026-09-19T07:21:55.000;2026-09-19T00:21:55.000;17.44;-3.14;0.23;21.92;20.32;34
2026-09-19T07:32:09.000;2026-09-19T00:32:09.000;17.0;-3.07;0.18;22.18;20.32;35
2026-09-19T07:42:23.000;2026-09-19T00:42:23.000;16.29;-2.88;0.23;21.93;20.32;36
2026-09-19T07:52:37.000;2026-09-19T00:52:37.000;16.73;-2.83;0.23;21.93;20.32;37
2026-09-19T08:02:52.000;2026-09-19T01:02:52.000;16.58;-3.23;0.18;22.17;20.32;38
2026-09-19T08:13:06.000;2026-09-19T01:13:06.000;16.94;-2.85;0.18;22.16;20.32;39
2026-09-19T08:23:21.000;2026-09-19T01:23:21.000;16.99;-2.89;0.23;21.91;20.32;40
2026-09-19T08:33:35.000;2026-09-19T01:33:35.000;17.0;-2.84;0.28;21.7;20.32;41
2026-09-19T08:43:50.000;2026-09-19T01:43:50.000;17.67;-3.4;0.24;21.89;20.32;42
2026-09-19T08:54:04.000;2026-09-19T01:54:04.000;18.56;-3.51;0.19;22.12;20.32;43
2026-09-19T09:04:19.000;2026-09-19T02:04:19.000;17.87;-3.67;0.19;22.12;20.32;44
2026-09-19T09:14:34.000;2026-09-19T02:14:34.000;17.53;-3.47;0.19;22.13;20.32;45
2026-09-19T09:24:48.000;2026-09-19T02:24:48.000;16.7;-3.97;0.28;21.69;20.32;46
2026-09-19T09:35:02.000;2026-09-19T02:35:02.000;16.41;-4.59;0.23;21.9;20.32;47
2026-09-19T09:45:16.000;2026-09-19T02:45:16.000;17.35;-4.14;0.24;21.89;20.32;48
2026-09-19T09:55:31.000;2026-09-19T02:55:31.000;17.17;-4.14;0.21;22.0;20.32;49
2026-09-19T10:05:46.000;2026-09-19T03:05:46.000;17.18;-3.76;0.19;22.13;20.32;50
2026-09-19T10:16:01.000;2026-09-19T03:16:01.000;16.82;-4.56;0.19;22.13;20.32;51
2026-09-19T10:26:15.000;2026-09-19T03:26:15.000;16.2;-5.14;0.21;22.0;20.32;52
2026-09-19T10:36:29.000;2026-09-19T03:36:29.000;16.57;-4.01;0.24;21.88;20.32;53
2026-09-19T10:46:44.000;2026-09-19T03:46:44.000;17.51;-4.21;0.24;21.87;20.32;54
2026-09-19T10:56:58.000;2026-09-19T03:56:58.000;17.45;-4.77;0.29;21.66;20.32;55
2026-09-19T11:07:13.000;2026-09-19T04:07:13.000;16.2;-4.59;0.25;21.84;20.32;56
2026-09-19T11:17:27.000;2026-09-19T04:17:27.000;16.98;-3.99;0.3;21.62;20.32;57
2026-09-19T11:27:42.000;2026-09-19T04:27:42.000;17.77;-4.04;0.25;21.81;20.32;58
2026-09-19T11:37:56.000;2026-09-19T04:37:56.000;17.68;-4.51;0.26;21.78;20.32;59
2026-09-19T11:48:11.000;2026-09-19T04:48:11.000;17.31;-4.95;0.32;21.54;20.32;60
2026-09-19T11:58:26.000;2026-09-19T04:58:26.000;16.5;-5.06;0.36;21.42;20.32;61
2026-09-19T12:08:40.000;2026-09-19T05:08:40.000;16.39;-5.05;0.56;20.95;20.32;62
2026-09-19T12:18:55.000;2026-09-19T05:18:55.000;15.74;-5.89;1.9;19.62;20.32;63
2026-09-19T12:29:08.000;2026-09-19T05:29:08.000;16.54;-5.3;11.68;17.65;20.32;64
2026-09-19T12:39:23.000;2026-09-19T05:39:23.000;17.16;-5.11;98.89;15.33;20.32;65
2026-09-19T12:49:37.000;2026-09-19T05:49:37.000;17.32;-4.92;1394.71;12.46;20.32;66
2026-09-20T01:41:58.000;2026-09-19T18:41:58.000;20.36;-0.34;6277.53;10.83;20.32;1
2026-09-20T01:52:12.000;2026-09-19T18:52:12.000;20.26;-0.9;350.62;13.96;20.32;2
2026-09-20T02:02:27.000;2026-09-19T19:02:27.000;19.95;-0.77;36.24;16.42;20.32;3
2026-09-20T02:12:43.000;2026-09-19T19:12:43.000;19.74;-0.4;5.79;18.41;20.32;4
2026-09-20T02:22:58.000;2026-09-19T19:22:58.000;19.23;-1.06;1.96;19.59;20.32;5
2026-09-20T02:33:13.000;2026-09-19T19:33:13.000;19.14;-1.21;1.46;19.91;20.32;6
2026-09-20T02:43:29.000;2026-09-19T19:43:29.000;18.97;-1.53;1.27;20.06;20.32;7
2026-09-20T02:53:44.000;2026-09-19T19:53:44.000;18.65;-1.87;1.24;20.09;20.32;8
2026-09-20T03:03:58.000;2026-09-19T20:03:58.000;18.63;-1.69;1.27;20.06;20.32;9
2026-09-20T03:14:13.000;2026-09-19T20:14:13.000;18.53;-2.12;1.24;20.09;20.32;10
2026-09-20T03:24:27.000;2026-09-19T20:24:27.000;18.49;-2.33;1.41;19.95;20.32;11
2026-09-20T03:34:41.000;2026-09-19T20:34:41.000;18.6;-2.23;1.23;20.1;20.32;12
2026-09-20T03:44:56.000;2026-09-19T20:44:56.000;18.69;-2.44;1.38;19.97;20.32;13
2026-09-20T03:55:11.000;2026-09-19T20:55:11.000;18.91;-2.43;1.18;20.14;20.32;14
2026-09-20T04:05:25.000;2026-09-19T21:05:25.000;18.77;-2.31;1.15;20.16;20.32;15
2026-09-20T04:15:40.000;2026-09-19T21:15:40.000;18.54;-1.88;1.28;20.05;20.32;16
2026-09-20T04:25:54.000;2026-09-19T21:25:54.000;18.52;-2.0;1.24;20.08;20.32;17
2026-09-20T04:36:09.000;2026-09-19T21:36:09.000;18.83;-0.9;1.05;20.27;20.32;18
2026-09-20T04:46:27.000;2026-09-19T21:46:27.000;18.66;-2.39;0.89;20.44;20.32;19
2026-09-20T04:56:44.000;2026-09-19T21:56:44.000;18.0;-1.94;1.11;20.21;20.32;20
2026-09-20T05:06:58.000;2026-09-19T22:06:58.000;17.91;-1.83;0.86;20.49;20.32;21
2026-09-20T05:17:12.000;2026-09-19T22:17:12.000;18.02;-2.17;0.75;20.63;20.32;22
2026-09-20T05:27:26.000;2026-09-19T22:27:26.000;17.65;-2.74;0.75;20.63;20.32;23
2026-09-20T05:37:41.000;2026-09-19T22:37:41.000;17.43;-1.96;0.57;20.94;20.32;24
2026-09-20T05:47:56.000;2026-09-19T22:47:56.000;17.66;-2.04;0.68;20.73;20.32;25
2026-09-20T05:58:10.000;2026-09-19T22:58:10.000;18.07;-1.76;0.63;20.82;20.32;26
2026-09-20T06:08:25.000;2026-09-19T23:08:25.000;18.67;-1.91;0.59;20.89;20.32;27
2026-09-20T06:18:39.000;2026-09-19T23:18:39.000;18.39;-1.8;0.57;20.94;20.32;28
2026-09-20T06:28:54.000;2026-09-19T23:28:54.000;17.95;-0.67;0.48;21.12;20.32;29
2026-09-20T06:39:08.000;2026-09-19T23:39:08.000;18.61;-0.81;0.43;21.23;20.32;30
2026-09-20T06:49:22.000;2026-09-19T23:49:22.000;19.15;-0.49;0.4;21.32;20.32;31
2026-09-20T06:59:37.000;2026-09-19T23:59:37.000;19.44;-0.67;0.32;21.55;20.32;32
2026-09-20T07:09:51.000;2026-09-20T00:09:51.000;19.59;-0.01;0.26;21.77;20.32;33
2026-09-20T07:20:06.000;2026-09-20T00:20:06.000;20.16;0.0;0.23;21.89;20.32;34
2026-09-20T07:30:21.000;2026-09-20T00:30:21.000;20.28;-0.41;0.23;21.89;20.32;35
2026-09-20T07:40:35.000;2026-09-20T00:40:35.000;20.48;-0.09;0.19;22.14;20.32;36
2026-09-20T07:50:49.000;2026-09-20T00:50:49.000;20.29;0.48;0.18;22.16;20.32;37
2026-09-20T08:01:04.000;2026-09-20T01:01:04.000;20.39;0.49;0.18;22.16;20.32;38
2026-09-20T08:11:19.000;2026-09-20T01:11:19.000;20.37;0.42;0.19;22.12;20.32;39
2026-09-20T08:21:34.000;2026-09-20T01:21:34.000;20.31;0.15;0.27;21.75;20.32;40
2026-09-20T08:31:48.000;2026-09-20T01:31:48.000;20.15;0.34;0.19;22.12;20.32;41
2026-09-20T08:42:02.000;2026-09-20T01:42:02.000;19.63;-0.12;0.17;22.25;20.32;42
2026-09-20T08:52:17.000;2026-09-20T01:52:17.000;19.36;0.04;0.23;21.93;20.32;43
2026-09-20T09:02:31.000;2026-09-20T02:02:31.000;19.16;-0.37;0.21;22.01;20.32;44
2026-09-20T09:12:45.000;2026-09-20T02:12:45.000;18.41;0.04;0.17;22.27;20.32;45
2026-09-20T09:22:59.000;2026-09-20T02:22:59.000;18.41;-0.25;0.25;21.84;20.32;46
2026-09-20T09:33:13.000;2026-09-20T02:33:13.000;19.24;0.01;0.17;22.26;20.32;47
2026-09-20T09:43:28.000;2026-09-20T02:43:28.000;19.32;-0.05;0.17;22.23;20.32;48
2026-09-20T09:53:43.000;2026-09-20T02:53:43.000;19.12;-0.38;0.23;21.9;20.32;49
2026-09-20T10:03:58.000;2026-09-20T03:03:58.000;18.83;-1.04;0.17;22.22;20.32;50
2026-09-20T10:34:59.000;2026-09-20T03:34:59.000;18.12;-1.78;0.22;21.95;20.32;53
2026-09-20T10:45:14.000;2026-09-20T03:45:14.000;18.89;-1.91;0.27;21.75;20.32;54
2026-09-20T10:55:28.000;2026-09-20T03:55:28.000;19.24;-1.98;0.18;22.17;20.32;55
2026-09-20T11:05:43.000;2026-09-20T04:05:43.000;19.47;-1.99;0.28;21.72;20.32;56
2026-09-20T11:15:57.000;2026-09-20T04:15:57.000;19.35;-1.94;0.23;21.9;20.32;57
2026-09-20T11:26:12.000;2026-09-20T04:26:12.000;19.24;-2.08;0.19;22.12;20.32;58
2026-09-20T11:36:26.000;2026-09-20T04:36:26.000;19.25;-1.85;0.24;21.86;20.32;59
2026-09-20T11:46:41.000;2026-09-20T04:46:41.000;18.71;-1.15;0.2;22.08;20.32;60
2026-09-20T11:56:55.000;2026-09-20T04:56:55.000;18.71;-1.03;0.26;21.78;20.32;61
2026-09-20T12:07:10.000;2026-09-20T05:07:10.000;18.58;-0.95;0.47;21.15;20.32;62
2026-09-20T12:17:25.000;2026-09-20T05:17:25.000;18.33;-0.38;1.37;19.98;20.32;63
2026-09-20T12:27:39.000;2026-09-20T05:27:39.000;17.42;-0.82;7.73;18.1;20.32;64
2026-09-20T12:37:53.000;2026-09-20T05:37:53.000;17.15;-0.35;63.79;15.81;20.32;65
2026-09-20T12:48:07.000;2026-09-20T05:48:07.000;16.95;0.33;843.94;13.0;20.32;66
2026-09-21T01:37:07.000;2026-09-20T18:37:07.000;21.46;0.33;10420.99;10.28;20.32;1
2026-09-21T01:47:21.000;2026-09-20T18:47:21.000;21.16;0.37;705.26;13.2;20.32;2
2026-09-21T01:57:35.000;2026-09-20T18:57:35.000;20.61;0.29;54.77;15.97;20.32;3
2026-09-21T02:07:49.000;2026-09-20T19:07:49.000;20.33;0.66;7.81;18.09;20.32;4
2026-09-21T02:18:03.000;2026-09-20T19:18:03.000;20.1;0.36;2.57;19.3;20.32;5
2026-09-21T02:28:17.000;2026-09-20T19:28:17.000;19.89;0.47;1.91;19.62;20.32;6
2026-09-21T02:38:31.000;2026-09-20T19:38:31.000;19.71;0.89;1.84;19.66;20.32;7
2026-09-21T02:48:46.000;2026-09-20T19:48:46.000;19.97;0.97;1.86;19.65;20.32;8
2026-09-21T02:59:00.000;2026-09-20T19:59:00.000;20.45;0.93;1.87;19.64;20.32;9
2026-09-21T03:09:16.000;2026-09-20T20:09:16.000;20.53;0.87;1.87;19.64;20.32;10
2026-09-21T03:19:31.000;2026-09-20T20:19:31.000;21.2;1.07;1.88;19.64;20.32;11
2026-09-21T03:29:46.000;2026-09-20T20:29:46.000;21.13;0.9;1.88;19.63;20.32;12
2026-09-21T03:40:01.000;2026-09-20T20:40:01.000;21.02;1.13;1.86;19.65;20.32;13
2026-09-21T03:50:16.000;2026-09-20T20:50:16.000;20.79;1.08;1.85;19.65;20.32;14
2026-09-21T04:00:30.000;2026-09-20T21:00:30.000;20.35;0.4;1.83;19.66;20.32;15
2026-09-21T04:10:45.000;2026-09-20T21:10:45.000;20.31;0.79;1.8;19.68;20.32;16
2026-09-21T04:20:59.000;2026-09-20T21:20:59.000;20.36;0.41;1.77;19.7;20.32;17
2026-09-21T04:31:14.000;2026-09-20T21:31:14.000;20.94;0.97;1.73;19.72;20.32;18
2026-09-21T04:41:29.000;2026-09-20T21:41:29.000;20.15;-0.32;1.68;19.75;20.32;19
2026-09-21T04:51:45.000;2026-09-20T21:51:45.000;19.4;-0.79;1.66;19.77;20.32;20
2026-09-21T05:02:00.000;2026-09-20T22:02:00.000;19.44;-0.25;1.59;19.82;20.32;21
2026-09-21T05:12:15.000;2026-09-20T22:12:15.000;19.93;0.27;1.54;19.85;20.32;22
2026-09-21T05:22:30.000;2026-09-20T22:22:30.000;19.87;0.03;1.49;19.89;20.32;23
2026-09-21T05:32:44.000;2026-09-20T22:32:44.000;18.82;0.66;1.45;19.92;20.32;24
2026-09-21T05:42:58.000;2026-09-20T22:42:58.000;18.66;1.52;1.38;19.97;20.32;25
2026-09-21T05:53:13.000;2026-09-20T22:53:13.000;19.1;1.55;1.31;20.03;20.32;26
2026-09-21T06:03:27.000;2026-09-20T23:03:27.000;19.52;1.71;1.26;20.07;20.32;27
2026-09-21T06:13:42.000;2026-09-20T23:13:42.000;19.46;0.85;1.03;20.29;20.32;28
2026-09-21T06:23:56.000;2026-09-20T23:23:56.000;18.75;1.1;1.0;20.32;20.32;29
2026-09-21T06:34:12.000;2026-09-20T23:34:12.000;18.23;0.13;0.8;20.56;20.32;30
2026-09-21T06:44:27.000;2026-09-20T23:44:27.000;18.08;0.68;0.72;20.67;20.32;31
2026-09-21T06:54:41.000;2026-09-20T23:54:41.000;17.51;0.61;0.72;20.68;20.32;32
2026-09-21T07:04:56.000;2026-09-21T00:04:56.000;17.08;0.97;0.68;20.74;20.32;33
2026-09-21T07:15:12.000;2026-09-21T00:15:12.000;18.01;1.53;0.66;20.76;20.32;34
2026-09-21T07:25:26.000;2026-09-21T00:25:26.000;17.55;0.63;0.61;20.85;20.32;35
2026-09-21T07:35:41.000;2026-09-21T00:35:41.000;17.45;0.48;0.57;20.93;20.32;36
2026-09-21T07:45:56.000;2026-09-21T00:45:56.000;17.05;0.45;0.47;21.15;20.32;37
2026-09-21T07:56:09.000;2026-09-21T00:56:09.000;17.36;0.97;0.33;21.53;20.32;38
2026-09-21T08:06:25.000;2026-09-21T01:06:25.000;17.61;1.13;0.29;21.68;20.32;39
2026-09-21T08:16:40.000;2026-09-21T01:16:40.000;18.08;0.82;0.3;21.63;20.32;40
2026-09-21T08:26:55.000;2026-09-21T01:26:55.000;19.38;0.95;0.23;21.92;20.32;41
2026-09-21T08:37:10.000;2026-09-21T01:37:10.000;18.97;0.52;0.18;22.19;20.32;42
2026-09-21T08:47:24.000;2026-09-21T01:47:24.000;18.64;1.07;0.27;21.75;20.32;43
2026-09-21T08:57:39.000;2026-09-21T01:57:39.000;18.45;0.39;0.2;22.06;20.32;44
2026-09-21T09:07:54.000;2026-09-21T02:07:54.000;18.43;0.17;0.2;22.06;20.32;45
2026-09-21T09:18:08.000;2026-09-21T02:18:08.000;17.87;-0.45;0.22;21.94;20.32;46
2026-09-21T09:28:23.000;2026-09-21T02:28:23.000;17.62;-0.25;0.18;22.19;20.32;47
2026-09-21T09:38:38.000;2026-09-21T02:38:38.000;17.63;-0.49;0.27;21.74;20.32;48
2026-09-21T09:48:52.000;2026-09-21T02:48:52.000;17.52;-0.69;0.27;21.73;20.32;49
2026-09-21T09:59:07.000;2026-09-21T02:59:07.000;17.84;-0.14;0.21;22.03;20.32;50
2026-09-21T10:09:22.000;2026-09-21T03:09:22.000;18.44;0.07;0.29;21.66;20.32;51
2026-09-21T10:19:38.000;2026-09-21T03:19:38.000;18.94;-0.01;0.19;22.15;20.32;52
2026-09-21T10:29:53.000;2026-09-21T03:29:53.000;19.23;-0.15;0.28;21.71;20.32;53
2026-09-21T10:40:08.000;2026-09-21T03:40:08.000;19.23;-0.24;0.19;22.14;20.32;54
2026-09-21T10:50:22.000;2026-09-21T03:50:22.000;19.02;-0.55;0.21;22.0;20.32;55
2026-09-21T11:00:37.000;2026-09-21T04:00:37.000;18.69;-1.05;0.29;21.67;20.32;56
2026-09-21T11:10:52.000;2026-09-21T04:10:52.000;18.02;-1.04;0.26;21.79;20.32;57
2026-09-21T11:21:06.000;2026-09-21T04:21:06.000;17.38;-1.06;0.22;21.98;20.32;58
2026-09-21T11:31:20.000;2026-09-21T04:31:20.000;18.38;-0.43;0.29;21.65;20.32;59
2026-09-21T11:41:36.000;2026-09-21T04:41:36.000;19.03;-0.96;0.3;21.63;20.32;60
2026-09-21T11:51:51.000;2026-09-21T04:51:51.000;18.9;-0.64;0.31;21.6;20.32;61
2026-09-21T12:02:05.000;2026-09-21T05:02:05.000;18.54;-1.13;0.29;21.67;20.32;62
2026-09-21T12:12:20.000;2026-09-21T05:12:20.000;18.26;-1.28;0.69;20.72;20.32;63
2026-09-21T12:22:34.000;2026-09-21T05:22:34.000;18.39;-1.21;3.39;18.99;20.32;64
2026-09-21T12:32:50.000;2026-09-21T05:32:50.000;18.15;-2.41;22.83;16.92;20.32;65
2026-09-21T12:43:04.000;2026-09-21T05:43:04.000;18.6;-2.07;230.0;14.42;20.32;66
2026-09-21T12:53:18.000;2026-09-21T05:53:18.000;18.66;-2.42;4174.61;11.27;20.32;67
2026-09-22T01:38:14.000;2026-09-21T18:38:14.000;22.97;-0.19;8452.06;10.5;20.32;1
2026-09-22T01:48:29.000;2026-09-21T18:48:29.000;23.03;0.55;475.38;13.63;20.32;2
2026-09-22T01:58:43.000;2026-09-21T18:58:43.000;23.01;3.47;107.94;15.24;20.32;3
2026-09-22T02:09:00.000;2026-09-21T19:09:00.000;22.83;0.47;12.46;17.58;20.32;4
2026-09-22T02:19:15.000;2026-09-21T19:19:15.000;22.33;-0.67;3.32;19.02;20.32;5
2026-09-22T02:29:30.000;2026-09-21T19:29:30.000;22.47;-0.23;3.23;19.05;20.32;6
2026-09-22T02:39:45.000;2026-09-21T19:39:45.000;22.26;-0.36;3.23;19.05;20.32;7
2026-09-22T02:50:00.000;2026-09-21T19:50:00.000;21.94;-0.92;3.46;18.97;20.32;8
2026-09-22T03:00:14.000;2026-09-21T20:00:14.000;21.7;-1.3;3.22;19.05;20.32;9
2026-09-22T03:10:28.000;2026-09-21T20:10:28.000;21.04;-2.37;2.98;19.14;20.32;10
2026-09-22T03:20:42.000;2026-09-21T20:20:42.000;20.72;-2.31;2.66;19.26;20.32;11
2026-09-22T03:30:56.000;2026-09-21T20:30:56.000;20.23;-1.37;1.66;19.77;20.32;12
2026-09-22T03:41:12.000;2026-09-21T20:41:12.000;19.52;-1.83;1.85;19.65;20.32;13
2026-09-22T03:51:26.000;2026-09-21T20:51:26.000;19.25;-1.95;2.75;19.22;20.32;14
2026-09-22T04:01:41.000;2026-09-21T21:01:41.000;19.0;-1.8;2.2;19.46;20.32;15
2026-09-22T04:11:56.000;2026-09-21T21:11:56.000;18.75;-0.41;3.07;19.1;20.32;16
2026-09-22T04:22:11.000;2026-09-21T21:22:11.000;18.97;0.75;6.01;18.37;20.32;17
2026-09-22T04:32:25.000;2026-09-21T21:32:25.000;19.14;-1.16;3.54;18.95;20.32;18
2026-09-22T04:42:40.000;2026-09-21T21:42:40.000;18.42;-0.85;2.57;19.29;20.32;19
2026-09-22T04:52:55.000;2026-09-21T21:52:55.000;18.46;-0.49;2.55;19.3;20.32;20
2026-09-22T05:03:10.000;2026-09-21T22:03:10.000;18.13;-1.64;2.36;19.39;20.32;21
2026-09-22T05:13:24.000;2026-09-21T22:13:24.000;17.62;-1.73;2.36;19.39;20.32;22
2026-09-22T05:23:38.000;2026-09-21T22:23:38.000;17.41;-1.42;2.32;19.41;20.32;23
2026-09-22T05:33:53.000;2026-09-21T22:33:53.000;17.53;-1.01;2.23;19.45;20.32;24
2026-09-22T05:44:07.000;2026-09-21T22:44:07.000;17.62;-1.64;2.17;19.48;20.32;25
2026-09-22T05:54:25.000;2026-09-21T22:54:25.000;17.16;-1.4;2.11;19.51;20.32;26
2026-09-22T06:04:39.000;2026-09-21T23:04:39.000;17.33;-0.94;2.05;19.54;20.32;27
2026-09-22T06:14:54.000;2026-09-21T23:14:54.000;17.82;-2.16;2.0;19.57;20.32;28
2026-09-22T06:25:09.000;2026-09-21T23:25:09.000;17.69;-1.35;1.92;19.61;20.32;29
2026-09-22T06:35:24.000;2026-09-21T23:35:24.000;18.12;-0.43;1.83;19.66;20.32;30
2026-09-22T06:45:39.000;2026-09-21T23:45:39.000;18.91;-0.96;1.73;19.73;20.32;31
2026-09-22T06:55:53.000;2026-09-21T23:55:53.000;19.16;-0.51;1.7;19.74;20.32;32
2026-09-22T07:06:09.000;2026-09-22T00:06:09.000;19.01;-0.48;1.46;19.91;20.32;33
2026-09-22T07:16:23.000;2026-09-22T00:16:23.000;18.42;-0.32;1.21;20.11;20.32;34
2026-09-22T07:26:38.000;2026-09-22T00:26:38.000;17.92;0.13;1.09;20.22;20.32;35
2026-09-22T07:36:52.000;2026-09-22T00:36:52.000;19.06;2.82;1.15;20.17;20.32;36
2026-09-22T07:47:08.000;2026-09-22T00:47:08.000;20.67;7.48;6.11;18.35;20.32;37
2026-09-22T07:57:23.000;2026-09-22T00:57:23.000;20.85;3.43;1.54;19.85;20.32;38
2026-09-22T08:07:37.000;2026-09-22T01:07:37.000;20.98;4.04;1.16;20.16;20.32;39
2026-09-22T08:17:53.000;2026-09-22T01:17:53.000;20.57;4.95;1.65;19.78;20.32;40
2026-09-22T08:28:08.000;2026-09-22T01:28:08.000;21.07;12.81;1.88;19.63;20.32;41
2026-09-22T08:38:22.000;2026-09-22T01:38:22.000;22.21;13.27;1.24;20.08;20.32;42
2026-09-22T08:48:37.000;2026-09-22T01:48:37.000;22.58;14.95;0.88;20.46;20.32;43
2026-09-22T08:58:52.000;2026-09-22T01:58:52.000;21.93;13.0;1.02;20.3;20.32;44
2026-09-22T09:09:06.000;2026-09-22T02:09:06.000;21.47;13.33;0.7;20.7;20.32;45
2026-09-22T09:19:21.000;2026-09-22T02:19:21.000;21.42;14.54;0.56;20.94;20.32;46
2026-09-22T09:29:35.000;2026-09-22T02:29:35.000;21.07;8.58;0.46;21.17;20.32;47
2026-09-22T09:39:50.000;2026-09-22T02:39:50.000;21.03;7.73;0.47;21.13;20.32;48
2026-09-22T09:50:04.000;2026-09-22T02:50:04.000;20.86;4.84;0.47;21.14;20.32;49
2026-09-22T10:00:19.000;2026-09-22T03:00:19.000;20.25;4.93;0.48;21.11;20.32;50
2026-09-22T10:10:33.000;2026-09-22T03:10:33.000;19.89;3.02;0.31;21.59;20.32;51
2026-09-22T10:20:48.000;2026-09-22T03:20:48.000;19.86;4.32;0.48;21.11;20.32;52
2026-09-22T10:31:03.000;2026-09-22T03:31:03.000;19.82;4.66;0.53;21.0;20.32;53
2026-09-22T10:41:18.000;2026-09-22T03:41:18.000;20.02;3.23;0.45;21.19;20.32;54
2026-09-22T10:51:33.000;2026-09-22T03:51:33.000;19.69;2.53;0.46;21.15;20.32;55
2026-09-22T11:01:47.000;2026-09-22T04:01:47.000;19.63;3.5;0.49;21.1;20.32;56
2026-09-22T11:12:02.000;2026-09-22T04:12:02.000;19.63;3.01;0.39;21.36;20.32;57
2026-09-22T11:22:18.000;2026-09-22T04:22:18.000;19.7;2.15;0.46;21.16;20.32;58
2026-09-22T11:32:33.000;2026-09-22T04:32:33.000;19.6;2.25;0.42;21.26;20.32;59
2026-09-22T11:42:47.000;2026-09-22T04:42:47.000;19.36;2.44;0.42;21.25;20.32;60
2026-09-22T11:53:01.000;2026-09-22T04:53:01.000;19.15;1.56;0.34;21.51;20.32;61
2026-09-22T12:03:15.000;2026-09-22T05:03:15.000;18.71;0.99;0.41;21.28;20.32;62
2026-09-22T12:13:30.000;2026-09-22T05:13:30.000;18.46;0.65;0.65;20.78;20.32;63
2026-09-22T12:23:44.000;2026-09-22T05:23:44.000;17.88;-0.16;2.16;19.49;20.32;64
2026-09-22T12:33:59.000;2026-09-22T05:33:59.000;18.13;0.77;13.57;17.49;20.32;65
2026-09-22T12:44:14.000;2026-09-22T05:44:14.000;18.67;-0.54;161.94;14.8;20.32;66
2026-09-22T12:54:29.000;2026-09-22T05:54:29.000;18.74;-1.56;2554.47;11.8;20.32;67
2026-09-23T01:33:54.000;2026-09-22T18:33:54.000;20.97;8.49;12940.52;10.04;20.32;1
2026-09-23T01:44:08.000;2026-09-22T18:44:08.000;20.98;8.73;1027.61;12.79;20.32;2
2026-09-23T01:54:23.000;2026-09-22T18:54:23.000;20.81;8.62;121.87;15.11;20.32;3
2026-09-23T02:04:38.000;2026-09-22T19:04:38.000;21.01;8.53;22.22;16.95;20.32;4
2026-09-23T02:14:55.000;2026-09-22T19:14:55.000;21.55;9.38;11.58;17.66;20.32;5
2026-09-23T02:25:10.000;2026-09-22T19:25:10.000;21.72;9.83;10.97;17.72;20.32;6
2026-09-23T02:35:26.000;2026-09-22T19:35:26.000;21.23;8.4;11.17;17.7;20.32;7
2026-09-23T02:45:40.000;2026-09-22T19:45:40.000;20.25;7.29;10.49;17.77;20.32;8
2026-09-23T02:55:54.000;2026-09-22T19:55:54.000;19.77;6.74;10.25;17.79;20.32;9
2026-09-23T03:06:10.000;2026-09-22T20:06:10.000;20.19;6.79;10.65;17.75;20.32;10
2026-09-23T03:16:24.000;2026-09-22T20:16:24.000;19.68;5.34;8.85;17.95;20.32;11
2026-09-23T03:26:39.000;2026-09-22T20:26:39.000;19.66;5.57;9.51;17.87;20.32;12
2026-09-23T03:36:54.000;2026-09-22T20:36:54.000;19.91;7.67;12.31;17.59;20.32;13
2026-09-23T03:57:23.000;2026-09-22T20:57:23.000;19.8;5.32;10.8;17.74;20.32;15
2026-09-23T04:07:38.000;2026-09-22T21:07:38.000;19.87;6.55;11.54;17.66;20.32;16
2026-09-23T04:17:52.000;2026-09-22T21:17:52.000;20.03;5.54;13.06;17.53;20.32;17
2026-09-23T04:28:07.000;2026-09-22T21:28:07.000;19.95;4.6;10.17;17.8;20.32;18
2026-09-23T04:38:22.000;2026-09-22T21:38:22.000;19.98;5.42;10.75;17.74;20.32;19
2026-09-23T04:48:37.000;2026-09-22T21:48:37.000;20.69;6.14;10.9;17.73;20.32;20
2026-09-23T04:58:55.000;2026-09-22T21:58:55.000;21.32;5.87;11.46;17.67;20.32;21
2026-09-23T05:19:24.000;2026-09-22T22:19:24.000;21.22;6.54;11.78;17.64;20.32;23
2026-09-23T05:29:39.000;2026-09-22T22:29:39.000;21.11;6.54;12.06;17.62;20.32;24
2026-09-23T05:39:52.000;2026-09-22T22:39:52.000;20.29;6.74;12.4;17.59;20.32;25
2026-09-23T05:50:06.000;2026-09-22T22:50:06.000;20.22;7.64;12.29;17.6;20.32;26
2026-09-23T06:10:36.000;2026-09-22T23:10:36.000;20.34;7.08;9.99;17.82;20.32;28
2026-09-23T06:20:51.000;2026-09-22T23:20:51.000;20.4;7.1;9.42;17.89;20.32;29
2026-09-23T06:31:06.000;2026-09-22T23:31:06.000;20.47;6.94;9.5;17.88;20.32;30
2026-09-23T06:41:20.000;2026-09-22T23:41:20.000;20.54;5.79;8.64;17.98;20.32;31
2026-09-23T06:51:35.000;2026-09-22T23:51:35.000;20.41;5.13;7.76;18.1;20.32;32
2026-09-23T07:01:50.000;2026-09-23T00:01:50.000;20.04;3.91;6.61;18.27;20.32;33
2026-09-23T07:12:05.000;2026-09-23T00:12:05.000;19.8;3.04;4.8;18.62;20.32;34
2026-09-23T07:22:20.000;2026-09-23T00:22:20.000;19.95;2.52;4.48;18.69;20.32;35
2026-09-23T07:32:34.000;2026-09-23T00:32:34.000;19.88;2.35;3.87;18.85;20.32;36
2026-09-23T07:42:49.000;2026-09-23T00:42:49.000;19.59;2.38;3.55;18.94;20.32;37
2026-09-23T07:53:03.000;2026-09-23T00:53:03.000;19.57;4.34;5.33;18.5;20.32;38
2026-09-23T08:03:17.000;2026-09-23T01:03:17.000;19.63;5.7;7.08;18.2;20.32;39
2026-09-23T08:13:32.000;2026-09-23T01:13:32.000;19.78;6.91;8.9;17.95;20.32;40
2026-09-23T08:23:47.000;2026-09-23T01:23:47.000;19.79;6.33;7.03;18.2;20.32;41
2026-09-23T08:34:02.000;2026-09-23T01:34:02.000;19.59;7.02;4.58;18.67;20.32;42
2026-09-23T08:44:16.000;2026-09-23T01:44:16.000;19.53;7.24;4.16;18.77;20.32;43
2026-09-23T08:54:31.000;2026-09-23T01:54:31.000;19.48;8.06;3.55;18.94;20.32;44
2026-09-23T09:04:45.000;2026-09-23T02:04:45.000;19.87;8.28;3.68;18.9;20.32;45
2026-09-23T09:15:00.000;2026-09-23T02:15:00.000;19.69;8.2;3.34;19.01;20.32;46
2026-09-23T09:25:15.000;2026-09-23T02:25:15.000;19.66;8.24;2.56;19.3;20.32;47
2026-09-23T09:35:30.000;2026-09-23T02:35:30.000;19.65;8.27;2.26;19.44;20.32;48
2026-09-23T09:45:44.000;2026-09-23T02:45:44.000;19.97;8.01;1.71;19.74;20.32;49
2026-09-23T09:55:59.000;2026-09-23T02:55:59.000;18.99;6.67;1.31;20.02;20.32;50
2026-09-23T10:06:13.000;2026-09-23T03:06:13.000;18.15;7.08;0.84;20.51;20.32;51
2026-09-23T10:16:27.000;2026-09-23T03:16:27.000;18.7;7.39;0.72;20.68;20.32;52
2026-09-23T10:26:43.000;2026-09-23T03:26:43.000;19.02;7.33;0.55;20.97;20.32;53
2026-09-23T10:36:58.000;2026-09-23T03:36:58.000;19.15;7.27;0.51;21.05;20.32;54
2026-09-23T10:47:13.000;2026-09-23T03:47:13.000;19.34;6.0;0.47;21.14;20.32;55
2026-09-23T10:57:27.000;2026-09-23T03:57:27.000;18.72;5.12;0.53;21.0;20.32;56
2026-09-23T11:07:41.000;2026-09-23T04:07:41.000;18.39;4.61;0.55;20.97;20.32;57
2026-09-23T11:17:56.000;2026-09-23T04:17:56.000;18.6;4.31;0.5;21.07;20.32;58
2026-09-23T11:28:11.000;2026-09-23T04:28:11.000;18.5;4.59;0.52;21.04;20.32;59
2026-09-23T11:38:26.000;2026-09-23T04:38:26.000;19.0;4.21;0.49;21.1;20.32;60
2026-09-23T11:48:40.000;2026-09-23T04:48:40.000;19.4;4.72;0.49;21.1;20.32;61
2026-09-23T11:58:55.000;2026-09-23T04:58:55.000;19.51;4.87;0.53;21.01;20.32;62
2026-09-23T12:09:10.000;2026-09-23T05:09:10.000;19.39;4.08;0.68;20.73;20.32;63
2026-09-23T12:19:24.000;2026-09-23T05:19:24.000;19.25;3.62;1.21;20.11;20.32;64
2026-09-23T12:29:39.000;2026-09-23T05:29:39.000;19.05;3.4;5.43;18.48;20.32;65
2026-09-23T12:39:53.000;2026-09-23T05:39:53.000;18.64;2.67;42.25;16.26;20.32;66
2026-09-23T12:50:08.000;2026-09-23T05:50:08.000;18.23;2.86;758.94;13.12;20.32;67
2026-09-23T13:00:22.000;2026-09-23T06:00:22.000;18.23;3.35;12894.75;10.04;20.32;68
2026-09-24T01:27:34.000;2026-09-23T18:27:34.000;16.07;13.49;5335.24;11.0;20.32;1
2026-09-24T01:37:49.000;2026-09-23T18:37:49.000;16.76;12.85;592.09;13.39;20.32;2
2026-09-24T01:48:04.000;2026-09-23T18:48:04.000;16.86;12.26;62.61;15.83;20.32;3
2026-09-24T01:58:19.000;2026-09-23T18:58:19.000;17.04;13.22;6.3;18.32;20.32;4
2026-09-24T02:08:34.000;2026-09-23T19:08:34.000;18.51;11.82;2.88;19.17;20.32;5
2026-09-24T02:18:48.000;2026-09-23T19:18:48.000;18.46;11.96;2.76;19.22;20.32;6
2026-09-24T02:29:04.000;2026-09-23T19:29:04.000;17.8;10.43;3.17;19.07;20.32;7
2026-09-24T02:39:18.000;2026-09-23T19:39:18.000;17.36;10.57;3.15;19.07;20.32;8
2026-09-24T02:49:32.000;2026-09-23T19:49:32.000;17.09;11.17;3.55;18.94;20.32;9
2026-09-24T02:59:47.000;2026-09-23T19:59:47.000;16.7;13.02;4.12;18.78;20.32;10
2026-09-24T03:10:05.000;2026-09-23T20:10:05.000;15.74;13.35;5.27;18.52;20.32;11
2026-09-24T03:20:19.000;2026-09-23T20:20:19.000;15.47;13.23;6.34;18.32;20.32;12
2026-09-24T03:30:33.000;2026-09-23T20:30:33.000;15.34;12.4;7.4;18.15;20.32;13
2026-09-24T03:40:47.000;2026-09-23T20:40:47.000;15.74;11.43;7.8;18.09;20.32;14
2026-09-24T03:51:02.000;2026-09-23T20:51:02.000;16.98;11.42;7.62;18.11;20.32;15
2026-09-24T04:01:18.000;2026-09-23T21:01:18.000;17.39;10.74;8.74;17.97;20.32;16
2026-09-24T04:11:33.000;2026-09-23T21:11:33.000;17.42;10.84;9.61;17.86;20.32;17
2026-09-24T04:21:47.000;2026-09-23T21:21:47.000;17.98;10.4;10.92;17.72;20.32;18
2026-09-24T04:32:02.000;2026-09-23T21:32:02.000;18.15;10.45;11.45;17.67;20.32;19
2026-09-24T04:42:16.000;2026-09-23T21:42:16.000;18.17;10.06;12.8;17.55;20.32;20
2026-09-24T04:52:30.000;2026-09-23T21:52:30.000;18.13;9.89;11.14;17.7;20.32;21
2026-09-24T05:02:45.000;2026-09-23T22:02:45.000;18.03;10.5;14.24;17.44;20.32;22
2026-09-24T05:13:00.000;2026-09-23T22:13:00.000;18.82;10.42;18.13;17.17;20.32;23
2026-09-24T05:23:14.000;2026-09-23T22:23:14.000;18.83;10.1;20.18;17.06;20.32;24
2026-09-24T05:33:29.000;2026-09-23T22:33:29.000;18.61;8.74;19.86;17.07;20.32;25
2026-09-24T05:43:43.000;2026-09-23T22:43:43.000;18.14;7.91;21.71;16.98;20.32;26
2026-09-24T05:54:00.000;2026-09-23T22:54:00.000;18.11;8.83;20.68;17.03;20.32;27
2026-09-24T06:04:15.000;2026-09-23T23:04:15.000;18.09;8.33;20.24;17.05;20.32;28
2026-09-24T06:14:30.000;2026-09-23T23:14:30.000;18.15;11.84;18.11;17.18;20.32;29
2026-09-24T06:24:45.000;2026-09-23T23:24:45.000;18.32;12.29;17.19;17.23;20.32;30
2026-09-24T06:35:00.000;2026-09-23T23:35:00.000;18.48;13.43;8.62;17.98;20.32;31
2026-09-24T06:45:15.000;2026-09-23T23:45:15.000;16.67;14.51;8.24;18.03;20.32;32
2026-09-24T06:55:29.000;2026-09-23T23:55:29.000;16.18;14.51;5.63;18.44;20.32;33
2026-09-24T07:05:43.000;2026-09-24T00:05:43.000;16.75;13.28;9.61;17.86;20.32;34
2026-09-24T07:15:58.000;2026-09-24T00:15:58.000;17.36;12.31;12.37;17.59;20.32;35
2026-09-24T07:26:16.000;2026-09-24T00:26:16.000;17.95;14.57;10.22;17.8;20.32;36
2026-09-24T07:36:31.000;2026-09-24T00:36:31.000;18.28;15.06;7.79;18.09;20.32;37
2026-09-24T07:46:45.000;2026-09-24T00:46:45.000;18.41;13.9;4.15;18.77;20.32;38
2026-09-24T07:57:00.000;2026-09-24T00:57:00.000;17.18;14.36;1.64;19.78;20.32;39
2026-09-24T08:07:13.000;2026-09-24T01:07:13.000;16.14;14.25;1.9;19.62;20.32;40
2026-09-24T08:17:27.000;2026-09-24T01:17:27.000;15.85;15.37;1.47;19.9;20.32;41
2026-09-24T08:27:42.000;2026-09-24T01:27:42.000;15.62;15.62;1.46;19.91;20.32;42
2026-09-24T08:37:56.000;2026-09-24T01:37:56.000;15.4;15.22;1.42;19.94;20.32;43
2026-09-24T08:48:11.000;2026-09-24T01:48:11.000;15.21;13.82;3.22;19.05;20.32;44
2026-09-24T08:58:26.000;2026-09-24T01:58:26.000;15.32;14.07;2.82;19.19;20.32;45
2026-09-24T09:08:40.000;2026-09-24T02:08:40.000;15.37;15.42;2.68;19.25;20.32;46
2026-09-24T09:18:55.000;2026-09-24T02:18:55.000;15.35;15.4;4.15;18.77;20.32;47
2026-09-24T09:29:09.000;2026-09-24T02:29:09.000;15.28;15.37;2.65;19.26;20.32;48
2026-09-24T09:39:24.000;2026-09-24T02:39:24.000;15.3;15.39;3.02;19.12;20.32;49
2026-09-24T09:49:39.000;2026-09-24T02:49:39.000;15.3;15.43;2.81;19.2;20.32;50
2026-09-24T09:59:53.000;2026-09-24T02:59:53.000;15.41;15.51;1.88;19.64;20.32;51
2026-09-24T10:10:08.000;2026-09-24T03:10:08.000;15.53;15.68;1.47;19.9;20.32;52
2026-09-24T10:20:22.000;2026-09-24T03:20:22.000;15.56;15.63;1.79;19.69;20.32;53
2026-09-24T10:30:36.000;2026-09-24T03:30:36.000;15.41;15.44;1.31;20.03;20.32;54
2026-09-24T10:40:51.000;2026-09-24T03:40:51.000;15.51;15.58;1.24;20.09;20.32;55
2026-09-24T10:51:05.000;2026-09-24T03:51:05.000;15.32;15.38;0.81;20.55;20.32;56
2026-09-24T11:01:20.000;2026-09-24T04:01:20.000;15.26;15.29;0.68;20.74;20.32;57
2026-09-24T11:11:34.000;2026-09-24T04:11:34.000;15.08;15.14;0.61;20.86;20.32;58
2026-09-24T11:21:48.000;2026-09-24T04:21:48.000;14.89;14.88;0.55;20.97;20.32;59
2026-09-24T11:32:03.000;2026-09-24T04:32:03.000;14.77;14.82;0.41;21.29;20.32;60
2026-09-24T11:42:19.000;2026-09-24T04:42:19.000;14.85;14.92;0.47;21.13;20.32;61
2026-09-24T11:52:34.000;2026-09-24T04:52:34.000;14.86;14.9;0.54;20.98;20.32;62
2026-09-24T12:02:49.000;2026-09-24T05:02:49.000;14.87;14.91;0.44;21.22;20.32;63
2026-09-24T12:13:03.000;2026-09-24T05:13:03.000;15.37;15.46;0.62;20.84;20.32;64
2026-09-24T12:23:18.000;2026-09-24T05:23:18.000;15.4;15.47;1.72;19.73;20.32;65
2026-09-24T12:33:32.000;2026-09-24T05:33:32.000;15.33;15.41;11.49;17.67;20.32;66
2026-09-24T12:43:47.000;2026-09-24T05:43:47.000;15.25;15.35;81.76;15.54;20.32;67
2026-09-24T12:54:02.000;2026-09-24T05:54:02.000;15.21;15.29;1200.55;12.62;20.32;68
2026-09-24T13:04:17.000;2026-09-24T06:04:17.000;15.28;15.37;29574.76;9.14;20.32;69
2026-09-25T01:32:36.000;2026-09-24T18:32:36.000;19.8;3.29;14843.02;9.89;20.32;1
2026-09-25T01:42:51.000;2026-09-24T18:42:51.000;19.84;4.16;886.36;12.95;20.32;2
2026-09-25T01:53:05.000;2026-09-24T18:53:05.000;19.48;4.37;77.74;15.59;20.32;3
2026-09-25T02:03:19.000;2026-09-24T19:03:19.000;19.41;2.19;11.5;17.67;20.32;4
2026-09-25T02:13:34.000;2026-09-24T19:13:34.000;18.95;2.82;5.68;18.44;20.32;5
2026-09-25T02:23:49.000;2026-09-24T19:23:49.000;18.62;2.81;7.33;18.16;20.32;6
2026-09-25T02:34:04.000;2026-09-24T19:34:04.000;17.98;2.66;12.66;17.56;20.32;7
2026-09-25T02:44:19.000;2026-09-24T19:44:19.000;17.51;3.59;10.49;17.77;20.32;8
2026-09-25T02:54:33.000;2026-09-24T19:54:33.000;17.72;3.88;14.49;17.42;20.32;9
2026-09-25T03:04:48.000;2026-09-24T20:04:48.000;17.12;0.94;9.49;17.88;20.32;10
2026-09-25T03:15:02.000;2026-09-24T20:15:02.000;16.92;1.12;10.55;17.76;20.32;11
2026-09-25T03:25:17.000;2026-09-24T20:25:17.000;16.67;2.84;13.44;17.5;20.32;12
2026-09-25T03:35:31.000;2026-09-24T20:35:31.000;17.17;2.65;12.0;17.62;20.32;13
2026-09-25T03:45:45.000;2026-09-24T20:45:45.000;16.93;1.36;10.59;17.76;20.32;14
2026-09-25T03:56:00.000;2026-09-24T20:56:00.000;16.51;0.48;12.31;17.59;20.32;15
2026-09-25T04:06:14.000;2026-09-24T21:06:14.000;16.29;0.1;9.63;17.86;20.32;16
2026-09-25T04:16:29.000;2026-09-24T21:16:29.000;16.11;-0.68;9.28;17.9;20.32;17
2026-09-25T04:26:44.000;2026-09-24T21:26:44.000;16.04;-0.05;9.0;17.93;20.32;18
2026-09-25T04:36:59.000;2026-09-24T21:36:59.000;15.82;-0.65;10.37;17.78;20.32;19
2026-09-25T04:47:13.000;2026-09-24T21:47:13.000;15.68;-0.96;10.43;17.77;20.32;20
2026-09-25T04:57:27.000;2026-09-24T21:57:27.000;15.6;-0.96;10.34;17.78;20.32;21
2026-09-25T05:07:41.000;2026-09-24T22:07:41.000;15.47;-0.98;10.84;17.73;20.32;22
2026-09-25T05:17:56.000;2026-09-24T22:17:56.000;15.63;-0.69;11.28;17.69;20.32;23
2026-09-25T05:28:11.000;2026-09-24T22:28:11.000;15.62;-0.82;11.68;17.65;20.32;24
2026-09-25T05:38:26.000;2026-09-24T22:38:26.000;15.51;-1.21;12.2;17.6;20.32;25
2026-09-25T05:48:40.000;2026-09-24T22:48:40.000;15.3;-0.97;12.41;17.59;20.32;26
2026-09-25T05:58:56.000;2026-09-24T22:58:56.000;15.29;-0.13;12.67;17.56;20.32;27
2026-09-25T06:09:10.000;2026-09-24T23:09:10.000;15.08;-1.33;12.8;17.55;20.32;28
2026-09-25T06:19:25.000;2026-09-24T23:19:25.000;15.1;-0.95;12.85;17.55;20.32;29
2026-09-25T06:29:40.000;2026-09-24T23:29:40.000;15.04;-1.62;12.73;17.56;20.32;30
2026-09-25T06:39:55.000;2026-09-24T23:39:55.000;14.87;-1.66;12.6;17.57;20.32;31
2026-09-25T06:50:09.000;2026-09-24T23:50:09.000;14.64;-1.81;12.28;17.6;20.32;32
2026-09-25T07:00:23.000;2026-09-25T00:00:23.000;14.6;-1.6;11.84;17.64;20.32;33
2026-09-25T07:10:37.000;2026-09-25T00:10:37.000;14.65;-1.45;11.44;17.67;20.32;34
2026-09-25T07:20:55.000;2026-09-25T00:20:55.000;14.92;-1.33;11.0;17.72;20.32;35
2026-09-25T07:41:24.000;2026-09-25T00:41:24.000;14.27;-1.76;10.04;17.82;20.32;37
2026-09-25T07:51:39.000;2026-09-25T00:51:39.000;14.26;-1.11;9.63;17.86;20.32;38
2026-09-25T08:01:53.000;2026-09-25T01:01:53.000;14.14;-1.26;9.19;17.91;20.32;39
2026-09-25T08:12:11.000;2026-09-25T01:12:11.000;14.13;-0.69;8.5;18.0;20.32;40
2026-09-25T08:22:26.000;2026-09-25T01:22:26.000;14.25;0.39;7.98;18.07;20.32;41
2026-09-25T08:32:41.000;2026-09-25T01:32:41.000;14.06;0.66;7.24;18.17;20.32;42
2026-09-25T08:42:55.000;2026-09-25T01:42:55.000;13.7;0.76;6.65;18.26;20.32;43
2026-09-25T08:53:10.000;2026-09-25T01:53:10.000;13.51;1.78;6.09;18.36;20.32;44
2026-09-25T09:03:25.000;2026-09-25T02:03:25.000;13.39;2.85;5.6;18.45;20.32;45
2026-09-25T09:13:40.000;2026-09-25T02:13:40.000;13.37;3.8;5.27;18.52;20.32;46
2026-09-25T09:34:10.000;2026-09-25T02:34:10.000;13.68;6.02;4.81;18.62;20.32;48
2026-09-25T09:44:25.000;2026-09-25T02:44:25.000;13.62;5.96;4.54;18.68;20.32;49
2026-09-25T09:54:39.000;2026-09-25T02:54:39.000;13.32;6.09;4.37;18.72;20.32;50
2026-09-25T10:04:53.000;2026-09-25T03:04:53.000;13.31;6.57;3.97;18.82;20.32;51
2026-09-25T10:15:08.000;2026-09-25T03:15:08.000;12.97;6.35;2.14;19.5;20.32;52
2026-09-25T10:25:23.000;2026-09-25T03:25:23.000;12.98;6.67;2.79;19.21;20.32;53
2026-09-25T10:35:38.000;2026-09-25T03:35:38.000;12.93;7.46;1.83;19.67;20.32;54
2026-09-25T10:45:53.000;2026-09-25T03:45:53.000;13.11;7.39;1.66;19.77;20.32;55
2026-09-25T10:56:08.000;2026-09-25T03:56:08.000;13.06;7.41;1.56;19.84;20.32;56
2026-09-25T11:06:22.000;2026-09-25T04:06:22.000;12.82;7.25;1.32;20.02;20.32;57
2026-09-25T11:16:37.000;2026-09-25T04:16:37.000;12.79;7.34;1.37;19.98;20.32;58
2026-09-25T11:26:51.000;2026-09-25T04:26:51.000;13.09;7.97;1.12;20.2;20.32;59
2026-09-25T11:37:07.000;2026-09-25T04:37:07.000;12.91;7.5;1.12;20.2;20.32;60
2026-09-25T11:47:21.000;2026-09-25T04:47:21.000;13.02;8.14;0.85;20.5;20.32;61
2026-09-25T11:57:36.000;2026-09-25T04:57:36.000;13.2;8.51;0.66;20.77;20.32;62
2026-09-25T12:07:50.000;2026-09-25T05:07:50.000;13.07;8.53;0.45;21.18;20.32;63
2026-09-25T12:18:05.000;2026-09-25T05:18:05.000;13.96;9.72;0.77;20.61;20.32;64
2026-09-25T12:28:19.000;2026-09-25T05:28:19.000;13.65;9.0;4.19;18.77;20.32;65
2026-09-25T12:38:34.000;2026-09-25T05:38:34.000;13.26;9.09;31.97;16.56;20.32;66
2026-09-25T12:48:48.000;2026-09-25T05:48:48.000;13.49;9.46;357.89;13.94;20.32;67
2026-09-25T12:59:03.000;2026-09-25T05:59:03.000;13.75;10.19;7877.32;10.58;20.32;68
2026-09-26T01:31:08.000;2026-09-25T18:31:08.000;19.0;-0.63;9397.71;10.39;20.32;1
2026-09-26T01:41:23.000;2026-09-25T18:41:23.000;19.41;-0.18;657.59;13.28;20.32;2
2026-09-26T01:51:38.000;2026-09-25T18:51:38.000;19.56;-0.81;52.77;16.01;20.32;3
2026-09-26T02:01:52.000;2026-09-25T19:01:52.000;19.23;-0.29;9.79;17.84;20.32;4
2026-09-26T02:12:10.000;2026-09-25T19:12:10.000;18.97;-0.32;4.77;18.62;20.32;5
2026-09-26T02:22:24.000;2026-09-25T19:22:24.000;19.05;0.08;4.37;18.72;20.32;6
2026-09-26T02:32:40.000;2026-09-25T19:32:40.000;18.44;-0.12;4.7;18.64;20.32;7
2026-09-26T02:42:55.000;2026-09-25T19:42:55.000;18.73;0.54;5.1;18.55;20.32;8
2026-09-26T02:53:09.000;2026-09-25T19:53:09.000;18.69;0.12;5.56;18.46;20.32;9
2026-09-26T03:03:24.000;2026-09-25T20:03:24.000;18.24;-0.21;6.0;18.37;20.32;10
2026-09-26T03:13:38.000;2026-09-25T20:13:38.000;17.78;-0.05;6.4;18.3;20.32;11
2026-09-26T03:23:53.000;2026-09-25T20:23:53.000;17.94;-0.26;6.84;18.23;20.32;12
2026-09-26T03:34:08.000;2026-09-25T20:34:08.000;17.5;-0.69;7.13;18.19;20.32;13
2026-09-26T03:44:25.000;2026-09-25T20:44:25.000;17.37;-1.35;7.89;18.08;20.32;14
2026-09-26T03:54:39.000;2026-09-25T20:54:39.000;17.43;-1.61;9.25;17.91;20.32;15
2026-09-26T04:04:54.000;2026-09-25T21:04:54.000;17.26;-2.04;10.82;17.73;20.32;16
2026-09-26T04:15:08.000;2026-09-25T21:15:08.000;16.87;-2.16;12.19;17.6;20.32;17
2026-09-26T04:25:23.000;2026-09-25T21:25:23.000;16.61;-2.4;13.15;17.52;20.32;18
2026-09-26T04:35:40.000;2026-09-25T21:35:40.000;16.6;-2.6;12.92;17.54;20.32;19
2026-09-26T04:45:55.000;2026-09-25T21:45:55.000;16.4;-2.67;13.18;17.52;20.32;20
2026-09-26T04:56:08.000;2026-09-25T21:56:08.000;16.3;-3.01;13.05;17.53;20.32;21
2026-09-26T05:06:23.000;2026-09-25T22:06:23.000;15.92;-2.67;12.68;17.56;20.32;22
2026-09-26T05:16:38.000;2026-09-25T22:16:38.000;15.82;-2.78;12.25;17.6;20.32;23
2026-09-26T05:26:52.000;2026-09-25T22:26:52.000;15.72;-2.79;13.07;17.53;20.32;24
2026-09-26T05:37:07.000;2026-09-25T22:37:07.000;15.75;-2.85;13.6;17.49;20.32;25
2026-09-26T05:47:22.000;2026-09-25T22:47:22.000;15.69;-3.03;14.51;17.42;20.32;26
2026-09-26T05:57:37.000;2026-09-25T22:57:37.000;15.65;-3.11;15.15;17.37;20.32;27
2026-09-26T06:07:51.000;2026-09-25T23:07:51.000;15.14;-3.32;15.86;17.32;20.32;28
2026-09-26T06:18:05.000;2026-09-25T23:18:05.000;15.17;-3.52;16.57;17.27;20.32;29
2026-09-26T06:28:19.000;2026-09-25T23:28:19.000;15.39;-3.43;17.28;17.23;20.32;30
2026-09-26T06:38:35.000;2026-09-25T23:38:35.000;15.55;-3.77;17.84;17.19;20.32;31
2026-09-26T06:48:49.000;2026-09-25T23:48:49.000;15.27;-3.42;18.25;17.17;20.32;32
2026-09-26T06:59:03.000;2026-09-25T23:59:03.000;14.83;-3.42;18.62;17.15;20.32;33
2026-09-26T07:09:20.000;2026-09-26T00:09:20.000;14.52;-3.6;18.53;17.15;20.32;34
2026-09-26T07:19:35.000;2026-09-26T00:19:35.000;14.68;-3.3;18.19;17.17;20.32;35
2026-09-26T07:29:53.000;2026-09-26T00:29:53.000;15.78;-3.15;17.76;17.2;20.32;36
2026-09-26T07:40:09.000;2026-09-26T00:40:09.000;16.59;-3.35;17.3;17.23;20.32;37
2026-09-26T07:50:24.000;2026-09-26T00:50:24.000;16.43;-3.71;16.38;17.28;20.32;38
2026-09-26T08:00:39.000;2026-09-26T01:00:39.000;16.04;-3.69;15.65;17.33;20.32;39
2026-09-26T08:10:53.000;2026-09-26T01:10:53.000;15.51;-3.72;14.49;17.42;20.32;40
2026-09-26T08:21:07.000;2026-09-26T01:21:07.000;14.7;-4.17;14.06;17.45;20.32;41
2026-09-26T08:31:22.000;2026-09-26T01:31:22.000;14.68;-4.28;14.55;17.41;20.32;42
2026-09-26T08:41:36.000;2026-09-26T01:41:36.000;15.13;-3.8;14.84;17.39;20.32;43
2026-09-26T08:51:51.000;2026-09-26T01:51:51.000;14.64;-4.81;14.89;17.39;20.32;44
2026-09-26T09:02:05.000;2026-09-26T02:02:05.000;13.96;-5.07;15.26;17.36;20.32;45
2026-09-26T09:12:20.000;2026-09-26T02:12:20.000;13.69;-5.8;15.81;17.32;20.32;46
2026-09-26T09:22:35.000;2026-09-26T02:22:35.000;13.43;-4.79;16.18;17.3;20.32;47
2026-09-26T09:32:49.000;2026-09-26T02:32:49.000;13.24;-5.77;15.33;17.36;20.32;48
2026-09-26T09:43:03.000;2026-09-26T02:43:03.000;13.05;-6.05;12.64;17.57;20.32;49
2026-09-26T09:53:18.000;2026-09-26T02:53:18.000;12.67;-4.52;11.15;17.7;20.32;50
2026-09-26T10:03:31.000;2026-09-26T03:03:31.000;12.86;-4.85;9.12;17.92;20.32;51
2026-09-26T10:13:47.000;2026-09-26T03:13:47.000;13.24;-5.08;7.61;18.12;20.32;52
2026-09-26T10:24:02.000;2026-09-26T03:24:02.000;13.88;-4.33;7.16;18.18;20.32;53
2026-09-26T10:34:17.000;2026-09-26T03:34:17.000;13.35;-5.07;6.86;18.23;20.32;54
2026-09-26T10:44:31.000;2026-09-26T03:44:31.000;13.3;-6.3;6.11;18.36;20.32;55
2026-09-26T10:54:46.000;2026-09-26T03:54:46.000;14.18;-5.33;4.18;18.77;20.32;56
2026-09-26T11:05:01.000;2026-09-26T04:05:01.000;14.26;-5.12;3.68;18.91;20.32;57
2026-09-26T11:15:15.000;2026-09-26T04:15:15.000;13.24;-5.93;4.45;18.7;20.32;58
2026-09-26T11:25:29.000;2026-09-26T04:25:29.000;13.11;-5.38;3.96;18.83;20.32;59
2026-09-26T11:35:44.000;2026-09-26T04:35:44.000;13.57;-5.82;3.08;19.1;20.32;60
2026-09-26T11:45:59.000;2026-09-26T04:45:59.000;13.37;-5.93;2.92;19.16;20.32;61
2026-09-26T11:56:14.000;2026-09-26T04:56:14.000;14.01;-5.16;2.76;19.22;20.32;62
2026-09-26T12:06:29.000;2026-09-26T05:06:29.000;13.34;-5.9;2.84;19.18;20.32;63
2026-09-26T12:16:43.000;2026-09-26T05:16:43.000;12.7;-5.81;2.86;19.18;20.32;64
2026-09-26T12:26:58.000;2026-09-26T05:26:58.000;13.0;-5.59;5.67;18.44;20.32;65
2026-09-26T12:37:13.000;2026-09-26T05:37:13.000;13.1;-5.61;30.09;16.62;20.32;66
2026-09-26T12:47:28.000;2026-09-26T05:47:28.000;13.56;-6.11;308.15;14.1;20.32;67
2026-09-26T12:57:42.000;2026-09-26T05:57:42.000;13.69;-6.02;5697.72;10.93;20.32;68
2026-09-27T01:29:18.000;2026-09-26T18:29:18.000;19.68;-0.8;11244.94;10.19;20.32;1
2026-09-27T01:39:34.000;2026-09-26T18:39:34.000;19.41;-1.56;605.56;13.36;20.32;2
2026-09-27T01:49:48.000;2026-09-26T18:49:48.000;19.58;-0.02;58.51;15.9;20.32;3
2026-09-27T02:00:03.000;2026-09-26T19:00:03.000;19.84;0.8;11.85;17.64;20.32;4
2026-09-27T02:10:18.000;2026-09-26T19:10:18.000;19.81;1.06;7.2;18.18;20.32;5
2026-09-27T02:20:32.000;2026-09-26T19:20:32.000;19.6;-0.5;3.88;18.85;20.32;6
2026-09-27T02:30:47.000;2026-09-26T19:30:47.000;19.32;-0.64;5.29;18.51;20.32;7
2026-09-27T02:41:01.000;2026-09-26T19:41:01.000;18.79;-0.7;5.99;18.38;20.32;8
2026-09-27T02:51:19.000;2026-09-26T19:51:19.000;18.43;-0.42;11.55;17.66;20.32;9
2026-09-27T03:01:34.000;2026-09-26T20:01:34.000;18.3;-1.27;7.25;18.17;20.32;10
2026-09-27T03:11:51.000;2026-09-26T20:11:51.000;18.27;-2.51;3.56;18.94;20.32;11
2026-09-27T03:22:06.000;2026-09-26T20:22:06.000;17.79;-2.46;6.53;18.28;20.32;12
2026-09-27T03:32:22.000;2026-09-26T20:32:22.000;17.69;-2.0;9.77;17.85;20.32;13
2026-09-27T03:42:36.000;2026-09-26T20:42:36.000;17.39;-1.52;9.49;17.88;20.32;14
2026-09-27T03:52:51.000;2026-09-26T20:52:51.000;17.18;-2.65;7.45;18.14;20.32;15
2026-09-27T04:03:05.000;2026-09-26T21:03:05.000;16.98;-2.55;8.46;18.0;20.32;16
2026-09-27T04:13:23.000;2026-09-26T21:13:23.000;16.7;-2.84;11.29;17.69;20.32;17
2026-09-27T04:23:38.000;2026-09-26T21:23:38.000;16.25;-3.37;11.43;17.67;20.32;18
2026-09-27T04:33:53.000;2026-09-26T21:33:53.000;16.07;-2.81;13.12;17.53;20.32;19
2026-09-27T04:44:07.000;2026-09-26T21:44:07.000;15.84;-2.93;13.15;17.52;20.32;20
2026-09-27T04:54:22.000;2026-09-26T21:54:22.000;16.7;-0.73;17.7;17.2;20.32;21
2026-09-27T05:04:37.000;2026-09-26T22:04:37.000;17.51;-1.84;15.36;17.35;20.32;22
2026-09-27T05:14:55.000;2026-09-26T22:14:55.000;17.7;-1.98;14.7;17.4;20.32;23
2026-09-27T05:25:09.000;2026-09-26T22:25:09.000;16.9;-0.35;16.03;17.31;20.32;24
2026-09-27T05:35:24.000;2026-09-26T22:35:24.000;16.94;2.03;35.79;16.44;20.32;25
2026-09-27T05:45:39.000;2026-09-26T22:45:39.000;16.71;0.6;27.06;16.74;20.32;26
2026-09-27T05:55:54.000;2026-09-26T22:55:54.000;16.77;-0.69;22.96;16.92;20.32;27
2026-09-27T06:06:08.000;2026-09-26T23:06:08.000;16.4;0.34;23.06;16.91;20.32;28
2026-09-27T06:16:23.000;2026-09-26T23:16:23.000;16.24;-0.07;29.62;16.64;20.32;29
2026-09-27T06:26:37.000;2026-09-26T23:26:37.000;16.38;-1.69;27.51;16.72;20.32;30
2026-09-27T06:36:52.000;2026-09-26T23:36:52.000;15.9;-0.49;37.76;16.38;20.32;31
2026-09-27T06:47:07.000;2026-09-26T23:47:07.000;15.85;-1.58;39.24;16.34;20.32;32
2026-09-27T06:57:22.000;2026-09-26T23:57:22.000;15.79;-3.19;28.88;16.67;20.32;33
2026-09-27T07:07:36.000;2026-09-27T00:07:36.000;16.22;-3.57;28.2;16.69;20.32;34
2026-09-27T07:17:50.000;2026-09-27T00:17:50.000;15.75;-2.94;33.58;16.5;20.32;35
2026-09-27T07:28:05.000;2026-09-27T00:28:05.000;16.0;-1.72;41.44;16.28;20.32;36
2026-09-27T07:38:20.000;2026-09-27T00:38:20.000;16.2;-0.57;45.17;16.18;20.32;37
2026-09-27T07:48:35.000;2026-09-27T00:48:35.000;16.07;0.47;46.63;16.15;20.32;38
2026-09-27T07:58:50.000;2026-09-27T00:58:50.000;16.22;-0.29;45.04;16.19;20.32;39
2026-09-27T08:09:04.000;2026-09-27T01:09:04.000;16.61;-1.73;34.05;16.49;20.32;40
2026-09-27T08:19:19.000;2026-09-27T01:19:19.000;16.51;-2.53;32.77;16.53;20.32;41
2026-09-27T08:29:33.000;2026-09-27T01:29:33.000;15.98;-1.13;39.92;16.32;20.32;42
2026-09-27T08:39:49.000;2026-09-27T01:39:49.000;16.64;9.79;66.97;15.76;20.32;43
2026-09-27T08:50:04.000;2026-09-27T01:50:04.000;17.42;6.63;53.08;16.01;20.32;44
2026-09-27T09:00:19.000;2026-09-27T02:00:19.000;17.53;6.25;57.7;15.92;20.32;45
2026-09-27T09:10:33.000;2026-09-27T02:10:33.000;17.5;3.76;45.48;16.18;20.32;46
2026-09-27T09:20:48.000;2026-09-27T02:20:48.000;18.02;4.23;32.15;16.55;20.32;47
2026-09-27T09:31:03.000;2026-09-27T02:31:03.000;18.13;3.72;40.98;16.29;20.32;48
2026-09-27T09:41:19.000;2026-09-27T02:41:19.000;18.64;3.75;41.52;16.27;20.32;49
2026-09-27T10:01:49.000;2026-09-27T03:01:49.000;18.77;4.71;35.23;16.45;20.32;51
2026-09-27T10:12:04.000;2026-09-27T03:12:04.000;18.58;6.71;40.16;16.31;20.32;52
2026-09-27T10:22:19.000;2026-09-27T03:22:19.000;18.35;0.17;23.25;16.9;20.32;53
2026-09-27T10:32:33.000;2026-09-27T03:32:33.000;16.95;-1.87;16.22;17.3;20.32;54
2026-09-27T10:42:47.000;2026-09-27T03:42:47.000;16.78;-0.8;19.14;17.12;20.32;55
2026-09-27T10:53:01.000;2026-09-27T03:53:01.000;16.06;-2.23;13.94;17.46;20.32;56
2026-09-27T11:03:16.000;2026-09-27T04:03:16.000;17.39;10.54;33.37;16.51;20.32;57
2026-09-27T11:13:31.000;2026-09-27T04:13:31.000;18.09;8.28;29.73;16.64;20.32;58
2026-09-27T11:23:45.000;2026-09-27T04:23:45.000;18.81;13.09;24.57;16.84;20.32;59
2026-09-27T11:34:01.000;2026-09-27T04:34:01.000;19.67;14.52;18.99;17.12;20.32;60
2026-09-27T11:44:16.000;2026-09-27T04:44:16.000;19.9;8.51;15.04;17.38;20.32;61
2026-09-27T11:54:31.000;2026-09-27T04:54:31.000;19.31;1.88;20.49;17.04;20.32;62
2026-09-27T12:04:46.000;2026-09-27T05:04:46.000;18.41;-2.34;6.74;18.25;20.32;63
2026-09-27T12:15:00.000;2026-09-27T05:15:00.000;17.6;1.6;7.67;18.11;20.32;64
2026-09-27T12:25:15.000;2026-09-27T05:25:15.000;18.29;12.55;16.51;17.28;20.32;65
2026-09-27T12:35:30.000;2026-09-27T05:35:30.000;18.46;9.42;34.05;16.49;20.32;66
2026-09-27T12:45:45.000;2026-09-27T05:45:45.000;18.41;6.47;222.7;14.45;20.32;67
2026-09-27T12:56:00.000;2026-09-27T05:56:00.000;17.43;-2.09;2142.03;11.99;20.32;68
2026-09-28T01:28:11.000;2026-09-27T18:28:11.000;25.56;6.29;12452.78;10.08;20.32;1
2026-09-28T01:38:26.000;2026-09-27T18:38:26.000;25.05;3.92;742.35;13.14;20.32;2
2026-09-28T01:48:40.000;2026-09-27T18:48:40.000;24.1;2.46;61.25;15.85;20.32;3
2026-09-28T01:58:54.000;2026-09-27T18:58:54.000;23.26;2.34;8.1;18.05;20.32;4
2026-09-28T02:09:11.000;2026-09-27T19:09:11.000;22.75;2.61;2.82;19.2;20.32;5
2026-09-28T02:19:25.000;2026-09-27T19:19:25.000;22.41;1.05;1.84;19.66;20.32;6
2026-09-28T02:29:40.000;2026-09-27T19:29:40.000;21.6;0.99;1.99;19.58;20.32;7
2026-09-28T02:39:54.000;2026-09-27T19:39:54.000;20.59;0.63;2.42;19.36;20.32;8
2026-09-28T02:50:10.000;2026-09-27T19:50:10.000;20.11;0.54;2.69;19.24;20.32;9
2026-09-28T03:00:25.000;2026-09-27T20:00:25.000;19.73;0.64;3.12;19.08;20.32;10
2026-09-28T03:10:39.000;2026-09-27T20:10:39.000;19.31;0.4;3.42;18.98;20.32;11
2026-09-28T03:20:54.000;2026-09-27T20:20:54.000;18.97;0.96;3.63;18.92;20.32;12
2026-09-28T03:31:08.000;2026-09-27T20:31:08.000;18.7;0.68;3.91;18.84;20.32;13
2026-09-28T03:41:23.000;2026-09-27T20:41:23.000;18.56;0.63;4.22;18.76;20.32;14
2026-09-28T03:51:37.000;2026-09-27T20:51:37.000;18.9;0.24;4.54;18.68;20.32;15
2026-09-28T04:01:52.000;2026-09-27T21:01:52.000;18.56;0.37;4.84;18.61;20.32;16
2026-09-28T04:12:07.000;2026-09-27T21:12:07.000;18.47;0.58;5.24;18.52;20.32;17
2026-09-28T04:22:22.000;2026-09-27T21:22:22.000;18.52;0.94;5.69;18.43;20.32;18
2026-09-28T04:32:36.000;2026-09-27T21:32:36.000;18.72;5.17;16.88;17.25;20.32;19
2026-09-28T04:42:51.000;2026-09-27T21:42:51.000;19.17;5.01;9.86;17.84;20.32;20
2026-09-28T04:53:06.000;2026-09-27T21:53:06.000;19.02;0.82;8.15;18.04;20.32;21
2026-09-28T05:03:22.000;2026-09-27T22:03:22.000;18.8;0.77;9.41;17.89;20.32;22
2026-09-28T05:13:36.000;2026-09-27T22:13:36.000;18.52;0.97;10.47;17.77;20.32;23
2026-09-28T05:23:51.000;2026-09-27T22:23:51.000;18.56;4.28;15.54;17.34;20.32;24
2026-09-28T05:34:09.000;2026-09-27T22:34:09.000;19.17;4.96;24.33;16.85;20.32;25
2026-09-28T05:44:24.000;2026-09-27T22:44:24.000;19.13;3.07;21.55;16.99;20.32;26
2026-09-28T05:54:39.000;2026-09-27T22:54:39.000;18.79;1.77;10.94;17.72;20.32;27
2026-09-28T06:04:53.000;2026-09-27T23:04:53.000;19.01;2.47;11.11;17.71;20.32;28
2026-09-28T06:15:08.000;2026-09-27T23:15:08.000;18.87;3.57;23.16;16.91;20.32;29
2026-09-28T06:25:25.000;2026-09-27T23:25:25.000;18.32;2.52;21.92;16.97;20.32;30
2026-09-28T06:35:39.000;2026-09-27T23:35:39.000;17.92;3.8;41.49;16.28;20.32;31
2026-09-28T06:45:54.000;2026-09-27T23:45:54.000;17.64;2.72;24.13;16.86;20.32;32
2026-09-28T06:56:09.000;2026-09-27T23:56:09.000;18.54;0.97;17.6;17.21;20.32;33
2026-09-28T07:06:24.000;2026-09-28T00:06:24.000;17.87;0.49;18.72;17.14;20.32;34
2026-09-28T07:16:38.000;2026-09-28T00:16:38.000;17.3;0.68;21.96;16.97;20.32;35
2026-09-28T07:26:53.000;2026-09-28T00:26:53.000;16.98;0.35;29.08;16.66;20.32;36
2026-09-28T07:37:07.000;2026-09-28T00:37:07.000;16.79;0.53;32.78;16.53;20.32;37
2026-09-28T07:47:22.000;2026-09-28T00:47:22.000;17.41;0.56;35.88;16.43;20.32;38
2026-09-28T07:57:38.000;2026-09-28T00:57:38.000;18.1;-0.03;38.99;16.34;20.32;39
2026-09-28T08:07:51.000;2026-09-28T01:07:51.000;16.87;-0.43;40.12;16.31;20.32;40
2026-09-28T08:18:06.000;2026-09-28T01:18:06.000;16.28;-0.2;42.92;16.24;20.32;41
2026-09-28T08:28:20.000;2026-09-28T01:28:20.000;16.41;-0.01;43.19;16.23;20.32;42
2026-09-28T08:38:35.000;2026-09-28T01:38:35.000;16.75;-0.13;43.76;16.22;20.32;43
2026-09-28T08:48:50.000;2026-09-28T01:48:50.000;16.77;0.25;46.99;16.14;20.32;44
2026-09-28T08:59:04.000;2026-09-28T01:59:04.000;16.66;0.37;52.22;16.03;20.32;45
2026-09-28T09:09:19.000;2026-09-28T02:09:19.000;16.71;8.28;64.57;15.79;20.32;46
2026-09-28T09:19:34.000;2026-09-28T02:19:34.000;17.98;10.88;87.22;15.47;20.32;47
2026-09-28T09:29:48.000;2026-09-28T02:29:48.000;18.18;6.33;67.27;15.75;20.32;48
2026-09-28T09:40:03.000;2026-09-28T02:40:03.000;18.07;7.03;75.13;15.63;20.32;49
2026-09-28T09:50:18.000;2026-09-28T02:50:18.000;18.56;7.79;55.07;15.97;20.32;50
2026-09-28T10:00:33.000;2026-09-28T03:00:33.000;18.27;5.54;42.21;16.26;20.32;51
2026-09-28T10:10:47.000;2026-09-28T03:10:47.000;17.65;3.73;34.67;16.47;20.32;52
2026-09-28T10:21:02.000;2026-09-28T03:21:02.000;17.53;5.19;32.5;16.54;20.32;53
2026-09-28T10:31:16.000;2026-09-28T03:31:16.000;17.32;2.88;17.49;17.21;20.32;54
2026-09-28T10:41:31.000;2026-09-28T03:41:31.000;17.35;7.44;47.77;16.12;20.32;55
2026-09-28T10:51:46.000;2026-09-28T03:51:46.000;18.11;11.46;41.78;16.27;20.32;56
2026-09-28T11:02:01.000;2026-09-28T04:02:01.000;18.09;8.32;42.13;16.26;20.32;57
2026-09-28T11:12:15.000;2026-09-28T04:12:15.000;17.78;8.22;28.31;16.69;20.32;58
2026-09-28T11:22:30.000;2026-09-28T04:22:30.000;17.4;2.73;18.11;17.18;20.32;59
2026-09-28T11:32:44.000;2026-09-28T04:32:44.000;16.45;0.36;13.16;17.52;20.32;60
2026-09-28T11:42:59.000;2026-09-28T04:42:59.000;16.17;-0.85;12.13;17.61;20.32;61
2026-09-28T11:53:16.000;2026-09-28T04:53:16.000;16.61;-1.57;11.01;17.72;20.32;62
2026-09-28T12:03:31.000;2026-09-28T05:03:31.000;16.35;-0.97;8.44;18.0;20.32;63
2026-09-28T12:13:45.000;2026-09-28T05:13:45.000;15.6;-1.24;7.37;18.15;20.32;64
2026-09-28T12:23:59.000;2026-09-28T05:23:59.000;15.24;0.14;7.23;18.17;20.32;65
2026-09-28T12:34:14.000;2026-09-28T05:34:14.000;15.23;1.41;18.02;17.18;20.32;66
2026-09-28T12:44:29.000;2026-09-28T05:44:29.000;15.52;3.81;144.25;14.92;20.32;67
2026-09-28T12:54:43.000;2026-09-28T05:54:43.000;16.12;3.2;1539.66;12.35;20.32;68
2026-09-29T01:24:31.000;2026-09-28T18:24:31.000;19.58;12.2;19923.97;9.57;20.32;1
2026-09-29T01:34:46.000;2026-09-28T18:34:46.000;19.93;15.36;1549.6;12.34;20.32;2
2026-09-29T01:45:01.000;2026-09-28T18:45:01.000;20.19;13.09;59.41;15.89;20.32;3
2026-09-29T01:55:16.000;2026-09-28T18:55:16.000;19.66;15.53;11.86;17.63;20.32;4
2026-09-29T02:05:33.000;2026-09-28T19:05:33.000;18.21;12.84;2.72;19.23;20.32;5
2026-09-29T02:15:50.000;2026-09-28T19:15:50.000;17.99;13.0;1.27;20.06;20.32;6
2026-09-29T02:26:06.000;2026-09-28T19:26:06.000;19.08;13.29;1.38;19.97;20.32;7
2026-09-29T02:36:20.000;2026-09-28T19:36:20.000;18.26;12.91;1.55;19.85;20.32;8
2026-09-29T02:46:37.000;2026-09-28T19:46:37.000;17.87;12.91;1.76;19.71;20.32;9
2026-09-29T02:56:51.000;2026-09-28T19:56:51.000;18.02;12.32;2.93;19.15;20.32;10
2026-09-29T03:07:06.000;2026-09-28T20:07:06.000;18.05;11.77;2.91;19.16;20.32;11
2026-09-29T03:17:21.000;2026-09-28T20:17:21.000;18.22;11.45;3.38;19.0;20.32;12
2026-09-29T03:27:36.000;2026-09-28T20:27:36.000;18.11;10.13;4.5;18.69;20.32;13
2026-09-29T03:37:51.000;2026-09-28T20:37:51.000;18.01;10.36;5.59;18.45;20.32;14
2026-09-29T03:48:08.000;2026-09-28T20:48:08.000;17.92;10.69;6.2;18.34;20.32;15
2026-09-29T03:58:23.000;2026-09-28T20:58:23.000;17.89;10.43;7.02;18.2;20.32;16
2026-09-29T04:08:37.000;2026-09-28T21:08:37.000;17.85;11.04;8.83;17.96;20.32;17
2026-09-29T04:18:55.000;2026-09-28T21:18:55.000;18.05;12.23;4.65;18.65;20.32;18
2026-09-29T04:29:11.000;2026-09-28T21:29:11.000;18.19;10.95;6.55;18.28;20.32;19
2026-09-29T04:39:25.000;2026-09-28T21:39:25.000;17.57;12.06;5.92;18.39;20.32;20
2026-09-29T04:49:40.000;2026-09-28T21:49:40.000;17.25;7.48;6.09;18.36;20.32;21
2026-09-29T04:59:54.000;2026-09-28T21:59:54.000;16.88;8.41;10.03;17.82;20.32;22
2026-09-29T05:10:09.000;2026-09-28T22:10:09.000;16.87;7.24;9.88;17.83;20.32;23
2026-09-29T05:20:23.000;2026-09-28T22:20:23.000;16.75;7.12;8.93;17.94;20.32;24
2026-09-29T05:30:37.000;2026-09-28T22:30:37.000;16.7;9.47;10.54;17.76;20.32;25
2026-09-29T05:40:52.000;2026-09-28T22:40:52.000;17.86;12.19;14.39;17.42;20.32;26
2026-09-29T05:51:06.000;2026-09-28T22:51:06.000;18.51;11.68;18.36;17.16;20.32;27
2026-09-29T06:01:21.000;2026-09-28T23:01:21.000;18.75;10.75;15.16;17.37;20.32;28
2026-09-29T06:11:35.000;2026-09-28T23:11:35.000;18.79;10.94;16.79;17.26;20.32;29
2026-09-29T06:21:50.000;2026-09-28T23:21:50.000;18.44;7.71;16.22;17.29;20.32;30
2026-09-29T06:32:05.000;2026-09-28T23:32:05.000;17.73;2.65;9.85;17.84;20.32;31
2026-09-29T06:42:19.000;2026-09-28T23:42:19.000;17.54;5.81;17.52;17.21;20.32;32
2026-09-29T06:52:34.000;2026-09-28T23:52:34.000;17.77;5.95;15.58;17.34;20.32;33
2026-09-29T07:02:49.000;2026-09-29T00:02:49.000;17.68;5.49;24.89;16.83;20.32;34
2026-09-29T07:13:04.000;2026-09-29T00:13:04.000;18.08;10.31;32.11;16.55;20.32;35
2026-09-29T07:23:20.000;2026-09-29T00:23:20.000;18.58;11.34;30.67;16.6;20.32;36
2026-09-29T07:33:35.000;2026-09-29T00:33:35.000;18.7;9.74;36.87;16.4;20.32;37
2026-09-29T07:43:49.000;2026-09-29T00:43:49.000;18.82;12.1;27.47;16.72;20.32;38
2026-09-29T07:54:04.000;2026-09-29T00:54:04.000;18.74;11.74;29.37;16.65;20.32;39
2026-09-29T08:04:19.000;2026-09-29T01:04:19.000;18.6;9.76;34.27;16.48;20.32;40
2026-09-29T08:14:33.000;2026-09-29T01:14:33.000;18.53;7.92;48.41;16.11;20.32;41
2026-09-29T08:24:48.000;2026-09-29T01:24:48.000;18.36;12.18;33.69;16.5;20.32;42
2026-09-29T08:35:03.000;2026-09-29T01:35:03.000;18.29;7.58;40.98;16.29;20.32;43
2026-09-29T08:45:17.000;2026-09-29T01:45:17.000;18.04;9.15;56.13;15.95;20.32;44
2026-09-29T08:55:32.000;2026-09-29T01:55:32.000;18.61;13.27;57.32;15.92;20.32;45
2026-09-29T09:05:47.000;2026-09-29T02:05:47.000;19.0;15.59;40.76;16.29;20.32;46
2026-09-29T09:16:02.000;2026-09-29T02:16:02.000;19.43;13.07;62.85;15.82;20.32;47
2026-09-29T09:26:17.000;2026-09-29T02:26:17.000;19.67;15.97;38.57;16.35;20.32;48
2026-09-29T09:36:31.000;2026-09-29T02:36:31.000;19.68;15.22;20.84;17.02;20.32;49
2026-09-29T09:46:46.000;2026-09-29T02:46:46.000;19.51;13.23;31.42;16.58;20.32;50
2026-09-29T09:57:00.000;2026-09-29T02:57:00.000;18.8;9.19;68.65;15.73;20.32;51
2026-09-29T10:07:15.000;2026-09-29T03:07:15.000;18.91;7.89;75.7;15.62;20.32;52
2026-09-29T10:17:30.000;2026-09-29T03:17:30.000;19.33;8.46;55.71;15.96;20.32;53
2026-09-29T10:27:44.000;2026-09-29T03:27:44.000;19.69;12.38;43.56;16.22;20.32;54
2026-09-29T10:37:58.000;2026-09-29T03:37:58.000;19.99;15.11;15.97;17.31;20.32;55
2026-09-29T10:48:13.000;2026-09-29T03:48:13.000;18.75;15.8;19.03;17.12;20.32;56
2026-09-29T10:58:27.000;2026-09-29T03:58:27.000;18.2;14.43;26.32;16.77;20.32;57
2026-09-29T11:08:42.000;2026-09-29T04:08:42.000;17.96;16.13;18.69;17.14;20.32;58
2026-09-29T11:18:57.000;2026-09-29T04:18:57.000;17.78;17.6;11.75;17.65;20.32;59
2026-09-29T11:29:10.000;2026-09-29T04:29:10.000;17.7;17.61;24.45;16.85;20.32;60
2026-09-29T11:39:25.000;2026-09-29T04:39:25.000;17.5;17.33;31.91;16.56;20.32;61
2026-09-29T11:49:39.000;2026-09-29T04:49:39.000;17.8;16.77;19.77;17.08;20.32;62
2026-09-29T11:59:53.000;2026-09-29T04:59:53.000;17.62;17.35;8.17;18.04;20.32;63
2026-09-29T12:10:08.000;2026-09-29T05:10:08.000;17.79;17.53;5.45;18.48;20.32;64
2026-09-29T12:20:22.000;2026-09-29T05:20:22.000;17.76;15.61;20.29;17.05;20.32;65
2026-09-29T12:30:37.000;2026-09-29T05:30:37.000;17.48;15.84;15.89;17.32;20.32;66
2026-09-29T12:40:51.000;2026-09-29T05:40:51.000;17.07;14.15;41.74;16.27;20.32;67
2026-09-29T12:51:06.000;2026-09-29T05:51:06.000;17.16;17.11;365.11;13.91;20.32;68
2026-09-29T13:01:20.000;2026-09-29T06:01:20.000;17.03;17.09;4981.53;11.08;20.32;69
2026-09-30T01:29:19.000;2026-09-29T18:29:19.000;14.02;-6.33;5377.25;10.99;20.32;1
2026-09-30T01:39:33.000;2026-09-29T18:39:33.000;14.57;-6.08;348.32;13.97;20.32;2
2026-09-30T01:49:48.000;2026-09-29T18:49:48.000;15.06;-6.57;36.07;16.43;20.32;3
2026-09-30T02:00:02.000;2026-09-29T19:00:02.000;15.15;-7.77;5.13;18.54;20.32;4
2026-09-30T02:10:17.000;2026-09-29T19:10:17.000;15.27;-9.03;0.93;20.4;20.32;5
2026-09-30T02:20:35.000;2026-09-29T19:20:35.000;15.52;-9.24;0.52;21.04;20.32;6
2026-09-30T02:30:50.000;2026-09-29T19:30:50.000;15.77;-9.65;0.4;21.3;20.32;7
2026-09-30T02:41:05.000;2026-09-29T19:41:05.000;15.65;-9.59;0.43;21.25;20.32;8
2026-09-30T02:51:19.000;2026-09-29T19:51:19.000;14.84;-9.38;0.43;21.24;20.32;9
2026-09-30T03:01:33.000;2026-09-29T20:01:33.000;14.72;-9.77;0.58;20.91;20.32;10
2026-09-30T03:11:48.000;2026-09-29T20:11:48.000;14.24;-11.34;0.68;20.75;20.32;11
2026-09-30T03:22:03.000;2026-09-29T20:22:03.000;13.94;-10.36;0.78;20.59;20.32;12
2026-09-30T03:32:18.000;2026-09-29T20:32:18.000;13.61;-9.95;0.86;20.48;20.32;13
2026-09-30T03:42:32.000;2026-09-29T20:42:32.000;13.27;-9.61;0.93;20.4;20.32;14
2026-09-30T03:52:47.000;2026-09-29T20:52:47.000;12.73;-9.62;1.09;20.23;20.32;15
2026-09-30T04:03:02.000;2026-09-29T21:03:02.000;12.63;-10.11;1.43;19.93;20.32;16
2026-09-30T04:13:16.000;2026-09-29T21:13:16.000;12.2;-9.87;1.57;19.83;20.32;17
2026-09-30T04:23:31.000;2026-09-29T21:23:31.000;12.11;-9.97;1.69;19.75;20.32;18
2026-09-30T04:33:45.000;2026-09-29T21:33:45.000;11.68;-10.48;1.8;19.68;20.32;19
2026-09-30T04:44:00.000;2026-09-29T21:44:00.000;11.05;-10.13;1.92;19.61;20.32;20
2026-09-30T04:54:14.000;2026-09-29T21:54:14.000;10.9;-9.1;2.05;19.54;20.32;21
2026-09-30T05:04:29.000;2026-09-29T22:04:29.000;11.28;-8.83;2.22;19.46;20.32;22
2026-09-30T05:14:44.000;2026-09-29T22:14:44.000;10.72;-8.75;2.38;19.38;20.32;23
2026-09-30T05:24:58.000;2026-09-29T22:24:58.000;10.74;-8.16;2.52;19.31;20.32;24
2026-09-30T05:35:13.000;2026-09-29T22:35:13.000;10.4;-7.92;2.76;19.22;20.32;25
2026-09-30T05:45:28.000;2026-09-29T22:45:28.000;10.35;-7.84;2.85;19.18;20.32;26
2026-09-30T05:55:42.000;2026-09-29T22:55:42.000;10.15;-7.45;3.34;19.01;20.32;27
2026-09-30T06:05:58.000;2026-09-29T23:05:58.000;10.42;-7.19;3.7;18.9;20.32;28
2026-09-30T06:16:13.000;2026-09-29T23:16:13.000;10.59;-7.05;4.04;18.81;20.32;29
2026-09-30T06:26:27.000;2026-09-29T23:26:27.000;10.6;-6.21;4.46;18.7;20.32;30
2026-09-30T06:36:42.000;2026-09-29T23:36:42.000;10.62;-7.35;4.7;18.64;20.32;31
2026-09-30T06:46:57.000;2026-09-29T23:46:57.000;10.93;-7.33;5.03;18.57;20.32;32
2026-09-30T06:57:12.000;2026-09-29T23:57:12.000;10.83;-7.38;5.42;18.48;20.32;33
2026-09-30T07:07:26.000;2026-09-30T00:07:26.000;10.58;-7.98;5.95;18.38;20.32;34
2026-09-30T07:17:41.000;2026-09-30T00:17:41.000;10.32;-7.92;6.66;18.26;20.32;35
2026-09-30T07:27:55.000;2026-09-30T00:27:55.000;10.36;-8.11;7.65;18.11;20.32;36
2026-09-30T07:38:10.000;2026-09-30T00:38:10.000;10.68;-8.25;9.12;17.92;20.32;37
2026-09-30T07:48:25.000;2026-09-30T00:48:25.000;11.03;-7.6;10.52;17.76;20.32;38
2026-09-30T07:58:40.000;2026-09-30T00:58:40.000;10.95;-8.2;12.03;17.62;20.32;39
2026-09-30T08:08:55.000;2026-09-30T01:08:55.000;10.74;-8.3;13.99;17.46;20.32;40
2026-09-30T08:19:09.000;2026-09-30T01:19:09.000;10.66;-8.18;16.66;17.27;20.32;41
2026-09-30T08:29:23.000;2026-09-30T01:29:23.000;11.28;-7.93;17.19;17.23;20.32;42
2026-09-30T08:39:38.000;2026-09-30T01:39:38.000;11.45;-7.93;16.48;17.28;20.32;43
2026-09-30T08:49:53.000;2026-09-30T01:49:53.000;11.46;-8.15;21.09;17.01;20.32;44
2026-09-30T09:00:11.000;2026-09-30T02:00:11.000;12.53;-6.99;25.65;16.8;20.32;45
2026-09-30T09:10:26.000;2026-09-30T02:10:26.000;13.34;-8.69;48.86;16.1;20.32;46
2026-09-30T09:20:41.000;2026-09-30T02:20:41.000;12.99;-8.4;95.81;15.37;20.32;47
