# Definition of the community standard for skyglow observations 1.0
# URL: http://www.darksky.org/NSBM/sdf1.0.pdf
# Number of header lines: 35
# This data is released under the following license: ODbL 1.0 http://opendatacommons.org/licenses/odbl/summary/
# Device type: TESS-WDL
# Instrument ID: stars1414
# Data supplier: None / None
# Location name: Vatican Advanced Technology Telescope / Safford / Arizona / Arizona / United States 
# Position: 32.7013, -109.892, None
# Local timezone: America/Phoenix
# Time Synchronization: timestamp added by MQTT subscriber
# Moving / Stationary position: STATIONARY
# Moving / Fixed look direction: FIXED
# Number of channels: 1
# Filters per channel: None
# Measurement direction per channel: (0.0, 0.0)
# Field of view: 17.0
# Number of fields per line: 8
# TESS MAC address: D0:EF:76:11:23:98
# TESS firmware version: Oct 17 2024 v4.32
# TESS cover offset value: 0.0
# TESS zero point: 20.34
# Comment:  
# Comment:
# Comment:
# Comment:
# Comment:
# Comment: Current Zero Point in the header corresponds to the UV/IR-cut channel
# Comment: MSAS = ZP - 2.5*log10(Frequency)
# blank line 30
# blank line 31
# blank line 32
# UTC Date & Time, Local Date & Time, Enclosure Temperature, Sky Temperature, Freq1, MSAS1, ZP1, Freq2, MSAS2, ZP2, Freq3,  MSAS3, ZP3, Freq4, MSAS4, ZP4, Sequence Number
# YYYY-MM-DDTHH:mm:ss.fff;YYYY-MM-DDTHH:mm:ss.fff;Celsius;Celsius;Hz;mag/arcsec^2;mag/arcsec^2;Hz;mag/arcsec^2;mag/arcsec^2;Hz;mag/arcsec^2;mag/arcsec^2;Hz;mag/arcsec^2;mag/arcsec^2; Multiple of Tx period
# END OF HEADER
2026-01-03T00:56:48.000;2026-01-02T17:56:48.000;11.92;-12.98;2657.29;11.78;20.34;1
2026-01-03T01:07:09.000;2026-01-02T18:07:09.000;12.37;-12.22;99.52;15.35;20.34;2
2026-01-03T01:17:24.000;2026-01-02T18:17:24.000;11.63;-8.82;19.89;17.09;20.34;3
2026-01-03T01:27:38.000;2026-01-02T18:27:38.000;11.08;-12.49;7.9;18.1;20.34;4
2026-01-03T01:37:53.000;2026-01-02T18:37:53.000;10.65;-11.05;7.12;18.21;20.34;5
2026-01-03T01:48:08.000;2026-01-02T18:48:08.000;10.42;-13.56;7.29;18.18;20.34;6
2026-01-03T01:58:24.000;2026-01-02T18:58:24.000;10.06;-14.06;7.66;18.13;20.34;7
2026-01-03T02:08:39.000;2026-01-02T19:08:39.000;9.74;-14.2;8.99;17.96;20.34;8
2026-01-03T02:18:56.000;2026-01-02T19:18:56.000;9.49;-14.51;9.39;17.91;20.34;9
2026-01-03T02:29:14.000;2026-01-02T19:29:14.000;9.23;-14.35;10.07;17.83;20.34;10
2026-01-03T02:39:29.000;2026-01-02T19:39:29.000;9.15;-14.79;11.09;17.73;20.34;11
2026-01-03T02:49:47.000;2026-01-02T19:49:47.000;8.88;-14.71;12.67;17.58;20.34;12
2026-01-03T03:00:03.000;2026-01-02T20:00:03.000;9.01;-14.72;14.52;17.43;20.34;13
2026-01-03T03:10:18.000;2026-01-02T20:10:18.000;8.86;-15.03;16.26;17.31;20.34;14
2026-01-03T03:20:33.000;2026-01-02T20:20:33.000;8.75;-15.17;17.76;17.22;20.34;15
2026-01-03T03:30:49.000;2026-01-02T20:30:49.000;8.58;-15.16;19.46;17.12;20.34;16
2026-01-03T03:41:02.000;2026-01-02T20:41:02.000;8.66;-15.15;21.84;16.99;20.34;17
2026-01-03T03:51:18.000;2026-01-02T20:51:18.000;8.62;-15.75;24.55;16.86;20.34;18
2026-01-03T04:01:32.000;2026-01-02T21:01:32.000;8.38;-15.53;28.85;16.69;20.34;19
2026-01-03T04:11:47.000;2026-01-02T21:11:47.000;8.27;-15.6;34.69;16.49;20.34;20
2026-01-03T04:22:00.000;2026-01-02T21:22:00.000;8.36;-15.59;41.37;16.3;20.34;21
2026-01-03T04:32:14.000;2026-01-02T21:32:14.000;8.21;-15.67;50.39;16.08;20.34;22
2026-01-03T04:42:32.000;2026-01-02T21:42:32.000;8.36;-15.54;63.63;15.83;20.34;23
2026-01-03T04:52:46.000;2026-01-02T21:52:46.000;8.43;-16.0;79.41;15.59;20.34;24
2026-01-03T05:03:00.000;2026-01-02T22:03:00.000;8.41;-15.91;99.84;15.34;20.34;25
2026-01-03T05:13:20.000;2026-01-02T22:13:20.000;8.23;-15.67;129.81;15.06;20.34;26
2026-01-03T05:23:34.000;2026-01-02T22:23:34.000;8.22;-15.74;171.6;14.75;20.34;27
2026-01-03T05:33:48.000;2026-01-02T22:33:48.000;8.21;-15.86;229.76;14.44;20.34;28
2026-01-03T05:44:02.000;2026-01-02T22:44:02.000;7.96;-15.81;308.22;14.12;20.34;29
2026-01-03T05:54:16.000;2026-01-02T22:54:16.000;7.77;-15.23;382.76;13.88;20.34;30
2026-01-03T06:04:30.000;2026-01-02T23:04:30.000;7.81;-15.29;456.53;13.69;20.34;31
2026-01-03T06:14:51.000;2026-01-02T23:14:51.000;7.81;-15.47;574.5;13.44;20.34;32
2026-01-03T06:25:07.000;2026-01-02T23:25:07.000;7.69;-15.12;666.67;13.28;20.34;33
2026-01-03T06:35:22.000;2026-01-02T23:35:22.000;7.64;-15.58;692.01;13.24;20.34;34
2026-01-03T06:45:38.000;2026-01-02T23:45:38.000;7.61;-15.81;795.53;13.09;20.34;35
2026-01-03T06:55:55.000;2026-01-02T23:55:55.000;6.81;-16.06;925.85;12.92;20.34;36
2026-01-03T07:06:09.000;2026-01-03T00:06:09.000;6.62;-15.49;1056.34;12.78;20.34;37
2026-01-03T07:21:41.000;2026-01-03T00:21:41.000;7.51;-16.2;1215.68;12.63;20.34;38
2026-01-03T07:32:03.000;2026-01-03T00:32:03.000;7.81;-16.28;879.88;12.98;20.34;39
2026-01-03T07:42:16.000;2026-01-03T00:42:16.000;7.37;-16.8;686.15;13.25;20.34;40
2026-01-03T07:57:33.000;2026-01-03T00:57:33.000;7.6;-17.41;612.08;13.37;20.34;41
2026-01-03T08:07:54.000;2026-01-03T01:07:54.000;7.82;-17.18;438.93;13.73;20.34;42
2026-01-03T08:18:11.000;2026-01-03T01:18:11.000;7.07;-16.84;295.28;14.16;20.34;43
2026-01-03T08:28:26.000;2026-01-03T01:28:26.000;6.53;-17.13;239.04;14.39;20.34;44
2026-01-03T08:38:39.000;2026-01-03T01:38:39.000;6.23;-16.96;196.9;14.6;20.34;45
2026-01-03T08:48:54.000;2026-01-03T01:48:54.000;6.39;-16.49;161.0;14.82;20.34;46
2026-01-03T08:59:07.000;2026-01-03T01:59:07.000;6.32;-17.27;131.94;15.04;20.34;47
2026-01-03T09:09:27.000;2026-01-03T02:09:27.000;6.39;-17.32;106.19;15.27;20.34;48
2026-01-03T09:25:08.000;2026-01-03T02:25:08.000;7.02;-17.32;91.24;15.44;20.34;49
2026-01-03T09:35:35.000;2026-01-03T02:35:35.000;6.88;-17.73;59.34;15.91;20.34;50
2026-01-03T09:45:51.000;2026-01-03T02:45:51.000;6.47;-17.44;50.22;16.09;20.34;51
2026-01-03T10:06:43.000;2026-01-03T03:06:43.000;5.98;-18.43;34.23;16.5;20.34;53
2026-01-03T10:16:57.000;2026-01-03T03:16:57.000;5.49;-19.14;29.97;16.65;20.34;54
2026-01-03T10:27:12.000;2026-01-03T03:27:12.000;5.14;-18.8;26.62;16.78;20.34;55
2026-01-03T10:37:26.000;2026-01-03T03:37:26.000;4.92;-17.68;23.97;16.89;20.34;56
2026-01-03T11:08:12.000;2026-01-03T04:08:12.000;4.63;-15.46;18.94;17.15;20.34;59
2026-01-03T11:18:29.000;2026-01-03T04:18:29.000;4.5;-14.47;16.55;17.29;20.34;60
2026-01-05T00:54:05.000;2026-01-04T17:54:05.000;11.66;-9.12;4367.81;11.24;20.34;1
2026-01-05T01:04:22.000;2026-01-04T18:04:22.000;12.75;-8.05;408.73;13.81;20.34;2
2026-01-05T01:39:58.000;2026-01-04T18:39:58.000;16.46;-8.0;14.22;17.46;20.34;3
2026-01-05T01:50:23.000;2026-01-04T18:50:23.000;14.52;-7.57;1.08;20.25;20.34;4
2026-01-05T02:00:41.000;2026-01-04T19:00:41.000;12.85;-7.25;1.4;19.98;20.34;5
2026-01-05T02:10:55.000;2026-01-04T19:10:55.000;11.92;-6.43;1.13;20.21;20.34;6
2026-01-05T02:31:30.000;2026-01-04T19:31:30.000;13.75;-11.12;1.54;19.87;20.34;7
2026-01-05T02:57:20.000;2026-01-04T19:57:20.000;14.17;-13.33;3.18;19.09;20.34;8
2026-01-05T03:07:45.000;2026-01-04T20:07:45.000;11.89;-16.42;1.84;19.68;20.34;9
2026-01-05T03:23:22.000;2026-01-04T20:23:22.000;10.58;-13.26;6.05;18.39;20.34;10
2026-01-05T03:44:18.000;2026-01-04T20:44:18.000;10.62;-12.36;8.44;18.02;20.34;12
2026-01-05T03:54:47.000;2026-01-04T20:54:47.000;9.9;-16.2;4.26;18.77;20.34;13
2026-01-05T04:05:11.000;2026-01-04T21:05:11.000;9.64;-14.88;7.51;18.15;20.34;14
2026-01-05T04:25:59.000;2026-01-04T21:25:59.000;8.41;-15.45;8.84;17.97;20.34;16
2026-01-05T04:46:21.000;2026-01-04T21:46:21.000;9.68;-16.26;11.08;17.73;20.34;17
2026-01-05T04:56:49.000;2026-01-04T21:56:49.000;9.16;-14.44;11.29;17.71;20.34;18
2026-01-05T05:07:07.000;2026-01-04T22:07:07.000;8.5;-13.61;12.75;17.58;20.34;19
2026-01-05T05:17:25.000;2026-01-04T22:17:25.000;7.86;-15.2;11.87;17.65;20.34;20
2026-01-05T05:27:41.000;2026-01-04T22:27:41.000;7.42;-16.16;8.83;17.97;20.34;21
2026-01-05T05:48:26.000;2026-01-04T22:48:26.000;6.53;-17.99;10.69;17.77;20.34;23
2026-01-05T05:58:44.000;2026-01-04T22:58:44.000;6.42;-18.04;11.76;17.66;20.34;24
2026-01-05T06:09:01.000;2026-01-04T23:09:01.000;6.52;-18.71;13.09;17.55;20.34;25
2026-01-05T06:19:18.000;2026-01-04T23:19:18.000;6.09;-18.36;14.76;17.42;20.34;26
2026-01-05T06:50:27.000;2026-01-04T23:50:27.000;5.66;-19.93;25.87;16.81;20.34;29
2026-01-05T07:10:51.000;2026-01-05T00:10:51.000;7.31;-20.27;40.03;16.33;20.34;30
2026-01-05T08:02:56.000;2026-01-05T01:02:56.000;6.5;-19.25;109.89;15.24;20.34;34
2026-01-05T08:13:10.000;2026-01-05T01:13:10.000;5.69;-19.09;124.68;15.1;20.34;35
2026-01-07T00:55:45.000;2026-01-06T17:55:45.000;8.95;-16.41;3622.96;11.44;20.34;1
2026-01-07T01:06:01.000;2026-01-06T18:06:01.000;9.87;-17.87;266.89;14.27;20.34;2
2026-01-07T01:16:19.000;2026-01-06T18:16:19.000;10.36;-18.15;23.18;16.93;20.34;3
2026-01-07T01:26:33.000;2026-01-06T18:26:33.000;10.39;-17.44;4.03;18.83;20.34;4
2026-01-07T01:36:48.000;2026-01-06T18:36:48.000;10.14;-17.89;0.95;20.39;20.34;5
2026-01-07T01:47:14.000;2026-01-06T18:47:14.000;10.26;-12.18;0.51;21.07;20.34;6
2026-01-07T01:57:30.000;2026-01-06T18:57:30.000;11.27;-7.08;0.53;21.03;20.34;7
2026-01-07T02:07:49.000;2026-01-06T19:07:49.000;11.41;-10.14;0.52;21.05;20.34;8
2026-01-07T02:18:04.000;2026-01-06T19:18:04.000;11.05;-12.62;0.44;21.22;20.34;9
2026-01-07T02:33:40.000;2026-01-06T19:33:40.000;11.07;-9.5;0.78;20.61;20.34;10
2026-01-07T02:44:00.000;2026-01-06T19:44:00.000;11.58;-3.81;0.77;20.62;20.34;11
2026-01-07T02:54:20.000;2026-01-06T19:54:20.000;10.57;-12.56;0.56;20.96;20.34;12
2026-01-07T03:04:37.000;2026-01-06T20:04:37.000;10.19;-13.25;0.41;21.32;20.34;13
2026-01-07T03:14:52.000;2026-01-06T20:14:52.000;9.38;-13.33;0.45;21.2;20.34;14
2026-01-07T03:25:09.000;2026-01-06T20:25:09.000;9.2;-15.12;0.51;21.06;20.34;15
2026-01-07T03:35:24.000;2026-01-06T20:35:24.000;8.33;-15.12;0.48;21.14;20.34;16
2026-01-07T03:45:37.000;2026-01-06T20:45:37.000;7.89;-14.49;0.44;21.22;20.34;17
2026-01-07T03:55:51.000;2026-01-06T20:55:51.000;8.11;-12.96;0.52;21.06;20.34;18
2026-01-07T04:16:27.000;2026-01-06T21:16:27.000;9.8;-16.68;0.59;20.91;20.34;19
2026-01-07T04:37:03.000;2026-01-06T21:37:03.000;7.4;-18.19;0.58;20.93;20.34;21
2026-01-07T04:47:20.000;2026-01-06T21:47:20.000;6.46;-14.93;0.84;20.53;20.34;22
2026-01-07T04:57:34.000;2026-01-06T21:57:34.000;6.5;-15.75;1.18;20.16;20.34;23
2026-01-07T05:07:53.000;2026-01-06T22:07:53.000;5.97;-18.17;0.91;20.44;20.34;24
2026-01-07T05:18:07.000;2026-01-06T22:18:07.000;5.77;-18.19;1.31;20.05;20.34;25
2026-01-07T05:28:21.000;2026-01-06T22:28:21.000;5.79;-16.89;1.25;20.1;20.34;26
2026-01-07T05:38:39.000;2026-01-06T22:38:39.000;6.02;-16.45;1.47;19.92;20.34;27
2026-01-07T05:48:53.000;2026-01-06T22:48:53.000;5.94;-13.94;2.49;19.35;20.34;28
2026-01-07T05:59:07.000;2026-01-06T22:59:07.000;5.45;-18.56;1.53;19.88;20.34;29
2026-01-07T06:09:21.000;2026-01-06T23:09:21.000;5.11;-18.13;2.71;19.26;20.34;30
2026-01-07T06:19:34.000;2026-01-06T23:19:34.000;4.81;-17.89;2.16;19.5;20.34;31
2026-01-07T06:29:52.000;2026-01-06T23:29:52.000;5.19;-13.01;4.4;18.73;20.34;32
2026-01-07T06:40:11.000;2026-01-06T23:40:11.000;6.32;-8.5;7.99;18.08;20.34;33
2026-01-07T06:50:26.000;2026-01-06T23:50:26.000;7.29;-5.63;8.59;18.01;20.34;34
2026-01-07T07:00:51.000;2026-01-07T00:00:51.000;8.21;-8.31;7.1;18.21;20.34;35
2026-01-07T07:11:06.000;2026-01-07T00:11:06.000;7.65;-16.25;3.33;19.03;20.34;36
2026-01-07T07:21:22.000;2026-01-07T00:21:22.000;6.73;-18.69;3.67;18.93;20.34;37
2026-01-07T07:31:38.000;2026-01-07T00:31:38.000;7.02;-16.76;6.6;18.29;20.34;38
2026-01-07T07:41:57.000;2026-01-07T00:41:57.000;6.94;-8.72;11.27;17.71;20.34;39
2026-01-07T07:52:11.000;2026-01-07T00:52:11.000;7.23;-13.1;7.64;18.13;20.34;40
2026-01-07T08:02:25.000;2026-01-07T01:02:25.000;7.13;-11.63;11.04;17.73;20.34;41
2026-01-07T08:12:39.000;2026-01-07T01:12:39.000;6.01;-16.42;7.25;18.19;20.34;42
2026-01-07T08:22:52.000;2026-01-07T01:22:52.000;5.09;-18.52;4.31;18.75;20.34;43
2026-01-07T08:33:06.000;2026-01-07T01:33:06.000;4.62;-19.67;4.71;18.66;20.34;44
2026-01-07T08:43:20.000;2026-01-07T01:43:20.000;4.67;-18.37;6.1;18.38;20.34;45
2026-01-07T08:53:34.000;2026-01-07T01:53:34.000;4.45;-15.2;7.54;18.15;20.34;46
2026-01-07T09:03:52.000;2026-01-07T02:03:52.000;4.45;-10.22;12.84;17.57;20.34;47
2026-01-07T09:14:10.000;2026-01-07T02:14:10.000;5.61;-6.33;15.55;17.36;20.34;48
2026-01-07T09:24:30.000;2026-01-07T02:24:30.000;6.72;-0.33;17.11;17.26;20.34;49
2026-01-07T10:00:49.000;2026-01-07T03:00:49.000;8.38;-1.39;20.22;17.08;20.34;52
2026-01-07T10:11:06.000;2026-01-07T03:11:06.000;8.56;0.77;22.53;16.96;20.34;53
2026-01-07T10:21:28.000;2026-01-07T03:21:28.000;8.65;1.14;22.96;16.94;20.34;54
2026-01-07T10:31:42.000;2026-01-07T03:31:42.000;8.85;2.9;15.0;17.4;20.34;55
2026-01-07T10:41:56.000;2026-01-07T03:41:56.000;8.93;2.47;16.67;17.29;20.34;56
2026-01-07T10:52:14.000;2026-01-07T03:52:14.000;8.71;1.54;18.3;17.18;20.34;57
2026-01-07T11:02:33.000;2026-01-07T04:02:33.000;8.49;1.3;18.67;17.16;20.34;58
2026-01-07T11:23:14.000;2026-01-07T04:23:14.000;9.17;-0.16;19.24;17.13;20.34;60
2026-01-07T11:33:34.000;2026-01-07T04:33:34.000;9.75;0.91;19.49;17.12;20.34;61
2026-01-07T11:49:06.000;2026-01-07T04:49:06.000;10.96;-0.3;22.16;16.98;20.34;62
2026-01-07T11:59:28.000;2026-01-07T04:59:28.000;11.19;1.17;17.26;17.25;20.34;63
2026-01-07T12:15:03.000;2026-01-07T05:15:03.000;10.98;0.14;19.25;17.13;20.34;64
2026-01-07T12:25:24.000;2026-01-07T05:25:24.000;11.19;2.16;15.42;17.37;20.34;65
2026-01-07T12:35:43.000;2026-01-07T05:35:43.000;10.51;2.88;15.91;17.34;20.34;66
2026-01-07T12:46:01.000;2026-01-07T05:46:01.000;10.3;2.98;14.36;17.45;20.34;67
2026-01-07T12:56:29.000;2026-01-07T05:56:29.000;10.2;3.43;13.15;17.54;20.34;68
2026-01-07T13:06:46.000;2026-01-07T06:06:46.000;10.21;3.64;11.34;17.7;20.34;69
2026-01-07T13:22:27.000;2026-01-07T06:22:27.000;11.12;3.53;10.86;17.75;20.34;70
2026-01-07T13:32:51.000;2026-01-07T06:32:51.000;11.52;3.77;13.09;17.55;20.34;71
2026-01-07T13:43:09.000;2026-01-07T06:43:09.000;10.87;4.38;23.11;16.93;20.34;72
2026-01-07T13:53:30.000;2026-01-07T06:53:30.000;10.75;3.81;107.47;15.26;20.34;73
2026-01-07T14:09:10.000;2026-01-07T07:09:10.000;11.33;4.69;2196.45;11.99;20.34;74
2026-01-08T00:46:55.000;2026-01-07T17:46:55.000;6.59;6.59;6137.25;10.87;20.34;1
2026-01-08T01:02:40.000;2026-01-07T18:02:40.000;7.76;6.67;722.82;13.19;20.34;2
2026-01-08T01:13:01.000;2026-01-07T18:13:01.000;7.27;6.61;40.68;16.32;20.34;3
2026-01-08T01:23:15.000;2026-01-07T18:23:15.000;7.14;4.78;6.45;18.32;20.34;4
2026-01-08T01:38:49.000;2026-01-07T18:38:49.000;7.66;5.45;1.83;19.68;20.34;5
2026-01-10T01:01:02.000;2026-01-09T18:01:02.000;3.0;-27.23;2275.66;11.95;20.34;1
2026-01-10T01:11:16.000;2026-01-09T18:11:16.000;4.01;-28.25;176.57;14.72;20.34;2
2026-01-10T01:21:30.000;2026-01-09T18:21:30.000;3.85;-28.28;25.95;16.8;20.34;3
2026-01-10T01:31:44.000;2026-01-09T18:31:44.000;3.6;-27.77;4.44;18.72;20.34;4
2026-01-10T01:41:58.000;2026-01-09T18:41:58.000;3.61;-27.63;0.99;20.35;20.34;5
2026-01-10T01:52:12.000;2026-01-09T18:52:12.000;3.61;-27.16;0.48;21.14;20.34;6
2026-01-10T02:02:26.000;2026-01-09T19:02:26.000;3.57;-27.84;0.45;21.21;20.34;7
2026-01-10T02:12:40.000;2026-01-09T19:12:40.000;3.82;-27.79;0.41;21.3;20.34;8
2026-01-10T02:22:54.000;2026-01-09T19:22:54.000;3.68;-27.95;0.4;21.33;20.34;9
2026-01-10T02:33:09.000;2026-01-09T19:33:09.000;3.07;-28.23;0.42;21.29;20.34;10
2026-01-10T02:43:23.000;2026-01-09T19:43:23.000;3.01;-28.3;0.4;21.33;20.34;11
2026-01-10T02:53:38.000;2026-01-09T19:53:38.000;2.5;-28.19;0.43;21.26;20.34;12
2026-01-10T03:03:52.000;2026-01-09T20:03:52.000;2.0;-29.08;0.4;21.32;20.34;13
2026-01-10T03:14:06.000;2026-01-09T20:14:06.000;1.67;-28.4;0.4;21.32;20.34;14
2026-01-10T03:24:19.000;2026-01-09T20:24:19.000;1.58;-28.76;0.43;21.27;20.34;15
2026-01-10T03:34:33.000;2026-01-09T20:34:33.000;1.4;-28.84;0.48;21.15;20.34;16
2026-01-10T03:44:50.000;2026-01-09T20:44:50.000;0.81;-29.0;0.48;21.13;20.34;17
2026-01-10T03:55:05.000;2026-01-09T20:55:05.000;0.07;-29.47;0.4;21.33;20.34;18
2026-01-10T04:05:18.000;2026-01-09T21:05:18.000;-0.22;-29.24;0.38;21.38;20.34;19
2026-01-10T04:20:35.000;2026-01-09T21:20:35.000;0.61;-30.02;0.56;20.96;20.34;20
2026-01-10T04:30:57.000;2026-01-09T21:30:57.000;-0.02;-29.91;0.46;21.19;20.34;21
2026-01-10T04:41:10.000;2026-01-09T21:41:10.000;-0.66;-30.13;0.38;21.39;20.34;22
2026-01-10T04:51:23.000;2026-01-09T21:51:23.000;-0.75;-30.28;0.38;21.38;20.34;23
2026-01-10T05:01:37.000;2026-01-09T22:01:37.000;-1.08;-30.07;0.38;21.38;20.34;24
2026-01-10T05:11:51.000;2026-01-09T22:11:51.000;-1.29;-30.44;0.38;21.39;20.34;25
2026-01-10T05:22:06.000;2026-01-09T22:22:06.000;-1.52;-30.36;0.31;21.61;20.34;26
2026-01-10T05:32:22.000;2026-01-09T22:32:22.000;-1.47;-30.45;0.37;21.43;20.34;27
2026-01-10T05:42:36.000;2026-01-09T22:42:36.000;-1.68;-30.31;0.38;21.39;20.34;28
2026-01-10T05:52:50.000;2026-01-09T22:52:50.000;-1.52;-30.75;0.37;21.43;20.34;29
2026-01-10T06:03:04.000;2026-01-09T23:03:04.000;-2.06;-30.41;0.36;21.45;20.34;30
2026-01-10T06:13:18.000;2026-01-09T23:13:18.000;-2.29;-30.92;0.36;21.45;20.34;31
2026-01-10T06:23:33.000;2026-01-09T23:23:33.000;-2.57;-31.03;0.42;21.27;20.34;32
2026-01-10T06:33:49.000;2026-01-09T23:33:49.000;-2.29;-31.2;0.33;21.55;20.34;33
2026-01-10T06:44:04.000;2026-01-09T23:44:04.000;-2.7;-30.74;0.3;21.64;20.34;34
2026-01-10T06:54:18.000;2026-01-09T23:54:18.000;-2.65;-31.12;0.3;21.64;20.34;35
2026-01-10T07:04:35.000;2026-01-10T00:04:35.000;-2.76;-31.22;0.38;21.4;20.34;36
2026-01-10T07:14:49.000;2026-01-10T00:14:49.000;-3.06;-31.33;0.36;21.45;20.34;37
2026-01-10T07:35:21.000;2026-01-10T00:35:21.000;-0.97;-32.2;0.58;20.94;20.34;38
2026-01-10T07:45:47.000;2026-01-10T00:45:47.000;-1.29;-31.67;0.42;21.29;20.34;39
2026-01-10T07:55:59.000;2026-01-10T00:55:59.000;-1.83;-31.72;0.51;21.06;20.34;40
2026-01-10T08:11:17.000;2026-01-10T01:11:17.000;-1.4;-32.0;0.68;20.76;20.34;41
2026-01-10T08:21:39.000;2026-01-10T01:21:39.000;-1.43;-31.76;0.62;20.86;20.34;42
2026-01-10T08:31:51.000;2026-01-10T01:31:51.000;-2.25;-32.05;0.69;20.74;20.34;43
2026-01-10T08:42:05.000;2026-01-10T01:42:05.000;-2.76;-31.84;0.75;20.65;20.34;44
2026-01-10T08:52:19.000;2026-01-10T01:52:19.000;-3.1;-31.87;0.79;20.59;20.34;45
2026-01-10T09:02:33.000;2026-01-10T02:02:33.000;-3.5;-31.69;0.8;20.59;20.34;46
2026-01-10T09:12:47.000;2026-01-10T02:12:47.000;-2.89;-31.6;0.85;20.51;20.34;47
2026-01-10T09:23:01.000;2026-01-10T02:23:01.000;-2.69;-31.21;0.87;20.49;20.34;48
2026-01-10T09:33:15.000;2026-01-10T02:33:15.000;-2.82;-31.2;0.91;20.44;20.34;49
2026-01-10T09:43:29.000;2026-01-10T02:43:29.000;-2.97;-31.29;0.98;20.37;20.34;50
2026-01-10T09:53:47.000;2026-01-10T02:53:47.000;-3.43;-31.26;1.02;20.32;20.34;51
2026-01-10T10:04:02.000;2026-01-10T03:04:02.000;-3.17;-30.81;1.07;20.26;20.34;52
2026-01-10T10:14:16.000;2026-01-10T03:14:16.000;-2.79;-29.08;1.27;20.08;20.34;53
2026-01-10T10:24:31.000;2026-01-10T03:24:31.000;-1.13;-31.23;1.3;20.05;20.34;54
2026-01-10T10:34:46.000;2026-01-10T03:34:46.000;0.06;-28.87;1.14;20.2;20.34;55
2026-01-10T10:45:01.000;2026-01-10T03:45:01.000;2.49;-30.52;1.11;20.23;20.34;56
2026-01-10T10:55:16.000;2026-01-10T03:55:16.000;2.01;-31.69;1.36;20.0;20.34;57
2026-01-10T11:05:29.000;2026-01-10T04:05:29.000;0.41;-32.81;1.46;19.93;20.34;58
2026-01-10T11:15:42.000;2026-01-10T04:15:42.000;1.13;-31.12;1.54;19.87;20.34;59
2026-01-10T11:25:57.000;2026-01-10T04:25:57.000;1.79;-31.53;1.36;20.0;20.34;60
2026-01-10T11:36:11.000;2026-01-10T04:36:11.000;2.6;-31.47;1.38;19.99;20.34;61
2026-01-10T11:46:26.000;2026-01-10T04:46:26.000;2.8;-31.46;1.61;19.82;20.34;62
2026-01-10T11:56:41.000;2026-01-10T04:56:41.000;3.41;-31.76;1.63;19.81;20.34;63
2026-01-10T12:06:55.000;2026-01-10T05:06:55.000;3.23;-32.17;1.68;19.78;20.34;64
2026-01-10T12:17:09.000;2026-01-10T05:17:09.000;3.05;-32.33;1.68;19.77;20.34;65
2026-01-10T12:27:22.000;2026-01-10T05:27:22.000;2.95;-32.13;1.71;19.76;20.34;66
2026-01-10T12:37:36.000;2026-01-10T05:37:36.000;2.39;-32.03;1.72;19.75;20.34;67
2026-01-10T12:47:50.000;2026-01-10T05:47:50.000;2.13;-32.13;1.72;19.75;20.34;68
2026-01-10T12:58:04.000;2026-01-10T05:58:04.000;2.87;-31.36;1.76;19.73;20.34;69
2026-01-10T13:08:17.000;2026-01-10T06:08:17.000;3.03;-31.41;1.84;19.68;20.34;70
2026-01-10T13:18:31.000;2026-01-10T06:18:31.000;1.86;-32.54;2.12;19.52;20.34;71
2026-01-10T13:28:45.000;2026-01-10T06:28:45.000;1.76;-32.01;3.57;18.96;20.34;72
2026-01-10T13:38:59.000;2026-01-10T06:38:59.000;1.83;-32.57;13.81;17.49;20.34;73
2026-01-10T13:49:13.000;2026-01-10T06:49:13.000;1.83;-32.18;98.89;15.35;20.34;74
2026-01-10T13:59:27.000;2026-01-10T06:59:27.000;2.3;-31.41;1143.01;12.69;20.34;75
2026-01-11T01:07:21.000;2026-01-10T18:07:21.000;7.62;-30.69;1379.96;12.49;20.34;1
2026-01-11T01:22:59.000;2026-01-10T18:22:59.000;6.21;-30.77;47.6;16.15;20.34;2
2026-01-11T01:33:17.000;2026-01-10T18:33:17.000;4.66;-30.56;4.37;18.74;20.34;3
2026-01-11T01:43:29.000;2026-01-10T18:43:29.000;2.48;-30.59;0.91;20.45;20.34;4
2026-01-11T01:53:44.000;2026-01-10T18:53:44.000;1.84;-30.26;0.53;21.02;20.34;5
2026-01-11T02:03:58.000;2026-01-10T19:03:58.000;2.08;-29.42;0.39;21.36;20.34;6
2026-01-11T02:14:13.000;2026-01-10T19:14:13.000;3.06;-30.12;0.33;21.53;20.34;7
2026-01-11T02:34:32.000;2026-01-10T19:34:32.000;3.85;-30.68;0.54;21.01;20.34;8
2026-01-11T02:44:58.000;2026-01-10T19:44:58.000;4.96;-30.37;0.36;21.45;20.34;9
2026-01-11T02:55:13.000;2026-01-10T19:55:13.000;3.87;-29.1;0.36;21.46;20.34;10
2026-01-11T03:05:27.000;2026-01-10T20:05:27.000;6.35;-30.89;0.36;21.45;20.34;11
2026-01-11T03:15:42.000;2026-01-10T20:15:42.000;6.18;-31.7;0.3;21.65;20.34;12
2026-01-11T03:26:00.000;2026-01-10T20:26:00.000;6.66;-32.23;0.32;21.56;20.34;13
2026-01-11T03:36:14.000;2026-01-10T20:36:14.000;6.2;-31.96;0.36;21.44;20.34;14
2026-01-11T03:46:32.000;2026-01-10T20:46:32.000;6.0;-31.62;0.36;21.45;20.34;15
2026-01-11T03:56:45.000;2026-01-10T20:56:45.000;6.64;-31.51;0.36;21.45;20.34;16
2026-01-11T04:06:59.000;2026-01-10T21:06:59.000;6.6;-31.98;0.36;21.44;20.34;17
2026-01-11T04:17:14.000;2026-01-10T21:17:14.000;5.96;-32.75;0.31;21.63;20.34;18
2026-01-11T04:27:29.000;2026-01-10T21:27:29.000;5.87;-32.99;0.37;21.42;20.34;19
2026-01-11T04:37:43.000;2026-01-10T21:37:43.000;5.46;-31.99;0.37;21.41;20.34;20
2026-01-11T04:47:57.000;2026-01-10T21:47:57.000;6.44;-33.16;0.4;21.34;20.34;21
2026-01-11T04:58:11.000;2026-01-10T21:58:11.000;6.27;-32.46;0.38;21.38;20.34;22
2026-01-11T05:08:25.000;2026-01-10T22:08:25.000;5.84;-31.81;0.39;21.37;20.34;23
2026-01-11T05:18:42.000;2026-01-10T22:18:42.000;5.14;-33.3;0.41;21.32;20.34;24
2026-01-11T05:28:57.000;2026-01-10T22:28:57.000;5.9;-33.49;0.39;21.36;20.34;25
2026-01-11T05:39:11.000;2026-01-10T22:39:11.000;6.48;-33.17;0.39;21.36;20.34;26
2026-01-11T05:49:25.000;2026-01-10T22:49:25.000;6.19;-32.97;0.32;21.56;20.34;27
2026-01-11T05:59:41.000;2026-01-10T22:59:41.000;6.46;-32.58;0.38;21.39;20.34;28
2026-01-11T06:09:56.000;2026-01-10T23:09:56.000;6.25;-33.7;0.38;21.38;20.34;29
2026-01-11T06:20:09.000;2026-01-10T23:20:09.000;5.76;-34.51;0.39;21.36;20.34;30
2026-01-11T06:30:23.000;2026-01-10T23:30:23.000;5.74;-34.58;0.42;21.29;20.34;31
2026-01-11T06:40:37.000;2026-01-10T23:40:37.000;5.49;-34.03;0.36;21.45;20.34;32
2026-01-11T06:50:51.000;2026-01-10T23:50:51.000;4.84;-34.63;0.42;21.27;20.34;33
2026-01-11T07:01:06.000;2026-01-11T00:01:06.000;4.79;-34.04;0.41;21.32;20.34;34
2026-01-11T07:11:24.000;2026-01-11T00:11:24.000;5.79;-35.22;0.4;21.33;20.34;35
2026-01-11T07:21:39.000;2026-01-11T00:21:39.000;5.54;-34.44;0.42;21.28;20.34;36
2026-01-11T07:31:52.000;2026-01-11T00:31:52.000;4.81;-34.84;0.46;21.18;20.34;37
2026-01-11T07:42:05.000;2026-01-11T00:42:05.000;4.69;-35.08;0.38;21.38;20.34;38
2026-01-11T07:52:21.000;2026-01-11T00:52:21.000;4.5;-34.37;0.31;21.62;20.34;39
2026-01-11T08:02:35.000;2026-01-11T01:02:35.000;4.93;-33.95;0.29;21.68;20.34;40
2026-01-11T08:12:48.000;2026-01-11T01:12:48.000;5.4;-33.4;0.35;21.49;20.34;41
2026-01-11T08:23:02.000;2026-01-11T01:23:02.000;5.18;-33.95;0.3;21.65;20.34;42
2026-01-11T08:33:16.000;2026-01-11T01:33:16.000;5.3;-33.71;0.38;21.39;20.34;43
2026-01-11T08:43:30.000;2026-01-11T01:43:30.000;5.22;-33.61;0.4;21.35;20.34;44
2026-01-11T08:53:44.000;2026-01-11T01:53:44.000;5.29;-33.61;0.41;21.32;20.34;45
2026-01-11T09:03:58.000;2026-01-11T02:03:58.000;5.21;-33.59;0.44;21.24;20.34;46
2026-01-11T09:14:11.000;2026-01-11T02:14:11.000;4.96;-32.71;0.45;21.2;20.34;47
2026-01-11T09:24:25.000;2026-01-11T02:24:25.000;4.64;-32.67;0.46;21.18;20.34;48
2026-01-11T09:34:39.000;2026-01-11T02:34:39.000;3.97;-33.61;0.5;21.09;20.34;49
2026-01-11T09:44:54.000;2026-01-11T02:44:54.000;3.43;-33.79;0.52;21.05;20.34;50
2026-01-11T09:55:07.000;2026-01-11T02:55:07.000;2.41;-33.67;0.62;20.85;20.34;51
2026-01-11T10:05:24.000;2026-01-11T03:05:24.000;2.57;-32.83;0.63;20.84;20.34;52
2026-01-11T10:25:57.000;2026-01-11T03:25:57.000;5.12;-34.93;0.86;20.51;20.34;53
2026-01-11T10:36:21.000;2026-01-11T03:36:21.000;4.3;-34.15;0.72;20.7;20.34;54
2026-01-11T10:46:33.000;2026-01-11T03:46:33.000;2.38;-33.43;0.72;20.7;20.34;55
2026-01-11T10:56:46.000;2026-01-11T03:56:46.000;1.83;-33.38;0.73;20.68;20.34;56
2026-01-11T11:07:00.000;2026-01-11T04:07:00.000;1.99;-33.25;0.74;20.66;20.34;57
2026-01-11T11:17:14.000;2026-01-11T04:17:14.000;2.42;-33.91;0.75;20.65;20.34;58
2026-01-11T11:27:28.000;2026-01-11T04:27:28.000;2.5;-31.28;0.75;20.65;20.34;59
2026-01-11T11:37:42.000;2026-01-11T04:37:42.000;3.75;-33.04;0.66;20.8;20.34;60
2026-01-11T11:47:56.000;2026-01-11T04:47:56.000;4.21;-31.89;0.8;20.58;20.34;61
2026-01-11T11:58:11.000;2026-01-11T04:58:11.000;4.24;-32.59;0.8;20.59;20.34;62
2026-01-11T12:08:24.000;2026-01-11T05:08:24.000;3.83;-32.19;0.81;20.57;20.34;63
2026-01-11T12:18:38.000;2026-01-11T05:18:38.000;3.7;-31.99;0.83;20.54;20.34;64
2026-01-11T12:28:52.000;2026-01-11T05:28:52.000;3.63;-32.26;0.88;20.48;20.34;65
2026-01-11T12:39:06.000;2026-01-11T05:39:06.000;3.42;-31.63;0.89;20.47;20.34;66
2026-01-11T12:49:20.000;2026-01-11T05:49:20.000;4.41;-31.98;0.91;20.45;20.34;67
2026-01-11T12:59:34.000;2026-01-11T05:59:34.000;3.74;-32.29;0.95;20.39;20.34;68
2026-01-11T13:09:48.000;2026-01-11T06:09:48.000;3.86;-31.57;0.99;20.35;20.34;69
2026-01-11T13:20:03.000;2026-01-11T06:20:03.000;4.21;-31.79;1.15;20.19;20.34;70
2026-01-11T13:30:18.000;2026-01-11T06:30:18.000;4.3;-31.74;2.63;19.29;20.34;71
2026-01-11T13:40:31.000;2026-01-11T06:40:31.000;4.47;-31.93;11.95;17.65;20.34;72
2026-01-11T13:50:48.000;2026-01-11T06:50:48.000;4.5;-31.46;94.56;15.4;20.34;73
2026-01-11T14:01:02.000;2026-01-11T07:01:02.000;4.24;-31.11;1113.46;12.72;20.34;74
2026-01-12T01:02:43.000;2026-01-11T18:02:43.000;8.11;-24.08;2408.99;11.89;20.34;1
2026-01-12T01:13:01.000;2026-01-11T18:13:01.000;9.1;-25.02;192.6;14.63;20.34;2
2026-01-12T01:28:33.000;2026-01-11T18:28:33.000;9.66;-25.95;18.75;17.16;20.34;3
2026-01-12T01:38:55.000;2026-01-11T18:38:55.000;9.39;-25.5;1.84;19.68;20.34;4
2026-01-12T01:49:08.000;2026-01-11T18:49:08.000;9.01;-25.56;0.5;21.1;20.34;5
2026-01-12T01:59:22.000;2026-01-11T18:59:22.000;8.87;-25.07;0.32;21.59;20.34;6
2026-01-12T02:09:36.000;2026-01-11T19:09:36.000;9.07;-26.23;0.3;21.64;20.34;7
2026-01-12T02:19:49.000;2026-01-11T19:19:49.000;8.86;-25.65;0.36;21.46;20.34;8
2026-01-12T02:30:03.000;2026-01-11T19:30:03.000;8.84;-26.47;0.29;21.67;20.34;9
2026-01-12T02:40:17.000;2026-01-11T19:40:17.000;9.06;-26.07;0.29;21.68;20.34;10
2026-01-12T02:50:31.000;2026-01-11T19:50:31.000;8.53;-26.04;0.29;21.69;20.34;11
2026-01-12T03:00:44.000;2026-01-11T20:00:44.000;8.42;-25.29;0.35;21.49;20.34;12
2026-01-12T03:10:59.000;2026-01-11T20:10:59.000;7.89;-26.05;0.29;21.68;20.34;13
2026-01-12T03:21:16.000;2026-01-11T20:21:16.000;8.43;-26.15;0.29;21.69;20.34;14
2026-01-12T03:31:31.000;2026-01-11T20:31:31.000;7.93;-26.46;0.29;21.7;20.34;15
2026-01-12T03:41:44.000;2026-01-11T20:41:44.000;7.0;-26.22;0.31;21.62;20.34;16
2026-01-12T03:51:58.000;2026-01-11T20:51:58.000;6.4;-25.84;0.36;21.46;20.34;17
2026-01-12T04:02:12.000;2026-01-11T21:02:12.000;6.22;-25.8;0.28;21.72;20.34;18
2026-01-12T04:12:26.000;2026-01-11T21:12:26.000;6.32;-25.69;0.28;21.72;20.34;19
2026-01-12T04:22:41.000;2026-01-11T21:22:41.000;6.62;-25.61;0.34;21.52;20.34;20
2026-01-12T04:38:15.000;2026-01-11T21:38:15.000;7.22;-26.65;0.51;21.07;20.34;21
2026-01-12T04:48:35.000;2026-01-11T21:48:35.000;7.23;-25.66;0.29;21.68;20.34;22
2026-01-12T04:58:47.000;2026-01-11T21:58:47.000;6.47;-25.73;0.35;21.47;20.34;23
2026-01-12T05:09:01.000;2026-01-11T22:09:01.000;6.07;-25.6;0.36;21.46;20.34;24
2026-01-12T05:19:15.000;2026-01-11T22:19:15.000;6.21;-25.29;0.36;21.45;20.34;25
2026-01-12T05:29:32.000;2026-01-11T22:29:32.000;6.21;-25.99;0.3;21.65;20.34;26
2026-01-12T05:39:50.000;2026-01-11T22:39:50.000;6.38;-25.81;0.36;21.46;20.34;27
2026-01-12T06:00:22.000;2026-01-11T23:00:22.000;7.83;-26.69;0.52;21.04;20.34;28
2026-01-12T06:10:45.000;2026-01-11T23:10:45.000;7.1;-26.07;0.29;21.68;20.34;29
2026-01-12T06:20:58.000;2026-01-11T23:20:58.000;6.24;-25.21;0.36;21.45;20.34;30
2026-01-12T06:31:12.000;2026-01-11T23:31:12.000;5.97;-25.71;0.36;21.45;20.34;31
2026-01-12T06:46:29.000;2026-01-11T23:46:29.000;6.76;-25.97;0.54;21.01;20.34;32
2026-01-12T06:56:52.000;2026-01-11T23:56:52.000;7.01;-25.9;0.31;21.63;20.34;33
2026-01-12T07:07:05.000;2026-01-12T00:07:05.000;6.37;-25.51;0.36;21.44;20.34;34
2026-01-12T07:17:19.000;2026-01-12T00:17:19.000;5.81;-25.4;0.3;21.65;20.34;35
2026-01-12T07:27:33.000;2026-01-12T00:27:33.000;6.0;-25.6;0.35;21.47;20.34;36
2026-01-12T07:37:47.000;2026-01-12T00:37:47.000;6.21;-25.09;0.34;21.5;20.34;37
2026-01-12T07:48:01.000;2026-01-12T00:48:01.000;6.19;-24.54;0.32;21.56;20.34;38
2026-01-12T07:58:16.000;2026-01-12T00:58:16.000;6.24;-24.71;0.3;21.64;20.34;39
2026-01-12T08:08:30.000;2026-01-12T01:08:30.000;6.35;-24.37;0.19;22.12;20.34;40
2026-01-12T08:18:44.000;2026-01-12T01:18:44.000;6.22;-24.75;0.24;21.89;20.34;41
2026-01-12T08:28:59.000;2026-01-12T01:28:59.000;6.71;-24.9;0.28;21.71;20.34;42
2026-01-12T08:39:13.000;2026-01-12T01:39:13.000;6.22;-24.8;0.28;21.72;20.34;43
2026-01-12T08:49:27.000;2026-01-12T01:49:27.000;5.93;-24.64;0.19;22.16;20.34;44
2026-01-12T08:59:41.000;2026-01-12T01:59:41.000;6.34;-24.59;0.19;22.15;20.34;45
2026-01-12T09:09:55.000;2026-01-12T02:09:55.000;6.14;-24.95;0.29;21.68;20.34;46
2026-01-12T09:20:09.000;2026-01-12T02:20:09.000;6.53;-22.78;0.25;21.83;20.34;47
2026-01-12T09:30:24.000;2026-01-12T02:30:24.000;6.83;-24.28;0.32;21.57;20.34;48
2026-01-12T09:40:38.000;2026-01-12T02:40:38.000;6.99;-23.8;0.28;21.73;20.34;49
2026-01-12T09:50:52.000;2026-01-12T02:50:52.000;7.5;-24.46;0.36;21.45;20.34;50
2026-01-12T10:01:06.000;2026-01-12T03:01:06.000;7.75;-24.29;0.37;21.42;20.34;51
2026-01-12T10:11:22.000;2026-01-12T03:11:22.000;6.92;-24.15;0.36;21.44;20.34;52
2026-01-12T10:21:35.000;2026-01-12T03:21:35.000;6.82;-24.26;0.31;21.61;20.34;53
2026-01-12T10:31:51.000;2026-01-12T03:31:51.000;6.65;-24.82;0.45;21.2;20.34;54
2026-01-12T10:42:04.000;2026-01-12T03:42:04.000;7.09;-24.35;0.41;21.31;20.34;55
2026-01-12T10:52:18.000;2026-01-12T03:52:18.000;7.6;-24.13;0.44;21.24;20.34;56
2026-01-12T11:02:33.000;2026-01-12T04:02:33.000;7.24;-24.54;0.47;21.17;20.34;57
2026-01-12T11:12:47.000;2026-01-12T04:12:47.000;7.1;-24.75;0.47;21.15;20.34;58
2026-01-12T11:23:02.000;2026-01-12T04:23:02.000;6.71;-23.42;0.53;21.02;20.34;59
2026-01-12T11:33:17.000;2026-01-12T04:33:17.000;6.61;-24.81;0.47;21.17;20.34;60
2026-01-12T11:43:32.000;2026-01-12T04:43:32.000;6.43;-24.18;0.55;20.99;20.34;61
2026-01-13T01:03:19.000;2026-01-12T18:03:19.000;5.97;-20.44;2469.16;11.86;20.34;1
2026-01-13T01:13:33.000;2026-01-12T18:13:33.000;7.63;-20.91;193.12;14.63;20.34;2
2026-01-13T01:23:48.000;2026-01-12T18:23:48.000;8.22;-20.97;24.14;16.88;20.34;3
2026-01-13T01:34:03.000;2026-01-12T18:34:03.000;7.99;-21.28;3.92;18.86;20.34;4
2026-01-13T01:44:21.000;2026-01-12T18:44:21.000;7.35;-21.27;0.81;20.57;20.34;5
2026-01-13T01:54:36.000;2026-01-12T18:54:36.000;7.9;-20.54;0.33;21.55;20.34;6
2026-01-13T02:04:50.000;2026-01-12T19:04:50.000;7.95;-20.71;0.35;21.48;20.34;7
2026-01-13T02:15:07.000;2026-01-12T19:15:07.000;8.34;-21.01;0.34;21.5;20.34;8
2026-01-13T02:25:21.000;2026-01-12T19:25:21.000;7.9;-21.71;0.29;21.69;20.34;9
2026-01-13T02:35:35.000;2026-01-12T19:35:35.000;7.75;-21.87;0.34;21.5;20.34;10
2026-01-13T02:45:50.000;2026-01-12T19:45:50.000;9.45;-20.07;0.29;21.7;20.34;11
2026-01-13T02:56:06.000;2026-01-12T19:56:06.000;9.45;-22.47;0.31;21.62;20.34;12
2026-01-13T03:06:20.000;2026-01-12T20:06:20.000;9.08;-22.54;0.29;21.69;20.34;13
2026-01-13T03:16:33.000;2026-01-12T20:16:33.000;8.25;-22.51;0.35;21.48;20.34;14
2026-01-13T03:26:47.000;2026-01-12T20:26:47.000;7.67;-22.4;0.37;21.43;20.34;15
2026-01-13T03:37:02.000;2026-01-12T20:37:02.000;7.46;-22.63;0.35;21.47;20.34;16
2026-01-13T03:47:16.000;2026-01-12T20:47:16.000;7.25;-22.37;0.37;21.41;20.34;17
2026-01-13T03:57:31.000;2026-01-12T20:57:31.000;7.87;-22.15;0.3;21.65;20.34;18
2026-01-13T04:07:47.000;2026-01-12T21:07:47.000;7.31;-22.27;0.3;21.66;20.34;19
2026-01-13T04:18:02.000;2026-01-12T21:18:02.000;7.48;-22.12;0.37;21.41;20.34;20
2026-01-13T04:28:18.000;2026-01-12T21:28:18.000;7.58;-21.57;0.3;21.64;20.34;21
2026-01-13T04:38:32.000;2026-01-12T21:38:32.000;7.4;-22.37;0.3;21.64;20.34;22
2026-01-13T04:48:46.000;2026-01-12T21:48:46.000;7.6;-22.35;0.37;21.43;20.34;23
2026-01-13T04:59:04.000;2026-01-12T21:59:04.000;7.49;-22.43;0.37;21.43;20.34;24
2026-01-13T05:09:19.000;2026-01-12T22:09:19.000;7.31;-22.33;0.38;21.38;20.34;25
2026-01-13T05:19:33.000;2026-01-12T22:19:33.000;7.37;-22.56;0.39;21.38;20.34;26
2026-01-13T05:29:47.000;2026-01-12T22:29:47.000;6.82;-23.09;0.38;21.39;20.34;27
2026-01-13T05:40:01.000;2026-01-12T22:40:01.000;5.66;-23.36;0.3;21.64;20.34;28
2026-01-13T05:50:15.000;2026-01-12T22:50:15.000;4.58;-22.95;0.36;21.45;20.34;29
2026-01-13T06:00:29.000;2026-01-12T23:00:29.000;3.74;-22.88;0.3;21.66;20.34;30
2026-01-13T06:10:42.000;2026-01-12T23:10:42.000;3.49;-22.67;0.42;21.29;20.34;31
2026-01-13T06:20:56.000;2026-01-12T23:20:56.000;3.25;-21.33;0.36;21.43;20.34;32
2026-01-13T06:31:11.000;2026-01-12T23:31:11.000;5.5;-20.42;0.36;21.43;20.34;33
2026-01-13T06:41:26.000;2026-01-12T23:41:26.000;6.03;-20.38;0.44;21.22;20.34;34
2026-01-13T06:51:42.000;2026-01-12T23:51:42.000;7.7;-20.4;0.43;21.25;20.34;35
2026-01-13T07:01:57.000;2026-01-13T00:01:57.000;8.78;-21.14;0.37;21.43;20.34;36
2026-01-13T07:12:13.000;2026-01-13T00:12:13.000;9.29;-20.82;0.36;21.45;20.34;37
2026-01-13T07:22:28.000;2026-01-13T00:22:28.000;9.11;-20.93;0.35;21.48;20.34;38
2026-01-13T07:32:43.000;2026-01-13T00:32:43.000;8.97;-21.18;0.34;21.51;20.34;39
2026-01-13T07:42:58.000;2026-01-13T00:42:58.000;9.03;-21.63;0.34;21.52;20.34;40
2026-01-13T07:53:14.000;2026-01-13T00:53:14.000;8.76;-21.26;0.21;22.03;20.34;41
2026-01-13T08:03:28.000;2026-01-13T01:03:28.000;9.11;-20.99;0.3;21.65;20.34;42
2026-01-13T08:13:43.000;2026-01-13T01:13:43.000;9.21;-20.74;0.24;21.87;20.34;43
2026-01-13T08:23:57.000;2026-01-13T01:23:57.000;9.2;-20.81;0.3;21.64;20.34;44
2026-01-13T08:34:11.000;2026-01-13T01:34:11.000;9.5;-21.04;0.29;21.7;20.34;45
2026-01-13T08:44:26.000;2026-01-13T01:44:26.000;9.62;-20.62;0.25;21.84;20.34;46
2026-01-13T08:54:41.000;2026-01-13T01:54:41.000;9.33;-20.87;0.18;22.19;20.34;47
2026-01-13T09:04:59.000;2026-01-13T02:04:59.000;9.21;-21.84;0.18;22.21;20.34;48
2026-01-13T09:15:14.000;2026-01-13T02:15:14.000;9.51;-22.09;0.18;22.21;20.34;49
2026-01-13T09:25:28.000;2026-01-13T02:25:28.000;9.16;-21.74;0.22;21.97;20.34;50
2026-01-13T09:35:42.000;2026-01-13T02:35:42.000;9.24;-22.53;0.17;22.23;20.34;51
2026-01-13T09:45:56.000;2026-01-13T02:45:56.000;8.79;-22.96;0.22;22.0;20.34;52
2026-01-13T09:56:09.000;2026-01-13T02:56:09.000;8.81;-22.37;0.22;22.0;20.34;53
2026-01-13T10:06:25.000;2026-01-13T03:06:25.000;8.75;-21.86;0.18;22.22;20.34;54
2026-01-13T10:16:40.000;2026-01-13T03:16:40.000;8.49;-23.05;0.18;22.2;20.34;55
2026-01-13T10:26:54.000;2026-01-13T03:26:54.000;8.68;-22.41;0.23;21.94;20.34;56
2026-01-13T10:37:08.000;2026-01-13T03:37:08.000;7.93;-22.65;0.28;21.72;20.34;57
2026-01-13T10:47:22.000;2026-01-13T03:47:22.000;8.4;-22.03;0.21;22.03;20.34;58
2026-01-13T10:57:36.000;2026-01-13T03:57:36.000;8.05;-22.65;0.24;21.9;20.34;59
2026-01-13T11:07:50.000;2026-01-13T04:07:50.000;7.76;-22.96;0.22;22.0;20.34;60
2026-01-13T11:18:06.000;2026-01-13T04:18:06.000;8.26;-22.07;0.25;21.85;20.34;61
2026-01-13T11:28:20.000;2026-01-13T04:28:20.000;8.29;-23.16;0.31;21.62;20.34;62
2026-01-13T11:38:34.000;2026-01-13T04:38:34.000;8.18;-22.85;0.31;21.6;20.34;63
2026-01-13T11:48:48.000;2026-01-13T04:48:48.000;8.22;-22.71;0.33;21.55;20.34;64
2026-01-13T11:59:02.000;2026-01-13T04:59:02.000;8.22;-22.31;0.3;21.66;20.34;65
2026-01-13T12:09:18.000;2026-01-13T05:09:18.000;8.62;-22.1;0.33;21.53;20.34;66
2026-01-13T12:24:36.000;2026-01-13T05:24:36.000;9.33;-23.24;0.51;21.08;20.34;67
2026-01-13T12:34:56.000;2026-01-13T05:34:56.000;8.88;-23.01;0.29;21.68;20.34;68
2026-01-13T12:45:09.000;2026-01-13T05:45:09.000;8.01;-22.39;0.29;21.67;20.34;69
2026-01-13T12:55:24.000;2026-01-13T05:55:24.000;7.33;-21.81;0.36;21.46;20.34;70
2026-01-13T13:05:38.000;2026-01-13T06:05:38.000;7.28;-21.9;0.38;21.4;20.34;71
2026-01-13T13:15:52.000;2026-01-13T06:15:52.000;7.48;-21.74;0.46;21.18;20.34;72
2026-01-13T13:26:09.000;2026-01-13T06:26:09.000;7.49;-22.14;1.4;19.98;20.34;73
2026-01-13T13:36:23.000;2026-01-13T06:36:23.000;5.19;-22.77;7.22;18.19;20.34;74
2026-01-13T13:46:36.000;2026-01-13T06:46:36.000;4.01;-23.68;55.9;15.97;20.34;75
2026-01-13T13:56:50.000;2026-01-13T06:56:50.000;3.54;-23.26;539.23;13.51;20.34;76
2026-01-14T01:04:24.000;2026-01-13T18:04:24.000;8.51;-19.07;2397.65;11.89;20.34;1
2026-01-14T01:14:39.000;2026-01-13T18:14:39.000;9.29;-19.47;198.09;14.6;20.34;2
2026-01-14T01:35:11.000;2026-01-13T18:35:11.000;10.99;-20.86;13.41;17.52;20.34;3
2026-01-14T01:45:34.000;2026-01-13T18:45:34.000;11.53;-20.7;0.86;20.51;20.34;4
2026-01-14T01:55:50.000;2026-01-13T18:55:50.000;10.68;-20.7;0.39;21.36;20.34;5
2026-01-14T02:06:04.000;2026-01-13T19:06:04.000;10.25;-21.43;0.31;21.62;20.34;6
2026-01-14T02:16:19.000;2026-01-13T19:16:19.000;9.15;-21.19;0.28;21.72;20.34;7
2026-01-14T02:26:34.000;2026-01-13T19:26:34.000;8.53;-21.45;0.28;21.72;20.34;8
2026-01-14T02:36:53.000;2026-01-13T19:36:53.000;8.01;-21.81;0.28;21.73;20.34;9
2026-01-14T02:47:08.000;2026-01-13T19:47:08.000;7.53;-21.82;0.3;21.64;20.34;10
2026-01-14T02:57:24.000;2026-01-13T19:57:24.000;7.15;-21.95;0.28;21.72;20.34;11
2026-01-14T03:07:39.000;2026-01-13T20:07:39.000;6.87;-21.29;0.34;21.52;20.34;12
2026-01-14T03:17:55.000;2026-01-13T20:17:55.000;6.9;-21.63;0.28;21.72;20.34;13
2026-01-14T03:28:09.000;2026-01-13T20:28:09.000;6.7;-21.89;0.28;21.73;20.34;14
2026-01-14T03:38:27.000;2026-01-13T20:38:27.000;6.63;-21.66;0.28;21.73;20.34;15
2026-01-14T03:48:41.000;2026-01-13T20:48:41.000;6.3;-21.66;0.28;21.72;20.34;16
2026-01-14T03:58:56.000;2026-01-13T20:58:56.000;6.44;-21.76;0.28;21.72;20.34;17
2026-01-14T04:09:11.000;2026-01-13T21:09:11.000;6.57;-21.81;0.33;21.53;20.34;18
2026-01-14T04:19:27.000;2026-01-13T21:19:27.000;6.31;-22.62;0.28;21.72;20.34;19
2026-01-14T04:29:42.000;2026-01-13T21:29:42.000;6.36;-22.95;0.29;21.7;20.34;20
2026-01-14T04:39:57.000;2026-01-13T21:39:57.000;6.43;-22.84;0.35;21.49;20.34;21
2026-01-14T04:50:11.000;2026-01-13T21:50:11.000;6.21;-23.28;0.29;21.67;20.34;22
2026-01-14T05:00:25.000;2026-01-13T22:00:25.000;5.99;-23.25;0.36;21.46;20.34;23
2026-01-14T05:10:38.000;2026-01-13T22:10:38.000;6.09;-22.97;0.3;21.65;20.34;24
2026-01-14T05:20:53.000;2026-01-13T22:20:53.000;5.98;-22.91;0.36;21.44;20.34;25
2026-01-14T05:31:07.000;2026-01-13T22:31:07.000;5.81;-23.04;0.36;21.44;20.34;26
2026-01-14T05:41:22.000;2026-01-13T22:41:22.000;5.72;-22.9;0.38;21.39;20.34;27
2026-01-14T05:51:36.000;2026-01-13T22:51:36.000;5.66;-23.32;0.36;21.43;20.34;28
2026-01-14T06:01:56.000;2026-01-13T23:01:56.000;5.57;-23.09;0.38;21.38;20.34;29
2026-01-14T06:12:10.000;2026-01-13T23:12:10.000;5.5;-23.31;0.31;21.61;20.34;30
2026-01-14T06:22:24.000;2026-01-13T23:22:24.000;5.48;-23.13;0.38;21.4;20.34;31
2026-01-14T06:32:38.000;2026-01-13T23:32:38.000;5.56;-22.72;0.38;21.4;20.34;32
2026-01-14T06:42:52.000;2026-01-13T23:42:52.000;5.33;-23.03;0.37;21.41;20.34;33
2026-01-14T06:53:06.000;2026-01-13T23:53:06.000;5.31;-22.72;0.34;21.53;20.34;34
2026-01-14T07:08:46.000;2026-01-14T00:08:46.000;6.16;-23.35;0.54;21.0;20.34;35
2026-01-14T07:19:07.000;2026-01-14T00:19:07.000;5.68;-23.53;0.36;21.46;20.34;36
2026-01-14T07:29:21.000;2026-01-14T00:29:21.000;3.95;-23.34;0.4;21.32;20.34;37
2026-01-14T07:39:35.000;2026-01-14T00:39:35.000;3.25;-23.35;0.27;21.74;20.34;38
2026-01-14T07:49:50.000;2026-01-14T00:49:50.000;3.43;-23.69;0.26;21.82;20.34;39
2026-01-14T08:00:03.000;2026-01-14T01:00:03.000;3.46;-23.46;0.3;21.66;20.34;40
2026-01-14T08:10:17.000;2026-01-14T01:10:17.000;3.2;-23.13;0.24;21.89;20.34;41
2026-01-15T01:05:18.000;2026-01-14T18:05:18.000;9.26;-18.07;2431.33;11.88;20.34;1
2026-01-15T01:15:35.000;2026-01-14T18:15:35.000;11.31;-18.07;199.29;14.59;20.34;2
2026-01-15T01:25:50.000;2026-01-14T18:25:50.000;11.43;-18.41;26.57;16.78;20.34;3
2026-01-15T01:46:25.000;2026-01-14T18:46:25.000;11.27;-17.95;0.84;20.53;20.34;5
2026-01-15T01:56:38.000;2026-01-14T18:56:38.000;11.56;-18.42;0.42;21.28;20.34;6
2026-01-15T02:06:53.000;2026-01-14T19:06:53.000;10.98;-18.98;0.29;21.67;20.34;7
2026-01-15T02:17:07.000;2026-01-14T19:17:07.000;10.33;-18.73;0.36;21.44;20.34;8
2026-01-15T02:27:25.000;2026-01-14T19:27:25.000;10.51;-18.75;0.36;21.44;20.34;9
2026-01-15T02:37:41.000;2026-01-14T19:37:41.000;10.99;-18.21;0.36;21.44;20.34;10
2026-01-15T02:47:56.000;2026-01-14T19:47:56.000;11.75;-18.55;0.29;21.7;20.34;11
2026-01-15T02:58:12.000;2026-01-14T19:58:12.000;10.99;-19.29;0.31;21.62;20.34;12
2026-01-15T03:08:25.000;2026-01-14T20:08:25.000;9.96;-19.39;0.34;21.51;20.34;13
2026-01-15T03:18:40.000;2026-01-14T20:18:40.000;9.66;-18.61;0.34;21.51;20.34;14
2026-01-15T03:28:54.000;2026-01-14T20:28:54.000;11.24;-18.89;0.35;21.49;20.34;15
2026-01-15T03:39:09.000;2026-01-14T20:39:09.000;10.59;-19.42;0.36;21.44;20.34;16
2026-01-15T03:49:22.000;2026-01-14T20:49:22.000;10.75;-19.64;0.29;21.67;20.34;17
2026-01-15T04:09:53.000;2026-01-14T21:09:53.000;10.45;-19.4;0.38;21.39;20.34;19
2026-01-15T04:25:26.000;2026-01-14T21:25:26.000;10.38;-20.23;0.54;21.0;20.34;20
2026-01-15T04:35:47.000;2026-01-14T21:35:47.000;10.86;-20.24;0.31;21.61;20.34;21
2026-01-15T04:46:04.000;2026-01-14T21:46:04.000;11.23;-20.16;0.4;21.34;20.34;22
2026-01-15T05:01:37.000;2026-01-14T22:01:37.000;11.26;-20.41;0.57;20.94;20.34;23
2026-01-15T05:11:59.000;2026-01-14T22:11:59.000;12.24;-20.27;0.41;21.3;20.34;24
2026-01-15T05:22:13.000;2026-01-14T22:22:13.000;11.69;-20.5;0.41;21.3;20.34;25
2026-01-15T05:32:30.000;2026-01-14T22:32:30.000;10.64;-21.6;0.41;21.3;20.34;26
2026-01-15T05:42:46.000;2026-01-14T22:42:46.000;10.18;-20.1;0.39;21.36;20.34;27
2026-01-15T05:53:02.000;2026-01-14T22:53:02.000;10.28;-20.17;0.42;21.29;20.34;28
2026-01-15T06:13:32.000;2026-01-14T23:13:32.000;10.61;-21.01;0.43;21.26;20.34;30
2026-01-15T06:23:46.000;2026-01-14T23:23:46.000;10.65;-21.02;0.49;21.12;20.34;31
2026-01-15T06:34:03.000;2026-01-14T23:34:03.000;11.19;-21.35;0.41;21.31;20.34;32
2026-01-15T06:44:19.000;2026-01-14T23:44:19.000;11.15;-20.85;0.37;21.42;20.34;33
2026-01-15T06:59:38.000;2026-01-14T23:59:38.000;12.36;-21.48;0.6;20.89;20.34;34
2026-01-15T07:10:00.000;2026-01-15T00:10:00.000;12.28;-21.47;0.33;21.53;20.34;35
2026-01-15T07:20:18.000;2026-01-15T00:20:18.000;11.57;-21.61;0.39;21.37;20.34;36
2026-01-15T07:30:31.000;2026-01-15T00:30:31.000;10.96;-21.67;0.38;21.4;20.34;37
2026-01-15T07:40:45.000;2026-01-15T00:40:45.000;11.28;-21.06;0.3;21.66;20.34;38
2026-01-15T07:50:58.000;2026-01-15T00:50:58.000;10.81;-22.13;0.35;21.49;20.34;39
2026-01-15T08:01:12.000;2026-01-15T01:01:12.000;10.26;-22.23;0.32;21.59;20.34;40
2026-01-15T08:11:26.000;2026-01-15T01:11:26.000;10.41;-22.17;0.32;21.56;20.34;41
2026-01-15T08:21:40.000;2026-01-15T01:21:40.000;10.47;-21.55;0.2;22.07;20.34;42
2026-01-15T08:31:56.000;2026-01-15T01:31:56.000;11.09;-21.41;0.2;22.07;20.34;43
2026-01-15T08:42:10.000;2026-01-15T01:42:10.000;11.02;-21.83;0.27;21.75;20.34;44
2026-01-15T08:52:24.000;2026-01-15T01:52:24.000;11.14;-20.85;0.2;22.1;20.34;45
2026-01-15T09:02:38.000;2026-01-15T02:02:38.000;9.85;-21.68;0.25;21.87;20.34;46
2026-01-15T09:12:51.000;2026-01-15T02:12:51.000;7.79;-22.89;0.26;21.78;20.34;47
2026-01-15T09:23:04.000;2026-01-15T02:23:04.000;7.12;-22.74;0.19;22.12;20.34;48
2026-01-15T09:33:18.000;2026-01-15T02:33:18.000;6.83;-21.74;0.24;21.89;20.34;49
2026-01-15T09:43:33.000;2026-01-15T02:43:33.000;7.13;-21.85;0.28;21.71;20.34;50
2026-01-15T09:58:51.000;2026-01-15T02:58:51.000;8.88;-21.9;0.41;21.31;20.34;51
2026-01-15T10:19:26.000;2026-01-15T03:19:26.000;9.86;-22.33;0.23;21.93;20.34;53
2026-01-15T10:29:40.000;2026-01-15T03:29:40.000;10.15;-21.62;0.23;21.93;20.34;54
2026-01-15T10:39:53.000;2026-01-15T03:39:53.000;10.43;-21.82;0.23;21.92;20.34;55
2026-01-15T10:50:07.000;2026-01-15T03:50:07.000;10.51;-22.5;0.25;21.83;20.34;56
2026-01-15T11:00:21.000;2026-01-15T04:00:21.000;10.16;-22.28;0.24;21.91;20.34;57
2026-01-15T11:10:36.000;2026-01-15T04:10:36.000;10.27;-22.08;0.23;21.91;20.34;58
2026-01-15T11:20:53.000;2026-01-15T04:20:53.000;10.68;-21.91;0.19;22.16;20.34;59
2026-01-15T11:31:07.000;2026-01-15T04:31:07.000;11.2;-22.78;0.25;21.83;20.34;60
2026-01-15T11:46:39.000;2026-01-15T04:46:39.000;11.43;-23.49;0.41;21.3;20.34;61
2026-01-15T11:56:59.000;2026-01-15T04:56:59.000;10.88;-22.43;0.21;22.04;20.34;62
2026-01-15T12:07:12.000;2026-01-15T05:07:12.000;10.55;-22.97;0.18;22.18;20.34;63
2026-01-15T12:17:26.000;2026-01-15T05:17:26.000;10.34;-22.71;0.28;21.73;20.34;64
2026-01-15T12:27:40.000;2026-01-15T05:27:40.000;9.7;-23.03;0.28;21.72;20.34;65
2026-01-15T12:37:53.000;2026-01-15T05:37:53.000;9.36;-22.86;0.19;22.16;20.34;66
2026-01-15T12:48:09.000;2026-01-15T05:48:09.000;10.11;-21.67;0.21;22.02;20.34;67
2026-01-15T12:58:24.000;2026-01-15T05:58:24.000;10.87;-22.69;0.29;21.69;20.34;68
2026-01-15T13:08:40.000;2026-01-15T06:08:40.000;10.81;-22.53;0.27;21.78;20.34;69
2026-01-17T01:16:11.000;2026-01-16T18:16:11.000;8.56;-21.08;205.73;14.56;20.34;2
2026-01-17T01:26:25.000;2026-01-16T18:26:25.000;8.65;-21.32;24.98;16.85;20.34;3
2026-01-17T01:36:42.000;2026-01-16T18:36:42.000;8.55;-21.29;4.09;18.81;20.34;4
2026-01-17T01:46:58.000;2026-01-16T18:46:58.000;8.48;-21.47;0.89;20.47;20.34;5
2026-01-17T02:02:31.000;2026-01-16T19:02:31.000;8.93;-22.14;0.65;20.81;20.34;6
2026-01-17T02:12:52.000;2026-01-16T19:12:52.000;9.02;-21.8;0.46;21.18;20.34;7
2026-01-17T02:23:06.000;2026-01-16T19:23:06.000;8.31;-21.87;0.47;21.17;20.34;8
2026-01-17T02:33:20.000;2026-01-16T19:33:20.000;8.12;-21.35;0.47;21.15;20.34;9
2026-01-17T02:43:34.000;2026-01-16T19:43:34.000;7.57;-21.45;0.49;21.12;20.34;10
2026-01-17T02:53:47.000;2026-01-16T19:53:47.000;7.74;-22.21;0.41;21.31;20.34;11
2026-01-17T03:04:01.000;2026-01-16T20:04:01.000;7.47;-22.0;0.34;21.52;20.34;12
2026-01-17T03:14:17.000;2026-01-16T20:14:17.000;7.13;-22.3;0.4;21.33;20.34;13
2026-01-17T03:24:33.000;2026-01-16T20:24:33.000;6.92;-22.18;0.47;21.16;20.34;14
2026-01-17T03:34:47.000;2026-01-16T20:34:47.000;6.0;-22.23;0.39;21.36;20.34;15
2026-01-17T03:45:01.000;2026-01-16T20:45:01.000;6.97;-21.5;0.32;21.56;20.34;16
2026-01-17T03:55:20.000;2026-01-16T20:55:20.000;6.58;-22.33;0.46;21.18;20.34;17
2026-01-17T04:05:34.000;2026-01-16T21:05:34.000;6.43;-22.34;0.33;21.53;20.34;18
2026-01-17T04:15:48.000;2026-01-16T21:15:48.000;6.47;-21.94;0.42;21.27;20.34;19
2026-01-17T04:26:03.000;2026-01-16T21:26:03.000;6.5;-22.0;0.49;21.12;20.34;20
2026-01-17T04:46:38.000;2026-01-16T21:46:38.000;6.08;-20.98;0.43;21.26;20.34;22
2026-01-17T04:56:54.000;2026-01-16T21:56:54.000;6.42;-22.58;0.51;21.08;20.34;23
2026-01-17T05:07:16.000;2026-01-16T22:07:16.000;6.32;-22.69;0.52;21.05;20.34;24
2026-01-17T05:32:54.000;2026-01-16T22:32:54.000;6.97;-23.56;0.68;20.76;20.34;26
2026-01-17T05:43:14.000;2026-01-16T22:43:14.000;6.82;-23.45;0.46;21.17;20.34;27
2026-01-17T05:58:45.000;2026-01-16T22:58:45.000;6.83;-23.81;0.7;20.72;20.34;28
2026-01-17T06:09:05.000;2026-01-16T23:09:05.000;6.81;-23.65;0.47;21.15;20.34;29
2026-01-17T06:19:18.000;2026-01-16T23:19:18.000;5.61;-22.91;0.56;20.97;20.34;30
2026-01-17T06:29:31.000;2026-01-16T23:29:31.000;5.24;-23.44;0.56;20.96;20.34;31
2026-01-17T06:39:46.000;2026-01-16T23:39:46.000;4.3;-23.52;0.56;20.98;20.34;32
2026-01-17T06:50:00.000;2026-01-16T23:50:00.000;4.28;-23.24;0.55;20.99;20.34;33
2026-01-17T07:00:16.000;2026-01-17T00:00:16.000;4.06;-23.74;0.46;21.19;20.34;34
2026-01-17T07:10:33.000;2026-01-17T00:10:33.000;4.09;-23.08;0.37;21.43;20.34;35
2026-01-17T07:20:54.000;2026-01-17T00:20:54.000;4.95;-23.06;0.42;21.29;20.34;36
2026-01-17T07:31:11.000;2026-01-17T00:31:11.000;5.14;-23.71;0.45;21.2;20.34;37
2026-01-17T07:41:28.000;2026-01-17T00:41:28.000;3.95;-24.43;0.3;21.64;20.34;38
2026-01-17T07:51:43.000;2026-01-17T00:51:43.000;2.97;-24.39;0.35;21.48;20.34;39
2026-01-17T08:01:57.000;2026-01-17T01:01:57.000;2.59;-24.43;0.29;21.7;20.34;40
2026-01-17T08:12:11.000;2026-01-17T01:12:11.000;2.36;-23.93;0.27;21.74;20.34;41
2026-01-17T08:22:25.000;2026-01-17T01:22:25.000;2.77;-22.81;0.27;21.75;20.34;42
2026-01-17T08:32:40.000;2026-01-17T01:32:40.000;3.54;-22.29;0.27;21.77;20.34;43
2026-01-17T08:42:56.000;2026-01-17T01:42:56.000;3.84;-22.93;0.26;21.79;20.34;44
2026-01-17T08:53:10.000;2026-01-17T01:53:10.000;4.29;-23.11;0.31;21.61;20.34;45
2026-01-17T09:03:24.000;2026-01-17T02:03:24.000;4.75;-23.62;0.31;21.62;20.34;46
2026-01-17T09:13:37.000;2026-01-17T02:13:37.000;4.32;-23.96;0.25;21.84;20.34;47
2026-01-17T09:23:51.000;2026-01-17T02:23:51.000;3.99;-24.38;0.25;21.87;20.34;48
2026-01-17T09:34:05.000;2026-01-17T02:34:05.000;3.98;-24.16;0.19;22.12;20.34;49
2026-01-18T01:07:43.000;2026-01-17T18:07:43.000;8.19;-21.1;2478.9;11.85;20.34;1
2026-01-18T01:17:57.000;2026-01-17T18:17:57.000;8.97;-21.41;168.41;14.77;20.34;2
2026-01-18T01:28:12.000;2026-01-17T18:28:12.000;8.99;-21.46;20.5;17.06;20.34;3
2026-01-18T01:38:27.000;2026-01-17T18:38:27.000;8.83;-21.48;3.37;19.02;20.34;4
2026-01-18T01:48:40.000;2026-01-17T18:48:40.000;8.61;-21.91;0.79;20.59;20.34;5
2026-01-18T01:58:54.000;2026-01-17T18:58:54.000;8.02;-21.76;0.44;21.24;20.34;6
2026-01-18T02:09:11.000;2026-01-17T19:09:11.000;8.3;-21.01;0.38;21.38;20.34;7
2026-01-18T02:24:29.000;2026-01-17T19:24:29.000;9.14;-21.97;0.57;20.96;20.34;8
2026-01-18T02:34:49.000;2026-01-17T19:34:49.000;8.98;-21.93;0.4;21.34;20.34;9
2026-01-18T02:45:02.000;2026-01-17T19:45:02.000;8.09;-21.74;0.38;21.39;20.34;10
2026-01-18T02:55:18.000;2026-01-17T19:55:18.000;7.61;-21.93;0.32;21.59;20.34;11
2026-01-18T03:05:34.000;2026-01-17T20:05:34.000;7.55;-21.94;0.38;21.39;20.34;12
2026-01-18T03:15:49.000;2026-01-17T20:15:49.000;7.36;-21.95;0.4;21.34;20.34;13
2026-01-18T03:26:07.000;2026-01-17T20:26:07.000;7.51;-21.8;0.46;21.19;20.34;14
2026-01-18T03:36:24.000;2026-01-17T20:36:24.000;7.61;-21.8;0.38;21.39;20.34;15
2026-01-18T03:46:40.000;2026-01-17T20:46:40.000;7.35;-21.83;0.31;21.6;20.34;16
2026-01-18T03:56:54.000;2026-01-17T20:56:54.000;7.51;-21.94;0.31;21.6;20.34;17
2026-01-18T04:07:09.000;2026-01-17T21:07:09.000;7.29;-21.79;0.44;21.23;20.34;18
2026-01-18T04:17:26.000;2026-01-17T21:17:26.000;7.3;-22.15;0.38;21.38;20.34;19
2026-01-18T04:27:39.000;2026-01-17T21:27:39.000;7.12;-21.91;0.38;21.38;20.34;20
2026-01-18T04:37:53.000;2026-01-17T21:37:53.000;6.94;-21.62;0.39;21.37;20.34;21
2026-01-18T04:53:25.000;2026-01-17T21:53:25.000;7.41;-22.62;0.57;20.94;20.34;22
2026-01-18T05:03:45.000;2026-01-17T22:03:45.000;7.8;-22.2;0.39;21.36;20.34;23
2026-01-18T05:13:59.000;2026-01-17T22:13:59.000;7.07;-21.8;0.32;21.56;20.34;24
2026-01-18T05:24:13.000;2026-01-17T22:24:13.000;6.97;-21.98;0.39;21.37;20.34;25
2026-01-18T05:44:42.000;2026-01-17T22:44:42.000;6.61;-21.96;0.42;21.29;20.34;27
2026-01-18T05:54:56.000;2026-01-17T22:54:56.000;6.42;-21.92;0.4;21.32;20.34;28
2026-01-18T06:05:10.000;2026-01-17T23:05:10.000;6.6;-22.02;0.47;21.16;20.34;29
2026-01-18T06:15:23.000;2026-01-17T23:15:23.000;5.89;-22.28;0.43;21.26;20.34;30
2026-01-18T06:25:39.000;2026-01-17T23:25:39.000;5.39;-22.51;0.41;21.31;20.34;31
2026-01-18T06:35:54.000;2026-01-17T23:35:54.000;5.02;-22.15;0.36;21.44;20.34;32
2026-01-18T06:46:08.000;2026-01-17T23:46:08.000;5.44;-22.03;0.33;21.55;20.34;33
2026-01-18T06:56:23.000;2026-01-17T23:56:23.000;4.33;-22.61;0.41;21.31;20.34;34
2026-01-18T07:06:37.000;2026-01-18T00:06:37.000;3.75;-22.48;0.4;21.33;20.34;35
2026-01-18T07:16:51.000;2026-01-18T00:16:51.000;3.61;-22.55;0.31;21.61;20.34;36
2026-01-18T07:27:05.000;2026-01-18T00:27:05.000;3.67;-22.43;0.37;21.42;20.34;37
2026-01-18T07:37:19.000;2026-01-18T00:37:19.000;3.66;-22.19;0.28;21.72;20.34;38
2026-01-18T07:52:51.000;2026-01-18T00:52:51.000;4.76;-22.74;0.49;21.12;20.34;39
2026-01-18T08:03:12.000;2026-01-18T01:03:12.000;5.07;-22.72;0.27;21.75;20.34;40
2026-01-18T08:13:25.000;2026-01-18T01:13:25.000;4.05;-22.46;0.27;21.77;20.34;41
2026-01-18T08:23:39.000;2026-01-18T01:23:39.000;3.99;-22.27;0.26;21.8;20.34;42
2026-01-18T08:33:53.000;2026-01-18T01:33:53.000;3.58;-22.92;0.28;21.73;20.34;43
2026-01-18T08:44:07.000;2026-01-18T01:44:07.000;3.14;-23.05;0.32;21.58;20.34;44
2026-01-18T08:54:21.000;2026-01-18T01:54:21.000;3.57;-22.42;0.23;21.95;20.34;45
2026-01-18T09:04:35.000;2026-01-18T02:04:35.000;4.18;-23.2;0.3;21.65;20.34;46
2026-01-18T09:14:50.000;2026-01-18T02:14:50.000;4.17;-23.26;0.25;21.84;20.34;47
2026-01-18T09:25:08.000;2026-01-18T02:25:08.000;4.39;-23.06;0.3;21.65;20.34;48
2026-01-18T09:35:22.000;2026-01-18T02:35:22.000;3.97;-23.04;0.3;21.66;20.34;49
2026-01-18T09:45:37.000;2026-01-18T02:45:37.000;3.63;-23.42;0.31;21.6;20.34;50
2026-01-18T09:55:50.000;2026-01-18T02:55:50.000;3.68;-23.19;0.2;22.1;20.34;51
2026-01-18T10:06:05.000;2026-01-18T03:06:05.000;3.8;-23.29;0.25;21.86;20.34;52
2026-01-18T10:16:19.000;2026-01-18T03:16:19.000;2.93;-23.41;0.31;21.61;20.34;53
2026-01-18T10:26:33.000;2026-01-18T03:26:33.000;3.35;-22.98;0.31;21.61;20.34;54
2026-01-18T10:36:49.000;2026-01-18T03:36:49.000;3.97;-23.12;0.31;21.62;20.34;55
2026-01-18T10:47:04.000;2026-01-18T03:47:04.000;4.03;-23.21;0.29;21.69;20.34;56
2026-01-18T10:57:19.000;2026-01-18T03:57:19.000;3.79;-23.04;0.19;22.16;20.34;57
2026-01-18T11:07:34.000;2026-01-18T04:07:34.000;3.64;-22.76;0.2;22.06;20.34;58
2026-01-18T11:17:48.000;2026-01-18T04:17:48.000;3.84;-23.23;0.2;22.09;20.34;59
2026-01-18T11:28:02.000;2026-01-18T04:28:02.000;3.87;-23.45;0.18;22.22;20.34;60
2026-01-18T11:38:16.000;2026-01-18T04:38:16.000;3.83;-23.3;0.2;22.08;20.34;61
2026-01-18T11:48:30.000;2026-01-18T04:48:30.000;3.56;-23.5;0.28;21.71;20.34;62
2026-01-18T11:58:44.000;2026-01-18T04:58:44.000;3.41;-23.22;0.27;21.74;20.34;63
2026-01-18T12:08:59.000;2026-01-18T05:08:59.000;3.15;-23.23;0.28;21.73;20.34;64
2026-01-18T12:19:13.000;2026-01-18T05:19:13.000;3.37;-23.45;0.28;21.72;20.34;65
2026-01-18T12:29:27.000;2026-01-18T05:29:27.000;2.88;-23.75;0.21;22.02;20.34;66
2026-01-18T12:39:40.000;2026-01-18T05:39:40.000;2.63;-23.31;0.24;21.91;20.34;67
2026-01-18T12:49:54.000;2026-01-18T05:49:54.000;2.49;-23.21;0.19;22.16;20.34;68
2026-01-18T13:00:10.000;2026-01-18T06:00:10.000;2.75;-23.28;0.28;21.71;20.34;69
2026-01-18T13:10:25.000;2026-01-18T06:10:25.000;3.63;-22.52;0.34;21.51;20.34;70
2026-01-18T13:20:41.000;2026-01-18T06:20:41.000;5.57;-22.67;0.75;20.65;20.34;71
2026-01-18T13:30:57.000;2026-01-18T06:30:57.000;5.28;-22.09;4.83;18.63;20.34;72
2026-01-18T13:41:12.000;2026-01-18T06:41:12.000;8.11;-21.43;33.12;16.54;20.34;73
2026-01-18T13:51:27.000;2026-01-18T06:51:27.000;9.67;-22.28;212.37;14.52;20.34;74
2026-01-18T14:01:42.000;2026-01-18T07:01:42.000;9.89;-21.62;2505.05;11.84;20.34;75
2026-01-19T01:05:43.000;2026-01-18T18:05:43.000;10.61;-17.73;4337.32;11.25;20.34;1
2026-01-19T01:16:01.000;2026-01-18T18:16:01.000;11.27;-19.37;267.27;14.27;20.34;2
2026-01-19T01:26:15.000;2026-01-18T18:26:15.000;10.73;-19.49;26.58;16.78;20.34;3
2026-01-19T01:46:34.000;2026-01-18T18:46:34.000;12.06;-20.6;2.51;19.34;20.34;4
2026-01-19T02:02:14.000;2026-01-18T19:02:14.000;12.0;-20.88;0.59;20.92;20.34;5
2026-01-19T02:12:37.000;2026-01-18T19:12:37.000;11.28;-20.56;0.33;21.54;20.34;6
2026-01-19T02:22:51.000;2026-01-18T19:22:51.000;10.47;-20.49;0.36;21.44;20.34;7
2026-01-19T02:33:08.000;2026-01-18T19:33:08.000;9.89;-20.05;0.3;21.65;20.34;8
2026-01-19T02:43:22.000;2026-01-18T19:43:22.000;9.88;-19.99;0.31;21.62;20.34;9
2026-01-19T02:53:35.000;2026-01-18T19:53:35.000;9.91;-19.97;0.38;21.4;20.34;10
2026-01-19T03:03:52.000;2026-01-18T20:03:52.000;9.44;-19.95;0.35;21.48;20.34;11
2026-01-19T03:14:06.000;2026-01-18T20:14:06.000;9.44;-19.77;0.46;21.18;20.34;12
2026-01-19T03:24:20.000;2026-01-18T20:24:20.000;9.32;-19.03;0.51;21.06;20.34;13
2026-01-19T03:34:34.000;2026-01-18T20:34:34.000;9.13;-18.85;0.44;21.24;20.34;14
2026-01-19T03:44:48.000;2026-01-18T20:44:48.000;9.1;-18.27;0.46;21.18;20.34;15
2026-01-19T03:55:02.000;2026-01-18T20:55:02.000;8.87;-18.22;0.46;21.17;20.34;16
2026-01-19T04:05:16.000;2026-01-18T21:05:16.000;8.55;-17.37;0.51;21.06;20.34;17
2026-01-19T04:15:30.000;2026-01-18T21:15:30.000;8.71;-16.84;0.53;21.04;20.34;18
2026-01-19T04:25:45.000;2026-01-18T21:25:45.000;7.92;-16.59;0.65;20.81;20.34;19
2026-01-19T04:35:59.000;2026-01-18T21:35:59.000;7.8;-16.01;0.72;20.7;20.34;20
2026-01-19T04:46:13.000;2026-01-18T21:46:13.000;7.61;-16.26;0.67;20.77;20.34;21
2026-01-19T04:56:30.000;2026-01-18T21:56:30.000;7.88;-16.0;0.67;20.78;20.34;22
2026-01-19T05:06:44.000;2026-01-18T22:06:44.000;7.83;-16.12;0.56;20.96;20.34;23
2026-01-19T05:16:58.000;2026-01-18T22:16:58.000;8.02;-15.66;0.59;20.91;20.34;24
2026-01-19T05:27:12.000;2026-01-18T22:27:12.000;7.88;-16.38;0.52;21.05;20.34;25
2026-01-19T05:42:45.000;2026-01-18T22:42:45.000;8.78;-15.65;0.87;20.49;20.34;26
2026-01-19T05:53:06.000;2026-01-18T22:53:06.000;9.18;-15.22;0.78;20.61;20.34;27
2026-01-19T06:03:19.000;2026-01-18T23:03:19.000;8.35;-15.68;0.57;20.95;20.34;28
2026-01-19T06:13:33.000;2026-01-18T23:13:33.000;8.17;-15.13;0.68;20.76;20.34;29
2026-01-19T06:23:46.000;2026-01-18T23:23:46.000;8.35;-14.15;0.71;20.71;20.34;30
2026-01-19T06:34:00.000;2026-01-18T23:34:00.000;8.44;-14.03;0.76;20.64;20.34;31
2026-01-19T06:54:33.000;2026-01-18T23:54:33.000;9.49;-15.6;0.88;20.48;20.34;32
2026-01-19T07:04:55.000;2026-01-19T00:04:55.000;9.41;-16.22;0.55;21.0;20.34;33
2026-01-19T07:25:23.000;2026-01-19T00:25:23.000;7.47;-16.18;0.63;20.84;20.34;35
2026-01-19T07:35:37.000;2026-01-19T00:35:37.000;6.67;-15.95;0.52;21.04;20.34;36
2026-01-19T07:45:51.000;2026-01-19T00:45:51.000;6.44;-15.47;0.57;20.95;20.34;37
2026-01-19T07:56:05.000;2026-01-19T00:56:05.000;6.27;-15.71;0.61;20.87;20.34;38
2026-01-19T08:06:20.000;2026-01-19T01:06:20.000;6.5;-16.11;0.48;21.14;20.34;39
2026-01-19T08:16:35.000;2026-01-19T01:16:35.000;6.25;-17.0;0.53;21.03;20.34;40
2026-01-19T08:26:48.000;2026-01-19T01:26:48.000;6.39;-15.92;0.51;21.06;20.34;41
2026-01-19T08:37:04.000;2026-01-19T01:37:04.000;6.37;-16.57;0.47;21.16;20.34;42
2026-01-19T08:47:18.000;2026-01-19T01:47:18.000;6.15;-17.61;0.45;21.21;20.34;43
2026-01-19T08:57:33.000;2026-01-19T01:57:33.000;6.7;-17.56;0.46;21.19;20.34;44
2026-01-19T09:07:51.000;2026-01-19T02:07:51.000;6.84;-18.35;0.43;21.25;20.34;45
2026-01-19T09:18:05.000;2026-01-19T02:18:05.000;6.4;-18.74;0.42;21.28;20.34;46
2026-01-19T09:28:19.000;2026-01-19T02:28:19.000;6.19;-19.03;0.39;21.36;20.34;47
2026-01-19T09:38:33.000;2026-01-19T02:38:33.000;5.84;-19.73;0.39;21.35;20.34;48
2026-01-19T09:48:47.000;2026-01-19T02:48:47.000;5.59;-20.54;0.34;21.51;20.34;49
2026-01-19T09:59:01.000;2026-01-19T02:59:01.000;5.5;-20.46;0.36;21.45;20.34;50
2026-01-19T10:09:15.000;2026-01-19T03:09:15.000;5.14;-19.55;0.32;21.58;20.34;51
2026-01-19T10:19:29.000;2026-01-19T03:19:29.000;5.15;-19.44;0.43;21.24;20.34;52
2026-01-19T10:29:43.000;2026-01-19T03:29:43.000;5.13;-20.08;0.31;21.63;20.34;53
2026-01-19T10:39:59.000;2026-01-19T03:39:59.000;5.51;-21.17;0.3;21.64;20.34;54
2026-01-19T10:50:13.000;2026-01-19T03:50:13.000;5.4;-22.29;0.31;21.6;20.34;55
2026-01-19T11:00:27.000;2026-01-19T04:00:27.000;5.32;-21.2;0.29;21.68;20.34;56
2026-01-19T11:10:42.000;2026-01-19T04:10:42.000;5.55;-20.64;0.3;21.64;20.34;57
2026-01-19T11:20:56.000;2026-01-19T04:20:56.000;5.45;-21.12;0.3;21.65;20.34;58
2026-01-19T11:31:11.000;2026-01-19T04:31:11.000;5.31;-21.27;0.28;21.73;20.34;59
2026-01-19T11:41:25.000;2026-01-19T04:41:25.000;5.58;-21.1;0.2;22.07;20.34;60
2026-01-19T11:51:39.000;2026-01-19T04:51:39.000;5.13;-21.26;0.38;21.39;20.34;61
2026-01-19T12:01:54.000;2026-01-19T05:01:54.000;4.78;-20.74;0.31;21.62;20.34;62
2026-01-19T12:12:08.000;2026-01-19T05:12:08.000;4.65;-19.95;0.34;21.52;20.34;63
2026-01-19T12:22:21.000;2026-01-19T05:22:21.000;4.08;-20.27;0.33;21.55;20.34;64
2026-01-19T12:32:35.000;2026-01-19T05:32:35.000;4.15;-20.54;0.36;21.44;20.34;65
2026-01-21T01:09:39.000;2026-01-20T18:09:39.000;9.02;-19.52;3034.56;11.63;20.34;1
2026-01-21T01:19:53.000;2026-01-20T18:19:53.000;9.64;-20.41;188.31;14.65;20.34;2
2026-01-21T01:30:07.000;2026-01-20T18:30:07.000;9.44;-20.49;23.82;16.9;20.34;3
2026-01-21T01:45:41.000;2026-01-20T18:45:41.000;10.99;-20.31;2.67;19.27;20.34;4
2026-01-21T01:56:02.000;2026-01-20T18:56:02.000;10.19;-21.15;0.64;20.83;20.34;5
2026-01-21T02:06:16.000;2026-01-20T19:06:16.000;9.04;-20.77;0.43;21.25;20.34;6
2026-01-21T02:16:29.000;2026-01-20T19:16:29.000;8.81;-21.09;0.34;21.52;20.34;7
2026-01-21T02:26:46.000;2026-01-20T19:26:46.000;8.25;-20.92;0.39;21.36;20.34;8
2026-01-21T02:37:01.000;2026-01-20T19:37:01.000;8.59;-20.96;0.32;21.58;20.34;9
2026-01-21T02:47:15.000;2026-01-20T19:47:15.000;8.35;-21.24;0.38;21.38;20.34;10
2026-01-21T02:57:30.000;2026-01-20T19:57:30.000;8.64;-21.86;0.32;21.58;20.34;11
2026-01-21T03:07:44.000;2026-01-20T20:07:44.000;7.8;-21.39;0.41;21.32;20.34;12
2026-01-21T03:18:00.000;2026-01-20T20:18:00.000;8.42;-21.31;0.39;21.36;20.34;13
2026-01-21T03:28:16.000;2026-01-20T20:28:16.000;7.66;-21.56;0.36;21.45;20.34;14
2026-01-21T03:38:31.000;2026-01-20T20:38:31.000;7.31;-21.46;0.47;21.15;20.34;15
2026-01-21T03:48:47.000;2026-01-20T20:48:47.000;7.07;-22.17;0.43;21.25;20.34;16
2026-01-21T03:59:04.000;2026-01-20T20:59:04.000;6.93;-22.16;0.42;21.28;20.34;17
2026-01-21T04:09:21.000;2026-01-20T21:09:21.000;6.7;-22.68;0.43;21.26;20.34;18
2026-01-21T04:19:40.000;2026-01-20T21:19:40.000;6.56;-22.52;0.43;21.24;20.34;19
2026-01-21T04:29:55.000;2026-01-20T21:29:55.000;6.56;-22.64;0.44;21.23;20.34;20
2026-01-21T04:40:10.000;2026-01-20T21:40:10.000;6.56;-22.43;0.43;21.25;20.34;21
2026-01-21T04:50:24.000;2026-01-20T21:50:24.000;6.26;-22.81;0.43;21.26;20.34;22
2026-01-21T05:00:37.000;2026-01-20T22:00:37.000;6.04;-22.83;0.43;21.26;20.34;23
2026-01-21T05:10:51.000;2026-01-20T22:10:51.000;6.06;-23.01;0.45;21.2;20.34;24
2026-01-21T05:26:23.000;2026-01-20T22:26:23.000;6.88;-23.53;0.64;20.83;20.34;25
2026-01-21T05:36:45.000;2026-01-20T22:36:45.000;6.82;-23.32;0.44;21.23;20.34;26
2026-01-21T05:46:58.000;2026-01-20T22:46:58.000;6.19;-23.07;0.44;21.23;20.34;27
2026-01-21T05:57:11.000;2026-01-20T22:57:11.000;6.24;-23.25;0.44;21.23;20.34;28
2026-01-21T06:07:25.000;2026-01-20T23:07:25.000;6.2;-23.26;0.43;21.25;20.34;29
2026-01-21T06:17:39.000;2026-01-20T23:17:39.000;6.03;-23.32;0.43;21.26;20.34;30
2026-01-21T06:27:53.000;2026-01-20T23:27:53.000;5.79;-23.32;0.42;21.28;20.34;31
2026-01-21T06:38:06.000;2026-01-20T23:38:06.000;5.32;-23.53;0.41;21.3;20.34;32
2026-01-21T06:48:20.000;2026-01-20T23:48:20.000;4.74;-23.66;0.43;21.25;20.34;33
2026-01-21T06:58:33.000;2026-01-20T23:58:33.000;5.17;-23.07;0.41;21.32;20.34;34
2026-01-21T07:08:48.000;2026-01-21T00:08:48.000;4.91;-23.47;0.39;21.35;20.34;35
2026-01-21T07:19:01.000;2026-01-21T00:19:01.000;4.8;-23.73;0.31;21.6;20.34;36
2026-01-21T07:34:34.000;2026-01-21T00:34:34.000;5.57;-24.38;0.56;20.97;20.34;37
2026-01-21T07:44:54.000;2026-01-21T00:44:54.000;5.44;-23.79;0.39;21.37;20.34;38
2026-01-21T07:55:09.000;2026-01-21T00:55:09.000;4.81;-24.67;0.35;21.48;20.34;39
2026-01-21T08:05:23.000;2026-01-21T01:05:23.000;4.35;-24.39;0.39;21.37;20.34;40
2026-01-21T08:15:40.000;2026-01-21T01:15:40.000;3.88;-24.41;0.39;21.36;20.34;41
2026-01-21T08:25:54.000;2026-01-21T01:25:54.000;4.16;-24.13;0.39;21.36;20.34;42
2026-01-21T08:36:09.000;2026-01-21T01:36:09.000;3.63;-23.93;0.46;21.18;20.34;43
2026-01-21T08:46:23.000;2026-01-21T01:46:23.000;3.23;-23.73;0.47;21.15;20.34;44
2026-01-21T08:56:36.000;2026-01-21T01:56:36.000;3.23;-23.63;0.4;21.33;20.34;45
2026-01-21T09:06:50.000;2026-01-21T02:06:50.000;2.93;-24.22;0.42;21.29;20.34;46
2026-01-21T09:17:04.000;2026-01-21T02:17:04.000;2.98;-24.05;0.45;21.21;20.34;47
2026-01-21T09:27:20.000;2026-01-21T02:27:20.000;2.38;-23.88;0.43;21.27;20.34;48
2026-01-21T09:53:19.000;2026-01-21T02:53:19.000;3.64;-24.67;0.48;21.14;20.34;50
2026-01-21T10:03:33.000;2026-01-21T03:03:33.000;2.97;-23.97;0.4;21.34;20.34;51
2026-01-21T10:13:47.000;2026-01-21T03:13:47.000;2.58;-24.9;0.33;21.54;20.34;52
2026-01-21T10:29:19.000;2026-01-21T03:29:19.000;3.72;-25.13;0.56;20.97;20.34;53
2026-01-21T10:39:41.000;2026-01-21T03:39:41.000;4.32;-25.01;0.33;21.56;20.34;54
2026-01-21T10:49:53.000;2026-01-21T03:49:53.000;3.23;-25.78;0.36;21.46;20.34;55
2026-01-21T11:00:07.000;2026-01-21T04:00:07.000;2.76;-25.19;0.37;21.43;20.34;56
2026-01-21T11:10:21.000;2026-01-21T04:10:21.000;2.44;-25.22;0.34;21.5;20.34;57
2026-01-21T11:20:35.000;2026-01-21T04:20:35.000;2.29;-25.43;0.31;21.62;20.34;58
2026-01-21T11:30:49.000;2026-01-21T04:30:49.000;2.49;-25.08;0.33;21.53;20.34;59
2026-01-21T11:41:04.000;2026-01-21T04:41:04.000;2.4;-25.25;0.27;21.77;20.34;60
2026-01-21T11:51:18.000;2026-01-21T04:51:18.000;2.33;-25.93;0.32;21.59;20.34;61
2026-01-21T12:01:32.000;2026-01-21T05:01:32.000;2.36;-26.3;0.32;21.59;20.34;62
2026-01-21T12:11:46.000;2026-01-21T05:11:46.000;2.41;-26.18;0.26;21.8;20.34;63
2026-01-21T12:22:00.000;2026-01-21T05:22:00.000;1.98;-26.47;0.26;21.81;20.34;64
2026-01-21T12:32:14.000;2026-01-21T05:32:14.000;1.66;-26.09;0.31;21.61;20.34;65
2026-01-21T12:42:28.000;2026-01-21T05:42:28.000;1.83;-26.33;0.26;21.82;20.34;66
2026-01-21T12:52:42.000;2026-01-21T05:52:42.000;1.4;-25.83;0.28;21.72;20.34;67
2026-01-21T13:02:56.000;2026-01-21T06:02:56.000;0.82;-25.47;0.33;21.56;20.34;68
2026-01-21T13:13:10.000;2026-01-21T06:13:10.000;1.02;-24.96;0.33;21.55;20.34;69
2026-01-21T13:23:24.000;2026-01-21T06:23:24.000;1.28;-24.93;1.03;20.31;20.34;70
2026-01-21T13:33:38.000;2026-01-21T06:33:38.000;1.51;-25.12;6.39;18.33;20.34;71
2026-01-21T13:43:51.000;2026-01-21T06:43:51.000;0.78;-26.04;39.96;16.34;20.34;72
2026-01-21T13:54:05.000;2026-01-21T06:54:05.000;0.41;-25.35;376.54;13.9;20.34;73
2026-01-22T01:06:57.000;2026-01-21T18:06:57.000;13.52;-9.79;7649.79;10.63;20.34;1
2026-01-22T01:17:11.000;2026-01-21T18:17:11.000;13.84;-9.79;453.14;13.7;20.34;2
2026-01-22T01:27:26.000;2026-01-21T18:27:26.000;12.89;-10.95;31.06;16.61;20.34;3
2026-01-22T01:37:40.000;2026-01-21T18:37:40.000;12.17;-7.95;6.41;18.32;20.34;4
2026-01-22T01:47:53.000;2026-01-21T18:47:53.000;11.87;-8.94;1.72;19.75;20.34;5
2026-01-22T01:58:07.000;2026-01-21T18:58:07.000;11.51;-9.67;1.14;20.2;20.34;6
2026-01-22T02:08:21.000;2026-01-21T19:08:21.000;11.11;-9.52;0.95;20.4;20.34;7
2026-01-22T02:18:35.000;2026-01-21T19:18:35.000;11.04;-7.99;1.27;20.08;20.34;8
2026-01-22T02:28:49.000;2026-01-21T19:28:49.000;11.2;-6.43;1.15;20.19;20.34;9
2026-01-22T02:39:04.000;2026-01-21T19:39:04.000;11.26;-6.87;1.09;20.25;20.34;10
2026-01-22T02:49:18.000;2026-01-21T19:49:18.000;10.98;-8.84;0.9;20.45;20.34;11
2026-01-22T02:59:32.000;2026-01-21T19:59:32.000;10.83;-10.53;0.84;20.53;20.34;12
2026-01-22T03:09:46.000;2026-01-21T20:09:46.000;10.15;-14.07;0.65;20.8;20.34;13
2026-01-22T03:20:03.000;2026-01-21T20:20:03.000;10.12;-10.73;0.74;20.66;20.34;14
2026-01-22T03:30:17.000;2026-01-21T20:30:17.000;10.31;-10.48;0.78;20.61;20.34;15
2026-01-22T03:40:33.000;2026-01-21T20:40:33.000;10.08;-11.74;0.76;20.64;20.34;16
2026-01-22T03:50:47.000;2026-01-21T20:50:47.000;10.03;-10.9;0.69;20.75;20.34;17
2026-01-22T04:06:18.000;2026-01-21T21:06:18.000;10.86;-12.75;0.87;20.49;20.34;18
2026-01-22T04:16:39.000;2026-01-21T21:16:39.000;10.75;-10.72;0.78;20.6;20.34;19
2026-01-22T04:32:10.000;2026-01-21T21:32:10.000;10.69;-10.45;1.02;20.32;20.34;20
2026-01-22T04:42:32.000;2026-01-21T21:42:32.000;10.58;-10.26;0.76;20.63;20.34;21
2026-01-22T04:52:45.000;2026-01-21T21:52:45.000;9.9;-6.79;0.98;20.36;20.34;22
2026-01-22T05:08:19.000;2026-01-21T22:08:19.000;10.73;-8.74;1.06;20.28;20.34;23
2026-01-22T05:18:39.000;2026-01-21T22:18:39.000;10.29;-10.31;0.77;20.62;20.34;24
2026-01-22T05:28:57.000;2026-01-21T22:28:57.000;8.74;-18.33;0.5;21.09;20.34;25
2026-01-22T05:39:11.000;2026-01-21T22:39:11.000;7.95;-18.01;0.54;21.02;20.34;26
2026-01-22T05:49:27.000;2026-01-21T22:49:27.000;7.17;-18.96;0.5;21.09;20.34;27
2026-01-22T05:59:41.000;2026-01-21T22:59:41.000;6.38;-18.83;0.42;21.29;20.34;28
2026-01-22T06:09:58.000;2026-01-21T23:09:58.000;6.1;-19.58;0.47;21.15;20.34;29
2026-01-22T06:20:14.000;2026-01-21T23:20:14.000;6.11;-19.52;0.47;21.15;20.34;30
2026-01-22T06:30:27.000;2026-01-21T23:30:27.000;6.42;-16.25;0.53;21.03;20.34;31
2026-01-22T06:40:41.000;2026-01-21T23:40:41.000;6.55;-16.91;0.48;21.14;20.34;32
2026-01-22T06:50:55.000;2026-01-21T23:50:55.000;6.41;-12.18;0.53;21.02;20.34;33
2026-01-22T07:01:09.000;2026-01-22T00:01:09.000;7.01;-12.11;0.48;21.13;20.34;34
2026-01-22T07:11:23.000;2026-01-22T00:11:23.000;7.27;-6.63;0.78;20.61;20.34;35
2026-01-22T07:21:38.000;2026-01-22T00:21:38.000;7.53;-6.81;0.74;20.66;20.34;36
2026-01-22T07:31:52.000;2026-01-22T00:31:52.000;7.67;-8.3;0.67;20.77;20.34;37
2026-01-22T07:42:06.000;2026-01-22T00:42:06.000;7.51;-12.43;0.48;21.15;20.34;38
2026-01-22T07:52:20.000;2026-01-22T00:52:20.000;7.13;-13.92;0.52;21.06;20.34;39
2026-01-22T08:02:34.000;2026-01-22T01:02:34.000;6.92;-18.07;0.36;21.44;20.34;40
2026-01-22T08:18:06.000;2026-01-22T01:18:06.000;7.92;-18.76;0.5;21.09;20.34;41
2026-01-22T08:28:27.000;2026-01-22T01:28:27.000;8.07;-19.57;0.24;21.87;20.34;42
2026-01-22T08:38:41.000;2026-01-22T01:38:41.000;7.49;-17.62;0.26;21.79;20.34;43
2026-01-22T08:48:55.000;2026-01-22T01:48:55.000;7.03;-16.64;0.37;21.43;20.34;44
2026-01-22T08:59:08.000;2026-01-22T01:59:08.000;6.69;-17.95;0.34;21.52;20.34;45
2026-01-22T09:09:22.000;2026-01-22T02:09:22.000;6.23;-18.42;0.31;21.6;20.34;46
2026-01-22T09:19:35.000;2026-01-22T02:19:35.000;6.39;-13.51;0.38;21.38;20.34;47
2026-01-22T09:29:49.000;2026-01-22T02:29:49.000;6.72;-10.48;0.35;21.47;20.34;48
2026-01-22T09:40:04.000;2026-01-22T02:40:04.000;7.78;-6.8;0.53;21.03;20.34;49
2026-01-22T09:50:19.000;2026-01-22T02:50:19.000;8.41;-16.77;0.25;21.86;20.34;50
2026-01-22T10:00:33.000;2026-01-22T03:00:33.000;8.64;-8.56;0.45;21.2;20.34;51
2026-01-22T10:10:47.000;2026-01-22T03:10:47.000;9.37;-6.05;0.54;21.01;20.34;52
2026-01-22T10:21:01.000;2026-01-22T03:21:01.000;8.36;-18.88;0.21;22.02;20.34;53
2026-01-22T10:31:14.000;2026-01-22T03:31:14.000;8.15;-12.69;0.41;21.32;20.34;54
2026-01-22T10:41:29.000;2026-01-22T03:41:29.000;8.33;-11.91;0.38;21.38;20.34;55
2026-01-22T10:51:42.000;2026-01-22T03:51:42.000;8.55;-14.23;0.34;21.51;20.34;56
2026-01-22T11:01:58.000;2026-01-22T04:01:58.000;8.2;-20.27;0.16;22.32;20.34;57
2026-01-22T11:12:14.000;2026-01-22T04:12:14.000;7.79;-20.48;0.2;22.11;20.34;58
2026-01-22T11:22:28.000;2026-01-22T04:22:28.000;7.27;-19.75;0.2;22.09;20.34;59
2026-01-22T11:32:41.000;2026-01-22T04:32:41.000;6.82;-21.19;0.12;22.6;20.34;60
2026-01-22T11:42:55.000;2026-01-22T04:42:55.000;6.26;-19.3;0.17;22.25;20.34;61
2026-01-22T11:53:08.000;2026-01-22T04:53:08.000;6.29;-17.37;0.3;21.64;20.34;62
2026-01-22T12:03:22.000;2026-01-22T05:03:22.000;6.35;-20.64;0.18;22.21;20.34;63
2026-01-22T12:13:37.000;2026-01-22T05:13:37.000;6.94;-21.11;0.22;21.99;20.34;64
2026-01-22T12:23:51.000;2026-01-22T05:23:51.000;6.3;-21.86;0.22;21.98;20.34;65
2026-01-22T12:34:05.000;2026-01-22T05:34:05.000;5.97;-21.5;0.18;22.22;20.34;66
2026-01-22T12:44:19.000;2026-01-22T05:44:19.000;5.78;-21.92;0.21;22.05;20.34;67
2026-01-22T12:54:33.000;2026-01-22T05:54:33.000;6.03;-21.59;0.3;21.65;20.34;68
2026-01-22T13:04:48.000;2026-01-22T06:04:48.000;5.14;-21.65;0.24;21.88;20.34;69
2026-01-22T13:15:01.000;2026-01-22T06:15:01.000;5.43;-19.58;0.3;21.65;20.34;70
2026-01-22T13:25:16.000;2026-01-22T06:25:16.000;6.43;-17.41;1.07;20.27;20.34;71
2026-01-22T13:35:31.000;2026-01-22T06:35:31.000;8.41;-12.91;6.81;18.26;20.34;72
2026-01-22T13:45:46.000;2026-01-22T06:45:46.000;8.57;-16.55;45.92;16.19;20.34;73
2026-01-22T13:55:59.000;2026-01-22T06:55:59.000;8.13;-15.33;527.18;13.54;20.34;74
2026-01-23T01:05:49.000;2026-01-22T18:05:49.000;13.38;1.73;8467.3;10.52;20.34;1
2026-01-23T01:16:03.000;2026-01-22T18:16:03.000;14.41;4.63;438.21;13.74;20.34;2
2026-01-23T01:26:17.000;2026-01-22T18:26:17.000;15.05;6.29;25.03;16.84;20.34;3
2026-01-23T01:36:31.000;2026-01-22T18:36:31.000;15.54;6.0;5.31;18.53;20.34;4
2026-01-23T01:46:45.000;2026-01-22T18:46:45.000;15.49;5.89;2.66;19.28;20.34;5
2026-01-23T01:56:59.000;2026-01-22T18:56:59.000;15.51;6.03;2.31;19.43;20.34;6
2026-01-23T02:07:13.000;2026-01-22T19:07:13.000;15.53;6.48;2.07;19.55;20.34;7
2026-01-23T02:17:27.000;2026-01-22T19:17:27.000;15.59;5.73;1.87;19.66;20.34;8
2026-01-23T02:27:41.000;2026-01-22T19:27:41.000;15.28;5.69;1.76;19.73;20.34;9
2026-01-23T02:37:55.000;2026-01-22T19:37:55.000;14.96;5.65;1.68;19.78;20.34;10
2026-01-23T02:48:09.000;2026-01-22T19:48:09.000;14.77;6.03;1.55;19.87;20.34;11
2026-01-23T02:58:23.000;2026-01-22T19:58:23.000;14.76;6.14;1.36;20.01;20.34;12
2026-01-23T03:08:39.000;2026-01-22T20:08:39.000;14.69;6.53;1.54;19.87;20.34;13
2026-01-23T03:18:54.000;2026-01-22T20:18:54.000;14.6;4.7;1.13;20.21;20.34;14
2026-01-23T03:29:07.000;2026-01-22T20:29:07.000;14.2;2.25;1.25;20.1;20.34;15
2026-01-23T03:44:25.000;2026-01-22T20:44:25.000;14.27;-1.51;1.13;20.21;20.34;16
2026-01-23T03:54:45.000;2026-01-22T20:54:45.000;14.87;4.43;1.18;20.16;20.34;17
2026-01-23T04:05:01.000;2026-01-22T21:05:01.000;15.1;7.63;1.18;20.16;20.34;18
2026-01-23T04:15:16.000;2026-01-22T21:15:16.000;15.6;6.02;0.99;20.35;20.34;19
2026-01-23T04:25:30.000;2026-01-22T21:25:30.000;14.92;5.95;1.18;20.16;20.34;20
2026-01-23T04:35:44.000;2026-01-22T21:35:44.000;14.69;6.67;1.24;20.11;20.34;21
2026-01-23T04:45:59.000;2026-01-22T21:45:59.000;14.48;5.99;1.01;20.33;20.34;22
2026-01-23T04:56:17.000;2026-01-22T21:56:17.000;14.42;5.94;0.97;20.38;20.34;23
2026-01-23T05:06:31.000;2026-01-22T22:06:31.000;14.6;6.6;1.04;20.3;20.34;24
2026-01-23T05:16:47.000;2026-01-22T22:16:47.000;15.08;7.04;0.94;20.41;20.34;25
2026-01-23T05:27:01.000;2026-01-22T22:27:01.000;14.99;6.85;0.85;20.52;20.34;26
2026-01-23T05:37:17.000;2026-01-22T22:37:17.000;14.87;6.49;0.79;20.59;20.34;27
2026-01-23T05:47:31.000;2026-01-22T22:47:31.000;14.13;6.06;0.8;20.58;20.34;28
2026-01-23T05:57:45.000;2026-01-22T22:57:45.000;14.04;5.91;0.98;20.36;20.34;29
2026-01-23T06:08:00.000;2026-01-22T23:08:00.000;13.81;6.33;0.82;20.56;20.34;30
2026-01-23T06:23:31.000;2026-01-22T23:23:31.000;12.08;6.01;0.93;20.42;20.34;31
2026-01-23T06:33:50.000;2026-01-22T23:33:50.000;10.9;5.2;0.74;20.66;20.34;32
2026-01-23T06:59:41.000;2026-01-22T23:59:41.000;11.21;3.67;0.46;21.18;20.34;34
2026-01-23T07:09:55.000;2026-01-23T00:09:55.000;11.05;2.37;0.51;21.08;20.34;35
2026-01-23T07:20:09.000;2026-01-23T00:20:09.000;11.31;4.94;0.49;21.11;20.34;36
2026-01-23T07:30:23.000;2026-01-23T00:30:23.000;11.52;4.54;0.56;20.96;20.34;37
2026-01-23T07:40:37.000;2026-01-23T00:40:37.000;11.48;4.26;0.57;20.95;20.34;38
2026-01-23T07:56:09.000;2026-01-23T00:56:09.000;12.23;3.08;0.76;20.63;20.34;39
2026-01-23T08:06:30.000;2026-01-23T01:06:30.000;12.01;-2.93;0.42;21.29;20.34;40
2026-01-23T08:16:45.000;2026-01-23T01:16:45.000;11.76;7.47;0.46;21.18;20.34;41
2026-01-23T08:27:04.000;2026-01-23T01:27:04.000;11.96;7.73;0.48;21.14;20.34;42
2026-01-23T08:37:18.000;2026-01-23T01:37:18.000;10.46;6.46;0.47;21.16;20.34;43
2026-01-23T09:03:05.000;2026-01-23T02:03:05.000;10.99;7.73;0.69;20.74;20.34;45
2026-01-23T09:13:25.000;2026-01-23T02:13:25.000;10.61;9.76;0.41;21.3;20.34;46
2026-01-23T09:33:53.000;2026-01-23T02:33:53.000;10.09;9.29;0.35;21.48;20.34;48
2026-01-23T09:44:07.000;2026-01-23T02:44:07.000;10.11;9.36;0.32;21.57;20.34;49
2026-01-23T09:54:22.000;2026-01-23T02:54:22.000;10.26;9.55;0.43;21.25;20.34;50
2026-01-23T10:04:36.000;2026-01-23T03:04:36.000;10.28;9.66;0.48;21.13;20.34;51
2026-01-23T10:14:50.000;2026-01-23T03:14:50.000;10.28;9.7;0.6;20.89;20.34;52
2026-01-23T10:25:04.000;2026-01-23T03:25:04.000;10.35;9.73;0.65;20.82;20.34;53
2026-01-23T10:35:18.000;2026-01-23T03:35:18.000;10.42;9.76;0.67;20.77;20.34;54
2026-01-23T10:45:33.000;2026-01-23T03:45:33.000;10.69;10.22;0.71;20.71;20.34;55
2026-01-23T10:55:47.000;2026-01-23T03:55:47.000;10.62;9.96;0.6;20.89;20.34;56
2026-01-23T11:06:02.000;2026-01-23T04:06:02.000;10.7;10.07;0.48;21.13;20.34;57
2026-01-23T11:21:35.000;2026-01-23T04:21:35.000;11.51;10.26;0.69;20.74;20.34;58
2026-01-23T11:31:57.000;2026-01-23T04:31:57.000;11.38;8.0;0.56;20.97;20.34;59
2026-01-23T11:42:10.000;2026-01-23T04:42:10.000;10.83;6.95;0.53;21.04;20.34;60
2026-01-23T11:52:23.000;2026-01-23T04:52:23.000;10.48;7.57;0.53;21.03;20.34;61
2026-01-23T12:02:37.000;2026-01-23T05:02:37.000;10.6;7.22;0.43;21.25;20.34;62
2026-01-23T12:12:51.000;2026-01-23T05:12:51.000;10.82;6.54;0.4;21.34;20.34;63
2026-01-23T12:23:05.000;2026-01-23T05:23:05.000;10.79;6.51;0.4;21.34;20.34;64
2026-01-23T12:33:20.000;2026-01-23T05:33:20.000;10.88;5.96;0.38;21.39;20.34;65
2026-01-23T12:43:34.000;2026-01-23T05:43:34.000;10.65;6.73;0.33;21.56;20.34;66
2026-01-23T12:53:47.000;2026-01-23T05:53:47.000;10.63;5.87;0.4;21.34;20.34;67
2026-01-23T13:04:01.000;2026-01-23T06:04:01.000;10.67;3.99;0.33;21.55;20.34;68
2026-01-23T13:14:15.000;2026-01-23T06:14:15.000;10.73;1.76;0.54;21.01;20.34;69
2026-01-23T13:24:29.000;2026-01-23T06:24:29.000;10.37;-5.03;0.81;20.57;20.34;70
2026-01-23T13:34:44.000;2026-01-23T06:34:44.000;10.02;-8.7;3.96;18.84;20.34;71
2026-01-23T13:44:58.000;2026-01-23T06:44:58.000;10.28;-2.48;31.27;16.6;20.34;72
2026-01-23T13:55:12.000;2026-01-23T06:55:12.000;10.54;2.13;498.28;13.6;20.34;73
2026-01-23T14:05:25.000;2026-01-23T07:05:25.000;10.74;-0.28;8461.51;10.52;20.34;74
2026-01-24T01:07:30.000;2026-01-23T18:07:30.000;11.33;5.22;7674.97;10.63;20.34;1
2026-01-24T01:27:59.000;2026-01-23T18:27:59.000;11.89;-12.73;56.15;15.97;20.34;3
2026-01-24T01:38:14.000;2026-01-23T18:38:14.000;10.85;-5.36;11.05;17.73;20.34;4
2026-01-24T01:48:29.000;2026-01-23T18:48:29.000;10.92;-7.95;3.5;18.98;20.34;5
2026-01-24T01:58:44.000;2026-01-23T18:58:44.000;10.97;0.92;2.69;19.26;20.34;6
2026-01-24T02:09:03.000;2026-01-23T19:09:03.000;11.15;1.76;2.83;19.21;20.34;7
2026-01-24T02:19:19.000;2026-01-23T19:19:19.000;10.98;-3.93;1.45;19.94;20.34;8
2026-01-24T02:29:33.000;2026-01-23T19:29:33.000;10.78;0.28;2.3;19.44;20.34;9
2026-01-24T02:39:47.000;2026-01-23T19:39:47.000;10.52;-4.92;1.07;20.26;20.34;10
2026-01-24T02:50:00.000;2026-01-23T19:50:00.000;10.61;2.22;2.38;19.4;20.34;11
2026-01-24T03:00:14.000;2026-01-23T20:00:14.000;10.76;-3.85;1.21;20.13;20.34;12
2026-01-24T03:10:28.000;2026-01-23T20:10:28.000;10.64;-4.2;1.29;20.06;20.34;13
2026-01-24T03:26:00.000;2026-01-23T20:26:00.000;11.96;1.77;1.82;19.69;20.34;14
2026-01-24T03:41:39.000;2026-01-23T20:41:39.000;13.2;5.03;1.9;19.64;20.34;15
2026-01-24T03:51:58.000;2026-01-23T20:51:58.000;12.92;3.89;1.82;19.69;20.34;16
2026-01-24T04:02:13.000;2026-01-23T21:02:13.000;12.29;3.78;1.37;20.0;20.34;17
2026-01-24T04:12:29.000;2026-01-23T21:12:29.000;11.91;3.02;1.4;19.97;20.34;18
2026-01-24T04:28:01.000;2026-01-23T21:28:01.000;12.42;-2.91;1.03;20.3;20.34;19
2026-01-24T04:48:33.000;2026-01-23T21:48:33.000;11.81;3.69;1.13;20.2;20.34;21
2026-01-24T04:58:47.000;2026-01-23T21:58:47.000;11.69;-0.15;0.83;20.55;20.34;22
2026-01-24T05:09:01.000;2026-01-23T22:09:01.000;11.52;3.31;0.87;20.5;20.34;23
2026-01-24T05:19:16.000;2026-01-23T22:19:16.000;11.65;3.56;0.9;20.46;20.34;24
2026-01-24T05:29:32.000;2026-01-23T22:29:32.000;11.67;2.11;0.74;20.67;20.34;25
2026-01-24T05:39:46.000;2026-01-23T22:39:46.000;10.77;-12.38;0.34;21.52;20.34;26
2026-01-24T05:50:00.000;2026-01-23T22:50:00.000;10.23;-8.54;0.4;21.32;20.34;27
2026-01-24T06:00:13.000;2026-01-23T23:00:13.000;10.34;-2.19;0.41;21.31;20.34;28
2026-01-24T06:10:27.000;2026-01-23T23:10:27.000;11.01;2.12;0.43;21.25;20.34;29
2026-01-24T06:20:43.000;2026-01-23T23:20:43.000;11.4;3.16;0.52;21.05;20.34;30
2026-01-24T06:31:00.000;2026-01-23T23:31:00.000;11.49;2.96;0.52;21.04;20.34;31
2026-01-24T06:41:14.000;2026-01-23T23:41:14.000;11.44;3.14;0.51;21.06;20.34;32
2026-01-24T06:51:28.000;2026-01-23T23:51:28.000;11.37;2.2;0.53;21.03;20.34;33
2026-01-24T07:01:42.000;2026-01-24T00:01:42.000;11.09;-1.76;0.52;21.05;20.34;34
2026-01-24T07:11:55.000;2026-01-24T00:11:55.000;10.59;-2.71;0.5;21.08;20.34;35
2026-01-24T07:22:10.000;2026-01-24T00:22:10.000;10.84;-0.77;0.41;21.31;20.34;36
2026-01-24T07:32:26.000;2026-01-24T00:32:26.000;11.19;3.45;0.33;21.55;20.34;37
2026-01-24T07:42:40.000;2026-01-24T00:42:40.000;11.31;1.29;0.5;21.09;20.34;38
2026-01-24T07:52:54.000;2026-01-24T00:52:54.000;11.13;2.79;0.54;21.0;20.34;39
2026-01-24T08:03:08.000;2026-01-24T01:03:08.000;10.91;1.83;0.49;21.12;20.34;40
2026-01-26T01:10:33.000;2026-01-25T18:10:33.000;4.11;-23.73;4539.98;11.2;20.34;1
2026-01-26T01:26:06.000;2026-01-25T18:26:06.000;5.62;-24.83;202.95;14.57;20.34;2
2026-01-26T01:36:28.000;2026-01-25T18:36:28.000;5.53;-24.72;17.34;17.24;20.34;3
2026-01-26T01:46:42.000;2026-01-25T18:46:42.000;4.48;-24.68;8.7;17.99;20.34;4
2026-01-26T01:56:56.000;2026-01-25T18:56:56.000;4.25;-24.62;6.75;18.27;20.34;5
2026-01-26T02:07:09.000;2026-01-25T19:07:09.000;3.75;-24.7;5.66;18.46;20.34;6
2026-01-26T02:17:23.000;2026-01-25T19:17:23.000;3.84;-24.44;5.12;18.57;20.34;7
2026-01-26T02:27:40.000;2026-01-25T19:27:40.000;3.89;-25.13;4.46;18.72;20.34;8
2026-01-26T02:37:53.000;2026-01-25T19:37:53.000;3.95;-24.84;3.99;18.84;20.34;9
2026-01-26T02:48:10.000;2026-01-25T19:48:10.000;4.01;-24.62;3.61;18.95;20.34;10
2026-01-26T02:58:25.000;2026-01-25T19:58:25.000;4.04;-24.52;3.47;18.99;20.34;11
2026-01-26T03:08:39.000;2026-01-25T20:08:39.000;3.86;-25.23;2.88;19.19;20.34;12
2026-01-26T03:18:55.000;2026-01-25T20:18:55.000;3.68;-25.36;2.68;19.27;20.34;13
2026-01-26T03:29:11.000;2026-01-25T20:29:11.000;3.62;-25.72;2.7;19.26;20.34;14
2026-01-26T03:39:27.000;2026-01-25T20:39:27.000;3.03;-26.09;2.8;19.22;20.34;15
2026-01-26T03:55:00.000;2026-01-25T20:55:00.000;3.73;-26.21;3.18;19.08;20.34;16
2026-01-26T04:05:24.000;2026-01-25T21:05:24.000;3.57;-26.47;3.05;19.13;20.34;17
2026-01-26T04:15:38.000;2026-01-25T21:15:38.000;3.13;-28.0;2.45;19.37;20.34;18
2026-01-26T04:25:52.000;2026-01-25T21:25:52.000;2.26;-28.05;2.03;19.57;20.34;19
2026-01-26T04:36:08.000;2026-01-25T21:36:08.000;1.51;-28.81;1.7;19.76;20.34;20
2026-01-26T05:02:14.000;2026-01-25T22:02:14.000;2.14;-29.66;1.65;19.8;20.34;22
2026-01-26T05:17:56.000;2026-01-25T22:17:56.000;2.6;-29.9;1.54;19.87;20.34;23
2026-01-26T05:28:17.000;2026-01-25T22:28:17.000;2.2;-29.21;1.33;20.03;20.34;24
2026-01-26T05:38:30.000;2026-01-25T22:38:30.000;1.44;-28.93;1.12;20.21;20.34;25
2026-01-26T05:48:47.000;2026-01-25T22:48:47.000;1.08;-29.0;1.2;20.14;20.34;26
2026-01-26T05:59:01.000;2026-01-25T22:59:01.000;0.91;-28.84;0.85;20.51;20.34;27
2026-01-26T06:30:17.000;2026-01-25T23:30:17.000;2.25;-29.89;0.97;20.38;20.34;29
2026-01-26T06:40:39.000;2026-01-25T23:40:39.000;1.94;-29.42;0.78;20.62;20.34;30
2026-01-26T06:50:51.000;2026-01-25T23:50:51.000;0.98;-29.13;0.71;20.71;20.34;31
2026-01-26T07:01:05.000;2026-01-26T00:01:05.000;0.7;-29.12;0.56;20.96;20.34;32
2026-01-26T07:11:19.000;2026-01-26T00:11:19.000;0.56;-28.7;0.51;21.07;20.34;33
2026-01-26T07:21:34.000;2026-01-26T00:21:34.000;0.31;-28.69;0.5;21.1;20.34;34
2026-01-26T07:47:27.000;2026-01-26T00:47:27.000;1.61;-28.97;0.38;21.4;20.34;36
2026-01-26T07:57:41.000;2026-01-26T00:57:41.000;0.76;-28.14;0.37;21.41;20.34;37
2026-01-26T08:13:16.000;2026-01-26T01:13:16.000;1.27;-28.83;0.46;21.19;20.34;38
2026-01-26T08:23:38.000;2026-01-26T01:23:38.000;0.88;-28.92;0.25;21.84;20.34;39
2026-01-26T08:33:50.000;2026-01-26T01:33:50.000;-0.23;-28.48;0.33;21.55;20.34;40
2026-01-26T08:44:04.000;2026-01-26T01:44:04.000;-0.85;-28.84;0.28;21.71;20.34;41
2026-01-26T08:54:19.000;2026-01-26T01:54:19.000;-1.38;-29.46;0.23;21.96;20.34;42
2026-01-26T09:04:36.000;2026-01-26T02:04:36.000;-1.42;-28.78;0.24;21.91;20.34;43
2026-01-26T09:14:51.000;2026-01-26T02:14:51.000;-1.54;-28.58;0.21;22.01;20.34;44
2026-01-26T09:25:05.000;2026-01-26T02:25:05.000;-1.55;-28.75;0.17;22.27;20.34;45
2026-01-26T09:40:22.000;2026-01-26T02:40:22.000;-1.15;-29.44;0.36;21.45;20.34;46
2026-01-26T09:50:44.000;2026-01-26T02:50:44.000;-0.59;-29.44;0.12;22.61;20.34;47
2026-01-26T10:00:57.000;2026-01-26T03:00:57.000;-1.33;-28.84;0.2;22.06;20.34;48
2026-01-26T10:11:10.000;2026-01-26T03:11:10.000;-1.84;-28.46;0.2;22.08;20.34;49
2026-01-26T10:21:24.000;2026-01-26T03:21:24.000;-1.63;-28.39;0.16;22.32;20.34;50
2026-01-26T10:31:38.000;2026-01-26T03:31:38.000;-1.33;-27.6;0.22;21.98;20.34;51
2026-01-26T10:41:52.000;2026-01-26T03:41:52.000;-0.57;-27.15;0.18;22.2;20.34;52
2026-01-26T10:52:06.000;2026-01-26T03:52:06.000;-0.77;-27.22;0.24;21.9;20.34;53
2026-01-26T11:02:19.000;2026-01-26T04:02:19.000;-1.38;-27.33;0.28;21.74;20.34;54
2026-01-26T11:12:34.000;2026-01-26T04:12:34.000;-1.29;-27.24;0.18;22.22;20.34;55
2026-01-26T11:22:47.000;2026-01-26T04:22:47.000;-1.18;-25.27;0.2;22.07;20.34;56
2026-01-26T11:33:02.000;2026-01-26T04:33:02.000;-1.13;-22.65;0.35;21.49;20.34;57
2026-01-26T11:43:17.000;2026-01-26T04:43:17.000;-0.1;-20.37;0.35;21.48;20.34;58
2026-01-26T11:53:35.000;2026-01-26T04:53:35.000;0.17;-20.31;0.28;21.72;20.34;59
2026-01-26T12:03:49.000;2026-01-26T05:03:49.000;0.79;-13.82;0.45;21.21;20.34;60
2026-01-26T12:14:04.000;2026-01-26T05:14:04.000;1.47;-9.67;0.55;20.99;20.34;61
2026-01-26T12:24:18.000;2026-01-26T05:24:18.000;1.87;-9.23;0.7;20.73;20.34;62
2026-01-26T12:34:33.000;2026-01-26T05:34:33.000;1.86;-11.66;0.57;20.95;20.34;63
2026-01-27T01:13:03.000;2026-01-26T18:13:03.000;3.79;-22.53;3688.18;11.42;20.34;1
2026-01-27T01:23:20.000;2026-01-26T18:23:20.000;4.53;-21.46;386.03;13.87;20.34;2
2026-01-27T01:33:34.000;2026-01-26T18:33:34.000;5.11;-22.69;150.05;14.9;20.34;3
2026-01-27T01:43:49.000;2026-01-26T18:43:49.000;5.52;-22.2;127.95;15.07;20.34;4
2026-01-27T01:54:03.000;2026-01-26T18:54:03.000;6.02;-22.36;114.45;15.19;20.34;5
2026-01-27T02:04:20.000;2026-01-26T19:04:20.000;5.83;-23.57;111.99;15.22;20.34;6
2026-01-27T02:14:34.000;2026-01-26T19:14:34.000;5.23;-23.86;91.21;15.44;20.34;7
2026-01-27T02:24:48.000;2026-01-26T19:24:48.000;5.37;-23.83;56.49;15.96;20.34;8
2026-01-27T02:35:02.000;2026-01-26T19:35:02.000;4.63;-24.26;22.77;16.95;20.34;9
2026-01-27T02:50:33.000;2026-01-26T19:50:33.000;5.8;-22.72;18.61;17.17;20.34;10
2026-01-27T03:00:55.000;2026-01-26T20:00:55.000;5.53;-23.49;11.39;17.7;20.34;11
2026-01-27T03:21:22.000;2026-01-26T20:21:22.000;3.45;-24.98;8.35;18.04;20.34;13
2026-01-27T03:36:53.000;2026-01-26T20:36:53.000;4.27;-23.97;8.16;18.06;20.34;14
2026-01-27T03:47:14.000;2026-01-26T20:47:14.000;4.77;-18.51;10.0;17.84;20.34;15
2026-01-27T03:57:27.000;2026-01-26T20:57:27.000;4.11;-16.42;8.64;18.0;20.34;16
2026-01-27T04:12:59.000;2026-01-26T21:12:59.000;5.21;-18.33;8.2;18.05;20.34;17
2026-01-27T04:23:20.000;2026-01-26T21:23:20.000;5.57;-19.23;5.08;18.58;20.34;18
2026-01-27T04:33:33.000;2026-01-26T21:33:33.000;4.95;-18.01;6.55;18.3;20.34;19
2026-01-27T04:43:46.000;2026-01-26T21:43:46.000;4.0;-22.4;3.93;18.86;20.34;20
2026-01-27T04:59:23.000;2026-01-26T21:59:23.000;4.44;-22.44;4.73;18.65;20.34;21
2026-01-27T05:15:03.000;2026-01-26T22:15:03.000;5.12;-22.27;4.74;18.65;20.34;22
2026-01-27T05:25:23.000;2026-01-26T22:25:23.000;4.41;-24.58;3.46;18.99;20.34;23
2026-01-27T05:35:36.000;2026-01-26T22:35:36.000;3.32;-22.19;3.28;19.05;20.34;24
2026-01-27T05:45:51.000;2026-01-26T22:45:51.000;2.73;-21.0;2.27;19.45;20.34;25
2026-01-27T05:56:05.000;2026-01-26T22:56:05.000;2.8;-17.65;3.76;18.9;20.34;26
2026-01-27T06:11:37.000;2026-01-26T23:11:37.000;4.8;-11.13;7.42;18.16;20.34;27
2026-01-27T06:21:59.000;2026-01-26T23:21:59.000;6.59;-9.23;6.95;18.23;20.34;28
2026-01-27T06:32:12.000;2026-01-26T23:32:12.000;5.91;-11.33;5.62;18.47;20.34;29
2026-01-27T06:42:28.000;2026-01-26T23:42:28.000;5.33;-12.71;3.94;18.85;20.34;30
2026-01-27T06:52:42.000;2026-01-26T23:52:42.000;4.97;-12.8;4.89;18.62;20.34;31
2026-01-27T07:02:56.000;2026-01-27T00:02:56.000;4.19;-16.72;3.78;18.9;20.34;32
2026-01-27T07:13:10.000;2026-01-27T00:13:10.000;3.25;-24.43;1.49;19.9;20.34;33
2026-01-27T07:23:26.000;2026-01-27T00:23:26.000;3.07;-26.36;1.2;20.14;20.34;34
2026-01-27T07:38:58.000;2026-01-27T00:38:58.000;3.13;-26.91;1.34;20.02;20.34;35
2026-01-27T07:49:19.000;2026-01-27T00:49:19.000;2.76;-24.39;1.82;19.69;20.34;36
2026-01-27T07:59:32.000;2026-01-27T00:59:32.000;1.77;-26.53;0.75;20.65;20.34;37
2026-01-27T08:09:45.000;2026-01-27T01:09:45.000;1.08;-26.0;0.68;20.76;20.34;38
2026-01-27T08:19:58.000;2026-01-27T01:19:58.000;0.64;-25.78;0.52;21.04;20.34;39
2026-01-28T01:12:10.000;2026-01-27T18:12:10.000;7.27;-19.58;5277.51;11.03;20.34;1
2026-01-28T01:27:42.000;2026-01-27T18:27:42.000;9.25;-20.5;277.94;14.23;20.34;2
2026-01-28T01:38:03.000;2026-01-27T18:38:03.000;9.33;-19.8;118.71;15.15;20.34;3
2026-01-28T01:48:16.000;2026-01-27T18:48:16.000;8.53;-19.07;123.01;15.12;20.34;4
2026-01-28T01:58:30.000;2026-01-27T18:58:30.000;8.31;-19.06;145.74;14.93;20.34;5
2026-01-28T02:08:44.000;2026-01-27T19:08:44.000;8.22;-18.83;165.68;14.79;20.34;6
2026-01-28T02:18:58.000;2026-01-27T19:18:58.000;8.03;-18.63;167.51;14.78;20.34;7
2026-01-28T02:29:11.000;2026-01-27T19:29:11.000;7.94;-18.16;210.46;14.53;20.34;8
2026-01-28T02:39:27.000;2026-01-27T19:39:27.000;7.97;-17.29;258.01;14.31;20.34;9
2026-01-28T02:49:40.000;2026-01-27T19:49:40.000;7.93;-17.45;332.9;14.03;20.34;10
2026-01-28T02:59:54.000;2026-01-27T19:59:54.000;7.59;-17.21;267.88;14.27;20.34;11
2026-01-28T03:10:13.000;2026-01-27T20:10:13.000;7.41;-17.3;193.35;14.62;20.34;12
2026-01-28T03:20:28.000;2026-01-27T20:20:28.000;7.22;-16.29;136.26;15.0;20.34;13
2026-01-28T03:30:41.000;2026-01-27T20:30:41.000;7.14;-16.13;109.94;15.24;20.34;14
2026-01-28T03:40:55.000;2026-01-27T20:40:55.000;7.44;-15.92;63.51;15.83;20.34;15
2026-01-28T03:51:09.000;2026-01-27T20:51:09.000;7.35;-16.21;34.15;16.51;20.34;16
2026-01-28T04:01:22.000;2026-01-27T21:01:22.000;6.75;-16.39;27.29;16.75;20.34;17
2026-01-28T04:11:41.000;2026-01-27T21:11:41.000;6.1;-15.95;23.4;16.92;20.34;18
2026-01-28T04:21:58.000;2026-01-27T21:21:58.000;6.67;-14.94;21.35;17.02;20.34;19
2026-01-28T04:32:13.000;2026-01-27T21:32:13.000;7.51;-14.59;20.52;17.06;20.34;20
2026-01-28T04:42:27.000;2026-01-27T21:42:27.000;7.54;-14.0;18.71;17.16;20.34;21
2026-01-28T04:52:41.000;2026-01-27T21:52:41.000;7.5;-14.22;17.47;17.23;20.34;22
2026-01-28T05:02:56.000;2026-01-27T22:02:56.000;7.45;-13.55;16.19;17.32;20.34;23
2026-01-28T05:13:10.000;2026-01-27T22:13:10.000;7.03;-14.75;15.18;17.39;20.34;24
2026-01-28T05:23:23.000;2026-01-27T22:23:23.000;7.31;-14.95;12.23;17.62;20.34;25
2026-01-28T05:33:37.000;2026-01-27T22:33:37.000;7.2;-12.88;13.08;17.55;20.34;26
2026-01-28T05:49:09.000;2026-01-27T22:49:09.000;7.87;-15.29;12.73;17.58;20.34;27
2026-01-28T05:59:29.000;2026-01-27T22:59:29.000;8.11;-14.13;11.11;17.73;20.34;28
2026-01-28T06:09:42.000;2026-01-27T23:09:42.000;7.34;-14.2;10.24;17.81;20.34;29
2026-01-28T06:19:59.000;2026-01-27T23:19:59.000;6.88;-14.26;10.18;17.82;20.34;30
2026-01-28T06:30:15.000;2026-01-27T23:30:15.000;6.65;-15.48;8.19;18.06;20.34;31
2026-01-28T06:40:29.000;2026-01-27T23:40:29.000;6.47;-14.18;7.46;18.16;20.34;32
2026-01-28T06:50:46.000;2026-01-27T23:50:46.000;6.88;-11.7;9.55;17.89;20.34;33
2026-01-28T07:01:01.000;2026-01-28T00:01:01.000;6.85;-12.11;8.45;18.02;20.34;34
2026-01-28T07:11:16.000;2026-01-28T00:11:16.000;6.71;-13.86;7.17;18.2;20.34;35
2026-01-28T07:21:31.000;2026-01-28T00:21:31.000;6.79;-15.64;5.61;18.47;20.34;36
2026-01-28T07:31:46.000;2026-01-28T00:31:46.000;6.26;-18.46;4.06;18.82;20.34;37
2026-01-28T07:42:00.000;2026-01-28T00:42:00.000;5.59;-19.89;3.43;19.0;20.34;38
2026-01-28T07:57:31.000;2026-01-28T00:57:31.000;6.12;-18.14;4.96;18.6;20.34;39
2026-01-28T08:07:52.000;2026-01-28T01:07:52.000;6.45;-16.85;4.31;18.75;20.34;40
2026-01-28T08:18:05.000;2026-01-28T01:18:05.000;6.25;-16.9;3.76;18.9;20.34;41
2026-01-28T08:28:19.000;2026-01-28T01:28:19.000;5.43;-17.31;3.78;18.9;20.34;42
2026-01-28T08:38:32.000;2026-01-28T01:38:32.000;4.85;-15.71;3.56;18.96;20.34;43
2026-01-28T08:48:45.000;2026-01-28T01:48:45.000;4.71;-15.53;3.48;18.99;20.34;44
2026-01-28T08:58:59.000;2026-01-28T01:58:59.000;4.79;-15.35;3.86;18.87;20.34;45
2026-01-28T09:09:13.000;2026-01-28T02:09:13.000;4.83;-11.41;3.99;18.84;20.34;46
2026-01-28T09:19:28.000;2026-01-28T02:19:28.000;5.18;-10.06;2.92;19.18;20.34;47
2026-01-28T09:29:42.000;2026-01-28T02:29:42.000;5.34;-12.08;2.45;19.37;20.34;48
2026-01-28T09:39:56.000;2026-01-28T02:39:56.000;5.3;-15.66;1.35;20.02;20.34;49
2026-01-28T09:50:10.000;2026-01-28T02:50:10.000;5.23;-20.26;0.96;20.39;20.34;50
2026-01-28T10:00:24.000;2026-01-28T03:00:24.000;4.88;-19.41;0.94;20.41;20.34;51
2026-01-28T10:10:38.000;2026-01-28T03:10:38.000;4.64;-17.29;0.89;20.46;20.34;52
2026-01-28T10:20:52.000;2026-01-28T03:20:52.000;4.69;-13.96;1.13;20.21;20.34;53
2026-01-28T10:31:06.000;2026-01-28T03:31:06.000;4.91;-12.17;0.74;20.66;20.34;54
2026-01-28T10:41:20.000;2026-01-28T03:41:20.000;5.27;-11.82;0.67;20.77;20.34;55
2026-01-28T10:51:34.000;2026-01-28T03:51:34.000;5.53;-11.46;0.72;20.7;20.34;56
2026-01-28T11:01:48.000;2026-01-28T04:01:48.000;5.74;-9.52;0.81;20.57;20.34;57
2026-01-28T11:12:03.000;2026-01-28T04:12:03.000;5.94;-7.87;0.87;20.5;20.34;58
2026-01-28T11:22:17.000;2026-01-28T04:22:17.000;5.77;-7.55;0.98;20.37;20.34;59
2026-01-28T11:32:30.000;2026-01-28T04:32:30.000;5.77;-8.22;0.94;20.41;20.34;60
2026-01-28T11:42:44.000;2026-01-28T04:42:44.000;6.03;-9.19;0.93;20.42;20.34;61
2026-01-28T11:52:58.000;2026-01-28T04:52:58.000;5.8;-10.43;0.85;20.52;20.34;62
2026-01-28T12:03:12.000;2026-01-28T05:03:12.000;5.59;-12.76;0.54;21.0;20.34;63
2026-01-28T12:13:27.000;2026-01-28T05:13:27.000;5.49;-11.16;0.65;20.8;20.34;64
2026-01-28T12:23:40.000;2026-01-28T05:23:40.000;5.99;-7.96;0.87;20.5;20.34;65
2026-01-28T12:33:54.000;2026-01-28T05:33:54.000;6.07;-9.3;0.79;20.6;20.34;66
2026-01-28T12:49:26.000;2026-01-28T05:49:26.000;7.0;-11.87;0.85;20.51;20.34;67
2026-01-28T12:59:48.000;2026-01-28T05:59:48.000;7.81;-10.99;0.69;20.74;20.34;68
2026-01-28T13:10:01.000;2026-01-28T06:10:01.000;7.88;-11.66;0.78;20.61;20.34;69
2026-01-28T13:20:19.000;2026-01-28T06:20:19.000;8.0;-10.59;1.34;20.02;20.34;70
2026-01-28T13:30:33.000;2026-01-28T06:30:33.000;9.38;-7.83;6.68;18.28;20.34;71
2026-01-28T13:40:50.000;2026-01-28T06:40:50.000;11.24;-6.05;45.75;16.19;20.34;72
2026-01-28T13:51:05.000;2026-01-28T06:51:05.000;12.04;-7.28;448.23;13.71;20.34;73
2026-01-28T14:01:21.000;2026-01-28T07:01:21.000;11.85;-9.71;5917.43;10.91;20.34;74
2026-01-29T01:12:35.000;2026-01-28T18:12:35.000;10.57;-16.86;5305.4;11.03;20.34;1
2026-01-29T01:22:50.000;2026-01-28T18:22:50.000;10.9;-11.93;420.79;13.78;20.34;2
2026-01-29T01:33:04.000;2026-01-28T18:33:04.000;11.04;-8.7;64.82;15.81;20.34;3
2026-01-29T01:48:36.000;2026-01-28T18:48:36.000;11.79;-9.79;38.61;16.37;20.34;4
2026-01-29T01:58:56.000;2026-01-28T18:58:56.000;11.71;-5.91;38.71;16.37;20.34;5
2026-01-29T02:09:09.000;2026-01-28T19:09:09.000;11.28;-8.01;45.77;16.19;20.34;6
2026-01-29T02:19:23.000;2026-01-28T19:19:23.000;10.4;-15.67;55.62;15.98;20.34;7
2026-01-29T02:29:36.000;2026-01-28T19:29:36.000;10.05;-14.03;80.86;15.57;20.34;8
2026-01-29T02:39:51.000;2026-01-28T19:39:51.000;10.22;-5.34;62.12;15.86;20.34;9
2026-01-29T02:50:06.000;2026-01-28T19:50:06.000;10.82;-5.54;93.98;15.41;20.34;10
2026-01-29T03:00:21.000;2026-01-28T20:00:21.000;10.3;-11.14;234.16;14.42;20.34;11
2026-01-29T03:10:35.000;2026-01-28T20:10:35.000;9.81;-13.07;281.1;14.22;20.34;12
2026-01-29T03:20:49.000;2026-01-28T20:20:49.000;10.18;-14.29;281.82;14.22;20.34;13
2026-01-29T03:31:05.000;2026-01-28T20:31:05.000;10.68;-17.13;483.49;13.63;20.34;14
2026-01-29T03:41:19.000;2026-01-28T20:41:19.000;9.55;-14.81;587.75;13.42;20.34;15
2026-01-29T03:51:34.000;2026-01-28T20:51:34.000;9.04;-16.51;632.27;13.34;20.34;16
2026-01-29T04:07:06.000;2026-01-28T21:07:06.000;9.25;-17.28;635.97;13.33;20.34;17
2026-01-29T04:17:27.000;2026-01-28T21:17:27.000;9.85;-15.17;321.07;14.07;20.34;18
2026-01-29T04:27:41.000;2026-01-28T21:27:41.000;9.64;-9.55;147.99;14.91;20.34;19
2026-01-29T04:38:02.000;2026-01-28T21:38:02.000;10.19;-8.75;47.8;16.14;20.34;20
2026-01-29T04:48:19.000;2026-01-28T21:48:19.000;11.01;-8.28;63.52;15.83;20.34;21
2026-01-29T04:58:37.000;2026-01-28T21:58:37.000;11.43;-7.75;44.09;16.23;20.34;22
2026-01-29T05:08:54.000;2026-01-28T22:08:54.000;11.43;-8.02;39.27;16.35;20.34;23
2026-01-29T05:19:16.000;2026-01-28T22:19:16.000;11.11;-6.98;33.69;16.52;20.34;24
2026-01-29T05:29:31.000;2026-01-28T22:29:31.000;10.51;-7.03;35.1;16.48;20.34;25
2026-01-29T05:39:48.000;2026-01-28T22:39:48.000;10.15;-7.68;30.71;16.62;20.34;26
2026-01-29T05:50:01.000;2026-01-28T22:50:01.000;10.1;-8.04;28.69;16.7;20.34;27
2026-01-29T06:00:15.000;2026-01-28T23:00:15.000;9.88;-9.19;24.89;16.85;20.34;28
2026-01-29T06:10:32.000;2026-01-28T23:10:32.000;9.69;-8.23;22.69;16.95;20.34;29
2026-01-29T06:20:46.000;2026-01-28T23:20:46.000;9.82;-9.41;19.62;17.11;20.34;30
2026-01-29T06:31:01.000;2026-01-28T23:31:01.000;9.34;-11.41;16.01;17.33;20.34;31
2026-01-29T06:41:17.000;2026-01-28T23:41:17.000;8.86;-11.25;15.32;17.38;20.34;32
2026-01-29T06:51:32.000;2026-01-28T23:51:32.000;8.75;-11.25;16.96;17.27;20.34;33
2026-01-29T07:01:47.000;2026-01-29T00:01:47.000;8.45;-13.6;13.36;17.53;20.34;34
2026-01-29T07:22:20.000;2026-01-29T00:22:20.000;10.03;-15.13;12.76;17.58;20.34;35
2026-01-29T07:32:45.000;2026-01-29T00:32:45.000;9.43;-14.16;12.36;17.61;20.34;36
2026-01-29T07:42:58.000;2026-01-29T00:42:58.000;8.38;-13.64;10.47;17.79;20.34;37
2026-01-29T07:53:12.000;2026-01-29T00:53:12.000;8.05;-13.29;10.13;17.83;20.34;38
2026-01-29T08:03:27.000;2026-01-29T01:03:27.000;7.82;-12.5;9.27;17.92;20.34;39
2026-01-29T08:13:44.000;2026-01-29T01:13:44.000;7.67;-11.38;8.91;17.97;20.34;40
2026-01-29T08:23:59.000;2026-01-29T01:23:59.000;7.56;-10.43;9.27;17.92;20.34;41
2026-01-29T08:34:14.000;2026-01-29T01:34:14.000;7.81;-9.74;8.72;17.99;20.34;42
2026-01-29T08:44:29.000;2026-01-29T01:44:29.000;8.52;-9.09;8.08;18.07;20.34;43
2026-01-29T08:54:42.000;2026-01-29T01:54:42.000;8.28;-7.82;7.88;18.1;20.34;44
2026-01-29T09:04:56.000;2026-01-29T02:04:56.000;8.55;-7.22;7.78;18.11;20.34;45
2026-01-29T09:15:10.000;2026-01-29T02:15:10.000;8.8;-5.86;7.37;18.17;20.34;46
2026-01-29T09:25:24.000;2026-01-29T02:25:24.000;8.6;-5.01;6.7;18.27;20.34;47
2026-01-29T09:35:38.000;2026-01-29T02:35:38.000;8.49;-3.84;7.37;18.17;20.34;48
2026-01-29T09:45:52.000;2026-01-29T02:45:52.000;8.43;-3.6;6.01;18.39;20.34;49
2026-01-29T09:56:05.000;2026-01-29T02:56:05.000;8.15;-4.53;5.29;18.53;20.34;50
2026-01-29T10:06:21.000;2026-01-29T03:06:21.000;8.2;-5.18;4.75;18.65;20.34;51
2026-01-29T10:16:34.000;2026-01-29T03:16:34.000;8.1;-4.98;4.24;18.77;20.34;52
2026-01-29T10:26:48.000;2026-01-29T03:26:48.000;8.13;-4.8;3.86;18.87;20.34;53
2026-01-29T10:37:02.000;2026-01-29T03:37:02.000;8.3;-5.83;3.42;19.01;20.34;54
2026-01-29T10:47:16.000;2026-01-29T03:47:16.000;7.62;-5.51;2.56;19.32;20.34;55
2026-01-29T10:57:29.000;2026-01-29T03:57:29.000;7.42;-4.75;2.05;19.56;20.34;56
2026-01-29T11:07:45.000;2026-01-29T04:07:45.000;7.35;-4.41;1.31;20.05;20.34;57
2026-01-29T11:17:58.000;2026-01-29T04:17:58.000;7.26;-4.53;1.3;20.05;20.34;58
2026-01-29T11:28:12.000;2026-01-29T04:28:12.000;7.46;-4.66;1.07;20.26;20.34;59
2026-01-29T11:38:26.000;2026-01-29T04:38:26.000;7.45;-5.73;0.76;20.64;20.34;60
2026-01-29T11:48:41.000;2026-01-29T04:48:41.000;7.56;-5.2;0.77;20.62;20.34;61
2026-01-29T12:04:13.000;2026-01-29T05:04:13.000;8.63;-6.42;0.89;20.46;20.34;62
2026-01-29T12:14:34.000;2026-01-29T05:14:34.000;8.79;-7.34;0.66;20.78;20.34;63
2026-01-29T12:24:47.000;2026-01-29T05:24:47.000;8.35;-6.47;0.72;20.7;20.34;64
2026-01-29T12:35:00.000;2026-01-29T05:35:00.000;8.19;-6.44;0.59;20.91;20.34;65
2026-01-29T12:45:14.000;2026-01-29T05:45:14.000;8.05;-7.09;0.57;20.94;20.34;66
2026-01-29T12:55:33.000;2026-01-29T05:55:33.000;7.53;-8.07;0.62;20.86;20.34;67
2026-01-29T13:05:48.000;2026-01-29T06:05:48.000;7.43;-8.86;0.59;20.91;20.34;68
2026-01-29T13:16:03.000;2026-01-29T06:16:03.000;7.3;-9.47;0.86;20.5;20.34;69
2026-01-29T13:26:18.000;2026-01-29T06:26:18.000;7.07;-9.27;2.57;19.32;20.34;70
2026-01-29T13:36:32.000;2026-01-29T06:36:32.000;7.25;-8.67;12.9;17.56;20.34;71
2026-01-29T13:46:46.000;2026-01-29T06:46:46.000;7.19;-7.59;124.89;15.1;20.34;72
2026-01-29T13:56:59.000;2026-01-29T06:56:59.000;7.23;-6.54;1596.39;12.33;20.34;73
2026-01-30T01:15:20.000;2026-01-29T18:15:20.000;11.38;-7.02;5616.38;10.97;20.34;1
2026-01-30T01:25:38.000;2026-01-29T18:25:38.000;12.35;-6.22;369.9;13.92;20.34;2
2026-01-30T01:35:53.000;2026-01-29T18:35:53.000;12.48;-6.88;58.32;15.93;20.34;3
2026-01-30T01:46:10.000;2026-01-29T18:46:10.000;11.97;-7.44;27.76;16.73;20.34;4
2026-01-30T01:56:28.000;2026-01-29T18:56:28.000;11.61;-7.72;27.6;16.74;20.34;5
2026-01-30T02:06:43.000;2026-01-29T19:06:43.000;11.98;-7.45;29.38;16.67;20.34;6
2026-01-30T02:16:58.000;2026-01-29T19:16:58.000;11.91;-7.97;29.51;16.66;20.34;7
2026-01-30T02:27:13.000;2026-01-29T19:27:13.000;11.73;-7.49;29.95;16.65;20.34;8
2026-01-30T02:42:48.000;2026-01-29T19:42:48.000;12.31;-9.32;37.77;16.4;20.34;9
2026-01-30T02:53:08.000;2026-01-29T19:53:08.000;11.87;-10.81;36.99;16.42;20.34;10
2026-01-30T03:03:23.000;2026-01-29T20:03:23.000;11.03;-11.85;38.11;16.39;20.34;11
2026-01-30T03:13:39.000;2026-01-29T20:13:39.000;10.72;-13.83;43.45;16.25;20.34;12
2026-01-30T03:23:54.000;2026-01-29T20:23:54.000;9.88;-17.29;102.72;15.31;20.34;13
2026-01-30T03:34:08.000;2026-01-29T20:34:08.000;8.88;-20.75;194.39;14.62;20.34;14
2026-01-30T03:44:23.000;2026-01-29T20:44:23.000;7.63;-21.84;274.7;14.24;20.34;15
2026-01-30T03:54:36.000;2026-01-29T20:54:36.000;6.9;-22.28;326.16;14.06;20.34;16
2026-01-30T04:10:09.000;2026-01-29T21:10:09.000;7.4;-23.42;445.71;13.72;20.34;17
2026-01-30T04:20:30.000;2026-01-29T21:20:30.000;7.25;-23.01;440.18;13.73;20.34;18
2026-01-30T04:30:45.000;2026-01-29T21:30:45.000;6.36;-22.94;608.78;13.38;20.34;19
2026-01-30T04:40:58.000;2026-01-29T21:40:58.000;5.8;-23.11;858.53;13.01;20.34;20
2026-01-30T04:51:12.000;2026-01-29T21:51:12.000;5.49;-23.54;1002.71;12.84;20.34;21
2026-01-30T05:01:25.000;2026-01-29T22:01:25.000;5.54;-23.49;1037.14;12.8;20.34;22
2026-01-30T05:11:40.000;2026-01-29T22:11:40.000;5.68;-23.67;910.23;12.94;20.34;23
2026-01-30T05:26:59.000;2026-01-29T22:26:59.000;6.07;-24.17;668.31;13.28;20.34;24
2026-01-30T05:37:19.000;2026-01-29T22:37:19.000;6.26;-23.7;395.09;13.85;20.34;25
2026-01-30T05:47:33.000;2026-01-29T22:47:33.000;5.56;-23.66;264.95;14.28;20.34;26
2026-01-30T05:57:47.000;2026-01-29T22:57:47.000;5.1;-23.81;107.59;15.26;20.34;27
2026-01-30T06:08:01.000;2026-01-29T23:08:01.000;4.6;-23.49;51.8;16.05;20.34;28
2026-01-30T06:18:15.000;2026-01-29T23:18:15.000;4.84;-23.49;41.42;16.3;20.34;29
2026-01-30T06:28:28.000;2026-01-29T23:28:28.000;5.1;-23.65;33.9;16.51;20.34;30
2026-01-30T06:38:45.000;2026-01-29T23:38:45.000;5.09;-23.71;26.91;16.77;20.34;31
2026-01-30T06:48:59.000;2026-01-29T23:48:59.000;4.74;-23.8;21.82;16.99;20.34;32
2026-01-30T07:09:18.000;2026-01-30T00:09:18.000;6.76;-25.0;19.3;17.13;20.34;33
2026-01-30T07:19:41.000;2026-01-30T00:19:41.000;5.59;-24.65;14.03;17.47;20.34;34
2026-01-30T07:29:53.000;2026-01-30T00:29:53.000;4.73;-24.16;12.28;17.62;20.34;35
2026-01-30T07:40:07.000;2026-01-30T00:40:07.000;4.28;-23.9;10.82;17.75;20.34;36
2026-01-30T07:50:20.000;2026-01-30T00:50:20.000;4.32;-24.21;10.4;17.8;20.34;37
2026-01-30T08:00:34.000;2026-01-30T01:00:34.000;4.05;-24.42;10.68;17.77;20.34;38
2026-01-30T08:10:50.000;2026-01-30T01:10:50.000;3.68;-24.5;10.67;17.77;20.34;39
2026-01-30T08:21:04.000;2026-01-30T01:21:04.000;4.26;-24.15;10.22;17.82;20.34;40
2026-01-30T08:31:18.000;2026-01-30T01:31:18.000;4.23;-24.11;10.44;17.79;20.34;41
2026-01-30T08:41:32.000;2026-01-30T01:41:32.000;4.06;-24.89;9.11;17.94;20.34;42
2026-01-30T08:51:47.000;2026-01-30T01:51:47.000;4.01;-24.96;7.27;18.19;20.34;43
2026-01-30T09:02:01.000;2026-01-30T02:02:01.000;3.63;-25.14;5.95;18.4;20.34;44
2026-01-30T09:12:15.000;2026-01-30T02:12:15.000;3.61;-24.96;5.25;18.54;20.34;45
2026-01-30T09:22:29.000;2026-01-30T02:22:29.000;3.29;-25.07;5.04;18.58;20.34;46
2026-01-30T09:32:43.000;2026-01-30T02:32:43.000;3.31;-24.84;4.73;18.65;20.34;47
2026-01-30T09:42:57.000;2026-01-30T02:42:57.000;3.09;-25.09;4.47;18.71;20.34;48
2026-01-30T09:53:11.000;2026-01-30T02:53:11.000;3.27;-25.22;4.21;18.78;20.34;49
2026-01-30T10:03:25.000;2026-01-30T03:03:25.000;3.17;-25.06;3.99;18.84;20.34;50
2026-01-30T10:13:39.000;2026-01-30T03:13:39.000;3.38;-25.14;3.66;18.93;20.34;51
2026-01-31T01:18:13.000;2026-01-30T18:18:13.000;9.35;-19.86;3278.16;11.55;20.34;1
2026-01-31T01:33:45.000;2026-01-30T18:33:45.000;10.67;-21.81;148.79;14.91;20.34;2
2026-01-31T01:44:05.000;2026-01-30T18:44:05.000;10.22;-21.43;17.44;17.24;20.34;3
2026-01-31T01:54:19.000;2026-01-30T18:54:19.000;9.56;-22.17;10.44;17.79;20.34;4
2026-01-31T02:04:35.000;2026-01-30T19:04:35.000;8.99;-21.52;9.52;17.89;20.34;5
2026-01-31T02:14:50.000;2026-01-30T19:14:50.000;8.62;-22.17;9.23;17.93;20.34;6
2026-01-31T02:25:09.000;2026-01-30T19:25:09.000;8.12;-22.52;9.37;17.91;20.34;7
2026-01-31T02:35:23.000;2026-01-30T19:35:23.000;7.23;-23.08;9.68;17.87;20.34;8
2026-01-31T02:45:39.000;2026-01-30T19:45:39.000;7.72;-22.55;10.53;17.78;20.34;9
2026-01-31T02:55:54.000;2026-01-30T19:55:54.000;7.59;-22.51;11.79;17.66;20.34;10
2026-01-31T03:06:10.000;2026-01-30T20:06:10.000;7.46;-23.29;13.32;17.53;20.34;11
2026-01-31T03:16:25.000;2026-01-30T20:16:25.000;7.39;-22.71;14.75;17.42;20.34;12
2026-01-31T03:32:01.000;2026-01-30T20:32:01.000;8.0;-23.29;19.93;17.09;20.34;13
2026-01-31T03:42:26.000;2026-01-30T20:42:26.000;8.08;-23.29;21.64;17.0;20.34;14
2026-01-31T03:52:39.000;2026-01-30T20:52:39.000;6.72;-22.97;27.32;16.75;20.34;15
2026-01-31T04:02:57.000;2026-01-30T21:02:57.000;6.46;-22.83;49.36;16.11;20.34;16
2026-01-31T04:18:32.000;2026-01-30T21:18:32.000;7.69;-23.51;83.78;15.53;20.34;17
2026-01-31T04:28:53.000;2026-01-30T21:28:53.000;7.39;-23.34;123.65;15.11;20.34;18
2026-01-31T04:39:09.000;2026-01-30T21:39:09.000;6.55;-22.94;247.35;14.36;20.34;19
2026-01-31T04:49:26.000;2026-01-30T21:49:26.000;6.15;-22.85;351.24;13.98;20.34;20
2026-01-31T04:59:41.000;2026-01-30T21:59:41.000;6.2;-22.8;399.62;13.84;20.34;21
2026-01-31T05:09:58.000;2026-01-30T22:09:58.000;6.33;-23.04;496.42;13.6;20.34;22
2026-01-31T05:20:14.000;2026-01-30T22:20:14.000;6.37;-22.95;556.28;13.48;20.34;23
2026-01-31T05:30:28.000;2026-01-30T22:30:28.000;5.98;-23.33;573.34;13.44;20.34;24
2026-01-31T05:40:41.000;2026-01-30T22:40:41.000;5.73;-23.36;735.16;13.17;20.34;25
2026-01-31T05:56:14.000;2026-01-30T22:56:14.000;5.75;-23.75;1261.14;12.59;20.34;26
2026-01-31T06:06:38.000;2026-01-30T23:06:38.000;5.67;-23.23;1099.61;12.74;20.34;27
2026-01-31T06:16:51.000;2026-01-30T23:16:51.000;5.26;-22.83;855.25;13.01;20.34;28
2026-01-31T06:27:05.000;2026-01-30T23:27:05.000;4.97;-22.69;612.13;13.37;20.34;29
2026-01-31T06:37:18.000;2026-01-30T23:37:18.000;4.92;-22.0;494.49;13.6;20.34;30
2026-01-31T06:47:32.000;2026-01-30T23:47:32.000;5.31;-22.55;316.2;14.09;20.34;31
2026-01-31T06:57:52.000;2026-01-30T23:57:52.000;5.26;-23.27;115.15;15.19;20.34;32
2026-01-31T07:08:06.000;2026-01-31T00:08:06.000;5.4;-21.69;66.74;15.78;20.34;33
2026-01-31T07:18:24.000;2026-01-31T00:18:24.000;5.9;-22.63;52.72;16.04;20.34;34
2026-01-31T07:28:38.000;2026-01-31T00:28:38.000;6.78;-21.99;43.77;16.24;20.34;35
2026-01-31T07:38:54.000;2026-01-31T00:38:54.000;7.86;-22.73;34.78;16.49;20.34;36
2026-01-31T07:49:08.000;2026-01-31T00:49:08.000;7.61;-21.82;28.81;16.69;20.34;37
2026-01-31T07:59:22.000;2026-01-31T00:59:22.000;6.74;-24.56;24.2;16.88;20.34;38
2026-01-31T08:09:35.000;2026-01-31T01:09:35.000;5.32;-23.72;20.61;17.05;20.34;39
2026-01-31T08:19:48.000;2026-01-31T01:19:48.000;4.39;-24.55;18.16;17.19;20.34;40
2026-01-31T08:30:03.000;2026-01-31T01:30:03.000;3.68;-23.57;15.73;17.35;20.34;41
2026-01-31T08:40:16.000;2026-01-31T01:40:16.000;3.5;-23.89;13.77;17.49;20.34;42
2026-01-31T08:50:30.000;2026-01-31T01:50:30.000;3.26;-23.03;13.69;17.5;20.34;43
2026-01-31T09:00:44.000;2026-01-31T02:00:44.000;3.2;-23.99;13.95;17.48;20.34;44
2026-01-31T09:10:59.000;2026-01-31T02:10:59.000;3.2;-23.47;13.9;17.48;20.34;45
2026-01-31T09:21:13.000;2026-01-31T02:21:13.000;3.33;-23.11;13.57;17.51;20.34;46
2026-01-31T09:41:42.000;2026-01-31T02:41:42.000;3.53;-22.8;11.71;17.67;20.34;48
2026-01-31T09:51:57.000;2026-01-31T02:51:57.000;3.88;-23.04;9.0;17.95;20.34;49
2026-01-31T10:02:10.000;2026-01-31T03:02:10.000;3.87;-23.25;7.43;18.16;20.34;50
2026-01-31T10:12:24.000;2026-01-31T03:12:24.000;4.08;-23.18;6.71;18.27;20.34;51
2026-01-31T10:22:39.000;2026-01-31T03:22:39.000;4.36;-23.6;6.49;18.31;20.34;52
2026-01-31T10:32:53.000;2026-01-31T03:32:53.000;5.36;-21.91;6.09;18.38;20.34;53
2026-01-31T10:43:10.000;2026-01-31T03:43:10.000;7.14;-22.15;5.75;18.44;20.34;54
2026-01-31T10:53:24.000;2026-01-31T03:53:24.000;5.57;-23.51;5.42;18.5;20.34;55
2026-01-31T11:03:39.000;2026-01-31T04:03:39.000;4.61;-23.49;5.12;18.57;20.34;56
2026-01-31T11:13:52.000;2026-01-31T04:13:52.000;5.45;-22.51;4.69;18.66;20.34;57
2026-01-31T11:24:06.000;2026-01-31T04:24:06.000;7.27;-22.38;4.32;18.75;20.34;58
2026-01-31T11:34:20.000;2026-01-31T04:34:20.000;8.24;-21.96;3.97;18.84;20.34;59
2026-01-31T11:44:35.000;2026-01-31T04:44:35.000;8.75;-22.64;3.68;18.93;20.34;60
2026-01-31T11:54:50.000;2026-01-31T04:54:50.000;9.07;-22.7;3.39;19.01;20.34;61
2026-01-31T12:05:04.000;2026-01-31T05:05:04.000;7.74;-24.01;3.06;19.12;20.34;62
2026-01-31T12:15:16.000;2026-01-31T05:15:16.000;5.95;-23.7;2.68;19.27;20.34;63
2026-01-31T12:25:34.000;2026-01-31T05:25:34.000;4.77;-23.72;2.32;19.43;20.34;64
2026-01-31T12:35:49.000;2026-01-31T05:35:49.000;4.2;-23.27;2.07;19.55;20.34;65
