# Definition of the community standard for skyglow observations 1.0
# URL: http://www.darksky.org/NSBM/sdf1.0.pdf
# Number of header lines: 35
# This data is released under the following license: ODbL 1.0 http://opendatacommons.org/licenses/odbl/summary/
# Device type: TESS-WDL
# Instrument ID: stars1414
# Data supplier: None / None
# Location name: Vatican Advanced Technology Telescope / Safford / Arizona / Arizona / United States 
# Position: 32.7013, -109.892, None
# Local timezone: America/Phoenix
# Time Synchronization: timestamp added by MQTT subscriber
# Moving / Stationary position: STATIONARY
# Moving / Fixed look direction: FIXED
# Number of channels: 1
# Filters per channel: None
# Measurement direction per channel: (0.0, 0.0)
# Field of view: 17.0
# Number of fields per line: 8
# TESS MAC address: D0:EF:76:11:23:98
# TESS firmware version: Oct 17 2024 v4.32
# TESS cover offset value: 0.0
# TESS zero point: 20.34
# Comment:  
# Comment:
# Comment:
# Comment:
# Comment:
# Comment: Current Zero Point in the header corresponds to the UV/IR-cut channel
# Comment: MSAS = ZP - 2.5*log10(Frequency)
# blank line 30
# blank line 31
# blank line 32
# UTC Date & Time, Local Date & Time, Enclosure Temperature, Sky Temperature, Freq1, MSAS1, ZP1, Freq2, MSAS2, ZP2, Freq3,  MSAS3, ZP3, Freq4, MSAS4, ZP4, Sequence Number
# YYYY-MM-DDTHH:mm:ss.fff;YYYY-MM-DDTHH:mm:ss.fff;Celsius;Celsius;Hz;mag/arcsec^2;mag/arcsec^2;Hz;mag/arcsec^2;mag/arcsec^2;Hz;mag/arcsec^2;mag/arcsec^2;Hz;mag/arcsec^2;mag/arcsec^2; Multiple of Tx period
# END OF HEADER
2026-04-01T02:20:10.000;2026-03-31T19:20:10.000;20.18;-0.44;1257.58;12.59;20.34;1
2026-04-01T02:36:00.000;2026-03-31T19:36:00.000;21.04;-0.2;18.39;17.18;20.34;2
2026-04-01T02:51:37.000;2026-03-31T19:51:37.000;21.22;0.74;18.0;17.2;20.34;3
2026-04-01T03:01:57.000;2026-03-31T20:01:57.000;20.18;0.2;19.54;17.11;20.34;4
2026-04-01T03:12:16.000;2026-03-31T20:12:16.000;18.7;-1.72;10.63;17.77;20.34;5
2026-04-01T03:22:36.000;2026-03-31T20:22:36.000;17.27;-3.81;7.6;18.14;20.34;6
2026-04-01T03:48:22.000;2026-03-31T20:48:22.000;19.52;-6.29;12.51;17.6;20.34;7
2026-04-01T04:03:51.000;2026-03-31T21:03:51.000;18.95;-3.66;18.17;17.19;20.34;8
2026-04-01T04:14:13.000;2026-03-31T21:14:13.000;18.88;-1.17;22.94;16.94;20.34;9
2026-04-01T04:24:28.000;2026-03-31T21:24:28.000;18.34;1.86;40.57;16.32;20.34;10
2026-04-01T04:34:43.000;2026-03-31T21:34:43.000;19.13;2.98;41.92;16.28;20.34;11
2026-04-01T04:50:29.000;2026-03-31T21:50:29.000;20.14;4.89;50.26;16.09;20.34;12
2026-04-01T05:06:11.000;2026-03-31T22:06:11.000;20.74;6.54;43.37;16.25;20.34;13
2026-04-01T05:47:24.000;2026-03-31T22:47:24.000;22.04;5.99;32.52;16.56;20.34;15
2026-04-01T06:18:52.000;2026-03-31T23:18:52.000;20.74;6.96;18.31;17.18;20.34;17
2026-04-01T06:49:27.000;2026-03-31T23:49:27.000;22.51;6.42;36.4;16.44;20.34;18
2026-04-01T07:10:14.000;2026-04-01T00:10:14.000;19.57;2.6;47.59;16.15;20.34;20
2026-04-01T07:25:59.000;2026-04-01T00:25:59.000;19.97;0.96;51.22;16.07;20.34;21
2026-04-01T08:58:59.000;2026-04-01T01:58:59.000;21.63;2.51;47.58;16.15;20.34;25
2026-04-01T09:09:21.000;2026-04-01T02:09:21.000;19.6;2.29;31.16;16.61;20.34;26
2026-04-01T09:45:51.000;2026-04-01T02:45:51.000;18.82;-4.46;21.42;17.01;20.34;28
2026-04-02T02:00:48.000;2026-04-01T19:00:48.000;15.74;-10.23;4850.13;11.13;20.34;1
2026-04-02T02:11:03.000;2026-04-01T19:11:03.000;15.62;-10.45;328.65;14.05;20.34;2
2026-04-02T02:21:18.000;2026-04-01T19:21:18.000;15.18;-10.05;27.77;16.73;20.34;3
2026-04-02T02:36:54.000;2026-04-01T19:36:54.000;15.94;-10.66;6.37;18.33;20.34;4
2026-04-02T02:47:18.000;2026-04-01T19:47:18.000;15.43;-10.69;4.95;18.6;20.34;5
2026-04-02T02:57:33.000;2026-04-01T19:57:33.000;13.89;-10.46;5.28;18.53;20.34;6
2026-04-02T03:22:54.000;2026-04-01T20:22:54.000;15.88;-11.06;7.34;18.18;20.34;7
2026-04-02T03:33:21.000;2026-04-01T20:33:21.000;15.07;-10.8;7.26;18.19;20.34;8
2026-04-02T03:53:55.000;2026-04-01T20:53:55.000;13.03;-10.57;8.02;18.08;20.34;10
2026-04-02T04:04:17.000;2026-04-01T21:04:17.000;12.96;-11.31;8.41;18.03;20.34;11
2026-04-02T04:14:32.000;2026-04-01T21:14:32.000;13.21;-10.83;8.91;17.97;20.34;12
2026-04-02T04:24:47.000;2026-04-01T21:24:47.000;13.38;-11.22;9.5;17.9;20.34;13
2026-04-02T04:35:08.000;2026-04-01T21:35:08.000;13.46;-11.54;10.03;17.84;20.34;14
2026-04-02T04:45:23.000;2026-04-01T21:45:23.000;13.78;-11.8;10.46;17.79;20.34;15
2026-04-02T04:55:38.000;2026-04-01T21:55:38.000;13.98;-11.71;11.57;17.68;20.34;16
2026-04-02T05:16:18.000;2026-04-01T22:16:18.000;14.41;-11.93;14.57;17.43;20.34;18
2026-04-02T05:31:55.000;2026-04-01T22:31:55.000;15.26;-12.87;15.94;17.33;20.34;19
2026-04-02T05:42:17.000;2026-04-01T22:42:17.000;15.07;-12.45;15.26;17.38;20.34;20
2026-04-02T05:52:37.000;2026-04-01T22:52:37.000;14.37;-12.48;15.56;17.36;20.34;21
2026-04-02T06:02:52.000;2026-04-01T23:02:52.000;13.87;-12.87;15.98;17.33;20.34;22
2026-04-02T06:13:08.000;2026-04-01T23:13:08.000;13.73;-13.0;16.29;17.31;20.34;23
2026-04-02T06:23:26.000;2026-04-01T23:23:26.000;13.67;-13.47;16.74;17.28;20.34;24
2026-04-02T06:44:02.000;2026-04-01T23:44:02.000;14.81;-14.98;19.02;17.14;20.34;25
2026-04-02T06:54:27.000;2026-04-01T23:54:27.000;13.71;-13.84;20.09;17.08;20.34;26
2026-04-02T07:04:43.000;2026-04-02T00:04:43.000;12.16;-13.28;17.92;17.21;20.34;27
2026-04-02T07:25:32.000;2026-04-02T00:25:32.000;13.21;-13.81;20.34;17.07;20.34;28
2026-04-02T07:36:01.000;2026-04-02T00:36:01.000;12.72;-13.61;18.98;17.14;20.34;29
2026-04-03T02:09:19.000;2026-04-02T19:09:19.000;19.26;-9.59;2203.8;11.98;20.34;1
2026-04-03T02:19:41.000;2026-04-02T19:19:41.000;19.12;-10.8;72.22;15.69;20.34;2
2026-04-03T02:29:53.000;2026-04-02T19:29:53.000;17.78;-10.52;10.01;17.84;20.34;3
2026-04-03T02:40:07.000;2026-04-02T19:40:07.000;17.14;-10.46;1.98;19.6;20.34;4
2026-04-03T02:50:22.000;2026-04-02T19:50:22.000;16.46;-10.52;1.2;20.14;20.34;5
2026-04-03T03:00:37.000;2026-04-02T20:00:37.000;16.11;-10.56;1.48;19.92;20.34;6
2026-04-03T03:10:53.000;2026-04-02T20:10:53.000;15.92;-11.11;1.47;19.92;20.34;7
2026-04-03T03:21:07.000;2026-04-02T20:21:07.000;15.52;-11.2;1.76;19.73;20.34;8
2026-04-03T03:31:22.000;2026-04-02T20:31:22.000;15.35;-11.18;1.9;19.64;20.34;9
2026-04-03T03:41:40.000;2026-04-02T20:41:40.000;15.09;-11.63;1.96;19.61;20.34;10
2026-04-03T04:02:11.000;2026-04-02T21:02:11.000;15.16;-11.46;3.2;19.08;20.34;12
2026-04-03T04:12:25.000;2026-04-02T21:12:25.000;15.43;-12.25;3.85;18.88;20.34;13
2026-04-03T04:22:40.000;2026-04-02T21:22:40.000;15.62;-12.71;4.19;18.78;20.34;14
2026-04-03T04:32:53.000;2026-04-02T21:32:53.000;15.87;-11.56;4.63;18.68;20.34;15
2026-04-03T04:43:09.000;2026-04-02T21:43:09.000;15.57;-11.97;4.62;18.68;20.34;16
2026-04-03T04:53:24.000;2026-04-02T21:53:24.000;15.51;-11.71;5.14;18.56;20.34;17
2026-04-03T05:03:39.000;2026-04-02T22:03:39.000;15.64;-11.33;5.35;18.52;20.34;18
2026-04-03T05:13:58.000;2026-04-02T22:13:58.000;15.87;-11.89;5.63;18.46;20.34;19
2026-04-03T05:24:14.000;2026-04-02T22:24:14.000;15.65;-12.14;5.82;18.43;20.34;20
2026-04-03T05:34:30.000;2026-04-02T22:34:30.000;15.35;-12.52;6.2;18.36;20.34;21
2026-04-03T05:44:46.000;2026-04-02T22:44:46.000;15.11;-13.43;6.3;18.34;20.34;22
2026-04-03T05:55:03.000;2026-04-02T22:55:03.000;14.45;-13.33;6.5;18.31;20.34;23
2026-04-03T06:05:17.000;2026-04-02T23:05:17.000;13.24;-14.85;6.34;18.33;20.34;24
2026-04-03T06:15:31.000;2026-04-02T23:15:31.000;11.97;-14.3;7.47;18.16;20.34;25
2026-04-03T06:25:44.000;2026-04-02T23:25:44.000;11.72;-13.79;7.46;18.16;20.34;26
2026-04-03T06:36:02.000;2026-04-02T23:36:02.000;11.18;-13.68;7.94;18.09;20.34;27
2026-04-03T06:46:17.000;2026-04-02T23:46:17.000;10.57;-13.22;8.28;18.05;20.34;28
2026-04-03T06:56:31.000;2026-04-02T23:56:31.000;10.17;-12.66;8.94;17.96;20.34;29
2026-04-03T07:06:45.000;2026-04-03T00:06:45.000;10.4;-12.56;9.41;17.91;20.34;30
2026-04-03T07:17:01.000;2026-04-03T00:17:01.000;10.3;-11.99;9.85;17.86;20.34;31
2026-04-03T07:27:16.000;2026-04-03T00:27:16.000;10.02;-12.52;10.17;17.82;20.34;32
2026-04-03T07:37:31.000;2026-04-03T00:37:31.000;9.85;-12.08;10.42;17.8;20.34;33
2026-04-03T07:47:46.000;2026-04-03T00:47:46.000;9.92;-12.56;10.58;17.78;20.34;34
2026-04-03T07:58:00.000;2026-04-03T00:58:00.000;10.37;-12.29;10.46;17.79;20.34;35
2026-04-03T08:08:16.000;2026-04-03T01:08:16.000;10.25;-12.22;10.59;17.78;20.34;36
2026-04-03T08:18:31.000;2026-04-03T01:18:31.000;10.29;-13.15;10.51;17.79;20.34;37
2026-04-03T08:28:46.000;2026-04-03T01:28:46.000;10.06;-12.8;10.06;17.83;20.34;38
2026-04-03T08:54:22.000;2026-04-03T01:54:22.000;13.62;-14.83;10.34;17.8;20.34;39
2026-04-03T09:04:47.000;2026-04-03T02:04:47.000;13.17;-13.7;8.3;18.04;20.34;40
2026-04-03T09:15:01.000;2026-04-03T02:15:01.000;11.49;-14.37;7.83;18.11;20.34;41
2026-04-03T09:25:16.000;2026-04-03T02:25:16.000;10.2;-14.36;7.38;18.17;20.34;42
2026-04-03T09:35:29.000;2026-04-03T02:35:29.000;9.88;-14.48;7.0;18.23;20.34;43
2026-04-03T09:45:44.000;2026-04-03T02:45:44.000;9.45;-14.13;6.82;18.26;20.34;44
2026-04-03T09:55:59.000;2026-04-03T02:55:59.000;8.76;-14.47;6.51;18.31;20.34;45
2026-04-03T10:06:13.000;2026-04-03T03:06:13.000;8.39;-14.9;6.29;18.34;20.34;46
2026-04-03T10:16:28.000;2026-04-03T03:16:28.000;7.97;-14.95;6.06;18.38;20.34;47
2026-04-03T10:26:45.000;2026-04-03T03:26:45.000;8.26;-14.6;5.84;18.42;20.34;48
2026-04-03T10:36:59.000;2026-04-03T03:36:59.000;8.13;-15.21;5.6;18.47;20.34;49
2026-04-03T10:47:13.000;2026-04-03T03:47:13.000;7.8;-15.3;5.34;18.52;20.34;50
2026-04-03T10:57:27.000;2026-04-03T03:57:27.000;7.69;-15.71;5.03;18.59;20.34;51
2026-04-03T11:07:41.000;2026-04-03T04:07:41.000;7.67;-16.24;4.76;18.65;20.34;52
2026-04-03T11:17:55.000;2026-04-03T04:17:55.000;7.25;-16.21;4.53;18.7;20.34;53
2026-04-03T11:28:11.000;2026-04-03T04:28:11.000;7.08;-15.91;4.21;18.78;20.34;54
2026-04-03T11:38:25.000;2026-04-03T04:38:25.000;6.73;-16.06;3.88;18.87;20.34;55
2026-04-03T11:48:39.000;2026-04-03T04:48:39.000;7.12;-15.59;3.61;18.95;20.34;56
2026-04-03T11:58:53.000;2026-04-03T04:58:53.000;7.23;-17.39;3.43;19.0;20.34;57
2026-04-03T12:09:08.000;2026-04-03T05:09:08.000;6.39;-17.37;3.29;19.05;20.34;58
2026-04-03T12:19:23.000;2026-04-03T05:19:23.000;6.17;-16.71;3.99;18.84;20.34;59
2026-04-03T12:29:38.000;2026-04-03T05:29:38.000;6.41;-16.04;16.41;17.3;20.34;60
2026-04-03T12:39:54.000;2026-04-03T05:39:54.000;6.81;-15.15;146.87;14.92;20.34;61
2026-04-03T12:50:13.000;2026-04-03T05:50:13.000;7.38;-15.75;2140.8;12.01;20.34;62
2026-04-04T02:01:48.000;2026-04-03T19:01:48.000;19.24;-6.78;6879.59;10.75;20.34;1
2026-04-04T02:12:07.000;2026-04-03T19:12:07.000;19.29;-7.38;603.34;13.39;20.34;2
2026-04-04T02:22:22.000;2026-04-03T19:22:22.000;19.22;-6.71;40.42;16.32;20.34;3
2026-04-04T02:32:37.000;2026-04-03T19:32:37.000;19.23;-11.95;3.93;18.85;20.34;4
2026-04-04T02:42:51.000;2026-04-03T19:42:51.000;19.09;-10.38;1.09;20.25;20.34;5
2026-04-04T02:53:08.000;2026-04-03T19:53:08.000;18.53;-9.51;0.86;20.5;20.34;6
2026-04-04T03:03:29.000;2026-04-03T20:03:29.000;18.3;-11.02;0.42;21.29;20.34;7
2026-04-04T03:13:43.000;2026-04-03T20:13:43.000;18.13;-11.82;0.57;20.95;20.34;8
2026-04-04T03:23:57.000;2026-04-03T20:23:57.000;17.54;-13.84;0.38;21.39;20.34;9
2026-04-04T03:34:12.000;2026-04-03T20:34:12.000;16.79;-12.03;0.68;20.75;20.34;10
2026-04-04T03:49:30.000;2026-04-03T20:49:30.000;16.86;-15.13;0.84;20.54;20.34;11
2026-04-04T04:10:12.000;2026-04-03T21:10:12.000;14.97;-10.89;2.18;19.49;20.34;13
2026-04-04T04:20:25.000;2026-04-03T21:20:25.000;13.63;-14.66;1.53;19.88;20.34;14
2026-04-04T04:30:38.000;2026-04-03T21:30:38.000;13.87;-11.16;3.1;19.11;20.34;15
2026-04-04T04:40:54.000;2026-04-03T21:40:54.000;14.85;-8.0;4.22;18.78;20.34;16
2026-04-04T04:51:11.000;2026-04-03T21:51:11.000;14.85;-12.36;2.68;19.27;20.34;17
2026-04-04T05:01:25.000;2026-04-03T22:01:25.000;14.77;-14.55;2.54;19.33;20.34;18
2026-04-04T05:11:41.000;2026-04-03T22:11:41.000;14.02;-13.67;2.93;19.17;20.34;19
2026-04-04T05:21:55.000;2026-04-03T22:21:55.000;13.07;-13.93;4.52;18.7;20.34;20
2026-04-04T05:32:08.000;2026-04-03T22:32:08.000;12.57;-13.25;4.62;18.68;20.34;21
2026-04-04T05:42:24.000;2026-04-03T22:42:24.000;12.5;-5.05;6.58;18.29;20.34;22
2026-04-04T05:52:40.000;2026-04-03T22:52:40.000;13.13;-7.2;4.45;18.72;20.34;23
2026-04-04T06:02:55.000;2026-04-03T23:02:55.000;12.81;-11.01;3.48;18.99;20.34;24
2026-04-04T06:13:12.000;2026-04-03T23:13:12.000;13.27;0.46;10.0;17.84;20.34;25
2026-04-04T06:23:29.000;2026-04-03T23:23:29.000;13.91;1.59;6.92;18.24;20.34;26
2026-04-04T06:33:45.000;2026-04-03T23:33:45.000;14.03;-0.03;9.08;17.94;20.34;27
2026-04-04T06:44:08.000;2026-04-03T23:44:08.000;14.14;0.62;9.75;17.87;20.34;28
2026-04-04T06:54:23.000;2026-04-03T23:54:23.000;14.38;2.34;9.11;17.94;20.34;29
2026-04-04T07:04:38.000;2026-04-04T00:04:38.000;15.0;3.03;11.31;17.71;20.34;30
2026-04-04T07:14:54.000;2026-04-04T00:14:54.000;15.8;2.48;12.99;17.56;20.34;31
2026-04-04T07:35:29.000;2026-04-04T00:35:29.000;15.8;-0.93;13.05;17.55;20.34;33
2026-04-04T07:45:43.000;2026-04-04T00:45:43.000;15.88;1.88;8.53;18.01;20.34;34
2026-04-04T07:56:03.000;2026-04-04T00:56:03.000;16.19;2.64;13.85;17.49;20.34;35
2026-04-04T08:06:21.000;2026-04-04T01:06:21.000;16.54;4.03;12.76;17.58;20.34;36
2026-04-04T08:16:36.000;2026-04-04T01:16:36.000;16.57;1.28;13.48;17.52;20.34;37
2026-04-04T08:26:51.000;2026-04-04T01:26:51.000;16.09;1.62;18.12;17.19;20.34;38
2026-04-04T08:37:06.000;2026-04-04T01:37:06.000;15.89;3.21;15.16;17.39;20.34;39
2026-04-04T08:47:20.000;2026-04-04T01:47:20.000;15.61;3.89;16.09;17.32;20.34;40
2026-04-04T09:02:53.000;2026-04-04T02:02:53.000;16.76;0.95;20.91;17.04;20.34;41
2026-04-04T09:23:28.000;2026-04-04T02:23:28.000;15.33;1.43;19.42;17.12;20.34;43
2026-04-04T09:44:07.000;2026-04-04T02:44:07.000;13.9;-5.55;11.0;17.74;20.34;45
2026-04-04T09:54:24.000;2026-04-04T02:54:24.000;12.93;-8.37;10.97;17.74;20.34;46
2026-04-04T10:04:44.000;2026-04-04T03:04:44.000;12.03;-13.71;7.2;18.2;20.34;47
2026-04-04T10:14:58.000;2026-04-04T03:14:58.000;11.17;-14.73;5.38;18.51;20.34;48
2026-04-04T10:25:11.000;2026-04-04T03:25:11.000;10.86;-11.79;5.52;18.48;20.34;49
2026-04-04T10:35:27.000;2026-04-04T03:35:27.000;10.8;-13.17;3.98;18.84;20.34;50
2026-04-04T10:55:59.000;2026-04-04T03:55:59.000;11.9;-15.74;4.2;18.78;20.34;51
2026-04-04T11:06:22.000;2026-04-04T04:06:22.000;11.24;-14.9;2.35;19.41;20.34;52
2026-04-04T11:16:35.000;2026-04-04T04:16:35.000;10.05;-10.36;4.37;18.74;20.34;53
2026-04-04T11:26:54.000;2026-04-04T04:26:54.000;10.44;-2.25;9.48;17.9;20.34;54
2026-04-04T11:37:10.000;2026-04-04T04:37:10.000;11.21;0.72;10.58;17.78;20.34;55
2026-04-04T11:47:24.000;2026-04-04T04:47:24.000;11.5;-0.56;9.22;17.93;20.34;56
2026-04-04T11:57:40.000;2026-04-04T04:57:40.000;11.7;1.17;9.01;17.95;20.34;57
2026-04-04T12:07:55.000;2026-04-04T05:07:55.000;11.58;-4.24;4.01;18.83;20.34;58
2026-04-04T12:18:10.000;2026-04-04T05:18:10.000;10.91;-11.81;4.01;18.83;20.34;59
2026-04-04T12:28:34.000;2026-04-04T05:28:34.000;9.93;-14.3;15.03;17.4;20.34;60
2026-04-04T12:38:48.000;2026-04-04T05:38:48.000;9.12;-16.04;145.95;14.93;20.34;61
2026-04-04T12:49:03.000;2026-04-04T05:49:03.000;8.31;-15.74;2214.05;11.98;20.34;62
2026-04-05T02:02:59.000;2026-04-04T19:02:59.000;22.13;-4.97;6255.83;10.85;20.34;1
2026-04-05T02:13:14.000;2026-04-04T19:13:14.000;22.62;-5.78;386.95;13.87;20.34;2
2026-04-05T02:23:28.000;2026-04-04T19:23:28.000;22.5;-5.21;48.69;16.12;20.34;3
2026-04-05T02:33:44.000;2026-04-04T19:33:44.000;22.08;-6.54;5.19;18.55;20.34;4
2026-04-05T02:54:04.000;2026-04-04T19:54:04.000;23.29;-8.17;0.89;20.47;20.34;5
2026-04-05T03:04:27.000;2026-04-04T20:04:27.000;22.61;-2.63;0.67;20.77;20.34;6
2026-04-05T03:14:41.000;2026-04-04T20:14:41.000;22.07;2.77;0.92;20.43;20.34;7
2026-04-05T03:24:56.000;2026-04-04T20:24:56.000;22.2;0.54;0.74;20.66;20.34;8
2026-04-05T03:35:11.000;2026-04-04T20:35:11.000;21.81;-6.73;0.37;21.41;20.34;9
2026-04-05T03:45:26.000;2026-04-04T20:45:26.000;21.71;-1.52;0.64;20.83;20.34;10
2026-04-05T03:55:41.000;2026-04-04T20:55:41.000;21.77;2.6;0.77;20.62;20.34;11
2026-04-05T04:05:56.000;2026-04-04T21:05:56.000;21.87;3.37;1.15;20.18;20.34;12
2026-04-05T04:16:10.000;2026-04-04T21:16:10.000;21.41;-0.32;0.7;20.73;20.34;13
2026-04-05T04:26:25.000;2026-04-04T21:26:25.000;20.88;-6.6;0.42;21.29;20.34;14
2026-04-05T04:36:40.000;2026-04-04T21:36:40.000;19.39;-10.05;0.42;21.28;20.34;15
2026-04-05T04:46:53.000;2026-04-04T21:46:53.000;17.72;-10.71;0.51;21.07;20.34;16
2026-04-05T04:57:07.000;2026-04-04T21:57:07.000;16.44;-10.72;0.74;20.67;20.34;17
2026-04-05T05:07:21.000;2026-04-04T22:07:21.000;15.75;-10.59;0.86;20.5;20.34;18
2026-04-05T05:17:35.000;2026-04-04T22:17:35.000;15.65;-10.06;1.09;20.24;20.34;19
2026-04-05T05:27:49.000;2026-04-04T22:27:49.000;15.07;-11.11;1.2;20.15;20.34;20
2026-04-05T05:38:03.000;2026-04-04T22:38:03.000;15.21;-10.63;1.16;20.18;20.34;21
2026-04-05T05:48:17.000;2026-04-04T22:48:17.000;14.88;-10.61;1.19;20.15;20.34;22
2026-04-05T05:58:32.000;2026-04-04T22:58:32.000;15.07;-10.89;1.78;19.71;20.34;23
2026-04-05T06:08:46.000;2026-04-04T23:08:46.000;15.64;-10.76;2.09;19.54;20.34;24
2026-04-05T06:19:03.000;2026-04-04T23:19:03.000;15.43;-10.75;2.24;19.47;20.34;25
2026-04-05T06:29:17.000;2026-04-04T23:29:17.000;15.22;-10.84;2.38;19.4;20.34;26
2026-04-05T06:39:31.000;2026-04-04T23:39:31.000;15.64;-11.01;2.48;19.36;20.34;27
2026-04-05T06:49:47.000;2026-04-04T23:49:47.000;15.89;-10.41;2.6;19.3;20.34;28
2026-04-05T07:00:02.000;2026-04-05T00:00:02.000;15.54;-10.75;2.71;19.26;20.34;29
2026-04-05T07:10:21.000;2026-04-05T00:10:21.000;14.7;-11.1;2.87;19.2;20.34;30
2026-04-05T07:20:40.000;2026-04-05T00:20:40.000;13.86;-11.03;3.0;19.15;20.34;31
2026-04-05T07:30:54.000;2026-04-05T00:30:54.000;14.58;-10.27;3.11;19.11;20.34;32
2026-04-05T07:41:13.000;2026-04-05T00:41:13.000;14.73;-11.23;3.2;19.08;20.34;33
2026-04-05T07:51:28.000;2026-04-05T00:51:28.000;14.81;-11.3;3.29;19.05;20.34;34
2026-04-05T08:01:46.000;2026-04-05T01:01:46.000;14.8;-11.52;3.33;19.03;20.34;35
2026-04-05T08:12:03.000;2026-04-05T01:12:03.000;14.8;-10.63;3.44;19.0;20.34;36
2026-04-05T08:22:17.000;2026-04-05T01:22:17.000;14.6;-11.54;3.47;18.99;20.34;37
2026-04-05T08:32:31.000;2026-04-05T01:32:31.000;14.25;-10.55;3.52;18.97;20.34;38
2026-04-05T08:42:46.000;2026-04-05T01:42:46.000;14.28;-11.62;3.62;18.94;20.34;39
2026-04-05T08:53:01.000;2026-04-05T01:53:01.000;14.02;-11.64;3.61;18.95;20.34;40
2026-04-05T09:03:16.000;2026-04-05T02:03:16.000;14.05;-11.6;3.64;18.94;20.34;41
2026-04-05T09:13:32.000;2026-04-05T02:13:32.000;14.44;-11.17;3.72;18.91;20.34;42
2026-04-05T09:23:47.000;2026-04-05T02:23:47.000;15.34;-10.54;3.72;18.91;20.34;43
2026-04-05T09:34:02.000;2026-04-05T02:34:02.000;15.59;-10.95;3.79;18.89;20.34;44
2026-04-05T09:44:17.000;2026-04-05T02:44:17.000;15.96;-10.96;3.72;18.91;20.34;45
2026-04-05T09:54:31.000;2026-04-05T02:54:31.000;15.38;-11.68;3.67;18.93;20.34;46
2026-04-05T10:04:46.000;2026-04-05T03:04:46.000;14.12;-11.39;3.7;18.92;20.34;47
2026-04-05T10:15:01.000;2026-04-05T03:15:01.000;13.9;-11.1;3.66;18.93;20.34;48
2026-04-05T10:35:31.000;2026-04-05T03:35:31.000;14.09;-10.94;3.51;18.98;20.34;50
2026-04-05T10:45:47.000;2026-04-05T03:45:47.000;14.41;-11.1;3.46;18.99;20.34;51
2026-04-05T10:56:02.000;2026-04-05T03:56:02.000;14.51;-11.44;3.4;19.01;20.34;52
2026-04-05T11:06:17.000;2026-04-05T04:06:17.000;14.4;-11.4;3.36;19.03;20.34;53
2026-04-05T11:16:31.000;2026-04-05T04:16:31.000;13.97;-10.77;3.16;19.09;20.34;54
2026-04-05T11:26:45.000;2026-04-05T04:26:45.000;14.52;-10.91;1.77;19.72;20.34;55
2026-04-05T11:37:00.000;2026-04-05T04:37:00.000;14.93;-9.62;1.96;19.61;20.34;56
2026-04-05T11:47:14.000;2026-04-05T04:47:14.000;14.78;-5.95;2.81;19.22;20.34;57
2026-04-05T11:57:29.000;2026-04-05T04:57:29.000;16.11;-3.62;4.56;18.69;20.34;58
2026-04-05T12:07:44.000;2026-04-05T05:07:44.000;16.32;-5.9;3.59;18.95;20.34;59
2026-04-05T12:18:00.000;2026-04-05T05:18:00.000;15.87;-7.27;5.1;18.57;20.34;60
2026-04-05T12:28:16.000;2026-04-05T05:28:16.000;16.02;0.41;30.47;16.63;20.34;61
2026-04-05T12:38:32.000;2026-04-05T05:38:32.000;17.04;5.88;288.93;14.19;20.34;62
2026-04-05T12:48:50.000;2026-04-05T05:48:50.000;17.63;6.69;3000.38;11.65;20.34;63
2026-04-06T02:00:19.000;2026-04-05T19:00:19.000;20.91;0.23;11333.99;10.2;20.34;1
2026-04-06T02:10:34.000;2026-04-05T19:10:34.000;21.57;4.36;639.52;13.33;20.34;2
2026-04-06T02:20:48.000;2026-04-05T19:20:48.000;21.9;4.19;49.55;16.1;20.34;3
2026-04-06T02:31:05.000;2026-04-05T19:31:05.000;21.56;6.48;6.06;18.38;20.34;4
2026-04-06T02:46:23.000;2026-04-05T19:46:23.000;22.62;4.44;1.51;19.89;20.34;5
2026-04-06T02:56:43.000;2026-04-05T19:56:43.000;23.63;8.95;1.48;19.91;20.34;6
2026-04-06T03:06:57.000;2026-04-05T20:06:57.000;23.48;9.7;1.34;20.03;20.34;7
2026-04-06T03:17:13.000;2026-04-05T20:17:13.000;22.97;9.34;0.92;20.43;20.34;8
2026-04-06T03:27:27.000;2026-04-05T20:27:27.000;23.01;8.64;1.3;20.06;20.34;9
2026-04-06T03:37:41.000;2026-04-05T20:37:41.000;22.59;6.57;1.17;20.17;20.34;10
2026-04-06T03:47:57.000;2026-04-05T20:47:57.000;22.59;7.34;0.87;20.49;20.34;11
2026-04-06T03:58:12.000;2026-04-05T20:58:12.000;22.69;7.67;1.17;20.17;20.34;12
2026-04-06T04:08:27.000;2026-04-05T21:08:27.000;22.54;6.64;0.77;20.62;20.34;13
2026-04-06T04:18:41.000;2026-04-05T21:18:41.000;22.2;3.81;0.81;20.56;20.34;14
2026-04-06T04:28:55.000;2026-04-05T21:28:55.000;21.16;-0.72;0.68;20.75;20.34;15
2026-04-06T04:39:10.000;2026-04-05T21:39:10.000;20.44;-3.9;0.46;21.19;20.34;16
2026-04-06T04:49:26.000;2026-04-05T21:49:26.000;19.36;-4.82;0.32;21.56;20.34;17
2026-04-06T04:59:40.000;2026-04-05T21:59:40.000;18.26;-6.15;0.31;21.6;20.34;18
2026-04-06T05:09:54.000;2026-04-05T22:09:54.000;17.4;-5.79;0.34;21.51;20.34;19
2026-04-06T05:20:09.000;2026-04-05T22:20:09.000;16.76;-5.65;0.31;21.6;20.34;20
2026-04-06T05:30:23.000;2026-04-05T22:30:23.000;16.7;-4.88;0.49;21.1;20.34;21
2026-04-06T05:40:38.000;2026-04-05T22:40:38.000;17.57;-4.3;0.55;20.98;20.34;22
2026-04-06T05:50:54.000;2026-04-05T22:50:54.000;17.26;-4.06;0.76;20.63;20.34;23
2026-04-06T06:01:08.000;2026-04-05T23:01:08.000;16.85;-2.07;1.29;20.06;20.34;24
2026-04-06T06:11:22.000;2026-04-05T23:11:22.000;17.39;0.1;1.64;19.8;20.34;25
2026-04-06T06:26:55.000;2026-04-05T23:26:55.000;18.06;-0.81;2.23;19.47;20.34;26
2026-04-06T06:37:16.000;2026-04-05T23:37:16.000;18.39;-0.29;2.16;19.5;20.34;27
2026-04-06T06:47:30.000;2026-04-05T23:47:30.000;17.95;4.65;2.78;19.23;20.34;28
2026-04-06T06:57:46.000;2026-04-05T23:57:46.000;18.04;6.13;2.89;19.19;20.34;29
2026-04-06T07:08:02.000;2026-04-06T00:08:02.000;18.24;6.52;2.76;19.24;20.34;30
2026-04-06T07:18:16.000;2026-04-06T00:18:16.000;18.82;6.24;3.06;19.12;20.34;31
2026-04-06T07:28:31.000;2026-04-06T00:28:31.000;18.63;6.06;3.32;19.04;20.34;32
2026-04-06T07:38:45.000;2026-04-06T00:38:45.000;18.75;6.15;2.95;19.17;20.34;33
2026-04-06T07:48:59.000;2026-04-06T00:48:59.000;19.18;6.24;2.89;19.19;20.34;34
2026-04-06T07:59:15.000;2026-04-06T00:59:15.000;18.98;6.22;2.81;19.22;20.34;35
2026-04-06T08:09:29.000;2026-04-06T01:09:29.000;19.11;6.67;2.77;19.23;20.34;36
2026-04-06T08:19:44.000;2026-04-06T01:19:44.000;19.37;6.69;3.06;19.13;20.34;37
2026-04-06T08:29:58.000;2026-04-06T01:29:58.000;19.59;6.64;3.22;19.07;20.34;38
2026-04-06T08:40:12.000;2026-04-06T01:40:12.000;19.48;6.43;3.46;18.99;20.34;39
2026-04-06T08:50:26.000;2026-04-06T01:50:26.000;19.56;6.63;3.25;19.06;20.34;40
2026-04-06T09:00:40.000;2026-04-06T02:00:40.000;19.68;6.75;3.32;19.04;20.34;41
2026-04-06T09:10:57.000;2026-04-06T02:10:57.000;19.65;6.76;3.64;18.94;20.34;42
2026-04-06T09:21:12.000;2026-04-06T02:21:12.000;19.65;6.72;3.94;18.85;20.34;43
2026-04-06T09:31:26.000;2026-04-06T02:31:26.000;19.72;6.76;4.04;18.82;20.34;44
2026-04-06T09:41:41.000;2026-04-06T02:41:41.000;19.86;6.81;4.58;18.69;20.34;45
2026-04-06T09:51:55.000;2026-04-06T02:51:55.000;19.92;6.83;5.18;18.55;20.34;46
2026-04-06T10:02:10.000;2026-04-06T03:02:10.000;19.78;6.64;4.93;18.61;20.34;47
2026-04-06T10:12:24.000;2026-04-06T03:12:24.000;19.65;6.67;5.53;18.48;20.34;48
2026-04-06T10:22:40.000;2026-04-06T03:22:40.000;19.65;6.62;5.92;18.41;20.34;49
2026-04-06T10:32:55.000;2026-04-06T03:32:55.000;19.68;6.23;7.4;18.17;20.34;50
2026-04-06T10:43:10.000;2026-04-06T03:43:10.000;19.5;5.53;7.61;18.14;20.34;51
2026-04-06T10:53:24.000;2026-04-06T03:53:24.000;19.55;4.87;7.59;18.14;20.34;52
2026-04-06T11:03:39.000;2026-04-06T04:03:39.000;19.37;5.52;8.38;18.03;20.34;53
2026-04-06T11:13:54.000;2026-04-06T04:13:54.000;19.3;6.28;7.59;18.14;20.34;54
2026-04-06T11:24:09.000;2026-04-06T04:24:09.000;19.24;6.45;7.42;18.16;20.34;55
2026-04-06T11:34:23.000;2026-04-06T04:34:23.000;19.27;6.05;7.29;18.18;20.34;56
2026-04-06T11:44:37.000;2026-04-06T04:44:37.000;19.21;5.34;8.47;18.02;20.34;57
2026-04-06T11:54:51.000;2026-04-06T04:54:51.000;19.16;6.16;9.19;17.93;20.34;58
2026-04-06T12:05:07.000;2026-04-06T05:05:07.000;19.4;6.09;7.97;18.09;20.34;59
2026-04-06T12:15:22.000;2026-04-06T05:15:22.000;19.32;5.31;9.07;17.95;20.34;60
2026-04-06T12:25:38.000;2026-04-06T05:25:38.000;19.03;2.32;19.5;17.12;20.34;61
2026-04-06T12:35:52.000;2026-04-06T05:35:52.000;18.95;5.62;142.1;14.96;20.34;62
2026-04-06T12:46:06.000;2026-04-06T05:46:06.000;19.17;5.42;2102.86;12.03;20.34;63
2026-04-07T02:04:25.000;2026-04-06T19:04:25.000;19.57;0.77;6678.18;10.78;20.34;1
2026-04-07T02:14:40.000;2026-04-06T19:14:40.000;20.52;-3.68;358.6;13.95;20.34;2
2026-04-07T02:24:55.000;2026-04-06T19:24:55.000;20.14;-7.4;30.89;16.62;20.34;3
2026-04-07T02:35:11.000;2026-04-06T19:35:11.000;19.55;-6.41;5.4;18.51;20.34;4
2026-04-07T02:45:26.000;2026-04-06T19:45:26.000;19.3;-6.4;1.05;20.29;20.34;5
2026-04-07T02:55:43.000;2026-04-06T19:55:43.000;19.08;-6.63;0.57;20.95;20.34;6
2026-04-07T03:05:58.000;2026-04-06T20:05:58.000;18.8;-7.42;0.51;21.08;20.34;7
2026-04-07T03:16:13.000;2026-04-06T20:16:13.000;18.76;-7.09;0.58;20.93;20.34;8
2026-04-07T03:26:31.000;2026-04-06T20:26:31.000;18.4;-5.63;0.71;20.71;20.34;9
2026-04-07T03:36:47.000;2026-04-06T20:36:47.000;18.43;-4.99;0.63;20.84;20.34;10
2026-04-07T03:47:02.000;2026-04-06T20:47:02.000;18.22;-5.76;0.7;20.72;20.34;11
2026-04-07T03:57:16.000;2026-04-06T20:57:16.000;18.3;-5.89;0.64;20.83;20.34;12
2026-04-07T04:07:31.000;2026-04-06T21:07:31.000;18.05;-8.6;0.35;21.49;20.34;13
2026-04-07T04:17:48.000;2026-04-06T21:17:48.000;18.02;-8.28;0.44;21.22;20.34;14
2026-04-07T04:28:04.000;2026-04-06T21:28:04.000;17.98;-9.16;0.38;21.39;20.34;15
2026-04-07T04:38:23.000;2026-04-06T21:38:23.000;17.49;-10.11;0.33;21.55;20.34;16
2026-04-07T04:48:40.000;2026-04-06T21:48:40.000;17.77;-10.35;0.32;21.58;20.34;17
2026-04-07T04:58:58.000;2026-04-06T21:58:58.000;17.58;-10.78;0.29;21.69;20.34;18
2026-04-07T05:09:14.000;2026-04-06T22:09:14.000;16.74;-10.93;0.29;21.7;20.34;19
2026-04-07T05:24:34.000;2026-04-06T22:24:34.000;16.88;-11.39;0.49;21.12;20.34;20
2026-04-07T05:34:55.000;2026-04-06T22:34:55.000;16.92;-10.76;0.35;21.49;20.34;21
2026-04-07T05:45:09.000;2026-04-06T22:45:09.000;16.46;-10.97;0.27;21.75;20.34;22
2026-04-07T05:55:25.000;2026-04-06T22:55:25.000;16.14;-10.88;0.34;21.51;20.34;23
2026-04-07T06:05:45.000;2026-04-06T23:05:45.000;16.19;-10.73;0.28;21.71;20.34;24
2026-04-07T06:16:05.000;2026-04-06T23:16:05.000;16.07;-10.85;0.32;21.59;20.34;25
2026-04-07T06:26:21.000;2026-04-06T23:26:21.000;15.98;-10.92;0.35;21.49;20.34;26
2026-04-07T06:36:40.000;2026-04-06T23:36:40.000;15.99;-10.96;0.33;21.55;20.34;27
2026-04-07T06:46:55.000;2026-04-06T23:46:55.000;16.07;-10.61;0.43;21.25;20.34;28
2026-04-07T06:57:10.000;2026-04-06T23:57:10.000;15.14;-11.94;0.5;21.1;20.34;29
2026-04-07T07:07:28.000;2026-04-07T00:07:28.000;15.51;-10.94;0.61;20.87;20.34;30
2026-04-07T07:17:43.000;2026-04-07T00:17:43.000;14.36;-11.42;0.68;20.76;20.34;31
2026-04-07T07:27:57.000;2026-04-07T00:27:57.000;12.82;-11.37;0.71;20.71;20.34;32
2026-04-07T07:38:14.000;2026-04-07T00:38:14.000;11.84;-11.45;0.94;20.4;20.34;33
2026-04-07T07:48:28.000;2026-04-07T00:48:28.000;12.21;-10.61;1.14;20.2;20.34;34
2026-04-07T07:58:43.000;2026-04-07T00:58:43.000;12.13;-11.19;1.06;20.28;20.34;35
2026-04-07T08:08:59.000;2026-04-07T01:08:59.000;11.33;-11.23;1.12;20.22;20.34;36
2026-04-07T08:24:32.000;2026-04-07T01:24:32.000;11.65;-11.69;1.53;19.88;20.34;37
2026-04-07T08:34:56.000;2026-04-07T01:34:56.000;11.89;-11.61;1.29;20.06;20.34;38
2026-04-07T08:45:09.000;2026-04-07T01:45:09.000;10.79;-11.35;1.37;20.0;20.34;39
2026-04-07T08:55:23.000;2026-04-07T01:55:23.000;10.72;-6.98;1.99;19.59;20.34;40
2026-04-07T09:11:04.000;2026-04-07T02:11:04.000;13.49;-2.18;3.12;19.11;20.34;41
2026-04-07T09:21:29.000;2026-04-07T02:21:29.000;14.25;0.73;3.63;18.94;20.34;42
2026-04-07T09:31:45.000;2026-04-07T02:31:45.000;13.93;3.32;4.84;18.63;20.34;43
2026-04-07T09:42:01.000;2026-04-07T02:42:01.000;13.79;1.29;4.55;18.69;20.34;44
2026-04-07T09:57:37.000;2026-04-07T02:57:37.000;13.69;-8.76;2.94;19.17;20.34;45
2026-04-07T10:07:57.000;2026-04-07T03:07:57.000;12.66;-10.02;2.21;19.48;20.34;46
2026-04-07T10:28:30.000;2026-04-07T03:28:30.000;10.31;-12.61;1.99;19.59;20.34;48
2026-04-07T10:38:45.000;2026-04-07T03:38:45.000;9.74;-13.18;2.02;19.58;20.34;49
2026-04-07T10:49:00.000;2026-04-07T03:49:00.000;9.33;-13.23;2.01;19.58;20.34;50
2026-04-07T10:59:15.000;2026-04-07T03:59:15.000;9.44;-13.14;2.04;19.57;20.34;51
2026-04-07T11:09:33.000;2026-04-07T04:09:33.000;9.77;-12.85;2.05;19.56;20.34;52
2026-04-07T11:24:54.000;2026-04-07T04:24:54.000;10.2;-13.31;2.28;19.45;20.34;53
2026-04-07T11:35:14.000;2026-04-07T04:35:14.000;10.74;-13.05;2.03;19.57;20.34;54
2026-04-07T11:45:29.000;2026-04-07T04:45:29.000;9.86;-12.73;2.06;19.55;20.34;55
2026-04-07T11:55:44.000;2026-04-07T04:55:44.000;9.71;-12.86;2.08;19.54;20.34;56
2026-04-07T12:05:59.000;2026-04-07T05:05:59.000;9.52;-12.8;2.48;19.35;20.34;57
2026-04-07T12:16:13.000;2026-04-07T05:16:13.000;9.67;-12.98;5.23;18.54;20.34;58
2026-04-07T12:26:29.000;2026-04-07T05:26:29.000;9.2;-13.21;26.91;16.77;20.34;59
2026-04-07T12:36:43.000;2026-04-07T05:36:43.000;9.19;-12.99;270.76;14.26;20.34;60
2026-04-07T12:46:58.000;2026-04-07T05:46:58.000;9.45;-13.04;4369.61;11.24;20.34;61
2026-04-08T02:06:13.000;2026-04-07T19:06:13.000;20.06;-8.85;4778.5;11.14;20.34;1
2026-04-08T02:16:28.000;2026-04-07T19:16:28.000;20.35;-8.91;303.53;14.13;20.34;2
2026-04-08T02:26:42.000;2026-04-07T19:26:42.000;20.1;-9.24;30.73;16.62;20.34;3
2026-04-08T02:36:57.000;2026-04-07T19:36:57.000;19.58;-8.91;4.66;18.67;20.34;4
2026-04-08T02:47:14.000;2026-04-07T19:47:14.000;18.78;-9.36;1.12;20.21;20.34;5
2026-04-08T02:57:28.000;2026-04-07T19:57:28.000;18.54;-8.8;0.46;21.18;20.34;6
2026-04-08T03:07:43.000;2026-04-07T20:07:43.000;18.57;-9.54;0.42;21.27;20.34;7
2026-04-08T03:17:57.000;2026-04-07T20:17:57.000;17.67;-9.35;0.4;21.33;20.34;8
2026-04-08T03:28:12.000;2026-04-07T20:28:12.000;17.18;-9.93;0.31;21.61;20.34;9
2026-04-08T03:38:25.000;2026-04-07T20:38:25.000;16.36;-10.27;0.39;21.37;20.34;10
2026-04-08T03:48:41.000;2026-04-07T20:48:41.000;15.48;-10.36;0.3;21.65;20.34;11
2026-04-08T03:58:55.000;2026-04-07T20:58:55.000;14.87;-10.36;0.37;21.42;20.34;12
2026-04-08T04:09:13.000;2026-04-07T21:09:13.000;14.46;-10.42;0.29;21.7;20.34;13
2026-04-08T04:24:45.000;2026-04-07T21:24:45.000;15.07;-10.49;0.5;21.1;20.34;14
2026-04-08T04:40:24.000;2026-04-07T21:40:24.000;15.65;-10.6;0.48;21.13;20.34;15
2026-04-08T04:50:42.000;2026-04-07T21:50:42.000;15.44;-10.34;0.34;21.51;20.34;16
2026-04-08T05:00:55.000;2026-04-07T22:00:55.000;14.15;-10.14;0.32;21.56;20.34;17
2026-04-08T05:11:09.000;2026-04-07T22:11:09.000;13.81;-9.76;0.32;21.59;20.34;18
2026-04-08T05:21:24.000;2026-04-07T22:21:24.000;13.69;-10.01;0.28;21.72;20.34;19
2026-04-08T05:31:38.000;2026-04-07T22:31:38.000;14.13;-10.17;0.32;21.58;20.34;20
2026-04-08T05:41:53.000;2026-04-07T22:41:53.000;14.23;-10.49;0.27;21.78;20.34;21
2026-04-08T05:52:07.000;2026-04-07T22:52:07.000;13.82;-10.59;0.21;22.04;20.34;22
2026-04-08T06:02:22.000;2026-04-07T23:02:22.000;13.94;-10.63;0.32;21.56;20.34;23
2026-04-08T06:12:37.000;2026-04-07T23:12:37.000;13.61;-11.16;0.23;21.94;20.34;24
2026-04-08T06:22:52.000;2026-04-07T23:22:52.000;13.47;-10.79;0.32;21.58;20.34;25
2026-04-08T06:33:06.000;2026-04-07T23:33:06.000;13.21;-10.79;0.25;21.83;20.34;26
2026-04-08T06:43:20.000;2026-04-07T23:43:20.000;13.02;-10.36;0.27;21.76;20.34;27
2026-04-08T06:53:35.000;2026-04-07T23:53:35.000;13.08;-10.51;0.3;21.64;20.34;28
2026-04-08T07:03:49.000;2026-04-08T00:03:49.000;12.76;-10.4;0.3;21.65;20.34;29
2026-04-08T07:14:03.000;2026-04-08T00:14:03.000;12.89;-10.0;0.32;21.59;20.34;30
2026-04-08T07:24:17.000;2026-04-08T00:24:17.000;12.18;-10.5;0.27;21.77;20.34;31
2026-04-08T07:34:32.000;2026-04-08T00:34:32.000;11.83;-10.57;0.3;21.65;20.34;32
2026-04-08T07:44:47.000;2026-04-08T00:44:47.000;11.81;-10.45;0.42;21.27;20.34;33
2026-04-08T07:55:02.000;2026-04-08T00:55:02.000;12.26;-10.96;0.47;21.16;20.34;34
2026-04-08T08:05:17.000;2026-04-08T01:05:17.000;12.15;-11.01;0.55;20.99;20.34;35
2026-04-08T08:15:33.000;2026-04-08T01:15:33.000;11.74;-10.98;0.53;21.03;20.34;36
2026-04-08T08:25:48.000;2026-04-08T01:25:48.000;11.65;-10.71;0.64;20.83;20.34;37
2026-04-08T08:36:02.000;2026-04-08T01:36:02.000;11.48;-10.87;0.78;20.61;20.34;38
2026-04-08T08:46:17.000;2026-04-08T01:46:17.000;11.29;-10.52;0.83;20.54;20.34;39
2026-04-08T08:56:33.000;2026-04-08T01:56:33.000;11.1;-10.7;0.9;20.46;20.34;40
2026-04-08T09:06:47.000;2026-04-08T02:06:47.000;11.2;-11.45;0.94;20.4;20.34;41
2026-04-08T09:17:01.000;2026-04-08T02:17:01.000;10.97;-11.66;0.98;20.36;20.34;42
2026-04-08T09:32:34.000;2026-04-08T02:32:34.000;12.16;-12.33;1.27;20.08;20.34;43
2026-04-08T09:42:56.000;2026-04-08T02:42:56.000;12.48;-11.94;1.08;20.26;20.34;44
2026-04-08T09:53:10.000;2026-04-08T02:53:10.000;11.69;-11.65;1.25;20.1;20.34;45
2026-04-08T10:03:24.000;2026-04-08T03:03:24.000;11.69;-12.11;1.27;20.08;20.34;46
2026-04-08T10:13:39.000;2026-04-08T03:13:39.000;11.41;-12.17;1.17;20.17;20.34;47
2026-04-08T10:23:53.000;2026-04-08T03:23:53.000;11.38;-12.47;1.34;20.03;20.34;48
2026-04-08T10:39:11.000;2026-04-08T03:39:11.000;11.46;-12.93;1.55;19.87;20.34;49
2026-04-08T10:49:31.000;2026-04-08T03:49:31.000;11.16;-12.78;1.43;19.95;20.34;50
2026-04-08T10:59:44.000;2026-04-08T03:59:44.000;10.2;-12.39;1.44;19.94;20.34;51
2026-04-08T11:09:58.000;2026-04-08T04:09:58.000;10.38;-12.48;1.29;20.07;20.34;52
2026-04-08T11:20:13.000;2026-04-08T04:20:13.000;10.62;-12.55;1.51;19.89;20.34;53
2026-04-08T11:30:29.000;2026-04-08T04:30:29.000;10.29;-12.28;1.51;19.9;20.34;54
2026-04-08T11:40:42.000;2026-04-08T04:40:42.000;9.88;-11.57;1.52;19.88;20.34;55
2026-04-08T11:51:00.000;2026-04-08T04:51:00.000;10.21;-12.16;1.41;19.96;20.34;56
2026-04-08T12:01:15.000;2026-04-08T05:01:15.000;10.24;-12.5;1.84;19.68;20.34;57
2026-04-08T12:11:29.000;2026-04-08T05:11:29.000;10.42;-12.55;3.62;18.94;20.34;58
2026-04-08T12:21:44.000;2026-04-08T05:21:44.000;10.26;-12.39;16.96;17.27;20.34;59
2026-04-08T12:31:58.000;2026-04-08T05:31:58.000;10.43;-11.99;133.18;15.03;20.34;60
2026-04-08T12:42:12.000;2026-04-08T05:42:12.000;10.48;-11.79;1720.16;12.25;20.34;61
2026-04-09T02:05:55.000;2026-04-08T19:05:55.000;21.33;-6.96;5830.54;10.93;20.34;1
2026-04-09T02:16:09.000;2026-04-08T19:16:09.000;21.67;-7.41;351.78;13.97;20.34;2
2026-04-09T02:26:25.000;2026-04-08T19:26:25.000;21.06;-7.52;32.71;16.55;20.34;3
2026-04-09T02:36:38.000;2026-04-08T19:36:38.000;20.73;-7.59;4.84;18.63;20.34;4
2026-04-09T02:46:55.000;2026-04-08T19:46:55.000;20.32;-7.6;1.02;20.32;20.34;5
2026-04-09T02:57:12.000;2026-04-08T19:57:12.000;20.25;-7.78;0.47;21.15;20.34;6
2026-04-09T03:07:27.000;2026-04-08T20:07:27.000;20.69;-7.15;0.41;21.3;20.34;7
2026-04-09T03:17:45.000;2026-04-08T20:17:45.000;20.97;-7.71;0.46;21.18;20.34;8
2026-04-09T03:28:02.000;2026-04-08T20:28:02.000;20.6;-8.07;0.45;21.21;20.34;9
2026-04-09T03:38:18.000;2026-04-08T20:38:18.000;20.2;-7.59;0.34;21.52;20.34;10
2026-04-09T03:48:36.000;2026-04-08T20:48:36.000;20.33;-7.65;0.31;21.62;20.34;11
2026-04-09T03:58:56.000;2026-04-08T20:58:56.000;21.74;-8.31;0.38;21.39;20.34;12
2026-04-09T04:09:11.000;2026-04-08T21:09:11.000;21.89;-8.64;0.3;21.65;20.34;13
2026-04-09T04:19:27.000;2026-04-08T21:19:27.000;21.34;-8.7;0.3;21.66;20.34;14
2026-04-09T04:29:48.000;2026-04-08T21:29:48.000;21.1;-8.96;0.35;21.48;20.34;15
2026-04-09T04:40:03.000;2026-04-08T21:40:03.000;20.85;-8.81;0.29;21.69;20.34;16
2026-04-09T04:50:17.000;2026-04-08T21:50:17.000;20.55;-9.21;0.36;21.45;20.34;17
2026-04-09T05:00:32.000;2026-04-08T22:00:32.000;20.33;-9.37;0.35;21.48;20.34;18
2026-04-09T05:10:50.000;2026-04-08T22:10:50.000;19.98;-9.39;0.34;21.5;20.34;19
2026-04-09T05:21:04.000;2026-04-08T22:21:04.000;19.78;-9.31;0.32;21.57;20.34;20
2026-04-09T05:31:19.000;2026-04-08T22:31:19.000;19.51;-8.87;0.27;21.76;20.34;21
2026-04-09T05:41:34.000;2026-04-08T22:41:34.000;19.22;-9.88;0.34;21.52;20.34;22
2026-04-09T05:51:49.000;2026-04-08T22:51:49.000;19.32;-9.51;0.28;21.71;20.34;23
2026-04-09T06:02:04.000;2026-04-08T23:02:04.000;19.11;-9.26;0.32;21.59;20.34;24
2026-04-09T06:12:18.000;2026-04-08T23:12:18.000;18.92;-9.04;0.31;21.62;20.34;25
2026-04-09T06:22:33.000;2026-04-08T23:22:33.000;18.78;-9.53;0.3;21.64;20.34;26
2026-04-09T06:32:50.000;2026-04-08T23:32:50.000;18.77;-9.78;0.21;22.01;20.34;27
2026-04-09T06:43:04.000;2026-04-08T23:43:04.000;17.93;-9.76;0.23;21.91;20.34;28
2026-04-09T06:53:20.000;2026-04-08T23:53:20.000;17.61;-9.92;0.29;21.67;20.34;29
2026-04-09T07:03:38.000;2026-04-09T00:03:38.000;17.73;-9.3;0.21;22.05;20.34;30
2026-04-09T07:13:53.000;2026-04-09T00:13:53.000;17.01;-10.13;0.18;22.2;20.34;31
2026-04-09T07:24:09.000;2026-04-09T00:24:09.000;16.23;-10.34;0.18;22.19;20.34;32
2026-04-09T07:34:26.000;2026-04-09T00:34:26.000;15.5;-10.63;0.25;21.86;20.34;33
2026-04-09T07:44:41.000;2026-04-09T00:44:41.000;15.99;-10.45;0.18;22.2;20.34;34
2026-04-09T07:54:56.000;2026-04-09T00:54:56.000;16.01;-10.77;0.24;21.87;20.34;35
2026-04-09T08:05:10.000;2026-04-09T01:05:10.000;14.63;-11.06;0.18;22.21;20.34;36
2026-04-09T08:15:26.000;2026-04-09T01:15:26.000;14.52;-11.3;0.26;21.81;20.34;37
2026-04-09T08:25:40.000;2026-04-09T01:25:40.000;14.09;-11.26;0.29;21.69;20.34;38
2026-04-09T08:35:57.000;2026-04-09T01:35:57.000;13.92;-11.69;0.37;21.42;20.34;39
2026-04-09T08:46:12.000;2026-04-09T01:46:12.000;13.94;-11.69;0.44;21.23;20.34;40
2026-04-09T08:56:26.000;2026-04-09T01:56:26.000;13.86;-11.39;0.33;21.53;20.34;41
2026-04-09T09:06:41.000;2026-04-09T02:06:41.000;13.84;-11.31;0.38;21.39;20.34;42
2026-04-09T09:22:00.000;2026-04-09T02:22:00.000;14.57;-11.43;0.74;20.67;20.34;43
2026-04-09T09:37:27.000;2026-04-09T02:37:27.000;15.2;-12.29;0.87;20.49;20.34;44
2026-04-09T09:47:51.000;2026-04-09T02:47:51.000;14.98;-12.74;0.73;20.68;20.34;45
2026-04-09T09:58:07.000;2026-04-09T02:58:07.000;13.77;-12.73;0.76;20.63;20.34;46
2026-04-09T10:08:26.000;2026-04-09T03:08:26.000;13.21;-12.74;0.82;20.56;20.34;47
2026-04-09T10:18:40.000;2026-04-09T03:18:40.000;12.3;-12.89;0.83;20.55;20.34;48
2026-04-09T10:28:54.000;2026-04-09T03:28:54.000;12.31;-13.03;0.86;20.51;20.34;49
2026-04-09T10:39:09.000;2026-04-09T03:39:09.000;12.22;-12.09;0.91;20.44;20.34;50
2026-04-09T10:49:26.000;2026-04-09T03:49:26.000;12.38;-13.06;0.91;20.44;20.34;51
2026-04-09T10:59:43.000;2026-04-09T03:59:43.000;11.89;-12.75;0.94;20.4;20.34;52
2026-04-09T11:09:57.000;2026-04-09T04:09:57.000;11.41;-13.32;0.99;20.35;20.34;53
2026-04-09T11:20:10.000;2026-04-09T04:20:10.000;10.62;-12.74;1.02;20.32;20.34;54
2026-04-09T11:30:26.000;2026-04-09T04:30:26.000;10.65;-12.83;1.02;20.32;20.34;55
2026-04-09T11:40:39.000;2026-04-09T04:40:39.000;10.43;-12.37;1.04;20.29;20.34;56
2026-04-09T11:50:55.000;2026-04-09T04:50:55.000;10.92;-12.12;1.13;20.2;20.34;57
2026-04-09T12:01:10.000;2026-04-09T05:01:10.000;10.87;-13.15;1.41;19.97;20.34;58
2026-04-09T12:11:25.000;2026-04-09T05:11:25.000;11.19;-12.76;3.63;18.94;20.34;59
2026-04-09T12:21:41.000;2026-04-09T05:21:41.000;11.13;-12.98;18.52;17.17;20.34;60
2026-04-09T12:31:56.000;2026-04-09T05:31:56.000;11.44;-12.95;164.05;14.8;20.34;61
2026-04-09T12:42:12.000;2026-04-09T05:42:12.000;11.7;-12.88;2273.17;11.95;20.34;62
2026-04-10T02:04:42.000;2026-04-09T19:04:42.000;19.31;-8.25;7367.19;10.67;20.34;1
2026-04-10T02:14:57.000;2026-04-09T19:14:57.000;20.05;-8.43;455.77;13.69;20.34;2
2026-04-10T02:25:11.000;2026-04-09T19:25:11.000;19.55;-8.7;33.34;16.53;20.34;3
2026-04-10T02:35:26.000;2026-04-09T19:35:26.000;19.49;-8.9;4.7;18.66;20.34;4
2026-04-10T02:45:41.000;2026-04-09T19:45:41.000;19.82;-8.65;1.12;20.22;20.34;5
2026-04-10T02:56:00.000;2026-04-09T19:56:00.000;21.55;-8.21;0.44;21.23;20.34;6
2026-04-10T03:06:19.000;2026-04-09T20:06:19.000;21.71;-8.81;0.4;21.32;20.34;7
2026-04-10T03:21:37.000;2026-04-09T20:21:37.000;22.21;-9.62;0.56;20.98;20.34;8
2026-04-10T03:37:15.000;2026-04-09T20:37:15.000;21.94;-9.76;0.56;20.97;20.34;9
2026-04-10T03:47:36.000;2026-04-09T20:47:36.000;21.43;-7.66;0.62;20.87;20.34;10
2026-04-10T03:57:49.000;2026-04-09T20:57:49.000;20.51;-8.38;0.46;21.19;20.34;11
2026-04-10T04:08:04.000;2026-04-09T21:08:04.000;20.29;-8.87;0.37;21.43;20.34;12
2026-04-10T04:18:19.000;2026-04-09T21:18:19.000;19.69;-8.92;0.38;21.4;20.34;13
2026-04-10T04:43:51.000;2026-04-09T21:43:51.000;22.15;-10.21;0.54;21.01;20.34;14
2026-04-10T04:54:18.000;2026-04-09T21:54:18.000;20.23;-9.77;0.36;21.46;20.34;15
2026-04-10T05:04:31.000;2026-04-09T22:04:31.000;18.83;-9.27;0.35;21.49;20.34;16
2026-04-10T05:14:44.000;2026-04-09T22:14:44.000;17.83;-9.72;0.35;21.47;20.34;17
2026-04-10T05:24:59.000;2026-04-09T22:24:59.000;17.92;-9.51;0.3;21.65;20.34;18
2026-04-10T05:35:15.000;2026-04-09T22:35:15.000;17.53;-8.81;0.33;21.56;20.34;19
2026-04-10T05:45:29.000;2026-04-09T22:45:29.000;17.26;-9.26;0.27;21.77;20.34;20
2026-04-10T05:55:43.000;2026-04-09T22:55:43.000;17.34;-9.65;0.33;21.55;20.34;21
2026-04-10T06:05:57.000;2026-04-09T23:05:57.000;16.62;-9.16;0.32;21.56;20.34;22
2026-04-10T06:16:16.000;2026-04-09T23:16:16.000;15.85;-9.63;0.28;21.72;20.34;23
2026-04-10T06:26:33.000;2026-04-09T23:26:33.000;15.05;-9.74;0.34;21.51;20.34;24
2026-04-10T06:36:47.000;2026-04-09T23:36:47.000;14.26;-9.87;0.32;21.58;20.34;25
2026-04-10T06:47:01.000;2026-04-09T23:47:01.000;13.57;-9.4;0.38;21.4;20.34;26
2026-04-10T06:57:16.000;2026-04-09T23:57:16.000;13.43;-8.1;0.49;21.11;20.34;27
2026-04-10T07:12:34.000;2026-04-10T00:12:34.000;14.3;-8.69;0.6;20.9;20.34;28
2026-04-10T07:22:56.000;2026-04-10T00:22:56.000;14.57;-8.74;0.32;21.57;20.34;29
2026-04-10T07:33:12.000;2026-04-10T00:33:12.000;13.61;-8.62;0.48;21.14;20.34;30
2026-04-10T07:43:29.000;2026-04-10T00:43:29.000;12.97;-8.55;0.38;21.39;20.34;31
2026-04-10T08:09:32.000;2026-04-10T01:09:32.000;14.19;-9.51;0.53;21.03;20.34;33
2026-04-10T08:25:11.000;2026-04-10T01:25:11.000;15.65;-8.99;0.56;20.96;20.34;34
2026-04-10T08:35:32.000;2026-04-10T01:35:32.000;15.18;-8.4;0.45;21.2;20.34;35
2026-04-10T08:45:45.000;2026-04-10T01:45:45.000;13.75;-8.33;0.33;21.54;20.34;36
2026-04-10T08:56:00.000;2026-04-10T01:56:00.000;12.95;-9.19;0.44;21.24;20.34;37
2026-04-10T09:06:14.000;2026-04-10T02:06:14.000;12.7;-9.38;0.39;21.35;20.34;38
2026-04-10T09:16:28.000;2026-04-10T02:16:28.000;12.22;-9.49;0.5;21.1;20.34;39
2026-04-10T09:26:43.000;2026-04-10T02:26:43.000;12.34;-9.13;0.59;20.91;20.34;40
2026-04-10T09:36:59.000;2026-04-10T02:36:59.000;12.2;-9.02;0.64;20.82;20.34;41
2026-04-10T09:47:17.000;2026-04-10T02:47:17.000;12.27;-8.12;0.86;20.5;20.34;42
2026-04-10T09:57:33.000;2026-04-10T02:57:33.000;12.14;-7.14;1.05;20.29;20.34;43
2026-04-10T10:07:50.000;2026-04-10T03:07:50.000;12.2;-7.56;0.97;20.38;20.34;44
2026-04-10T10:18:04.000;2026-04-10T03:18:04.000;12.17;-7.35;1.1;20.23;20.34;45
2026-04-10T10:28:20.000;2026-04-10T03:28:20.000;12.15;-7.51;1.34;20.02;20.34;46
2026-04-10T10:38:35.000;2026-04-10T03:38:35.000;12.23;-7.83;1.17;20.17;20.34;47
2026-04-10T10:48:49.000;2026-04-10T03:48:49.000;12.16;-7.83;1.22;20.12;20.34;48
2026-04-10T10:59:05.000;2026-04-10T03:59:05.000;12.08;-6.97;1.71;19.75;20.34;49
2026-04-10T11:09:22.000;2026-04-10T04:09:22.000;12.3;-5.65;2.13;19.52;20.34;50
2026-04-10T11:19:38.000;2026-04-10T04:19:38.000;12.79;-4.98;2.02;19.58;20.34;51
2026-04-10T11:29:55.000;2026-04-10T04:29:55.000;13.55;-4.21;2.26;19.46;20.34;52
2026-04-10T11:40:11.000;2026-04-10T04:40:11.000;14.11;-4.11;2.59;19.31;20.34;53
2026-04-10T11:50:29.000;2026-04-10T04:50:29.000;14.12;-5.28;2.21;19.48;20.34;54
2026-04-10T12:00:46.000;2026-04-10T05:00:46.000;13.72;-5.83;2.8;19.22;20.34;55
2026-04-10T12:11:01.000;2026-04-10T05:11:01.000;13.59;-5.16;5.24;18.54;20.34;56
2026-04-10T12:21:16.000;2026-04-10T05:21:16.000;13.92;-5.09;21.85;16.99;20.34;57
2026-04-10T12:36:34.000;2026-04-10T05:36:34.000;14.6;-7.06;417.47;13.79;20.34;58
2026-04-11T02:07:07.000;2026-04-10T19:07:07.000;19.72;-9.21;5489.0;10.99;20.34;1
2026-04-11T02:17:26.000;2026-04-10T19:17:26.000;20.78;-9.29;371.32;13.92;20.34;2
2026-04-11T02:27:41.000;2026-04-10T19:27:41.000;20.62;-9.64;34.52;16.49;20.34;3
2026-04-11T02:37:56.000;2026-04-10T19:37:56.000;20.26;-10.1;4.95;18.6;20.34;4
2026-04-11T02:48:10.000;2026-04-10T19:48:10.000;19.57;-9.53;0.98;20.36;20.34;5
2026-04-11T02:58:26.000;2026-04-10T19:58:26.000;19.98;-9.97;0.38;21.38;20.34;6
2026-04-11T03:08:41.000;2026-04-10T20:08:41.000;20.59;-10.04;0.31;21.63;20.34;7
2026-04-11T03:19:01.000;2026-04-10T20:19:01.000;20.59;-10.34;0.29;21.67;20.34;8
2026-04-11T03:29:19.000;2026-04-10T20:29:19.000;20.34;-10.93;0.37;21.43;20.34;9
2026-04-11T03:39:39.000;2026-04-10T20:39:39.000;19.45;-10.73;0.31;21.61;20.34;10
2026-04-11T03:49:54.000;2026-04-10T20:49:54.000;19.44;-10.62;0.36;21.45;20.34;11
2026-04-11T04:00:14.000;2026-04-10T21:00:14.000;19.41;-10.63;0.35;21.47;20.34;12
2026-04-11T04:10:30.000;2026-04-10T21:10:30.000;19.34;-10.79;0.3;21.66;20.34;13
2026-04-11T04:20:44.000;2026-04-10T21:20:44.000;19.33;-10.3;0.33;21.55;20.34;14
2026-04-11T04:36:20.000;2026-04-10T21:36:20.000;20.22;-11.02;0.48;21.14;20.34;15
2026-04-11T04:57:02.000;2026-04-10T21:57:02.000;21.31;-11.54;0.48;21.15;20.34;16
2026-04-11T05:07:23.000;2026-04-10T22:07:23.000;20.02;-10.61;0.21;22.06;20.34;17
2026-04-11T05:17:43.000;2026-04-10T22:17:43.000;19.04;-9.67;0.27;21.75;20.34;18
2026-04-11T05:28:00.000;2026-04-10T22:28:00.000;18.8;-9.7;0.32;21.59;20.34;19
2026-04-11T05:38:16.000;2026-04-10T22:38:16.000;18.48;-9.99;0.27;21.77;20.34;20
2026-04-11T05:48:31.000;2026-04-10T22:48:31.000;18.57;-10.14;0.27;21.77;20.34;21
2026-04-11T05:58:46.000;2026-04-10T22:58:46.000;18.22;-9.88;0.27;21.78;20.34;22
2026-04-11T06:09:02.000;2026-04-10T23:09:02.000;17.99;-9.56;0.26;21.81;20.34;23
2026-04-11T06:19:20.000;2026-04-10T23:19:20.000;17.73;-9.63;0.24;21.9;20.34;24
2026-04-11T06:29:36.000;2026-04-10T23:29:36.000;17.24;-9.73;0.24;21.89;20.34;25
2026-04-11T06:39:50.000;2026-04-10T23:39:50.000;16.81;-9.96;0.3;21.64;20.34;26
2026-04-11T06:50:04.000;2026-04-10T23:50:04.000;16.1;-10.28;0.19;22.13;20.34;27
2026-04-11T07:00:19.000;2026-04-11T00:00:19.000;15.99;-10.6;0.24;21.9;20.34;28
2026-04-11T07:10:37.000;2026-04-11T00:10:37.000;15.29;-11.14;0.19;22.16;20.34;29
2026-04-11T07:20:54.000;2026-04-11T00:20:54.000;14.38;-11.91;0.22;22.0;20.34;30
2026-04-11T07:31:09.000;2026-04-11T00:31:09.000;13.78;-11.71;0.22;21.99;20.34;31
2026-04-11T07:41:24.000;2026-04-11T00:41:24.000;13.57;-11.89;0.2;22.08;20.34;32
2026-04-11T07:51:38.000;2026-04-11T00:51:38.000;13.07;-11.31;0.24;21.87;20.34;33
2026-04-11T08:01:56.000;2026-04-11T01:01:56.000;13.36;-11.34;0.28;21.7;20.34;34
2026-04-11T08:17:29.000;2026-04-11T01:17:29.000;14.05;-11.33;0.47;21.15;20.34;35
2026-04-11T08:27:50.000;2026-04-11T01:27:50.000;14.45;-10.81;0.32;21.57;20.34;36
2026-04-11T08:38:06.000;2026-04-11T01:38:06.000;12.92;-10.81;0.27;21.76;20.34;37
2026-04-11T08:53:23.000;2026-04-11T01:53:23.000;12.83;-11.46;0.47;21.17;20.34;38
2026-04-11T09:03:43.000;2026-04-11T02:03:43.000;12.77;-11.72;0.31;21.6;20.34;39
2026-04-11T09:13:57.000;2026-04-11T02:13:57.000;12.2;-11.17;0.27;21.77;20.34;40
2026-04-11T09:24:12.000;2026-04-11T02:24:12.000;12.09;-11.65;0.3;21.63;20.34;41
2026-04-11T09:34:27.000;2026-04-11T02:34:27.000;11.86;-9.74;0.29;21.69;20.34;42
2026-04-11T09:44:43.000;2026-04-11T02:44:43.000;11.82;-9.56;0.46;21.18;20.34;43
2026-04-11T09:54:59.000;2026-04-11T02:54:59.000;12.1;-10.02;0.32;21.57;20.34;44
2026-04-11T10:05:14.000;2026-04-11T03:05:14.000;11.82;-9.92;0.45;21.2;20.34;45
2026-04-11T10:15:28.000;2026-04-11T03:15:28.000;11.72;-10.27;0.45;21.21;20.34;46
2026-04-11T10:25:42.000;2026-04-11T03:25:42.000;11.85;-9.88;0.63;20.85;20.34;47
2026-04-11T10:35:57.000;2026-04-11T03:35:57.000;11.75;-10.16;0.63;20.85;20.34;48
2026-04-11T10:46:12.000;2026-04-11T03:46:12.000;11.54;-10.1;0.56;20.98;20.34;49
2026-04-11T10:56:27.000;2026-04-11T03:56:27.000;11.21;-10.73;0.64;20.83;20.34;50
2026-04-11T11:06:44.000;2026-04-11T04:06:44.000;11.17;-10.41;0.58;20.93;20.34;51
2026-04-11T11:16:59.000;2026-04-11T04:16:59.000;11.09;-11.06;0.66;20.79;20.34;52
2026-04-11T11:27:16.000;2026-04-11T04:27:16.000;11.31;-10.87;0.55;20.99;20.34;53
2026-04-11T11:37:31.000;2026-04-11T04:37:31.000;11.54;-11.37;0.71;20.71;20.34;54
2026-04-11T11:47:47.000;2026-04-11T04:47:47.000;11.33;-10.57;0.76;20.63;20.34;55
2026-04-11T11:58:03.000;2026-04-11T04:58:03.000;10.87;-8.4;1.05;20.29;20.34;56
2026-04-11T12:08:18.000;2026-04-11T05:08:18.000;11.49;-4.79;3.77;18.9;20.34;57
2026-04-11T12:18:32.000;2026-04-11T05:18:32.000;11.39;-9.01;10.71;17.77;20.34;58
2026-04-11T12:28:46.000;2026-04-11T05:28:46.000;11.11;-8.75;89.71;15.46;20.34;59
2026-04-11T12:39:02.000;2026-04-11T05:39:02.000;11.99;-5.89;1474.97;12.42;20.34;60
2026-04-12T02:09:30.000;2026-04-11T19:09:30.000;17.59;-10.07;4107.71;11.31;20.34;1
2026-04-12T02:19:44.000;2026-04-11T19:19:44.000;18.16;-10.41;269.93;14.26;20.34;2
2026-04-12T02:30:01.000;2026-04-11T19:30:01.000;17.3;-10.4;28.69;16.7;20.34;3
2026-04-12T02:45:20.000;2026-04-11T19:45:20.000;18.31;-10.76;3.35;19.03;20.34;4
2026-04-12T02:55:40.000;2026-04-11T19:55:40.000;18.03;-11.12;0.53;21.02;20.34;5
2026-04-12T03:05:54.000;2026-04-11T20:05:54.000;16.93;-11.17;0.38;21.4;20.34;6
2026-04-12T03:16:12.000;2026-04-11T20:16:12.000;17.31;-10.61;0.3;21.66;20.34;7
2026-04-12T03:26:29.000;2026-04-11T20:26:29.000;17.31;-10.67;0.37;21.43;20.34;8
2026-04-12T03:42:01.000;2026-04-11T20:42:01.000;18.02;-11.95;0.5;21.08;20.34;9
2026-04-12T03:52:22.000;2026-04-11T20:52:22.000;17.95;-12.03;0.3;21.66;20.34;10
2026-04-12T04:02:38.000;2026-04-11T21:02:38.000;17.39;-11.82;0.29;21.68;20.34;11
2026-04-12T04:12:58.000;2026-04-11T21:12:58.000;16.55;-12.23;0.27;21.78;20.34;12
2026-04-12T04:23:11.000;2026-04-11T21:23:11.000;15.96;-12.0;0.31;21.6;20.34;13
2026-04-12T04:33:26.000;2026-04-11T21:33:26.000;16.04;-11.82;0.31;21.61;20.34;14
2026-04-12T04:43:41.000;2026-04-11T21:43:41.000;16.02;-12.2;0.2;22.08;20.34;15
2026-04-12T04:53:56.000;2026-04-11T21:53:56.000;15.32;-12.18;0.31;21.6;20.34;16
2026-04-12T05:04:10.000;2026-04-11T22:04:10.000;16.17;-12.0;0.31;21.61;20.34;17
2026-04-12T05:19:43.000;2026-04-11T22:19:43.000;16.7;-12.68;0.44;21.23;20.34;18
2026-04-12T05:30:04.000;2026-04-11T22:30:04.000;16.95;-12.51;0.3;21.65;20.34;19
2026-04-12T05:40:17.000;2026-04-11T22:40:17.000;15.84;-12.5;0.3;21.65;20.34;20
2026-04-12T05:50:36.000;2026-04-11T22:50:36.000;14.69;-12.74;0.27;21.77;20.34;21
2026-04-12T06:00:49.000;2026-04-11T23:00:49.000;14.25;-13.25;0.22;21.98;20.34;22
2026-04-12T06:11:03.000;2026-04-11T23:11:03.000;14.54;-12.69;0.3;21.66;20.34;23
2026-04-12T06:21:19.000;2026-04-11T23:21:19.000;14.48;-12.43;0.29;21.67;20.34;24
2026-04-12T06:31:33.000;2026-04-11T23:31:33.000;15.01;-12.09;0.19;22.12;20.34;25
2026-04-12T06:41:48.000;2026-04-11T23:41:48.000;15.07;-12.51;0.22;21.99;20.34;26
2026-04-12T06:52:02.000;2026-04-11T23:52:02.000;15.44;-11.81;0.19;22.13;20.34;27
2026-04-12T07:02:20.000;2026-04-12T00:02:20.000;15.63;-12.09;0.24;21.89;20.34;28
2026-04-12T07:12:41.000;2026-04-12T00:12:41.000;16.13;-11.95;0.3;21.64;20.34;29
2026-04-12T07:23:00.000;2026-04-12T00:23:00.000;15.96;-12.07;0.26;21.8;20.34;30
2026-04-12T07:33:15.000;2026-04-12T00:33:15.000;15.83;-12.4;0.24;21.88;20.34;31
2026-04-12T07:43:31.000;2026-04-12T00:43:31.000;15.53;-12.41;0.19;22.12;20.34;32
2026-04-12T07:53:45.000;2026-04-12T00:53:45.000;15.9;-11.37;0.29;21.68;20.34;33
2026-04-12T08:09:19.000;2026-04-12T01:09:19.000;16.06;-13.47;0.43;21.24;20.34;34
2026-04-12T08:19:40.000;2026-04-12T01:19:40.000;15.82;-13.23;0.3;21.65;20.34;35
2026-04-12T08:29:55.000;2026-04-12T01:29:55.000;14.74;-13.49;0.26;21.82;20.34;36
2026-04-12T08:40:10.000;2026-04-12T01:40:10.000;14.59;-13.37;0.19;22.16;20.34;37
2026-04-12T08:50:26.000;2026-04-12T01:50:26.000;13.41;-13.59;0.21;22.05;20.34;38
2026-04-12T09:00:40.000;2026-04-12T02:00:40.000;14.53;-13.04;0.23;21.93;20.34;39
2026-04-12T09:10:56.000;2026-04-12T02:10:56.000;14.07;-13.82;0.25;21.85;20.34;40
2026-04-12T09:21:11.000;2026-04-12T02:21:11.000;13.88;-13.18;0.28;21.73;20.34;41
2026-04-12T09:31:26.000;2026-04-12T02:31:26.000;14.68;-13.3;0.3;21.66;20.34;42
2026-04-12T09:41:41.000;2026-04-12T02:41:41.000;13.91;-14.7;0.21;22.02;20.34;43
2026-04-12T09:51:56.000;2026-04-12T02:51:56.000;12.53;-14.81;0.24;21.9;20.34;44
2026-04-12T10:02:10.000;2026-04-12T03:02:10.000;12.29;-14.41;0.26;21.81;20.34;45
2026-04-12T10:12:25.000;2026-04-12T03:12:25.000;12.3;-14.18;0.3;21.66;20.34;46
2026-04-12T10:22:39.000;2026-04-12T03:22:39.000;12.53;-15.6;0.31;21.62;20.34;47
2026-04-12T10:32:54.000;2026-04-12T03:32:54.000;12.13;-16.21;0.29;21.68;20.34;48
2026-04-12T10:43:12.000;2026-04-12T03:43:12.000;11.98;-14.92;0.28;21.74;20.34;49
2026-04-12T10:53:27.000;2026-04-12T03:53:27.000;11.87;-16.06;0.34;21.5;20.34;50
2026-04-12T11:03:41.000;2026-04-12T04:03:41.000;11.59;-16.31;0.38;21.38;20.34;51
2026-04-12T11:13:55.000;2026-04-12T04:13:55.000;11.72;-16.23;0.39;21.36;20.34;52
2026-04-12T11:24:10.000;2026-04-12T04:24:10.000;11.62;-16.25;0.34;21.52;20.34;53
2026-04-12T11:39:43.000;2026-04-12T04:39:43.000;11.76;-16.82;0.65;20.81;20.34;54
2026-04-12T11:50:04.000;2026-04-12T04:50:04.000;11.99;-16.44;0.5;21.09;20.34;55
2026-04-12T12:00:23.000;2026-04-12T05:00:23.000;11.47;-16.1;1.14;20.19;20.34;56
2026-04-12T12:10:37.000;2026-04-12T05:10:37.000;11.23;-15.48;5.0;18.59;20.34;57
2026-04-12T12:20:52.000;2026-04-12T05:20:52.000;11.35;-15.91;33.06;16.54;20.34;58
2026-04-12T12:36:25.000;2026-04-12T05:36:25.000;11.36;-16.71;725.85;13.19;20.34;59
2026-04-13T02:21:20.000;2026-04-12T19:21:20.000;17.62;-0.97;351.98;13.97;20.34;2
2026-04-13T02:31:42.000;2026-04-12T19:31:42.000;18.07;-0.37;19.68;17.11;20.34;3
2026-04-13T02:41:56.000;2026-04-12T19:41:56.000;17.77;-0.33;3.06;19.12;20.34;4
2026-04-13T02:52:13.000;2026-04-12T19:52:13.000;17.72;-2.02;1.06;20.28;20.34;5
2026-04-13T03:02:28.000;2026-04-12T20:02:28.000;17.34;-2.51;0.83;20.55;20.34;6
2026-04-13T03:12:44.000;2026-04-12T20:12:44.000;17.3;-1.44;0.86;20.5;20.34;7
2026-04-13T03:23:02.000;2026-04-12T20:23:02.000;17.32;0.3;1.14;20.19;20.34;8
2026-04-13T03:33:18.000;2026-04-12T20:33:18.000;17.69;-1.75;0.8;20.58;20.34;9
2026-04-13T03:43:32.000;2026-04-12T20:43:32.000;17.26;-3.77;0.73;20.68;20.34;10
2026-04-13T03:53:50.000;2026-04-12T20:53:50.000;17.37;-4.39;0.57;20.96;20.34;11
2026-04-13T04:04:04.000;2026-04-12T21:04:04.000;17.41;-5.55;0.56;20.96;20.34;12
2026-04-13T04:14:20.000;2026-04-12T21:14:20.000;17.07;-8.78;0.32;21.58;20.34;13
2026-04-13T04:24:35.000;2026-04-12T21:24:35.000;16.97;-8.67;0.42;21.29;20.34;14
2026-04-13T04:34:50.000;2026-04-12T21:34:50.000;17.12;-8.31;0.33;21.54;20.34;15
2026-04-13T04:45:04.000;2026-04-12T21:45:04.000;16.66;-9.1;0.41;21.31;20.34;16
2026-04-13T04:55:18.000;2026-04-12T21:55:18.000;16.77;-8.37;0.41;21.32;20.34;17
2026-04-13T05:15:51.000;2026-04-12T22:15:51.000;18.61;-8.08;0.65;20.81;20.34;18
2026-04-13T05:26:13.000;2026-04-12T22:26:13.000;18.04;-3.6;0.66;20.79;20.34;19
2026-04-13T05:36:27.000;2026-04-12T22:36:27.000;17.4;-0.67;0.63;20.85;20.34;20
2026-04-13T05:46:41.000;2026-04-12T22:46:41.000;17.5;-0.45;0.6;20.89;20.34;21
2026-04-13T05:56:56.000;2026-04-12T22:56:56.000;17.68;2.14;0.91;20.45;20.34;22
2026-04-13T06:07:10.000;2026-04-12T23:07:10.000;17.41;1.89;0.81;20.57;20.34;23
2026-04-13T06:22:44.000;2026-04-12T23:22:44.000;18.33;0.52;0.89;20.47;20.34;24
2026-04-13T06:33:05.000;2026-04-12T23:33:05.000;17.98;0.54;0.55;20.98;20.34;25
2026-04-13T06:43:18.000;2026-04-12T23:43:18.000;17.52;1.74;0.71;20.71;20.34;26
2026-04-13T06:53:33.000;2026-04-12T23:53:33.000;17.38;2.52;0.77;20.62;20.34;27
2026-04-13T07:03:48.000;2026-04-13T00:03:48.000;16.95;1.21;0.6;20.89;20.34;28
2026-04-13T07:14:02.000;2026-04-13T00:14:02.000;16.84;1.1;0.57;20.95;20.34;29
2026-04-13T07:24:17.000;2026-04-13T00:24:17.000;16.93;1.65;0.55;20.99;20.34;30
2026-04-13T07:34:41.000;2026-04-13T00:34:41.000;16.58;0.08;0.51;21.08;20.34;31
2026-04-13T07:44:57.000;2026-04-13T00:44:57.000;16.86;2.48;0.56;20.96;20.34;32
2026-04-13T07:55:12.000;2026-04-13T00:55:12.000;17.1;1.07;0.48;21.14;20.34;33
2026-04-13T08:05:27.000;2026-04-13T01:05:27.000;16.78;-0.23;0.56;20.97;20.34;34
2026-04-13T08:15:41.000;2026-04-13T01:15:41.000;16.77;-0.31;0.44;21.22;20.34;35
2026-04-13T08:31:14.000;2026-04-13T01:31:14.000;17.51;0.14;0.79;20.59;20.34;36
2026-04-13T08:41:34.000;2026-04-13T01:41:34.000;16.88;0.17;0.54;21.02;20.34;37
2026-04-13T08:51:47.000;2026-04-13T01:51:47.000;16.11;-0.23;0.54;21.02;20.34;38
2026-04-13T09:02:02.000;2026-04-13T02:02:02.000;15.88;3.0;0.78;20.6;20.34;39
2026-04-13T09:12:17.000;2026-04-13T02:12:17.000;15.91;3.51;0.74;20.67;20.34;40
2026-04-13T09:22:31.000;2026-04-13T02:22:31.000;16.0;3.24;0.52;21.04;20.34;41
2026-04-13T09:32:46.000;2026-04-13T02:32:46.000;15.91;3.2;0.66;20.8;20.34;42
2026-04-13T09:43:01.000;2026-04-13T02:43:01.000;15.93;2.69;0.72;20.7;20.34;43
2026-04-13T09:53:15.000;2026-04-13T02:53:15.000;15.89;1.83;0.45;21.21;20.34;44
2026-04-13T10:03:30.000;2026-04-13T03:03:30.000;16.47;2.38;0.68;20.76;20.34;45
2026-04-13T10:13:47.000;2026-04-13T03:13:47.000;16.27;3.07;0.75;20.65;20.34;46
2026-04-13T10:24:01.000;2026-04-13T03:24:01.000;16.16;2.9;0.74;20.66;20.34;47
2026-04-13T10:34:16.000;2026-04-13T03:34:16.000;16.13;2.66;0.6;20.89;20.34;48
2026-04-13T10:44:34.000;2026-04-13T03:44:34.000;16.14;2.15;0.68;20.77;20.34;49
2026-04-13T10:54:48.000;2026-04-13T03:54:48.000;15.6;2.38;0.69;20.74;20.34;50
2026-04-13T11:05:03.000;2026-04-13T04:05:03.000;15.59;0.79;0.65;20.81;20.34;51
2026-04-13T11:15:16.000;2026-04-13T04:15:16.000;15.42;1.03;0.66;20.79;20.34;52
2026-04-13T11:30:49.000;2026-04-13T04:30:49.000;16.21;1.03;0.86;20.5;20.34;53
2026-04-13T11:41:10.000;2026-04-13T04:41:10.000;16.2;1.48;0.53;21.02;20.34;54
2026-04-13T11:51:23.000;2026-04-13T04:51:23.000;15.82;2.63;0.85;20.51;20.34;55
2026-04-13T12:01:37.000;2026-04-13T05:01:37.000;16.48;1.78;1.56;19.85;20.34;56
2026-04-13T12:11:52.000;2026-04-13T05:11:52.000;16.45;2.02;5.72;18.45;20.34;57
2026-04-13T12:22:08.000;2026-04-13T05:22:08.000;16.35;2.86;37.65;16.4;20.34;58
2026-04-13T12:32:26.000;2026-04-13T05:32:26.000;16.22;3.21;482.2;13.63;20.34;59
2026-04-13T12:42:40.000;2026-04-13T05:42:40.000;16.8;4.29;6332.91;10.84;20.34;60
2026-04-14T02:11:23.000;2026-04-13T19:11:23.000;14.62;-5.88;4457.8;11.22;20.34;1
2026-04-14T02:21:37.000;2026-04-13T19:21:37.000;14.98;-6.74;256.21;14.32;20.34;2
2026-04-14T02:31:52.000;2026-04-13T19:31:52.000;15.2;-5.62;63.26;15.84;20.34;3
2026-04-14T02:42:06.000;2026-04-13T19:42:06.000;14.73;-11.12;4.58;18.69;20.34;4
2026-04-14T02:52:20.000;2026-04-13T19:52:20.000;14.49;-12.91;0.87;20.5;20.34;5
2026-04-14T03:02:34.000;2026-04-13T20:02:34.000;14.16;-11.94;0.45;21.21;20.34;6
2026-04-14T03:12:51.000;2026-04-13T20:12:51.000;13.63;-13.13;0.38;21.4;20.34;7
2026-04-14T03:23:08.000;2026-04-13T20:23:08.000;13.58;-13.55;0.36;21.44;20.34;8
2026-04-14T03:33:22.000;2026-04-13T20:33:22.000;14.2;-13.53;0.28;21.72;20.34;9
2026-04-14T03:43:36.000;2026-04-13T20:43:36.000;14.21;-13.69;0.35;21.49;20.34;10
2026-04-14T03:53:53.000;2026-04-13T20:53:53.000;13.66;-14.03;0.27;21.77;20.34;11
2026-04-14T04:04:10.000;2026-04-13T21:04:10.000;14.07;-13.88;0.28;21.74;20.34;12
2026-04-14T04:14:25.000;2026-04-13T21:14:25.000;14.43;-13.88;0.25;21.83;20.34;13
2026-04-14T04:24:39.000;2026-04-13T21:24:39.000;14.17;-13.39;0.2;22.08;20.34;14
2026-04-14T04:34:58.000;2026-04-13T21:34:58.000;14.05;-13.57;0.25;21.86;20.34;15
2026-04-14T04:45:12.000;2026-04-13T21:45:12.000;14.06;-12.34;0.25;21.85;20.34;16
2026-04-14T05:00:47.000;2026-04-13T22:00:47.000;14.31;-13.14;0.44;21.24;20.34;17
2026-04-14T05:11:07.000;2026-04-13T22:11:07.000;14.05;-13.17;0.24;21.88;20.34;18
2026-04-14T05:21:21.000;2026-04-13T22:21:21.000;13.19;-13.67;0.19;22.14;20.34;19
2026-04-14T05:31:35.000;2026-04-13T22:31:35.000;12.55;-12.79;0.21;22.04;20.34;20
2026-04-14T05:41:48.000;2026-04-13T22:41:48.000;12.49;-13.36;0.28;21.74;20.34;21
2026-04-14T05:52:16.000;2026-04-13T22:52:16.000;11.96;-13.27;0.28;21.71;20.34;22
2026-04-14T06:02:31.000;2026-04-13T23:02:31.000;11.64;-13.93;0.22;21.98;20.34;23
2026-04-14T06:17:49.000;2026-04-13T23:17:49.000;11.76;-13.94;0.4;21.34;20.34;24
2026-04-14T06:28:10.000;2026-04-13T23:28:10.000;11.4;-13.48;0.22;21.98;20.34;25
2026-04-14T06:38:24.000;2026-04-13T23:38:24.000;10.91;-13.59;0.22;21.98;20.34;26
2026-04-14T06:48:40.000;2026-04-13T23:48:40.000;11.12;-13.44;0.22;21.99;20.34;27
2026-04-14T06:58:55.000;2026-04-13T23:58:55.000;10.8;-13.02;0.17;22.24;20.34;28
2026-04-14T07:09:09.000;2026-04-14T00:09:09.000;10.52;-13.09;0.24;21.91;20.34;29
2026-04-14T07:24:41.000;2026-04-14T00:24:41.000;11.86;-12.3;0.39;21.37;20.34;30
2026-04-14T07:35:03.000;2026-04-14T00:35:03.000;12.08;-13.35;0.17;22.28;20.34;31
2026-04-14T07:45:18.000;2026-04-14T00:45:18.000;11.27;-9.1;0.18;22.22;20.34;32
2026-04-14T07:55:32.000;2026-04-14T00:55:32.000;11.07;-6.36;0.2;22.11;20.34;33
2026-04-14T08:05:48.000;2026-04-14T01:05:48.000;11.42;-1.55;0.26;21.82;20.34;34
2026-04-14T08:21:20.000;2026-04-14T01:21:20.000;12.35;-5.93;0.4;21.35;20.34;35
2026-04-14T08:31:43.000;2026-04-14T01:31:43.000;12.39;-4.04;0.23;21.95;20.34;36
2026-04-14T08:41:58.000;2026-04-14T01:41:58.000;10.88;-7.49;0.21;22.05;20.34;37
2026-04-14T08:52:12.000;2026-04-14T01:52:12.000;10.96;-6.09;0.18;22.23;20.34;38
2026-04-14T09:02:27.000;2026-04-14T02:02:27.000;10.6;-9.54;0.24;21.91;20.34;39
2026-04-14T09:12:41.000;2026-04-14T02:12:41.000;9.31;-13.22;0.2;22.08;20.34;40
2026-04-14T09:22:54.000;2026-04-14T02:22:54.000;8.67;-12.17;0.12;22.62;20.34;41
2026-04-14T09:33:08.000;2026-04-14T02:33:08.000;8.14;-14.44;0.21;22.06;20.34;42
2026-04-14T09:43:21.000;2026-04-14T02:43:21.000;7.81;-13.31;0.21;22.05;20.34;43
2026-04-14T09:53:37.000;2026-04-14T02:53:37.000;7.66;-10.75;0.23;21.92;20.34;44
2026-04-14T10:03:52.000;2026-04-14T03:03:52.000;7.71;-10.78;0.25;21.87;20.34;45
2026-04-14T10:14:06.000;2026-04-14T03:14:06.000;7.54;-9.0;0.26;21.8;20.34;46
2026-04-14T10:24:20.000;2026-04-14T03:24:20.000;8.03;-1.45;0.3;21.66;20.34;47
2026-04-14T10:34:35.000;2026-04-14T03:34:35.000;9.38;2.96;0.39;21.35;20.34;48
2026-04-14T10:44:49.000;2026-04-14T03:44:49.000;9.91;1.79;0.35;21.47;20.34;49
2026-04-14T10:55:04.000;2026-04-14T03:55:04.000;10.43;-1.99;0.31;21.6;20.34;50
2026-04-14T11:05:19.000;2026-04-14T04:05:19.000;10.08;1.26;0.4;21.34;20.34;51
2026-04-14T11:15:33.000;2026-04-14T04:15:33.000;10.27;-0.03;0.27;21.75;20.34;52
2026-04-14T11:25:47.000;2026-04-14T04:25:47.000;9.19;-6.56;0.32;21.59;20.34;53
2026-04-14T11:46:16.000;2026-04-14T04:46:16.000;8.91;-6.01;0.52;21.05;20.34;55
2026-04-14T11:56:30.000;2026-04-14T04:56:30.000;8.65;-6.05;0.92;20.43;20.34;56
2026-04-14T12:06:44.000;2026-04-14T05:06:44.000;8.16;-10.06;3.69;18.92;20.34;57
2026-04-14T12:16:59.000;2026-04-14T05:16:59.000;8.29;-7.69;18.01;17.2;20.34;58
2026-04-14T12:27:13.000;2026-04-14T05:27:13.000;7.73;-7.44;191.59;14.63;20.34;59
2026-04-14T12:37:27.000;2026-04-14T05:37:27.000;7.59;-11.93;2433.85;11.87;20.34;60
2026-04-15T02:33:47.000;2026-04-14T19:33:47.000;17.65;-17.07;94.14;15.41;20.34;2
2026-04-15T03:00:08.000;2026-04-14T20:00:08.000;15.78;-17.03;0.39;21.35;20.34;4
2026-04-15T03:20:27.000;2026-04-14T20:20:27.000;16.65;-17.72;0.51;21.07;20.34;5
2026-04-15T03:35:59.000;2026-04-14T20:35:59.000;16.19;-17.44;0.48;21.13;20.34;6
2026-04-15T03:56:45.000;2026-04-14T20:56:45.000;16.54;-17.95;0.47;21.16;20.34;7
2026-04-15T04:12:29.000;2026-04-14T21:12:29.000;14.68;-18.45;0.45;21.21;20.34;8
2026-04-15T04:33:26.000;2026-04-14T21:33:26.000;13.26;-17.43;0.22;21.97;20.34;10
2026-04-15T05:04:19.000;2026-04-14T22:04:19.000;13.54;-18.46;0.22;22.0;20.34;12
2026-04-15T05:24:47.000;2026-04-14T22:24:47.000;11.97;-18.26;0.3;21.66;20.34;14
2026-04-15T05:35:03.000;2026-04-14T22:35:03.000;12.3;-18.39;0.29;21.67;20.34;15
2026-04-15T05:50:35.000;2026-04-14T22:50:35.000;12.86;-19.01;0.42;21.29;20.34;16
2026-04-15T06:06:21.000;2026-04-14T23:06:21.000;13.3;-19.25;0.4;21.33;20.34;17
2026-04-15T06:21:48.000;2026-04-14T23:21:48.000;13.49;-19.35;0.4;21.34;20.34;18
2026-04-15T06:32:08.000;2026-04-14T23:32:08.000;12.72;-19.28;0.2;22.08;20.34;19
2026-04-15T06:42:22.000;2026-04-14T23:42:22.000;12.34;-18.69;0.23;21.96;20.34;20
2026-04-15T06:52:36.000;2026-04-14T23:52:36.000;12.04;-19.06;0.28;21.72;20.34;21
2026-04-15T07:02:50.000;2026-04-15T00:02:50.000;11.42;-19.09;0.13;22.57;20.34;22
2026-04-15T07:13:04.000;2026-04-15T00:13:04.000;10.58;-19.45;0.19;22.16;20.34;23
2026-04-15T07:23:17.000;2026-04-15T00:23:17.000;9.88;-19.69;0.21;22.04;20.34;24
2026-04-15T07:33:31.000;2026-04-15T00:33:31.000;8.75;-19.53;0.17;22.29;20.34;25
2026-04-15T07:48:50.000;2026-04-15T00:48:50.000;8.3;-20.46;0.37;21.43;20.34;26
2026-04-15T07:59:14.000;2026-04-15T00:59:14.000;8.21;-20.5;0.21;22.05;20.34;27
2026-04-15T08:09:27.000;2026-04-15T01:09:27.000;6.78;-20.48;0.16;22.3;20.34;28
2026-04-15T08:19:41.000;2026-04-15T01:19:41.000;6.22;-20.69;0.17;22.3;20.34;29
2026-04-15T08:29:55.000;2026-04-15T01:29:55.000;6.38;-20.51;0.21;22.06;20.34;30
2026-04-15T08:40:09.000;2026-04-15T01:40:09.000;6.16;-20.79;0.25;21.86;20.34;31
2026-04-15T08:50:23.000;2026-04-15T01:50:23.000;5.97;-21.13;0.25;21.85;20.34;32
2026-04-15T09:00:37.000;2026-04-15T02:00:37.000;5.8;-20.57;0.21;22.03;20.34;33
2026-04-15T09:10:52.000;2026-04-15T02:10:52.000;5.76;-21.48;0.21;22.03;20.34;34
2026-04-15T09:21:06.000;2026-04-15T02:21:06.000;5.47;-21.32;0.17;22.25;20.34;35
2026-04-15T09:31:21.000;2026-04-15T02:31:21.000;5.42;-21.42;0.27;21.75;20.34;36
2026-04-15T09:41:35.000;2026-04-15T02:41:35.000;5.39;-21.43;0.2;22.1;20.34;37
2026-04-15T09:51:50.000;2026-04-15T02:51:50.000;5.63;-21.63;0.22;21.98;20.34;38
2026-04-15T10:02:08.000;2026-04-15T03:02:08.000;5.51;-21.62;0.24;21.9;20.34;39
2026-04-15T10:12:22.000;2026-04-15T03:12:22.000;5.6;-21.53;0.18;22.22;20.34;40
2026-04-15T10:22:36.000;2026-04-15T03:22:36.000;4.85;-21.91;0.27;21.75;20.34;41
2026-04-15T10:32:50.000;2026-04-15T03:32:50.000;4.53;-21.8;0.18;22.19;20.34;42
2026-04-15T10:43:05.000;2026-04-15T03:43:05.000;4.51;-21.39;0.23;21.93;20.34;43
2026-04-15T10:53:20.000;2026-04-15T03:53:20.000;4.49;-21.81;0.24;21.9;20.34;44
2026-04-15T11:03:35.000;2026-04-15T04:03:35.000;4.01;-22.36;0.19;22.12;20.34;45
2026-04-15T11:13:49.000;2026-04-15T04:13:49.000;3.82;-22.47;0.25;21.85;20.34;46
2026-04-15T11:24:03.000;2026-04-15T04:24:03.000;3.96;-22.07;0.3;21.63;20.34;47
2026-04-15T11:39:36.000;2026-04-15T04:39:36.000;5.07;-22.64;0.48;21.13;20.34;48
2026-04-15T11:49:57.000;2026-04-15T04:49:57.000;5.02;-22.8;0.51;21.06;20.34;49
2026-04-15T12:05:28.000;2026-04-15T05:05:28.000;4.72;-22.95;2.63;19.29;20.34;50
2026-04-15T12:15:49.000;2026-04-15T05:15:49.000;4.92;-23.03;25.18;16.84;20.34;51
2026-04-15T12:26:02.000;2026-04-15T05:26:02.000;4.28;-22.89;240.89;14.39;20.34;52
2026-04-16T02:13:13.000;2026-04-15T19:13:13.000;14.83;-15.48;3199.63;11.58;20.34;1
2026-04-16T02:23:28.000;2026-04-15T19:23:28.000;16.62;-16.69;201.19;14.58;20.34;2
2026-04-16T02:33:47.000;2026-04-15T19:33:47.000;15.58;-18.12;22.0;16.98;20.34;3
2026-04-16T02:44:05.000;2026-04-15T19:44:05.000;13.94;-17.87;3.43;19.0;20.34;4
2026-04-16T02:54:18.000;2026-04-15T19:54:18.000;13.1;-16.86;0.77;20.63;20.34;5
2026-04-16T03:04:32.000;2026-04-15T20:04:32.000;14.94;-17.12;0.38;21.38;20.34;6
2026-04-16T03:14:46.000;2026-04-15T20:14:46.000;14.69;-17.89;0.35;21.47;20.34;7
2026-04-16T03:25:00.000;2026-04-15T20:25:00.000;13.43;-18.78;0.33;21.55;20.34;8
2026-04-16T03:35:17.000;2026-04-15T20:35:17.000;12.27;-18.75;0.29;21.68;20.34;9
2026-04-16T03:45:32.000;2026-04-15T20:45:32.000;12.15;-18.85;0.26;21.79;20.34;10
2026-04-16T03:55:46.000;2026-04-15T20:55:46.000;11.59;-18.54;0.31;21.61;20.34;11
2026-04-16T04:05:59.000;2026-04-15T21:05:59.000;11.99;-18.42;0.3;21.63;20.34;12
2026-04-16T04:16:17.000;2026-04-15T21:16:17.000;11.14;-19.36;0.25;21.84;20.34;13
2026-04-16T04:26:31.000;2026-04-15T21:26:31.000;10.75;-18.75;0.3;21.65;20.34;14
2026-04-16T04:42:04.000;2026-04-15T21:42:04.000;11.66;-19.3;0.44;21.23;20.34;15
2026-04-16T04:52:24.000;2026-04-15T21:52:24.000;12.04;-18.76;0.26;21.79;20.34;16
2026-04-16T05:02:38.000;2026-04-15T22:02:38.000;11.45;-18.93;0.19;22.14;20.34;17
2026-04-16T05:12:53.000;2026-04-15T22:12:53.000;11.14;-19.04;0.25;21.83;20.34;18
2026-04-16T05:23:10.000;2026-04-15T22:23:10.000;10.98;-18.77;0.29;21.68;20.34;19
2026-04-16T05:38:42.000;2026-04-15T22:38:42.000;12.02;-19.74;0.4;21.33;20.34;20
2026-04-16T05:49:03.000;2026-04-15T22:49:03.000;11.6;-19.99;0.24;21.87;20.34;21
2026-04-16T05:59:19.000;2026-04-15T22:59:19.000;11.49;-19.62;0.28;21.73;20.34;22
2026-04-16T06:09:33.000;2026-04-15T23:09:33.000;11.17;-19.23;0.22;22.0;20.34;23
2026-04-16T06:19:46.000;2026-04-15T23:19:46.000;10.28;-19.66;0.17;22.24;20.34;24
2026-04-16T06:30:00.000;2026-04-15T23:30:00.000;10.07;-18.83;0.26;21.8;20.34;25
2026-04-16T06:40:15.000;2026-04-15T23:40:15.000;9.87;-18.78;0.22;21.99;20.34;26
2026-04-16T06:50:29.000;2026-04-15T23:50:29.000;9.53;-19.01;0.27;21.78;20.34;27
2026-04-16T07:00:44.000;2026-04-16T00:00:44.000;9.41;-18.94;0.2;22.1;20.34;28
2026-04-16T07:10:58.000;2026-04-16T00:10:58.000;9.07;-18.87;0.22;21.99;20.34;29
2026-04-16T07:21:12.000;2026-04-16T00:21:12.000;9.04;-18.46;0.17;22.24;20.34;30
2026-04-16T07:31:26.000;2026-04-16T00:31:26.000;8.76;-18.37;0.17;22.24;20.34;31
2026-04-16T07:41:40.000;2026-04-16T00:41:40.000;8.07;-18.73;0.17;22.24;20.34;32
2026-04-16T07:51:54.000;2026-04-16T00:51:54.000;7.79;-18.99;0.21;22.01;20.34;33
2026-04-16T08:02:13.000;2026-04-16T01:02:13.000;7.89;-18.84;0.17;22.26;20.34;34
2026-04-16T08:12:29.000;2026-04-16T01:12:29.000;8.34;-18.53;0.26;21.79;20.34;35
2026-04-16T08:22:44.000;2026-04-16T01:22:44.000;9.03;-18.87;0.16;22.31;20.34;36
2026-04-16T08:32:59.000;2026-04-16T01:32:59.000;8.24;-20.09;0.16;22.31;20.34;37
2026-04-16T08:43:13.000;2026-04-16T01:43:13.000;7.79;-19.45;0.2;22.08;20.34;38
2026-04-16T08:53:27.000;2026-04-16T01:53:27.000;7.4;-19.51;0.16;22.32;20.34;39
2026-04-16T09:03:41.000;2026-04-16T02:03:41.000;6.75;-19.53;0.2;22.07;20.34;40
2026-04-16T09:13:55.000;2026-04-16T02:13:55.000;6.83;-19.57;0.16;22.3;20.34;41
2026-04-16T09:24:10.000;2026-04-16T02:24:10.000;6.67;-19.5;0.21;22.06;20.34;42
2026-04-16T09:34:24.000;2026-04-16T02:34:24.000;6.51;-19.82;0.21;22.05;20.34;43
2026-04-16T09:44:39.000;2026-04-16T02:44:39.000;6.81;-19.73;0.21;22.04;20.34;44
2026-04-16T09:54:54.000;2026-04-16T02:54:54.000;6.49;-20.31;0.17;22.26;20.34;45
2026-04-16T10:05:09.000;2026-04-16T03:05:09.000;6.63;-20.16;0.22;22.0;20.34;46
2026-04-16T10:15:23.000;2026-04-16T03:15:23.000;6.63;-19.13;0.23;21.92;20.34;47
2026-04-16T10:25:38.000;2026-04-16T03:25:38.000;7.28;-19.22;0.31;21.62;20.34;48
2026-04-16T10:35:53.000;2026-04-16T03:35:53.000;7.37;-19.61;0.29;21.7;20.34;49
2026-04-16T10:46:07.000;2026-04-16T03:46:07.000;7.18;-19.39;0.24;21.9;20.34;50
2026-04-16T10:56:21.000;2026-04-16T03:56:21.000;6.95;-19.85;0.25;21.86;20.34;51
2026-04-16T11:06:35.000;2026-04-16T04:06:35.000;7.29;-20.18;0.25;21.85;20.34;52
2026-04-16T11:16:50.000;2026-04-16T04:16:50.000;7.16;-19.0;0.24;21.91;20.34;53
2026-04-16T11:27:04.000;2026-04-16T04:27:04.000;8.74;-17.3;0.31;21.62;20.34;54
2026-04-16T11:37:19.000;2026-04-16T04:37:19.000;9.7;-16.22;0.55;21.0;20.34;55
2026-04-16T11:47:34.000;2026-04-16T04:47:34.000;9.46;-16.05;0.86;20.5;20.34;56
2026-04-16T11:57:48.000;2026-04-16T04:57:48.000;9.01;-14.13;2.98;19.16;20.34;57
2026-04-16T12:08:02.000;2026-04-16T05:08:02.000;8.95;-10.47;22.34;16.97;20.34;58
2026-04-16T12:18:16.000;2026-04-16T05:18:16.000;9.23;-8.9;109.64;15.24;20.34;59
2026-04-16T12:28:31.000;2026-04-16T05:28:31.000;9.74;-8.51;833.02;13.04;20.34;60
2026-04-17T02:12:24.000;2026-04-16T19:12:24.000;16.14;-14.47;4533.25;11.2;20.34;1
2026-04-17T02:22:38.000;2026-04-16T19:22:38.000;16.15;-15.1;286.24;14.2;20.34;2
2026-04-17T02:32:55.000;2026-04-16T19:32:55.000;16.15;-14.63;34.56;16.49;20.34;3
2026-04-17T02:43:10.000;2026-04-16T19:43:10.000;15.87;-14.78;4.45;18.72;20.34;4
2026-04-17T02:53:24.000;2026-04-16T19:53:24.000;15.58;-15.17;0.88;20.48;20.34;5
2026-04-17T03:03:42.000;2026-04-16T20:03:42.000;15.79;-14.25;0.41;21.3;20.34;6
2026-04-17T03:13:56.000;2026-04-16T20:13:56.000;15.61;-14.78;0.34;21.5;20.34;7
2026-04-17T03:24:11.000;2026-04-16T20:24:11.000;15.41;-14.99;0.3;21.65;20.34;8
2026-04-17T03:34:24.000;2026-04-16T20:34:24.000;15.51;-14.31;0.32;21.56;20.34;9
2026-04-17T03:44:39.000;2026-04-16T20:44:39.000;15.58;-14.87;0.32;21.58;20.34;10
2026-04-17T03:54:55.000;2026-04-16T20:54:55.000;15.58;-14.79;0.24;21.91;20.34;11
2026-04-17T04:05:11.000;2026-04-16T21:05:11.000;15.6;-15.06;0.23;21.95;20.34;12
2026-04-17T04:15:25.000;2026-04-16T21:15:25.000;15.42;-14.83;0.25;21.86;20.34;13
2026-04-17T04:30:57.000;2026-04-16T21:30:57.000;15.57;-15.71;0.43;21.26;20.34;14
2026-04-17T04:41:18.000;2026-04-16T21:41:18.000;15.0;-14.45;0.3;21.63;20.34;15
2026-04-17T04:51:31.000;2026-04-16T21:51:31.000;14.85;-13.11;0.29;21.67;20.34;16
2026-04-17T05:01:45.000;2026-04-16T22:01:45.000;14.73;-13.69;0.3;21.66;20.34;17
2026-04-17T05:22:13.000;2026-04-16T22:22:13.000;13.59;-12.55;0.3;21.65;20.34;19
2026-04-17T05:32:30.000;2026-04-16T22:32:30.000;12.87;-13.27;0.24;21.88;20.34;20
2026-04-17T05:42:44.000;2026-04-16T22:42:44.000;13.11;-14.61;0.28;21.71;20.34;21
2026-04-17T05:53:00.000;2026-04-16T22:53:00.000;12.39;-14.49;0.25;21.83;20.34;22
2026-04-17T06:03:16.000;2026-04-16T23:03:16.000;12.47;-14.27;0.25;21.86;20.34;23
2026-04-17T06:13:30.000;2026-04-16T23:13:30.000;11.94;-14.76;0.27;21.75;20.34;24
2026-04-17T06:23:44.000;2026-04-16T23:23:44.000;12.57;-14.06;0.2;22.08;20.34;25
2026-04-17T06:33:59.000;2026-04-16T23:33:59.000;12.33;-14.41;0.29;21.68;20.34;26
2026-04-17T06:44:13.000;2026-04-16T23:44:13.000;12.41;-12.25;0.3;21.65;20.34;27
2026-04-17T06:54:28.000;2026-04-16T23:54:28.000;12.07;-13.57;0.24;21.89;20.34;28
2026-04-17T07:10:01.000;2026-04-17T00:10:01.000;12.28;-15.19;0.38;21.39;20.34;29
2026-04-17T07:25:40.000;2026-04-17T00:25:40.000;12.45;-14.95;0.38;21.38;20.34;30
2026-04-17T07:35:58.000;2026-04-17T00:35:58.000;11.66;-14.31;0.16;22.35;20.34;31
2026-04-17T07:46:11.000;2026-04-17T00:46:11.000;10.6;-14.74;0.21;22.02;20.34;32
2026-04-17T07:56:24.000;2026-04-17T00:56:24.000;10.17;-14.85;0.21;22.03;20.34;33
2026-04-17T08:06:40.000;2026-04-17T01:06:40.000;9.87;-15.13;0.17;22.28;20.34;34
2026-04-17T08:16:55.000;2026-04-17T01:16:55.000;9.69;-15.47;0.17;22.27;20.34;35
2026-04-17T08:27:09.000;2026-04-17T01:27:09.000;9.42;-15.5;0.19;22.14;20.34;36
2026-04-17T08:37:23.000;2026-04-17T01:37:23.000;9.66;-15.69;0.21;22.03;20.34;37
2026-04-17T08:47:39.000;2026-04-17T01:47:39.000;9.61;-15.59;0.21;22.04;20.34;38
2026-04-17T09:08:12.000;2026-04-17T02:08:12.000;11.01;-16.38;0.38;21.4;20.34;39
2026-04-17T09:18:37.000;2026-04-17T02:18:37.000;11.71;-15.32;0.17;22.29;20.34;40
2026-04-17T09:28:50.000;2026-04-17T02:28:50.000;12.43;-14.93;0.17;22.28;20.34;41
2026-04-17T09:39:13.000;2026-04-17T02:39:13.000;12.31;-15.84;0.19;22.14;20.34;42
2026-04-17T09:59:46.000;2026-04-17T02:59:46.000;11.97;-16.33;0.17;22.23;20.34;44
2026-04-17T10:10:01.000;2026-04-17T03:10:01.000;11.39;-15.38;0.2;22.08;20.34;45
2026-04-17T10:20:16.000;2026-04-17T03:20:16.000;11.29;-16.09;0.27;21.76;20.34;46
2026-04-17T10:30:36.000;2026-04-17T03:30:36.000;10.75;-16.22;0.29;21.68;20.34;47
2026-04-17T10:40:53.000;2026-04-17T03:40:53.000;9.63;-16.65;0.19;22.16;20.34;48
2026-04-17T10:51:18.000;2026-04-17T03:51:18.000;9.83;-16.87;0.3;21.63;20.34;49
2026-04-17T11:01:34.000;2026-04-17T04:01:34.000;9.35;-16.68;0.31;21.6;20.34;50
2026-04-17T11:11:48.000;2026-04-17T04:11:48.000;8.84;-16.74;0.31;21.62;20.34;51
2026-04-17T11:22:02.000;2026-04-17T04:22:02.000;8.29;-17.05;0.27;21.78;20.34;52
2026-04-17T11:32:16.000;2026-04-17T04:32:16.000;7.82;-16.82;0.33;21.53;20.34;53
2026-04-17T11:42:30.000;2026-04-17T04:42:30.000;7.79;-16.45;0.39;21.36;20.34;54
2026-04-17T11:52:44.000;2026-04-17T04:52:44.000;7.33;-17.03;0.88;20.48;20.34;55
2026-04-17T12:02:58.000;2026-04-17T05:02:58.000;6.94;-16.61;4.5;18.71;20.34;56
2026-04-17T12:23:19.000;2026-04-17T05:23:19.000;8.49;-17.4;111.68;15.22;20.34;57
2026-04-17T12:33:43.000;2026-04-17T05:33:43.000;8.7;-16.8;3169.33;11.59;20.34;58
2026-04-18T02:14:10.000;2026-04-17T19:14:10.000;18.85;-9.06;3827.09;11.38;20.34;1
2026-04-18T02:24:25.000;2026-04-17T19:24:25.000;19.51;-9.83;265.66;14.28;20.34;2
2026-04-18T02:34:42.000;2026-04-17T19:34:42.000;19.48;-9.99;28.91;16.69;20.34;3
2026-04-18T02:44:58.000;2026-04-17T19:44:58.000;19.38;-10.4;4.06;18.82;20.34;4
2026-04-18T02:55:12.000;2026-04-17T19:55:12.000;19.46;-11.29;0.99;20.35;20.34;5
2026-04-18T03:05:26.000;2026-04-17T20:05:26.000;18.54;-11.48;0.43;21.25;20.34;6
2026-04-18T03:15:40.000;2026-04-17T20:15:40.000;18.46;-11.33;0.33;21.56;20.34;7
2026-04-18T03:25:55.000;2026-04-17T20:25:55.000;18.1;-11.64;0.29;21.67;20.34;8
2026-04-18T03:36:09.000;2026-04-17T20:36:09.000;18.02;-11.67;0.36;21.45;20.34;9
2026-04-18T03:46:24.000;2026-04-17T20:46:24.000;17.79;-12.24;0.28;21.73;20.34;10
2026-04-18T03:56:39.000;2026-04-17T20:56:39.000;17.5;-12.33;0.27;21.74;20.34;11
2026-04-18T04:06:53.000;2026-04-17T21:06:53.000;16.93;-12.14;0.26;21.79;20.34;12
2026-04-18T04:17:07.000;2026-04-17T21:17:07.000;16.71;-12.66;0.28;21.73;20.34;13
2026-04-18T04:27:21.000;2026-04-17T21:27:21.000;16.88;-12.61;0.27;21.74;20.34;14
2026-04-18T04:37:39.000;2026-04-17T21:37:39.000;16.83;-12.36;0.32;21.58;20.34;15
2026-04-18T04:47:55.000;2026-04-17T21:47:55.000;16.28;-12.75;0.32;21.59;20.34;16
2026-04-18T04:58:09.000;2026-04-17T21:58:09.000;16.07;-12.34;0.23;21.96;20.34;17
2026-04-18T05:08:26.000;2026-04-17T22:08:26.000;15.79;-12.36;0.27;21.77;20.34;18
2026-04-18T05:23:58.000;2026-04-17T22:23:58.000;16.06;-13.35;0.43;21.26;20.34;19
2026-04-18T05:34:18.000;2026-04-17T22:34:18.000;15.4;-13.21;0.31;21.63;20.34;20
2026-04-18T05:44:32.000;2026-04-17T22:44:32.000;14.89;-13.12;0.24;21.88;20.34;21
2026-04-18T05:54:48.000;2026-04-17T22:54:48.000;14.63;-13.2;0.22;22.01;20.34;22
2026-04-18T06:05:03.000;2026-04-17T23:05:03.000;13.88;-13.22;0.29;21.67;20.34;23
2026-04-18T06:15:16.000;2026-04-17T23:15:16.000;13.35;-13.73;0.23;21.92;20.34;24
2026-04-18T06:25:31.000;2026-04-17T23:25:31.000;12.13;-13.7;0.25;21.86;20.34;25
2026-04-18T06:35:45.000;2026-04-17T23:35:45.000;11.71;-13.64;0.22;21.97;20.34;26
2026-04-18T06:46:00.000;2026-04-17T23:46:00.000;11.9;-13.72;0.24;21.9;20.34;27
2026-04-18T07:01:18.000;2026-04-18T00:01:18.000;12.01;-14.63;0.39;21.38;20.34;28
2026-04-18T07:11:39.000;2026-04-18T00:11:39.000;12.08;-14.19;0.19;22.12;20.34;29
2026-04-18T07:21:52.000;2026-04-18T00:21:52.000;10.91;-14.35;0.23;21.94;20.34;30
2026-04-18T07:32:06.000;2026-04-18T00:32:06.000;10.68;-14.1;0.21;22.03;20.34;31
2026-04-18T07:42:19.000;2026-04-18T00:42:19.000;10.17;-14.18;0.17;22.27;20.34;32
2026-04-18T07:52:34.000;2026-04-18T00:52:34.000;9.83;-14.24;0.12;22.6;20.34;33
2026-04-18T08:02:51.000;2026-04-18T01:02:51.000;9.78;-14.67;0.21;22.05;20.34;34
2026-04-18T08:13:05.000;2026-04-18T01:13:05.000;9.53;-14.59;0.15;22.39;20.34;35
2026-04-18T08:23:19.000;2026-04-18T01:23:19.000;9.33;-14.61;0.21;22.06;20.34;36
2026-04-18T08:33:33.000;2026-04-18T01:33:33.000;9.09;-14.8;0.2;22.06;20.34;37
2026-04-18T08:43:48.000;2026-04-18T01:43:48.000;9.03;-14.83;0.2;22.07;20.34;38
2026-04-18T08:59:22.000;2026-04-18T01:59:22.000;10.54;-14.72;0.36;21.45;20.34;39
2026-04-18T09:09:43.000;2026-04-18T02:09:43.000;11.34;-14.82;0.12;22.6;20.34;40
2026-04-18T09:19:57.000;2026-04-18T02:19:57.000;10.57;-14.67;0.13;22.58;20.34;41
2026-04-18T09:30:10.000;2026-04-18T02:30:10.000;9.99;-14.46;0.17;22.24;20.34;42
2026-04-18T09:40:26.000;2026-04-18T02:40:26.000;9.76;-15.15;0.24;21.88;20.34;43
2026-04-18T09:55:59.000;2026-04-18T02:55:59.000;11.01;-15.71;0.4;21.34;20.34;44
2026-04-18T10:06:19.000;2026-04-18T03:06:19.000;11.21;-16.0;0.24;21.87;20.34;45
2026-04-18T10:16:33.000;2026-04-18T03:16:33.000;9.91;-15.94;0.28;21.74;20.34;46
2026-04-18T10:26:47.000;2026-04-18T03:26:47.000;9.53;-16.09;0.23;21.92;20.34;47
2026-04-18T10:37:02.000;2026-04-18T03:37:02.000;9.25;-16.19;0.19;22.14;20.34;48
2026-04-18T10:47:16.000;2026-04-18T03:47:16.000;9.01;-16.08;0.24;21.88;20.34;49
2026-04-18T10:57:30.000;2026-04-18T03:57:30.000;8.9;-16.0;0.25;21.85;20.34;50
2026-04-18T11:07:44.000;2026-04-18T04:07:44.000;9.0;-16.3;0.3;21.64;20.34;51
2026-04-18T11:17:59.000;2026-04-18T04:17:59.000;9.19;-16.26;0.25;21.85;20.34;52
2026-04-18T11:28:14.000;2026-04-18T04:28:14.000;9.19;-16.27;0.25;21.84;20.34;53
2026-04-18T11:38:27.000;2026-04-18T04:38:27.000;8.87;-16.42;0.28;21.73;20.34;54
2026-04-18T11:48:42.000;2026-04-18T04:48:42.000;8.71;-15.97;0.63;20.84;20.34;55
2026-04-18T11:58:56.000;2026-04-18T04:58:56.000;8.62;-16.35;2.71;19.26;20.34;56
2026-04-18T12:14:29.000;2026-04-18T05:14:29.000;9.35;-16.77;36.11;16.45;20.34;57
2026-04-18T12:24:50.000;2026-04-18T05:24:50.000;9.56;-16.31;504.31;13.58;20.34;58
2026-04-19T02:13:59.000;2026-04-18T19:13:59.000;19.91;1.7;5998.95;10.89;20.34;1
2026-04-19T02:24:13.000;2026-04-18T19:24:13.000;20.54;0.55;395.81;13.85;20.34;2
2026-04-19T02:34:27.000;2026-04-18T19:34:27.000;20.36;-3.08;33.02;16.54;20.34;3
2026-04-19T02:50:03.000;2026-04-18T19:50:03.000;20.74;-5.7;3.06;19.12;20.34;4
2026-04-19T03:00:26.000;2026-04-18T20:00:26.000;22.18;-4.48;0.6;20.89;20.34;5
2026-04-19T03:10:43.000;2026-04-18T20:10:43.000;21.51;-6.8;0.43;21.26;20.34;6
2026-04-19T03:20:57.000;2026-04-18T20:20:57.000;20.17;-7.66;0.37;21.43;20.34;7
2026-04-19T03:31:13.000;2026-04-18T20:31:13.000;19.34;-6.78;0.31;21.6;20.34;8
2026-04-19T03:41:28.000;2026-04-18T20:41:28.000;20.53;-3.87;0.54;21.0;20.34;9
2026-04-19T03:51:42.000;2026-04-18T20:51:42.000;20.49;-2.86;0.44;21.22;20.34;10
2026-04-19T04:01:56.000;2026-04-18T21:01:56.000;20.51;-1.15;0.59;20.91;20.34;11
2026-04-19T04:12:13.000;2026-04-18T21:12:13.000;19.52;-6.02;0.37;21.41;20.34;12
2026-04-19T04:22:30.000;2026-04-18T21:22:30.000;19.74;-7.82;0.29;21.68;20.34;13
2026-04-19T04:32:44.000;2026-04-18T21:32:44.000;19.88;-7.86;0.34;21.51;20.34;14
2026-04-19T04:43:00.000;2026-04-18T21:43:00.000;19.74;-8.27;0.35;21.47;20.34;15
2026-04-19T04:53:18.000;2026-04-18T21:53:18.000;18.9;-8.7;0.32;21.59;20.34;16
2026-04-19T05:03:34.000;2026-04-18T22:03:34.000;18.08;-9.51;0.34;21.51;20.34;17
2026-04-19T05:13:50.000;2026-04-18T22:13:50.000;18.17;-9.83;0.27;21.76;20.34;18
2026-04-19T05:29:25.000;2026-04-18T22:29:25.000;18.28;-10.74;0.46;21.17;20.34;19
2026-04-19T05:39:45.000;2026-04-18T22:39:45.000;18.22;-10.44;0.23;21.96;20.34;20
2026-04-19T05:49:59.000;2026-04-18T22:49:59.000;17.05;-9.99;0.26;21.79;20.34;21
2026-04-19T06:00:18.000;2026-04-18T23:00:18.000;15.44;-10.55;0.22;21.98;20.34;22
2026-04-19T06:10:34.000;2026-04-18T23:10:34.000;14.53;-10.43;0.27;21.77;20.34;23
2026-04-19T06:20:51.000;2026-04-18T23:20:51.000;13.96;-10.05;0.34;21.5;20.34;24
2026-04-19T06:31:08.000;2026-04-18T23:31:08.000;14.21;-10.42;0.31;21.6;20.34;25
2026-04-19T06:41:24.000;2026-04-18T23:41:24.000;13.65;-10.9;0.25;21.87;20.34;26
2026-04-19T06:51:40.000;2026-04-18T23:51:40.000;13.78;-10.7;0.26;21.82;20.34;27
2026-04-19T07:01:58.000;2026-04-19T00:01:58.000;13.6;-10.97;0.18;22.18;20.34;28
2026-04-19T07:12:17.000;2026-04-19T00:12:17.000;13.55;-10.76;0.18;22.18;20.34;29
2026-04-19T07:22:33.000;2026-04-19T00:22:33.000;14.26;-11.0;0.23;21.91;20.34;30
2026-04-19T07:32:51.000;2026-04-19T00:32:51.000;13.95;-10.47;0.19;22.15;20.34;31
2026-04-19T07:48:23.000;2026-04-19T00:48:23.000;14.79;-10.97;0.5;21.1;20.34;32
2026-04-19T07:58:43.000;2026-04-19T00:58:43.000;14.43;-10.39;0.31;21.6;20.34;33
2026-04-19T08:08:56.000;2026-04-19T01:08:56.000;13.65;-9.1;0.28;21.73;20.34;34
2026-04-19T08:19:10.000;2026-04-19T01:19:10.000;14.92;-7.73;0.47;21.15;20.34;35
2026-04-19T08:29:25.000;2026-04-19T01:29:25.000;14.97;-7.76;0.48;21.13;20.34;36
2026-04-19T08:39:41.000;2026-04-19T01:39:41.000;15.05;-8.74;0.36;21.46;20.34;37
2026-04-19T08:49:59.000;2026-04-19T01:49:59.000;15.68;-8.15;0.43;21.27;20.34;38
2026-04-19T09:00:15.000;2026-04-19T02:00:15.000;15.69;-6.61;0.78;20.61;20.34;39
2026-04-19T09:15:33.000;2026-04-19T02:15:33.000;16.37;-9.36;0.59;20.92;20.34;40
2026-04-19T09:25:53.000;2026-04-19T02:25:53.000;16.31;-10.25;0.32;21.58;20.34;41
2026-04-19T09:36:07.000;2026-04-19T02:36:07.000;16.12;-9.21;0.29;21.68;20.34;42
2026-04-19T09:46:21.000;2026-04-19T02:46:21.000;15.63;-10.56;0.21;22.02;20.34;43
2026-04-19T09:56:35.000;2026-04-19T02:56:35.000;15.23;-10.3;0.3;21.66;20.34;44
2026-04-19T10:06:49.000;2026-04-19T03:06:49.000;15.6;-10.22;0.36;21.44;20.34;45
2026-04-19T10:17:03.000;2026-04-19T03:17:03.000;15.43;-9.98;0.3;21.63;20.34;46
2026-04-19T10:27:17.000;2026-04-19T03:27:17.000;15.85;-9.59;0.35;21.47;20.34;47
2026-04-19T10:37:31.000;2026-04-19T03:37:31.000;15.7;-9.47;0.34;21.5;20.34;48
2026-04-19T10:47:47.000;2026-04-19T03:47:47.000;15.59;-8.87;0.39;21.35;20.34;49
2026-04-19T10:58:00.000;2026-04-19T03:58:00.000;15.61;-8.5;0.41;21.3;20.34;50
2026-04-19T11:18:30.000;2026-04-19T04:18:30.000;15.33;-9.65;0.42;21.29;20.34;52
2026-04-19T11:28:44.000;2026-04-19T04:28:44.000;15.51;-10.13;0.39;21.36;20.34;53
2026-04-19T11:39:00.000;2026-04-19T04:39:00.000;15.26;-10.19;0.52;21.05;20.34;54
2026-04-19T11:49:16.000;2026-04-19T04:49:16.000;15.23;-10.45;0.78;20.61;20.34;55
2026-04-19T11:59:30.000;2026-04-19T04:59:30.000;15.1;-10.81;3.06;19.13;20.34;56
2026-04-19T12:09:44.000;2026-04-19T05:09:44.000;14.96;-10.64;19.28;17.13;20.34;57
2026-04-19T12:20:01.000;2026-04-19T05:20:01.000;14.79;-10.98;171.47;14.75;20.34;58
2026-04-19T12:30:18.000;2026-04-19T05:30:18.000;14.74;-10.85;2259.24;11.96;20.34;59
2026-04-20T02:15:00.000;2026-04-19T19:15:00.000;20.99;-2.65;4921.99;11.11;20.34;1
2026-04-20T02:25:16.000;2026-04-19T19:25:16.000;21.36;-3.86;380.45;13.89;20.34;2
2026-04-20T02:45:46.000;2026-04-19T19:45:46.000;20.1;-5.21;4.62;18.68;20.34;4
2026-04-20T02:56:05.000;2026-04-19T19:56:05.000;19.88;-5.31;0.93;20.42;20.34;5
2026-04-20T03:06:21.000;2026-04-19T20:06:21.000;19.25;-5.2;0.44;21.23;20.34;6
2026-04-20T03:16:35.000;2026-04-19T20:16:35.000;19.08;-5.2;0.39;21.36;20.34;7
2026-04-20T03:26:50.000;2026-04-19T20:26:50.000;19.18;-4.63;0.42;21.27;20.34;8
2026-04-20T03:37:05.000;2026-04-19T20:37:05.000;19.21;-5.38;0.35;21.47;20.34;9
2026-04-20T03:47:19.000;2026-04-19T20:47:19.000;19.59;-6.31;0.29;21.67;20.34;10
2026-04-20T03:57:33.000;2026-04-19T20:57:33.000;19.23;-6.83;0.24;21.9;20.34;11
2026-04-20T04:07:50.000;2026-04-19T21:07:50.000;19.45;-6.87;0.33;21.54;20.34;12
2026-04-20T04:18:05.000;2026-04-19T21:18:05.000;18.45;-7.54;0.28;21.72;20.34;13
2026-04-20T04:28:24.000;2026-04-19T21:28:24.000;17.72;-6.89;0.32;21.58;20.34;14
2026-04-20T04:38:41.000;2026-04-19T21:38:41.000;18.23;-7.42;0.3;21.65;20.34;15
2026-04-20T04:48:55.000;2026-04-19T21:48:55.000;18.84;-7.58;0.31;21.61;20.34;16
2026-04-20T04:59:10.000;2026-04-19T21:59:10.000;18.84;-7.6;0.31;21.63;20.34;17
2026-04-20T05:09:28.000;2026-04-19T22:09:28.000;18.21;-8.65;0.26;21.81;20.34;18
2026-04-20T05:19:43.000;2026-04-19T22:19:43.000;17.5;-8.5;0.24;21.89;20.34;19
2026-04-20T05:29:57.000;2026-04-19T22:29:57.000;17.52;-9.09;0.26;21.81;20.34;20
2026-04-20T05:40:12.000;2026-04-19T22:40:12.000;17.61;-8.91;0.24;21.9;20.34;21
2026-04-20T06:00:45.000;2026-04-19T23:00:45.000;17.42;-9.03;0.19;22.16;20.34;23
2026-04-20T06:16:17.000;2026-04-19T23:16:17.000;18.13;-9.42;0.41;21.31;20.34;24
2026-04-20T06:26:37.000;2026-04-19T23:26:37.000;17.89;-9.56;0.23;21.94;20.34;25
2026-04-20T06:36:55.000;2026-04-19T23:36:55.000;16.93;-9.21;0.29;21.7;20.34;26
2026-04-20T06:47:09.000;2026-04-19T23:47:09.000;16.09;-9.5;0.2;22.08;20.34;27
2026-04-20T06:57:22.000;2026-04-19T23:57:22.000;15.16;-9.9;0.2;22.07;20.34;28
2026-04-20T07:07:37.000;2026-04-20T00:07:37.000;14.97;-9.95;0.2;22.07;20.34;29
2026-04-20T07:17:51.000;2026-04-20T00:17:51.000;14.75;-9.12;0.2;22.07;20.34;30
2026-04-20T07:28:07.000;2026-04-20T00:28:07.000;14.3;-10.29;0.2;22.07;20.34;31
2026-04-20T07:38:23.000;2026-04-20T00:38:23.000;14.13;-10.01;0.27;21.75;20.34;32
2026-04-20T07:53:40.000;2026-04-20T00:53:40.000;14.04;-10.98;0.4;21.33;20.34;33
2026-04-20T08:04:03.000;2026-04-20T01:04:03.000;14.22;-10.84;0.18;22.19;20.34;34
2026-04-20T08:14:17.000;2026-04-20T01:14:17.000;12.95;-10.17;0.28;21.72;20.34;35
2026-04-20T08:24:31.000;2026-04-20T01:24:31.000;12.41;-10.24;0.22;21.97;20.34;36
2026-04-20T08:34:46.000;2026-04-20T01:34:46.000;12.24;-10.26;0.2;22.08;20.34;37
2026-04-20T08:45:01.000;2026-04-20T01:45:01.000;12.26;-10.24;0.2;22.1;20.34;38
2026-04-20T08:55:15.000;2026-04-20T01:55:15.000;12.18;-11.2;0.23;21.93;20.34;39
2026-04-20T09:05:29.000;2026-04-20T02:05:29.000;12.4;-11.08;0.17;22.26;20.34;40
2026-04-20T09:31:11.000;2026-04-20T02:31:11.000;12.5;-12.13;0.13;22.58;20.34;42
2026-04-20T09:41:25.000;2026-04-20T02:41:25.000;11.69;-11.93;0.15;22.37;20.34;43
2026-04-20T09:51:38.000;2026-04-20T02:51:38.000;11.64;-11.82;0.27;21.75;20.34;44
2026-04-20T10:01:52.000;2026-04-20T03:01:52.000;11.56;-11.5;0.18;22.22;20.34;45
2026-04-20T10:12:06.000;2026-04-20T03:12:06.000;11.37;-11.74;0.2;22.07;20.34;46
2026-04-20T10:22:21.000;2026-04-20T03:22:21.000;11.49;-12.09;0.2;22.06;20.34;47
2026-04-20T10:32:36.000;2026-04-20T03:32:36.000;10.69;-12.48;0.28;21.73;20.34;48
2026-04-20T10:42:50.000;2026-04-20T03:42:50.000;10.42;-12.71;0.29;21.7;20.34;49
2026-04-20T10:53:06.000;2026-04-20T03:53:06.000;9.94;-12.95;0.24;21.88;20.34;50
2026-04-20T11:03:20.000;2026-04-20T04:03:20.000;9.7;-12.9;0.27;21.78;20.34;51
2026-04-20T11:13:35.000;2026-04-20T04:13:35.000;10.05;-12.72;0.27;21.76;20.34;52
2026-04-20T11:23:49.000;2026-04-20T04:23:49.000;10.39;-12.89;0.31;21.6;20.34;53
2026-04-20T11:34:03.000;2026-04-20T04:34:03.000;9.86;-13.33;0.4;21.35;20.34;54
2026-04-20T11:44:17.000;2026-04-20T04:44:17.000;9.46;-12.93;0.48;21.15;20.34;55
2026-04-20T11:54:32.000;2026-04-20T04:54:32.000;9.21;-12.85;1.78;19.71;20.34;56
2026-04-20T12:04:47.000;2026-04-20T05:04:47.000;9.4;-13.04;10.38;17.8;20.34;57
2026-04-20T12:15:03.000;2026-04-20T05:15:03.000;9.47;-13.26;82.08;15.55;20.34;58
2026-04-20T12:25:17.000;2026-04-20T05:25:17.000;10.12;-13.3;937.29;12.91;20.34;59
2026-04-21T02:13:33.000;2026-04-20T19:13:33.000;18.88;-6.32;7689.74;10.63;20.34;1
2026-04-21T02:23:47.000;2026-04-20T19:23:47.000;19.5;-7.33;453.62;13.7;20.34;2
2026-04-21T02:34:01.000;2026-04-20T19:34:01.000;19.37;-7.27;42.93;16.26;20.34;3
2026-04-21T02:44:15.000;2026-04-20T19:44:15.000;19.58;-7.84;6.85;18.25;20.34;4
2026-04-21T02:54:30.000;2026-04-20T19:54:30.000;19.99;-8.12;1.95;19.62;20.34;5
2026-04-21T03:04:44.000;2026-04-20T20:04:44.000;19.48;-8.56;0.82;20.55;20.34;6
2026-04-21T03:14:58.000;2026-04-20T20:14:58.000;19.21;-7.56;0.96;20.38;20.34;7
2026-04-21T03:25:13.000;2026-04-20T20:25:13.000;18.9;-7.37;0.8;20.58;20.34;8
2026-04-21T03:35:27.000;2026-04-20T20:35:27.000;18.35;-7.38;0.84;20.53;20.34;9
2026-04-21T03:45:42.000;2026-04-20T20:45:42.000;18.23;-7.77;0.75;20.65;20.34;10
2026-04-21T03:55:57.000;2026-04-20T20:55:57.000;18.84;-7.84;0.55;20.99;20.34;11
2026-04-21T04:06:13.000;2026-04-20T21:06:13.000;19.13;-9.19;0.53;21.02;20.34;12
2026-04-21T04:16:28.000;2026-04-20T21:16:28.000;18.63;-9.72;0.48;21.15;20.34;13
2026-04-21T04:26:45.000;2026-04-20T21:26:45.000;18.07;-9.67;0.48;21.14;20.34;14
2026-04-21T04:37:03.000;2026-04-20T21:37:03.000;17.7;-9.67;0.45;21.22;20.34;15
2026-04-21T04:47:18.000;2026-04-20T21:47:18.000;17.6;-9.13;0.6;20.89;20.34;16
2026-04-21T04:57:33.000;2026-04-20T21:57:33.000;17.47;-9.23;0.58;20.93;20.34;17
2026-04-21T05:07:48.000;2026-04-20T22:07:48.000;17.28;-10.06;0.36;21.44;20.34;18
2026-04-21T05:18:02.000;2026-04-20T22:18:02.000;16.78;-10.0;0.31;21.62;20.34;19
2026-04-21T05:28:17.000;2026-04-20T22:28:17.000;15.77;-10.62;0.36;21.45;20.34;20
2026-04-21T05:38:31.000;2026-04-20T22:38:31.000;14.29;-9.86;0.49;21.12;20.34;21
2026-04-21T05:48:45.000;2026-04-20T22:48:45.000;13.79;-8.83;0.45;21.2;20.34;22
2026-04-21T05:59:02.000;2026-04-20T22:59:02.000;13.35;-8.9;0.41;21.32;20.34;23
2026-04-21T06:09:16.000;2026-04-20T23:09:16.000;13.17;-9.01;0.29;21.7;20.34;24
2026-04-21T06:19:32.000;2026-04-20T23:19:32.000;12.74;-9.78;0.33;21.54;20.34;25
2026-04-21T06:29:46.000;2026-04-20T23:29:46.000;12.9;-9.9;0.35;21.48;20.34;26
2026-04-21T06:40:00.000;2026-04-20T23:40:00.000;13.7;-10.48;0.25;21.84;20.34;27
2026-04-21T06:50:16.000;2026-04-20T23:50:16.000;13.06;-10.39;0.19;22.15;20.34;28
2026-04-21T07:00:30.000;2026-04-21T00:00:30.000;13.08;-9.53;0.28;21.73;20.34;29
2026-04-21T07:10:45.000;2026-04-21T00:10:45.000;13.39;-7.93;0.45;21.21;20.34;30
2026-04-21T07:20:59.000;2026-04-21T00:20:59.000;13.04;-8.36;0.34;21.5;20.34;31
2026-04-21T07:31:15.000;2026-04-21T00:31:15.000;12.76;-8.22;0.31;21.63;20.34;32
2026-04-21T07:41:29.000;2026-04-21T00:41:29.000;12.66;-7.47;0.44;21.22;20.34;33
2026-04-21T07:51:43.000;2026-04-21T00:51:43.000;12.41;-8.53;0.29;21.68;20.34;34
2026-04-21T08:01:58.000;2026-04-21T01:01:58.000;11.73;-8.69;0.4;21.35;20.34;35
2026-04-21T08:17:31.000;2026-04-21T01:17:31.000;12.39;-10.61;0.47;21.17;20.34;36
2026-04-21T08:27:54.000;2026-04-21T01:27:54.000;12.58;-10.91;0.32;21.59;20.34;37
2026-04-21T08:38:07.000;2026-04-21T01:38:07.000;11.79;-9.78;0.29;21.69;20.34;38
2026-04-21T08:48:23.000;2026-04-21T01:48:23.000;10.99;-9.59;0.3;21.65;20.34;39
2026-04-21T08:58:37.000;2026-04-21T01:58:37.000;11.44;-8.62;0.39;21.37;20.34;40
2026-04-21T09:08:52.000;2026-04-21T02:08:52.000;11.57;-8.25;0.45;21.22;20.34;41
2026-04-21T09:19:05.000;2026-04-21T02:19:05.000;11.51;-7.03;0.53;21.04;20.34;42
2026-04-21T09:29:20.000;2026-04-21T02:29:20.000;11.64;-6.13;0.48;21.14;20.34;43
2026-04-21T09:39:34.000;2026-04-21T02:39:34.000;12.21;-6.49;0.45;21.21;20.34;44
2026-04-21T09:49:50.000;2026-04-21T02:49:50.000;14.41;-4.29;0.65;20.8;20.34;45
2026-04-21T10:00:05.000;2026-04-21T03:00:05.000;14.26;-3.49;0.61;20.87;20.34;46
2026-04-21T10:10:21.000;2026-04-21T03:10:21.000;14.75;-4.54;0.55;20.99;20.34;47
2026-04-21T10:20:37.000;2026-04-21T03:20:37.000;15.75;-6.51;0.49;21.11;20.34;48
2026-04-21T10:41:06.000;2026-04-21T03:41:06.000;14.48;-10.64;0.28;21.73;20.34;50
2026-04-21T10:51:21.000;2026-04-21T03:51:21.000;13.55;-9.45;0.36;21.46;20.34;51
2026-04-21T11:01:35.000;2026-04-21T04:01:35.000;12.93;-9.96;0.3;21.63;20.34;52
2026-04-21T11:11:49.000;2026-04-21T04:11:49.000;12.64;-10.84;0.35;21.47;20.34;53
2026-04-21T11:22:03.000;2026-04-21T04:22:03.000;11.71;-11.29;0.31;21.63;20.34;54
2026-04-21T11:32:18.000;2026-04-21T04:32:18.000;10.99;-10.76;0.43;21.26;20.34;55
2026-04-21T11:42:34.000;2026-04-21T04:42:34.000;10.96;-10.42;0.64;20.83;20.34;56
2026-04-21T11:52:48.000;2026-04-21T04:52:48.000;11.13;-10.71;1.62;19.82;20.34;57
2026-04-21T12:03:02.000;2026-04-21T05:03:02.000;11.36;-11.61;9.42;17.91;20.34;58
2026-04-21T12:13:17.000;2026-04-21T05:13:17.000;10.81;-11.77;60.55;15.88;20.34;59
2026-04-21T12:23:31.000;2026-04-21T05:23:31.000;11.51;-11.36;697.43;13.23;20.34;60
2026-04-22T02:13:52.000;2026-04-21T19:13:52.000;20.98;-0.13;9137.26;10.44;20.34;1
2026-04-22T02:24:06.000;2026-04-21T19:24:06.000;21.51;-0.73;702.61;13.22;20.34;2
2026-04-22T02:34:21.000;2026-04-21T19:34:21.000;21.49;-2.95;77.28;15.62;20.34;3
2026-04-22T02:44:35.000;2026-04-21T19:44:35.000;20.96;-4.71;13.77;17.49;20.34;4
2026-04-22T02:54:50.000;2026-04-21T19:54:50.000;21.27;-5.07;4.03;18.83;20.34;5
2026-04-22T03:10:23.000;2026-04-21T20:10:23.000;22.04;-8.4;1.79;19.71;20.34;6
2026-04-22T03:20:49.000;2026-04-21T20:20:49.000;21.21;-9.19;1.02;20.32;20.34;7
2026-04-22T03:31:03.000;2026-04-21T20:31:03.000;20.14;-8.6;1.18;20.16;20.34;8
2026-04-22T03:41:19.000;2026-04-21T20:41:19.000;19.73;-7.38;0.91;20.45;20.34;9
2026-04-22T04:01:55.000;2026-04-21T21:01:55.000;19.48;-7.5;0.87;20.49;20.34;11
2026-04-22T04:27:55.000;2026-04-21T21:27:55.000;19.57;-6.01;1.19;20.15;20.34;13
2026-04-22T04:43:28.000;2026-04-21T21:43:28.000;19.46;-5.98;1.35;20.01;20.34;14
2026-04-22T04:53:53.000;2026-04-21T21:53:53.000;19.24;-7.79;0.95;20.39;20.34;15
2026-04-22T05:04:08.000;2026-04-21T22:04:08.000;18.44;-6.63;0.92;20.43;20.34;16
2026-04-22T05:14:25.000;2026-04-21T22:14:25.000;18.33;-3.15;1.55;19.87;20.34;17
2026-04-22T05:24:43.000;2026-04-21T22:24:43.000;18.25;-3.84;1.2;20.14;20.34;18
2026-04-22T05:40:17.000;2026-04-21T22:40:17.000;18.91;-3.62;1.51;19.89;20.34;19
2026-04-22T05:50:41.000;2026-04-21T22:50:41.000;19.21;-3.35;0.91;20.44;20.34;20
2026-04-22T06:00:54.000;2026-04-21T23:00:54.000;18.29;-7.04;0.77;20.63;20.34;21
2026-04-22T06:16:26.000;2026-04-21T23:16:26.000;18.85;-8.44;0.8;20.58;20.34;22
2026-04-22T06:26:50.000;2026-04-21T23:26:50.000;18.77;-4.72;0.85;20.51;20.34;23
2026-04-22T06:37:03.000;2026-04-21T23:37:03.000;18.17;-4.09;0.86;20.5;20.34;24
2026-04-22T06:47:20.000;2026-04-21T23:47:20.000;18.08;-2.64;1.09;20.24;20.34;25
2026-04-22T06:57:35.000;2026-04-21T23:57:35.000;17.81;-2.8;0.82;20.55;20.34;26
2026-04-22T07:07:53.000;2026-04-22T00:07:53.000;17.54;-4.58;0.7;20.72;20.34;27
2026-04-22T07:18:21.000;2026-04-22T00:18:21.000;17.73;-2.76;0.83;20.55;20.34;28
2026-04-22T07:28:37.000;2026-04-22T00:28:37.000;17.13;-3.41;0.73;20.68;20.34;29
2026-04-22T07:38:50.000;2026-04-22T00:38:50.000;16.86;-1.63;0.88;20.48;20.34;30
2026-04-22T07:49:07.000;2026-04-22T00:49:07.000;16.31;-1.75;0.9;20.45;20.34;31
2026-04-22T07:59:23.000;2026-04-22T00:59:23.000;15.59;-1.69;0.74;20.66;20.34;32
2026-04-22T08:09:37.000;2026-04-22T01:09:37.000;15.09;-1.01;0.83;20.54;20.34;33
2026-04-22T08:19:52.000;2026-04-22T01:19:52.000;15.0;0.54;0.85;20.52;20.34;34
2026-04-22T08:30:07.000;2026-04-22T01:30:07.000;15.58;-1.07;0.62;20.86;20.34;35
2026-04-22T08:40:21.000;2026-04-22T01:40:21.000;15.66;-3.55;0.47;21.16;20.34;36
2026-04-22T08:50:36.000;2026-04-22T01:50:36.000;15.21;-2.43;0.5;21.08;20.34;37
2026-04-22T09:00:51.000;2026-04-22T02:00:51.000;15.04;-2.88;0.78;20.6;20.34;38
2026-04-22T09:11:06.000;2026-04-22T02:11:06.000;14.44;-7.87;0.46;21.18;20.34;39
2026-04-22T09:21:20.000;2026-04-22T02:21:20.000;13.52;-10.44;0.41;21.32;20.34;40
2026-04-22T09:31:36.000;2026-04-22T02:31:36.000;13.02;-13.93;0.23;21.95;20.34;41
2026-04-22T09:41:50.000;2026-04-22T02:41:50.000;12.17;-14.83;0.22;21.96;20.34;42
2026-04-22T09:52:04.000;2026-04-22T02:52:04.000;11.13;-14.95;0.2;22.07;20.34;43
2026-04-22T10:02:19.000;2026-04-22T03:02:19.000;10.53;-15.06;0.21;22.04;20.34;44
2026-04-22T10:12:34.000;2026-04-22T03:12:34.000;10.1;-15.46;0.29;21.7;20.34;45
2026-04-22T10:22:48.000;2026-04-22T03:22:48.000;9.8;-15.36;0.25;21.87;20.34;46
2026-04-22T10:33:01.000;2026-04-22T03:33:01.000;9.49;-15.65;0.3;21.65;20.34;47
2026-04-22T10:48:34.000;2026-04-22T03:48:34.000;10.04;-16.54;0.46;21.19;20.34;48
2026-04-22T10:58:55.000;2026-04-22T03:58:55.000;10.12;-15.98;0.34;21.52;20.34;49
2026-04-22T11:09:08.000;2026-04-22T04:09:08.000;9.37;-15.54;0.35;21.48;20.34;50
2026-04-22T11:19:23.000;2026-04-22T04:19:23.000;9.43;-15.79;0.31;21.61;20.34;51
2026-04-22T11:29:38.000;2026-04-22T04:29:38.000;9.59;-15.96;0.3;21.64;20.34;52
2026-04-22T11:39:53.000;2026-04-22T04:39:53.000;9.96;-15.63;0.54;21.02;20.34;53
2026-04-22T11:50:07.000;2026-04-22T04:50:07.000;10.33;-16.25;1.12;20.22;20.34;54
2026-04-22T12:00:22.000;2026-04-22T05:00:22.000;10.08;-16.18;5.88;18.42;20.34;55
2026-04-22T12:10:36.000;2026-04-22T05:10:36.000;10.24;-15.92;41.1;16.31;20.34;56
2026-04-22T12:20:51.000;2026-04-22T05:20:51.000;9.57;-16.82;416.95;13.79;20.34;57
2026-04-23T02:18:38.000;2026-04-22T19:18:38.000;18.02;-7.1;3883.89;11.37;20.34;1
2026-04-23T02:28:54.000;2026-04-22T19:28:54.000;18.7;-7.38;316.75;14.09;20.34;2
2026-04-23T02:39:09.000;2026-04-22T19:39:09.000;18.39;-7.82;48.43;16.13;20.34;3
2026-04-23T02:49:22.000;2026-04-22T19:49:22.000;17.89;-9.57;8.09;18.07;20.34;4
2026-04-23T02:59:38.000;2026-04-22T19:59:38.000;17.24;-10.01;3.2;19.08;20.34;5
2026-04-23T03:09:52.000;2026-04-22T20:09:52.000;17.14;-8.86;2.7;19.26;20.34;6
2026-04-23T03:20:13.000;2026-04-22T20:20:13.000;17.46;-10.04;2.52;19.34;20.34;7
2026-04-23T03:30:30.000;2026-04-22T20:30:30.000;17.27;-11.0;2.21;19.48;20.34;8
2026-04-23T03:40:47.000;2026-04-22T20:40:47.000;16.65;-10.36;2.24;19.47;20.34;9
2026-04-23T03:51:02.000;2026-04-22T20:51:02.000;16.82;-11.39;2.06;19.56;20.34;10
2026-04-23T04:01:16.000;2026-04-22T21:01:16.000;16.47;-11.17;1.94;19.62;20.34;11
2026-04-23T04:11:30.000;2026-04-22T21:11:30.000;15.68;-12.53;1.84;19.68;20.34;12
2026-04-23T04:27:02.000;2026-04-22T21:27:02.000;15.7;-13.28;1.65;19.8;20.34;13
2026-04-23T04:42:43.000;2026-04-22T21:42:43.000;15.92;-13.82;1.36;20.0;20.34;14
2026-04-23T04:53:03.000;2026-04-22T21:53:03.000;15.21;-14.0;1.01;20.32;20.34;15
2026-04-23T05:03:21.000;2026-04-22T22:03:21.000;14.26;-14.03;0.95;20.4;20.34;16
2026-04-23T05:13:36.000;2026-04-22T22:13:36.000;13.61;-14.12;1.06;20.28;20.34;17
2026-04-23T05:23:50.000;2026-04-22T22:23:50.000;14.48;-14.07;0.91;20.44;20.34;18
2026-04-23T05:34:04.000;2026-04-22T22:34:04.000;12.94;-14.87;0.85;20.52;20.34;19
2026-04-23T05:44:22.000;2026-04-22T22:44:22.000;12.62;-15.29;0.83;20.55;20.34;20
2026-04-23T06:00:00.000;2026-04-22T23:00:00.000;12.46;-16.27;0.96;20.38;20.34;21
2026-04-23T06:10:20.000;2026-04-22T23:10:20.000;12.07;-16.31;0.67;20.77;20.34;22
2026-04-23T06:25:53.000;2026-04-22T23:25:53.000;12.07;-16.54;0.94;20.41;20.34;23
2026-04-23T06:36:16.000;2026-04-22T23:36:16.000;11.9;-16.47;0.53;21.03;20.34;24
2026-04-23T06:51:53.000;2026-04-22T23:51:53.000;13.67;-17.29;0.73;20.68;20.34;25
2026-04-23T07:02:18.000;2026-04-23T00:02:18.000;14.44;-16.95;0.48;21.14;20.34;26
2026-04-23T07:12:33.000;2026-04-23T00:12:33.000;14.62;-17.86;0.45;21.21;20.34;27
2026-04-23T07:22:47.000;2026-04-23T00:22:47.000;13.76;-17.67;0.4;21.34;20.34;28
2026-04-23T07:43:25.000;2026-04-23T00:43:25.000;12.55;-17.52;0.5;21.09;20.34;30
2026-04-23T07:53:43.000;2026-04-23T00:53:43.000;12.88;-18.38;0.27;21.76;20.34;31
2026-04-23T08:09:16.000;2026-04-23T01:09:16.000;13.91;-20.63;0.43;21.26;20.34;32
2026-04-23T08:19:36.000;2026-04-23T01:19:36.000;14.57;-20.42;0.2;22.07;20.34;33
2026-04-23T08:29:49.000;2026-04-23T01:29:49.000;13.44;-21.59;0.29;21.7;20.34;34
2026-04-23T08:50:23.000;2026-04-23T01:50:23.000;10.19;-22.47;0.21;22.06;20.34;36
2026-04-23T09:00:39.000;2026-04-23T02:00:39.000;9.43;-21.22;0.23;21.93;20.34;37
2026-04-23T09:15:58.000;2026-04-23T02:15:58.000;10.23;-21.76;0.41;21.3;20.34;38
2026-04-23T09:26:19.000;2026-04-23T02:26:19.000;9.63;-21.66;0.28;21.72;20.34;39
2026-04-23T09:36:32.000;2026-04-23T02:36:32.000;8.49;-21.17;0.25;21.82;20.34;40
2026-04-23T09:46:46.000;2026-04-23T02:46:46.000;7.47;-21.52;0.28;21.7;20.34;41
2026-04-23T10:07:16.000;2026-04-23T03:07:16.000;6.39;-20.84;0.26;21.79;20.34;43
2026-04-23T10:17:33.000;2026-04-23T03:17:33.000;6.94;-20.02;0.23;21.93;20.34;44
2026-04-23T10:27:47.000;2026-04-23T03:27:47.000;7.16;-20.34;0.31;21.6;20.34;45
2026-04-23T10:38:02.000;2026-04-23T03:38:02.000;6.78;-20.22;0.32;21.57;20.34;46
2026-04-23T10:48:19.000;2026-04-23T03:48:19.000;7.28;-20.05;0.34;21.52;20.34;47
2026-04-23T10:58:33.000;2026-04-23T03:58:33.000;7.52;-19.27;0.34;21.51;20.34;48
2026-04-23T11:08:48.000;2026-04-23T04:08:48.000;7.68;-19.59;0.36;21.45;20.34;49
2026-04-23T11:19:02.000;2026-04-23T04:19:02.000;6.75;-19.91;0.37;21.41;20.34;50
2026-04-23T11:29:16.000;2026-04-23T04:29:16.000;6.43;-20.05;0.39;21.37;20.34;51
2026-04-23T11:39:30.000;2026-04-23T04:39:30.000;6.24;-19.98;0.58;20.92;20.34;52
2026-04-23T11:49:44.000;2026-04-23T04:49:44.000;7.16;-19.72;1.5;19.9;20.34;53
2026-04-23T11:59:58.000;2026-04-23T04:59:58.000;7.49;-19.41;7.58;18.14;20.34;54
2026-04-23T12:10:13.000;2026-04-23T05:10:13.000;6.91;-19.62;58.95;15.91;20.34;55
2026-04-23T12:20:28.000;2026-04-23T05:20:28.000;6.52;-19.62;625.21;13.35;20.34;56
2026-04-24T02:16:37.000;2026-04-23T19:16:37.000;17.48;-6.33;5981.41;10.9;20.34;1
2026-04-24T02:26:51.000;2026-04-23T19:26:51.000;18.0;-2.4;450.48;13.71;20.34;2
2026-04-24T02:37:06.000;2026-04-23T19:37:06.000;18.76;-3.44;61.23;15.87;20.34;3
2026-04-24T02:47:22.000;2026-04-23T19:47:22.000;19.02;-4.99;19.49;17.12;20.34;4
2026-04-24T02:57:36.000;2026-04-23T19:57:36.000;18.54;-6.98;10.17;17.82;20.34;5
2026-04-24T03:07:53.000;2026-04-23T20:07:53.000;18.63;-7.07;7.94;18.09;20.34;6
2026-04-24T03:18:07.000;2026-04-23T20:18:07.000;18.6;-7.25;6.68;18.28;20.34;7
2026-04-24T03:28:25.000;2026-04-23T20:28:25.000;18.86;-9.31;6.76;18.26;20.34;8
2026-04-24T03:38:40.000;2026-04-23T20:38:40.000;18.53;-9.64;6.7;18.27;20.34;9
2026-04-24T03:48:55.000;2026-04-23T20:48:55.000;18.27;-11.61;3.57;18.96;20.34;10
2026-04-24T03:59:09.000;2026-04-23T20:59:09.000;18.32;-10.84;3.23;19.07;20.34;11
2026-04-24T04:09:24.000;2026-04-23T21:09:24.000;18.25;-10.92;3.68;18.93;20.34;12
2026-04-24T04:19:42.000;2026-04-23T21:19:42.000;18.1;-11.33;3.14;19.1;20.34;13
2026-04-24T04:29:57.000;2026-04-23T21:29:57.000;17.86;-11.24;5.03;18.59;20.34;14
2026-04-24T04:40:12.000;2026-04-23T21:40:12.000;17.5;-10.65;5.41;18.51;20.34;15
2026-04-24T05:16:39.000;2026-04-23T22:16:39.000;18.58;-9.75;5.24;18.54;20.34;17
2026-04-24T05:26:58.000;2026-04-23T22:26:58.000;17.15;-11.86;2.42;19.38;20.34;18
2026-04-24T05:37:11.000;2026-04-23T22:37:11.000;15.98;-11.87;2.7;19.26;20.34;19
2026-04-24T05:47:26.000;2026-04-23T22:47:26.000;15.62;-12.81;1.98;19.6;20.34;20
2026-04-24T05:57:40.000;2026-04-23T22:57:40.000;14.06;-12.78;1.88;19.66;20.34;21
2026-04-24T06:07:54.000;2026-04-23T23:07:54.000;13.86;-12.27;1.61;19.82;20.34;22
2026-04-24T06:18:09.000;2026-04-23T23:18:09.000;12.81;-12.96;1.22;20.12;20.34;23
2026-04-24T06:28:22.000;2026-04-23T23:28:22.000;12.62;-12.63;1.25;20.1;20.34;24
2026-04-24T06:38:36.000;2026-04-23T23:38:36.000;11.9;-12.15;1.01;20.33;20.34;25
2026-04-24T06:48:50.000;2026-04-23T23:48:50.000;11.63;-12.43;1.1;20.24;20.34;26
2026-04-24T06:59:07.000;2026-04-23T23:59:07.000;11.05;-13.04;0.88;20.48;20.34;27
2026-04-24T07:09:21.000;2026-04-24T00:09:21.000;10.91;-12.23;0.84;20.53;20.34;28
2026-04-24T07:19:36.000;2026-04-24T00:19:36.000;10.98;-13.03;0.91;20.44;20.34;29
2026-04-24T07:29:51.000;2026-04-24T00:29:51.000;11.38;-13.01;0.66;20.8;20.34;30
2026-04-24T07:40:05.000;2026-04-24T00:40:05.000;11.37;-13.29;0.67;20.77;20.34;31
2026-04-24T07:50:19.000;2026-04-24T00:50:19.000;10.94;-13.15;0.53;21.03;20.34;32
2026-04-24T08:00:34.000;2026-04-24T01:00:34.000;10.58;-13.57;0.59;20.91;20.34;33
2026-04-24T08:10:48.000;2026-04-24T01:10:48.000;10.04;-13.73;0.48;21.15;20.34;34
2026-04-24T08:21:02.000;2026-04-24T01:21:02.000;10.39;-13.52;0.44;21.24;20.34;35
2026-04-24T08:31:17.000;2026-04-24T01:31:17.000;10.12;-13.9;0.44;21.23;20.34;36
2026-04-24T08:41:31.000;2026-04-24T01:41:31.000;9.92;-14.64;0.33;21.54;20.34;37
2026-04-24T08:51:45.000;2026-04-24T01:51:45.000;9.99;-14.08;0.31;21.63;20.34;38
2026-04-24T09:02:01.000;2026-04-24T02:02:01.000;10.52;-14.21;0.19;22.13;20.34;39
2026-04-24T09:12:15.000;2026-04-24T02:12:15.000;10.14;-14.56;0.21;22.03;20.34;40
2026-04-24T09:22:29.000;2026-04-24T02:22:29.000;10.21;-14.47;0.28;21.71;20.34;41
2026-04-24T09:32:45.000;2026-04-24T02:32:45.000;10.5;-13.79;0.23;21.92;20.34;42
2026-04-24T09:43:00.000;2026-04-24T02:43:00.000;11.98;-14.43;0.29;21.67;20.34;43
2026-04-24T09:53:15.000;2026-04-24T02:53:15.000;12.14;-14.35;0.19;22.15;20.34;44
2026-04-24T10:08:48.000;2026-04-24T03:08:48.000;12.76;-15.07;0.42;21.27;20.34;45
2026-04-24T10:19:11.000;2026-04-24T03:19:11.000;12.02;-15.5;0.31;21.62;20.34;46
2026-04-24T10:29:24.000;2026-04-24T03:29:24.000;10.9;-15.57;0.22;21.97;20.34;47
2026-04-24T10:39:38.000;2026-04-24T03:39:38.000;10.17;-15.99;0.3;21.65;20.34;48
2026-04-24T10:49:52.000;2026-04-24T03:49:52.000;10.35;-15.1;0.27;21.76;20.34;49
2026-04-24T11:10:10.000;2026-04-24T04:10:10.000;12.65;-15.72;0.48;21.14;20.34;50
2026-04-24T11:20:33.000;2026-04-24T04:20:33.000;12.28;-15.87;0.31;21.62;20.34;51
2026-04-24T11:36:06.000;2026-04-24T04:36:06.000;12.14;-15.66;0.6;20.9;20.34;52
2026-04-24T11:51:46.000;2026-04-24T04:51:46.000;12.64;-16.19;2.01;19.58;20.34;53
2026-04-24T12:02:05.000;2026-04-24T05:02:05.000;12.31;-15.57;16.31;17.31;20.34;54
2026-04-24T12:12:19.000;2026-04-24T05:12:19.000;11.59;-15.98;124.5;15.1;20.34;55
2026-04-24T12:22:33.000;2026-04-24T05:22:33.000;10.84;-15.87;1657.55;12.29;20.34;56
2026-04-25T02:17:34.000;2026-04-24T19:17:34.000;18.77;-8.94;5576.89;10.97;20.34;1
2026-04-25T02:33:08.000;2026-04-24T19:33:08.000;19.57;-7.98;296.85;14.16;20.34;2
2026-04-25T02:48:49.000;2026-04-24T19:48:49.000;20.41;-8.31;32.74;16.55;20.34;3
2026-04-25T02:59:08.000;2026-04-24T19:59:08.000;19.69;-8.05;17.13;17.26;20.34;4
2026-04-25T03:09:23.000;2026-04-24T20:09:23.000;18.98;-6.4;15.81;17.34;20.34;5
2026-04-25T03:19:37.000;2026-04-24T20:19:37.000;18.79;-6.27;14.02;17.47;20.34;6
2026-04-25T03:29:51.000;2026-04-24T20:29:51.000;18.36;-8.72;10.44;17.79;20.34;7
2026-04-25T03:40:09.000;2026-04-24T20:40:09.000;17.83;-9.07;9.67;17.88;20.34;8
2026-04-25T03:50:23.000;2026-04-24T20:50:23.000;18.16;-8.9;8.51;18.02;20.34;9
2026-04-25T04:00:38.000;2026-04-24T21:00:38.000;18.55;-9.02;7.86;18.1;20.34;10
2026-04-25T04:16:13.000;2026-04-24T21:16:13.000;18.88;-9.09;8.46;18.02;20.34;11
2026-04-25T04:26:32.000;2026-04-24T21:26:32.000;18.58;-8.35;7.71;18.12;20.34;12
2026-04-25T04:36:45.000;2026-04-24T21:36:45.000;17.9;-8.28;6.95;18.24;20.34;13
2026-04-25T04:46:59.000;2026-04-24T21:46:59.000;17.03;-7.48;7.22;18.19;20.34;14
2026-04-25T05:02:31.000;2026-04-24T22:02:31.000;17.12;-9.84;6.49;18.31;20.34;15
2026-04-25T05:12:51.000;2026-04-24T22:12:51.000;16.27;-11.11;5.0;18.59;20.34;16
2026-04-25T05:23:04.000;2026-04-24T22:23:04.000;15.74;-11.45;5.15;18.56;20.34;17
2026-04-25T05:33:19.000;2026-04-24T22:33:19.000;15.8;-11.96;3.81;18.89;20.34;18
2026-04-25T05:43:33.000;2026-04-24T22:43:33.000;15.74;-11.51;4.46;18.72;20.34;19
2026-04-25T05:53:47.000;2026-04-24T22:53:47.000;15.49;-11.75;3.29;19.05;20.34;20
2026-04-25T06:09:08.000;2026-04-24T23:09:08.000;16.24;-12.99;2.9;19.18;20.34;21
2026-04-25T06:19:31.000;2026-04-24T23:19:31.000;15.87;-13.33;2.32;19.43;20.34;22
2026-04-25T06:29:48.000;2026-04-24T23:29:48.000;14.94;-13.54;2.07;19.55;20.34;23
2026-04-25T06:40:03.000;2026-04-24T23:40:03.000;14.74;-14.54;1.77;19.72;20.34;24
2026-04-25T06:50:19.000;2026-04-24T23:50:19.000;14.33;-12.26;2.29;19.44;20.34;25
2026-04-25T07:00:33.000;2026-04-25T00:00:33.000;14.37;-11.38;3.0;19.15;20.34;26
2026-04-25T07:10:47.000;2026-04-25T00:10:47.000;14.78;-10.68;2.91;19.18;20.34;27
2026-04-25T07:21:02.000;2026-04-25T00:21:02.000;14.96;-11.79;1.75;19.74;20.34;28
2026-04-25T07:31:16.000;2026-04-25T00:31:16.000;14.97;-11.57;1.74;19.74;20.34;29
2026-04-25T07:41:33.000;2026-04-25T00:41:33.000;14.87;-10.6;2.4;19.39;20.34;30
2026-04-25T07:51:48.000;2026-04-25T00:51:48.000;14.21;-10.16;2.56;19.32;20.34;31
2026-04-25T08:02:02.000;2026-04-25T01:02:02.000;13.83;-9.37;2.64;19.29;20.34;32
2026-04-25T08:12:16.000;2026-04-25T01:12:16.000;13.6;-7.68;2.85;19.2;20.34;33
2026-04-25T08:22:29.000;2026-04-25T01:22:29.000;13.18;-8.4;2.01;19.58;20.34;34
2026-04-25T08:32:44.000;2026-04-25T01:32:44.000;13.02;-7.11;2.15;19.51;20.34;35
2026-04-25T08:43:00.000;2026-04-25T01:43:00.000;13.15;-9.59;1.22;20.13;20.34;36
2026-04-25T08:53:14.000;2026-04-25T01:53:14.000;13.08;-10.39;0.86;20.5;20.34;37
2026-04-25T09:03:28.000;2026-04-25T02:03:28.000;13.41;-9.49;0.94;20.41;20.34;38
2026-04-25T09:13:43.000;2026-04-25T02:13:43.000;13.98;-10.76;0.76;20.63;20.34;39
2026-04-25T09:23:58.000;2026-04-25T02:23:58.000;13.17;-15.43;0.46;21.19;20.34;40
2026-04-25T09:34:12.000;2026-04-25T02:34:12.000;11.76;-15.51;0.45;21.22;20.34;41
2026-04-25T09:49:44.000;2026-04-25T02:49:44.000;11.87;-17.75;0.5;21.09;20.34;42
2026-04-25T10:00:04.000;2026-04-25T03:00:04.000;11.99;-17.84;0.34;21.51;20.34;43
2026-04-25T10:10:17.000;2026-04-25T03:10:17.000;10.7;-17.73;0.31;21.61;20.34;44
2026-04-25T10:20:31.000;2026-04-25T03:20:31.000;10.33;-17.36;0.37;21.41;20.34;45
2026-04-25T10:30:45.000;2026-04-25T03:30:45.000;10.09;-17.46;0.29;21.67;20.34;46
2026-04-25T10:41:01.000;2026-04-25T03:41:01.000;9.89;-17.35;0.37;21.41;20.34;47
2026-04-25T10:51:16.000;2026-04-25T03:51:16.000;9.9;-17.23;0.31;21.62;20.34;48
2026-04-25T11:01:30.000;2026-04-25T04:01:30.000;11.13;-15.38;0.4;21.33;20.34;49
2026-04-25T11:11:45.000;2026-04-25T04:11:45.000;10.83;-17.1;0.41;21.31;20.34;50
2026-04-25T11:22:00.000;2026-04-25T04:22:00.000;10.36;-16.47;0.49;21.12;20.34;51
2026-04-25T11:32:13.000;2026-04-25T04:32:13.000;9.76;-17.12;0.53;21.02;20.34;52
2026-04-25T11:42:29.000;2026-04-25T04:42:29.000;10.07;-16.54;0.81;20.56;20.34;53
2026-04-25T11:52:46.000;2026-04-25T04:52:46.000;10.39;-16.59;3.17;19.09;20.34;54
2026-04-25T12:03:04.000;2026-04-25T05:03:04.000;10.7;-16.67;18.43;17.18;20.34;55
2026-04-25T12:13:20.000;2026-04-25T05:13:20.000;10.74;-16.68;170.9;14.76;20.34;56
2026-04-25T12:23:37.000;2026-04-25T05:23:37.000;10.85;-16.49;2265.44;11.95;20.34;57
2026-04-26T02:18:13.000;2026-04-25T19:18:13.000;17.21;-8.53;6322.3;10.84;20.34;1
2026-04-26T02:28:31.000;2026-04-25T19:28:31.000;17.73;-7.19;415.01;13.79;20.34;2
2026-04-26T02:44:04.000;2026-04-25T19:44:04.000;18.74;-2.47;50.82;16.08;20.34;3
2026-04-26T02:54:25.000;2026-04-25T19:54:25.000;19.39;0.66;23.18;16.93;20.34;4
2026-04-26T03:04:39.000;2026-04-25T20:04:39.000;18.59;-4.76;19.62;17.11;20.34;5
2026-04-26T03:14:53.000;2026-04-25T20:14:53.000;17.9;-9.48;14.82;17.41;20.34;6
2026-04-26T03:30:26.000;2026-04-25T20:30:26.000;18.76;-9.88;15.44;17.37;20.34;7
2026-04-26T03:40:50.000;2026-04-25T20:40:50.000;18.59;-8.76;13.53;17.51;20.34;8
2026-04-26T03:51:03.000;2026-04-25T20:51:03.000;18.02;-10.36;12.15;17.63;20.34;9
2026-04-26T04:06:21.000;2026-04-25T21:06:21.000;17.27;-9.17;13.5;17.51;20.34;10
2026-04-26T04:16:41.000;2026-04-25T21:16:41.000;17.6;-3.57;14.54;17.43;20.34;11
2026-04-26T04:26:56.000;2026-04-25T21:26:56.000;17.65;2.7;12.86;17.57;20.34;12
2026-04-26T04:37:12.000;2026-04-25T21:37:12.000;18.28;-2.71;8.65;18.0;20.34;13
2026-04-26T04:47:26.000;2026-04-25T21:47:26.000;18.57;3.31;12.34;17.61;20.34;14
2026-04-26T04:57:40.000;2026-04-25T21:57:40.000;18.8;5.55;9.91;17.85;20.34;15
2026-04-26T05:07:55.000;2026-04-25T22:07:55.000;18.15;-6.83;7.04;18.22;20.34;16
2026-04-26T05:18:11.000;2026-04-25T22:18:11.000;17.55;-2.14;5.54;18.48;20.34;17
2026-04-26T05:28:27.000;2026-04-25T22:28:27.000;17.96;0.67;13.44;17.52;20.34;18
2026-04-26T05:38:42.000;2026-04-25T22:38:42.000;17.8;-4.0;6.35;18.33;20.34;19
2026-04-26T05:48:59.000;2026-04-25T22:48:59.000;17.76;1.39;9.1;17.94;20.34;20
2026-04-26T05:59:15.000;2026-04-25T22:59:15.000;17.71;-6.04;6.34;18.33;20.34;21
2026-04-26T06:09:29.000;2026-04-25T23:09:29.000;17.19;-10.08;5.07;18.58;20.34;22
2026-04-26T06:19:45.000;2026-04-25T23:19:45.000;16.36;-12.19;4.2;18.78;20.34;23
2026-04-26T06:29:59.000;2026-04-25T23:29:59.000;16.77;-11.22;3.49;18.98;20.34;24
2026-04-26T06:40:14.000;2026-04-25T23:40:14.000;16.88;-9.51;4.64;18.67;20.34;25
2026-04-26T06:50:29.000;2026-04-25T23:50:29.000;17.28;0.56;8.91;17.97;20.34;26
2026-04-26T07:00:44.000;2026-04-26T00:00:44.000;17.21;-3.12;4.45;18.72;20.34;27
2026-04-26T07:11:01.000;2026-04-26T00:11:01.000;17.09;-2.89;6.84;18.25;20.34;28
2026-04-26T07:21:16.000;2026-04-26T00:21:16.000;16.84;-8.88;1.78;19.71;20.34;29
2026-04-26T07:31:31.000;2026-04-26T00:31:31.000;16.66;-8.43;2.16;19.5;20.34;30
2026-04-26T07:41:48.000;2026-04-26T00:41:48.000;16.69;-10.56;2.23;19.47;20.34;31
2026-04-26T07:52:04.000;2026-04-26T00:52:04.000;16.96;-2.58;2.79;19.23;20.34;32
2026-04-26T08:02:22.000;2026-04-26T01:02:22.000;16.79;-11.13;1.13;20.21;20.34;33
2026-04-26T08:17:39.000;2026-04-26T01:17:39.000;17.22;-5.07;2.46;19.36;20.34;34
2026-04-26T08:28:05.000;2026-04-26T01:28:05.000;17.43;-12.56;0.93;20.42;20.34;35
2026-04-26T08:38:18.000;2026-04-26T01:38:18.000;16.58;-12.37;0.84;20.53;20.34;36
2026-04-26T08:48:32.000;2026-04-26T01:48:32.000;16.46;-12.64;0.81;20.57;20.34;37
2026-04-26T09:04:05.000;2026-04-26T02:04:05.000;17.43;-13.32;0.95;20.39;20.34;38
2026-04-26T09:14:26.000;2026-04-26T02:14:26.000;17.26;-13.24;0.73;20.69;20.34;39
2026-04-26T09:24:38.000;2026-04-26T02:24:38.000;16.35;-12.83;0.54;21.0;20.34;40
2026-04-26T09:34:52.000;2026-04-26T02:34:52.000;15.91;-12.2;0.48;21.14;20.34;41
2026-04-26T09:45:06.000;2026-04-26T02:45:06.000;15.21;-13.42;0.51;21.07;20.34;42
2026-04-26T09:55:23.000;2026-04-26T02:55:23.000;14.53;-12.05;0.31;21.62;20.34;43
2026-04-26T10:05:38.000;2026-04-26T03:05:38.000;14.79;-12.34;0.35;21.49;20.34;44
2026-04-26T10:15:53.000;2026-04-26T03:15:53.000;15.18;-12.5;0.34;21.52;20.34;45
2026-04-26T10:26:07.000;2026-04-26T03:26:07.000;14.87;-12.94;0.3;21.66;20.34;46
2026-04-26T10:46:37.000;2026-04-26T03:46:37.000;14.92;-12.35;0.33;21.55;20.34;48
2026-04-26T10:56:52.000;2026-04-26T03:56:52.000;15.25;-11.55;0.3;21.65;20.34;49
2026-04-26T11:07:06.000;2026-04-26T04:07:06.000;15.26;-13.31;0.34;21.51;20.34;50
2026-04-26T11:22:39.000;2026-04-26T04:22:39.000;15.47;-13.71;0.52;21.05;20.34;51
2026-04-26T11:33:00.000;2026-04-26T04:33:00.000;15.18;-13.61;0.42;21.27;20.34;52
2026-04-26T11:43:18.000;2026-04-26T04:43:18.000;14.31;-13.26;0.94;20.4;20.34;53
2026-04-26T11:53:33.000;2026-04-26T04:53:33.000;13.85;-13.54;4.34;18.75;20.34;54
2026-04-26T12:03:47.000;2026-04-26T05:03:47.000;14.38;-13.23;27.45;16.74;20.34;55
2026-04-26T12:14:04.000;2026-04-26T05:14:04.000;14.38;-13.66;262.01;14.29;20.34;56
2026-04-26T12:24:18.000;2026-04-26T05:24:18.000;14.24;-13.96;4184.15;11.29;20.34;57
2026-04-27T02:20:26.000;2026-04-26T19:20:26.000;13.4;-13.46;3955.19;11.35;20.34;1
2026-04-27T02:30:40.000;2026-04-26T19:30:40.000;13.49;-14.2;277.1;14.23;20.34;2
2026-04-27T02:40:55.000;2026-04-26T19:40:55.000;13.97;-13.75;37.96;16.39;20.34;3
2026-04-27T02:51:12.000;2026-04-26T19:51:12.000;13.7;-13.85;13.54;17.51;20.34;4
2026-04-27T03:01:27.000;2026-04-26T20:01:27.000;13.18;-14.16;10.64;17.77;20.34;5
2026-04-27T03:11:42.000;2026-04-26T20:11:42.000;13.0;-13.44;10.83;17.75;20.34;6
2026-04-27T03:27:15.000;2026-04-26T20:27:15.000;13.53;-14.95;12.63;17.59;20.34;7
2026-04-27T03:37:38.000;2026-04-26T20:37:38.000;13.03;-14.72;11.71;17.67;20.34;8
2026-04-27T03:47:51.000;2026-04-26T20:47:51.000;12.31;-14.46;11.65;17.67;20.34;9
2026-04-27T03:58:05.000;2026-04-26T20:58:05.000;12.25;-14.56;11.76;17.66;20.34;10
2026-04-27T04:08:21.000;2026-04-26T21:08:21.000;12.79;-14.63;11.33;17.7;20.34;11
2026-04-27T04:18:35.000;2026-04-26T21:18:35.000;12.98;-14.74;10.99;17.74;20.34;12
2026-04-27T04:28:49.000;2026-04-26T21:28:49.000;12.79;-13.99;10.66;17.77;20.34;13
2026-04-27T04:39:04.000;2026-04-26T21:39:04.000;12.31;-14.66;10.01;17.84;20.34;14
2026-04-27T04:49:18.000;2026-04-26T21:49:18.000;12.01;-15.07;9.31;17.92;20.34;15
2026-04-27T04:59:32.000;2026-04-26T21:59:32.000;11.65;-15.62;8.72;17.99;20.34;16
2026-04-27T05:09:46.000;2026-04-26T22:09:46.000;11.69;-15.56;8.09;18.07;20.34;17
2026-04-27T05:20:02.000;2026-04-26T22:20:02.000;11.12;-15.45;7.52;18.15;20.34;18
2026-04-27T05:30:16.000;2026-04-26T22:30:16.000;10.56;-16.13;7.03;18.22;20.34;19
2026-04-27T05:40:31.000;2026-04-26T22:40:31.000;10.84;-15.97;6.88;18.25;20.34;20
2026-04-27T05:50:47.000;2026-04-26T22:50:47.000;10.21;-16.01;6.9;18.24;20.34;21
2026-04-27T06:01:02.000;2026-04-26T23:01:02.000;9.5;-16.71;6.94;18.24;20.34;22
2026-04-27T06:11:16.000;2026-04-26T23:11:16.000;9.53;-16.27;6.87;18.25;20.34;23
2026-04-27T06:21:30.000;2026-04-26T23:21:30.000;8.96;-16.55;6.86;18.25;20.34;24
2026-04-27T06:31:44.000;2026-04-26T23:31:44.000;8.19;-16.91;6.18;18.36;20.34;25
2026-04-27T06:41:58.000;2026-04-26T23:41:58.000;8.14;-16.35;5.35;18.52;20.34;26
2026-04-27T06:52:12.000;2026-04-26T23:52:12.000;8.34;-16.41;4.6;18.68;20.34;27
2026-04-27T07:02:27.000;2026-04-27T00:02:27.000;8.23;-16.95;3.92;18.86;20.34;28
2026-04-27T07:12:45.000;2026-04-27T00:12:45.000;8.1;-16.63;3.6;18.95;20.34;29
2026-04-27T07:23:01.000;2026-04-27T00:23:01.000;7.71;-17.11;3.4;19.01;20.34;30
2026-04-27T07:33:15.000;2026-04-27T00:33:15.000;6.93;-17.88;3.25;19.06;20.34;31
2026-04-27T07:43:28.000;2026-04-27T00:43:28.000;6.88;-17.92;2.99;19.15;20.34;32
2026-04-27T07:53:42.000;2026-04-27T00:53:42.000;7.12;-17.81;2.82;19.21;20.34;33
2026-04-27T08:09:15.000;2026-04-27T01:09:15.000;7.32;-18.34;2.75;19.24;20.34;34
2026-04-27T08:19:36.000;2026-04-27T01:19:36.000;7.26;-18.84;1.85;19.67;20.34;35
2026-04-27T08:29:49.000;2026-04-27T01:29:49.000;6.15;-19.02;1.5;19.9;20.34;36
2026-04-27T08:40:05.000;2026-04-27T01:40:05.000;5.54;-18.86;1.26;20.09;20.34;37
2026-04-27T08:50:20.000;2026-04-27T01:50:20.000;5.47;-18.86;1.06;20.28;20.34;38
2026-04-27T09:00:34.000;2026-04-27T02:00:34.000;5.19;-19.45;1.17;20.17;20.34;39
2026-04-27T09:10:50.000;2026-04-27T02:10:50.000;5.04;-19.02;1.01;20.33;20.34;40
2026-04-27T09:21:05.000;2026-04-27T02:21:05.000;5.12;-18.92;1.08;20.26;20.34;41
2026-04-27T09:31:20.000;2026-04-27T02:31:20.000;4.89;-18.71;1.02;20.31;20.34;42
2026-04-27T09:41:36.000;2026-04-27T02:41:36.000;4.88;-19.08;0.85;20.51;20.34;43
2026-04-27T09:51:50.000;2026-04-27T02:51:50.000;4.71;-19.46;0.75;20.65;20.34;44
2026-04-27T10:02:06.000;2026-04-27T03:02:06.000;4.38;-19.64;0.66;20.79;20.34;45
2026-04-27T10:12:21.000;2026-04-27T03:12:21.000;3.98;-19.49;0.55;20.99;20.34;46
2026-04-27T10:22:35.000;2026-04-27T03:22:35.000;4.09;-19.09;0.44;21.23;20.34;47
2026-04-27T10:32:50.000;2026-04-27T03:32:50.000;4.04;-19.87;0.26;21.8;20.34;48
2026-04-27T10:43:04.000;2026-04-27T03:43:04.000;3.81;-20.14;0.25;21.85;20.34;49
2026-04-27T10:53:19.000;2026-04-27T03:53:19.000;3.47;-19.67;0.26;21.82;20.34;50
2026-04-27T11:03:34.000;2026-04-27T04:03:34.000;3.87;-19.54;0.32;21.59;20.34;51
2026-04-27T11:19:07.000;2026-04-27T04:19:07.000;4.43;-20.37;0.48;21.13;20.34;52
2026-04-27T11:29:28.000;2026-04-27T04:29:28.000;4.77;-20.13;0.39;21.37;20.34;53
2026-04-27T11:44:46.000;2026-04-27T04:44:46.000;4.56;-20.41;1.36;20.01;20.34;54
2026-04-27T11:55:07.000;2026-04-27T04:55:07.000;4.83;-19.85;8.62;18.0;20.34;55
2026-04-27T12:15:35.000;2026-04-27T05:15:35.000;3.99;-20.18;596.28;13.4;20.34;57
2026-04-28T02:21:07.000;2026-04-27T19:21:07.000;14.15;-14.99;3519.0;11.47;20.34;1
2026-04-28T02:31:22.000;2026-04-27T19:31:22.000;14.98;-15.96;284.02;14.21;20.34;2
2026-04-28T02:41:36.000;2026-04-27T19:41:36.000;14.19;-15.51;36.86;16.42;20.34;3
2026-04-28T02:51:49.000;2026-04-27T19:51:49.000;13.48;-16.4;11.44;17.69;20.34;4
2026-04-28T03:02:03.000;2026-04-27T20:02:03.000;12.7;-15.7;8.07;18.07;20.34;5
2026-04-28T03:12:18.000;2026-04-27T20:12:18.000;12.5;-16.71;7.88;18.1;20.34;6
2026-04-28T03:22:34.000;2026-04-27T20:22:34.000;12.98;-15.95;8.12;18.07;20.34;7
2026-04-28T03:32:53.000;2026-04-27T20:32:53.000;12.67;-16.68;8.51;18.01;20.34;8
2026-04-28T03:43:08.000;2026-04-27T20:43:08.000;12.69;-16.65;8.98;17.96;20.34;9
2026-04-28T03:53:22.000;2026-04-27T20:53:22.000;12.35;-16.04;9.29;17.92;20.34;10
2026-04-28T04:03:36.000;2026-04-27T21:03:36.000;12.98;-15.51;9.8;17.86;20.34;11
2026-04-28T04:13:50.000;2026-04-27T21:13:50.000;13.47;-14.74;10.14;17.83;20.34;12
2026-04-28T04:24:04.000;2026-04-27T21:24:04.000;13.2;-14.49;10.37;17.8;20.34;13
2026-04-28T04:39:37.000;2026-04-27T21:39:37.000;14.6;-15.36;11.31;17.71;20.34;14
2026-04-28T04:49:58.000;2026-04-27T21:49:58.000;14.47;-14.63;9.85;17.86;20.34;15
2026-04-28T05:00:11.000;2026-04-27T22:00:11.000;13.65;-14.31;9.58;17.89;20.34;16
2026-04-28T05:10:24.000;2026-04-27T22:10:24.000;13.2;-14.28;9.41;17.91;20.34;17
2026-04-28T05:20:39.000;2026-04-27T22:20:39.000;12.82;-13.9;9.07;17.95;20.34;18
2026-04-28T05:30:54.000;2026-04-27T22:30:54.000;12.03;-14.24;9.16;17.94;20.34;19
2026-04-28T05:41:08.000;2026-04-27T22:41:08.000;11.85;-13.86;8.86;17.97;20.34;20
2026-04-28T05:51:23.000;2026-04-27T22:51:23.000;11.77;-14.19;8.76;17.98;20.34;21
2026-04-28T06:01:37.000;2026-04-27T23:01:37.000;11.86;-13.95;8.73;17.99;20.34;22
2026-04-28T06:11:51.000;2026-04-27T23:11:51.000;11.77;-13.79;8.71;17.99;20.34;23
2026-04-28T06:22:10.000;2026-04-27T23:22:10.000;12.18;-13.4;8.57;18.01;20.34;24
2026-04-28T06:32:25.000;2026-04-27T23:32:25.000;12.13;-13.65;8.51;18.02;20.34;25
2026-04-28T06:42:39.000;2026-04-27T23:42:39.000;11.7;-13.37;8.19;18.06;20.34;26
2026-04-28T06:52:54.000;2026-04-27T23:52:54.000;11.08;-13.31;7.39;18.17;20.34;27
2026-04-28T07:03:09.000;2026-04-28T00:03:09.000;10.87;-13.57;6.45;18.32;20.34;28
2026-04-28T07:13:23.000;2026-04-28T00:13:23.000;10.78;-14.42;5.53;18.48;20.34;29
2026-04-28T07:28:56.000;2026-04-28T00:28:56.000;11.28;-15.69;5.37;18.52;20.34;30
2026-04-28T07:39:17.000;2026-04-28T00:39:17.000;10.56;-15.81;4.47;18.71;20.34;31
2026-04-28T07:49:30.000;2026-04-28T00:49:30.000;9.46;-15.69;4.25;18.77;20.34;32
2026-04-28T07:59:44.000;2026-04-28T00:59:44.000;9.27;-15.46;4.04;18.82;20.34;33
2026-04-28T08:09:58.000;2026-04-28T01:09:58.000;8.95;-15.63;3.77;18.9;20.34;34
2026-04-28T08:20:12.000;2026-04-28T01:20:12.000;8.93;-15.67;3.53;18.97;20.34;35
2026-04-28T08:30:26.000;2026-04-28T01:30:26.000;8.88;-15.25;3.33;19.04;20.34;36
2026-04-28T08:40:40.000;2026-04-28T01:40:40.000;8.6;-15.0;3.04;19.13;20.34;37
2026-04-28T08:50:54.000;2026-04-28T01:50:54.000;8.31;-15.35;2.49;19.35;20.34;38
2026-04-28T09:01:07.000;2026-04-28T02:01:07.000;7.75;-15.5;1.85;19.67;20.34;39
2026-04-28T09:11:22.000;2026-04-28T02:11:22.000;7.38;-15.83;1.75;19.73;20.34;40
2026-04-28T09:21:38.000;2026-04-28T02:21:38.000;7.03;-16.35;1.34;20.02;20.34;41
2026-04-28T09:31:52.000;2026-04-28T02:31:52.000;6.89;-16.73;1.46;19.93;20.34;42
2026-04-28T09:42:06.000;2026-04-28T02:42:06.000;6.61;-16.74;1.21;20.13;20.34;43
2026-04-28T09:52:20.000;2026-04-28T02:52:20.000;6.31;-17.03;1.32;20.04;20.34;44
2026-04-28T10:02:34.000;2026-04-28T03:02:34.000;7.32;-16.83;1.24;20.11;20.34;45
2026-04-28T10:12:48.000;2026-04-28T03:12:48.000;7.83;-16.77;1.15;20.19;20.34;46
2026-04-28T10:23:03.000;2026-04-28T03:23:03.000;7.98;-17.47;1.02;20.32;20.34;47
2026-04-28T10:33:18.000;2026-04-28T03:33:18.000;7.23;-17.62;0.76;20.64;20.34;48
2026-04-28T10:43:31.000;2026-04-28T03:43:31.000;6.27;-17.97;0.6;20.9;20.34;49
2026-04-28T10:53:45.000;2026-04-28T03:53:45.000;6.15;-17.44;0.33;21.55;20.34;50
2026-04-28T11:03:59.000;2026-04-28T04:03:59.000;5.9;-17.61;0.28;21.71;20.34;51
2026-04-28T11:14:13.000;2026-04-28T04:14:13.000;5.54;-17.58;0.35;21.48;20.34;52
2026-04-28T11:24:28.000;2026-04-28T04:24:28.000;5.25;-17.87;0.42;21.28;20.34;53
2026-04-28T11:34:42.000;2026-04-28T04:34:42.000;5.49;-17.63;0.52;21.04;20.34;54
2026-04-28T11:44:57.000;2026-04-28T04:44:57.000;5.19;-17.34;1.79;19.71;20.34;55
2026-04-28T11:55:11.000;2026-04-28T04:55:11.000;5.21;-17.3;9.03;17.95;20.34;56
2026-04-28T12:05:27.000;2026-04-28T05:05:27.000;4.98;-17.17;66.96;15.78;20.34;57
2026-04-28T12:15:41.000;2026-04-28T05:15:41.000;4.96;-16.99;720.48;13.2;20.34;58
2026-04-29T02:18:14.000;2026-04-28T19:18:14.000;17.36;-4.76;8064.4;10.57;20.34;1
2026-04-29T02:28:29.000;2026-04-28T19:28:29.000;17.85;-7.35;635.69;13.33;20.34;2
2026-04-29T02:38:44.000;2026-04-28T19:38:44.000;17.04;-7.37;69.0;15.74;20.34;3
2026-04-29T02:49:02.000;2026-04-28T19:49:02.000;17.06;-5.56;22.62;16.95;20.34;4
2026-04-29T02:59:17.000;2026-04-28T19:59:17.000;16.87;-8.55;14.71;17.42;20.34;5
2026-04-29T03:09:32.000;2026-04-28T20:09:32.000;16.21;-10.18;12.34;17.61;20.34;6
2026-04-29T03:35:28.000;2026-04-28T20:35:28.000;16.85;-9.56;13.74;17.5;20.34;8
2026-04-29T03:45:42.000;2026-04-28T20:45:42.000;16.18;-5.04;23.54;16.91;20.34;9
2026-04-29T03:55:57.000;2026-04-28T20:55:57.000;15.51;-9.47;13.3;17.53;20.34;10
2026-04-29T04:06:12.000;2026-04-28T21:06:12.000;15.81;-8.65;15.62;17.36;20.34;11
2026-04-29T04:16:38.000;2026-04-28T21:16:38.000;15.35;-10.47;14.75;17.42;20.34;12
2026-04-29T04:26:53.000;2026-04-28T21:26:53.000;15.35;-10.25;15.46;17.37;20.34;13
2026-04-29T04:37:09.000;2026-04-28T21:37:09.000;15.39;-7.24;16.85;17.27;20.34;14
2026-04-29T04:47:25.000;2026-04-28T21:47:25.000;15.82;-5.61;19.63;17.11;20.34;15
2026-04-29T04:57:40.000;2026-04-28T21:57:40.000;15.94;-3.45;23.18;16.93;20.34;16
2026-04-29T05:07:55.000;2026-04-28T22:07:55.000;15.89;-3.83;22.72;16.95;20.34;17
2026-04-29T05:18:11.000;2026-04-28T22:18:11.000;15.77;-3.94;21.59;17.0;20.34;18
2026-04-29T05:28:28.000;2026-04-28T22:28:28.000;16.24;-3.6;23.88;16.89;20.34;19
2026-04-29T05:38:43.000;2026-04-28T22:38:43.000;16.19;-2.7;23.57;16.91;20.34;20
2026-04-29T05:48:57.000;2026-04-28T22:48:57.000;16.41;-2.38;24.53;16.87;20.34;21
2026-04-29T05:59:16.000;2026-04-28T22:59:16.000;16.04;-2.73;23.93;16.89;20.34;22
2026-04-29T06:09:33.000;2026-04-28T23:09:33.000;15.6;-4.2;22.72;16.95;20.34;23
2026-04-29T06:19:51.000;2026-04-28T23:19:51.000;15.45;-7.44;18.88;17.15;20.34;24
2026-04-29T06:30:05.000;2026-04-28T23:30:05.000;15.61;-9.26;15.49;17.36;20.34;25
2026-04-29T06:45:27.000;2026-04-28T23:45:27.000;16.16;-9.33;19.03;17.14;20.34;26
2026-04-29T06:55:48.000;2026-04-28T23:55:48.000;16.62;-4.95;19.65;17.11;20.34;27
2026-04-29T07:16:17.000;2026-04-29T00:16:17.000;13.65;-13.01;11.94;17.65;20.34;29
2026-04-29T07:36:50.000;2026-04-29T00:36:50.000;13.28;-10.09;12.66;17.58;20.34;31
2026-04-29T07:47:07.000;2026-04-29T00:47:07.000;13.14;-9.05;16.76;17.28;20.34;32
2026-04-29T07:57:25.000;2026-04-29T00:57:25.000;12.23;-10.57;11.13;17.72;20.34;33
2026-04-29T08:07:39.000;2026-04-29T01:07:39.000;11.56;-10.74;11.09;17.73;20.34;34
2026-04-29T08:17:56.000;2026-04-29T01:17:56.000;10.96;-10.27;13.26;17.53;20.34;35
2026-04-29T08:28:18.000;2026-04-29T01:28:18.000;10.66;-13.28;8.0;18.08;20.34;36
2026-04-29T08:54:14.000;2026-04-29T01:54:14.000;11.4;-10.58;11.79;17.66;20.34;38
2026-04-29T09:14:54.000;2026-04-29T02:14:54.000;13.87;-8.07;12.21;17.62;20.34;39
2026-04-29T09:25:19.000;2026-04-29T02:25:19.000;13.3;-7.3;10.24;17.81;20.34;40
2026-04-29T09:35:33.000;2026-04-29T02:35:33.000;12.52;-6.18;8.9;17.97;20.34;41
2026-04-29T09:45:48.000;2026-04-29T02:45:48.000;12.45;-6.19;9.81;17.86;20.34;42
2026-04-29T09:56:04.000;2026-04-29T02:56:04.000;12.26;-5.8;8.35;18.04;20.34;43
2026-04-29T10:06:23.000;2026-04-29T03:06:23.000;11.72;-8.68;6.17;18.36;20.34;44
2026-04-29T10:16:38.000;2026-04-29T03:16:38.000;11.22;-8.08;4.67;18.67;20.34;45
2026-04-29T10:26:51.000;2026-04-29T03:26:51.000;10.82;-7.76;3.47;18.99;20.34;46
2026-04-29T10:37:06.000;2026-04-29T03:37:06.000;10.94;-5.48;3.49;18.98;20.34;47
2026-04-29T10:47:21.000;2026-04-29T03:47:21.000;10.78;-6.03;1.67;19.78;20.34;48
2026-04-29T10:57:35.000;2026-04-29T03:57:35.000;10.71;-6.45;1.96;19.61;20.34;49
2026-04-29T11:07:51.000;2026-04-29T04:07:51.000;11.18;-4.05;1.24;20.1;20.34;50
2026-04-29T11:18:15.000;2026-04-29T04:18:15.000;11.13;-3.92;0.96;20.39;20.34;51
2026-04-29T11:28:30.000;2026-04-29T04:28:30.000;11.06;-4.73;0.83;20.55;20.34;52
2026-04-29T11:38:45.000;2026-04-29T04:38:45.000;11.12;-4.36;1.45;19.93;20.34;53
2026-04-29T11:49:02.000;2026-04-29T04:49:02.000;10.85;-5.23;3.37;19.02;20.34;54
2026-04-29T11:59:17.000;2026-04-29T04:59:17.000;10.65;-4.37;27.18;16.75;20.34;55
2026-04-29T12:09:31.000;2026-04-29T05:09:31.000;11.05;-4.14;147.81;14.92;20.34;56
2026-04-29T12:19:48.000;2026-04-29T05:19:48.000;11.16;-3.26;1967.46;12.11;20.34;57
2026-04-30T02:16:30.000;2026-04-29T19:16:30.000;19.12;4.05;11706.21;10.17;20.34;1
2026-04-30T02:26:44.000;2026-04-29T19:26:44.000;20.06;3.68;532.67;13.52;20.34;2
2026-04-30T02:37:00.000;2026-04-29T19:37:00.000;19.96;3.78;73.3;15.68;20.34;3
2026-04-30T02:47:15.000;2026-04-29T19:47:15.000;19.73;3.73;16.08;17.32;20.34;4
2026-04-30T02:57:33.000;2026-04-29T19:57:33.000;19.72;3.68;11.44;17.69;20.34;5
2026-04-30T03:07:48.000;2026-04-29T20:07:48.000;19.32;2.56;16.08;17.32;20.34;6
2026-04-30T03:18:06.000;2026-04-29T20:18:06.000;18.99;3.27;14.25;17.46;20.34;7
2026-04-30T03:28:22.000;2026-04-29T20:28:22.000;18.62;2.02;16.35;17.31;20.34;8
2026-04-30T03:38:36.000;2026-04-29T20:38:36.000;18.19;2.82;22.52;16.96;20.34;9
2026-04-30T03:48:53.000;2026-04-29T20:48:53.000;18.32;4.05;14.96;17.4;20.34;10
2026-04-30T03:59:07.000;2026-04-29T20:59:07.000;17.97;2.56;23.84;16.9;20.34;11
2026-04-30T04:09:27.000;2026-04-29T21:09:27.000;18.02;0.44;21.51;17.01;20.34;12
2026-04-30T04:19:42.000;2026-04-29T21:19:42.000;17.42;2.16;20.13;17.08;20.34;13
2026-04-30T04:30:05.000;2026-04-29T21:30:05.000;16.99;0.58;17.9;17.21;20.34;14
2026-04-30T04:40:20.000;2026-04-29T21:40:20.000;17.13;2.65;25.59;16.82;20.34;15
2026-04-30T05:00:52.000;2026-04-29T22:00:52.000;18.53;1.3;27.54;16.74;20.34;16
2026-04-30T05:11:15.000;2026-04-29T22:11:15.000;18.47;3.72;23.75;16.9;20.34;17
2026-04-30T05:21:33.000;2026-04-29T22:21:33.000;17.23;3.62;26.22;16.79;20.34;18
2026-04-30T05:31:52.000;2026-04-29T22:31:52.000;16.95;3.86;28.19;16.71;20.34;19
2026-04-30T05:42:06.000;2026-04-29T22:42:06.000;16.72;4.67;26.75;16.77;20.34;20
2026-04-30T05:52:23.000;2026-04-29T22:52:23.000;16.46;4.88;26.1;16.8;20.34;21
2026-04-30T06:02:38.000;2026-04-29T23:02:38.000;16.44;4.47;24.94;16.85;20.34;22
2026-04-30T06:23:16.000;2026-04-29T23:23:16.000;18.28;3.26;23.8;16.9;20.34;23
2026-04-30T06:33:39.000;2026-04-29T23:33:39.000;18.48;5.37;21.92;16.99;20.34;24
2026-04-30T06:43:53.000;2026-04-29T23:43:53.000;17.33;5.38;20.14;17.08;20.34;25
2026-04-30T06:54:07.000;2026-04-29T23:54:07.000;16.74;5.64;23.43;16.92;20.34;26
2026-04-30T07:04:24.000;2026-04-30T00:04:24.000;16.59;5.79;24.33;16.87;20.34;27
2026-04-30T07:14:42.000;2026-04-30T00:14:42.000;16.76;5.98;21.85;16.99;20.34;28
2026-04-30T07:24:57.000;2026-04-30T00:24:57.000;16.84;6.44;15.86;17.34;20.34;29
2026-04-30T07:35:12.000;2026-04-30T00:35:12.000;16.9;6.37;17.91;17.21;20.34;30
2026-04-30T07:45:30.000;2026-04-30T00:45:30.000;16.62;4.14;20.74;17.05;20.34;31
2026-04-30T07:55:44.000;2026-04-30T00:55:44.000;16.31;5.51;13.84;17.49;20.34;32
2026-04-30T08:05:59.000;2026-04-30T01:05:59.000;16.29;5.51;16.51;17.3;20.34;33
2026-04-30T08:16:20.000;2026-04-30T01:16:20.000;16.03;5.61;18.05;17.2;20.34;34
2026-04-30T08:26:35.000;2026-04-30T01:26:35.000;15.92;4.11;20.12;17.08;20.34;35
2026-04-30T08:36:49.000;2026-04-30T01:36:49.000;15.95;4.8;20.66;17.05;20.34;36
2026-04-30T08:47:04.000;2026-04-30T01:47:04.000;16.06;5.14;23.28;16.92;20.34;37
2026-04-30T08:57:18.000;2026-04-30T01:57:18.000;15.92;5.51;16.21;17.32;20.34;38
2026-04-30T09:07:39.000;2026-04-30T02:07:39.000;16.07;5.53;13.09;17.55;20.34;39
2026-04-30T09:17:54.000;2026-04-30T02:17:54.000;15.97;4.73;12.65;17.58;20.34;40
2026-04-30T09:33:26.000;2026-04-30T02:33:26.000;16.68;6.0;10.9;17.75;20.34;41
2026-04-30T09:43:48.000;2026-04-30T02:43:48.000;17.6;7.09;5.68;18.45;20.34;42
2026-04-30T09:54:01.000;2026-04-30T02:54:01.000;16.84;6.74;7.61;18.14;20.34;43
2026-04-30T10:09:35.000;2026-04-30T03:09:35.000;17.39;6.38;5.27;18.53;20.34;44
2026-04-30T10:19:55.000;2026-04-30T03:19:55.000;17.35;4.5;4.73;18.65;20.34;45
2026-04-30T10:30:09.000;2026-04-30T03:30:09.000;16.32;5.19;3.8;18.89;20.34;46
2026-04-30T10:40:24.000;2026-04-30T03:40:24.000;16.04;5.34;3.23;19.07;20.34;47
2026-04-30T10:50:39.000;2026-04-30T03:50:39.000;15.72;5.58;3.93;18.85;20.34;48
2026-04-30T11:00:53.000;2026-04-30T04:00:53.000;15.63;6.12;2.86;19.2;20.34;49
2026-04-30T11:11:11.000;2026-04-30T04:11:11.000;15.53;6.36;1.74;19.74;20.34;50
2026-04-30T11:21:27.000;2026-04-30T04:21:27.000;15.54;5.52;1.76;19.72;20.34;51
2026-04-30T11:31:41.000;2026-04-30T04:31:41.000;15.42;3.13;1.17;20.17;20.34;52
2026-04-30T11:41:55.000;2026-04-30T04:41:55.000;14.96;2.94;1.55;19.86;20.34;53
2026-04-30T11:52:10.000;2026-04-30T04:52:10.000;14.74;2.9;5.28;18.53;20.34;54
2026-04-30T12:02:27.000;2026-04-30T05:02:27.000;14.68;4.14;25.6;16.82;20.34;55
2026-04-30T12:12:43.000;2026-04-30T05:12:43.000;14.96;4.64;280.73;14.22;20.34;56
2026-04-30T12:23:04.000;2026-04-30T05:23:04.000;15.01;3.85;2449.84;11.87;20.34;57
