# Definition of the community standard for skyglow observations 1.0
# URL: http://www.darksky.org/NSBM/sdf1.0.pdf
# Number of header lines: 35
# This data is released under the following license: ODbL 1.0 http://opendatacommons.org/licenses/odbl/summary/
# Device type: TESS-WDL
# Instrument ID: stars1414
# Data supplier: None / None
# Location name: Vatican Advanced Technology Telescope / Safford / Arizona / Arizona / United States 
# Position: 32.7013, -109.892, None
# Local timezone: America/Phoenix
# Time Synchronization: timestamp added by MQTT subscriber
# Moving / Stationary position: STATIONARY
# Moving / Fixed look direction: FIXED
# Number of channels: 1
# Filters per channel: None
# Measurement direction per channel: (0.0, 0.0)
# Field of view: 17.0
# Number of fields per line: 8
# TESS MAC address: D0:EF:76:11:23:98
# TESS firmware version: Oct 17 2024 v4.32
# TESS cover offset value: 0.0
# TESS zero point: 20.34
# Comment:  
# Comment:
# Comment:
# Comment:
# Comment:
# Comment: Current Zero Point in the header corresponds to the UV/IR-cut channel
# Comment: MSAS = ZP - 2.5*log10(Frequency)
# blank line 30
# blank line 31
# blank line 32
# UTC Date & Time, Local Date & Time, Enclosure Temperature, Sky Temperature, Freq1, MSAS1, ZP1, Freq2, MSAS2, ZP2, Freq3,  MSAS3, ZP3, Freq4, MSAS4, ZP4, Sequence Number
# YYYY-MM-DDTHH:mm:ss.fff;YYYY-MM-DDTHH:mm:ss.fff;Celsius;Celsius;Hz;mag/arcsec^2;mag/arcsec^2;Hz;mag/arcsec^2;mag/arcsec^2;Hz;mag/arcsec^2;mag/arcsec^2;Hz;mag/arcsec^2;mag/arcsec^2; Multiple of Tx period
# END OF HEADER
2025-12-01T00:41:16.000;2025-11-30T17:41:16.000;13.42;-17.95;3417.63;11.51;20.34;1
2025-12-01T00:51:30.000;2025-11-30T17:51:30.000;14.18;-18.21;271.72;14.25;20.34;2
2025-12-01T01:01:45.000;2025-11-30T18:01:45.000;14.42;-17.83;35.82;16.45;20.34;3
2025-12-01T01:12:00.000;2025-11-30T18:12:00.000;14.54;-18.45;9.09;17.94;20.34;4
2025-12-01T01:22:14.000;2025-11-30T18:22:14.000;14.82;-18.91;5.87;18.42;20.34;5
2025-12-01T01:32:28.000;2025-11-30T18:32:28.000;14.24;-18.72;5.97;18.4;20.34;6
2025-12-01T01:42:42.000;2025-11-30T18:42:42.000;13.85;-18.94;6.35;18.33;20.34;7
2025-12-01T01:52:55.000;2025-11-30T18:52:55.000;13.43;-18.88;6.99;18.23;20.34;8
2025-12-01T02:03:10.000;2025-11-30T19:03:10.000;13.74;-18.99;7.5;18.15;20.34;9
2025-12-01T02:13:24.000;2025-11-30T19:13:24.000;12.94;-18.97;8.12;18.07;20.34;10
2025-12-01T02:23:39.000;2025-11-30T19:23:39.000;12.41;-19.02;9.04;17.95;20.34;11
2025-12-01T02:33:53.000;2025-11-30T19:33:53.000;12.48;-18.98;9.71;17.87;20.34;12
2025-12-01T02:44:10.000;2025-11-30T19:44:10.000;12.97;-18.32;11.09;17.73;20.34;13
2025-12-01T02:54:25.000;2025-11-30T19:54:25.000;13.18;-18.68;11.9;17.65;20.34;14
2025-12-01T03:04:39.000;2025-11-30T20:04:39.000;13.02;-19.36;12.18;17.63;20.34;15
2025-12-01T03:14:53.000;2025-11-30T20:14:53.000;12.36;-19.14;12.49;17.6;20.34;16
2025-12-01T03:25:06.000;2025-11-30T20:25:06.000;12.18;-20.23;12.1;17.63;20.34;17
2025-12-01T03:35:22.000;2025-11-30T20:35:22.000;12.34;-19.25;12.4;17.61;20.34;18
2025-12-01T03:45:37.000;2025-11-30T20:45:37.000;12.35;-19.05;12.11;17.63;20.34;19
2025-12-01T03:55:53.000;2025-11-30T20:55:53.000;11.99;-19.17;11.8;17.66;20.34;20
2025-12-01T04:06:07.000;2025-11-30T21:06:07.000;10.59;-19.54;11.33;17.7;20.34;21
2025-12-01T04:16:20.000;2025-11-30T21:16:20.000;9.61;-19.06;10.17;17.82;20.34;22
2025-12-01T04:26:34.000;2025-11-30T21:26:34.000;9.42;-19.49;9.45;17.9;20.34;23
2025-12-01T04:36:48.000;2025-11-30T21:36:48.000;9.25;-18.99;8.97;17.96;20.34;24
2025-12-01T04:52:06.000;2025-11-30T21:52:06.000;9.12;-20.22;9.18;17.93;20.34;25
2025-12-01T05:02:26.000;2025-11-30T22:02:26.000;8.64;-19.42;7.33;18.18;20.34;26
2025-12-01T05:12:39.000;2025-11-30T22:12:39.000;9.36;-19.34;6.66;18.28;20.34;27
2025-12-01T05:22:53.000;2025-11-30T22:22:53.000;8.87;-18.43;6.66;18.28;20.34;28
2025-12-01T05:38:12.000;2025-11-30T22:38:12.000;9.73;-19.51;7.85;18.1;20.34;29
2025-12-01T05:48:36.000;2025-11-30T22:48:36.000;9.83;-19.36;7.06;18.22;20.34;30
2025-12-01T05:58:51.000;2025-11-30T22:58:51.000;8.81;-19.59;7.04;18.22;20.34;31
2025-12-01T06:09:07.000;2025-11-30T23:09:07.000;8.63;-18.85;7.15;18.2;20.34;32
2025-12-01T06:19:22.000;2025-11-30T23:19:22.000;8.6;-18.86;6.37;18.33;20.34;33
2025-12-01T06:29:36.000;2025-11-30T23:29:36.000;8.33;-18.82;5.37;18.51;20.34;34
2025-12-01T06:39:50.000;2025-11-30T23:39:50.000;8.81;-18.65;4.37;18.74;20.34;35
2025-12-01T06:50:04.000;2025-11-30T23:50:04.000;8.68;-18.93;3.72;18.91;20.34;36
2025-12-01T07:00:21.000;2025-12-01T00:00:21.000;9.65;-18.84;3.43;19.0;20.34;37
2025-12-01T07:10:38.000;2025-12-01T00:10:38.000;9.77;-18.75;3.27;19.05;20.34;38
2025-12-01T07:20:52.000;2025-12-01T00:20:52.000;9.52;-19.32;3.13;19.1;20.34;39
2025-12-01T07:31:06.000;2025-12-01T00:31:06.000;9.43;-19.04;2.98;19.15;20.34;40
2025-12-01T07:41:19.000;2025-12-01T00:41:19.000;8.47;-18.89;2.83;19.21;20.34;41
2025-12-01T07:51:33.000;2025-12-01T00:51:33.000;8.17;-18.74;2.69;19.27;20.34;42
2025-12-01T08:07:06.000;2025-12-01T01:07:06.000;9.35;-19.61;1.68;19.78;20.34;43
2025-12-01T08:17:26.000;2025-12-01T01:17:26.000;8.88;-18.82;1.27;20.08;20.34;44
2025-12-01T08:27:39.000;2025-12-01T01:27:39.000;8.41;-18.4;1.41;19.97;20.34;45
2025-12-01T08:37:52.000;2025-12-01T01:37:52.000;7.58;-17.98;1.37;19.99;20.34;46
2025-12-01T08:48:06.000;2025-12-01T01:48:06.000;7.54;-17.4;1.34;20.02;20.34;47
2025-12-01T08:58:20.000;2025-12-01T01:58:20.000;7.23;-17.19;1.13;20.21;20.34;48
2025-12-01T09:08:34.000;2025-12-01T02:08:34.000;6.91;-16.7;1.08;20.26;20.34;49
2025-12-01T09:18:49.000;2025-12-01T02:18:49.000;6.23;-17.13;1.02;20.32;20.34;50
2025-12-01T09:29:02.000;2025-12-01T02:29:02.000;6.12;-16.85;0.96;20.39;20.34;51
2025-12-01T09:39:17.000;2025-12-01T02:39:17.000;6.41;-17.23;0.88;20.47;20.34;52
2025-12-01T09:49:32.000;2025-12-01T02:49:32.000;5.89;-16.88;0.8;20.59;20.34;53
2025-12-01T09:59:46.000;2025-12-01T02:59:46.000;5.64;-16.78;0.68;20.76;20.34;54
2025-12-01T10:09:59.000;2025-12-01T03:09:59.000;6.03;-17.18;0.47;21.16;20.34;55
2025-12-01T10:20:13.000;2025-12-01T03:20:13.000;5.98;-16.79;0.38;21.4;20.34;56
2025-12-01T10:30:27.000;2025-12-01T03:30:27.000;5.95;-16.94;0.34;21.52;20.34;57
2025-12-01T10:40:42.000;2025-12-01T03:40:42.000;5.89;-17.39;0.27;21.74;20.34;58
2025-12-01T10:50:56.000;2025-12-01T03:50:56.000;5.55;-16.95;0.26;21.8;20.34;59
2025-12-01T11:06:13.000;2025-12-01T04:06:13.000;6.42;-17.74;0.45;21.21;20.34;60
2025-12-01T11:16:34.000;2025-12-01T04:16:34.000;6.23;-17.41;0.3;21.64;20.34;61
2025-12-01T11:26:47.000;2025-12-01T04:26:47.000;6.14;-17.4;0.25;21.85;20.34;62
2025-12-01T11:37:01.000;2025-12-01T04:37:01.000;8.07;-17.47;0.31;21.61;20.34;63
2025-12-01T11:47:16.000;2025-12-01T04:47:16.000;8.43;-17.91;0.25;21.86;20.34;64
2025-12-01T11:57:30.000;2025-12-01T04:57:30.000;7.12;-19.65;0.22;21.97;20.34;65
2025-12-01T12:07:43.000;2025-12-01T05:07:43.000;5.58;-19.35;0.29;21.68;20.34;66
2025-12-01T12:17:56.000;2025-12-01T05:17:56.000;5.13;-19.2;0.24;21.88;20.34;67
2025-12-01T12:28:11.000;2025-12-01T05:28:11.000;4.69;-18.96;0.26;21.81;20.34;68
2025-12-01T12:38:25.000;2025-12-01T05:38:25.000;4.76;-19.03;0.25;21.84;20.34;69
2025-12-01T12:48:39.000;2025-12-01T05:48:39.000;4.65;-18.55;0.23;21.92;20.34;70
2025-12-01T12:58:53.000;2025-12-01T05:58:53.000;4.97;-19.24;0.44;21.24;20.34;71
2025-12-01T13:09:07.000;2025-12-01T06:09:07.000;4.86;-19.24;1.31;20.05;20.34;72
2025-12-01T13:19:21.000;2025-12-01T06:19:21.000;5.15;-18.45;6.46;18.31;20.34;73
2025-12-01T13:29:36.000;2025-12-01T06:29:36.000;5.79;-19.25;45.15;16.2;20.34;74
2025-12-01T13:39:49.000;2025-12-01T06:39:49.000;5.56;-18.99;551.39;13.49;20.34;75
2025-12-02T00:42:24.000;2025-12-01T17:42:24.000;10.44;-15.79;3070.02;11.62;20.34;1
2025-12-02T00:52:38.000;2025-12-01T17:52:38.000;10.26;-16.55;225.26;14.46;20.34;2
2025-12-02T01:02:55.000;2025-12-01T18:02:55.000;10.19;-16.01;33.32;16.53;20.34;3
2025-12-02T01:13:09.000;2025-12-01T18:13:09.000;9.69;-16.46;10.33;17.81;20.34;4
2025-12-02T01:23:23.000;2025-12-01T18:23:23.000;8.69;-16.73;7.13;18.21;20.34;5
2025-12-02T01:33:40.000;2025-12-01T18:33:40.000;8.66;-16.93;6.86;18.25;20.34;6
2025-12-02T01:43:53.000;2025-12-01T18:43:53.000;8.83;-17.27;7.44;18.16;20.34;7
2025-12-02T01:54:09.000;2025-12-01T18:54:09.000;8.09;-16.74;8.25;18.05;20.34;8
2025-12-02T02:04:23.000;2025-12-01T19:04:23.000;7.84;-16.88;9.23;17.93;20.34;9
2025-12-02T02:14:36.000;2025-12-01T19:14:36.000;7.95;-17.47;10.23;17.82;20.34;10
2025-12-02T02:24:50.000;2025-12-01T19:24:50.000;7.14;-17.47;11.89;17.65;20.34;11
2025-12-02T02:35:04.000;2025-12-01T19:35:04.000;6.87;-17.1;13.29;17.53;20.34;12
2025-12-02T02:45:20.000;2025-12-01T19:45:20.000;6.86;-17.39;15.05;17.4;20.34;13
2025-12-02T02:55:34.000;2025-12-01T19:55:34.000;6.78;-17.63;17.11;17.26;20.34;14
2025-12-02T03:05:48.000;2025-12-01T20:05:48.000;6.56;-17.67;20.34;17.07;20.34;15
2025-12-02T03:16:03.000;2025-12-01T20:16:03.000;6.75;-17.56;26.89;16.77;20.34;16
2025-12-02T03:26:17.000;2025-12-01T20:26:17.000;6.65;-17.93;30.6;16.63;20.34;17
2025-12-02T03:36:31.000;2025-12-01T20:36:31.000;6.43;-18.11;33.58;16.52;20.34;18
2025-12-02T03:46:45.000;2025-12-01T20:46:45.000;6.18;-17.94;37.93;16.39;20.34;19
2025-12-02T03:56:59.000;2025-12-01T20:56:59.000;6.13;-17.88;38.94;16.36;20.34;20
2025-12-02T04:07:14.000;2025-12-01T21:07:14.000;6.04;-18.14;39.7;16.34;20.34;21
2025-12-02T04:17:28.000;2025-12-01T21:17:28.000;6.01;-17.95;38.22;16.38;20.34;22
2025-12-02T04:27:43.000;2025-12-01T21:27:43.000;5.91;-18.37;35.89;16.45;20.34;23
2025-12-02T04:37:57.000;2025-12-01T21:37:57.000;5.93;-18.3;32.46;16.56;20.34;24
2025-12-02T04:48:10.000;2025-12-01T21:48:10.000;5.8;-18.08;29.36;16.67;20.34;25
2025-12-02T04:58:24.000;2025-12-01T21:58:24.000;6.01;-18.32;27.42;16.74;20.34;26
2025-12-02T05:08:42.000;2025-12-01T22:08:42.000;6.48;-18.14;24.69;16.86;20.34;27
2025-12-02T05:18:57.000;2025-12-01T22:18:57.000;6.42;-18.61;21.74;17.0;20.34;28
2025-12-02T05:29:11.000;2025-12-01T22:29:11.000;6.15;-18.72;19.03;17.14;20.34;29
2025-12-02T05:39:25.000;2025-12-01T22:39:25.000;5.97;-18.6;17.4;17.24;20.34;30
2025-12-02T05:49:39.000;2025-12-01T22:49:39.000;5.82;-18.81;15.67;17.35;20.34;31
2025-12-02T05:59:53.000;2025-12-01T22:59:53.000;5.61;-18.99;13.7;17.5;20.34;32
2025-12-02T06:10:07.000;2025-12-01T23:10:07.000;5.49;-18.7;12.49;17.6;20.34;33
2025-12-02T06:20:20.000;2025-12-01T23:20:20.000;5.06;-18.82;11.22;17.71;20.34;34
2025-12-02T06:30:34.000;2025-12-01T23:30:34.000;5.18;-18.8;10.04;17.84;20.34;35
2025-12-02T06:40:48.000;2025-12-01T23:40:48.000;5.2;-18.95;9.99;17.84;20.34;36
2025-12-02T06:51:02.000;2025-12-01T23:51:02.000;4.82;-19.12;10.0;17.84;20.34;37
2025-12-02T07:01:16.000;2025-12-02T00:01:16.000;4.51;-19.22;10.61;17.78;20.34;38
2025-12-02T07:11:29.000;2025-12-02T00:11:29.000;4.0;-19.56;9.9;17.85;20.34;39
2025-12-02T07:21:43.000;2025-12-02T00:21:43.000;3.8;-19.22;10.06;17.83;20.34;40
2025-12-02T07:31:57.000;2025-12-02T00:31:57.000;3.93;-19.17;9.03;17.95;20.34;41
2025-12-02T07:42:12.000;2025-12-02T00:42:12.000;4.61;-19.0;7.39;18.17;20.34;42
2025-12-02T07:52:26.000;2025-12-02T00:52:26.000;4.61;-19.64;5.75;18.44;20.34;43
2025-12-02T08:02:40.000;2025-12-02T01:02:40.000;4.5;-19.18;5.02;18.59;20.34;44
2025-12-02T08:12:53.000;2025-12-02T01:12:53.000;4.29;-19.79;4.69;18.66;20.34;45
2025-12-02T08:23:07.000;2025-12-02T01:23:07.000;4.63;-19.53;4.49;18.71;20.34;46
2025-12-02T08:33:21.000;2025-12-02T01:33:21.000;4.42;-19.54;4.27;18.76;20.34;47
2025-12-02T08:43:35.000;2025-12-02T01:43:35.000;3.99;-19.52;4.05;18.82;20.34;48
2025-12-02T08:53:48.000;2025-12-02T01:53:48.000;3.89;-19.27;3.82;18.89;20.34;49
2025-12-02T09:04:02.000;2025-12-02T02:04:02.000;4.05;-19.86;3.56;18.96;20.34;50
2025-12-02T09:14:17.000;2025-12-02T02:14:17.000;4.54;-19.92;2.79;19.23;20.34;51
2025-12-02T09:24:31.000;2025-12-02T02:24:31.000;4.38;-19.89;1.86;19.66;20.34;52
2025-12-02T09:34:45.000;2025-12-02T02:34:45.000;4.35;-19.91;1.81;19.7;20.34;53
2025-12-02T09:45:00.000;2025-12-02T02:45:00.000;4.89;-19.65;1.76;19.73;20.34;54
2025-12-02T10:00:32.000;2025-12-02T03:00:32.000;6.09;-19.93;2.33;19.42;20.34;55
2025-12-02T10:10:53.000;2025-12-02T03:10:53.000;6.17;-20.03;2.02;19.58;20.34;56
2025-12-02T10:21:06.000;2025-12-02T03:21:06.000;5.16;-20.23;1.73;19.74;20.34;57
2025-12-02T10:31:21.000;2025-12-02T03:31:21.000;4.55;-20.17;1.58;19.84;20.34;58
2025-12-02T10:41:35.000;2025-12-02T03:41:35.000;4.64;-19.95;1.41;19.97;20.34;59
2025-12-02T10:51:49.000;2025-12-02T03:51:49.000;4.9;-19.9;1.08;20.26;20.34;60
2025-12-02T11:02:05.000;2025-12-02T04:02:05.000;5.17;-19.99;0.89;20.46;20.34;61
2025-12-02T11:12:19.000;2025-12-02T04:12:19.000;5.99;-19.68;0.75;20.65;20.34;62
2025-12-02T11:22:32.000;2025-12-02T04:22:32.000;5.31;-20.31;0.51;21.07;20.34;63
2025-12-02T11:32:46.000;2025-12-02T04:32:46.000;4.44;-20.09;0.45;21.21;20.34;64
2025-12-02T11:43:00.000;2025-12-02T04:43:00.000;4.2;-20.01;0.34;21.52;20.34;65
2025-12-02T11:53:13.000;2025-12-02T04:53:13.000;4.26;-19.89;0.27;21.75;20.34;66
2025-12-02T12:03:28.000;2025-12-02T05:03:28.000;4.13;-20.13;0.32;21.56;20.34;67
2025-12-02T12:13:42.000;2025-12-02T05:13:42.000;3.69;-20.08;0.21;22.01;20.34;68
2025-12-02T12:23:56.000;2025-12-02T05:23:56.000;3.08;-19.79;0.26;21.8;20.34;69
2025-12-02T12:34:10.000;2025-12-02T05:34:10.000;2.77;-19.67;0.32;21.58;20.34;70
2025-12-02T12:44:24.000;2025-12-02T05:44:24.000;3.21;-19.51;0.23;21.95;20.34;71
2025-12-02T12:54:38.000;2025-12-02T05:54:38.000;3.82;-19.62;0.35;21.48;20.34;72
2025-12-02T13:04:53.000;2025-12-02T06:04:53.000;4.22;-19.67;0.79;20.6;20.34;73
2025-12-02T13:15:07.000;2025-12-02T06:15:07.000;4.45;-19.59;3.64;18.94;20.34;74
2025-12-02T13:25:22.000;2025-12-02T06:25:22.000;4.39;-19.72;22.33;16.97;20.34;75
2025-12-02T13:35:35.000;2025-12-02T06:35:35.000;4.45;-19.32;185.39;14.67;20.34;76
2025-12-02T13:45:50.000;2025-12-02T06:45:50.000;4.68;-19.67;2596.78;11.8;20.34;77
2025-12-03T00:41:06.000;2025-12-02T17:41:06.000;9.57;-15.46;3021.6;11.64;20.34;1
2025-12-03T00:56:38.000;2025-12-02T17:56:38.000;10.56;-16.27;157.36;14.85;20.34;2
2025-12-03T01:07:00.000;2025-12-02T18:07:00.000;10.72;-16.08;16.03;17.33;20.34;3
2025-12-03T01:17:13.000;2025-12-02T18:17:13.000;9.98;-16.08;9.17;17.93;20.34;4
2025-12-03T01:27:27.000;2025-12-02T18:27:27.000;9.5;-16.03;9.16;17.93;20.34;5
2025-12-03T01:37:42.000;2025-12-02T18:37:42.000;9.31;-15.79;9.07;17.95;20.34;6
2025-12-03T01:52:59.000;2025-12-02T18:52:59.000;10.0;-16.26;10.04;17.84;20.34;7
2025-12-03T02:03:22.000;2025-12-02T19:03:22.000;11.41;-15.77;9.3;17.92;20.34;8
2025-12-03T02:13:35.000;2025-12-02T19:13:35.000;11.06;-15.34;9.73;17.87;20.34;9
2025-12-03T02:23:49.000;2025-12-02T19:23:49.000;11.22;-16.09;10.86;17.75;20.34;10
2025-12-03T02:44:21.000;2025-12-02T19:44:21.000;11.96;-16.98;14.67;17.42;20.34;11
2025-12-03T02:54:43.000;2025-12-02T19:54:43.000;10.22;-17.02;15.75;17.35;20.34;12
2025-12-03T03:04:58.000;2025-12-02T20:04:58.000;8.24;-16.78;17.95;17.2;20.34;13
2025-12-03T03:15:11.000;2025-12-02T20:15:11.000;6.96;-17.26;21.25;17.02;20.34;14
2025-12-03T03:25:24.000;2025-12-02T20:25:24.000;6.21;-16.96;25.54;16.82;20.34;15
2025-12-03T03:35:40.000;2025-12-02T20:35:40.000;6.18;-16.52;32.5;16.56;20.34;16
2025-12-03T03:45:53.000;2025-12-02T20:45:53.000;5.83;-16.9;54.55;16.0;20.34;17
2025-12-03T03:56:07.000;2025-12-02T20:56:07.000;5.53;-17.01;65.37;15.8;20.34;18
2025-12-03T04:06:22.000;2025-12-02T21:06:22.000;5.54;-16.13;77.24;15.62;20.34;19
2025-12-03T04:16:35.000;2025-12-02T21:16:35.000;5.81;-16.06;128.26;15.07;20.34;20
2025-12-03T04:26:50.000;2025-12-02T21:26:50.000;5.69;-16.25;202.14;14.58;20.34;21
2025-12-03T04:37:04.000;2025-12-02T21:37:04.000;6.01;-16.19;273.48;14.25;20.34;22
2025-12-03T04:47:19.000;2025-12-02T21:47:19.000;5.94;-15.75;334.08;14.03;20.34;23
2025-12-03T04:57:34.000;2025-12-02T21:57:34.000;5.97;-17.35;358.98;13.95;20.34;24
2025-12-03T05:07:48.000;2025-12-02T22:07:48.000;5.8;-17.43;358.41;13.95;20.34;25
2025-12-03T05:18:02.000;2025-12-02T22:18:02.000;5.73;-17.03;346.54;13.99;20.34;26
2025-12-03T05:28:16.000;2025-12-02T22:28:16.000;6.1;-16.26;297.01;14.16;20.34;27
2025-12-03T05:38:32.000;2025-12-02T22:38:32.000;6.56;-16.87;212.03;14.52;20.34;28
2025-12-03T05:48:47.000;2025-12-02T22:48:47.000;6.16;-17.6;108.61;15.25;20.34;29
2025-12-03T05:59:00.000;2025-12-02T22:59:00.000;5.57;-17.34;67.48;15.77;20.34;30
2025-12-03T06:09:14.000;2025-12-02T23:09:14.000;5.51;-17.22;54.59;16.0;20.34;31
2025-12-03T06:19:28.000;2025-12-02T23:19:28.000;5.33;-17.14;44.55;16.22;20.34;32
2025-12-03T06:29:43.000;2025-12-02T23:29:43.000;5.56;-17.36;37.08;16.42;20.34;33
2025-12-03T06:39:58.000;2025-12-02T23:39:58.000;6.08;-15.96;31.34;16.6;20.34;34
2025-12-03T06:50:13.000;2025-12-02T23:50:13.000;8.37;-15.29;27.14;16.76;20.34;35
2025-12-03T07:00:30.000;2025-12-03T00:00:30.000;8.79;-17.42;23.39;16.92;20.34;36
2025-12-03T07:10:43.000;2025-12-03T00:10:43.000;9.1;-17.01;20.52;17.06;20.34;37
2025-12-03T07:20:57.000;2025-12-03T00:20:57.000;8.32;-17.7;18.19;17.19;20.34;38
2025-12-03T07:31:11.000;2025-12-03T00:31:11.000;8.45;-17.32;16.41;17.3;20.34;39
2025-12-03T07:41:24.000;2025-12-03T00:41:24.000;7.92;-17.1;14.23;17.46;20.34;40
2025-12-03T07:51:38.000;2025-12-03T00:51:38.000;7.81;-16.6;13.09;17.55;20.34;41
2025-12-03T08:01:52.000;2025-12-03T01:01:52.000;7.45;-17.6;13.47;17.52;20.34;42
2025-12-03T08:12:06.000;2025-12-03T01:12:06.000;6.24;-18.26;13.84;17.49;20.34;43
2025-12-03T08:22:19.000;2025-12-03T01:22:19.000;6.87;-17.55;13.56;17.51;20.34;44
2025-12-03T08:32:33.000;2025-12-03T01:32:33.000;6.15;-18.48;13.74;17.5;20.34;45
2025-12-03T08:42:47.000;2025-12-03T01:42:47.000;5.79;-18.61;12.68;17.58;20.34;46
2025-12-03T08:53:00.000;2025-12-03T01:53:00.000;5.34;-18.2;10.57;17.78;20.34;47
2025-12-03T09:03:15.000;2025-12-03T02:03:15.000;5.35;-19.21;7.98;18.08;20.34;48
2025-12-03T09:13:30.000;2025-12-03T02:13:30.000;5.33;-19.96;6.95;18.24;20.34;49
2025-12-03T09:23:45.000;2025-12-03T02:23:45.000;4.93;-19.48;6.45;18.32;20.34;50
2025-12-03T09:33:59.000;2025-12-03T02:33:59.000;4.65;-19.67;6.21;18.36;20.34;51
2025-12-03T09:44:14.000;2025-12-03T02:44:14.000;4.17;-19.99;5.83;18.43;20.34;52
2025-12-03T09:54:29.000;2025-12-03T02:54:29.000;4.04;-20.05;5.53;18.48;20.34;53
2025-12-03T10:04:43.000;2025-12-03T03:04:43.000;4.82;-19.63;5.2;18.55;20.34;54
2025-12-03T10:14:58.000;2025-12-03T03:14:58.000;5.89;-20.47;4.83;18.63;20.34;55
2025-12-03T10:25:12.000;2025-12-03T03:25:12.000;5.95;-21.03;4.48;18.71;20.34;56
2025-12-03T10:35:27.000;2025-12-03T03:35:27.000;6.22;-20.8;4.11;18.81;20.34;57
2025-12-03T10:45:42.000;2025-12-03T03:45:42.000;7.2;-20.16;3.78;18.9;20.34;58
2025-12-03T10:55:59.000;2025-12-03T03:55:59.000;8.13;-20.05;3.47;18.99;20.34;59
2025-12-03T11:06:13.000;2025-12-03T04:06:13.000;7.72;-20.23;3.42;19.01;20.34;60
2025-12-03T11:16:27.000;2025-12-03T04:16:27.000;6.91;-20.44;2.84;19.21;20.34;61
2025-12-03T11:26:41.000;2025-12-03T04:26:41.000;6.65;-18.7;2.59;19.31;20.34;62
2025-12-03T11:36:55.000;2025-12-03T04:36:55.000;7.23;-19.89;2.1;19.53;20.34;63
2025-12-03T11:47:09.000;2025-12-03T04:47:09.000;7.81;-19.7;1.75;19.73;20.34;64
2025-12-03T11:57:27.000;2025-12-03T04:57:27.000;7.67;-20.41;1.56;19.86;20.34;65
2025-12-03T12:07:41.000;2025-12-03T05:07:41.000;7.79;-20.49;1.37;20.0;20.34;66
2025-12-03T12:17:56.000;2025-12-03T05:17:56.000;7.34;-21.15;1.4;19.98;20.34;67
2025-12-03T12:28:10.000;2025-12-03T05:28:10.000;7.6;-20.43;0.93;20.42;20.34;68
2025-12-03T12:38:26.000;2025-12-03T05:38:26.000;7.41;-21.36;0.62;20.86;20.34;69
2025-12-03T12:48:40.000;2025-12-03T05:48:40.000;6.65;-20.89;0.37;21.41;20.34;70
2025-12-03T12:58:53.000;2025-12-03T05:58:53.000;5.78;-21.29;0.4;21.32;20.34;71
2025-12-03T13:09:07.000;2025-12-03T06:09:07.000;5.56;-21.02;1.2;20.14;20.34;72
2025-12-03T13:19:21.000;2025-12-03T06:19:21.000;5.4;-21.23;5.51;18.49;20.34;73
2025-12-03T13:29:35.000;2025-12-03T06:29:35.000;5.1;-21.05;38.58;16.37;20.34;74
2025-12-03T13:39:49.000;2025-12-03T06:39:49.000;4.9;-21.48;406.8;13.82;20.34;75
2025-12-04T00:39:32.000;2025-12-03T17:39:32.000;9.2;6.23;4892.59;11.12;20.34;1
2025-12-04T00:49:47.000;2025-12-03T17:49:47.000;11.36;6.13;161.52;14.82;20.34;2
2025-12-04T01:00:03.000;2025-12-03T18:00:03.000;9.91;5.61;35.12;16.48;20.34;3
2025-12-04T01:10:17.000;2025-12-03T18:10:17.000;9.34;7.16;10.17;17.82;20.34;4
2025-12-04T01:20:38.000;2025-12-03T18:20:38.000;9.2;6.32;9.96;17.84;20.34;5
2025-12-04T01:30:54.000;2025-12-03T18:30:54.000;9.08;8.78;14.68;17.42;20.34;6
2025-12-04T01:41:08.000;2025-12-03T18:41:08.000;8.6;7.24;9.95;17.85;20.34;7
2025-12-04T01:51:21.000;2025-12-03T18:51:21.000;8.55;4.01;11.4;17.7;20.34;8
2025-12-04T02:01:38.000;2025-12-03T19:01:38.000;8.48;7.14;19.08;17.14;20.34;9
2025-12-04T02:11:56.000;2025-12-03T19:11:56.000;8.52;6.25;11.95;17.65;20.34;10
2025-12-04T02:22:11.000;2025-12-03T19:22:11.000;8.48;5.74;30.49;16.63;20.34;11
2025-12-04T02:32:24.000;2025-12-03T19:32:24.000;8.24;4.58;24.9;16.85;20.34;12
2025-12-04T02:42:39.000;2025-12-03T19:42:39.000;8.33;6.13;21.55;17.01;20.34;13
2025-12-04T02:52:54.000;2025-12-03T19:52:54.000;8.43;5.83;19.36;17.12;20.34;14
2025-12-04T03:08:10.000;2025-12-03T20:08:10.000;9.43;5.96;25.4;16.83;20.34;15
2025-12-04T03:18:31.000;2025-12-03T20:18:31.000;9.12;1.6;33.17;16.54;20.34;16
2025-12-04T03:28:44.000;2025-12-03T20:28:44.000;8.23;-0.33;42.93;16.26;20.34;17
2025-12-04T03:38:58.000;2025-12-03T20:38:58.000;8.66;5.27;58.08;15.93;20.34;18
2025-12-04T03:49:12.000;2025-12-03T20:49:12.000;8.79;3.11;82.43;15.55;20.34;19
2025-12-04T03:59:27.000;2025-12-03T20:59:27.000;8.88;5.34;29.59;16.66;20.34;20
2025-12-04T04:09:44.000;2025-12-03T21:09:44.000;9.06;5.71;29.14;16.68;20.34;21
2025-12-04T04:19:59.000;2025-12-03T21:19:59.000;8.75;5.0;35.46;16.47;20.34;22
2025-12-04T04:30:14.000;2025-12-03T21:30:14.000;8.32;4.77;69.16;15.74;20.34;23
2025-12-04T04:40:27.000;2025-12-03T21:40:27.000;7.96;1.56;64.37;15.82;20.34;24
2025-12-04T04:50:43.000;2025-12-03T21:50:43.000;7.29;-6.5;116.02;15.18;20.34;25
2025-12-04T05:00:56.000;2025-12-03T22:00:56.000;6.22;-13.91;190.19;14.64;20.34;26
2025-12-04T05:11:10.000;2025-12-03T22:11:10.000;5.92;-12.2;129.79;15.06;20.34;27
2025-12-04T05:21:25.000;2025-12-03T22:21:25.000;5.6;-18.87;335.14;14.03;20.34;28
2025-12-04T05:31:39.000;2025-12-03T22:31:39.000;5.12;-19.56;444.42;13.72;20.34;29
2025-12-04T05:41:54.000;2025-12-03T22:41:54.000;4.47;-20.4;501.95;13.59;20.34;30
2025-12-04T05:52:07.000;2025-12-03T22:52:07.000;4.03;-21.08;558.72;13.47;20.34;31
2025-12-04T06:02:21.000;2025-12-03T23:02:21.000;3.8;-19.37;620.08;13.36;20.34;32
2025-12-04T06:12:35.000;2025-12-03T23:12:35.000;3.59;-17.97;703.24;13.22;20.34;33
2025-12-04T06:22:49.000;2025-12-03T23:22:49.000;3.53;-17.04;670.61;13.27;20.34;34
2025-12-04T06:33:02.000;2025-12-03T23:33:02.000;3.25;-17.41;618.92;13.36;20.34;35
2025-12-04T06:43:16.000;2025-12-03T23:43:16.000;3.18;-16.81;381.83;13.89;20.34;36
2025-12-04T06:53:30.000;2025-12-03T23:53:30.000;3.22;-14.8;330.82;14.04;20.34;37
2025-12-04T07:03:45.000;2025-12-04T00:03:45.000;3.09;-15.99;306.21;14.12;20.34;38
2025-12-04T07:14:01.000;2025-12-04T00:14:01.000;3.13;-16.9;295.43;14.16;20.34;39
2025-12-04T07:24:15.000;2025-12-04T00:24:15.000;3.07;-17.64;268.94;14.27;20.34;40
2025-12-04T07:34:29.000;2025-12-04T00:34:29.000;3.28;-18.31;245.07;14.37;20.34;41
2025-12-04T07:44:43.000;2025-12-04T00:44:43.000;2.88;-20.84;206.92;14.55;20.34;42
2025-12-04T07:54:57.000;2025-12-04T00:54:57.000;2.61;-21.55;202.45;14.57;20.34;43
2025-12-04T08:05:10.000;2025-12-04T01:05:10.000;2.39;-21.37;130.04;15.05;20.34;44
2025-12-04T08:15:24.000;2025-12-04T01:15:24.000;1.99;-21.55;79.87;15.58;20.34;45
2025-12-04T08:25:37.000;2025-12-04T01:25:37.000;1.48;-21.28;58.49;15.92;20.34;46
2025-12-04T08:35:51.000;2025-12-04T01:35:51.000;1.4;-19.91;46.3;16.18;20.34;47
2025-12-04T08:46:04.000;2025-12-04T01:46:04.000;1.39;-18.15;37.76;16.4;20.34;48
2025-12-04T08:56:18.000;2025-12-04T01:56:18.000;1.13;-16.78;31.27;16.6;20.34;49
2025-12-04T09:06:32.000;2025-12-04T02:06:32.000;1.13;-15.16;26.44;16.78;20.34;50
2025-12-04T09:16:46.000;2025-12-04T02:16:46.000;1.52;-13.01;23.53;16.91;20.34;51
2025-12-04T09:27:00.000;2025-12-04T02:27:00.000;1.65;-12.03;21.98;16.98;20.34;52
2025-12-04T09:37:14.000;2025-12-04T02:37:14.000;1.38;-11.46;20.45;17.06;20.34;53
2025-12-04T09:47:27.000;2025-12-04T02:47:27.000;1.46;-10.53;19.06;17.14;20.34;54
2025-12-04T09:57:41.000;2025-12-04T02:57:41.000;1.63;-9.58;17.27;17.25;20.34;55
2025-12-04T10:07:56.000;2025-12-04T03:07:56.000;1.77;-8.99;15.53;17.36;20.34;56
2025-12-04T10:18:09.000;2025-12-04T03:18:09.000;1.88;-8.6;13.82;17.49;20.34;57
2025-12-04T10:28:23.000;2025-12-04T03:28:23.000;1.82;-8.53;12.39;17.61;20.34;58
2025-12-04T10:38:37.000;2025-12-04T03:38:37.000;1.94;-8.09;11.29;17.71;20.34;59
2025-12-04T10:48:51.000;2025-12-04T03:48:51.000;1.57;-8.46;10.41;17.8;20.34;60
2025-12-04T10:59:06.000;2025-12-04T03:59:06.000;1.06;-8.09;9.74;17.87;20.34;61
2025-12-04T11:09:19.000;2025-12-04T04:09:19.000;1.51;-7.42;8.78;17.98;20.34;62
2025-12-04T11:19:35.000;2025-12-04T04:19:35.000;1.75;-6.96;8.36;18.03;20.34;63
2025-12-04T11:29:49.000;2025-12-04T04:29:49.000;1.33;-7.53;7.54;18.15;20.34;64
2025-12-04T11:40:02.000;2025-12-04T04:40:02.000;0.82;-7.74;7.12;18.21;20.34;65
2025-12-04T11:50:15.000;2025-12-04T04:50:15.000;0.54;-7.39;7.05;18.22;20.34;66
2025-12-04T12:00:29.000;2025-12-04T05:00:29.000;0.85;-6.81;6.35;18.33;20.34;67
2025-12-04T12:10:43.000;2025-12-04T05:10:43.000;0.96;-6.62;5.92;18.41;20.34;68
2025-12-04T12:20:57.000;2025-12-04T05:20:57.000;1.03;-6.46;5.15;18.56;20.34;69
2025-12-04T12:31:10.000;2025-12-04T05:31:10.000;0.83;-6.68;4.63;18.68;20.34;70
2025-12-04T12:41:24.000;2025-12-04T05:41:24.000;0.57;-6.65;4.23;18.77;20.34;71
2025-12-04T12:51:38.000;2025-12-04T05:51:38.000;0.67;-6.58;3.83;18.88;20.34;72
2025-12-04T13:01:54.000;2025-12-04T06:01:54.000;0.69;-6.93;3.49;18.98;20.34;73
2025-12-04T13:12:08.000;2025-12-04T06:12:08.000;0.58;-6.89;3.69;18.92;20.34;74
2025-12-04T13:22:21.000;2025-12-04T06:22:21.000;0.26;-6.82;9.08;17.95;20.34;75
2025-12-04T13:32:36.000;2025-12-04T06:32:36.000;-0.08;-6.98;57.62;15.94;20.34;76
2025-12-04T13:42:49.000;2025-12-04T06:42:49.000;-0.07;-6.42;632.81;13.34;20.34;77
2025-12-05T00:42:30.000;2025-12-04T17:42:30.000;7.85;-17.78;2594.76;11.8;20.34;1
2025-12-05T00:52:45.000;2025-12-04T17:52:45.000;8.88;-19.2;200.57;14.58;20.34;2
2025-12-05T01:02:59.000;2025-12-04T18:02:59.000;8.22;-19.51;28.87;16.69;20.34;3
2025-12-05T01:13:13.000;2025-12-04T18:13:13.000;7.57;-19.9;8.72;17.99;20.34;4
2025-12-05T01:23:27.000;2025-12-04T18:23:27.000;7.09;-19.01;6.02;18.39;20.34;5
2025-12-05T01:33:41.000;2025-12-04T18:33:41.000;6.15;-20.13;6.09;18.38;20.34;6
2025-12-05T01:43:55.000;2025-12-04T18:43:55.000;5.46;-20.42;6.61;18.29;20.34;7
2025-12-05T01:54:09.000;2025-12-04T18:54:09.000;5.13;-20.4;7.27;18.19;20.34;8
2025-12-05T02:04:23.000;2025-12-04T19:04:23.000;5.05;-20.79;7.75;18.12;20.34;9
2025-12-05T02:14:40.000;2025-12-04T19:14:40.000;4.78;-20.65;8.41;18.03;20.34;10
2025-12-05T02:24:54.000;2025-12-04T19:24:54.000;4.61;-20.77;8.81;17.98;20.34;11
2025-12-05T02:35:08.000;2025-12-04T19:35:08.000;4.35;-21.04;9.3;17.92;20.34;12
2025-12-05T02:45:24.000;2025-12-04T19:45:24.000;4.17;-20.96;9.89;17.85;20.34;13
2025-12-05T02:55:38.000;2025-12-04T19:55:38.000;4.09;-21.14;11.36;17.7;20.34;14
2025-12-05T03:05:54.000;2025-12-04T20:05:54.000;4.23;-21.49;13.61;17.51;20.34;15
2025-12-05T03:21:26.000;2025-12-04T20:21:26.000;4.31;-21.97;18.24;17.19;20.34;16
2025-12-05T03:31:47.000;2025-12-04T20:31:47.000;4.49;-21.77;15.68;17.35;20.34;17
2025-12-05T03:42:00.000;2025-12-04T20:42:00.000;3.65;-21.77;15.55;17.36;20.34;18
2025-12-05T03:52:15.000;2025-12-04T20:52:15.000;3.26;-21.39;16.33;17.31;20.34;19
2025-12-05T04:02:29.000;2025-12-04T21:02:29.000;3.1;-21.37;16.82;17.28;20.34;20
2025-12-05T04:12:44.000;2025-12-04T21:12:44.000;3.09;-21.28;18.73;17.16;20.34;21
2025-12-05T04:22:58.000;2025-12-04T21:22:58.000;3.22;-21.3;20.75;17.05;20.34;22
2025-12-05T04:33:14.000;2025-12-04T21:33:14.000;3.3;-21.23;23.04;16.93;20.34;23
2025-12-05T04:43:28.000;2025-12-04T21:43:28.000;3.14;-21.27;25.9;16.81;20.34;24
2025-12-05T04:53:42.000;2025-12-04T21:53:42.000;3.12;-21.58;29.82;16.65;20.34;25
2025-12-05T05:09:02.000;2025-12-04T22:09:02.000;3.79;-22.13;40.79;16.31;20.34;26
2025-12-05T05:19:25.000;2025-12-04T22:19:25.000;3.79;-22.39;49.64;16.1;20.34;27
2025-12-05T05:29:38.000;2025-12-04T22:29:38.000;3.19;-21.79;98.01;15.36;20.34;28
2025-12-05T05:39:52.000;2025-12-04T22:39:52.000;3.16;-21.55;123.74;15.11;20.34;29
2025-12-05T05:50:07.000;2025-12-04T22:50:07.000;3.16;-21.72;178.07;14.71;20.34;30
2025-12-05T06:05:39.000;2025-12-04T23:05:39.000;3.71;-22.21;480.55;13.64;20.34;31
2025-12-05T06:16:00.000;2025-12-04T23:16:00.000;3.73;-22.05;593.14;13.41;20.34;32
2025-12-05T06:26:12.000;2025-12-04T23:26:12.000;2.98;-21.87;698.47;13.23;20.34;33
2025-12-05T06:36:25.000;2025-12-04T23:36:25.000;2.71;-21.54;870.5;12.99;20.34;34
2025-12-05T06:46:40.000;2025-12-04T23:46:40.000;2.72;-21.67;882.17;12.98;20.34;35
2025-12-05T07:01:59.000;2025-12-05T00:01:59.000;3.56;-21.48;1196.03;12.65;20.34;36
2025-12-05T07:12:20.000;2025-12-05T00:12:20.000;4.28;-15.1;1271.41;12.58;20.34;37
2025-12-05T07:22:34.000;2025-12-05T00:22:34.000;4.31;-12.55;612.17;13.37;20.34;38
2025-12-05T07:32:48.000;2025-12-05T00:32:48.000;3.83;-17.46;843.28;13.03;20.34;39
2025-12-05T07:43:03.000;2025-12-05T00:43:03.000;3.35;-10.38;181.84;14.69;20.34;40
2025-12-05T07:53:17.000;2025-12-05T00:53:17.000;2.89;-19.9;1100.99;12.74;20.34;41
2025-12-05T08:03:30.000;2025-12-05T01:03:30.000;2.45;-21.67;842.96;13.03;20.34;42
2025-12-05T08:13:44.000;2025-12-05T01:13:44.000;1.63;-21.95;632.28;13.34;20.34;43
2025-12-05T08:23:58.000;2025-12-05T01:23:58.000;1.07;-22.17;276.74;14.23;20.34;44
2025-12-05T08:34:13.000;2025-12-05T01:34:13.000;1.09;-22.21;114.82;15.19;20.34;45
2025-12-05T08:44:29.000;2025-12-05T01:44:29.000;0.72;-22.35;92.0;15.43;20.34;46
2025-12-05T08:54:43.000;2025-12-05T01:54:43.000;0.63;-21.94;73.85;15.67;20.34;47
2025-12-05T09:04:57.000;2025-12-05T02:04:57.000;0.75;-21.66;60.41;15.89;20.34;48
2025-12-05T09:15:11.000;2025-12-05T02:15:11.000;0.42;-21.19;59.08;15.91;20.34;49
2025-12-05T09:25:25.000;2025-12-05T02:25:25.000;0.3;-21.83;41.41;16.3;20.34;50
2025-12-05T09:35:40.000;2025-12-05T02:35:40.000;0.54;-21.42;33.75;16.52;20.34;51
2025-12-05T09:45:54.000;2025-12-05T02:45:54.000;0.53;-21.51;28.8;16.69;20.34;52
2025-12-05T09:56:09.000;2025-12-05T02:56:09.000;0.92;-21.16;24.95;16.85;20.34;53
2025-12-05T10:06:23.000;2025-12-05T03:06:23.000;1.37;-20.86;21.77;17.0;20.34;54
2025-12-05T10:16:39.000;2025-12-05T03:16:39.000;1.56;-21.38;19.76;17.1;20.34;55
2025-12-05T10:26:55.000;2025-12-05T03:26:55.000;1.62;-21.49;20.44;17.06;20.34;56
2025-12-05T10:37:09.000;2025-12-05T03:37:09.000;1.69;-21.78;20.87;17.04;20.34;57
2025-12-05T10:47:22.000;2025-12-05T03:47:22.000;2.14;-21.54;19.86;17.1;20.34;58
2025-12-05T10:57:36.000;2025-12-05T03:57:36.000;2.19;-21.01;19.99;17.09;20.34;59
2025-12-05T11:07:51.000;2025-12-05T04:07:51.000;2.67;-21.54;18.96;17.15;20.34;60
2025-12-05T11:18:05.000;2025-12-05T04:18:05.000;2.37;-22.05;15.35;17.37;20.34;61
2025-12-05T11:28:18.000;2025-12-05T04:28:18.000;2.53;-22.09;11.74;17.67;20.34;62
2025-12-05T11:38:32.000;2025-12-05T04:38:32.000;2.39;-21.88;9.96;17.84;20.34;63
2025-12-05T11:48:48.000;2025-12-05T04:48:48.000;2.05;-22.16;9.2;17.93;20.34;64
2025-12-05T11:59:03.000;2025-12-05T04:59:03.000;2.5;-22.25;8.76;17.98;20.34;65
2025-12-05T12:09:21.000;2025-12-05T05:09:21.000;2.56;-21.85;8.28;18.04;20.34;66
2025-12-05T12:19:35.000;2025-12-05T05:19:35.000;2.74;-22.03;7.81;18.11;20.34;67
2025-12-05T12:29:51.000;2025-12-05T05:29:51.000;2.97;-22.11;7.32;18.18;20.34;68
2025-12-05T12:40:04.000;2025-12-05T05:40:04.000;3.47;-21.93;6.77;18.26;20.34;69
2025-12-05T12:50:19.000;2025-12-05T05:50:19.000;3.25;-22.34;6.23;18.35;20.34;70
2025-12-05T13:00:33.000;2025-12-05T06:00:33.000;3.41;-22.43;5.8;18.43;20.34;71
2025-12-05T13:10:47.000;2025-12-05T06:10:47.000;2.89;-22.31;5.94;18.41;20.34;72
2025-12-05T13:21:01.000;2025-12-05T06:21:01.000;2.49;-22.11;9.71;17.87;20.34;73
2025-12-05T13:31:17.000;2025-12-05T06:31:17.000;2.16;-22.09;40.92;16.31;20.34;74
2025-12-05T13:41:31.000;2025-12-05T06:41:31.000;1.91;-21.25;396.86;13.84;20.34;75
2025-12-06T00:43:00.000;2025-12-05T17:43:00.000;8.88;-18.76;2899.89;11.68;20.34;1
2025-12-06T00:53:15.000;2025-12-05T17:53:15.000;9.16;-19.74;213.34;14.52;20.34;2
2025-12-06T01:03:29.000;2025-12-05T18:03:29.000;8.88;-19.38;29.63;16.66;20.34;3
2025-12-06T01:13:43.000;2025-12-05T18:13:43.000;9.09;-20.13;5.35;18.52;20.34;4
2025-12-06T01:23:57.000;2025-12-05T18:23:57.000;8.12;-20.48;1.79;19.71;20.34;5
2025-12-06T01:34:13.000;2025-12-05T18:34:13.000;7.9;-20.66;1.35;20.01;20.34;6
2025-12-06T01:44:26.000;2025-12-05T18:44:26.000;7.39;-20.95;1.68;19.78;20.34;7
2025-12-06T01:54:40.000;2025-12-05T18:54:40.000;6.98;-20.73;1.92;19.63;20.34;8
2025-12-06T02:04:57.000;2025-12-05T19:04:57.000;6.63;-20.45;2.23;19.47;20.34;9
2025-12-06T02:15:15.000;2025-12-05T19:15:15.000;7.2;-20.94;3.26;19.06;20.34;10
2025-12-06T02:25:29.000;2025-12-05T19:25:29.000;7.06;-21.03;3.59;18.95;20.34;11
2025-12-06T02:35:46.000;2025-12-05T19:35:46.000;7.27;-21.36;3.94;18.85;20.34;12
2025-12-06T02:46:01.000;2025-12-05T19:46:01.000;6.81;-21.88;4.27;18.77;20.34;13
2025-12-06T02:56:14.000;2025-12-05T19:56:14.000;6.34;-21.44;4.64;18.67;20.34;14
2025-12-06T03:06:29.000;2025-12-05T20:06:29.000;6.43;-21.92;5.01;18.59;20.34;15
2025-12-06T03:16:43.000;2025-12-05T20:16:43.000;6.04;-21.82;5.37;18.51;20.34;16
2025-12-06T03:26:57.000;2025-12-05T20:26:57.000;6.07;-21.77;5.71;18.45;20.34;17
2025-12-06T03:37:11.000;2025-12-05T20:37:11.000;6.1;-22.07;6.04;18.39;20.34;18
2025-12-06T03:47:25.000;2025-12-05T20:47:25.000;6.07;-21.62;6.34;18.33;20.34;19
2025-12-06T04:02:47.000;2025-12-05T21:02:47.000;6.28;-22.86;8.14;18.06;20.34;20
2025-12-06T04:13:08.000;2025-12-05T21:13:08.000;5.99;-22.55;9.13;17.94;20.34;21
2025-12-06T04:23:21.000;2025-12-05T21:23:21.000;5.78;-22.07;10.61;17.78;20.34;22
2025-12-06T04:33:34.000;2025-12-05T21:33:34.000;5.32;-22.45;10.46;17.79;20.34;23
2025-12-06T04:43:48.000;2025-12-05T21:43:48.000;4.59;-22.71;10.14;17.82;20.34;24
2025-12-06T04:54:02.000;2025-12-05T21:54:02.000;4.17;-22.36;10.43;17.79;20.34;25
2025-12-06T05:04:16.000;2025-12-05T22:04:16.000;3.99;-22.36;10.69;17.77;20.34;26
2025-12-06T05:14:30.000;2025-12-05T22:14:30.000;4.3;-22.43;11.51;17.69;20.34;27
2025-12-06T05:24:43.000;2025-12-05T22:24:43.000;3.95;-22.19;12.76;17.58;20.34;28
2025-12-06T05:34:57.000;2025-12-05T22:34:57.000;4.1;-22.5;14.17;17.46;20.34;29
2025-12-06T05:45:12.000;2025-12-05T22:45:12.000;3.78;-22.5;15.87;17.34;20.34;30
2025-12-06T05:55:27.000;2025-12-05T22:55:27.000;3.75;-22.54;18.17;17.19;20.34;31
2025-12-06T06:05:42.000;2025-12-05T23:05:42.000;3.49;-22.4;21.03;17.03;20.34;32
2025-12-06T06:15:56.000;2025-12-05T23:15:56.000;3.43;-22.63;25.48;16.82;20.34;33
2025-12-06T06:26:09.000;2025-12-05T23:26:09.000;3.16;-23.1;32.96;16.55;20.34;34
2025-12-06T06:36:23.000;2025-12-05T23:36:23.000;3.0;-22.94;65.68;15.8;20.34;35
2025-12-06T06:46:39.000;2025-12-05T23:46:39.000;3.0;-22.99;82.3;15.55;20.34;36
2025-12-06T06:56:53.000;2025-12-05T23:56:53.000;3.09;-22.89;117.48;15.17;20.34;37
2025-12-06T07:07:07.000;2025-12-06T00:07:07.000;3.28;-22.85;252.59;14.33;20.34;38
2025-12-06T07:17:21.000;2025-12-06T00:17:21.000;3.02;-22.88;373.09;13.91;20.34;39
2025-12-06T07:27:34.000;2025-12-06T00:27:34.000;2.3;-22.87;423.16;13.77;20.34;40
2025-12-06T07:37:48.000;2025-12-06T00:37:48.000;2.18;-22.66;532.75;13.52;20.34;41
2025-12-06T07:48:04.000;2025-12-06T00:48:04.000;2.58;-22.53;601.16;13.39;20.34;42
2025-12-06T07:58:19.000;2025-12-06T00:58:19.000;2.12;-22.79;611.56;13.37;20.34;43
2025-12-06T08:08:33.000;2025-12-06T01:08:33.000;1.77;-22.79;782.73;13.11;20.34;44
2025-12-06T08:18:48.000;2025-12-06T01:18:48.000;1.22;-22.97;1128.78;12.71;20.34;45
2025-12-06T08:29:03.000;2025-12-06T01:29:03.000;1.1;-23.15;1535.29;12.37;20.34;46
2025-12-06T08:39:19.000;2025-12-06T01:39:19.000;0.75;-22.85;1478.11;12.42;20.34;47
2025-12-06T08:49:33.000;2025-12-06T01:49:33.000;1.17;-22.74;1146.41;12.69;20.34;48
2025-12-06T08:59:48.000;2025-12-06T01:59:48.000;0.86;-22.96;814.57;13.06;20.34;49
2025-12-06T09:10:03.000;2025-12-06T02:10:03.000;0.68;-22.75;579.32;13.43;20.34;50
2025-12-06T09:20:17.000;2025-12-06T02:20:17.000;0.52;-22.7;460.47;13.68;20.34;51
2025-12-06T09:30:32.000;2025-12-06T02:30:32.000;0.56;-22.85;214.02;14.51;20.34;52
2025-12-06T09:40:47.000;2025-12-06T02:40:47.000;0.53;-22.7;80.17;15.58;20.34;53
2025-12-06T09:51:01.000;2025-12-06T02:51:01.000;1.22;-23.16;61.5;15.87;20.34;54
2025-12-06T10:01:15.000;2025-12-06T03:01:15.000;1.13;-23.65;50.51;16.08;20.34;55
2025-12-06T10:11:29.000;2025-12-06T03:11:29.000;1.25;-23.7;40.08;16.33;20.34;56
2025-12-06T10:21:43.000;2025-12-06T03:21:43.000;0.9;-23.38;32.91;16.55;20.34;57
2025-12-06T10:31:57.000;2025-12-06T03:31:57.000;1.76;-23.05;26.71;16.77;20.34;58
2025-12-06T10:42:12.000;2025-12-06T03:42:12.000;2.05;-23.19;22.51;16.96;20.34;59
2025-12-06T10:52:26.000;2025-12-06T03:52:26.000;1.37;-23.41;19.16;17.13;20.34;60
2025-12-06T11:02:40.000;2025-12-06T04:02:40.000;1.77;-22.74;16.89;17.27;20.34;61
2025-12-06T11:12:54.000;2025-12-06T04:12:54.000;2.22;-23.27;14.49;17.44;20.34;62
2025-12-06T11:23:09.000;2025-12-06T04:23:09.000;2.5;-23.11;13.29;17.53;20.34;63
2025-12-06T11:33:23.000;2025-12-06T04:33:23.000;2.67;-22.73;13.55;17.51;20.34;64
2025-12-06T11:43:38.000;2025-12-06T04:43:38.000;2.58;-22.48;14.1;17.47;20.34;65
2025-12-06T11:53:52.000;2025-12-06T04:53:52.000;3.61;-22.33;13.53;17.51;20.34;66
2025-12-06T12:04:06.000;2025-12-06T05:04:06.000;3.18;-23.1;13.72;17.5;20.34;67
2025-12-06T12:14:20.000;2025-12-06T05:14:20.000;3.27;-22.8;13.02;17.55;20.34;68
2025-12-06T12:24:33.000;2025-12-06T05:24:33.000;2.62;-23.05;10.77;17.76;20.34;69
2025-12-06T12:34:47.000;2025-12-06T05:34:47.000;1.68;-22.8;8.13;18.07;20.34;70
2025-12-06T12:45:00.000;2025-12-06T05:45:00.000;1.35;-21.99;7.04;18.22;20.34;71
2025-12-06T12:55:15.000;2025-12-06T05:55:15.000;1.29;-22.24;6.39;18.33;20.34;72
2025-12-06T13:05:29.000;2025-12-06T06:05:29.000;2.62;-22.14;6.37;18.33;20.34;73
2025-12-06T13:15:44.000;2025-12-06T06:15:44.000;2.58;-22.91;8.35;18.04;20.34;74
2025-12-06T13:31:16.000;2025-12-06T06:31:16.000;2.78;-23.37;43.25;16.25;20.34;75
2025-12-06T13:41:37.000;2025-12-06T06:41:37.000;3.03;-23.23;506.02;13.58;20.34;76
2025-12-07T00:43:02.000;2025-12-06T17:43:02.000;10.98;-17.03;2721.82;11.75;20.34;1
2025-12-07T00:53:17.000;2025-12-06T17:53:17.000;10.43;-17.83;216.57;14.5;20.34;2
2025-12-07T01:03:31.000;2025-12-06T18:03:31.000;9.92;-17.88;29.63;16.66;20.34;3
2025-12-07T01:13:44.000;2025-12-06T18:13:44.000;9.38;-17.82;5.08;18.58;20.34;4
2025-12-07T01:23:58.000;2025-12-06T18:23:58.000;9.21;-17.93;0.99;20.35;20.34;5
2025-12-07T01:34:11.000;2025-12-06T18:34:11.000;8.76;-17.49;0.41;21.3;20.34;6
2025-12-07T01:49:45.000;2025-12-06T18:49:45.000;9.13;-17.92;0.52;21.05;20.34;7
2025-12-07T02:00:05.000;2025-12-06T19:00:05.000;8.66;-17.31;0.29;21.67;20.34;8
2025-12-07T02:10:19.000;2025-12-06T19:10:19.000;7.84;-17.06;0.4;21.32;20.34;9
2025-12-07T02:20:32.000;2025-12-06T19:20:32.000;7.4;-16.6;0.51;21.08;20.34;10
2025-12-07T02:30:46.000;2025-12-06T19:30:46.000;7.5;-17.52;0.76;20.64;20.34;11
2025-12-07T02:51:17.000;2025-12-06T19:51:17.000;9.29;-18.33;1.25;20.1;20.34;12
2025-12-07T03:01:40.000;2025-12-06T20:01:40.000;8.54;-18.13;1.31;20.04;20.34;13
2025-12-07T03:11:54.000;2025-12-06T20:11:54.000;7.29;-17.81;1.31;20.05;20.34;14
2025-12-07T03:22:07.000;2025-12-06T20:22:07.000;7.24;-18.02;1.83;19.69;20.34;15
2025-12-07T03:32:21.000;2025-12-06T20:32:21.000;7.27;-18.03;2.51;19.34;20.34;16
2025-12-07T03:42:35.000;2025-12-06T20:42:35.000;6.71;-17.87;2.73;19.25;20.34;17
2025-12-07T03:52:48.000;2025-12-06T20:52:48.000;6.29;-17.98;2.96;19.16;20.34;18
2025-12-07T04:03:02.000;2025-12-06T21:03:02.000;6.16;-17.83;3.23;19.07;20.34;19
2025-12-07T04:13:16.000;2025-12-06T21:13:16.000;5.9;-17.61;3.49;18.98;20.34;20
2025-12-07T04:23:29.000;2025-12-06T21:23:29.000;5.72;-18.02;3.75;18.91;20.34;21
2025-12-07T04:39:02.000;2025-12-06T21:39:02.000;7.03;-18.51;4.54;18.7;20.34;22
2025-12-07T04:49:24.000;2025-12-06T21:49:24.000;7.18;-18.37;4.31;18.75;20.34;23
2025-12-07T04:59:36.000;2025-12-06T21:59:36.000;6.39;-18.21;4.53;18.7;20.34;24
2025-12-07T05:09:53.000;2025-12-06T22:09:53.000;5.91;-18.06;5.09;18.57;20.34;25
2025-12-07T05:20:07.000;2025-12-06T22:20:07.000;5.86;-18.19;6.13;18.37;20.34;26
2025-12-07T05:30:21.000;2025-12-06T22:30:21.000;5.78;-18.01;7.14;18.21;20.34;27
2025-12-07T05:45:38.000;2025-12-06T22:45:38.000;6.49;-18.57;8.11;18.07;20.34;28
2025-12-07T05:56:00.000;2025-12-06T22:56:00.000;6.92;-18.85;7.02;18.22;20.34;29
2025-12-07T06:06:13.000;2025-12-06T23:06:13.000;6.12;-18.43;7.28;18.18;20.34;30
2025-12-07T06:16:27.000;2025-12-06T23:16:27.000;5.69;-18.86;7.5;18.15;20.34;31
2025-12-07T06:26:42.000;2025-12-06T23:26:42.000;5.25;-18.5;8.23;18.05;20.34;32
2025-12-07T06:36:55.000;2025-12-06T23:36:55.000;5.26;-18.52;9.25;17.92;20.34;33
2025-12-07T06:47:09.000;2025-12-06T23:47:09.000;5.2;-18.67;10.11;17.83;20.34;34
2025-12-07T06:57:23.000;2025-12-06T23:57:23.000;4.96;-18.77;11.48;17.69;20.34;35
2025-12-07T07:12:55.000;2025-12-07T00:12:55.000;6.01;-19.05;15.57;17.36;20.34;36
2025-12-07T07:23:16.000;2025-12-07T00:23:16.000;5.61;-19.08;16.75;17.28;20.34;37
2025-12-07T07:33:29.000;2025-12-07T00:33:29.000;5.29;-18.81;21.38;17.01;20.34;38
2025-12-07T07:43:43.000;2025-12-07T00:43:43.000;4.42;-18.99;41.26;16.3;20.34;39
2025-12-07T07:53:56.000;2025-12-07T00:53:56.000;4.09;-18.75;54.19;16.01;20.34;40
2025-12-07T08:04:10.000;2025-12-07T01:04:10.000;4.81;-18.54;64.5;15.82;20.34;41
2025-12-07T08:14:24.000;2025-12-07T01:14:24.000;4.92;-18.6;132.91;15.03;20.34;42
2025-12-07T08:29:41.000;2025-12-07T01:29:41.000;5.54;-19.81;268.89;14.27;20.34;43
2025-12-07T08:40:02.000;2025-12-07T01:40:02.000;5.75;-19.2;295.83;14.16;20.34;44
2025-12-07T08:50:15.000;2025-12-07T01:50:15.000;5.01;-19.22;356.85;13.96;20.34;45
2025-12-07T09:00:28.000;2025-12-07T02:00:28.000;4.8;-19.01;408.13;13.81;20.34;46
2025-12-07T09:10:42.000;2025-12-07T02:10:42.000;4.85;-19.01;429.56;13.76;20.34;47
2025-12-07T09:20:56.000;2025-12-07T02:20:56.000;4.67;-19.84;519.44;13.55;20.34;48
2025-12-07T09:31:10.000;2025-12-07T02:31:10.000;3.99;-19.98;700.85;13.23;20.34;49
2025-12-07T09:41:24.000;2025-12-07T02:41:24.000;4.09;-19.58;704.63;13.22;20.34;50
2025-12-07T09:51:37.000;2025-12-07T02:51:37.000;4.92;-19.92;583.17;13.43;20.34;51
2025-12-07T10:01:51.000;2025-12-07T03:01:51.000;4.18;-20.08;432.01;13.75;20.34;52
2025-12-07T10:12:05.000;2025-12-07T03:12:05.000;3.67;-20.14;354.62;13.97;20.34;53
2025-12-07T10:22:20.000;2025-12-07T03:22:20.000;3.49;-20.55;244.25;14.37;20.34;54
2025-12-07T10:32:34.000;2025-12-07T03:32:34.000;3.19;-20.2;95.55;15.39;20.34;55
2025-12-07T10:42:47.000;2025-12-07T03:42:47.000;3.17;-20.45;48.99;16.11;20.34;56
2025-12-07T10:53:02.000;2025-12-07T03:53:02.000;3.03;-20.27;39.22;16.36;20.34;57
2025-12-07T11:03:16.000;2025-12-07T04:03:16.000;3.32;-20.45;31.89;16.58;20.34;58
2025-12-07T11:13:30.000;2025-12-07T04:13:30.000;3.43;-19.93;25.91;16.81;20.34;59
2025-12-07T11:23:43.000;2025-12-07T04:23:43.000;3.17;-21.16;21.37;17.02;20.34;60
2025-12-07T11:33:57.000;2025-12-07T04:33:57.000;3.02;-20.95;17.99;17.2;20.34;61
2025-12-07T11:44:11.000;2025-12-07T04:44:11.000;3.19;-20.56;14.87;17.41;20.34;62
2025-12-07T11:54:26.000;2025-12-07T04:54:26.000;3.05;-20.72;13.01;17.55;20.34;63
2025-12-07T12:04:39.000;2025-12-07T05:04:39.000;2.87;-20.45;11.39;17.7;20.34;64
2025-12-07T12:14:53.000;2025-12-07T05:14:53.000;2.6;-20.86;9.8;17.86;20.34;65
2025-12-07T12:25:08.000;2025-12-07T05:25:08.000;2.54;-20.9;9.18;17.93;20.34;66
2025-12-07T12:40:40.000;2025-12-07T05:40:40.000;3.38;-21.29;10.73;17.76;20.34;67
2025-12-07T12:51:01.000;2025-12-07T05:51:01.000;3.87;-21.04;9.52;17.89;20.34;68
2025-12-07T13:01:13.000;2025-12-07T06:01:13.000;3.19;-21.08;9.69;17.87;20.34;69
2025-12-07T13:11:27.000;2025-12-07T06:11:27.000;2.29;-21.5;10.46;17.79;20.34;70
2025-12-07T13:21:40.000;2025-12-07T06:21:40.000;1.99;-21.71;16.29;17.31;20.34;71
2025-12-07T13:31:55.000;2025-12-07T06:31:55.000;2.1;-21.77;62.74;15.85;20.34;72
2025-12-07T13:42:09.000;2025-12-07T06:42:09.000;2.06;-21.63;499.69;13.59;20.34;73
2025-12-08T00:43:08.000;2025-12-07T17:43:08.000;10.02;-19.72;2654.61;11.78;20.34;1
2025-12-08T00:53:24.000;2025-12-07T17:53:24.000;10.36;-20.23;213.73;14.52;20.34;2
2025-12-08T01:03:38.000;2025-12-07T18:03:38.000;9.37;-20.61;29.13;16.68;20.34;3
2025-12-08T01:13:53.000;2025-12-07T18:13:53.000;9.55;-20.63;4.86;18.62;20.34;4
2025-12-08T01:24:05.000;2025-12-07T18:24:05.000;9.02;-21.59;0.93;20.42;20.34;5
2025-12-08T01:34:19.000;2025-12-07T18:34:19.000;8.43;-21.43;0.33;21.56;20.34;6
2025-12-08T01:44:32.000;2025-12-07T18:44:32.000;8.33;-21.63;0.33;21.54;20.34;7
2025-12-08T01:54:46.000;2025-12-07T18:54:46.000;8.12;-21.78;0.27;21.78;20.34;8
2025-12-08T02:05:01.000;2025-12-07T19:05:01.000;8.0;-22.13;0.24;21.91;20.34;9
2025-12-08T02:15:17.000;2025-12-07T19:15:17.000;7.6;-22.18;0.28;21.72;20.34;10
2025-12-08T02:25:32.000;2025-12-07T19:25:32.000;7.23;-21.46;0.31;21.62;20.34;11
2025-12-08T02:35:45.000;2025-12-07T19:35:45.000;7.4;-21.71;0.25;21.83;20.34;12
2025-12-08T02:46:00.000;2025-12-07T19:46:00.000;7.59;-21.68;0.25;21.84;20.34;13
2025-12-08T02:56:14.000;2025-12-07T19:56:14.000;7.51;-22.18;0.2;22.09;20.34;14
2025-12-08T03:06:30.000;2025-12-07T20:06:30.000;7.26;-22.12;0.3;21.65;20.34;15
2025-12-08T03:16:44.000;2025-12-07T20:16:44.000;6.89;-21.79;0.32;21.59;20.34;16
2025-12-08T03:26:59.000;2025-12-07T20:26:59.000;6.93;-21.68;0.44;21.24;20.34;17
2025-12-08T03:37:12.000;2025-12-07T20:37:12.000;6.81;-21.73;0.54;21.0;20.34;18
2025-12-08T03:47:26.000;2025-12-07T20:47:26.000;6.82;-22.03;0.69;20.75;20.34;19
2025-12-08T03:57:41.000;2025-12-07T20:57:41.000;6.82;-22.02;0.78;20.61;20.34;20
2025-12-08T04:07:58.000;2025-12-07T21:07:58.000;6.93;-21.54;1.0;20.34;20.34;21
2025-12-08T04:18:12.000;2025-12-07T21:18:12.000;6.89;-22.05;0.99;20.36;20.34;22
2025-12-08T04:28:26.000;2025-12-07T21:28:26.000;6.61;-21.73;1.61;19.83;20.34;23
2025-12-08T04:38:40.000;2025-12-07T21:38:40.000;6.5;-21.76;1.81;19.7;20.34;24
2025-12-08T04:48:54.000;2025-12-07T21:48:54.000;6.39;-21.63;1.97;19.6;20.34;25
2025-12-08T04:59:10.000;2025-12-07T21:59:10.000;6.26;-21.6;2.16;19.51;20.34;26
2025-12-08T05:09:24.000;2025-12-07T22:09:24.000;6.06;-21.96;2.33;19.42;20.34;27
2025-12-08T05:19:39.000;2025-12-07T22:19:39.000;6.1;-21.75;2.55;19.32;20.34;28
2025-12-08T05:29:54.000;2025-12-07T22:29:54.000;6.14;-22.03;2.74;19.24;20.34;29
2025-12-08T05:40:08.000;2025-12-07T22:40:08.000;6.2;-21.98;2.88;19.19;20.34;30
2025-12-08T05:50:22.000;2025-12-07T22:50:22.000;5.95;-21.95;3.08;19.12;20.34;31
2025-12-08T06:00:36.000;2025-12-07T23:00:36.000;5.81;-21.79;3.2;19.08;20.34;32
2025-12-08T06:10:50.000;2025-12-07T23:10:50.000;5.49;-22.15;3.37;19.02;20.34;33
2025-12-08T06:21:03.000;2025-12-07T23:21:03.000;5.4;-22.06;3.83;18.88;20.34;34
2025-12-08T06:31:17.000;2025-12-07T23:31:17.000;5.25;-22.24;4.6;18.68;20.34;35
2025-12-08T06:41:35.000;2025-12-07T23:41:35.000;5.42;-22.22;5.22;18.55;20.34;36
2025-12-08T06:51:49.000;2025-12-07T23:51:49.000;5.26;-22.29;5.21;18.55;20.34;37
2025-12-08T07:02:03.000;2025-12-08T00:02:03.000;5.46;-22.24;5.12;18.57;20.34;38
2025-12-08T07:12:18.000;2025-12-08T00:12:18.000;5.61;-22.43;5.23;18.54;20.34;39
2025-12-08T07:22:32.000;2025-12-08T00:22:32.000;5.33;-22.49;5.34;18.52;20.34;40
2025-12-08T07:32:46.000;2025-12-08T00:32:46.000;5.12;-22.33;5.78;18.44;20.34;41
2025-12-08T07:43:00.000;2025-12-08T00:43:00.000;5.0;-22.7;6.43;18.32;20.34;42
2025-12-08T07:58:18.000;2025-12-08T00:58:18.000;5.5;-23.4;8.22;18.05;20.34;43
2025-12-08T08:08:38.000;2025-12-08T01:08:38.000;4.88;-23.17;8.66;18.0;20.34;44
2025-12-08T08:18:51.000;2025-12-08T01:18:51.000;3.71;-23.07;9.95;17.85;20.34;45
2025-12-08T08:29:04.000;2025-12-08T01:29:04.000;3.34;-22.97;11.5;17.69;20.34;46
2025-12-08T08:39:19.000;2025-12-08T01:39:19.000;3.33;-22.7;13.59;17.51;20.34;47
2025-12-08T08:49:35.000;2025-12-08T01:49:35.000;3.23;-22.87;18.08;17.2;20.34;48
2025-12-08T08:59:48.000;2025-12-08T01:59:48.000;3.41;-22.55;31.32;16.6;20.34;49
2025-12-08T09:10:02.000;2025-12-08T02:10:02.000;3.5;-23.2;36.56;16.43;20.34;50
2025-12-08T09:20:16.000;2025-12-08T02:20:16.000;3.07;-23.41;43.47;16.24;20.34;51
2025-12-08T09:30:30.000;2025-12-08T02:30:30.000;3.18;-23.09;82.59;15.55;20.34;52
2025-12-08T09:40:45.000;2025-12-08T02:40:45.000;3.36;-23.01;130.69;15.05;20.34;53
2025-12-08T09:51:00.000;2025-12-08T02:51:00.000;3.4;-23.4;178.43;14.71;20.34;54
2025-12-08T10:06:19.000;2025-12-08T03:06:19.000;4.25;-23.98;249.5;14.35;20.34;55
2025-12-08T10:16:40.000;2025-12-08T03:16:40.000;4.49;-24.21;238.11;14.4;20.34;56
2025-12-08T10:26:56.000;2025-12-08T03:26:56.000;3.93;-23.75;238.63;14.4;20.34;57
2025-12-08T10:37:10.000;2025-12-08T03:37:10.000;3.36;-23.76;233.24;14.42;20.34;58
2025-12-08T10:47:24.000;2025-12-08T03:47:24.000;3.21;-23.68;209.25;14.54;20.34;59
2025-12-08T10:57:39.000;2025-12-08T03:57:39.000;3.26;-23.75;172.06;14.75;20.34;60
2025-12-08T11:07:53.000;2025-12-08T04:07:53.000;3.39;-24.11;110.81;15.23;20.34;61
2025-12-08T11:18:07.000;2025-12-08T04:18:07.000;3.26;-23.76;43.81;16.24;20.34;62
2025-12-08T11:28:21.000;2025-12-08T04:28:21.000;3.3;-24.27;32.35;16.57;20.34;63
2025-12-08T11:38:35.000;2025-12-08T04:38:35.000;2.82;-24.02;25.13;16.84;20.34;64
2025-12-08T11:48:49.000;2025-12-08T04:48:49.000;2.94;-24.08;20.6;17.06;20.34;65
2025-12-08T11:59:03.000;2025-12-08T04:59:03.000;2.86;-23.79;16.81;17.28;20.34;66
2025-12-08T12:09:17.000;2025-12-08T05:09:17.000;2.35;-24.24;14.32;17.45;20.34;67
2025-12-08T12:19:31.000;2025-12-08T05:19:31.000;2.58;-23.74;12.48;17.6;20.34;68
2025-12-08T12:29:45.000;2025-12-08T05:29:45.000;2.36;-23.58;10.69;17.77;20.34;69
2025-12-08T12:40:00.000;2025-12-08T05:40:00.000;1.75;-23.68;9.38;17.91;20.34;70
2025-12-08T12:50:14.000;2025-12-08T05:50:14.000;2.2;-23.91;8.36;18.03;20.34;71
2025-12-08T13:00:30.000;2025-12-08T06:00:30.000;1.49;-24.41;7.41;18.17;20.34;72
2025-12-08T13:10:44.000;2025-12-08T06:10:44.000;1.69;-23.95;7.44;18.16;20.34;73
2025-12-08T13:20:58.000;2025-12-08T06:20:58.000;2.02;-24.16;12.79;17.57;20.34;74
2025-12-08T13:31:13.000;2025-12-08T06:31:13.000;2.86;-25.03;49.41;16.11;20.34;75
2025-12-08T13:41:27.000;2025-12-08T06:41:27.000;1.97;-24.61;364.77;13.93;20.34;76
2025-12-09T00:43:17.000;2025-12-08T17:43:17.000;10.26;-19.28;2981.29;11.65;20.34;1
2025-12-09T00:53:31.000;2025-12-08T17:53:31.000;12.04;-19.47;217.8;14.49;20.34;2
2025-12-09T01:03:47.000;2025-12-08T18:03:47.000;12.46;-20.36;29.52;16.66;20.34;3
2025-12-09T01:14:00.000;2025-12-08T18:14:00.000;11.61;-20.5;4.97;18.6;20.34;4
2025-12-09T01:24:15.000;2025-12-08T18:24:15.000;10.43;-20.66;0.99;20.35;20.34;5
2025-12-09T01:34:29.000;2025-12-08T18:34:29.000;9.87;-20.97;0.34;21.5;20.34;6
2025-12-09T01:44:42.000;2025-12-08T18:44:42.000;9.45;-20.59;0.29;21.68;20.34;7
2025-12-09T01:54:56.000;2025-12-08T18:54:56.000;9.47;-20.17;0.28;21.73;20.34;8
2025-12-09T02:05:10.000;2025-12-08T19:05:10.000;9.15;-21.03;0.28;21.74;20.34;9
2025-12-09T02:15:24.000;2025-12-08T19:15:24.000;8.76;-21.09;0.27;21.76;20.34;10
2025-12-09T02:25:40.000;2025-12-08T19:25:40.000;8.44;-21.18;0.32;21.56;20.34;11
2025-12-09T02:35:55.000;2025-12-08T19:35:55.000;8.19;-21.02;0.27;21.78;20.34;12
2025-12-09T02:46:08.000;2025-12-08T19:46:08.000;7.99;-21.3;0.27;21.78;20.34;13
2025-12-09T02:56:22.000;2025-12-08T19:56:22.000;7.95;-21.18;0.27;21.78;20.34;14
2025-12-09T03:06:37.000;2025-12-08T20:06:37.000;7.74;-21.29;0.34;21.53;20.34;15
2025-12-09T03:16:51.000;2025-12-08T20:16:51.000;7.94;-21.29;0.27;21.78;20.34;16
2025-12-09T03:27:05.000;2025-12-08T20:27:05.000;7.92;-21.66;0.32;21.59;20.34;17
2025-12-09T03:37:19.000;2025-12-08T20:37:19.000;7.44;-21.33;0.32;21.58;20.34;18
2025-12-09T03:47:34.000;2025-12-08T20:47:34.000;7.28;-21.27;0.21;22.03;20.34;19
2025-12-09T03:57:49.000;2025-12-08T20:57:49.000;7.23;-22.02;0.27;21.78;20.34;20
2025-12-09T04:08:03.000;2025-12-08T21:08:03.000;7.09;-21.5;0.27;21.78;20.34;21
2025-12-09T04:18:17.000;2025-12-08T21:18:17.000;7.35;-21.53;0.32;21.57;20.34;22
2025-12-09T04:28:33.000;2025-12-08T21:28:33.000;7.34;-21.67;0.29;21.7;20.34;23
2025-12-09T04:38:48.000;2025-12-08T21:38:48.000;7.51;-21.88;0.33;21.54;20.34;24
2025-12-09T04:49:02.000;2025-12-08T21:49:02.000;7.39;-21.53;0.47;21.16;20.34;25
2025-12-09T04:59:15.000;2025-12-08T21:59:15.000;7.2;-21.49;0.65;20.81;20.34;26
2025-12-09T05:09:30.000;2025-12-08T22:09:30.000;7.24;-21.65;0.72;20.7;20.34;27
2025-12-09T05:19:48.000;2025-12-08T22:19:48.000;7.37;-20.73;0.84;20.52;20.34;28
2025-12-09T05:30:04.000;2025-12-08T22:30:04.000;7.59;-21.06;1.1;20.24;20.34;29
2025-12-09T05:40:22.000;2025-12-08T22:40:22.000;7.28;-21.55;1.19;20.16;20.34;30
2025-12-09T05:50:37.000;2025-12-08T22:50:37.000;7.09;-21.52;1.47;19.92;20.34;31
2025-12-09T06:00:51.000;2025-12-08T23:00:51.000;6.85;-21.35;1.59;19.84;20.34;32
2025-12-09T06:11:06.000;2025-12-08T23:11:06.000;6.75;-22.04;1.71;19.76;20.34;33
2025-12-09T06:21:20.000;2025-12-08T23:21:20.000;6.58;-21.95;1.85;19.67;20.34;34
2025-12-09T06:31:35.000;2025-12-08T23:31:35.000;6.38;-22.15;1.98;19.6;20.34;35
2025-12-09T06:41:49.000;2025-12-08T23:41:49.000;6.15;-21.95;2.14;19.51;20.34;36
2025-12-09T06:52:07.000;2025-12-08T23:52:07.000;6.21;-22.08;2.24;19.47;20.34;37
2025-12-09T07:02:22.000;2025-12-09T00:02:22.000;6.25;-21.91;2.38;19.4;20.34;38
2025-12-09T07:12:37.000;2025-12-09T00:12:37.000;6.38;-21.87;2.46;19.36;20.34;39
2025-12-09T07:22:51.000;2025-12-09T00:22:51.000;6.22;-22.17;2.64;19.29;20.34;40
2025-12-09T07:33:06.000;2025-12-09T00:33:06.000;5.82;-22.01;3.09;19.12;20.34;41
2025-12-09T07:43:20.000;2025-12-09T00:43:20.000;5.85;-22.24;3.6;18.95;20.34;42
2025-12-09T07:53:34.000;2025-12-09T00:53:34.000;6.59;-21.67;3.78;18.9;20.34;43
2025-12-09T08:03:50.000;2025-12-09T01:03:50.000;6.82;-22.44;3.68;18.92;20.34;44
2025-12-09T08:14:06.000;2025-12-09T01:14:06.000;6.13;-22.18;3.68;18.92;20.34;45
2025-12-09T08:24:19.000;2025-12-09T01:24:19.000;5.71;-21.93;3.69;18.92;20.34;46
2025-12-09T08:34:33.000;2025-12-09T01:34:33.000;5.55;-22.49;3.82;18.88;20.34;47
2025-12-09T08:44:47.000;2025-12-09T01:44:47.000;4.93;-22.66;4.22;18.78;20.34;48
2025-12-09T08:55:01.000;2025-12-09T01:55:01.000;4.44;-22.96;4.64;18.67;20.34;49
2025-12-09T09:05:16.000;2025-12-09T02:05:16.000;4.27;-23.19;5.18;18.55;20.34;50
2025-12-09T09:15:31.000;2025-12-09T02:15:31.000;4.08;-23.49;5.66;18.46;20.34;51
2025-12-09T09:25:46.000;2025-12-09T02:25:46.000;4.23;-23.41;6.53;18.3;20.34;52
2025-12-09T09:36:00.000;2025-12-09T02:36:00.000;4.0;-23.91;7.47;18.16;20.34;53
2025-12-09T09:46:14.000;2025-12-09T02:46:14.000;3.64;-23.83;8.33;18.04;20.34;54
2025-12-09T09:56:28.000;2025-12-09T02:56:28.000;3.39;-23.48;9.53;17.89;20.34;55
2025-12-09T10:06:42.000;2025-12-09T03:06:42.000;3.37;-23.94;13.07;17.55;20.34;56
2025-12-09T10:16:57.000;2025-12-09T03:16:57.000;2.96;-23.88;18.39;17.18;20.34;57
2025-12-09T10:27:13.000;2025-12-09T03:27:13.000;3.28;-23.99;21.45;17.01;20.34;58
2025-12-09T10:37:28.000;2025-12-09T03:37:28.000;2.86;-23.63;23.0;16.94;20.34;59
2025-12-09T10:47:42.000;2025-12-09T03:47:42.000;2.84;-23.94;24.74;16.86;20.34;60
2025-12-09T10:57:58.000;2025-12-09T03:57:58.000;3.21;-23.65;25.81;16.81;20.34;61
2025-12-09T11:08:12.000;2025-12-09T04:08:12.000;2.66;-24.22;27.29;16.75;20.34;62
2025-12-09T11:18:26.000;2025-12-09T04:18:26.000;2.49;-23.75;27.79;16.73;20.34;63
2025-12-09T11:28:40.000;2025-12-09T04:28:40.000;3.09;-24.23;26.01;16.8;20.34;64
2025-12-09T11:38:56.000;2025-12-09T04:38:56.000;2.87;-24.31;23.9;16.89;20.34;65
2025-12-09T11:49:10.000;2025-12-09T04:49:10.000;3.2;-24.14;21.29;17.02;20.34;66
2025-12-09T11:59:24.000;2025-12-09T04:59:24.000;2.74;-24.03;18.38;17.18;20.34;67
2025-12-09T12:09:38.000;2025-12-09T05:09:38.000;2.89;-24.94;16.02;17.33;20.34;68
2025-12-09T12:19:52.000;2025-12-09T05:19:52.000;2.73;-24.8;14.16;17.46;20.34;69
2025-12-09T12:30:05.000;2025-12-09T05:30:05.000;2.61;-25.16;12.06;17.64;20.34;70
2025-12-09T12:40:21.000;2025-12-09T05:40:21.000;2.76;-24.9;10.5;17.79;20.34;71
2025-12-09T12:50:35.000;2025-12-09T05:50:35.000;2.17;-24.52;9.46;17.9;20.34;72
2025-12-09T13:00:49.000;2025-12-09T06:00:49.000;2.08;-24.22;8.48;18.02;20.34;73
2025-12-09T13:11:03.000;2025-12-09T06:11:03.000;3.0;-25.47;8.07;18.07;20.34;74
2025-12-09T13:26:36.000;2025-12-09T06:26:36.000;4.41;-24.78;17.0;17.26;20.34;75
2025-12-09T13:36:58.000;2025-12-09T06:36:58.000;6.16;-23.96;109.86;15.24;20.34;76
2025-12-10T00:43:37.000;2025-12-09T17:43:37.000;9.6;-17.97;2524.89;11.83;20.34;1
2025-12-10T00:53:51.000;2025-12-09T17:53:51.000;10.54;-18.29;209.42;14.54;20.34;2
2025-12-10T01:04:05.000;2025-12-09T18:04:05.000;10.28;-18.17;28.77;16.69;20.34;3
2025-12-10T01:14:19.000;2025-12-09T18:14:19.000;10.56;-18.27;4.86;18.62;20.34;4
2025-12-10T01:24:36.000;2025-12-09T18:24:36.000;10.49;-18.1;1.09;20.24;20.34;5
2025-12-10T01:34:50.000;2025-12-09T18:34:50.000;10.29;-18.23;0.44;21.24;20.34;6
2025-12-10T01:45:05.000;2025-12-09T18:45:05.000;10.25;-17.99;0.3;21.65;20.34;7
2025-12-10T01:55:20.000;2025-12-09T18:55:20.000;10.27;-18.33;0.31;21.61;20.34;8
2025-12-10T02:05:34.000;2025-12-09T19:05:34.000;9.89;-18.4;0.36;21.46;20.34;9
2025-12-10T02:15:48.000;2025-12-09T19:15:48.000;9.8;-18.26;0.34;21.52;20.34;10
2025-12-10T02:26:02.000;2025-12-09T19:26:02.000;9.67;-18.77;0.28;21.73;20.34;11
2025-12-10T02:36:17.000;2025-12-09T19:36:17.000;9.59;-18.44;0.33;21.54;20.34;12
2025-12-10T02:51:49.000;2025-12-09T19:51:49.000;10.64;-19.15;0.49;21.12;20.34;13
2025-12-10T03:07:27.000;2025-12-09T20:07:27.000;11.19;-19.21;0.48;21.15;20.34;14
2025-12-10T03:17:47.000;2025-12-09T20:17:47.000;10.37;-18.82;0.33;21.54;20.34;15
2025-12-10T03:27:59.000;2025-12-09T20:27:59.000;10.29;-18.78;0.33;21.54;20.34;16
2025-12-10T03:38:12.000;2025-12-09T20:38:12.000;9.3;-18.71;0.26;21.81;20.34;17
2025-12-10T03:48:26.000;2025-12-09T20:48:26.000;9.5;-18.73;0.31;21.6;20.34;18
2025-12-10T03:58:40.000;2025-12-09T20:58:40.000;9.29;-19.44;0.32;21.59;20.34;19
2025-12-10T04:08:53.000;2025-12-09T21:08:53.000;8.99;-19.4;0.32;21.59;20.34;20
2025-12-10T04:19:07.000;2025-12-09T21:19:07.000;8.15;-19.27;0.32;21.59;20.34;21
2025-12-10T04:29:21.000;2025-12-09T21:29:21.000;7.91;-18.84;0.32;21.59;20.34;22
2025-12-10T04:39:35.000;2025-12-09T21:39:35.000;8.44;-19.17;0.26;21.78;20.34;23
2025-12-10T04:49:50.000;2025-12-09T21:49:50.000;8.26;-19.13;0.27;21.78;20.34;24
2025-12-10T05:00:03.000;2025-12-09T22:00:03.000;7.78;-19.21;0.29;21.68;20.34;25
2025-12-10T05:10:22.000;2025-12-09T22:10:22.000;7.37;-19.49;0.27;21.77;20.34;26
2025-12-10T05:20:36.000;2025-12-09T22:20:36.000;7.32;-19.66;0.27;21.74;20.34;27
2025-12-10T05:30:51.000;2025-12-09T22:30:51.000;6.88;-19.35;0.34;21.5;20.34;28
2025-12-10T05:41:09.000;2025-12-09T22:41:09.000;6.36;-19.17;0.37;21.42;20.34;29
2025-12-10T05:51:24.000;2025-12-09T22:51:24.000;6.23;-18.97;0.36;21.46;20.34;30
2025-12-10T06:01:39.000;2025-12-09T23:01:39.000;6.61;-19.17;0.56;20.96;20.34;31
2025-12-10T06:11:53.000;2025-12-09T23:11:53.000;6.51;-18.78;0.64;20.82;20.34;32
2025-12-10T06:22:09.000;2025-12-09T23:22:09.000;7.12;-19.67;0.78;20.61;20.34;33
2025-12-10T06:37:27.000;2025-12-09T23:37:27.000;7.61;-19.47;1.13;20.2;20.34;34
2025-12-10T06:47:49.000;2025-12-09T23:47:49.000;9.19;-19.74;1.13;20.2;20.34;35
2025-12-10T06:58:03.000;2025-12-09T23:58:03.000;8.52;-19.41;1.05;20.29;20.34;36
2025-12-10T07:08:17.000;2025-12-10T00:08:17.000;7.94;-19.08;1.12;20.21;20.34;37
2025-12-10T07:18:31.000;2025-12-10T00:18:31.000;7.87;-18.87;1.2;20.14;20.34;38
2025-12-10T07:28:46.000;2025-12-10T00:28:46.000;7.51;-19.2;1.48;19.92;20.34;39
2025-12-10T07:39:00.000;2025-12-10T00:39:00.000;7.71;-19.1;1.56;19.86;20.34;40
2025-12-10T07:49:14.000;2025-12-10T00:49:14.000;7.08;-18.21;1.61;19.82;20.34;41
2025-12-10T07:59:28.000;2025-12-10T00:59:28.000;5.98;-19.5;1.71;19.76;20.34;42
2025-12-10T08:09:41.000;2025-12-10T01:09:41.000;5.85;-19.44;1.53;19.88;20.34;43
2025-12-10T08:19:55.000;2025-12-10T01:19:55.000;5.63;-18.64;1.82;19.69;20.34;44
2025-12-10T08:40:12.000;2025-12-10T01:40:12.000;8.05;-19.67;2.45;19.37;20.34;45
2025-12-10T08:50:35.000;2025-12-10T01:50:35.000;7.92;-18.9;2.62;19.29;20.34;46
2025-12-10T09:00:48.000;2025-12-10T02:00:48.000;7.05;-19.64;2.64;19.29;20.34;47
2025-12-10T09:11:01.000;2025-12-10T02:11:01.000;7.02;-19.6;2.63;19.29;20.34;48
2025-12-10T09:21:15.000;2025-12-10T02:21:15.000;6.12;-19.29;2.62;19.3;20.34;49
2025-12-10T09:31:29.000;2025-12-10T02:31:29.000;5.71;-19.02;2.64;19.29;20.34;50
2025-12-10T09:41:43.000;2025-12-10T02:41:43.000;5.33;-19.47;2.71;19.26;20.34;51
2025-12-10T09:51:59.000;2025-12-10T02:51:59.000;4.97;-19.12;2.88;19.19;20.34;52
2025-12-10T10:02:15.000;2025-12-10T03:02:15.000;4.94;-19.76;3.11;19.11;20.34;53
2025-12-10T10:12:30.000;2025-12-10T03:12:30.000;4.73;-19.39;3.37;19.02;20.34;54
2025-12-10T10:22:43.000;2025-12-10T03:22:43.000;4.95;-19.39;3.71;18.92;20.34;55
2025-12-10T10:33:00.000;2025-12-10T03:33:00.000;5.23;-19.46;4.06;18.82;20.34;56
2025-12-10T10:43:14.000;2025-12-10T03:43:14.000;5.37;-18.8;4.43;18.72;20.34;57
2025-12-10T10:53:28.000;2025-12-10T03:53:28.000;4.85;-19.5;4.99;18.59;20.34;58
2025-12-10T11:03:42.000;2025-12-10T04:03:42.000;5.08;-19.35;5.57;18.48;20.34;59
2025-12-10T11:13:59.000;2025-12-10T04:13:59.000;5.17;-19.49;5.96;18.4;20.34;60
2025-12-10T11:24:12.000;2025-12-10T04:24:12.000;4.54;-19.13;6.6;18.29;20.34;61
2025-12-10T11:34:28.000;2025-12-10T04:34:28.000;4.31;-18.95;7.13;18.21;20.34;62
2025-12-10T11:44:42.000;2025-12-10T04:44:42.000;4.73;-19.89;7.71;18.12;20.34;63
2025-12-10T11:54:56.000;2025-12-10T04:54:56.000;4.29;-20.11;7.88;18.1;20.34;64
2025-12-10T12:05:09.000;2025-12-10T05:05:09.000;3.63;-19.95;7.95;18.09;20.34;65
2025-12-10T12:15:23.000;2025-12-10T05:15:23.000;4.51;-19.53;7.81;18.11;20.34;66
2025-12-10T12:25:38.000;2025-12-10T05:25:38.000;4.19;-20.06;7.51;18.15;20.34;67
2025-12-10T12:35:53.000;2025-12-10T05:35:53.000;3.76;-19.75;7.27;18.19;20.34;68
2025-12-10T12:46:07.000;2025-12-10T05:46:07.000;4.47;-19.71;7.1;18.21;20.34;69
2025-12-10T12:56:21.000;2025-12-10T05:56:21.000;4.78;-20.14;6.78;18.26;20.34;70
2025-12-10T13:06:35.000;2025-12-10T06:06:35.000;4.1;-19.96;6.28;18.35;20.34;71
2025-12-10T13:16:49.000;2025-12-10T06:16:49.000;4.36;-19.93;7.21;18.19;20.34;72
2025-12-10T13:27:03.000;2025-12-10T06:27:03.000;5.14;-19.55;16.26;17.31;20.34;73
2025-12-10T13:37:17.000;2025-12-10T06:37:17.000;5.4;-19.41;89.58;15.46;20.34;74
2025-12-10T13:47:31.000;2025-12-10T06:47:31.000;5.37;-19.69;947.83;12.9;20.34;75
2025-12-11T00:43:53.000;2025-12-10T17:43:53.000;13.39;-15.32;2615.68;11.8;20.34;1
2025-12-11T00:54:09.000;2025-12-10T17:54:09.000;14.5;-16.12;218.27;14.49;20.34;2
2025-12-11T01:04:23.000;2025-12-10T18:04:23.000;13.67;-16.62;29.57;16.66;20.34;3
2025-12-11T01:19:55.000;2025-12-10T18:19:55.000;14.26;-17.47;3.54;18.97;20.34;4
2025-12-11T01:30:15.000;2025-12-10T18:30:15.000;14.11;-17.41;0.6;20.9;20.34;5
2025-12-11T01:40:27.000;2025-12-10T18:40:27.000;12.89;-16.9;0.37;21.42;20.34;6
2025-12-11T01:50:41.000;2025-12-10T18:50:41.000;12.52;-16.89;0.34;21.51;20.34;7
2025-12-11T02:00:55.000;2025-12-10T19:00:55.000;12.11;-16.83;0.27;21.74;20.34;8
2025-12-11T02:11:09.000;2025-12-10T19:11:09.000;11.88;-16.79;0.33;21.55;20.34;9
2025-12-11T02:26:41.000;2025-12-10T19:26:41.000;12.1;-17.12;0.48;21.13;20.34;10
2025-12-11T02:37:04.000;2025-12-10T19:37:04.000;12.35;-17.21;0.32;21.56;20.34;11
2025-12-11T02:47:18.000;2025-12-10T19:47:18.000;11.5;-16.86;0.29;21.68;20.34;12
2025-12-11T02:57:32.000;2025-12-10T19:57:32.000;10.68;-16.83;0.27;21.77;20.34;13
2025-12-11T03:07:47.000;2025-12-10T20:07:47.000;10.83;-17.28;0.27;21.78;20.34;14
2025-12-11T03:18:01.000;2025-12-10T20:18:01.000;11.04;-17.57;0.24;21.9;20.34;15
2025-12-11T03:28:15.000;2025-12-10T20:28:15.000;10.41;-17.57;0.31;21.6;20.34;16
2025-12-11T03:38:29.000;2025-12-10T20:38:29.000;10.04;-17.47;0.28;21.72;20.34;17
2025-12-11T03:48:45.000;2025-12-10T20:48:45.000;10.13;-18.14;0.28;21.72;20.34;18
2025-12-11T03:58:59.000;2025-12-10T20:58:59.000;10.07;-17.18;0.31;21.59;20.34;19
2025-12-11T04:09:14.000;2025-12-10T21:09:14.000;9.85;-17.91;0.32;21.58;20.34;20
2025-12-11T04:19:28.000;2025-12-10T21:19:28.000;9.86;-18.03;0.33;21.54;20.34;21
2025-12-11T04:29:42.000;2025-12-10T21:29:42.000;9.71;-17.64;0.24;21.9;20.34;22
2025-12-11T04:39:58.000;2025-12-10T21:39:58.000;10.15;-18.11;0.32;21.57;20.34;23
2025-12-11T04:50:13.000;2025-12-10T21:50:13.000;9.8;-18.02;0.34;21.53;20.34;24
2025-12-11T05:00:27.000;2025-12-10T22:00:27.000;9.9;-18.01;0.27;21.78;20.34;25
2025-12-11T05:10:42.000;2025-12-10T22:10:42.000;10.09;-17.94;0.32;21.57;20.34;26
2025-12-11T05:20:56.000;2025-12-10T22:20:56.000;10.07;-17.57;0.29;21.68;20.34;27
2025-12-11T05:31:10.000;2025-12-10T22:31:10.000;9.71;-17.13;0.27;21.76;20.34;28
2025-12-11T05:41:23.000;2025-12-10T22:41:23.000;9.25;-17.54;0.33;21.54;20.34;29
2025-12-11T05:51:37.000;2025-12-10T22:51:37.000;8.33;-18.36;0.28;21.73;20.34;30
2025-12-11T06:07:08.000;2025-12-10T23:07:08.000;8.11;-18.45;0.5;21.1;20.34;31
2025-12-11T06:17:28.000;2025-12-10T23:17:28.000;7.8;-18.16;0.28;21.71;20.34;32
2025-12-11T06:27:41.000;2025-12-10T23:27:41.000;7.35;-17.66;0.31;21.61;20.34;33
2025-12-11T06:37:55.000;2025-12-10T23:37:55.000;7.5;-18.19;0.32;21.56;20.34;34
2025-12-11T06:48:11.000;2025-12-10T23:48:11.000;6.74;-17.77;0.39;21.35;20.34;35
2025-12-11T06:58:26.000;2025-12-10T23:58:26.000;6.58;-17.55;0.44;21.23;20.34;36
2025-12-11T07:08:43.000;2025-12-11T00:08:43.000;6.93;-17.76;0.5;21.08;20.34;37
2025-12-11T07:19:00.000;2025-12-11T00:19:00.000;6.67;-17.71;0.6;20.89;20.34;38
2025-12-11T07:29:15.000;2025-12-11T00:29:15.000;6.32;-17.04;0.73;20.69;20.34;39
2025-12-11T07:49:33.000;2025-12-11T00:49:33.000;8.62;-18.16;0.99;20.35;20.34;40
2025-12-11T07:59:57.000;2025-12-11T00:59:57.000;8.57;-17.37;0.83;20.54;20.34;41
2025-12-11T08:10:11.000;2025-12-11T01:10:11.000;7.77;-16.66;0.87;20.49;20.34;42
2025-12-11T08:20:25.000;2025-12-11T01:20:25.000;8.43;-16.84;0.91;20.44;20.34;43
2025-12-11T08:30:40.000;2025-12-11T01:30:40.000;7.77;-15.88;1.09;20.24;20.34;44
2025-12-11T08:40:54.000;2025-12-11T01:40:54.000;7.59;-17.06;1.03;20.31;20.34;45
2025-12-11T08:51:09.000;2025-12-11T01:51:09.000;7.25;-16.53;1.05;20.29;20.34;46
2025-12-11T09:01:23.000;2025-12-11T02:01:23.000;6.87;-16.75;1.1;20.24;20.34;47
2025-12-11T09:11:41.000;2025-12-11T02:11:41.000;6.93;-17.26;1.32;20.04;20.34;48
2025-12-11T09:21:55.000;2025-12-11T02:21:55.000;7.45;-17.38;1.37;20.0;20.34;49
2025-12-11T09:32:10.000;2025-12-11T02:32:10.000;7.76;-17.49;1.52;19.89;20.34;50
2025-12-11T09:42:24.000;2025-12-11T02:42:24.000;7.94;-16.05;1.71;19.75;20.34;51
2025-12-11T09:52:39.000;2025-12-11T02:52:39.000;10.58;-16.0;1.86;19.67;20.34;52
2025-12-11T10:02:54.000;2025-12-11T03:02:54.000;11.41;-15.9;1.83;19.68;20.34;53
2025-12-11T10:13:10.000;2025-12-11T03:13:10.000;10.59;-16.25;1.85;19.67;20.34;54
2025-12-11T10:23:23.000;2025-12-11T03:23:23.000;10.01;-16.85;1.81;19.69;20.34;55
2025-12-11T10:33:37.000;2025-12-11T03:33:37.000;10.13;-16.51;1.82;19.69;20.34;56
2025-12-11T10:43:51.000;2025-12-11T03:43:51.000;10.8;-16.88;1.83;19.69;20.34;57
2025-12-11T11:04:37.000;2025-12-11T04:04:37.000;10.68;-16.76;1.98;19.6;20.34;59
2025-12-11T11:14:51.000;2025-12-11T04:14:51.000;10.17;-16.45;2.1;19.53;20.34;60
2025-12-11T11:25:05.000;2025-12-11T04:25:05.000;10.37;-15.79;2.24;19.46;20.34;61
2025-12-11T11:35:19.000;2025-12-11T04:35:19.000;10.32;-16.46;2.39;19.39;20.34;62
2025-12-11T11:45:33.000;2025-12-11T04:45:33.000;10.17;-16.99;2.53;19.33;20.34;63
2025-12-11T11:55:47.000;2025-12-11T04:55:47.000;9.94;-16.25;2.73;19.25;20.34;64
2025-12-11T12:06:02.000;2025-12-11T05:06:02.000;9.88;-16.34;2.9;19.19;20.34;65
2025-12-11T12:21:34.000;2025-12-11T05:21:34.000;8.88;-17.42;3.61;18.95;20.34;66
2025-12-11T12:31:53.000;2025-12-11T05:31:53.000;8.27;-17.17;3.32;19.04;20.34;67
2025-12-11T12:42:05.000;2025-12-11T05:42:05.000;7.22;-16.32;3.43;19.0;20.34;68
2025-12-11T12:52:18.000;2025-12-11T05:52:18.000;6.71;-16.69;3.47;18.99;20.34;69
2025-12-11T13:02:33.000;2025-12-11T06:02:33.000;6.88;-16.46;3.45;19.0;20.34;70
2025-12-11T13:12:49.000;2025-12-11T06:12:49.000;7.03;-16.65;4.19;18.78;20.34;71
2025-12-11T13:23:03.000;2025-12-11T06:23:03.000;7.14;-17.12;10.05;17.83;20.34;72
2025-12-11T13:33:17.000;2025-12-11T06:33:17.000;7.38;-17.0;49.92;16.09;20.34;73
2025-12-11T13:43:31.000;2025-12-11T06:43:31.000;7.37;-16.79;387.64;13.87;20.34;74
2025-12-12T00:44:06.000;2025-12-11T17:44:06.000;12.39;-13.18;2953.97;11.66;20.34;1
2025-12-12T00:54:19.000;2025-12-11T17:54:19.000;12.79;-13.06;225.72;14.46;20.34;2
2025-12-12T01:04:33.000;2025-12-11T18:04:33.000;12.74;-13.08;28.99;16.68;20.34;3
2025-12-12T01:14:50.000;2025-12-11T18:14:50.000;12.57;-13.1;4.22;18.78;20.34;4
2025-12-12T01:25:05.000;2025-12-11T18:25:05.000;12.51;-13.46;0.99;20.35;20.34;5
2025-12-12T01:35:21.000;2025-12-11T18:35:21.000;12.59;-13.2;0.42;21.28;20.34;6
2025-12-12T01:45:35.000;2025-12-11T18:45:35.000;13.12;-13.51;0.37;21.42;20.34;7
2025-12-12T01:55:49.000;2025-12-11T18:55:49.000;12.75;-12.86;0.33;21.55;20.34;8
2025-12-12T02:06:03.000;2025-12-11T19:06:03.000;12.85;-14.22;0.37;21.43;20.34;9
2025-12-12T02:16:21.000;2025-12-11T19:16:21.000;12.73;-14.26;0.33;21.53;20.34;10
2025-12-12T02:26:35.000;2025-12-11T19:26:35.000;11.72;-13.87;0.33;21.54;20.34;11
2025-12-12T02:36:49.000;2025-12-11T19:36:49.000;11.5;-13.65;0.39;21.37;20.34;12
2025-12-12T02:47:03.000;2025-12-11T19:47:03.000;11.61;-13.62;0.33;21.53;20.34;13
2025-12-12T02:57:18.000;2025-12-11T19:57:18.000;12.19;-13.98;0.37;21.41;20.34;14
2025-12-12T03:07:33.000;2025-12-11T20:07:33.000;11.84;-14.15;0.4;21.34;20.34;15
2025-12-12T03:17:51.000;2025-12-11T20:17:51.000;11.86;-14.35;0.39;21.35;20.34;16
2025-12-12T03:28:06.000;2025-12-11T20:28:06.000;11.85;-14.03;0.38;21.39;20.34;17
2025-12-12T03:38:20.000;2025-12-11T20:38:20.000;11.59;-14.71;0.41;21.31;20.34;18
2025-12-12T03:48:34.000;2025-12-11T20:48:34.000;10.9;-14.56;0.39;21.35;20.34;19
2025-12-12T04:03:53.000;2025-12-11T21:03:53.000;11.54;-15.22;0.57;20.94;20.34;20
2025-12-12T04:14:16.000;2025-12-11T21:14:16.000;11.66;-15.08;0.47;21.17;20.34;21
2025-12-12T04:24:29.000;2025-12-11T21:24:29.000;11.38;-14.95;0.47;21.16;20.34;22
2025-12-12T04:40:00.000;2025-12-11T21:40:00.000;11.67;-15.57;0.59;20.92;20.34;23
2025-12-12T04:50:22.000;2025-12-11T21:50:22.000;11.49;-15.59;0.48;21.14;20.34;24
2025-12-12T05:00:34.000;2025-12-11T22:00:34.000;10.78;-15.66;0.4;21.34;20.34;25
2025-12-12T05:10:48.000;2025-12-11T22:10:48.000;10.39;-15.31;0.39;21.37;20.34;26
2025-12-12T05:21:02.000;2025-12-11T22:21:02.000;10.51;-15.3;0.32;21.57;20.34;27
2025-12-12T05:31:16.000;2025-12-11T22:31:16.000;10.55;-15.04;0.39;21.37;20.34;28
2025-12-12T05:41:35.000;2025-12-11T22:41:35.000;10.65;-14.84;0.32;21.57;20.34;29
2025-12-12T05:51:51.000;2025-12-11T22:51:51.000;10.25;-14.95;0.39;21.36;20.34;30
2025-12-12T06:02:06.000;2025-12-11T23:02:06.000;10.13;-14.71;0.41;21.32;20.34;31
2025-12-12T06:12:24.000;2025-12-11T23:12:24.000;10.11;-15.0;0.38;21.38;20.34;32
2025-12-12T06:22:41.000;2025-12-11T23:22:41.000;9.99;-14.4;0.39;21.37;20.34;33
2025-12-12T06:33:03.000;2025-12-11T23:33:03.000;9.39;-15.42;0.41;21.3;20.34;34
2025-12-12T06:43:17.000;2025-12-11T23:43:17.000;8.56;-15.27;0.48;21.13;20.34;35
2025-12-12T06:53:35.000;2025-12-11T23:53:35.000;8.17;-15.27;0.43;21.25;20.34;36
2025-12-12T07:03:49.000;2025-12-12T00:03:49.000;8.19;-15.57;0.49;21.12;20.34;37
2025-12-12T07:14:03.000;2025-12-12T00:14:03.000;8.12;-15.2;0.45;21.22;20.34;38
2025-12-12T07:24:18.000;2025-12-12T00:24:18.000;7.68;-15.48;0.42;21.27;20.34;39
2025-12-12T07:34:33.000;2025-12-12T00:34:33.000;7.38;-15.72;0.45;21.22;20.34;40
2025-12-12T07:44:47.000;2025-12-12T00:44:47.000;7.41;-15.47;0.53;21.03;20.34;41
2025-12-12T07:55:01.000;2025-12-12T00:55:01.000;7.51;-14.86;0.49;21.11;20.34;42
2025-12-12T08:05:17.000;2025-12-12T01:05:17.000;7.37;-15.73;0.58;20.93;20.34;43
2025-12-12T08:15:31.000;2025-12-12T01:15:31.000;7.58;-14.45;0.51;21.07;20.34;44
2025-12-12T08:25:45.000;2025-12-12T01:25:45.000;8.15;-15.79;0.54;21.0;20.34;45
2025-12-12T08:35:59.000;2025-12-12T01:35:59.000;7.25;-15.82;0.6;20.89;20.34;46
2025-12-12T08:46:13.000;2025-12-12T01:46:13.000;7.07;-15.53;0.71;20.71;20.34;47
2025-12-12T08:56:27.000;2025-12-12T01:56:27.000;7.36;-15.5;0.72;20.7;20.34;48
2025-12-12T09:06:41.000;2025-12-12T02:06:41.000;7.12;-15.75;0.74;20.67;20.34;49
2025-12-12T09:16:55.000;2025-12-12T02:16:55.000;7.48;-15.22;0.77;20.62;20.34;50
2025-12-12T09:27:10.000;2025-12-12T02:27:10.000;7.61;-15.47;0.8;20.59;20.34;51
2025-12-12T09:37:23.000;2025-12-12T02:37:23.000;7.17;-15.24;0.79;20.59;20.34;52
2025-12-12T09:47:37.000;2025-12-12T02:47:37.000;6.89;-15.51;0.81;20.56;20.34;53
2025-12-12T09:57:51.000;2025-12-12T02:57:51.000;6.91;-15.52;0.83;20.55;20.34;54
2025-12-12T10:08:06.000;2025-12-12T03:08:06.000;7.09;-16.27;0.84;20.54;20.34;55
2025-12-12T10:18:20.000;2025-12-12T03:18:20.000;7.19;-15.97;0.86;20.5;20.34;56
2025-12-12T10:28:35.000;2025-12-12T03:28:35.000;7.6;-16.3;1.05;20.28;20.34;57
2025-12-12T10:38:49.000;2025-12-12T03:38:49.000;7.33;-16.41;0.99;20.35;20.34;58
2025-12-12T10:54:22.000;2025-12-12T03:54:22.000;7.88;-17.26;1.38;19.99;20.34;59
2025-12-12T11:04:42.000;2025-12-12T04:04:42.000;8.24;-16.79;1.12;20.22;20.34;60
2025-12-12T11:14:57.000;2025-12-12T04:14:57.000;7.61;-16.38;1.14;20.2;20.34;61
2025-12-12T11:25:11.000;2025-12-12T04:25:11.000;7.13;-16.73;1.19;20.15;20.34;62
2025-12-12T11:35:24.000;2025-12-12T04:35:24.000;6.67;-16.77;1.33;20.03;20.34;63
2025-12-12T11:45:38.000;2025-12-12T04:45:38.000;6.85;-16.86;1.17;20.17;20.34;64
2025-12-12T11:55:52.000;2025-12-12T04:55:52.000;7.68;-16.87;1.17;20.16;20.34;65
2025-12-12T12:06:07.000;2025-12-12T05:06:07.000;7.71;-17.31;1.19;20.15;20.34;66
2025-12-12T12:16:21.000;2025-12-12T05:16:21.000;6.89;-17.47;1.38;19.99;20.34;67
2025-12-12T12:26:35.000;2025-12-12T05:26:35.000;6.74;-17.18;1.39;19.98;20.34;68
2025-12-12T12:36:49.000;2025-12-12T05:36:49.000;6.26;-17.29;1.26;20.09;20.34;69
2025-12-12T12:47:04.000;2025-12-12T05:47:04.000;6.25;-17.43;1.5;19.9;20.34;70
2025-12-12T12:57:18.000;2025-12-12T05:57:18.000;6.35;-17.67;1.59;19.84;20.34;71
2025-12-12T13:07:33.000;2025-12-12T06:07:33.000;6.22;-17.43;1.9;19.64;20.34;72
2025-12-12T13:17:48.000;2025-12-12T06:17:48.000;6.04;-17.29;3.71;18.92;20.34;73
2025-12-12T13:28:02.000;2025-12-12T06:28:02.000;6.13;-17.67;16.73;17.28;20.34;74
2025-12-12T13:38:16.000;2025-12-12T06:38:16.000;6.2;-17.83;111.4;15.22;20.34;75
2025-12-12T13:48:30.000;2025-12-12T06:48:30.000;6.23;-17.9;1086.62;12.75;20.34;76
2025-12-13T00:40:08.000;2025-12-12T17:40:08.000;14.05;-12.15;4786.65;11.14;20.34;1
2025-12-13T00:50:25.000;2025-12-12T17:50:25.000;15.5;-12.55;411.0;13.81;20.34;2
2025-12-13T01:00:39.000;2025-12-12T18:00:39.000;15.63;-13.14;47.66;16.14;20.34;3
2025-12-13T01:10:53.000;2025-12-12T18:10:53.000;15.33;-14.37;5.89;18.41;20.34;4
2025-12-13T01:21:08.000;2025-12-12T18:21:08.000;14.17;-14.21;1.33;20.03;20.34;5
2025-12-13T01:31:22.000;2025-12-12T18:31:22.000;13.66;-14.97;0.47;21.16;20.34;6
2025-12-13T01:41:36.000;2025-12-12T18:41:36.000;13.02;-14.86;0.46;21.19;20.34;7
2025-12-13T01:51:49.000;2025-12-12T18:51:49.000;12.48;-14.92;0.38;21.39;20.34;8
2025-12-13T02:02:03.000;2025-12-12T19:02:03.000;13.02;-14.78;0.3;21.66;20.34;9
2025-12-13T02:12:17.000;2025-12-12T19:12:17.000;12.21;-14.72;0.29;21.67;20.34;10
2025-12-13T02:22:34.000;2025-12-12T19:22:34.000;11.94;-14.78;0.42;21.29;20.34;11
2025-12-13T02:32:48.000;2025-12-12T19:32:48.000;11.69;-14.96;0.37;21.43;20.34;12
2025-12-13T02:43:07.000;2025-12-12T19:43:07.000;11.51;-15.25;0.35;21.48;20.34;13
2025-12-13T02:53:23.000;2025-12-12T19:53:23.000;11.47;-15.31;0.34;21.5;20.34;14
2025-12-13T03:03:37.000;2025-12-12T20:03:37.000;11.47;-15.21;0.28;21.71;20.34;15
2025-12-13T03:13:51.000;2025-12-12T20:13:51.000;11.63;-15.41;0.34;21.5;20.34;16
2025-12-13T03:29:24.000;2025-12-12T20:29:24.000;12.74;-15.77;0.51;21.07;20.34;17
2025-12-13T03:39:44.000;2025-12-12T20:39:44.000;12.09;-15.48;0.29;21.7;20.34;18
2025-12-13T03:49:56.000;2025-12-12T20:49:56.000;11.51;-15.05;0.35;21.49;20.34;19
2025-12-13T04:00:10.000;2025-12-12T21:00:10.000;11.63;-15.2;0.37;21.42;20.34;20
2025-12-13T04:10:25.000;2025-12-12T21:10:25.000;11.45;-14.65;0.38;21.39;20.34;21
2025-12-13T04:20:41.000;2025-12-12T21:20:41.000;11.16;-14.6;0.36;21.46;20.34;22
2025-12-13T04:30:55.000;2025-12-12T21:30:55.000;11.12;-15.43;0.36;21.45;20.34;23
2025-12-13T04:41:13.000;2025-12-12T21:41:13.000;10.52;-15.43;0.31;21.62;20.34;24
2025-12-13T04:51:27.000;2025-12-12T21:51:27.000;9.87;-15.52;0.34;21.5;20.34;25
2025-12-13T05:01:40.000;2025-12-12T22:01:40.000;9.75;-15.4;0.36;21.44;20.34;26
2025-12-13T05:11:54.000;2025-12-12T22:11:54.000;9.78;-15.99;0.37;21.43;20.34;27
2025-12-13T05:27:27.000;2025-12-12T22:27:27.000;11.53;-16.59;0.52;21.06;20.34;28
2025-12-13T05:37:51.000;2025-12-12T22:37:51.000;11.34;-16.52;0.41;21.31;20.34;29
2025-12-13T05:48:04.000;2025-12-12T22:48:04.000;10.19;-15.57;0.32;21.58;20.34;30
2025-12-13T05:58:19.000;2025-12-12T22:58:19.000;9.93;-16.17;0.37;21.43;20.34;31
2025-12-13T06:08:34.000;2025-12-12T23:08:34.000;9.62;-16.31;0.36;21.46;20.34;32
2025-12-13T06:18:50.000;2025-12-12T23:18:50.000;8.88;-16.33;0.42;21.28;20.34;33
2025-12-13T06:29:04.000;2025-12-12T23:29:04.000;9.03;-15.83;0.37;21.41;20.34;34
2025-12-13T06:44:38.000;2025-12-12T23:44:38.000;9.41;-16.4;0.57;20.94;20.34;35
2025-12-13T06:54:58.000;2025-12-12T23:54:58.000;9.17;-16.16;0.4;21.34;20.34;36
2025-12-13T07:05:12.000;2025-12-13T00:05:12.000;8.32;-16.24;0.33;21.53;20.34;37
2025-12-13T07:25:44.000;2025-12-13T00:25:44.000;10.68;-17.05;0.61;20.87;20.34;38
2025-12-13T07:36:07.000;2025-12-13T00:36:07.000;10.66;-16.4;0.52;21.06;20.34;39
2025-12-13T07:46:20.000;2025-12-13T00:46:20.000;9.51;-15.92;0.5;21.1;20.34;40
2025-12-13T07:56:33.000;2025-12-13T00:56:33.000;8.76;-15.97;0.44;21.23;20.34;41
2025-12-13T08:06:48.000;2025-12-13T01:06:48.000;8.62;-15.09;0.53;21.03;20.34;42
2025-12-13T08:17:02.000;2025-12-13T01:17:02.000;9.08;-13.55;0.58;20.94;20.34;43
2025-12-13T08:27:17.000;2025-12-13T01:27:17.000;9.22;-12.98;0.63;20.84;20.34;44
2025-12-13T08:37:31.000;2025-12-13T01:37:31.000;9.95;-13.49;0.6;20.89;20.34;45
2025-12-13T08:47:45.000;2025-12-13T01:47:45.000;9.21;-13.39;0.59;20.91;20.34;46
2025-12-13T08:58:00.000;2025-12-13T01:58:00.000;9.15;-13.74;0.63;20.85;20.34;47
2025-12-13T09:08:14.000;2025-12-13T02:08:14.000;9.25;-14.79;0.62;20.86;20.34;48
2025-12-13T09:18:28.000;2025-12-13T02:18:28.000;9.0;-14.43;0.57;20.96;20.34;49
2025-12-13T09:28:43.000;2025-12-13T02:28:43.000;8.38;-13.61;0.72;20.7;20.34;50
2025-12-13T09:38:58.000;2025-12-13T02:38:58.000;9.21;-13.63;0.74;20.67;20.34;51
2025-12-13T09:49:11.000;2025-12-13T02:49:11.000;9.25;-13.58;0.81;20.57;20.34;52
2025-12-13T09:59:26.000;2025-12-13T02:59:26.000;8.5;-13.16;1.0;20.34;20.34;53
2025-12-13T10:09:40.000;2025-12-13T03:09:40.000;8.58;-12.26;0.93;20.42;20.34;54
2025-12-15T00:41:19.000;2025-12-14T17:41:19.000;14.94;-6.54;5891.68;10.91;20.34;1
2025-12-15T00:51:33.000;2025-12-14T17:51:33.000;16.76;-4.54;444.02;13.72;20.34;2
2025-12-15T01:01:48.000;2025-12-14T18:01:48.000;16.75;-3.02;56.13;15.97;20.34;3
2025-12-15T01:12:02.000;2025-12-14T18:12:02.000;16.79;-3.59;8.82;17.98;20.34;4
2025-12-15T01:22:16.000;2025-12-14T18:22:16.000;16.51;-4.39;2.1;19.53;20.34;5
2025-12-15T01:32:30.000;2025-12-14T18:32:30.000;16.63;-3.61;1.11;20.22;20.34;6
2025-12-15T01:42:45.000;2025-12-14T18:42:45.000;17.31;-4.41;0.98;20.36;20.34;7
2025-12-15T01:53:00.000;2025-12-14T18:53:00.000;17.7;-5.2;0.83;20.54;20.34;8
2025-12-15T02:03:14.000;2025-12-14T19:03:14.000;17.27;-4.01;0.97;20.37;20.34;9
2025-12-15T02:13:28.000;2025-12-14T19:13:28.000;16.94;-4.04;0.93;20.42;20.34;10
2025-12-15T02:23:42.000;2025-12-14T19:23:42.000;16.08;-4.39;0.98;20.36;20.34;11
2025-12-15T02:33:55.000;2025-12-14T19:33:55.000;16.11;-4.2;1.03;20.31;20.34;12
2025-12-15T02:44:09.000;2025-12-14T19:44:09.000;16.77;-4.59;0.87;20.49;20.34;13
2025-12-15T02:54:24.000;2025-12-14T19:54:24.000;16.95;-4.8;0.88;20.48;20.34;14
2025-12-15T03:04:38.000;2025-12-14T20:04:38.000;16.64;-4.88;0.95;20.39;20.34;15
2025-12-15T03:20:10.000;2025-12-14T20:20:10.000;17.22;-5.44;1.12;20.22;20.34;16
2025-12-15T03:30:31.000;2025-12-14T20:30:31.000;17.38;-4.73;0.86;20.51;20.34;17
2025-12-15T03:40:45.000;2025-12-14T20:40:45.000;17.26;-6.35;0.8;20.58;20.34;18
2025-12-15T03:50:59.000;2025-12-14T20:50:59.000;16.88;-7.25;0.76;20.64;20.34;19
2025-12-15T04:01:13.000;2025-12-14T21:01:13.000;16.41;-8.39;0.7;20.72;20.34;20
2025-12-15T04:11:29.000;2025-12-14T21:11:29.000;16.17;-7.85;0.73;20.68;20.34;21
2025-12-15T04:27:03.000;2025-12-14T21:27:03.000;16.85;-6.91;0.99;20.36;20.34;22
2025-12-15T04:37:23.000;2025-12-14T21:37:23.000;17.71;-5.29;0.87;20.49;20.34;23
2025-12-15T04:47:36.000;2025-12-14T21:47:36.000;17.21;-4.03;0.89;20.47;20.34;24
2025-12-15T04:57:50.000;2025-12-14T21:57:50.000;17.25;-3.21;0.94;20.41;20.34;25
2025-12-15T05:08:04.000;2025-12-14T22:08:04.000;17.15;-2.96;0.91;20.44;20.34;26
2025-12-15T05:18:18.000;2025-12-14T22:18:18.000;17.0;-2.85;0.89;20.47;20.34;27
2025-12-15T05:28:32.000;2025-12-14T22:28:32.000;16.99;-2.26;0.94;20.4;20.34;28
2025-12-15T05:38:46.000;2025-12-14T22:38:46.000;17.19;-2.48;0.88;20.47;20.34;29
2025-12-15T05:49:01.000;2025-12-14T22:49:01.000;16.81;-3.11;0.79;20.6;20.34;30
2025-12-15T05:59:15.000;2025-12-14T22:59:15.000;16.38;-5.73;0.73;20.68;20.34;31
2025-12-15T06:09:28.000;2025-12-14T23:09:28.000;15.72;-6.69;0.67;20.77;20.34;32
2025-12-15T06:19:42.000;2025-12-14T23:19:42.000;15.16;-5.11;0.76;20.64;20.34;33
2025-12-15T06:29:55.000;2025-12-14T23:29:55.000;14.67;-5.4;0.71;20.71;20.34;34
2025-12-15T06:40:09.000;2025-12-14T23:40:09.000;14.64;-4.2;0.75;20.65;20.34;35
2025-12-15T06:50:23.000;2025-12-14T23:50:23.000;14.48;-4.3;0.76;20.63;20.34;36
2025-12-15T07:00:37.000;2025-12-15T00:00:37.000;13.88;-3.72;0.74;20.67;20.34;37
2025-12-15T07:10:51.000;2025-12-15T00:10:51.000;13.77;-4.32;0.68;20.76;20.34;38
2025-12-15T07:21:06.000;2025-12-15T00:21:06.000;13.55;-3.28;0.83;20.54;20.34;39
2025-12-15T07:31:21.000;2025-12-15T00:31:21.000;13.42;-3.21;0.65;20.81;20.34;40
2025-12-15T07:41:36.000;2025-12-15T00:41:36.000;14.44;-3.14;0.73;20.68;20.34;41
2025-12-15T07:51:51.000;2025-12-15T00:51:51.000;15.36;-2.27;0.81;20.56;20.34;42
2025-12-15T08:02:05.000;2025-12-15T01:02:05.000;16.4;-1.04;0.64;20.83;20.34;43
2025-12-15T08:12:19.000;2025-12-15T01:12:19.000;17.3;0.39;0.95;20.4;20.34;44
2025-12-15T08:22:34.000;2025-12-15T01:22:34.000;17.89;-0.17;0.84;20.52;20.34;45
2025-12-15T08:32:48.000;2025-12-15T01:32:48.000;18.27;-0.61;1.04;20.3;20.34;46
2025-12-15T08:43:02.000;2025-12-15T01:43:02.000;18.53;-4.23;0.58;20.94;20.34;47
2025-12-15T08:53:16.000;2025-12-15T01:53:16.000;18.5;-1.58;0.75;20.66;20.34;48
2025-12-15T09:03:32.000;2025-12-15T02:03:32.000;18.28;0.17;0.82;20.56;20.34;49
2025-12-15T09:13:46.000;2025-12-15T02:13:46.000;18.44;0.2;0.8;20.58;20.34;50
2025-12-15T09:24:00.000;2025-12-15T02:24:00.000;18.43;-1.88;0.68;20.75;20.34;51
2025-12-15T09:34:13.000;2025-12-15T02:34:13.000;18.03;-9.78;0.47;21.17;20.34;52
2025-12-15T09:44:27.000;2025-12-15T02:44:27.000;17.28;-10.14;0.5;21.08;20.34;53
2025-12-15T10:00:00.000;2025-12-15T03:00:00.000;17.58;-12.38;0.66;20.79;20.34;54
2025-12-15T10:10:20.000;2025-12-15T03:10:20.000;17.95;-12.61;0.47;21.16;20.34;55
2025-12-15T10:20:33.000;2025-12-15T03:20:33.000;17.4;-13.03;0.44;21.24;20.34;56
2025-12-15T10:36:05.000;2025-12-15T03:36:05.000;17.5;-14.75;0.52;21.04;20.34;57
2025-12-15T10:46:26.000;2025-12-15T03:46:26.000;17.57;-14.82;0.32;21.59;20.34;58
2025-12-15T10:56:39.000;2025-12-15T03:56:39.000;16.73;-14.81;0.32;21.58;20.34;59
2025-12-15T11:06:53.000;2025-12-15T04:06:53.000;15.9;-15.2;0.31;21.62;20.34;60
2025-12-15T11:17:07.000;2025-12-15T04:17:07.000;15.98;-14.98;0.31;21.6;20.34;61
2025-12-15T11:27:20.000;2025-12-15T04:27:20.000;15.84;-15.4;0.36;21.44;20.34;62
2025-12-15T11:37:34.000;2025-12-15T04:37:34.000;15.35;-16.07;0.37;21.43;20.34;63
2025-12-15T11:47:49.000;2025-12-15T04:47:49.000;14.2;-15.72;0.38;21.39;20.34;64
2025-12-15T11:58:04.000;2025-12-15T04:58:04.000;13.94;-15.46;0.4;21.33;20.34;65
2025-12-15T12:13:36.000;2025-12-15T05:13:36.000;15.27;-15.66;0.56;20.97;20.34;66
2025-12-15T12:29:14.000;2025-12-15T05:29:14.000;15.98;-16.2;0.55;20.98;20.34;67
2025-12-15T12:39:33.000;2025-12-15T05:39:33.000;14.2;-14.07;0.42;21.28;20.34;68
2025-12-15T12:49:46.000;2025-12-15T05:49:46.000;13.42;-14.3;0.35;21.48;20.34;69
2025-12-15T13:10:13.000;2025-12-15T06:10:13.000;12.81;-14.84;0.59;20.92;20.34;71
2025-12-15T13:20:27.000;2025-12-15T06:20:27.000;12.51;-14.59;1.23;20.11;20.34;72
2025-12-15T13:30:41.000;2025-12-15T06:30:41.000;12.08;-15.35;6.24;18.35;20.34;73
2025-12-15T13:40:55.000;2025-12-15T06:40:55.000;12.09;-14.4;47.0;16.16;20.34;74
2025-12-15T13:51:09.000;2025-12-15T06:51:09.000;12.01;-14.91;648.89;13.31;20.34;75
2025-12-16T00:45:01.000;2025-12-15T17:45:01.000;14.83;-12.13;2950.96;11.67;20.34;1
2025-12-16T00:55:15.000;2025-12-15T17:55:15.000;15.33;-11.99;244.19;14.37;20.34;2
2025-12-16T01:05:29.000;2025-12-15T18:05:29.000;15.87;-12.34;32.47;16.56;20.34;3
2025-12-16T01:15:47.000;2025-12-15T18:15:47.000;15.89;-12.04;5.39;18.51;20.34;4
2025-12-16T01:26:02.000;2025-12-15T18:26:02.000;15.89;-12.28;1.15;20.18;20.34;5
2025-12-16T01:36:17.000;2025-12-15T18:36:17.000;14.95;-12.97;0.43;21.26;20.34;6
2025-12-16T01:46:32.000;2025-12-15T18:46:32.000;13.95;-13.07;0.39;21.38;20.34;7
2025-12-16T01:56:45.000;2025-12-15T18:56:45.000;14.77;-12.05;0.36;21.46;20.34;8
2025-12-16T02:07:00.000;2025-12-15T19:07:00.000;15.1;-13.4;0.38;21.4;20.34;9
2025-12-16T02:17:13.000;2025-12-15T19:17:13.000;14.45;-13.68;0.36;21.45;20.34;10
2025-12-16T02:27:27.000;2025-12-15T19:27:27.000;13.34;-13.5;0.36;21.45;20.34;11
2025-12-16T02:37:42.000;2025-12-15T19:37:42.000;12.92;-13.5;0.38;21.39;20.34;12
2025-12-16T02:47:55.000;2025-12-15T19:47:55.000;13.21;-13.58;0.36;21.44;20.34;13
2025-12-16T02:58:10.000;2025-12-15T19:58:10.000;13.17;-14.03;0.32;21.57;20.34;14
2025-12-16T03:08:24.000;2025-12-15T20:08:24.000;12.57;-14.03;0.36;21.44;20.34;15
2025-12-16T03:18:40.000;2025-12-15T20:18:40.000;12.07;-14.07;0.42;21.27;20.34;16
2025-12-16T03:28:54.000;2025-12-15T20:28:54.000;11.58;-14.59;0.43;21.26;20.34;17
2025-12-16T03:39:08.000;2025-12-15T20:39:08.000;10.99;-14.42;0.37;21.43;20.34;18
2025-12-16T03:49:22.000;2025-12-15T20:49:22.000;10.98;-14.32;0.31;21.63;20.34;19
2025-12-16T03:59:37.000;2025-12-15T20:59:37.000;10.87;-14.01;0.33;21.55;20.34;20
2025-12-16T04:09:51.000;2025-12-15T21:09:51.000;10.78;-14.22;0.33;21.56;20.34;21
2025-12-16T04:20:06.000;2025-12-15T21:20:06.000;10.74;-14.3;0.3;21.65;20.34;22
2025-12-16T04:30:20.000;2025-12-15T21:30:20.000;10.74;-14.37;0.3;21.64;20.34;23
2025-12-16T04:40:36.000;2025-12-15T21:40:36.000;10.7;-14.07;0.36;21.44;20.34;24
2025-12-16T04:50:50.000;2025-12-15T21:50:50.000;10.2;-14.86;0.33;21.55;20.34;25
2025-12-16T05:01:04.000;2025-12-15T22:01:04.000;10.36;-14.43;0.33;21.55;20.34;26
2025-12-16T05:11:18.000;2025-12-15T22:11:18.000;10.37;-14.64;0.37;21.43;20.34;27
2025-12-16T05:21:31.000;2025-12-15T22:21:31.000;10.14;-14.43;0.38;21.38;20.34;28
2025-12-16T05:31:45.000;2025-12-15T22:31:45.000;9.98;-14.65;0.39;21.36;20.34;29
2025-12-16T05:42:00.000;2025-12-15T22:42:00.000;9.87;-14.47;0.4;21.33;20.34;30
2025-12-16T05:57:33.000;2025-12-15T22:57:33.000;10.74;-15.14;0.58;20.94;20.34;31
2025-12-16T06:07:53.000;2025-12-15T23:07:53.000;10.65;-14.93;0.33;21.56;20.34;32
2025-12-16T06:18:06.000;2025-12-15T23:18:06.000;10.22;-14.6;0.42;21.29;20.34;33
2025-12-16T06:28:20.000;2025-12-15T23:28:20.000;9.62;-14.84;0.4;21.33;20.34;34
2025-12-16T06:38:35.000;2025-12-15T23:38:35.000;9.12;-14.96;0.4;21.32;20.34;35
2025-12-16T06:48:49.000;2025-12-15T23:48:49.000;8.82;-14.53;0.34;21.51;20.34;36
2025-12-16T06:59:03.000;2025-12-15T23:59:03.000;8.91;-14.79;0.34;21.52;20.34;37
2025-12-16T07:09:18.000;2025-12-16T00:09:18.000;9.02;-14.84;0.4;21.33;20.34;38
2025-12-16T07:24:52.000;2025-12-16T00:24:52.000;9.8;-15.37;0.59;20.91;20.34;39
2025-12-16T07:35:18.000;2025-12-16T00:35:18.000;9.95;-15.44;0.4;21.35;20.34;40
2025-12-16T07:45:32.000;2025-12-16T00:45:32.000;9.44;-15.41;0.39;21.37;20.34;41
2025-12-16T07:55:47.000;2025-12-16T00:55:47.000;8.67;-15.54;0.43;21.25;20.34;42
2025-12-16T08:11:06.000;2025-12-16T01:11:06.000;9.3;-15.45;0.53;21.03;20.34;43
2025-12-16T08:21:26.000;2025-12-16T01:21:26.000;9.47;-15.49;0.36;21.45;20.34;44
2025-12-16T08:31:39.000;2025-12-16T01:31:39.000;9.07;-15.04;0.36;21.46;20.34;45
2025-12-16T08:41:53.000;2025-12-16T01:41:53.000;8.12;-15.92;0.35;21.47;20.34;46
2025-12-16T08:52:07.000;2025-12-16T01:52:07.000;7.17;-15.85;0.35;21.48;20.34;47
2025-12-16T09:02:22.000;2025-12-16T02:02:22.000;7.04;-15.63;0.41;21.32;20.34;48
2025-12-16T09:12:36.000;2025-12-16T02:12:36.000;6.58;-16.01;0.34;21.5;20.34;49
2025-12-16T09:22:50.000;2025-12-16T02:22:50.000;6.46;-16.03;0.34;21.52;20.34;50
2025-12-18T00:46:26.000;2025-12-17T17:46:26.000;11.99;-14.21;2993.92;11.65;20.34;1
2025-12-18T00:56:40.000;2025-12-17T17:56:40.000;12.7;-14.83;230.12;14.44;20.34;2
2025-12-18T01:06:54.000;2025-12-17T18:06:54.000;12.56;-14.99;32.02;16.58;20.34;3
2025-12-18T01:17:08.000;2025-12-17T18:17:08.000;12.07;-15.16;5.41;18.51;20.34;4
2025-12-18T01:27:22.000;2025-12-17T18:27:22.000;11.77;-15.05;1.02;20.31;20.34;5
2025-12-18T01:37:36.000;2025-12-17T18:37:36.000;11.72;-15.26;0.5;21.1;20.34;6
2025-12-18T01:47:50.000;2025-12-17T18:47:50.000;11.37;-15.06;0.35;21.47;20.34;7
2025-12-18T01:58:04.000;2025-12-17T18:58:04.000;10.99;-14.86;0.3;21.63;20.34;8
2025-12-18T02:08:18.000;2025-12-17T19:08:18.000;11.05;-14.89;0.3;21.65;20.34;9
2025-12-18T02:18:32.000;2025-12-17T19:18:32.000;10.86;-15.05;0.33;21.54;20.34;10
2025-12-18T02:28:49.000;2025-12-17T19:28:49.000;10.76;-15.13;0.34;21.52;20.34;11
2025-12-18T02:39:03.000;2025-12-17T19:39:03.000;10.64;-14.91;0.21;22.02;20.34;12
2025-12-18T02:49:17.000;2025-12-17T19:49:17.000;10.6;-15.02;0.33;21.54;20.34;13
2025-12-18T02:59:32.000;2025-12-17T19:59:32.000;10.4;-14.96;0.32;21.59;20.34;14
2025-12-18T03:09:48.000;2025-12-17T20:09:48.000;10.31;-14.59;0.28;21.71;20.34;15
2025-12-18T03:25:21.000;2025-12-17T20:25:21.000;10.94;-14.87;0.47;21.17;20.34;16
2025-12-18T03:35:41.000;2025-12-17T20:35:41.000;10.91;-14.22;0.26;21.79;20.34;17
2025-12-18T03:45:54.000;2025-12-17T20:45:54.000;9.91;-13.67;0.27;21.77;20.34;18
2025-12-18T03:56:08.000;2025-12-17T20:56:08.000;9.99;-13.76;0.32;21.57;20.34;19
2025-12-18T04:06:23.000;2025-12-17T21:06:23.000;10.19;-13.61;0.29;21.68;20.34;20
2025-12-18T04:16:39.000;2025-12-17T21:16:39.000;10.0;-13.45;0.33;21.56;20.34;21
2025-12-18T04:26:55.000;2025-12-17T21:26:55.000;10.07;-13.76;0.32;21.56;20.34;22
2025-12-18T04:37:10.000;2025-12-17T21:37:10.000;9.97;-13.6;0.27;21.75;20.34;23
2025-12-18T04:47:24.000;2025-12-17T21:47:24.000;9.63;-13.8;0.3;21.65;20.34;24
2025-12-18T04:57:38.000;2025-12-17T21:57:38.000;9.54;-14.18;0.33;21.53;20.34;25
2025-12-18T05:07:52.000;2025-12-17T22:07:52.000;9.68;-14.04;0.34;21.52;20.34;26
2025-12-18T05:18:06.000;2025-12-17T22:18:06.000;9.7;-14.52;0.35;21.49;20.34;27
2025-12-18T05:28:20.000;2025-12-17T22:28:20.000;9.29;-14.41;0.41;21.3;20.34;28
2025-12-18T05:43:53.000;2025-12-17T22:43:53.000;9.99;-15.21;0.53;21.02;20.34;29
2025-12-18T05:59:32.000;2025-12-17T22:59:32.000;10.54;-15.78;0.55;20.99;20.34;30
2025-12-18T06:09:50.000;2025-12-17T23:09:50.000;9.97;-15.58;0.37;21.42;20.34;31
2025-12-18T06:20:03.000;2025-12-17T23:20:03.000;9.2;-15.35;0.38;21.4;20.34;32
2025-12-18T06:30:17.000;2025-12-17T23:30:17.000;9.22;-15.15;0.38;21.39;20.34;33
2025-12-18T06:40:31.000;2025-12-17T23:40:31.000;9.04;-15.31;0.41;21.32;20.34;34
2025-12-18T06:50:46.000;2025-12-17T23:50:46.000;9.08;-15.18;0.39;21.36;20.34;35
2025-12-18T07:06:18.000;2025-12-18T00:06:18.000;10.47;-15.41;0.58;20.93;20.34;36
2025-12-18T07:16:41.000;2025-12-18T00:16:41.000;10.49;-15.4;0.39;21.38;20.34;37
2025-12-18T07:26:53.000;2025-12-18T00:26:53.000;9.45;-15.19;0.38;21.39;20.34;38
2025-12-18T07:37:07.000;2025-12-18T00:37:07.000;9.36;-15.25;0.45;21.22;20.34;39
2025-12-18T07:47:22.000;2025-12-18T00:47:22.000;9.48;-14.66;0.38;21.4;20.34;40
2025-12-18T07:57:36.000;2025-12-18T00:57:36.000;9.1;-14.99;0.44;21.22;20.34;41
2025-12-18T08:07:50.000;2025-12-18T01:07:50.000;8.63;-15.95;0.38;21.4;20.34;42
2025-12-18T08:18:04.000;2025-12-18T01:18:04.000;8.29;-15.59;0.38;21.39;20.34;43
2025-12-18T08:28:19.000;2025-12-18T01:28:19.000;8.55;-15.25;0.4;21.34;20.34;44
2025-12-18T08:38:33.000;2025-12-18T01:38:33.000;8.61;-15.12;0.32;21.59;20.34;45
2025-12-18T08:48:47.000;2025-12-18T01:48:47.000;8.03;-15.92;0.44;21.24;20.34;46
2025-12-18T09:04:05.000;2025-12-18T02:04:05.000;8.39;-15.94;0.53;21.02;20.34;47
2025-12-18T09:14:26.000;2025-12-18T02:14:26.000;9.05;-16.17;0.29;21.68;20.34;48
2025-12-18T09:24:40.000;2025-12-18T02:24:40.000;8.22;-15.82;0.3;21.66;20.34;49
2025-12-18T09:34:54.000;2025-12-18T02:34:54.000;8.44;-15.95;0.26;21.8;20.34;50
2025-12-18T09:45:08.000;2025-12-18T02:45:08.000;8.45;-16.06;0.25;21.87;20.34;51
2025-12-18T09:55:22.000;2025-12-18T02:55:22.000;8.52;-15.94;0.24;21.88;20.34;52
2025-12-18T10:05:36.000;2025-12-18T03:05:36.000;8.52;-15.96;0.19;22.15;20.34;53
2025-12-18T10:15:51.000;2025-12-18T03:15:51.000;7.61;-16.37;0.25;21.84;20.34;54
2025-12-18T10:26:06.000;2025-12-18T03:26:06.000;7.69;-15.81;0.28;21.73;20.34;55
2025-12-18T10:36:21.000;2025-12-18T03:36:21.000;7.86;-16.21;0.18;22.17;20.34;56
2025-12-18T10:46:37.000;2025-12-18T03:46:37.000;7.9;-16.17;0.23;21.94;20.34;57
2025-12-18T10:56:51.000;2025-12-18T03:56:51.000;7.75;-16.79;0.2;22.06;20.34;58
2025-12-18T11:07:05.000;2025-12-18T04:07:05.000;6.77;-17.32;0.18;22.19;20.34;59
2025-12-18T11:17:18.000;2025-12-18T04:17:18.000;6.29;-17.12;0.19;22.17;20.34;60
2025-12-18T11:27:32.000;2025-12-18T04:27:32.000;6.15;-17.33;0.24;21.91;20.34;61
2025-12-18T11:37:46.000;2025-12-18T04:37:46.000;5.98;-17.41;0.28;21.71;20.34;62
2025-12-18T11:48:00.000;2025-12-18T04:48:00.000;6.32;-17.81;0.24;21.91;20.34;63
2025-12-18T11:58:14.000;2025-12-18T04:58:14.000;6.92;-17.8;0.28;21.71;20.34;64
2025-12-18T12:08:29.000;2025-12-18T05:08:29.000;6.84;-17.62;0.19;22.14;20.34;65
2025-12-18T12:18:43.000;2025-12-18T05:18:43.000;6.05;-17.27;0.21;22.03;20.34;66
2025-12-18T12:28:59.000;2025-12-18T05:28:59.000;6.24;-16.93;0.28;21.72;20.34;67
2025-12-18T12:39:13.000;2025-12-18T05:39:13.000;6.57;-16.86;0.19;22.16;20.34;68
2025-12-18T12:49:27.000;2025-12-18T05:49:27.000;6.2;-17.07;0.19;22.16;20.34;69
2025-12-18T12:59:40.000;2025-12-18T05:59:40.000;6.19;-17.24;0.25;21.84;20.34;70
2025-12-18T13:09:54.000;2025-12-18T06:09:54.000;5.69;-17.16;0.56;20.97;20.34;71
2025-12-18T13:20:09.000;2025-12-18T06:20:09.000;5.78;-17.23;2.32;19.43;20.34;72
2025-12-18T13:30:23.000;2025-12-18T06:30:23.000;5.79;-17.77;14.3;17.45;20.34;73
2025-12-18T13:40:37.000;2025-12-18T06:40:37.000;5.97;-17.78;99.97;15.34;20.34;74
2025-12-18T13:50:51.000;2025-12-18T06:50:51.000;6.02;-17.53;908.62;12.94;20.34;75
2025-12-19T00:44:00.000;2025-12-18T17:44:00.000;15.77;-8.58;4827.77;11.13;20.34;1
2025-12-19T00:54:15.000;2025-12-18T17:54:15.000;16.1;-11.31;430.02;13.76;20.34;2
2025-12-19T01:04:29.000;2025-12-18T18:04:29.000;15.74;-12.49;61.29;15.87;20.34;3
2025-12-19T01:14:43.000;2025-12-18T18:14:43.000;15.39;-13.62;6.95;18.23;20.34;4
2025-12-19T01:24:58.000;2025-12-18T18:24:58.000;15.42;-14.23;1.07;20.27;20.34;5
2025-12-19T01:35:12.000;2025-12-18T18:35:12.000;15.43;-13.85;0.42;21.29;20.34;6
2025-12-19T01:45:26.000;2025-12-18T18:45:26.000;14.96;-14.37;0.31;21.61;20.34;7
2025-12-19T02:05:57.000;2025-12-18T19:05:57.000;13.75;-14.62;0.29;21.67;20.34;9
2025-12-19T02:16:11.000;2025-12-18T19:16:11.000;13.15;-14.07;0.29;21.68;20.34;10
2025-12-19T02:26:25.000;2025-12-18T19:26:25.000;12.61;-14.01;0.33;21.55;20.34;11
2025-12-19T02:36:40.000;2025-12-18T19:36:40.000;12.04;-13.87;0.3;21.63;20.34;12
2025-12-19T02:46:54.000;2025-12-18T19:46:54.000;11.9;-13.97;0.34;21.52;20.34;13
2025-12-19T02:57:08.000;2025-12-18T19:57:08.000;11.59;-14.11;0.28;21.73;20.34;14
2025-12-19T03:07:25.000;2025-12-18T20:07:25.000;11.25;-14.29;0.3;21.65;20.34;15
2025-12-19T03:17:40.000;2025-12-18T20:17:40.000;10.92;-14.01;0.34;21.53;20.34;16
2025-12-19T03:27:54.000;2025-12-18T20:27:54.000;10.8;-14.39;0.34;21.51;20.34;17
2025-12-19T03:38:08.000;2025-12-18T20:38:08.000;10.55;-13.85;0.36;21.44;20.34;18
2025-12-19T03:48:22.000;2025-12-18T20:48:22.000;10.55;-14.29;0.35;21.48;20.34;19
2025-12-19T03:58:36.000;2025-12-18T20:58:36.000;10.49;-14.31;0.32;21.58;20.34;20
2025-12-19T04:08:51.000;2025-12-18T21:08:51.000;10.16;-14.06;0.35;21.46;20.34;21
2025-12-19T04:19:05.000;2025-12-18T21:19:05.000;10.13;-13.98;0.36;21.46;20.34;22
2025-12-19T04:29:19.000;2025-12-18T21:29:19.000;9.99;-13.87;0.36;21.46;20.34;23
2025-12-19T04:39:34.000;2025-12-18T21:39:34.000;10.08;-13.91;0.43;21.26;20.34;24
2025-12-19T04:49:48.000;2025-12-18T21:49:48.000;9.84;-13.8;0.37;21.41;20.34;25
2025-12-19T05:00:02.000;2025-12-18T22:00:02.000;9.68;-13.97;0.36;21.45;20.34;26
2025-12-19T05:10:16.000;2025-12-18T22:10:16.000;9.84;-14.29;0.32;21.57;20.34;27
2025-12-19T05:20:31.000;2025-12-18T22:20:31.000;9.66;-13.93;0.38;21.4;20.34;28
2025-12-19T05:30:45.000;2025-12-18T22:30:45.000;9.46;-14.64;0.3;21.65;20.34;29
2025-12-19T05:40:59.000;2025-12-18T22:40:59.000;9.09;-14.24;0.36;21.44;20.34;30
2025-12-19T05:51:13.000;2025-12-18T22:51:13.000;8.29;-14.03;0.37;21.43;20.34;31
2025-12-19T06:01:26.000;2025-12-18T23:01:26.000;7.8;-14.55;0.3;21.63;20.34;32
2025-12-19T06:11:40.000;2025-12-18T23:11:40.000;7.7;-14.27;0.37;21.43;20.34;33
2025-12-19T06:21:56.000;2025-12-18T23:21:56.000;8.1;-13.78;0.39;21.37;20.34;34
2025-12-19T06:32:10.000;2025-12-18T23:32:10.000;7.93;-14.25;0.39;21.35;20.34;35
2025-12-19T06:42:24.000;2025-12-18T23:42:24.000;7.59;-13.91;0.38;21.4;20.34;36
2025-12-19T06:52:38.000;2025-12-18T23:52:38.000;7.49;-13.96;0.39;21.35;20.34;37
2025-12-19T07:02:53.000;2025-12-19T00:02:53.000;7.5;-14.11;0.45;21.21;20.34;38
2025-12-19T07:13:07.000;2025-12-19T00:13:07.000;7.57;-14.02;0.31;21.61;20.34;39
2025-12-19T07:23:21.000;2025-12-19T00:23:21.000;7.36;-14.39;0.33;21.53;20.34;40
2025-12-19T07:33:35.000;2025-12-19T00:33:35.000;7.35;-14.29;0.36;21.43;20.34;41
2025-12-19T07:43:49.000;2025-12-19T00:43:49.000;7.22;-14.87;0.36;21.45;20.34;42
2025-12-19T07:54:03.000;2025-12-19T00:54:03.000;6.74;-14.74;0.36;21.44;20.34;43
2025-12-19T08:04:17.000;2025-12-19T01:04:17.000;7.11;-14.75;0.37;21.43;20.34;44
2025-12-19T08:14:31.000;2025-12-19T01:14:31.000;7.35;-14.21;0.37;21.43;20.34;45
2025-12-19T08:24:45.000;2025-12-19T01:24:45.000;8.51;-14.04;0.31;21.62;20.34;46
2025-12-19T08:35:00.000;2025-12-19T01:35:00.000;8.11;-15.48;0.36;21.43;20.34;47
2025-12-19T08:45:14.000;2025-12-19T01:45:14.000;7.55;-15.56;0.3;21.64;20.34;48
2025-12-19T08:55:28.000;2025-12-19T01:55:28.000;7.28;-15.38;0.36;21.44;20.34;49
2025-12-19T09:05:41.000;2025-12-19T02:05:41.000;7.06;-15.58;0.36;21.45;20.34;50
2025-12-19T09:15:56.000;2025-12-19T02:15:56.000;6.68;-15.55;0.29;21.67;20.34;51
2025-12-19T09:26:10.000;2025-12-19T02:26:10.000;6.81;-14.96;0.29;21.7;20.34;52
2025-12-19T09:36:25.000;2025-12-19T02:36:25.000;6.93;-15.19;0.33;21.55;20.34;53
2025-12-19T09:56:54.000;2025-12-19T02:56:54.000;6.69;-15.69;0.26;21.81;20.34;55
2025-12-19T10:07:08.000;2025-12-19T03:07:08.000;6.23;-16.02;0.3;21.64;20.34;56
2025-12-19T10:17:22.000;2025-12-19T03:17:22.000;6.61;-16.53;0.29;21.67;20.34;57
2025-12-19T10:27:37.000;2025-12-19T03:27:37.000;7.24;-16.76;0.25;21.86;20.34;58
2025-12-19T10:37:52.000;2025-12-19T03:37:52.000;7.07;-16.74;0.25;21.85;20.34;59
2025-12-19T10:48:06.000;2025-12-19T03:48:06.000;6.71;-16.1;0.2;22.07;20.34;60
2025-12-19T10:58:20.000;2025-12-19T03:58:20.000;7.05;-14.36;0.32;21.59;20.34;61
2025-12-19T11:08:35.000;2025-12-19T04:08:35.000;7.23;-13.1;0.47;21.17;20.34;62
2025-12-19T11:18:49.000;2025-12-19T04:18:49.000;6.87;-14.64;0.3;21.65;20.34;63
2025-12-19T11:29:03.000;2025-12-19T04:29:03.000;6.31;-16.18;0.25;21.83;20.34;64
2025-12-19T11:39:17.000;2025-12-19T04:39:17.000;6.26;-15.94;0.25;21.84;20.34;65
2025-12-19T11:49:33.000;2025-12-19T04:49:33.000;6.64;-16.72;0.23;21.92;20.34;66
2025-12-19T11:59:47.000;2025-12-19T04:59:47.000;6.18;-17.48;0.19;22.15;20.34;67
2025-12-19T12:10:01.000;2025-12-19T05:10:01.000;5.72;-18.16;0.28;21.73;20.34;68
2025-12-19T12:20:15.000;2025-12-19T05:20:15.000;5.42;-18.11;0.25;21.87;20.34;69
2025-12-19T12:30:29.000;2025-12-19T05:30:29.000;6.18;-18.35;0.29;21.7;20.34;70
2025-12-19T12:40:43.000;2025-12-19T05:40:43.000;5.7;-17.83;0.21;22.05;20.34;71
2025-12-19T12:50:58.000;2025-12-19T05:50:58.000;5.46;-18.22;0.18;22.17;20.34;72
2025-12-19T13:01:12.000;2025-12-19T06:01:12.000;5.97;-17.93;0.29;21.68;20.34;73
2025-12-19T13:11:26.000;2025-12-19T06:11:26.000;6.11;-18.4;0.5;21.09;20.34;74
2025-12-19T13:21:40.000;2025-12-19T06:21:40.000;5.85;-18.04;2.98;19.15;20.34;75
2025-12-19T13:31:55.000;2025-12-19T06:31:55.000;5.75;-18.28;17.67;17.22;20.34;76
2025-12-19T13:42:09.000;2025-12-19T06:42:09.000;5.75;-18.57;98.45;15.36;20.34;77
2025-12-19T13:52:24.000;2025-12-19T06:52:24.000;5.61;-18.37;915.73;12.94;20.34;78
2025-12-20T00:46:35.000;2025-12-19T17:46:35.000;15.25;-12.11;2946.36;11.67;20.34;1
2025-12-20T00:56:49.000;2025-12-19T17:56:49.000;15.29;-12.85;262.34;14.29;20.34;2
2025-12-20T01:07:03.000;2025-12-19T18:07:03.000;14.84;-13.01;38.13;16.39;20.34;3
2025-12-20T01:17:16.000;2025-12-19T18:17:16.000;14.43;-12.86;6.37;18.33;20.34;4
2025-12-20T01:27:31.000;2025-12-19T18:27:31.000;14.31;-12.8;1.1;20.24;20.34;5
2025-12-20T01:37:45.000;2025-12-19T18:37:45.000;14.0;-13.01;0.34;21.51;20.34;6
2025-12-20T01:47:59.000;2025-12-19T18:47:59.000;13.6;-13.14;0.28;21.72;20.34;7
2025-12-20T01:58:13.000;2025-12-19T18:58:13.000;13.57;-12.86;0.33;21.55;20.34;8
2025-12-20T02:08:28.000;2025-12-19T19:08:28.000;13.59;-12.68;0.29;21.69;20.34;9
2025-12-20T02:18:44.000;2025-12-19T19:18:44.000;13.24;-13.14;0.29;21.69;20.34;10
2025-12-20T02:28:59.000;2025-12-19T19:28:59.000;13.37;-12.97;0.34;21.52;20.34;11
2025-12-20T02:39:13.000;2025-12-19T19:39:13.000;13.26;-13.17;0.27;21.78;20.34;12
2025-12-20T02:49:27.000;2025-12-19T19:49:27.000;13.18;-12.64;0.29;21.69;20.34;13
2025-12-20T02:59:41.000;2025-12-19T19:59:41.000;12.6;-13.17;0.27;21.75;20.34;14
2025-12-20T03:09:55.000;2025-12-19T20:09:55.000;13.04;-13.04;0.33;21.55;20.34;15
2025-12-20T03:20:09.000;2025-12-19T20:20:09.000;13.17;-13.21;0.33;21.54;20.34;16
2025-12-20T03:30:23.000;2025-12-19T20:30:23.000;12.26;-13.53;0.3;21.64;20.34;17
2025-12-20T03:50:52.000;2025-12-19T20:50:52.000;11.9;-13.52;0.34;21.5;20.34;19
2025-12-20T04:01:06.000;2025-12-19T21:01:06.000;12.12;-13.19;0.29;21.68;20.34;20
2025-12-20T04:11:21.000;2025-12-19T21:11:21.000;12.09;-14.1;0.37;21.42;20.34;21
2025-12-20T04:21:35.000;2025-12-19T21:21:35.000;11.93;-13.74;0.32;21.58;20.34;22
2025-12-20T04:31:49.000;2025-12-19T21:31:49.000;11.55;-13.86;0.32;21.57;20.34;23
2025-12-20T04:42:03.000;2025-12-19T21:42:03.000;11.28;-13.78;0.32;21.56;20.34;24
2025-12-20T04:52:18.000;2025-12-19T21:52:18.000;11.25;-13.73;0.38;21.39;20.34;25
2025-12-20T05:02:32.000;2025-12-19T22:02:32.000;10.84;-14.35;0.38;21.38;20.34;26
2025-12-20T05:12:46.000;2025-12-19T22:12:46.000;10.35;-14.32;0.37;21.41;20.34;27
2025-12-20T05:23:00.000;2025-12-19T22:23:00.000;10.11;-14.43;0.34;21.52;20.34;28
2025-12-20T05:33:14.000;2025-12-19T22:33:14.000;10.43;-14.18;0.32;21.59;20.34;29
2025-12-20T05:43:30.000;2025-12-19T22:43:30.000;10.46;-14.51;0.39;21.37;20.34;30
2025-12-20T05:53:44.000;2025-12-19T22:53:44.000;10.02;-15.25;0.39;21.36;20.34;31
2025-12-20T06:03:59.000;2025-12-19T23:03:59.000;10.01;-14.86;0.45;21.21;20.34;32
2025-12-20T06:14:14.000;2025-12-19T23:14:14.000;9.95;-15.17;0.39;21.37;20.34;33
2025-12-20T06:24:28.000;2025-12-19T23:24:28.000;10.11;-15.2;0.36;21.45;20.34;34
2025-12-20T06:34:43.000;2025-12-19T23:34:43.000;9.73;-15.13;0.47;21.15;20.34;35
2025-12-20T06:44:57.000;2025-12-19T23:44:57.000;9.52;-14.64;0.41;21.31;20.34;36
2025-12-20T06:55:11.000;2025-12-19T23:55:11.000;10.03;-14.96;0.41;21.31;20.34;37
2025-12-20T07:05:27.000;2025-12-20T00:05:27.000;10.11;-15.26;0.43;21.26;20.34;38
2025-12-20T07:15:41.000;2025-12-20T00:15:41.000;10.59;-15.38;0.4;21.33;20.34;39
2025-12-20T07:25:56.000;2025-12-20T00:25:56.000;11.6;-14.68;0.42;21.29;20.34;40
2025-12-20T07:36:11.000;2025-12-20T00:36:11.000;12.48;-15.83;0.32;21.56;20.34;41
2025-12-20T07:46:24.000;2025-12-20T00:46:24.000;12.62;-16.09;0.38;21.39;20.34;42
2025-12-20T07:56:39.000;2025-12-20T00:56:39.000;12.48;-15.45;0.44;21.22;20.34;43
2025-12-20T08:06:53.000;2025-12-20T01:06:53.000;12.7;-15.55;0.32;21.59;20.34;44
2025-12-20T08:17:07.000;2025-12-20T01:17:07.000;12.57;-15.07;0.38;21.39;20.34;45
2025-12-20T08:27:21.000;2025-12-20T01:27:21.000;11.86;-16.0;0.38;21.39;20.34;46
2025-12-20T08:37:35.000;2025-12-20T01:37:35.000;10.81;-16.85;0.45;21.21;20.34;47
2025-12-20T08:47:49.000;2025-12-20T01:47:49.000;10.11;-16.04;0.39;21.37;20.34;48
2025-12-20T08:58:03.000;2025-12-20T01:58:03.000;10.37;-15.68;0.3;21.64;20.34;49
2025-12-20T09:08:18.000;2025-12-20T02:08:18.000;10.92;-16.22;0.32;21.57;20.34;50
2025-12-20T09:18:32.000;2025-12-20T02:18:32.000;10.48;-16.27;0.36;21.45;20.34;51
2025-12-20T09:28:49.000;2025-12-20T02:28:49.000;10.77;-16.38;0.34;21.52;20.34;52
2025-12-20T09:39:03.000;2025-12-20T02:39:03.000;10.75;-15.24;0.28;21.73;20.34;53
2025-12-20T09:49:20.000;2025-12-20T02:49:20.000;10.93;-16.27;0.21;22.06;20.34;54
2025-12-20T09:59:34.000;2025-12-20T02:59:34.000;11.16;-15.65;0.35;21.5;20.34;55
2025-12-20T10:09:49.000;2025-12-20T03:09:49.000;10.87;-15.35;0.34;21.52;20.34;56
2025-12-20T10:20:03.000;2025-12-20T03:20:03.000;10.97;-15.42;0.26;21.8;20.34;57
2025-12-20T10:30:17.000;2025-12-20T03:30:17.000;11.23;-16.17;0.31;21.61;20.34;58
2025-12-20T10:40:31.000;2025-12-20T03:40:31.000;11.42;-16.38;0.29;21.68;20.34;59
2025-12-20T10:50:46.000;2025-12-20T03:50:46.000;11.3;-16.62;0.29;21.67;20.34;60
2025-12-20T11:01:00.000;2025-12-20T04:01:00.000;12.75;-16.68;0.23;21.92;20.34;61
2025-12-20T11:11:15.000;2025-12-20T04:11:15.000;12.59;-16.7;0.18;22.17;20.34;62
2025-12-20T11:21:30.000;2025-12-20T04:21:30.000;12.6;-16.87;0.25;21.85;20.34;63
2025-12-20T11:31:44.000;2025-12-20T04:31:44.000;12.14;-16.99;0.21;22.03;20.34;64
2025-12-20T11:41:58.000;2025-12-20T04:41:58.000;12.58;-16.68;0.28;21.72;20.34;65
2025-12-20T11:52:12.000;2025-12-20T04:52:12.000;12.56;-16.58;0.28;21.74;20.34;66
2025-12-20T12:02:27.000;2025-12-20T05:02:27.000;11.39;-17.53;0.29;21.69;20.34;67
2025-12-20T12:12:41.000;2025-12-20T05:12:41.000;11.68;-16.82;0.18;22.2;20.34;68
2025-12-20T12:22:55.000;2025-12-20T05:22:55.000;11.95;-17.55;0.22;21.98;20.34;69
2025-12-20T12:33:09.000;2025-12-20T05:33:09.000;11.31;-17.19;0.2;22.11;20.34;70
2025-12-20T12:43:24.000;2025-12-20T05:43:24.000;12.02;-17.14;0.27;21.75;20.34;71
2025-12-20T12:53:39.000;2025-12-20T05:53:39.000;11.84;-17.37;0.22;21.99;20.34;72
2025-12-20T13:03:54.000;2025-12-20T06:03:54.000;11.2;-17.35;0.32;21.59;20.34;73
2025-12-20T13:14:08.000;2025-12-20T06:14:08.000;11.74;-16.61;0.72;20.69;20.34;74
2025-12-20T13:24:22.000;2025-12-20T06:24:22.000;12.29;-16.5;3.86;18.87;20.34;75
2025-12-20T13:34:37.000;2025-12-20T06:34:37.000;12.71;-15.99;23.2;16.93;20.34;76
2025-12-20T13:44:54.000;2025-12-20T06:44:54.000;12.11;-16.82;157.35;14.85;20.34;77
2025-12-20T13:55:08.000;2025-12-20T06:55:08.000;11.71;-16.57;1736.48;12.24;20.34;78
2025-12-21T00:47:14.000;2025-12-20T17:47:14.000;13.62;-12.17;3364.77;11.52;20.34;1
2025-12-21T00:57:31.000;2025-12-20T17:57:31.000;14.39;-12.46;259.73;14.3;20.34;2
2025-12-21T01:18:03.000;2025-12-20T18:18:03.000;14.16;-13.29;5.88;18.42;20.34;4
2025-12-21T01:28:17.000;2025-12-20T18:28:17.000;13.83;-13.17;1.06;20.28;20.34;5
2025-12-21T01:38:31.000;2025-12-20T18:38:31.000;13.66;-13.18;0.41;21.3;20.34;6
2025-12-21T01:48:45.000;2025-12-20T18:48:45.000;13.88;-13.22;0.33;21.55;20.34;7
2025-12-21T01:59:00.000;2025-12-20T18:59:00.000;13.83;-13.44;0.26;21.79;20.34;8
2025-12-21T02:09:14.000;2025-12-20T19:09:14.000;13.81;-13.36;0.33;21.54;20.34;9
2025-12-21T02:19:29.000;2025-12-20T19:19:29.000;13.79;-12.92;0.33;21.54;20.34;10
2025-12-21T02:29:46.000;2025-12-20T19:29:46.000;13.78;-13.34;0.29;21.7;20.34;11
2025-12-21T02:40:00.000;2025-12-20T19:40:00.000;13.69;-13.44;0.34;21.52;20.34;12
2025-12-21T02:50:14.000;2025-12-20T19:50:14.000;13.47;-13.5;0.27;21.76;20.34;13
2025-12-21T03:00:28.000;2025-12-20T20:00:28.000;13.55;-13.66;0.27;21.75;20.34;14
2025-12-21T03:10:42.000;2025-12-20T20:10:42.000;12.71;-14.24;0.35;21.48;20.34;15
2025-12-21T03:20:56.000;2025-12-20T20:20:56.000;12.11;-13.74;0.3;21.64;20.34;16
2025-12-21T03:31:11.000;2025-12-20T20:31:11.000;11.42;-13.75;0.36;21.45;20.34;17
2025-12-21T03:41:25.000;2025-12-20T20:41:25.000;10.88;-13.16;0.38;21.4;20.34;18
2025-12-21T03:51:39.000;2025-12-20T20:51:39.000;10.83;-12.66;0.34;21.5;20.34;19
2025-12-21T04:01:53.000;2025-12-20T21:01:53.000;10.3;-12.71;0.41;21.31;20.34;20
2025-12-21T04:12:07.000;2025-12-20T21:12:07.000;10.13;-12.53;0.37;21.41;20.34;21
2025-12-21T04:22:21.000;2025-12-20T21:22:21.000;10.2;-11.9;0.48;21.14;20.34;22
2025-12-21T04:32:36.000;2025-12-20T21:32:36.000;10.44;-12.25;0.42;21.28;20.34;23
2025-12-21T04:42:52.000;2025-12-20T21:42:52.000;9.9;-13.63;0.36;21.44;20.34;24
2025-12-21T04:53:06.000;2025-12-20T21:53:06.000;9.71;-14.32;0.36;21.44;20.34;25
2025-12-21T05:03:20.000;2025-12-20T22:03:20.000;9.71;-14.08;0.36;21.44;20.34;26
2025-12-21T05:13:35.000;2025-12-20T22:13:35.000;9.37;-14.58;0.35;21.49;20.34;27
2025-12-21T05:23:49.000;2025-12-20T22:23:49.000;9.39;-14.95;0.35;21.49;20.34;28
2025-12-21T05:34:03.000;2025-12-20T22:34:03.000;8.97;-14.56;0.29;21.68;20.34;29
2025-12-21T05:44:18.000;2025-12-20T22:44:18.000;8.96;-14.61;0.35;21.48;20.34;30
2025-12-21T05:54:32.000;2025-12-20T22:54:32.000;8.84;-14.06;0.3;21.65;20.34;31
2025-12-21T06:04:46.000;2025-12-20T23:04:46.000;8.99;-14.23;0.3;21.65;20.34;32
2025-12-21T06:15:00.000;2025-12-20T23:15:00.000;8.89;-14.39;0.37;21.42;20.34;33
2025-12-21T06:25:14.000;2025-12-20T23:25:14.000;8.91;-14.85;0.38;21.39;20.34;34
2025-12-21T06:35:28.000;2025-12-20T23:35:28.000;8.83;-14.72;0.39;21.37;20.34;35
2025-12-21T06:45:42.000;2025-12-20T23:45:42.000;9.63;-15.16;0.32;21.56;20.34;36
2025-12-21T06:55:57.000;2025-12-20T23:55:57.000;9.26;-15.26;0.33;21.55;20.34;37
2025-12-21T07:06:10.000;2025-12-21T00:06:10.000;9.55;-14.81;0.4;21.34;20.34;38
2025-12-21T07:16:25.000;2025-12-21T00:16:25.000;9.83;-14.62;0.4;21.33;20.34;39
2025-12-21T07:26:39.000;2025-12-21T00:26:39.000;10.07;-15.27;0.33;21.53;20.34;40
2025-12-21T07:36:53.000;2025-12-21T00:36:53.000;10.51;-15.28;0.46;21.19;20.34;41
2025-12-21T07:47:08.000;2025-12-21T00:47:08.000;10.97;-15.88;0.35;21.48;20.34;42
2025-12-21T07:57:23.000;2025-12-21T00:57:23.000;11.34;-15.7;0.39;21.35;20.34;43
2025-12-21T08:07:38.000;2025-12-21T01:07:38.000;10.6;-16.16;0.39;21.35;20.34;44
2025-12-21T08:17:52.000;2025-12-21T01:17:52.000;10.31;-15.67;0.33;21.55;20.34;45
2025-12-21T08:28:06.000;2025-12-21T01:28:06.000;10.87;-15.7;0.35;21.48;20.34;46
2025-12-21T08:38:21.000;2025-12-21T01:38:21.000;10.89;-15.97;0.32;21.58;20.34;47
2025-12-21T08:48:34.000;2025-12-21T01:48:34.000;11.02;-15.77;0.38;21.39;20.34;48
2025-12-21T08:58:49.000;2025-12-21T01:58:49.000;10.14;-16.33;0.39;21.35;20.34;49
2025-12-21T09:09:02.000;2025-12-21T02:09:02.000;9.68;-15.89;0.32;21.57;20.34;50
2025-12-21T09:19:17.000;2025-12-21T02:19:17.000;10.71;-16.18;0.29;21.69;20.34;51
2025-12-21T09:29:31.000;2025-12-21T02:29:31.000;10.33;-15.92;0.27;21.75;20.34;52
2025-12-21T09:39:45.000;2025-12-21T02:39:45.000;11.67;-15.09;0.34;21.51;20.34;53
2025-12-21T09:50:00.000;2025-12-21T02:50:00.000;11.68;-15.55;0.32;21.56;20.34;54
2025-12-21T10:00:14.000;2025-12-21T03:00:14.000;11.67;-15.98;0.34;21.5;20.34;55
2025-12-21T10:10:28.000;2025-12-21T03:10:28.000;11.14;-15.78;0.3;21.66;20.34;56
2025-12-21T10:20:43.000;2025-12-21T03:20:43.000;11.11;-15.75;0.21;22.01;20.34;57
2025-12-21T10:30:57.000;2025-12-21T03:30:57.000;10.66;-15.03;0.34;21.51;20.34;58
2025-12-21T10:41:11.000;2025-12-21T03:41:11.000;11.26;-16.24;0.29;21.67;20.34;59
2025-12-21T10:51:27.000;2025-12-21T03:51:27.000;10.54;-16.91;0.26;21.78;20.34;60
2025-12-21T11:01:41.000;2025-12-21T04:01:41.000;9.67;-16.56;0.33;21.54;20.34;61
2025-12-21T11:11:56.000;2025-12-21T04:11:56.000;9.88;-16.65;0.33;21.56;20.34;62
2025-12-21T11:22:10.000;2025-12-21T04:22:10.000;9.19;-16.33;0.28;21.72;20.34;63
2025-12-21T11:32:24.000;2025-12-21T04:32:24.000;9.95;-15.38;0.28;21.74;20.34;64
2025-12-21T11:42:39.000;2025-12-21T04:42:39.000;10.35;-16.27;0.26;21.82;20.34;65
2025-12-21T11:52:53.000;2025-12-21T04:52:53.000;9.87;-16.3;0.2;22.08;20.34;66
2025-12-21T12:03:07.000;2025-12-21T05:03:07.000;9.92;-15.76;0.31;21.61;20.34;67
2025-12-21T12:13:22.000;2025-12-21T05:13:22.000;10.03;-15.49;0.29;21.67;20.34;68
2025-12-21T12:23:40.000;2025-12-21T05:23:40.000;10.08;-16.04;0.3;21.66;20.34;69
2025-12-21T12:33:54.000;2025-12-21T05:33:54.000;9.42;-16.04;0.24;21.88;20.34;70
2025-12-21T12:44:08.000;2025-12-21T05:44:08.000;9.41;-15.76;0.29;21.7;20.34;71
2025-12-21T12:54:22.000;2025-12-21T05:54:22.000;8.74;-15.95;0.29;21.69;20.34;72
2025-12-21T13:04:36.000;2025-12-21T06:04:36.000;8.72;-15.59;0.33;21.55;20.34;73
2025-12-21T13:14:51.000;2025-12-21T06:14:51.000;10.33;-15.63;0.79;20.6;20.34;74
2025-12-21T13:25:07.000;2025-12-21T06:25:07.000;9.95;-16.1;4.31;18.75;20.34;75
2025-12-21T13:35:21.000;2025-12-21T06:35:21.000;9.63;-15.72;26.14;16.8;20.34;76
2025-12-21T13:45:35.000;2025-12-21T06:45:35.000;9.43;-15.75;171.35;14.76;20.34;77
2025-12-21T13:55:49.000;2025-12-21T06:55:49.000;10.14;-15.59;1842.84;12.18;20.34;78
2025-12-22T00:47:49.000;2025-12-21T17:47:49.000;13.28;-13.3;3323.42;11.54;20.34;1
2025-12-22T00:58:06.000;2025-12-21T17:58:06.000;13.94;-13.2;238.13;14.4;20.34;2
2025-12-22T01:08:20.000;2025-12-21T18:08:20.000;14.15;-13.82;31.42;16.6;20.34;3
2025-12-22T01:18:35.000;2025-12-21T18:18:35.000;13.95;-13.77;5.04;18.58;20.34;4
2025-12-22T01:28:48.000;2025-12-21T18:28:48.000;13.78;-13.8;0.95;20.39;20.34;5
2025-12-22T01:39:03.000;2025-12-21T18:39:03.000;13.62;-14.01;0.48;21.13;20.34;6
2025-12-22T01:49:17.000;2025-12-21T18:49:17.000;13.42;-14.21;0.31;21.61;20.34;7
2025-12-22T01:59:31.000;2025-12-21T18:59:31.000;13.34;-14.38;0.36;21.46;20.34;8
2025-12-22T02:09:44.000;2025-12-21T19:09:44.000;13.25;-14.3;0.35;21.47;20.34;9
2025-12-22T02:19:59.000;2025-12-21T19:19:59.000;13.03;-14.45;0.28;21.72;20.34;10
2025-12-22T02:30:13.000;2025-12-21T19:30:13.000;12.93;-14.26;0.35;21.47;20.34;11
2025-12-22T02:40:27.000;2025-12-21T19:40:27.000;12.9;-14.66;0.34;21.52;20.34;12
2025-12-22T02:50:42.000;2025-12-21T19:50:42.000;12.93;-14.49;0.36;21.44;20.34;13
2025-12-22T03:00:56.000;2025-12-21T20:00:56.000;12.78;-14.43;0.35;21.49;20.34;14
2025-12-22T03:11:11.000;2025-12-21T20:11:11.000;12.76;-14.62;0.29;21.68;20.34;15
2025-12-22T03:21:26.000;2025-12-21T20:21:26.000;12.59;-14.65;0.35;21.49;20.34;16
2025-12-22T03:31:40.000;2025-12-21T20:31:40.000;12.46;-14.64;0.34;21.5;20.34;17
2025-12-22T03:41:54.000;2025-12-21T20:41:54.000;12.53;-14.83;0.36;21.44;20.34;18
2025-12-22T03:52:08.000;2025-12-21T20:52:08.000;12.39;-14.81;0.31;21.6;20.34;19
2025-12-22T04:02:23.000;2025-12-21T21:02:23.000;12.07;-15.12;0.32;21.59;20.34;20
2025-12-22T04:12:38.000;2025-12-21T21:12:38.000;11.92;-14.88;0.37;21.41;20.34;21
2025-12-22T04:22:52.000;2025-12-21T21:22:52.000;11.66;-15.27;0.32;21.57;20.34;22
2025-12-22T04:33:07.000;2025-12-21T21:33:07.000;11.63;-15.21;0.36;21.44;20.34;23
2025-12-22T04:43:21.000;2025-12-21T21:43:21.000;11.76;-15.21;0.44;21.22;20.34;24
2025-12-22T04:53:35.000;2025-12-21T21:53:35.000;11.51;-15.3;0.39;21.36;20.34;25
2025-12-22T05:03:50.000;2025-12-21T22:03:50.000;11.16;-15.35;0.39;21.35;20.34;26
2025-12-22T05:14:05.000;2025-12-21T22:14:05.000;11.02;-15.6;0.31;21.61;20.34;27
2025-12-22T05:24:20.000;2025-12-21T22:24:20.000;10.97;-15.71;0.38;21.4;20.34;28
2025-12-22T05:34:34.000;2025-12-21T22:34:34.000;10.68;-15.81;0.44;21.22;20.34;29
2025-12-22T05:44:48.000;2025-12-21T22:44:48.000;10.71;-15.61;0.38;21.38;20.34;30
2025-12-22T05:55:02.000;2025-12-21T22:55:02.000;10.54;-15.97;0.39;21.37;20.34;31
2025-12-22T06:05:16.000;2025-12-21T23:05:16.000;10.32;-15.73;0.45;21.2;20.34;32
2025-12-22T06:15:32.000;2025-12-21T23:15:32.000;10.01;-15.85;0.39;21.36;20.34;33
2025-12-22T06:25:46.000;2025-12-21T23:25:46.000;9.85;-16.04;0.47;21.15;20.34;34
2025-12-22T06:36:01.000;2025-12-21T23:36:01.000;9.6;-16.2;0.4;21.34;20.34;35
2025-12-22T06:46:15.000;2025-12-21T23:46:15.000;9.22;-16.25;0.33;21.54;20.34;36
2025-12-22T06:56:29.000;2025-12-21T23:56:29.000;8.66;-16.03;0.4;21.34;20.34;37
2025-12-22T07:06:42.000;2025-12-22T00:06:42.000;8.21;-16.02;0.4;21.34;20.34;38
2025-12-22T07:16:56.000;2025-12-22T00:16:56.000;8.65;-15.82;0.4;21.35;20.34;39
2025-12-22T07:27:11.000;2025-12-22T00:27:11.000;8.65;-16.08;0.39;21.36;20.34;40
2025-12-22T07:37:25.000;2025-12-22T00:37:25.000;8.84;-16.17;0.45;21.2;20.34;41
2025-12-22T07:47:39.000;2025-12-22T00:47:39.000;8.85;-16.97;0.39;21.36;20.34;42
2025-12-22T07:57:54.000;2025-12-22T00:57:54.000;8.68;-16.75;0.39;21.36;20.34;43
2025-12-22T08:08:08.000;2025-12-22T01:08:08.000;8.73;-16.68;0.39;21.36;20.34;44
2025-12-22T08:18:22.000;2025-12-22T01:18:22.000;8.56;-17.07;0.33;21.55;20.34;45
2025-12-22T08:38:50.000;2025-12-22T01:38:50.000;8.76;-16.75;0.4;21.34;20.34;47
2025-12-22T08:49:05.000;2025-12-22T01:49:05.000;8.79;-16.78;0.33;21.54;20.34;48
2025-12-22T08:59:19.000;2025-12-22T01:59:19.000;8.65;-16.63;0.39;21.36;20.34;49
2025-12-22T09:09:34.000;2025-12-22T02:09:34.000;8.55;-16.99;0.38;21.39;20.34;50
2025-12-22T09:19:48.000;2025-12-22T02:19:48.000;7.95;-17.03;0.37;21.43;20.34;51
2025-12-22T09:30:02.000;2025-12-22T02:30:02.000;7.97;-16.81;0.36;21.45;20.34;52
2025-12-22T09:40:16.000;2025-12-22T02:40:16.000;8.23;-17.13;0.36;21.44;20.34;53
2025-12-22T09:50:30.000;2025-12-22T02:50:30.000;8.41;-17.46;0.3;21.66;20.34;54
2025-12-22T10:00:44.000;2025-12-22T03:00:44.000;7.91;-17.37;0.3;21.66;20.34;55
2025-12-22T10:10:58.000;2025-12-22T03:10:58.000;7.71;-17.53;0.3;21.66;20.34;56
2025-12-22T10:21:12.000;2025-12-22T03:21:12.000;7.82;-17.09;0.36;21.45;20.34;57
2025-12-22T10:31:26.000;2025-12-22T03:31:26.000;7.37;-17.78;0.36;21.44;20.34;58
2025-12-22T10:41:42.000;2025-12-22T03:41:42.000;7.02;-17.6;0.37;21.43;20.34;59
2025-12-22T10:51:56.000;2025-12-22T03:51:56.000;6.91;-17.07;0.3;21.64;20.34;60
2025-12-22T11:02:09.000;2025-12-22T04:02:09.000;7.57;-17.35;0.3;21.64;20.34;61
2025-12-22T11:12:23.000;2025-12-22T04:12:23.000;7.8;-17.13;0.32;21.58;20.34;62
2025-12-22T11:22:39.000;2025-12-22T04:22:39.000;7.76;-17.11;0.29;21.68;20.34;63
2025-12-22T11:32:53.000;2025-12-22T04:32:53.000;7.26;-17.16;0.34;21.5;20.34;64
2025-12-22T11:43:07.000;2025-12-22T04:43:07.000;6.8;-17.33;0.28;21.71;20.34;65
2025-12-22T11:53:22.000;2025-12-22T04:53:22.000;6.52;-17.54;0.34;21.52;20.34;66
2025-12-22T12:03:36.000;2025-12-22T05:03:36.000;6.66;-17.89;0.33;21.53;20.34;67
2025-12-22T12:13:50.000;2025-12-22T05:13:50.000;7.03;-17.9;0.34;21.5;20.34;68
2025-12-22T12:24:04.000;2025-12-22T05:24:04.000;7.1;-17.74;0.29;21.69;20.34;69
2025-12-22T12:34:18.000;2025-12-22T05:34:18.000;7.05;-17.24;0.27;21.77;20.34;70
2025-12-22T12:44:33.000;2025-12-22T05:44:33.000;6.68;-17.78;0.27;21.78;20.34;71
2025-12-22T12:54:48.000;2025-12-22T05:54:48.000;7.05;-17.38;0.32;21.58;20.34;72
2025-12-22T13:05:04.000;2025-12-22T06:05:04.000;7.19;-17.59;0.3;21.66;20.34;73
2025-12-22T13:15:18.000;2025-12-22T06:15:18.000;7.38;-17.47;0.75;20.66;20.34;74
2025-12-22T13:25:33.000;2025-12-22T06:25:33.000;7.47;-17.41;4.28;18.76;20.34;75
2025-12-22T13:35:46.000;2025-12-22T06:35:46.000;7.46;-17.06;25.97;16.8;20.34;76
2025-12-22T13:46:00.000;2025-12-22T06:46:00.000;7.24;-17.62;171.16;14.76;20.34;77
2025-12-22T13:56:15.000;2025-12-22T06:56:15.000;7.33;-17.45;1798.64;12.2;20.34;78
2025-12-23T00:43:33.000;2025-12-22T17:43:33.000;13.08;-15.28;5523.91;10.98;20.34;1
2025-12-23T00:53:47.000;2025-12-22T17:53:47.000;13.71;-14.93;371.67;13.91;20.34;2
2025-12-23T01:04:01.000;2025-12-22T18:04:01.000;13.97;-14.98;30.69;16.62;20.34;3
2025-12-23T01:14:15.000;2025-12-22T18:14:15.000;14.31;-13.58;5.72;18.45;20.34;4
2025-12-23T01:24:30.000;2025-12-22T18:24:30.000;14.64;-13.21;1.4;19.97;20.34;5
2025-12-23T01:34:44.000;2025-12-22T18:34:44.000;15.48;-11.73;0.68;20.76;20.34;6
2025-12-23T01:44:59.000;2025-12-22T18:44:59.000;15.62;-14.79;0.44;21.23;20.34;7
2025-12-23T01:55:12.000;2025-12-22T18:55:12.000;14.5;-12.55;0.34;21.51;20.34;8
2025-12-23T02:05:28.000;2025-12-22T19:05:28.000;15.15;-15.06;0.43;21.27;20.34;9
2025-12-23T02:15:41.000;2025-12-22T19:15:41.000;14.5;-14.99;0.49;21.12;20.34;10
2025-12-23T02:36:09.000;2025-12-22T19:36:09.000;13.27;-15.28;0.42;21.28;20.34;12
2025-12-23T02:46:22.000;2025-12-22T19:46:22.000;12.94;-14.93;0.38;21.39;20.34;13
2025-12-23T02:56:37.000;2025-12-22T19:56:37.000;13.13;-14.67;0.47;21.15;20.34;14
2025-12-23T03:06:51.000;2025-12-22T20:06:51.000;13.45;-14.4;0.42;21.28;20.34;15
2025-12-23T03:17:08.000;2025-12-22T20:17:08.000;13.1;-13.33;0.56;20.97;20.34;16
2025-12-23T03:27:21.000;2025-12-22T20:27:21.000;12.67;-14.73;0.34;21.51;20.34;17
2025-12-23T03:37:35.000;2025-12-22T20:37:35.000;12.33;-15.12;0.45;21.21;20.34;18
2025-12-23T03:47:49.000;2025-12-22T20:47:49.000;11.64;-15.87;0.38;21.4;20.34;19
2025-12-23T03:58:03.000;2025-12-22T20:58:03.000;11.69;-15.06;0.36;21.46;20.34;20
2025-12-23T04:08:18.000;2025-12-22T21:08:18.000;11.23;-14.6;0.44;21.24;20.34;21
2025-12-23T04:18:32.000;2025-12-22T21:18:32.000;11.19;-14.0;0.47;21.16;20.34;22
2025-12-23T04:28:47.000;2025-12-22T21:28:47.000;11.29;-10.33;0.76;20.64;20.34;23
2025-12-23T04:39:05.000;2025-12-22T21:39:05.000;11.46;-10.88;0.52;21.05;20.34;24
2025-12-23T04:49:19.000;2025-12-22T21:49:19.000;11.35;-12.58;0.54;21.01;20.34;25
2025-12-23T04:59:33.000;2025-12-22T21:59:33.000;11.82;-11.77;0.53;21.03;20.34;26
2025-12-23T05:09:48.000;2025-12-22T22:09:48.000;12.41;-11.98;0.59;20.9;20.34;27
2025-12-23T05:20:02.000;2025-12-22T22:20:02.000;13.48;-10.38;0.55;20.99;20.34;28
2025-12-23T05:30:17.000;2025-12-22T22:30:17.000;14.1;-11.51;0.55;20.99;20.34;29
2025-12-23T05:40:32.000;2025-12-22T22:40:32.000;15.04;-11.52;0.48;21.13;20.34;30
2025-12-23T05:50:47.000;2025-12-22T22:50:47.000;15.03;-13.12;0.44;21.22;20.34;31
2025-12-23T06:01:02.000;2025-12-22T23:01:02.000;15.74;-15.31;0.54;21.01;20.34;32
2025-12-23T06:11:16.000;2025-12-22T23:11:16.000;15.58;-14.69;0.41;21.31;20.34;33
2025-12-23T06:21:30.000;2025-12-22T23:21:30.000;16.17;-13.26;0.53;21.03;20.34;34
2025-12-23T06:31:44.000;2025-12-22T23:31:44.000;16.24;-10.09;0.88;20.48;20.34;35
2025-12-23T06:41:58.000;2025-12-22T23:41:58.000;16.05;-12.2;0.64;20.82;20.34;36
2025-12-23T06:52:12.000;2025-12-22T23:52:12.000;15.96;-14.56;0.52;21.05;20.34;37
2025-12-23T07:02:28.000;2025-12-23T00:02:28.000;15.58;-15.24;0.43;21.26;20.34;38
2025-12-23T07:12:42.000;2025-12-23T00:12:42.000;15.74;-14.96;0.51;21.07;20.34;39
2025-12-23T07:22:56.000;2025-12-23T00:22:56.000;16.16;-13.9;0.54;21.01;20.34;40
2025-12-23T07:33:10.000;2025-12-23T00:33:10.000;15.76;-11.85;0.69;20.75;20.34;41
2025-12-23T07:43:23.000;2025-12-23T00:43:23.000;15.56;-10.49;0.68;20.76;20.34;42
2025-12-23T07:53:38.000;2025-12-23T00:53:38.000;16.36;-8.21;0.72;20.7;20.34;43
2025-12-23T08:03:52.000;2025-12-23T01:03:52.000;16.38;-8.81;0.68;20.77;20.34;44
2025-12-23T08:14:07.000;2025-12-23T01:14:07.000;16.15;-13.1;0.44;21.23;20.34;45
2025-12-23T08:24:21.000;2025-12-23T01:24:21.000;15.02;-15.18;0.45;21.21;20.34;46
2025-12-23T08:34:35.000;2025-12-23T01:34:35.000;14.1;-15.29;0.49;21.11;20.34;47
2025-12-23T08:44:49.000;2025-12-23T01:44:49.000;14.32;-14.15;0.41;21.31;20.34;48
2025-12-23T08:55:04.000;2025-12-23T01:55:04.000;14.69;-12.56;0.52;21.05;20.34;49
2025-12-23T09:05:18.000;2025-12-23T02:05:18.000;14.7;-11.74;0.43;21.25;20.34;50
2025-12-23T09:15:32.000;2025-12-23T02:15:32.000;14.7;-11.37;0.56;20.97;20.34;51
2025-12-23T09:25:46.000;2025-12-23T02:25:46.000;14.19;-10.4;0.53;21.03;20.34;52
2025-12-23T09:36:00.000;2025-12-23T02:36:00.000;14.07;-11.81;0.52;21.06;20.34;53
2025-12-23T09:46:13.000;2025-12-23T02:46:13.000;13.67;-12.28;0.43;21.25;20.34;54
2025-12-23T09:56:27.000;2025-12-23T02:56:27.000;13.91;-11.06;0.59;20.92;20.34;55
2025-12-23T10:06:42.000;2025-12-23T03:06:42.000;13.89;-9.77;0.57;20.96;20.34;56
2025-12-23T10:16:56.000;2025-12-23T03:16:56.000;14.21;-10.54;0.56;20.97;20.34;57
2025-12-23T10:27:10.000;2025-12-23T03:27:10.000;14.37;-10.32;0.59;20.92;20.34;58
2025-12-23T10:37:25.000;2025-12-23T03:37:25.000;14.87;-12.04;0.36;21.44;20.34;59
2025-12-23T10:47:39.000;2025-12-23T03:47:39.000;14.82;-12.49;0.39;21.37;20.34;60
2025-12-23T10:57:53.000;2025-12-23T03:57:53.000;15.47;-10.5;0.58;20.94;20.34;61
2025-12-23T11:08:07.000;2025-12-23T04:08:07.000;15.76;-9.3;0.6;20.89;20.34;62
2025-12-23T11:18:22.000;2025-12-23T04:18:22.000;15.86;-10.52;0.54;21.02;20.34;63
2025-12-23T11:28:36.000;2025-12-23T04:28:36.000;15.64;-11.74;0.45;21.21;20.34;64
2025-12-23T11:38:49.000;2025-12-23T04:38:49.000;15.66;-8.18;0.67;20.78;20.34;65
2025-12-23T11:49:04.000;2025-12-23T04:49:04.000;15.58;-7.89;0.65;20.8;20.34;66
2025-12-23T11:59:18.000;2025-12-23T04:59:18.000;15.78;-8.57;0.58;20.94;20.34;67
2025-12-23T12:09:32.000;2025-12-23T05:09:32.000;15.76;-6.72;0.68;20.75;20.34;68
2025-12-23T12:19:46.000;2025-12-23T05:19:46.000;16.04;-6.15;0.67;20.77;20.34;69
2025-12-23T12:30:00.000;2025-12-23T05:30:00.000;16.65;-5.61;0.74;20.67;20.34;70
2025-12-23T12:40:15.000;2025-12-23T05:40:15.000;16.66;-6.92;0.56;20.96;20.34;71
2025-12-23T12:50:29.000;2025-12-23T05:50:29.000;16.48;-6.38;0.61;20.87;20.34;72
2025-12-23T13:00:43.000;2025-12-23T06:00:43.000;16.5;-4.77;0.74;20.67;20.34;73
2025-12-23T13:21:12.000;2025-12-23T06:21:12.000;17.1;-4.34;2.38;19.4;20.34;75
2025-12-23T13:31:26.000;2025-12-23T06:31:26.000;16.84;-5.54;14.06;17.47;20.34;76
2025-12-23T13:41:39.000;2025-12-23T06:41:39.000;16.32;-7.36;85.37;15.51;20.34;77
2025-12-23T13:51:53.000;2025-12-23T06:51:53.000;16.86;-6.06;611.34;13.37;20.34;78
2025-12-24T00:48:41.000;2025-12-23T17:48:41.000;17.38;-0.91;4171.49;11.29;20.34;1
2025-12-24T00:59:02.000;2025-12-23T17:59:02.000;18.85;4.07;150.96;14.89;20.34;2
2025-12-24T01:09:16.000;2025-12-23T18:09:16.000;18.15;-0.61;19.62;17.11;20.34;3
2025-12-24T01:19:29.000;2025-12-23T18:19:29.000;17.61;-3.47;3.37;19.02;20.34;4
2025-12-24T01:29:43.000;2025-12-23T18:29:43.000;17.51;-4.7;1.26;20.09;20.34;5
2025-12-24T01:39:58.000;2025-12-23T18:39:58.000;16.88;-4.92;0.98;20.36;20.34;6
2025-12-24T01:50:12.000;2025-12-23T18:50:12.000;16.9;-6.39;0.73;20.68;20.34;7
2025-12-24T02:00:26.000;2025-12-23T19:00:26.000;16.19;-6.46;0.74;20.66;20.34;8
2025-12-24T02:10:40.000;2025-12-23T19:10:40.000;15.76;-4.35;0.86;20.5;20.34;9
2025-12-24T02:20:58.000;2025-12-23T19:20:58.000;15.53;-2.43;1.04;20.3;20.34;10
2025-12-24T02:31:12.000;2025-12-23T19:31:12.000;15.35;-2.99;0.95;20.4;20.34;11
2025-12-24T02:41:27.000;2025-12-23T19:41:27.000;14.8;-2.19;1.11;20.22;20.34;12
2025-12-24T02:51:41.000;2025-12-23T19:51:41.000;15.0;-1.29;0.92;20.42;20.34;13
2025-12-24T03:01:55.000;2025-12-23T20:01:55.000;15.12;-0.47;1.06;20.28;20.34;14
2025-12-24T03:12:09.000;2025-12-23T20:12:09.000;15.43;0.08;1.01;20.32;20.34;15
2025-12-24T03:22:23.000;2025-12-23T20:22:23.000;16.29;3.59;1.09;20.24;20.34;16
2025-12-24T03:32:38.000;2025-12-23T20:32:38.000;16.25;1.15;1.04;20.3;20.34;17
2025-12-24T03:42:52.000;2025-12-23T20:42:52.000;16.34;-0.55;0.87;20.49;20.34;18
2025-12-24T03:53:07.000;2025-12-23T20:53:07.000;16.47;-0.46;0.82;20.56;20.34;19
2025-12-24T04:03:25.000;2025-12-23T21:03:25.000;16.79;4.67;1.38;19.99;20.34;20
2025-12-24T04:13:43.000;2025-12-23T21:13:43.000;17.29;6.2;1.2;20.14;20.34;21
2025-12-24T04:24:01.000;2025-12-23T21:24:01.000;17.68;7.69;1.48;19.92;20.34;22
2025-12-24T04:34:15.000;2025-12-23T21:34:15.000;17.83;7.0;1.43;19.95;20.34;23
2025-12-24T04:44:28.000;2025-12-23T21:44:28.000;17.81;6.47;1.25;20.1;20.34;24
2025-12-24T04:54:45.000;2025-12-23T21:54:45.000;17.49;6.81;1.24;20.1;20.34;25
2025-12-24T05:04:59.000;2025-12-23T22:04:59.000;16.99;5.27;1.01;20.33;20.34;26
2025-12-24T05:15:13.000;2025-12-23T22:15:13.000;16.33;1.95;0.88;20.48;20.34;27
2025-12-24T05:25:27.000;2025-12-23T22:25:27.000;15.72;4.49;1.25;20.1;20.34;28
2025-12-24T05:35:41.000;2025-12-23T22:35:41.000;15.77;2.31;0.93;20.42;20.34;29
2025-12-24T05:45:56.000;2025-12-23T22:45:56.000;16.14;2.89;0.93;20.41;20.34;30
2025-12-24T05:56:13.000;2025-12-23T22:56:13.000;16.28;4.13;1.03;20.3;20.34;31
2025-12-24T06:06:28.000;2025-12-23T23:06:28.000;16.15;4.7;0.97;20.37;20.34;32
2025-12-24T06:16:43.000;2025-12-23T23:16:43.000;15.87;6.0;1.0;20.34;20.34;33
2025-12-24T06:26:57.000;2025-12-23T23:26:57.000;16.28;7.33;1.15;20.18;20.34;34
2025-12-24T06:37:11.000;2025-12-23T23:37:11.000;16.12;7.25;0.9;20.45;20.34;35
2025-12-24T06:47:27.000;2025-12-23T23:47:27.000;16.24;7.18;0.85;20.52;20.34;36
2025-12-24T06:57:42.000;2025-12-23T23:57:42.000;16.49;7.74;0.83;20.54;20.34;37
2025-12-24T07:07:56.000;2025-12-24T00:07:56.000;16.66;7.55;0.82;20.56;20.34;38
2025-12-24T07:18:10.000;2025-12-24T00:18:10.000;16.75;7.85;0.79;20.6;20.34;39
2025-12-24T07:28:25.000;2025-12-24T00:28:25.000;16.76;8.08;0.76;20.64;20.34;40
2025-12-24T07:38:39.000;2025-12-24T00:38:39.000;16.39;8.14;0.8;20.58;20.34;41
2025-12-24T07:48:56.000;2025-12-24T00:48:56.000;16.5;8.23;0.82;20.56;20.34;42
2025-12-24T07:59:10.000;2025-12-24T00:59:10.000;15.49;8.21;0.76;20.63;20.34;43
2025-12-24T08:14:42.000;2025-12-24T01:14:42.000;15.14;7.12;0.89;20.47;20.34;44
2025-12-24T08:25:03.000;2025-12-24T01:25:03.000;14.93;7.85;0.72;20.7;20.34;45
2025-12-24T08:35:16.000;2025-12-24T01:35:16.000;15.0;7.75;0.81;20.57;20.34;46
2025-12-24T08:45:31.000;2025-12-24T01:45:31.000;14.49;7.59;0.78;20.61;20.34;47
2025-12-24T08:55:44.000;2025-12-24T01:55:44.000;13.77;7.83;0.73;20.68;20.34;48
2025-12-24T09:05:58.000;2025-12-24T02:05:58.000;11.91;7.26;0.73;20.68;20.34;49
2025-12-24T09:16:12.000;2025-12-24T02:16:12.000;10.9;7.92;0.7;20.73;20.34;50
2025-12-27T00:41:00.000;2025-12-26T17:41:00.000;17.42;9.16;10043.0;10.34;20.34;1
2025-12-27T00:56:32.000;2025-12-26T17:56:32.000;19.05;8.54;579.74;13.43;20.34;2
2025-12-27T01:06:52.000;2025-12-26T18:06:52.000;18.86;5.52;43.1;16.25;20.34;3
2025-12-27T01:17:05.000;2025-12-26T18:17:05.000;17.8;8.25;8.71;17.99;20.34;4
2025-12-27T01:27:19.000;2025-12-26T18:27:19.000;17.65;10.55;4.25;18.77;20.34;5
2025-12-27T01:42:51.000;2025-12-26T18:42:51.000;17.11;15.49;3.31;19.04;20.34;6
2025-12-27T01:53:13.000;2025-12-26T18:53:13.000;15.84;10.82;3.18;19.08;20.34;7
2025-12-27T02:03:27.000;2025-12-26T19:03:27.000;15.2;10.44;4.28;18.76;20.34;8
2025-12-27T02:13:40.000;2025-12-26T19:13:40.000;14.84;10.12;4.7;18.66;20.34;9
2025-12-27T02:23:55.000;2025-12-26T19:23:55.000;14.51;6.87;4.34;18.75;20.34;10
2025-12-27T02:34:11.000;2025-12-26T19:34:11.000;14.03;4.31;4.81;18.63;20.34;11
2025-12-27T02:44:27.000;2025-12-26T19:44:27.000;13.56;4.43;5.12;18.57;20.34;12
2025-12-27T02:54:46.000;2025-12-26T19:54:46.000;13.56;0.68;2.9;19.18;20.34;13
2025-12-27T03:05:03.000;2025-12-26T20:05:03.000;13.23;2.37;4.55;18.69;20.34;14
2025-12-27T03:15:20.000;2025-12-26T20:15:20.000;13.7;8.03;4.4;18.73;20.34;15
2025-12-27T03:35:56.000;2025-12-26T20:35:56.000;13.79;0.35;3.0;19.15;20.34;17
2025-12-27T03:51:28.000;2025-12-26T20:51:28.000;14.72;4.1;4.15;18.79;20.34;18
2025-12-27T04:01:52.000;2025-12-26T21:01:52.000;15.22;9.83;3.13;19.1;20.34;19
2025-12-27T04:12:10.000;2025-12-26T21:12:10.000;14.85;8.54;3.24;19.06;20.34;20
2025-12-27T04:22:26.000;2025-12-26T21:22:26.000;14.71;7.21;3.12;19.1;20.34;21
2025-12-27T04:32:40.000;2025-12-26T21:32:40.000;14.59;6.07;3.38;19.02;20.34;22
2025-12-27T04:42:57.000;2025-12-26T21:42:57.000;14.35;1.6;2.23;19.47;20.34;23
2025-12-27T04:53:11.000;2025-12-26T21:53:11.000;14.2;3.35;1.51;19.89;20.34;24
2025-12-27T05:03:25.000;2025-12-26T22:03:25.000;14.79;6.6;3.03;19.14;20.34;25
2025-12-27T05:13:39.000;2025-12-26T22:13:39.000;14.96;5.6;2.53;19.33;20.34;26
2025-12-27T05:29:11.000;2025-12-26T22:29:11.000;15.52;3.98;2.08;19.55;20.34;27
2025-12-27T05:39:31.000;2025-12-26T22:39:31.000;15.6;4.83;2.09;19.54;20.34;28
2025-12-27T05:49:44.000;2025-12-26T22:49:44.000;15.05;5.92;1.47;19.92;20.34;29
2025-12-27T06:00:00.000;2025-12-26T23:00:00.000;15.03;3.89;1.0;20.34;20.34;30
2025-12-27T06:10:15.000;2025-12-26T23:10:15.000;15.19;6.43;0.9;20.46;20.34;31
2025-12-27T06:20:29.000;2025-12-26T23:20:29.000;15.19;6.64;1.1;20.24;20.34;32
2025-12-27T06:36:01.000;2025-12-26T23:36:01.000;16.12;6.62;1.33;20.03;20.34;33
2025-12-27T06:46:24.000;2025-12-26T23:46:24.000;15.99;5.12;0.79;20.6;20.34;34
2025-12-27T06:56:38.000;2025-12-26T23:56:38.000;15.07;5.03;0.8;20.59;20.34;35
2025-12-27T07:06:51.000;2025-12-27T00:06:51.000;14.81;5.26;0.7;20.72;20.34;36
2025-12-27T07:17:06.000;2025-12-27T00:17:06.000;14.63;5.56;0.59;20.91;20.34;37
2025-12-27T07:27:19.000;2025-12-27T00:27:19.000;14.64;5.25;0.53;21.03;20.34;38
2025-12-27T07:37:34.000;2025-12-27T00:37:34.000;14.16;5.71;0.64;20.83;20.34;39
2025-12-27T07:47:53.000;2025-12-27T00:47:53.000;14.06;5.43;0.53;21.03;20.34;40
2025-12-27T07:58:07.000;2025-12-27T00:58:07.000;14.39;7.05;0.7;20.72;20.34;41
2025-12-27T08:08:22.000;2025-12-27T01:08:22.000;14.19;5.05;0.55;21.0;20.34;42
2025-12-27T08:18:41.000;2025-12-27T01:18:41.000;13.99;-0.47;0.46;21.17;20.34;43
2025-12-27T08:28:59.000;2025-12-27T01:28:59.000;13.69;3.51;0.62;20.86;20.34;44
2025-12-27T08:39:16.000;2025-12-27T01:39:16.000;14.64;6.0;0.57;20.94;20.34;45
2025-12-27T08:49:32.000;2025-12-27T01:49:32.000;14.95;6.07;0.58;20.93;20.34;46
2025-12-27T08:59:47.000;2025-12-27T01:59:47.000;15.06;7.6;0.98;20.37;20.34;47
2025-12-27T09:10:01.000;2025-12-27T02:10:01.000;14.92;7.42;1.42;19.96;20.34;48
2025-12-27T09:20:18.000;2025-12-27T02:20:18.000;14.12;9.43;1.05;20.29;20.34;49
2025-12-29T00:47:39.000;2025-12-28T17:47:39.000;9.51;-16.84;4949.39;11.1;20.34;1
2025-12-29T00:57:53.000;2025-12-28T17:57:53.000;9.27;-17.15;408.8;13.81;20.34;2
2025-12-29T01:08:06.000;2025-12-28T18:08:06.000;8.98;-18.28;41.93;16.28;20.34;3
2025-12-29T01:18:20.000;2025-12-28T18:18:20.000;7.91;-18.4;15.4;17.37;20.34;4
2025-12-29T01:28:33.000;2025-12-28T18:28:33.000;9.22;-17.48;13.73;17.5;20.34;5
2025-12-29T01:38:48.000;2025-12-28T18:38:48.000;8.9;-17.91;11.75;17.67;20.34;6
2025-12-29T01:49:02.000;2025-12-28T18:49:02.000;8.26;-18.89;11.41;17.7;20.34;7
2025-12-29T01:59:16.000;2025-12-28T18:59:16.000;7.9;-19.03;11.38;17.7;20.34;8
2025-12-29T02:09:33.000;2025-12-28T19:09:33.000;8.11;-18.64;11.22;17.72;20.34;9
2025-12-29T02:19:47.000;2025-12-28T19:19:47.000;8.28;-19.19;11.02;17.73;20.34;10
2025-12-29T02:30:01.000;2025-12-28T19:30:01.000;7.51;-18.79;10.52;17.79;20.34;11
2025-12-29T02:40:14.000;2025-12-28T19:40:14.000;7.2;-19.2;9.69;17.87;20.34;12
2025-12-29T02:50:28.000;2025-12-28T19:50:28.000;6.72;-18.92;9.27;17.92;20.34;13
2025-12-29T03:00:46.000;2025-12-28T20:00:46.000;6.62;-18.58;8.66;18.0;20.34;14
2025-12-29T03:11:02.000;2025-12-28T20:11:02.000;6.42;-18.86;7.62;18.14;20.34;15
2025-12-29T03:21:17.000;2025-12-28T20:21:17.000;6.31;-18.98;7.02;18.22;20.34;16
2025-12-29T03:31:35.000;2025-12-28T20:31:35.000;5.97;-19.34;6.15;18.37;20.34;17
2025-12-29T03:41:49.000;2025-12-28T20:41:49.000;5.61;-19.33;5.79;18.43;20.34;18
2025-12-29T03:52:04.000;2025-12-28T20:52:04.000;5.76;-19.68;5.39;18.51;20.34;19
2025-12-29T04:02:18.000;2025-12-28T21:02:18.000;5.69;-19.45;4.93;18.61;20.34;20
2025-12-29T04:17:59.000;2025-12-28T21:17:59.000;6.56;-20.38;4.96;18.6;20.34;21
2025-12-29T04:28:27.000;2025-12-28T21:28:27.000;6.28;-20.28;4.49;18.71;20.34;22
2025-12-29T04:38:39.000;2025-12-28T21:38:39.000;5.55;-20.26;4.76;18.65;20.34;23
2025-12-29T04:48:53.000;2025-12-28T21:48:53.000;5.23;-20.19;4.78;18.64;20.34;24
2025-12-29T05:19:31.000;2025-12-28T22:19:31.000;7.22;-16.91;5.36;18.52;20.34;26
2025-12-29T05:29:54.000;2025-12-28T22:29:54.000;7.66;-14.01;7.12;18.21;20.34;27
2025-12-29T05:40:09.000;2025-12-28T22:40:09.000;7.01;-16.33;3.04;19.13;20.34;28
2025-12-29T05:50:24.000;2025-12-28T22:50:24.000;6.45;-15.71;4.94;18.61;20.34;29
2025-12-29T06:00:38.000;2025-12-28T23:00:38.000;5.8;-18.08;3.7;18.92;20.34;30
2025-12-29T06:10:51.000;2025-12-28T23:10:51.000;5.3;-19.23;2.8;19.22;20.34;31
2025-12-29T06:21:08.000;2025-12-28T23:21:08.000;4.99;-19.42;2.65;19.28;20.34;32
2025-12-29T06:31:23.000;2025-12-28T23:31:23.000;4.92;-18.88;2.83;19.21;20.34;33
2025-12-29T06:41:40.000;2025-12-28T23:41:40.000;4.75;-19.07;2.33;19.42;20.34;34
2025-12-29T06:51:55.000;2025-12-28T23:51:55.000;4.53;-19.07;2.13;19.52;20.34;35
2025-12-29T07:02:12.000;2025-12-29T00:02:12.000;4.61;-19.14;1.49;19.91;20.34;36
2025-12-29T07:12:37.000;2025-12-29T00:12:37.000;4.45;-18.28;1.9;19.65;20.34;37
2025-12-29T07:22:53.000;2025-12-29T00:22:53.000;4.3;-18.6;1.97;19.6;20.34;38
2025-12-29T07:33:08.000;2025-12-29T00:33:08.000;4.28;-19.04;1.67;19.78;20.34;39
2025-12-29T07:43:22.000;2025-12-29T00:43:22.000;4.22;-19.76;1.26;20.09;20.34;40
2025-12-29T07:53:37.000;2025-12-29T00:53:37.000;3.91;-19.85;1.02;20.32;20.34;41
2025-12-29T08:03:51.000;2025-12-29T01:03:51.000;4.09;-19.7;1.03;20.31;20.34;42
2025-12-29T08:14:06.000;2025-12-29T01:14:06.000;4.26;-18.36;1.48;19.91;20.34;43
2025-12-29T08:24:20.000;2025-12-29T01:24:20.000;3.91;-18.97;1.35;20.02;20.34;44
2025-12-29T08:34:34.000;2025-12-29T01:34:34.000;4.19;-19.23;0.94;20.41;20.34;45
2025-12-29T08:44:47.000;2025-12-29T01:44:47.000;3.84;-19.65;0.68;20.76;20.34;46
2025-12-29T08:55:01.000;2025-12-29T01:55:01.000;3.6;-19.81;0.56;20.96;20.34;47
2025-12-29T09:05:15.000;2025-12-29T02:05:15.000;3.39;-18.47;0.5;21.09;20.34;48
2025-12-29T09:15:29.000;2025-12-29T02:15:29.000;3.53;-18.99;0.39;21.35;20.34;49
2025-12-29T09:36:02.000;2025-12-29T02:36:02.000;5.82;-14.73;0.7;20.72;20.34;50
2025-12-29T09:46:25.000;2025-12-29T02:46:25.000;5.81;-17.08;0.39;21.36;20.34;51
2025-12-29T09:56:38.000;2025-12-29T02:56:38.000;4.63;-15.71;0.43;21.25;20.34;52
2025-12-29T10:06:53.000;2025-12-29T03:06:53.000;4.18;-15.94;0.4;21.34;20.34;53
2025-12-29T10:17:07.000;2025-12-29T03:17:07.000;4.16;-18.33;0.36;21.44;20.34;54
2025-12-29T10:27:21.000;2025-12-29T03:27:21.000;3.4;-18.63;0.35;21.47;20.34;55
2025-12-29T10:37:34.000;2025-12-29T03:37:34.000;3.08;-18.07;0.35;21.46;20.34;56
2025-12-29T10:47:48.000;2025-12-29T03:47:48.000;2.94;-17.02;0.29;21.67;20.34;57
2025-12-29T10:58:03.000;2025-12-29T03:58:03.000;3.49;-15.71;0.38;21.38;20.34;58
2025-12-29T11:08:18.000;2025-12-29T04:08:18.000;3.63;-15.04;0.32;21.57;20.34;59
2025-12-29T11:18:33.000;2025-12-29T04:18:33.000;3.71;-16.09;0.37;21.42;20.34;60
2025-12-29T11:28:47.000;2025-12-29T04:28:47.000;3.3;-16.47;0.4;21.33;20.34;61
2025-12-29T11:39:00.000;2025-12-29T04:39:00.000;3.03;-14.0;0.53;21.02;20.34;62
2025-12-29T11:49:14.000;2025-12-29T04:49:14.000;2.82;-15.42;0.39;21.35;20.34;63
2025-12-29T11:59:29.000;2025-12-29T04:59:29.000;3.17;-16.62;0.29;21.69;20.34;64
2025-12-29T12:09:44.000;2025-12-29T05:09:44.000;3.24;-16.89;0.3;21.66;20.34;65
2025-12-29T12:20:02.000;2025-12-29T05:20:02.000;3.17;-17.07;0.31;21.6;20.34;66
2025-12-31T00:47:31.000;2025-12-30T17:47:31.000;12.1;-8.64;6230.79;10.85;20.34;1
2025-12-31T00:57:46.000;2025-12-30T17:57:46.000;12.83;-10.07;449.5;13.71;20.34;2
2025-12-31T01:18:15.000;2025-12-30T18:18:15.000;13.2;-9.89;14.87;17.41;20.34;4
2025-12-31T01:28:30.000;2025-12-30T18:28:30.000;12.55;-9.13;13.69;17.5;20.34;5
2025-12-31T01:38:44.000;2025-12-30T18:38:44.000;12.45;-4.27;29.08;16.68;20.34;6
2025-12-31T01:48:59.000;2025-12-30T18:48:59.000;12.45;-2.81;30.9;16.62;20.34;7
2025-12-31T01:59:13.000;2025-12-30T18:59:13.000;12.39;-1.87;40.19;16.33;20.34;8
2025-12-31T02:09:27.000;2025-12-30T19:09:27.000;12.53;-1.11;42.04;16.28;20.34;9
2025-12-31T02:19:45.000;2025-12-30T19:19:45.000;12.49;-5.68;35.67;16.46;20.34;10
2025-12-31T02:29:59.000;2025-12-30T19:29:59.000;12.74;-9.66;45.71;16.19;20.34;11
2025-12-31T02:40:13.000;2025-12-30T19:40:13.000;12.86;-9.78;60.17;15.89;20.34;12
2025-12-31T02:55:45.000;2025-12-30T19:55:45.000;12.83;-9.68;127.05;15.08;20.34;13
2025-12-31T03:11:23.000;2025-12-30T20:11:23.000;13.38;-8.72;206.12;14.55;20.34;14
2025-12-31T03:21:45.000;2025-12-30T20:21:45.000;13.88;-4.86;236.37;14.41;20.34;15
2025-12-31T03:37:21.000;2025-12-30T20:37:21.000;16.14;-0.95;244.34;14.37;20.34;16
2025-12-31T03:47:46.000;2025-12-30T20:47:46.000;17.08;1.48;153.64;14.87;20.34;17
2025-12-31T03:58:00.000;2025-12-30T20:58:00.000;16.7;1.35;156.42;14.85;20.34;18
2025-12-31T04:08:18.000;2025-12-30T21:08:18.000;16.69;2.88;100.09;15.34;20.34;19
2025-12-31T04:18:36.000;2025-12-30T21:18:36.000;16.66;2.54;105.62;15.28;20.34;20
2025-12-31T04:34:09.000;2025-12-30T21:34:09.000;17.39;0.56;137.56;14.99;20.34;21
2025-12-31T04:49:47.000;2025-12-30T21:49:47.000;17.27;-4.36;68.14;15.76;20.34;22
2025-12-31T05:00:12.000;2025-12-30T22:00:12.000;16.78;2.82;54.72;15.99;20.34;23
2025-12-31T05:10:25.000;2025-12-30T22:10:25.000;16.44;4.87;45.11;16.2;20.34;24
2025-12-31T05:20:39.000;2025-12-30T22:20:39.000;16.45;5.68;44.09;16.23;20.34;25
2025-12-31T05:30:55.000;2025-12-30T22:30:55.000;16.43;5.65;43.01;16.26;20.34;26
2025-12-31T05:41:10.000;2025-12-30T22:41:10.000;16.59;5.37;42.93;16.26;20.34;27
2025-12-31T05:51:25.000;2025-12-30T22:51:25.000;16.53;5.79;35.97;16.45;20.34;28
2025-12-31T06:01:40.000;2025-12-30T23:01:40.000;16.52;6.88;27.68;16.73;20.34;29
2025-12-31T06:11:56.000;2025-12-30T23:11:56.000;16.48;6.47;28.06;16.72;20.34;30
2025-12-31T06:22:12.000;2025-12-30T23:22:12.000;16.3;4.66;31.32;16.6;20.34;31
2025-12-31T06:32:26.000;2025-12-30T23:32:26.000;16.07;2.25;28.49;16.7;20.34;32
2025-12-31T06:42:39.000;2025-12-30T23:42:39.000;15.79;-0.89;21.4;17.01;20.34;33
2025-12-31T06:52:54.000;2025-12-30T23:52:54.000;15.56;0.47;19.71;17.1;20.34;34
2025-12-31T07:03:08.000;2025-12-31T00:03:08.000;15.75;4.75;22.75;16.95;20.34;35
2025-12-31T07:13:22.000;2025-12-31T00:13:22.000;15.5;0.57;21.41;17.01;20.34;36
2025-12-31T07:23:37.000;2025-12-31T00:23:37.000;14.62;-4.29;15.7;17.35;20.34;37
2025-12-31T07:33:51.000;2025-12-31T00:33:51.000;13.64;-4.56;15.16;17.39;20.34;38
2025-12-31T07:44:04.000;2025-12-31T00:44:04.000;13.43;-4.57;12.99;17.56;20.34;39
2025-12-31T07:54:18.000;2025-12-31T00:54:18.000;13.6;-5.69;11.07;17.73;20.34;40
2025-12-31T08:04:32.000;2025-12-31T01:04:32.000;13.64;-6.76;9.76;17.87;20.34;41
2025-12-31T08:14:46.000;2025-12-31T01:14:46.000;13.26;-7.55;8.49;18.02;20.34;42
2025-12-31T08:30:03.000;2025-12-31T01:30:03.000;15.02;-8.71;7.31;18.18;20.34;43
2025-12-31T08:40:25.000;2025-12-31T01:40:25.000;14.52;-9.07;5.28;18.53;20.34;44
2025-12-31T08:50:41.000;2025-12-31T01:50:41.000;13.99;-9.36;4.35;18.74;20.34;45
2025-12-31T09:00:55.000;2025-12-31T02:00:55.000;12.8;-9.62;4.77;18.64;20.34;46
2025-12-31T09:11:09.000;2025-12-31T02:11:09.000;13.2;-8.8;4.39;18.73;20.34;47
2025-12-31T09:21:25.000;2025-12-31T02:21:25.000;13.61;-9.08;4.1;18.81;20.34;48
2025-12-31T09:31:40.000;2025-12-31T02:31:40.000;12.9;-9.03;3.8;18.89;20.34;49
2025-12-31T09:41:54.000;2025-12-31T02:41:54.000;12.45;-9.18;3.42;19.01;20.34;50
2025-12-31T09:52:07.000;2025-12-31T02:52:07.000;11.84;-9.42;2.52;19.34;20.34;51
2025-12-31T10:02:23.000;2025-12-31T03:02:23.000;11.38;-9.63;2.28;19.45;20.34;52
2025-12-31T10:17:55.000;2025-12-31T03:17:55.000;11.85;-9.22;2.7;19.26;20.34;53
2025-12-31T10:28:17.000;2025-12-31T03:28:17.000;12.96;-8.91;2.11;19.53;20.34;54
2025-12-31T10:38:31.000;2025-12-31T03:38:31.000;12.89;-7.54;1.62;19.81;20.34;55
2025-12-31T10:48:45.000;2025-12-31T03:48:45.000;12.95;-7.24;1.74;19.74;20.34;56
2025-12-31T10:59:02.000;2025-12-31T03:59:02.000;12.4;-7.42;1.61;19.82;20.34;57
2025-12-31T11:09:15.000;2025-12-31T04:09:15.000;11.78;-9.17;0.88;20.47;20.34;58
2025-12-31T11:19:30.000;2025-12-31T04:19:30.000;11.73;-9.41;0.58;20.94;20.34;59
2025-12-31T11:34:50.000;2025-12-31T04:34:50.000;13.78;-8.38;0.63;20.85;20.34;60
2025-12-31T11:45:12.000;2025-12-31T04:45:12.000;15.37;-8.11;0.31;21.62;20.34;61
2025-12-31T11:55:26.000;2025-12-31T04:55:26.000;15.48;-7.96;0.45;21.22;20.34;62
2025-12-31T12:05:43.000;2025-12-31T05:05:43.000;15.38;-7.77;0.39;21.35;20.34;63
2025-12-31T12:26:12.000;2025-12-31T05:26:12.000;13.26;-7.6;0.47;21.16;20.34;65
2025-12-31T12:36:26.000;2025-12-31T05:36:26.000;13.19;-3.55;0.56;20.97;20.34;66
2025-12-31T12:46:40.000;2025-12-31T05:46:40.000;13.12;1.13;0.65;20.8;20.34;67
2025-12-31T12:56:53.000;2025-12-31T05:56:53.000;13.13;0.62;0.48;21.15;20.34;68
2025-12-31T13:07:07.000;2025-12-31T06:07:07.000;13.22;5.32;0.86;20.5;20.34;69
