# Definition of the community standard for skyglow observations 1.0
# URL: http://www.darksky.org/NSBM/sdf1.0.pdf
# Number of header lines: 35
# This data is released under the following license: ODbL 1.0 http://opendatacommons.org/licenses/odbl/summary/
# Device type: TESS-W
# Instrument ID: stars1414
# Data supplier: None / None
# Location name: Vatican Advanced Technology Telescope / Safford / Arizona / Arizona / United States 
# Position: 32.7013, -109.892, None
# Local timezone: America/Phoenix
# Time Synchronization: timestamp added by MQTT subscriber
# Moving / Stationary position: STATIONARY
# Moving / Fixed look direction: FIXED
# Number of channels: 1
# Filters per channel: None
# Measurement direction per channel: (0.0, 0.0)
# Field of view: 17.0
# Number of fields per line: 8
# TESS MAC address: D0:EF:76:11:23:98
# TESS firmware version: Oct 17 2024 v4.32
# TESS cover offset value: 0.0
# TESS zero point: 20.34
# Comment:  
# Comment:
# Comment:
# Comment:
# Comment:
# Comment: 
# Comment: MSAS = ZP - 2.5*log10(Frequency)
# blank line 30
# blank line 31
# blank line 32
# UTC Date & Time, Local Date & Time, Enclosure Temperature, Sky Temperature, Frequency, MSAS, ZP, Sequence Number
# YYYY-MM-DDTHH:mm:ss.fff;YYYY-MM-DDTHH:mm:ss.fff;Celsius;Celsius;Hz;mag/arcsec^2;mag/arcsec^2; Multiple of Tx period
# END OF HEADER
2026-09-01T02:09:45.000;2026-08-31T19:09:45.000;21.61;12.43;13208.73;10.04;20.34;1
2026-09-01T02:19:59.000;2026-08-31T19:19:59.000;21.96;12.27;791.85;13.09;20.34;2
2026-09-01T02:30:12.000;2026-08-31T19:30:12.000;21.93;11.96;116.61;15.17;20.34;3
2026-09-01T02:40:25.000;2026-08-31T19:40:25.000;22.18;8.92;10.31;17.81;20.34;4
2026-09-01T02:50:39.000;2026-08-31T19:50:39.000;21.83;6.67;1.47;19.92;20.34;5
2026-09-01T03:00:52.000;2026-08-31T20:00:52.000;21.27;4.26;0.39;21.35;20.34;6
2026-09-01T03:11:06.000;2026-08-31T20:11:06.000;20.81;3.53;0.32;21.57;20.34;7
2026-09-01T03:21:19.000;2026-08-31T20:21:19.000;20.46;2.46;0.26;21.79;20.34;8
2026-09-01T03:31:32.000;2026-08-31T20:31:32.000;20.33;4.27;0.35;21.49;20.34;9
2026-09-01T03:41:46.000;2026-08-31T20:41:46.000;20.27;9.46;0.37;21.41;20.34;10
2026-09-01T03:51:59.000;2026-08-31T20:51:59.000;20.47;11.12;0.53;21.03;20.34;11
2026-09-01T04:02:13.000;2026-08-31T21:02:13.000;20.29;10.18;0.6;20.9;20.34;12
2026-09-01T04:12:26.000;2026-08-31T21:12:26.000;19.81;5.19;0.69;20.74;20.34;13
2026-09-01T04:22:39.000;2026-08-31T21:22:39.000;18.69;0.85;0.69;20.75;20.34;14
2026-09-01T04:32:55.000;2026-08-31T21:32:55.000;18.55;0.81;0.88;20.48;20.34;15
2026-09-01T04:43:08.000;2026-08-31T21:43:08.000;18.38;0.66;1.13;20.21;20.34;16
2026-09-01T04:53:22.000;2026-08-31T21:53:22.000;18.02;0.56;1.23;20.12;20.34;17
2026-09-01T05:03:35.000;2026-08-31T22:03:35.000;17.83;0.3;1.16;20.18;20.34;18
2026-09-01T05:13:49.000;2026-08-31T22:13:49.000;17.73;0.19;1.06;20.28;20.34;19
2026-09-01T05:24:03.000;2026-08-31T22:24:03.000;17.65;0.15;1.48;19.92;20.34;20
2026-09-01T05:34:16.000;2026-08-31T22:34:16.000;17.42;0.29;2.01;19.58;20.34;21
2026-09-01T05:44:30.000;2026-08-31T22:44:30.000;17.05;0.43;2.1;19.53;20.34;22
2026-09-01T05:54:43.000;2026-08-31T22:54:43.000;17.13;0.3;2.22;19.47;20.34;23
2026-09-01T06:04:56.000;2026-08-31T23:04:56.000;17.42;1.78;2.38;19.4;20.34;24
2026-09-01T06:15:11.000;2026-08-31T23:15:11.000;17.35;0.46;2.56;19.32;20.34;25
2026-09-01T06:25:25.000;2026-08-31T23:25:25.000;17.54;0.38;2.71;19.26;20.34;26
2026-09-01T06:35:39.000;2026-08-31T23:35:39.000;17.45;0.29;2.96;19.16;20.34;27
2026-09-01T06:45:53.000;2026-08-31T23:45:53.000;16.94;0.31;3.31;19.04;20.34;28
2026-09-01T06:56:07.000;2026-08-31T23:56:07.000;17.38;0.15;3.65;18.93;20.34;29
2026-09-01T07:06:20.000;2026-09-01T00:06:20.000;17.04;0.01;4.16;18.79;20.34;30
2026-09-01T07:16:34.000;2026-09-01T00:16:34.000;16.82;-0.12;4.46;18.72;20.34;31
2026-09-01T07:26:48.000;2026-09-01T00:26:48.000;16.76;-0.83;4.93;18.61;20.34;32
2026-09-01T07:37:02.000;2026-09-01T00:37:02.000;16.27;-0.45;5.42;18.5;20.34;33
2026-09-01T07:47:16.000;2026-09-01T00:47:16.000;16.13;0.2;6.16;18.37;20.34;34
2026-09-01T07:57:29.000;2026-09-01T00:57:29.000;16.4;1.39;7.06;18.22;20.34;35
2026-09-01T08:07:43.000;2026-09-01T01:07:43.000;16.35;2.6;8.11;18.07;20.34;36
2026-09-01T08:17:56.000;2026-09-01T01:17:56.000;16.18;2.61;9.71;17.87;20.34;37
2026-09-01T08:28:10.000;2026-09-01T01:28:10.000;16.09;1.88;11.48;17.69;20.34;38
2026-09-01T08:38:23.000;2026-09-01T01:38:23.000;15.99;1.55;14.03;17.47;20.34;39
2026-09-01T08:48:36.000;2026-09-01T01:48:36.000;15.84;1.98;16.8;17.28;20.34;40
2026-09-01T08:58:50.000;2026-09-01T01:58:50.000;16.15;4.16;20.29;17.07;20.34;41
2026-09-01T09:09:04.000;2026-09-01T02:09:04.000;15.97;4.19;24.37;16.87;20.34;42
2026-09-01T09:19:17.000;2026-09-01T02:19:17.000;16.04;4.57;30.65;16.62;20.34;43
2026-09-01T09:29:31.000;2026-09-01T02:29:31.000;16.49;6.52;37.03;16.42;20.34;44
2026-09-01T09:39:45.000;2026-09-01T02:39:45.000;16.6;5.32;46.23;16.18;20.34;45
2026-09-01T09:49:59.000;2026-09-01T02:49:59.000;17.03;3.37;52.04;16.05;20.34;46
2026-09-01T10:00:12.000;2026-09-01T03:00:12.000;17.11;-1.09;59.71;15.9;20.34;47
2026-09-01T10:10:26.000;2026-09-01T03:10:26.000;17.0;-1.07;71.19;15.71;20.34;48
2026-09-01T10:20:40.000;2026-09-01T03:20:40.000;16.47;-1.25;74.6;15.66;20.34;49
2026-09-02T02:06:47.000;2026-09-01T19:06:47.000;23.47;5.66;6719.24;10.77;20.34;1
2026-09-02T02:17:01.000;2026-09-01T19:17:01.000;23.59;6.15;393.4;13.85;20.34;2
2026-09-02T02:27:14.000;2026-09-01T19:27:14.000;23.72;5.98;38.21;16.38;20.34;3
2026-09-02T02:37:28.000;2026-09-01T19:37:28.000;23.69;7.7;5.89;18.42;20.34;4
2026-09-02T02:47:41.000;2026-09-01T19:47:41.000;23.11;5.94;1.12;20.21;20.34;5
2026-09-02T02:57:55.000;2026-09-01T19:57:55.000;22.67;5.62;0.3;21.63;20.34;6
2026-09-02T03:08:09.000;2026-09-01T20:08:09.000;22.47;5.44;0.28;21.72;20.34;7
2026-09-02T03:18:22.000;2026-09-01T20:18:22.000;22.14;5.78;0.33;21.55;20.34;8
2026-09-02T03:28:36.000;2026-09-01T20:28:36.000;21.91;6.57;0.34;21.51;20.34;9
2026-09-02T03:38:49.000;2026-09-01T20:38:49.000;22.1;6.26;0.29;21.67;20.34;10
2026-09-02T03:49:03.000;2026-09-01T20:49:03.000;22.36;5.73;0.33;21.53;20.34;11
2026-09-02T03:59:17.000;2026-09-01T20:59:17.000;21.82;5.16;0.28;21.7;20.34;12
2026-09-02T04:09:30.000;2026-09-01T21:09:30.000;21.82;5.04;0.38;21.39;20.34;13
2026-09-02T04:19:44.000;2026-09-01T21:19:44.000;21.67;4.54;0.42;21.28;20.34;14
2026-09-02T04:29:58.000;2026-09-01T21:29:58.000;21.1;4.11;0.55;20.99;20.34;15
2026-09-02T04:40:11.000;2026-09-01T21:40:11.000;20.62;3.15;0.55;20.99;20.34;16
2026-09-02T04:50:24.000;2026-09-01T21:50:24.000;20.1;3.16;0.71;20.71;20.34;17
2026-09-02T05:00:37.000;2026-09-01T22:00:37.000;20.08;3.39;0.79;20.6;20.34;18
2026-09-02T05:10:51.000;2026-09-01T22:10:51.000;19.73;3.35;0.82;20.55;20.34;19
2026-09-02T05:21:05.000;2026-09-01T22:21:05.000;19.38;3.37;1.11;20.22;20.34;20
2026-09-02T05:31:18.000;2026-09-01T22:31:18.000;19.32;3.1;1.23;20.12;20.34;21
2026-09-02T05:41:32.000;2026-09-01T22:41:32.000;19.37;3.07;1.33;20.03;20.34;22
2026-09-02T05:51:45.000;2026-09-01T22:51:45.000;19.09;3.11;1.26;20.09;20.34;23
2026-09-02T06:01:59.000;2026-09-01T23:01:59.000;19.19;3.02;1.35;20.01;20.34;24
2026-09-02T06:12:13.000;2026-09-01T23:12:13.000;18.79;3.18;1.42;19.96;20.34;25
2026-09-02T06:22:27.000;2026-09-01T23:22:27.000;19.69;2.86;1.65;19.8;20.34;26
2026-09-02T06:32:40.000;2026-09-01T23:32:40.000;19.3;3.05;1.79;19.71;20.34;27
2026-09-02T06:42:54.000;2026-09-01T23:42:54.000;19.15;3.17;1.91;19.64;20.34;28
2026-09-02T06:53:08.000;2026-09-01T23:53:08.000;19.17;2.81;1.96;19.61;20.34;29
2026-09-02T07:03:21.000;2026-09-02T00:03:21.000;19.03;2.45;2.06;19.55;20.34;30
2026-09-02T07:13:35.000;2026-09-02T00:13:35.000;18.73;2.67;2.2;19.49;20.34;31
2026-09-02T07:23:49.000;2026-09-02T00:23:49.000;19.22;2.46;2.52;19.34;20.34;32
2026-09-02T07:34:02.000;2026-09-02T00:34:02.000;18.97;2.65;2.97;19.16;20.34;33
2026-09-02T07:44:16.000;2026-09-02T00:44:16.000;18.78;2.37;3.41;19.01;20.34;34
2026-09-02T07:54:29.000;2026-09-02T00:54:29.000;19.04;3.11;3.49;18.98;20.34;35
2026-09-02T08:04:43.000;2026-09-02T01:04:43.000;19.31;3.63;3.54;18.97;20.34;36
2026-09-02T08:14:58.000;2026-09-02T01:14:58.000;20.19;3.47;3.5;18.98;20.34;37
2026-09-02T08:25:12.000;2026-09-02T01:25:12.000;20.09;3.51;3.46;18.99;20.34;38
2026-09-02T08:35:25.000;2026-09-02T01:35:25.000;19.43;2.92;3.81;18.89;20.34;39
2026-09-02T08:45:38.000;2026-09-02T01:45:38.000;18.83;2.73;4.09;18.81;20.34;40
2026-09-02T08:55:52.000;2026-09-02T01:55:52.000;18.7;2.76;4.77;18.64;20.34;41
2026-09-02T09:06:06.000;2026-09-02T02:06:06.000;18.65;2.75;5.49;18.49;20.34;42
2026-09-02T09:16:19.000;2026-09-02T02:16:19.000;18.44;2.96;7.27;18.19;20.34;43
2026-09-02T09:26:33.000;2026-09-02T02:26:33.000;18.35;3.2;8.81;17.98;20.34;44
2026-09-02T09:36:47.000;2026-09-02T02:36:47.000;18.46;3.23;10.8;17.76;20.34;45
2026-09-02T09:47:00.000;2026-09-02T02:47:00.000;18.45;3.27;11.38;17.7;20.34;46
2026-09-02T09:57:14.000;2026-09-02T02:57:14.000;18.51;3.13;17.03;17.26;20.34;47
2026-09-02T10:07:27.000;2026-09-02T03:07:27.000;18.45;3.25;21.57;17.01;20.34;48
2026-09-02T10:17:41.000;2026-09-02T03:17:41.000;18.37;3.22;33.74;16.52;20.34;49
2026-09-02T10:27:54.000;2026-09-02T03:27:54.000;18.11;3.03;63.62;15.83;20.34;50
2026-09-02T10:38:08.000;2026-09-02T03:38:08.000;18.13;3.23;77.97;15.61;20.34;51
2026-09-02T10:48:22.000;2026-09-02T03:48:22.000;17.83;3.14;91.69;15.43;20.34;52
2026-09-02T10:58:35.000;2026-09-02T03:58:35.000;18.16;3.33;93.58;15.41;20.34;53
2026-09-02T11:08:49.000;2026-09-02T04:08:49.000;18.08;3.22;102.25;15.32;20.34;54
2026-09-02T11:19:03.000;2026-09-02T04:19:03.000;18.16;3.22;107.61;15.26;20.34;55
2026-09-02T11:29:16.000;2026-09-02T04:29:16.000;18.21;3.09;108.98;15.25;20.34;56
2026-09-02T11:39:30.000;2026-09-02T04:39:30.000;18.39;3.63;54.82;15.99;20.34;57
2026-09-02T11:49:44.000;2026-09-02T04:49:44.000;18.68;5.58;33.2;16.54;20.34;58
2026-09-02T11:59:57.000;2026-09-02T04:59:57.000;18.55;2.96;98.45;15.36;20.34;59
2026-09-02T12:10:11.000;2026-09-02T05:10:11.000;18.38;5.42;43.84;16.24;20.34;60
2026-09-02T12:20:25.000;2026-09-02T05:20:25.000;18.83;9.6;101.19;15.33;20.34;61
2026-09-02T12:30:38.000;2026-09-02T05:30:38.000;18.96;9.6;240.67;14.39;20.34;62
2026-09-02T12:40:52.000;2026-09-02T05:40:52.000;19.16;12.24;3258.45;11.56;20.34;63
2026-09-03T02:02:59.000;2026-09-02T19:02:59.000;22.07;13.76;7358.48;10.67;20.34;1
2026-09-03T02:13:13.000;2026-09-02T19:13:13.000;23.19;14.98;358.19;13.95;20.34;2
2026-09-03T02:23:27.000;2026-09-02T19:23:27.000;23.87;16.15;59.59;15.9;20.34;3
2026-09-03T02:33:41.000;2026-09-02T19:33:41.000;23.86;14.12;13.18;17.54;20.34;4
2026-09-03T02:43:53.000;2026-09-02T19:43:53.000;21.61;16.61;2.37;19.41;20.34;5
2026-09-03T02:54:06.000;2026-09-02T19:54:06.000;21.33;14.06;0.58;20.94;20.34;6
2026-09-03T03:04:19.000;2026-09-02T20:04:19.000;21.01;12.46;0.3;21.63;20.34;7
2026-09-03T03:14:33.000;2026-09-02T20:14:33.000;20.79;10.69;0.33;21.55;20.34;8
2026-09-03T03:24:46.000;2026-09-02T20:24:46.000;20.48;6.73;0.25;21.87;20.34;9
2026-09-03T03:34:59.000;2026-09-02T20:34:59.000;20.21;5.7;0.34;21.52;20.34;10
2026-09-03T03:45:13.000;2026-09-02T20:45:13.000;19.91;5.28;0.33;21.53;20.34;11
2026-09-03T03:55:26.000;2026-09-02T20:55:26.000;19.72;7.32;0.31;21.6;20.34;12
2026-09-03T04:05:40.000;2026-09-02T21:05:40.000;19.94;8.23;0.35;21.49;20.34;13
2026-09-03T04:15:54.000;2026-09-02T21:15:54.000;19.94;6.71;0.35;21.47;20.34;14
2026-09-03T04:26:07.000;2026-09-02T21:26:07.000;19.9;5.61;0.35;21.48;20.34;15
2026-09-03T04:36:20.000;2026-09-02T21:36:20.000;19.72;3.87;0.32;21.57;20.34;16
2026-09-03T04:46:34.000;2026-09-02T21:46:34.000;19.45;4.27;0.36;21.45;20.34;17
2026-09-03T04:56:47.000;2026-09-02T21:56:47.000;19.48;8.95;0.36;21.46;20.34;18
2026-09-03T05:07:01.000;2026-09-02T22:07:01.000;19.41;8.6;0.3;21.64;20.34;19
2026-09-03T05:17:14.000;2026-09-02T22:17:14.000;19.67;10.61;0.36;21.45;20.34;20
2026-09-03T05:27:28.000;2026-09-02T22:27:28.000;19.89;12.55;0.45;21.2;20.34;21
2026-09-03T05:37:41.000;2026-09-02T22:37:41.000;20.31;13.5;0.81;20.57;20.34;22
2026-09-03T05:47:55.000;2026-09-02T22:47:55.000;20.55;14.71;0.95;20.4;20.34;23
2026-09-03T05:58:09.000;2026-09-02T22:58:09.000;20.8;15.19;1.1;20.24;20.34;24
2026-09-03T06:08:22.000;2026-09-02T23:08:22.000;21.32;15.46;1.07;20.26;20.34;25
2026-09-03T06:18:36.000;2026-09-02T23:18:36.000;21.48;14.82;1.37;20.0;20.34;26
2026-09-03T06:28:50.000;2026-09-02T23:28:50.000;21.45;15.28;1.28;20.07;20.34;27
2026-09-03T06:39:03.000;2026-09-02T23:39:03.000;21.46;15.21;1.87;19.66;20.34;28
2026-09-03T06:49:17.000;2026-09-02T23:49:17.000;21.49;15.05;2.44;19.37;20.34;29
2026-09-03T06:59:30.000;2026-09-02T23:59:30.000;21.49;13.59;2.98;19.15;20.34;30
2026-09-03T07:09:43.000;2026-09-03T00:09:43.000;20.81;6.17;1.05;20.28;20.34;31
2026-09-03T07:19:57.000;2026-09-03T00:19:57.000;20.15;4.43;1.5;19.9;20.34;32
2026-09-03T07:30:10.000;2026-09-03T00:30:10.000;19.68;4.91;1.56;19.85;20.34;33
2026-09-03T07:40:23.000;2026-09-03T00:40:23.000;19.35;4.61;1.56;19.85;20.34;34
2026-09-03T07:50:37.000;2026-09-03T00:50:37.000;19.3;4.63;1.41;19.97;20.34;35
2026-09-03T08:00:50.000;2026-09-03T01:00:50.000;19.67;14.09;4.91;18.61;20.34;36
2026-09-03T08:11:05.000;2026-09-03T01:11:05.000;20.29;15.01;5.4;18.51;20.34;37
2026-09-03T08:21:19.000;2026-09-03T01:21:19.000;20.88;16.53;4.72;18.65;20.34;38
2026-09-03T08:31:33.000;2026-09-03T01:31:33.000;21.28;16.73;3.5;18.98;20.34;39
2026-09-03T08:41:47.000;2026-09-03T01:41:47.000;21.67;16.17;4.83;18.63;20.34;40
2026-09-03T08:52:01.000;2026-09-03T01:52:01.000;21.48;11.11;3.34;19.03;20.34;41
2026-09-03T09:02:14.000;2026-09-03T02:02:14.000;21.45;15.61;7.23;18.19;20.34;42
2026-09-03T09:12:28.000;2026-09-03T02:12:28.000;21.54;16.29;5.36;18.52;20.34;43
2026-09-03T09:22:41.000;2026-09-03T02:22:41.000;21.63;16.72;5.28;18.53;20.34;44
2026-09-03T09:32:55.000;2026-09-03T02:32:55.000;21.77;17.14;4.03;18.83;20.34;45
2026-09-03T09:43:09.000;2026-09-03T02:43:09.000;21.92;16.21;6.07;18.38;20.34;46
2026-09-03T09:53:22.000;2026-09-03T02:53:22.000;21.97;15.85;7.14;18.21;20.34;47
2026-09-03T10:03:36.000;2026-09-03T03:03:36.000;21.95;17.02;6.12;18.37;20.34;48
2026-09-03T10:13:50.000;2026-09-03T03:13:50.000;22.24;18.08;3.53;18.97;20.34;49
2026-09-03T10:24:03.000;2026-09-03T03:24:03.000;22.41;17.2;7.5;18.15;20.34;50
2026-09-03T10:34:17.000;2026-09-03T03:34:17.000;22.58;17.9;7.71;18.12;20.34;51
2026-09-03T10:44:31.000;2026-09-03T03:44:31.000;22.79;18.13;7.08;18.21;20.34;52
2026-09-03T10:54:45.000;2026-09-03T03:54:45.000;22.82;17.33;4.87;18.62;20.34;53
2026-09-03T11:04:58.000;2026-09-03T04:04:58.000;22.67;15.54;7.39;18.17;20.34;54
2026-09-03T11:15:11.000;2026-09-03T04:15:11.000;22.47;11.55;24.72;16.86;20.34;55
2026-09-03T11:25:25.000;2026-09-03T04:25:25.000;21.89;11.18;23.22;16.93;20.34;56
2026-09-03T11:35:38.000;2026-09-03T04:35:38.000;21.39;8.91;51.38;16.06;20.34;57
2026-09-03T11:45:52.000;2026-09-03T04:45:52.000;20.87;9.95;18.2;17.19;20.34;58
2026-09-03T11:56:05.000;2026-09-03T04:56:05.000;20.85;12.65;14.05;17.47;20.34;59
2026-09-03T12:06:19.000;2026-09-03T05:06:19.000;20.81;13.09;24.06;16.89;20.34;60
2026-09-03T12:16:32.000;2026-09-03T05:16:32.000;20.63;13.47;28.7;16.7;20.34;61
2026-09-03T12:26:46.000;2026-09-03T05:26:46.000;20.62;14.31;103.57;15.3;20.34;62
2026-09-03T12:37:00.000;2026-09-03T05:37:00.000;20.52;13.09;933.43;12.91;20.34;63
2026-09-03T12:47:13.000;2026-09-03T05:47:13.000;20.33;13.39;12071.27;10.14;20.34;64
2026-09-04T02:05:02.000;2026-09-03T19:05:02.000;21.13;4.69;6639.14;10.78;20.34;1
2026-09-04T02:15:16.000;2026-09-03T19:15:16.000;21.41;5.12;426.75;13.76;20.34;2
2026-09-04T02:25:30.000;2026-09-03T19:25:30.000;21.42;5.65;72.47;15.69;20.34;3
2026-09-04T02:35:43.000;2026-09-03T19:35:43.000;20.97;4.5;9.67;17.88;20.34;4
2026-09-04T02:45:57.000;2026-09-03T19:45:57.000;20.32;4.58;1.28;20.08;20.34;5
2026-09-04T02:56:10.000;2026-09-03T19:56:10.000;19.88;3.71;0.37;21.43;20.34;6
2026-09-04T03:06:25.000;2026-09-03T20:06:25.000;19.78;3.77;0.28;21.74;20.34;7
2026-09-04T03:16:39.000;2026-09-03T20:16:39.000;19.53;3.19;0.28;21.73;20.34;8
2026-09-04T03:26:53.000;2026-09-03T20:26:53.000;18.98;3.48;0.28;21.72;20.34;9
2026-09-04T03:37:06.000;2026-09-03T20:37:06.000;19.02;4.03;0.33;21.55;20.34;10
2026-09-04T03:47:20.000;2026-09-03T20:47:20.000;19.34;3.96;0.33;21.53;20.34;11
2026-09-04T03:57:34.000;2026-09-03T20:57:34.000;19.52;4.18;0.24;21.88;20.34;12
2026-09-04T04:07:47.000;2026-09-03T21:07:47.000;19.71;4.1;0.35;21.48;20.34;13
2026-09-04T04:18:01.000;2026-09-03T21:18:01.000;19.56;4.36;0.31;21.62;20.34;14
2026-09-04T04:28:15.000;2026-09-03T21:28:15.000;19.54;4.29;0.35;21.48;20.34;15
2026-09-04T04:38:29.000;2026-09-03T21:38:29.000;19.56;4.13;0.32;21.58;20.34;16
2026-09-04T04:48:43.000;2026-09-03T21:48:43.000;19.64;4.39;0.38;21.4;20.34;17
2026-09-04T04:58:56.000;2026-09-03T21:58:56.000;19.57;4.31;0.3;21.65;20.34;18
2026-09-04T05:09:10.000;2026-09-03T22:09:10.000;19.59;4.26;0.35;21.48;20.34;19
2026-09-04T05:19:24.000;2026-09-03T22:19:24.000;19.54;4.17;0.35;21.47;20.34;20
2026-09-04T05:29:37.000;2026-09-03T22:29:37.000;19.59;4.33;0.27;21.77;20.34;21
2026-09-04T05:39:51.000;2026-09-03T22:39:51.000;19.87;4.56;0.32;21.57;20.34;22
2026-09-04T05:50:04.000;2026-09-03T22:50:04.000;20.35;4.31;0.28;21.74;20.34;23
2026-09-04T06:00:18.000;2026-09-03T23:00:18.000;20.62;3.81;0.34;21.52;20.34;24
2026-09-04T06:10:32.000;2026-09-03T23:10:32.000;20.82;4.44;0.4;21.33;20.34;25
2026-09-04T06:20:46.000;2026-09-03T23:20:46.000;21.05;3.54;0.39;21.37;20.34;26
2026-09-04T06:30:59.000;2026-09-03T23:30:59.000;21.27;4.09;0.41;21.31;20.34;27
2026-09-04T06:41:14.000;2026-09-03T23:41:14.000;21.47;4.62;0.44;21.23;20.34;28
2026-09-04T06:51:27.000;2026-09-03T23:51:27.000;21.96;10.95;0.95;20.4;20.34;29
2026-09-04T07:01:41.000;2026-09-04T00:01:41.000;21.95;8.75;0.86;20.5;20.34;30
2026-09-04T07:11:54.000;2026-09-04T00:11:54.000;21.65;5.27;0.58;20.93;20.34;31
2026-09-04T07:22:08.000;2026-09-04T00:22:08.000;21.79;12.37;1.24;20.1;20.34;32
2026-09-04T07:32:22.000;2026-09-04T00:32:22.000;21.98;13.69;1.44;19.94;20.34;33
2026-09-04T07:42:36.000;2026-09-04T00:42:36.000;22.15;13.66;1.88;19.65;20.34;34
2026-09-04T07:52:50.000;2026-09-04T00:52:50.000;22.09;11.54;1.62;19.82;20.34;35
2026-09-04T08:03:03.000;2026-09-04T01:03:03.000;21.7;6.91;0.77;20.62;20.34;36
2026-09-04T08:13:17.000;2026-09-04T01:13:17.000;21.51;6.09;0.87;20.49;20.34;37
2026-09-04T08:23:30.000;2026-09-04T01:23:30.000;21.17;5.22;1.03;20.31;20.34;38
2026-09-04T08:33:43.000;2026-09-04T01:33:43.000;20.71;2.7;0.91;20.44;20.34;39
2026-09-04T08:43:56.000;2026-09-04T01:43:56.000;20.47;2.96;0.95;20.39;20.34;40
2026-09-04T08:54:10.000;2026-09-04T01:54:10.000;20.6;2.79;1.16;20.18;20.34;41
2026-09-04T09:04:23.000;2026-09-04T02:04:23.000;20.18;2.58;0.88;20.48;20.34;42
2026-09-04T09:14:37.000;2026-09-04T02:14:37.000;19.95;2.44;1.46;19.93;20.34;43
2026-09-04T09:24:50.000;2026-09-04T02:24:50.000;19.86;2.29;1.64;19.8;20.34;44
2026-09-04T09:35:04.000;2026-09-04T02:35:04.000;20.04;2.43;1.85;19.67;20.34;45
2026-09-04T09:45:18.000;2026-09-04T02:45:18.000;20.12;2.15;1.72;19.75;20.34;46
2026-09-04T09:55:31.000;2026-09-04T02:55:31.000;20.13;2.38;1.72;19.75;20.34;47
2026-09-04T10:05:45.000;2026-09-04T03:05:45.000;20.09;2.03;1.68;19.77;20.34;48
2026-09-04T10:16:00.000;2026-09-04T03:16:00.000;20.17;1.81;1.78;19.71;20.34;49
2026-09-04T10:26:13.000;2026-09-04T03:26:13.000;20.1;1.75;1.98;19.6;20.34;50
2026-09-04T10:36:26.000;2026-09-04T03:36:26.000;19.85;1.99;2.31;19.43;20.34;51
2026-09-04T10:46:40.000;2026-09-04T03:46:40.000;19.79;2.45;3.47;18.99;20.34;52
2026-09-04T10:56:54.000;2026-09-04T03:56:54.000;19.94;1.92;2.57;19.31;20.34;53
2026-09-04T11:07:07.000;2026-09-04T04:07:07.000;19.9;1.46;3.33;19.03;20.34;54
2026-09-04T11:17:21.000;2026-09-04T04:17:21.000;19.86;1.35;4.25;18.77;20.34;55
2026-09-04T11:27:34.000;2026-09-04T04:27:34.000;19.9;1.64;4.57;18.69;20.34;56
2026-09-04T11:37:48.000;2026-09-04T04:37:48.000;19.74;2.95;8.76;17.98;20.34;57
2026-09-04T11:48:01.000;2026-09-04T04:48:01.000;19.87;11.41;8.1;18.07;20.34;58
2026-09-04T11:58:15.000;2026-09-04T04:58:15.000;20.53;10.35;22.15;16.98;20.34;59
2026-09-04T12:08:28.000;2026-09-04T05:08:28.000;20.65;13.05;11.61;17.68;20.34;60
2026-09-04T12:18:42.000;2026-09-04T05:18:42.000;20.85;16.42;29.73;16.66;20.34;61
2026-09-04T12:28:56.000;2026-09-04T05:28:56.000;20.99;10.44;160.95;14.82;20.34;62
2026-09-04T12:39:09.000;2026-09-04T05:39:09.000;21.19;16.11;1430.54;12.45;20.34;63
2026-09-05T02:04:05.000;2026-09-04T19:04:05.000;19.99;19.67;10700.11;10.27;20.34;1
2026-09-05T02:14:18.000;2026-09-04T19:14:18.000;20.36;19.45;761.89;13.14;20.34;2
2026-09-05T02:24:32.000;2026-09-04T19:24:32.000;20.03;19.4;32.91;16.55;20.34;3
2026-09-05T02:34:45.000;2026-09-04T19:34:45.000;19.92;19.53;4.9;18.61;20.34;4
2026-09-05T02:44:59.000;2026-09-04T19:44:59.000;19.86;19.55;0.85;20.52;20.34;5
2026-09-05T02:55:12.000;2026-09-04T19:55:12.000;20.25;20.08;0.3;21.64;20.34;6
2026-09-05T03:05:27.000;2026-09-04T20:05:27.000;20.29;19.86;0.29;21.7;20.34;7
2026-09-05T03:15:40.000;2026-09-04T20:15:40.000;20.01;19.78;0.24;21.89;20.34;8
2026-09-05T03:25:54.000;2026-09-04T20:25:54.000;19.85;19.76;0.27;21.74;20.34;9
2026-09-05T03:36:08.000;2026-09-04T20:36:08.000;19.69;19.43;0.35;21.47;20.34;10
2026-09-05T03:46:21.000;2026-09-04T20:46:21.000;19.72;19.47;0.27;21.77;20.34;11
2026-09-05T03:56:34.000;2026-09-04T20:56:34.000;20.06;19.93;0.29;21.7;20.34;12
2026-09-05T04:06:49.000;2026-09-04T21:06:49.000;20.3;20.12;0.26;21.82;20.34;13
2026-09-05T04:17:02.000;2026-09-04T21:17:02.000;20.08;19.76;0.31;21.63;20.34;14
2026-09-05T04:27:15.000;2026-09-04T21:27:15.000;19.69;19.29;0.28;21.73;20.34;15
2026-09-05T04:37:29.000;2026-09-04T21:37:29.000;19.42;18.87;0.26;21.81;20.34;16
2026-09-05T04:47:43.000;2026-09-04T21:47:43.000;19.27;18.17;0.26;21.81;20.34;17
2026-09-05T04:57:56.000;2026-09-04T21:57:56.000;19.04;15.05;0.33;21.56;20.34;18
2026-09-05T05:08:10.000;2026-09-04T22:08:10.000;19.19;9.53;0.26;21.82;20.34;19
2026-09-05T05:18:23.000;2026-09-04T22:18:23.000;19.08;6.47;0.32;21.57;20.34;20
2026-09-05T05:28:37.000;2026-09-04T22:28:37.000;18.95;5.08;0.31;21.63;20.34;21
2026-09-05T05:38:51.000;2026-09-04T22:38:51.000;18.91;4.14;0.25;21.83;20.34;22
2026-09-05T05:49:04.000;2026-09-04T22:49:04.000;18.57;3.79;0.23;21.95;20.34;23
2026-09-05T05:59:18.000;2026-09-04T22:59:18.000;18.9;3.66;0.17;22.24;20.34;24
2026-09-05T06:09:32.000;2026-09-04T23:09:32.000;19.15;2.79;0.15;22.39;20.34;25
2026-09-05T06:19:46.000;2026-09-04T23:19:46.000;18.68;2.69;0.19;22.16;20.34;26
2026-09-05T06:29:59.000;2026-09-04T23:29:59.000;18.44;2.38;0.22;21.98;20.34;27
2026-09-05T06:40:13.000;2026-09-04T23:40:13.000;18.2;2.45;0.14;22.44;20.34;28
2026-09-05T06:50:27.000;2026-09-04T23:50:27.000;18.46;2.47;0.26;21.82;20.34;29
2026-09-05T07:00:41.000;2026-09-05T00:00:41.000;18.77;2.27;0.22;21.97;20.34;30
2026-09-05T07:10:55.000;2026-09-05T00:10:55.000;18.43;2.44;0.28;21.72;20.34;31
2026-09-05T07:21:08.000;2026-09-05T00:21:08.000;18.21;2.19;0.2;22.11;20.34;32
2026-09-05T07:31:22.000;2026-09-05T00:31:22.000;18.22;2.19;0.3;21.64;20.34;33
2026-09-05T07:41:36.000;2026-09-05T00:41:36.000;17.86;2.28;0.29;21.69;20.34;34
2026-09-05T07:51:49.000;2026-09-05T00:51:49.000;17.92;2.19;0.35;21.49;20.34;35
2026-09-05T08:02:04.000;2026-09-05T01:02:04.000;18.26;2.23;0.31;21.6;20.34;36
2026-09-05T08:12:18.000;2026-09-05T01:12:18.000;18.25;1.78;0.38;21.4;20.34;37
2026-09-05T08:22:32.000;2026-09-05T01:22:32.000;18.17;2.07;0.39;21.36;20.34;38
2026-09-05T08:32:45.000;2026-09-05T01:32:45.000;17.98;1.89;0.39;21.38;20.34;39
2026-09-05T08:42:59.000;2026-09-05T01:42:59.000;18.04;1.92;0.43;21.26;20.34;40
2026-09-05T08:53:13.000;2026-09-05T01:53:13.000;17.72;2.16;0.43;21.25;20.34;41
2026-09-05T09:03:27.000;2026-09-05T02:03:27.000;17.93;1.89;0.52;21.05;20.34;42
2026-09-05T09:13:40.000;2026-09-05T02:13:40.000;17.54;1.9;0.55;20.98;20.34;43
2026-09-05T09:23:54.000;2026-09-05T02:23:54.000;17.68;2.15;0.6;20.89;20.34;44
2026-09-05T09:34:08.000;2026-09-05T02:34:08.000;17.79;2.32;0.55;20.99;20.34;45
2026-09-05T09:44:22.000;2026-09-05T02:44:22.000;17.74;2.1;0.59;20.92;20.34;46
2026-09-05T09:54:35.000;2026-09-05T02:54:35.000;17.62;2.17;0.73;20.68;20.34;47
2026-09-05T10:04:49.000;2026-09-05T03:04:49.000;17.35;2.27;0.62;20.85;20.34;48
2026-09-05T10:15:03.000;2026-09-05T03:15:03.000;17.52;2.13;0.79;20.59;20.34;49
2026-09-05T10:25:17.000;2026-09-05T03:25:17.000;17.31;1.95;0.83;20.54;20.34;50
2026-09-05T10:35:30.000;2026-09-05T03:35:30.000;17.42;2.1;0.98;20.36;20.34;51
2026-09-05T10:45:44.000;2026-09-05T03:45:44.000;17.13;2.44;1.0;20.34;20.34;52
2026-09-05T10:55:57.000;2026-09-05T03:55:57.000;17.31;2.51;1.27;20.08;20.34;53
2026-09-05T11:06:11.000;2026-09-05T04:06:11.000;17.78;2.23;1.26;20.09;20.34;54
2026-09-05T11:16:25.000;2026-09-05T04:16:25.000;17.78;2.14;1.29;20.06;20.34;55
2026-09-05T11:26:39.000;2026-09-05T04:26:39.000;17.69;2.33;1.8;19.7;20.34;56
2026-09-05T11:36:53.000;2026-09-05T04:36:53.000;17.44;2.79;2.26;19.45;20.34;57
2026-09-05T11:47:07.000;2026-09-05T04:47:07.000;17.41;2.05;2.07;19.55;20.34;58
2026-09-05T11:57:20.000;2026-09-05T04:57:20.000;17.13;2.14;2.62;19.29;20.34;59
2026-09-05T12:07:34.000;2026-09-05T05:07:34.000;17.13;1.79;3.51;18.98;20.34;60
2026-09-05T12:17:48.000;2026-09-05T05:17:48.000;16.88;1.29;8.92;17.96;20.34;61
2026-09-05T12:28:02.000;2026-09-05T05:28:02.000;17.14;1.25;50.44;16.08;20.34;62
2026-09-05T12:38:15.000;2026-09-05T05:38:15.000;16.96;1.46;546.58;13.5;20.34;63
2026-09-05T12:48:29.000;2026-09-05T05:48:29.000;16.84;1.63;7815.61;10.61;20.34;64
2026-09-06T01:59:19.000;2026-09-05T18:59:19.000;24.95;6.79;8756.25;10.48;20.34;1
2026-09-06T02:09:33.000;2026-09-05T19:09:33.000;25.37;6.13;531.83;13.53;20.34;2
2026-09-06T02:19:46.000;2026-09-05T19:19:46.000;25.21;5.91;43.09;16.25;20.34;3
2026-09-06T02:29:59.000;2026-09-05T19:29:59.000;25.0;5.49;5.69;18.45;20.34;4
2026-09-06T02:40:13.000;2026-09-05T19:40:13.000;24.28;5.32;1.14;20.2;20.34;5
2026-09-06T02:50:26.000;2026-09-05T19:50:26.000;23.95;5.54;0.45;21.2;20.34;6
2026-09-06T03:00:40.000;2026-09-05T20:00:40.000;23.64;5.32;0.32;21.59;20.34;7
2026-09-06T03:10:54.000;2026-09-05T20:10:54.000;23.41;5.51;0.29;21.7;20.34;8
2026-09-06T03:21:08.000;2026-09-05T20:21:08.000;23.09;4.87;0.35;21.47;20.34;9
2026-09-06T03:31:21.000;2026-09-05T20:31:21.000;22.61;4.4;0.33;21.56;20.34;10
2026-09-06T03:41:35.000;2026-09-05T20:41:35.000;22.65;4.46;0.34;21.51;20.34;11
2026-09-06T03:51:48.000;2026-09-05T20:51:48.000;22.6;4.55;0.36;21.46;20.34;12
2026-09-06T04:02:02.000;2026-09-05T21:02:02.000;22.67;4.74;0.36;21.45;20.34;13
2026-09-06T04:12:15.000;2026-09-05T21:12:15.000;21.96;4.06;0.36;21.44;20.34;14
2026-09-06T04:22:29.000;2026-09-05T21:22:29.000;21.15;3.62;0.35;21.47;20.34;15
2026-09-06T04:32:42.000;2026-09-05T21:32:42.000;20.59;3.7;0.37;21.42;20.34;16
2026-09-06T04:42:56.000;2026-09-05T21:42:56.000;20.59;3.58;0.38;21.38;20.34;17
2026-09-06T04:53:09.000;2026-09-05T21:53:09.000;20.72;3.62;0.36;21.45;20.34;18
2026-09-06T05:03:24.000;2026-09-05T22:03:24.000;20.76;3.56;0.37;21.42;20.34;19
2026-09-06T05:13:37.000;2026-09-05T22:13:37.000;21.59;4.48;0.29;21.7;20.34;20
2026-09-06T05:23:52.000;2026-09-05T22:23:52.000;22.32;4.58;0.33;21.56;20.34;21
2026-09-06T05:34:06.000;2026-09-05T22:34:06.000;22.58;4.27;0.23;21.92;20.34;22
2026-09-06T05:44:19.000;2026-09-05T22:44:19.000;22.92;4.11;0.32;21.58;20.34;23
2026-09-06T05:54:33.000;2026-09-05T22:54:33.000;23.13;4.08;0.27;21.76;20.34;24
2026-09-06T06:04:47.000;2026-09-05T23:04:47.000;22.81;4.08;0.2;22.11;20.34;25
2026-09-06T06:15:00.000;2026-09-05T23:15:00.000;22.1;4.53;0.24;21.89;20.34;26
2026-09-06T06:25:13.000;2026-09-05T23:25:13.000;20.96;4.7;0.21;22.01;20.34;27
2026-09-06T06:35:27.000;2026-09-05T23:35:27.000;20.74;6.44;0.28;21.73;20.34;28
2026-09-06T06:45:41.000;2026-09-05T23:45:41.000;22.19;9.35;0.22;21.97;20.34;29
2026-09-06T06:55:55.000;2026-09-05T23:55:55.000;23.03;11.24;0.25;21.85;20.34;30
2026-09-06T07:06:10.000;2026-09-06T00:06:10.000;23.11;10.1;0.21;22.04;20.34;31
2026-09-06T07:16:23.000;2026-09-06T00:16:23.000;22.11;11.44;0.25;21.84;20.34;32
2026-09-06T07:26:37.000;2026-09-06T00:26:37.000;21.24;9.92;0.25;21.83;20.34;33
2026-09-06T07:36:50.000;2026-09-06T00:36:50.000;21.15;12.13;0.21;22.02;20.34;34
2026-09-06T07:47:04.000;2026-09-06T00:47:04.000;21.41;13.36;0.21;22.03;20.34;35
2026-09-06T07:57:17.000;2026-09-06T00:57:17.000;21.33;13.96;0.23;21.93;20.34;36
2026-09-06T08:07:31.000;2026-09-06T01:07:31.000;21.56;15.1;0.21;22.02;20.34;37
2026-09-06T08:17:45.000;2026-09-06T01:17:45.000;21.57;14.76;0.22;21.98;20.34;38
2026-09-06T08:27:58.000;2026-09-06T01:27:58.000;21.48;14.09;0.23;21.93;20.34;39
2026-09-06T08:38:12.000;2026-09-06T01:38:12.000;21.4;12.97;0.33;21.54;20.34;40
2026-09-06T08:48:26.000;2026-09-06T01:48:26.000;21.28;12.35;0.43;21.25;20.34;41
2026-09-06T08:58:39.000;2026-09-06T01:58:39.000;21.12;13.02;0.33;21.55;20.34;42
2026-09-06T09:08:53.000;2026-09-06T02:08:53.000;21.0;11.17;0.43;21.27;20.34;43
2026-09-06T09:19:06.000;2026-09-06T02:19:06.000;20.76;9.01;0.5;21.1;20.34;44
2026-09-06T09:29:20.000;2026-09-06T02:29:20.000;20.86;10.61;0.54;21.01;20.34;45
2026-09-06T09:39:33.000;2026-09-06T02:39:33.000;21.4;14.66;0.63;20.84;20.34;46
2026-09-06T09:49:48.000;2026-09-06T02:49:48.000;22.49;15.42;0.51;21.07;20.34;47
2026-09-06T10:00:02.000;2026-09-06T03:00:02.000;22.74;15.47;0.55;20.99;20.34;48
2026-09-06T10:10:16.000;2026-09-06T03:10:16.000;22.73;15.22;0.72;20.7;20.34;49
2026-09-06T10:20:30.000;2026-09-06T03:20:30.000;22.92;15.61;0.64;20.82;20.34;50
2026-09-06T10:30:44.000;2026-09-06T03:30:44.000;23.4;15.96;0.52;21.04;20.34;51
2026-09-06T10:40:58.000;2026-09-06T03:40:58.000;23.77;16.21;0.55;21.0;20.34;52
2026-09-06T10:51:12.000;2026-09-06T03:51:12.000;23.85;16.55;0.54;21.0;20.34;53
2026-09-06T11:01:25.000;2026-09-06T04:01:25.000;23.66;16.29;0.89;20.46;20.34;54
2026-09-06T11:11:39.000;2026-09-06T04:11:39.000;23.55;15.68;1.12;20.22;20.34;55
2026-09-06T11:21:52.000;2026-09-06T04:21:52.000;22.98;9.97;1.15;20.19;20.34;56
2026-09-06T11:32:06.000;2026-09-06T04:32:06.000;22.03;7.52;1.17;20.17;20.34;57
2026-09-06T11:42:19.000;2026-09-06T04:42:19.000;21.1;6.97;1.27;20.08;20.34;58
2026-09-06T11:52:32.000;2026-09-06T04:52:32.000;20.3;2.67;0.89;20.46;20.34;59
2026-09-06T12:02:46.000;2026-09-06T05:02:46.000;20.3;3.16;1.14;20.2;20.34;60
2026-09-06T12:12:59.000;2026-09-06T05:12:59.000;20.36;6.86;3.85;18.88;20.34;61
2026-09-06T12:23:13.000;2026-09-06T05:23:13.000;20.17;9.7;28.05;16.72;20.34;62
2026-09-06T12:33:26.000;2026-09-06T05:33:26.000;20.27;13.16;307.09;14.12;20.34;63
2026-09-06T12:43:40.000;2026-09-06T05:43:40.000;20.86;14.37;4311.66;11.25;20.34;64
2026-09-07T01:56:59.000;2026-09-06T18:56:59.000;25.33;6.79;10488.44;10.29;20.34;1
2026-09-07T02:07:12.000;2026-09-06T19:07:12.000;25.65;7.0;666.5;13.28;20.34;2
2026-09-07T02:17:25.000;2026-09-06T19:17:25.000;25.25;7.11;60.54;15.88;20.34;3
2026-09-07T02:27:39.000;2026-09-06T19:27:39.000;24.95;6.38;6.9;18.24;20.34;4
2026-09-07T02:37:53.000;2026-09-06T19:37:53.000;24.47;6.22;1.19;20.15;20.34;5
2026-09-07T02:48:06.000;2026-09-06T19:48:06.000;23.59;6.78;0.43;21.25;20.34;6
2026-09-07T02:58:19.000;2026-09-06T19:58:19.000;23.69;7.39;0.3;21.65;20.34;7
2026-09-07T03:08:33.000;2026-09-06T20:08:33.000;24.27;8.88;0.34;21.52;20.34;8
2026-09-07T03:18:47.000;2026-09-06T20:18:47.000;24.68;9.4;0.28;21.71;20.34;9
2026-09-07T03:29:00.000;2026-09-06T20:29:00.000;24.63;7.85;0.29;21.69;20.34;10
2026-09-07T03:39:14.000;2026-09-06T20:39:14.000;23.88;5.77;0.37;21.41;20.34;11
2026-09-07T03:49:27.000;2026-09-06T20:49:27.000;22.61;5.91;0.36;21.45;20.34;12
2026-09-07T03:59:41.000;2026-09-06T20:59:41.000;21.96;5.6;0.39;21.37;20.34;13
2026-09-07T04:09:55.000;2026-09-06T21:09:55.000;21.95;6.61;0.44;21.22;20.34;14
2026-09-07T04:20:08.000;2026-09-06T21:20:08.000;21.91;5.54;0.45;21.21;20.34;15
2026-09-07T04:30:22.000;2026-09-06T21:30:22.000;21.23;4.75;0.4;21.34;20.34;16
2026-09-07T04:40:36.000;2026-09-06T21:40:36.000;21.0;4.05;0.38;21.4;20.34;17
2026-09-07T04:50:49.000;2026-09-06T21:50:49.000;20.63;4.8;0.33;21.55;20.34;18
2026-09-07T05:01:02.000;2026-09-06T22:01:02.000;20.79;4.97;0.35;21.47;20.34;19
2026-09-07T05:11:16.000;2026-09-06T22:11:16.000;21.62;4.97;0.36;21.45;20.34;20
2026-09-07T05:21:30.000;2026-09-06T22:21:30.000;21.91;5.81;0.28;21.73;20.34;21
2026-09-07T05:31:44.000;2026-09-06T22:31:44.000;21.62;4.53;0.33;21.53;20.34;22
2026-09-07T05:41:57.000;2026-09-06T22:41:57.000;21.0;5.13;0.4;21.33;20.34;23
2026-09-07T05:52:11.000;2026-09-06T22:52:11.000;20.74;5.86;0.3;21.66;20.34;24
2026-09-07T06:02:25.000;2026-09-06T23:02:25.000;23.2;6.97;0.32;21.58;20.34;25
2026-09-07T06:12:40.000;2026-09-06T23:12:40.000;24.28;5.81;0.32;21.59;20.34;26
2026-09-07T06:22:54.000;2026-09-06T23:22:54.000;23.83;5.04;0.31;21.6;20.34;27
2026-09-07T06:33:07.000;2026-09-06T23:33:07.000;23.98;5.42;0.31;21.61;20.34;28
2026-09-07T06:43:21.000;2026-09-06T23:43:21.000;24.31;6.39;0.23;21.92;20.34;29
2026-09-07T06:53:34.000;2026-09-06T23:53:34.000;24.52;10.19;0.25;21.86;20.34;30
2026-09-07T07:03:48.000;2026-09-07T00:03:48.000;24.98;9.57;0.3;21.64;20.34;31
2026-09-07T07:14:02.000;2026-09-07T00:14:02.000;24.87;9.38;0.25;21.83;20.34;32
2026-09-07T07:24:16.000;2026-09-07T00:24:16.000;24.67;7.75;0.2;22.07;20.34;33
2026-09-07T07:34:30.000;2026-09-07T00:34:30.000;24.56;5.95;0.21;22.04;20.34;34
2026-09-07T07:44:44.000;2026-09-07T00:44:44.000;24.48;4.41;0.19;22.15;20.34;35
2026-09-07T07:54:57.000;2026-09-07T00:54:57.000;24.5;4.97;0.15;22.42;20.34;36
2026-09-07T08:05:11.000;2026-09-07T01:05:11.000;23.41;6.27;0.17;22.27;20.34;37
2026-09-07T08:15:25.000;2026-09-07T01:15:25.000;23.33;5.47;0.22;22.0;20.34;38
2026-09-07T08:25:38.000;2026-09-07T01:25:38.000;23.63;5.62;0.24;21.89;20.34;39
2026-09-07T08:35:51.000;2026-09-07T01:35:51.000;24.09;9.67;0.12;22.66;20.34;40
2026-09-07T08:46:05.000;2026-09-07T01:46:05.000;24.5;10.04;0.21;22.05;20.34;41
2026-09-07T08:56:19.000;2026-09-07T01:56:19.000;24.7;13.22;0.18;22.17;20.34;42
2026-09-07T09:06:33.000;2026-09-07T02:06:33.000;24.67;14.27;0.15;22.41;20.34;43
2026-09-07T09:16:47.000;2026-09-07T02:16:47.000;24.09;13.09;0.19;22.17;20.34;44
2026-09-07T09:27:00.000;2026-09-07T02:27:00.000;23.92;13.73;0.24;21.91;20.34;45
2026-09-07T09:37:15.000;2026-09-07T02:37:15.000;24.06;11.28;0.27;21.74;20.34;46
2026-09-07T09:47:29.000;2026-09-07T02:47:29.000;24.0;12.16;0.21;22.04;20.34;47
2026-09-07T09:57:42.000;2026-09-07T02:57:42.000;23.65;14.31;0.4;21.33;20.34;48
2026-09-07T10:07:56.000;2026-09-07T03:07:56.000;23.64;16.3;0.33;21.54;20.34;49
2026-09-07T10:18:10.000;2026-09-07T03:18:10.000;23.89;15.61;0.36;21.44;20.34;50
2026-09-07T10:28:23.000;2026-09-07T03:28:23.000;23.99;14.04;0.32;21.57;20.34;51
2026-09-07T10:38:37.000;2026-09-07T03:38:37.000;23.42;14.77;0.27;21.77;20.34;52
2026-09-07T10:48:50.000;2026-09-07T03:48:50.000;23.15;15.36;0.3;21.65;20.34;53
2026-09-07T10:59:04.000;2026-09-07T03:59:04.000;22.91;16.4;0.17;22.29;20.34;54
2026-09-07T11:09:18.000;2026-09-07T04:09:18.000;23.32;14.5;0.27;21.77;20.34;55
2026-09-07T11:19:31.000;2026-09-07T04:19:31.000;23.15;14.87;0.35;21.49;20.34;56
2026-09-07T11:29:45.000;2026-09-07T04:29:45.000;23.0;16.81;0.55;20.98;20.34;57
2026-09-07T11:39:58.000;2026-09-07T04:39:58.000;23.34;17.56;0.39;21.37;20.34;58
2026-09-07T11:50:12.000;2026-09-07T04:50:12.000;23.37;17.02;0.61;20.89;20.34;59
2026-09-07T12:00:26.000;2026-09-07T05:00:26.000;23.39;17.37;0.48;21.13;20.34;60
2026-09-07T12:10:40.000;2026-09-07T05:10:40.000;23.54;17.01;1.82;19.69;20.34;61
2026-09-07T12:20:54.000;2026-09-07T05:20:54.000;23.54;15.53;14.49;17.44;20.34;62
2026-09-07T12:31:08.000;2026-09-07T05:31:08.000;23.27;13.31;119.44;15.15;20.34;63
2026-09-07T12:41:21.000;2026-09-07T05:41:21.000;23.54;11.58;1147.41;12.69;20.34;64
2026-09-07T12:51:35.000;2026-09-07T05:51:35.000;23.25;11.59;20752.0;9.55;20.34;65
2026-09-08T01:55:53.000;2026-09-07T18:55:53.000;26.58;5.2;11197.32;10.22;20.34;1
2026-09-08T02:06:07.000;2026-09-07T19:06:07.000;26.83;5.28;621.77;13.36;20.34;2
2026-09-08T02:16:20.000;2026-09-07T19:16:20.000;26.8;8.49;81.02;15.57;20.34;3
2026-09-08T02:26:33.000;2026-09-07T19:26:33.000;27.06;11.79;8.9;17.97;20.34;4
2026-09-08T02:36:47.000;2026-09-07T19:36:47.000;26.79;5.44;1.49;19.9;20.34;5
2026-09-08T02:47:00.000;2026-09-07T19:47:00.000;26.26;4.28;0.38;21.4;20.34;6
2026-09-08T02:57:14.000;2026-09-07T19:57:14.000;25.65;4.59;0.29;21.7;20.34;7
2026-09-08T03:07:27.000;2026-09-07T20:07:27.000;25.14;4.6;0.24;21.88;20.34;8
2026-09-08T03:17:40.000;2026-09-07T20:17:40.000;24.79;5.09;0.33;21.53;20.34;9
2026-09-08T03:27:53.000;2026-09-07T20:27:53.000;24.73;5.24;0.35;21.48;20.34;10
2026-09-08T03:38:07.000;2026-09-07T20:38:07.000;24.36;5.19;0.32;21.57;20.34;11
2026-09-08T03:48:20.000;2026-09-07T20:48:20.000;24.06;5.59;0.38;21.4;20.34;12
2026-09-08T03:58:34.000;2026-09-07T20:58:34.000;23.09;5.32;0.31;21.6;20.34;13
2026-09-08T04:08:47.000;2026-09-07T21:08:47.000;22.17;5.26;0.31;21.62;20.34;14
2026-09-08T04:19:00.000;2026-09-07T21:19:00.000;22.13;6.29;0.28;21.71;20.34;15
2026-09-08T04:29:14.000;2026-09-07T21:29:14.000;22.42;6.66;0.34;21.51;20.34;16
2026-09-08T04:39:28.000;2026-09-07T21:39:28.000;22.11;9.51;0.29;21.7;20.34;17
2026-09-08T04:49:41.000;2026-09-07T21:49:41.000;21.79;5.06;0.28;21.72;20.34;18
2026-09-08T04:59:55.000;2026-09-07T21:59:55.000;21.8;4.29;0.31;21.62;20.34;19
2026-09-08T05:10:09.000;2026-09-07T22:10:09.000;21.44;4.72;0.34;21.51;20.34;20
2026-09-08T05:20:22.000;2026-09-07T22:20:22.000;21.37;7.55;0.29;21.7;20.34;21
2026-09-08T05:30:36.000;2026-09-07T22:30:36.000;21.54;7.68;0.33;21.55;20.34;22
2026-09-08T05:40:50.000;2026-09-07T22:40:50.000;21.74;8.41;0.46;21.19;20.34;23
2026-09-08T05:51:03.000;2026-09-07T22:51:03.000;21.83;8.26;0.4;21.35;20.34;24
2026-09-08T06:01:17.000;2026-09-07T23:01:17.000;21.71;7.56;0.37;21.43;20.34;25
2026-09-08T06:11:31.000;2026-09-07T23:11:31.000;21.61;6.56;0.35;21.47;20.34;26
2026-09-08T06:21:44.000;2026-09-07T23:21:44.000;21.46;6.2;0.33;21.56;20.34;27
2026-09-08T06:31:58.000;2026-09-07T23:31:58.000;21.34;4.41;0.32;21.59;20.34;28
2026-09-08T06:42:11.000;2026-09-07T23:42:11.000;20.74;2.81;0.29;21.7;20.34;29
2026-09-08T06:52:25.000;2026-09-07T23:52:25.000;20.43;4.37;0.22;21.97;20.34;30
2026-09-08T07:02:39.000;2026-09-08T00:02:39.000;20.38;4.37;0.3;21.66;20.34;31
2026-09-08T07:12:52.000;2026-09-08T00:12:52.000;19.87;2.72;0.22;21.97;20.34;32
2026-09-08T07:23:05.000;2026-09-08T00:23:05.000;19.5;4.53;0.24;21.87;20.34;33
2026-09-08T07:33:18.000;2026-09-08T00:33:18.000;19.73;5.76;0.23;21.93;20.34;34
2026-09-08T07:43:31.000;2026-09-08T00:43:31.000;19.96;6.21;0.18;22.2;20.34;35
2026-09-08T07:53:45.000;2026-09-08T00:53:45.000;20.23;7.7;0.25;21.83;20.34;36
2026-09-08T08:03:59.000;2026-09-08T01:03:59.000;20.65;8.36;0.24;21.9;20.34;37
2026-09-08T08:14:13.000;2026-09-08T01:14:13.000;21.0;8.72;0.17;22.29;20.34;38
2026-09-08T08:24:27.000;2026-09-08T01:24:27.000;21.23;11.67;0.19;22.12;20.34;39
2026-09-08T08:34:41.000;2026-09-08T01:34:41.000;21.6;8.22;0.23;21.94;20.34;40
2026-09-08T08:44:54.000;2026-09-08T01:44:54.000;21.48;6.53;0.24;21.91;20.34;41
2026-09-08T08:55:07.000;2026-09-08T01:55:07.000;21.19;6.32;0.17;22.28;20.34;42
2026-09-08T09:05:21.000;2026-09-08T02:05:21.000;21.01;8.31;0.25;21.85;20.34;43
2026-09-08T09:15:34.000;2026-09-08T02:15:34.000;21.19;9.7;0.27;21.77;20.34;44
2026-09-08T09:25:48.000;2026-09-08T02:25:48.000;21.41;8.93;0.28;21.73;20.34;45
2026-09-08T09:36:01.000;2026-09-08T02:36:01.000;20.53;3.49;0.21;22.04;20.34;46
2026-09-08T09:46:15.000;2026-09-08T02:46:15.000;19.6;2.74;0.22;21.98;20.34;47
2026-09-08T09:56:28.000;2026-09-08T02:56:28.000;18.85;2.78;0.23;21.94;20.34;48
2026-09-08T10:06:41.000;2026-09-08T03:06:41.000;18.69;4.12;0.22;21.96;20.34;49
2026-09-08T10:16:55.000;2026-09-08T03:16:55.000;18.7;5.02;0.26;21.8;20.34;50
2026-09-08T10:27:08.000;2026-09-08T03:27:08.000;18.76;6.1;0.22;21.96;20.34;51
2026-09-08T10:37:22.000;2026-09-08T03:37:22.000;18.88;6.25;0.18;22.17;20.34;52
2026-09-08T10:47:35.000;2026-09-08T03:47:35.000;19.01;5.72;0.28;21.71;20.34;53
2026-09-08T10:57:49.000;2026-09-08T03:57:49.000;19.09;4.96;0.24;21.91;20.34;54
2026-09-08T11:08:02.000;2026-09-08T04:08:02.000;18.83;3.53;0.17;22.25;20.34;55
2026-09-08T11:18:16.000;2026-09-08T04:18:16.000;18.41;3.06;0.26;21.8;20.34;56
2026-09-08T11:28:30.000;2026-09-08T04:28:30.000;18.43;2.83;0.22;21.97;20.34;57
2026-09-08T11:38:43.000;2026-09-08T04:38:43.000;18.37;3.63;0.18;22.22;20.34;58
2026-09-08T11:48:58.000;2026-09-08T04:48:58.000;18.45;6.23;0.28;21.71;20.34;59
2026-09-08T11:59:12.000;2026-09-08T04:59:12.000;19.13;8.19;0.57;20.95;20.34;60
2026-09-08T12:09:26.000;2026-09-08T05:09:26.000;19.16;9.03;2.37;19.4;20.34;61
2026-09-08T12:19:40.000;2026-09-08T05:19:40.000;19.0;8.73;15.3;17.38;20.34;62
2026-09-08T12:29:54.000;2026-09-08T05:29:54.000;19.18;8.09;105.39;15.28;20.34;63
2026-09-08T12:40:07.000;2026-09-08T05:40:07.000;19.23;8.15;1141.92;12.7;20.34;64
2026-09-08T12:50:21.000;2026-09-08T05:50:21.000;19.24;8.31;19293.85;9.63;20.34;65
2026-09-09T01:50:17.000;2026-09-08T18:50:17.000;26.57;17.27;25228.32;9.34;20.34;1
2026-09-09T02:00:30.000;2026-09-08T19:00:30.000;26.89;15.52;2104.18;12.03;20.34;2
2026-09-09T02:10:44.000;2026-09-08T19:10:44.000;26.44;13.32;154.27;14.87;20.34;3
2026-09-09T02:20:58.000;2026-09-08T19:20:58.000;26.44;14.39;17.6;17.23;20.34;4
2026-09-09T02:31:11.000;2026-09-08T19:31:11.000;26.35;13.74;2.46;19.36;20.34;5
2026-09-09T02:41:24.000;2026-09-08T19:41:24.000;25.53;14.42;0.6;20.89;20.34;6
2026-09-09T02:51:38.000;2026-09-08T19:51:38.000;25.19;16.92;0.3;21.66;20.34;7
2026-09-09T03:01:52.000;2026-09-08T20:01:52.000;25.47;15.5;0.25;21.86;20.34;8
2026-09-09T03:12:05.000;2026-09-08T20:12:05.000;25.37;14.43;0.27;21.77;20.34;9
2026-09-09T03:22:20.000;2026-09-08T20:22:20.000;24.97;16.18;0.22;21.97;20.34;10
2026-09-09T03:32:33.000;2026-09-08T20:32:33.000;24.99;17.71;0.19;22.17;20.34;11
2026-09-09T03:42:47.000;2026-09-08T20:42:47.000;24.98;17.3;0.2;22.09;20.34;12
2026-09-09T03:53:01.000;2026-09-08T20:53:01.000;25.05;16.89;0.22;22.0;20.34;13
2026-09-09T04:03:14.000;2026-09-08T21:03:14.000;25.14;14.7;0.27;21.78;20.34;14
2026-09-09T04:13:28.000;2026-09-08T21:13:28.000;24.67;12.47;0.25;21.84;20.34;15
2026-09-09T04:23:42.000;2026-09-08T21:23:42.000;24.96;12.45;0.35;21.48;20.34;16
2026-09-09T04:33:55.000;2026-09-08T21:33:55.000;24.2;10.15;0.34;21.51;20.34;17
2026-09-09T04:44:08.000;2026-09-08T21:44:08.000;23.55;7.41;0.31;21.62;20.34;18
2026-09-09T04:54:21.000;2026-09-08T21:54:21.000;22.86;7.59;0.3;21.66;20.34;19
2026-09-09T05:04:35.000;2026-09-08T22:04:35.000;22.54;6.61;0.32;21.57;20.34;20
2026-09-09T05:14:48.000;2026-09-08T22:14:48.000;22.33;6.33;0.26;21.8;20.34;21
2026-09-09T05:25:03.000;2026-09-08T22:25:03.000;22.09;5.67;0.27;21.77;20.34;22
2026-09-09T05:35:16.000;2026-09-08T22:35:16.000;22.67;5.81;0.28;21.71;20.34;23
2026-09-09T05:45:30.000;2026-09-08T22:45:30.000;22.5;6.46;0.28;21.72;20.34;24
2026-09-09T05:55:44.000;2026-09-08T22:55:44.000;22.65;7.48;0.26;21.82;20.34;25
2026-09-09T06:05:58.000;2026-09-08T23:05:58.000;23.01;11.68;0.22;21.97;20.34;26
2026-09-09T06:16:12.000;2026-09-08T23:16:12.000;22.79;11.68;0.31;21.62;20.34;27
2026-09-09T06:26:25.000;2026-09-08T23:26:25.000;22.2;10.23;0.31;21.61;20.34;28
2026-09-09T06:36:39.000;2026-09-08T23:36:39.000;21.7;7.6;0.25;21.86;20.34;29
2026-09-09T06:46:52.000;2026-09-08T23:46:52.000;21.24;9.66;0.25;21.83;20.34;30
2026-09-09T06:57:06.000;2026-09-08T23:57:06.000;21.44;11.96;0.23;21.93;20.34;31
2026-09-09T07:07:19.000;2026-09-09T00:07:19.000;21.25;9.11;0.17;22.26;20.34;32
2026-09-09T07:17:33.000;2026-09-09T00:17:33.000;21.17;9.01;0.23;21.96;20.34;33
2026-09-09T07:27:46.000;2026-09-09T00:27:46.000;21.52;6.76;0.22;21.99;20.34;34
2026-09-09T07:38:00.000;2026-09-09T00:38:00.000;21.27;7.23;0.16;22.3;20.34;35
2026-09-09T07:48:14.000;2026-09-09T00:48:14.000;22.4;13.41;0.22;21.96;20.34;36
2026-09-09T07:58:28.000;2026-09-09T00:58:28.000;23.8;15.53;0.2;22.11;20.34;37
2026-09-09T08:08:42.000;2026-09-09T01:08:42.000;24.35;15.01;0.12;22.69;20.34;38
2026-09-09T08:18:56.000;2026-09-09T01:18:56.000;24.27;15.89;0.18;22.19;20.34;39
2026-09-09T08:29:10.000;2026-09-09T01:29:10.000;23.96;14.75;0.2;22.08;20.34;40
2026-09-09T08:39:23.000;2026-09-09T01:39:23.000;23.77;14.1;0.17;22.26;20.34;41
2026-09-09T08:49:37.000;2026-09-09T01:49:37.000;23.99;14.97;0.16;22.32;20.34;42
2026-09-09T08:59:50.000;2026-09-09T01:59:50.000;24.3;14.89;0.16;22.31;20.34;43
2026-09-09T09:10:04.000;2026-09-09T02:10:04.000;24.27;15.2;0.13;22.57;20.34;44
2026-09-09T09:20:18.000;2026-09-09T02:20:18.000;24.18;15.0;0.21;22.05;20.34;45
2026-09-09T09:30:32.000;2026-09-09T02:30:32.000;23.91;14.69;0.15;22.37;20.34;46
2026-09-09T09:40:45.000;2026-09-09T02:40:45.000;23.57;14.98;0.17;22.28;20.34;47
2026-09-09T09:50:59.000;2026-09-09T02:50:59.000;23.47;14.99;0.19;22.17;20.34;48
2026-09-09T10:01:13.000;2026-09-09T03:01:13.000;23.43;14.64;0.1;22.86;20.34;49
2026-09-09T10:11:27.000;2026-09-09T03:11:27.000;23.25;13.72;0.14;22.47;20.34;50
2026-09-09T10:21:41.000;2026-09-09T03:21:41.000;23.03;11.56;0.22;21.98;20.34;51
2026-09-09T10:31:54.000;2026-09-09T03:31:54.000;22.51;6.52;0.19;22.12;20.34;52
2026-09-09T10:42:08.000;2026-09-09T03:42:08.000;22.21;4.75;0.21;22.05;20.34;53
2026-09-09T10:52:22.000;2026-09-09T03:52:22.000;22.13;4.61;0.2;22.1;20.34;54
2026-09-09T11:02:36.000;2026-09-09T04:02:36.000;21.86;4.41;0.22;21.99;20.34;55
2026-09-09T11:12:49.000;2026-09-09T04:12:49.000;21.38;4.48;0.17;22.28;20.34;56
2026-09-09T11:23:03.000;2026-09-09T04:23:03.000;21.4;9.78;0.17;22.23;20.34;57
2026-09-09T11:33:16.000;2026-09-09T04:33:16.000;21.76;9.43;0.27;21.77;20.34;58
2026-09-09T11:43:30.000;2026-09-09T04:43:30.000;21.68;7.03;0.19;22.16;20.34;59
2026-09-09T11:53:44.000;2026-09-09T04:53:44.000;21.8;8.75;0.33;21.54;20.34;60
2026-09-09T12:03:58.000;2026-09-09T05:03:58.000;20.91;5.28;0.55;20.99;20.34;61
2026-09-09T12:14:11.000;2026-09-09T05:14:11.000;20.41;4.88;2.33;19.42;20.34;62
2026-09-09T12:24:24.000;2026-09-09T05:24:24.000;20.17;4.97;17.7;17.22;20.34;63
2026-09-09T12:34:38.000;2026-09-09T05:34:38.000;19.84;4.81;142.95;14.95;20.34;64
2026-09-09T12:44:51.000;2026-09-09T05:44:51.000;19.54;4.49;1805.82;12.2;20.34;65
2026-09-10T01:50:10.000;2026-09-09T18:50:10.000;20.6;19.38;15343.23;9.88;20.34;1
2026-09-10T02:00:24.000;2026-09-09T19:00:24.000;20.97;19.18;1435.13;12.45;20.34;2
2026-09-10T02:10:38.000;2026-09-09T19:10:38.000;20.93;18.38;146.97;14.92;20.34;3
2026-09-10T02:20:51.000;2026-09-09T19:20:51.000;21.53;16.59;18.99;17.14;20.34;4
2026-09-10T02:31:05.000;2026-09-09T19:31:05.000;21.83;14.87;2.44;19.37;20.34;5
2026-09-10T02:41:19.000;2026-09-09T19:41:19.000;21.87;15.11;0.62;20.85;20.34;6
2026-09-10T02:51:32.000;2026-09-09T19:51:32.000;21.91;14.99;0.5;21.09;20.34;7
2026-09-10T03:01:46.000;2026-09-09T20:01:46.000;22.22;14.05;0.46;21.19;20.34;8
2026-09-10T03:11:59.000;2026-09-09T20:11:59.000;22.33;16.49;0.29;21.7;20.34;9
2026-09-10T03:22:13.000;2026-09-09T20:22:13.000;22.36;14.1;0.46;21.17;20.34;10
2026-09-10T03:32:27.000;2026-09-09T20:32:27.000;22.33;15.33;0.38;21.38;20.34;11
2026-09-10T03:42:40.000;2026-09-09T20:42:40.000;22.31;14.38;0.21;22.06;20.34;12
2026-09-10T03:52:53.000;2026-09-09T20:52:53.000;22.49;14.65;0.3;21.63;20.34;13
2026-09-10T04:03:07.000;2026-09-09T21:03:07.000;22.43;14.52;0.33;21.55;20.34;14
2026-09-10T04:13:20.000;2026-09-09T21:13:20.000;22.54;14.45;0.43;21.25;20.34;15
2026-09-10T04:23:34.000;2026-09-09T21:23:34.000;22.41;14.31;0.31;21.62;20.34;16
2026-09-10T04:33:48.000;2026-09-09T21:33:48.000;22.52;14.08;0.3;21.65;20.34;17
2026-09-10T04:44:02.000;2026-09-09T21:44:02.000;22.49;14.03;0.31;21.61;20.34;18
2026-09-10T04:54:16.000;2026-09-09T21:54:16.000;23.0;14.36;0.24;21.88;20.34;19
2026-09-10T05:04:29.000;2026-09-09T22:04:29.000;23.02;15.19;0.18;22.21;20.34;20
2026-09-10T05:14:43.000;2026-09-09T22:14:43.000;23.57;15.79;0.15;22.39;20.34;21
2026-09-10T05:24:57.000;2026-09-09T22:24:57.000;23.76;15.77;0.19;22.13;20.34;22
2026-09-10T05:35:20.000;2026-09-09T22:35:20.000;24.05;16.31;0.19;22.13;20.34;23
2026-09-10T05:45:35.000;2026-09-09T22:45:35.000;24.04;15.74;0.28;21.73;20.34;24
2026-09-10T05:55:48.000;2026-09-09T22:55:48.000;23.77;15.44;0.25;21.82;20.34;25
2026-09-10T06:06:02.000;2026-09-09T23:06:02.000;23.68;19.24;0.29;21.69;20.34;26
2026-09-10T06:16:16.000;2026-09-09T23:16:16.000;24.46;14.7;0.24;21.87;20.34;27
2026-09-10T06:26:30.000;2026-09-09T23:26:30.000;24.21;14.93;0.09;22.93;20.34;28
2026-09-10T06:36:43.000;2026-09-09T23:36:43.000;23.91;15.12;0.08;23.02;20.34;29
2026-09-10T06:46:57.000;2026-09-09T23:46:57.000;23.79;15.35;0.16;22.36;20.34;30
2026-09-10T06:57:11.000;2026-09-09T23:57:11.000;23.82;15.6;0.12;22.62;20.34;31
2026-09-10T07:07:24.000;2026-09-10T00:07:24.000;23.63;15.76;0.14;22.5;20.34;32
2026-09-10T07:17:38.000;2026-09-10T00:17:38.000;22.77;14.37;0.15;22.38;20.34;33
2026-09-10T07:27:51.000;2026-09-10T00:27:51.000;22.6;12.69;0.27;21.76;20.34;34
2026-09-10T07:38:05.000;2026-09-10T00:38:05.000;22.73;12.22;0.14;22.5;20.34;35
2026-09-10T07:48:20.000;2026-09-10T00:48:20.000;22.67;12.28;0.15;22.4;20.34;36
2026-09-10T07:58:34.000;2026-09-10T00:58:34.000;22.4;12.71;0.15;22.41;20.34;37
2026-09-10T08:08:47.000;2026-09-10T01:08:47.000;22.4;13.24;0.14;22.44;20.34;38
2026-09-10T08:19:01.000;2026-09-10T01:19:01.000;22.67;13.24;0.07;23.28;20.34;39
2026-09-10T08:39:28.000;2026-09-10T01:39:28.000;22.39;13.74;0.13;22.57;20.34;41
2026-09-10T08:49:41.000;2026-09-10T01:49:41.000;22.25;14.05;0.1;22.87;20.34;42
2026-09-10T08:59:55.000;2026-09-10T01:59:55.000;22.15;14.49;0.1;22.84;20.34;43
2026-09-10T09:10:11.000;2026-09-10T02:10:11.000;22.33;15.0;0.11;22.7;20.34;44
2026-09-10T09:20:25.000;2026-09-10T02:20:25.000;22.8;14.18;0.2;22.09;20.34;45
2026-09-10T09:30:39.000;2026-09-10T02:30:39.000;22.72;12.72;0.23;21.96;20.34;46
2026-09-10T09:40:52.000;2026-09-10T02:40:52.000;22.47;10.16;0.27;21.74;20.34;47
2026-09-10T09:51:05.000;2026-09-10T02:51:05.000;21.66;7.66;0.24;21.9;20.34;48
2026-09-10T10:01:19.000;2026-09-10T03:01:19.000;21.02;8.78;0.23;21.94;20.34;49
2026-09-10T10:11:33.000;2026-09-10T03:11:33.000;20.77;4.82;0.19;22.15;20.34;50
2026-09-10T10:21:46.000;2026-09-10T03:21:46.000;20.0;3.35;0.12;22.62;20.34;51
2026-09-10T10:32:00.000;2026-09-10T03:32:00.000;19.81;4.44;0.2;22.06;20.34;52
2026-09-10T10:42:13.000;2026-09-10T03:42:13.000;19.7;5.83;0.25;21.86;20.34;53
2026-09-10T10:52:27.000;2026-09-10T03:52:27.000;20.11;8.7;0.2;22.11;20.34;54
2026-09-10T11:02:41.000;2026-09-10T04:02:41.000;20.22;10.97;0.24;21.91;20.34;55
2026-09-10T11:12:54.000;2026-09-10T04:12:54.000;20.47;11.16;0.25;21.86;20.34;56
2026-09-10T11:23:08.000;2026-09-10T04:23:08.000;20.54;14.02;0.17;22.25;20.34;57
2026-09-10T11:33:21.000;2026-09-10T04:33:21.000;20.72;14.86;0.12;22.63;20.34;58
2026-09-10T11:43:35.000;2026-09-10T04:43:35.000;20.77;14.71;0.2;22.1;20.34;59
2026-09-10T11:53:48.000;2026-09-10T04:53:48.000;20.7;14.43;0.22;21.96;20.34;60
2026-09-10T12:04:02.000;2026-09-10T05:04:02.000;20.8;14.11;0.51;21.08;20.34;61
2026-09-10T12:14:16.000;2026-09-10T05:14:16.000;20.73;13.08;2.05;19.56;20.34;62
2026-09-10T12:29:48.000;2026-09-10T05:29:48.000;21.71;11.21;36.13;16.45;20.34;63
2026-09-10T12:40:08.000;2026-09-10T05:40:08.000;22.1;13.03;564.38;13.46;20.34;64
2026-09-10T12:50:20.000;2026-09-10T05:50:20.000;21.4;13.89;7108.53;10.71;20.34;65
2026-09-11T01:50:55.000;2026-09-10T18:50:55.000;28.13;10.02;12540.75;10.09;20.34;1
2026-09-11T02:01:09.000;2026-09-10T19:01:09.000;28.21;9.02;992.57;12.85;20.34;2
2026-09-11T02:11:22.000;2026-09-10T19:11:22.000;27.39;9.05;101.82;15.32;20.34;3
2026-09-11T02:21:35.000;2026-09-10T19:21:35.000;26.55;8.54;14.4;17.44;20.34;4
2026-09-11T02:31:48.000;2026-09-10T19:31:48.000;25.97;8.17;2.28;19.45;20.34;5
2026-09-11T02:42:01.000;2026-09-10T19:42:01.000;25.67;8.55;0.65;20.8;20.34;6
2026-09-11T02:52:16.000;2026-09-10T19:52:16.000;25.8;8.62;0.43;21.25;20.34;7
2026-09-11T03:02:29.000;2026-09-10T20:02:29.000;25.72;8.51;0.43;21.25;20.34;8
2026-09-11T03:12:43.000;2026-09-10T20:12:43.000;25.5;8.68;0.45;21.21;20.34;9
2026-09-11T03:22:56.000;2026-09-10T20:22:56.000;25.21;8.76;0.47;21.16;20.34;10
2026-09-11T03:33:09.000;2026-09-10T20:33:09.000;25.01;8.94;0.47;21.16;20.34;11
2026-09-11T03:43:23.000;2026-09-10T20:43:23.000;24.67;9.09;0.48;21.15;20.34;12
2026-09-11T03:53:37.000;2026-09-10T20:53:37.000;24.61;9.27;0.55;20.99;20.34;13
2026-09-11T04:03:50.000;2026-09-10T21:03:50.000;24.63;8.86;0.46;21.18;20.34;14
2026-09-11T04:14:04.000;2026-09-10T21:14:04.000;24.43;8.69;0.45;21.2;20.34;15
2026-09-11T04:24:18.000;2026-09-10T21:24:18.000;24.37;8.61;0.54;21.02;20.34;16
2026-09-11T04:34:32.000;2026-09-10T21:34:32.000;24.32;8.58;0.53;21.04;20.34;17
2026-09-11T04:44:46.000;2026-09-10T21:44:46.000;24.08;8.62;0.54;21.01;20.34;18
2026-09-11T04:55:00.000;2026-09-10T21:55:00.000;23.9;8.87;0.51;21.08;20.34;19
2026-09-11T05:05:13.000;2026-09-10T22:05:13.000;23.96;8.29;0.37;21.41;20.34;20
2026-09-11T05:15:27.000;2026-09-10T22:15:27.000;23.75;7.87;0.48;21.15;20.34;21
2026-09-11T05:25:41.000;2026-09-10T22:25:41.000;23.46;7.29;0.4;21.33;20.34;22
2026-09-11T05:35:54.000;2026-09-10T22:35:54.000;23.43;7.11;0.36;21.44;20.34;23
2026-09-11T05:46:08.000;2026-09-10T22:46:08.000;23.5;6.99;0.37;21.42;20.34;24
2026-09-11T05:56:21.000;2026-09-10T22:56:21.000;23.29;6.79;0.36;21.45;20.34;25
2026-09-11T06:06:35.000;2026-09-10T23:06:35.000;23.14;6.66;0.3;21.66;20.34;26
2026-09-11T06:16:48.000;2026-09-10T23:16:48.000;22.91;6.98;0.35;21.47;20.34;27
2026-09-11T06:27:01.000;2026-09-10T23:27:01.000;22.99;7.35;0.38;21.4;20.34;28
2026-09-11T06:37:15.000;2026-09-10T23:37:15.000;22.98;7.31;0.33;21.56;20.34;29
2026-09-11T06:47:29.000;2026-09-10T23:47:29.000;22.5;7.11;0.37;21.43;20.34;30
2026-09-11T06:57:42.000;2026-09-10T23:57:42.000;22.21;6.88;0.27;21.77;20.34;31
2026-09-11T07:07:55.000;2026-09-11T00:07:55.000;22.22;6.36;0.25;21.86;20.34;32
2026-09-11T07:18:09.000;2026-09-11T00:18:09.000;22.41;6.25;0.22;22.01;20.34;33
2026-09-11T07:28:22.000;2026-09-11T00:28:22.000;22.52;6.05;0.24;21.87;20.34;34
2026-09-11T07:38:36.000;2026-09-11T00:38:36.000;22.28;6.25;0.31;21.61;20.34;35
2026-09-11T07:48:50.000;2026-09-11T00:48:50.000;21.82;5.62;0.29;21.68;20.34;36
2026-09-11T07:59:04.000;2026-09-11T00:59:04.000;21.83;5.26;0.19;22.14;20.34;37
2026-09-11T08:09:18.000;2026-09-11T01:09:18.000;22.19;5.3;0.23;21.94;20.34;38
2026-09-11T08:19:32.000;2026-09-11T01:19:32.000;22.19;5.49;0.24;21.91;20.34;39
2026-09-11T08:29:46.000;2026-09-11T01:29:46.000;21.91;5.29;0.23;21.95;20.34;40
2026-09-11T08:40:00.000;2026-09-11T01:40:00.000;21.68;5.17;0.15;22.43;20.34;41
2026-09-11T08:50:13.000;2026-09-11T01:50:13.000;21.7;5.03;0.2;22.06;20.34;42
2026-09-11T09:00:27.000;2026-09-11T02:00:27.000;21.82;5.41;0.18;22.19;20.34;43
2026-09-11T09:10:40.000;2026-09-11T02:10:40.000;21.87;5.45;0.2;22.08;20.34;44
2026-09-11T09:20:54.000;2026-09-11T02:20:54.000;22.26;11.55;0.23;21.95;20.34;45
2026-09-11T09:31:09.000;2026-09-11T02:31:09.000;22.94;14.61;0.23;21.91;20.34;46
2026-09-11T09:41:23.000;2026-09-11T02:41:23.000;22.86;11.59;0.25;21.83;20.34;47
2026-09-11T09:51:36.000;2026-09-11T02:51:36.000;22.45;6.91;0.15;22.42;20.34;48
2026-09-11T10:01:51.000;2026-09-11T03:01:51.000;21.89;4.97;0.18;22.2;20.34;49
2026-09-11T10:12:05.000;2026-09-11T03:12:05.000;21.23;4.54;0.21;22.02;20.34;50
2026-09-11T10:22:18.000;2026-09-11T03:22:18.000;20.92;4.28;0.24;21.89;20.34;51
2026-09-11T10:32:31.000;2026-09-11T03:32:31.000;20.57;4.06;0.2;22.08;20.34;52
2026-09-11T10:42:45.000;2026-09-11T03:42:45.000;20.25;3.92;0.22;22.01;20.34;53
2026-09-11T10:52:59.000;2026-09-11T03:52:59.000;19.97;4.01;0.2;22.07;20.34;54
2026-09-11T11:03:12.000;2026-09-11T04:03:12.000;20.11;3.8;0.17;22.29;20.34;55
2026-09-11T11:18:28.000;2026-09-11T04:18:28.000;20.75;2.87;0.37;21.43;20.34;56
2026-09-11T11:28:47.000;2026-09-11T04:28:47.000;20.54;3.21;0.19;22.14;20.34;57
2026-09-11T11:39:00.000;2026-09-11T04:39:00.000;19.58;3.31;0.22;22.0;20.34;58
2026-09-11T11:49:13.000;2026-09-11T04:49:13.000;18.99;3.24;0.2;22.11;20.34;59
2026-09-11T11:59:27.000;2026-09-11T04:59:27.000;18.68;3.29;0.23;21.92;20.34;60
2026-09-11T12:09:41.000;2026-09-11T05:09:41.000;18.53;3.27;0.92;20.43;20.34;61
2026-09-11T12:19:54.000;2026-09-11T05:19:54.000;18.32;3.51;5.94;18.41;20.34;62
2026-09-11T12:30:08.000;2026-09-11T05:30:08.000;18.14;3.41;42.5;16.27;20.34;63
2026-09-11T12:40:24.000;2026-09-11T05:40:24.000;18.11;3.46;550.57;13.49;20.34;64
2026-09-11T12:50:37.000;2026-09-11T05:50:37.000;18.12;3.82;8967.41;10.46;20.34;65
2026-09-12T01:38:01.000;2026-09-11T18:38:01.000;18.98;19.25;13762.62;9.99;20.34;1
2026-09-12T01:48:15.000;2026-09-11T18:48:15.000;19.71;19.61;2404.29;11.89;20.34;2
2026-09-12T01:58:29.000;2026-09-11T18:58:29.000;19.62;19.48;225.39;14.46;20.34;3
2026-09-12T02:08:43.000;2026-09-11T19:08:43.000;19.67;19.55;21.03;17.03;20.34;4
2026-09-12T02:18:57.000;2026-09-11T19:18:57.000;19.85;19.74;2.58;19.31;20.34;5
2026-09-12T02:29:11.000;2026-09-11T19:29:11.000;20.01;19.88;0.43;21.25;20.34;6
2026-09-12T02:39:26.000;2026-09-11T19:39:26.000;20.37;20.28;0.18;22.18;20.34;7
2026-09-12T02:49:39.000;2026-09-11T19:49:39.000;20.53;20.36;0.12;22.68;20.34;8
2026-09-12T02:59:53.000;2026-09-11T19:59:53.000;20.52;20.34;0.09;22.99;20.34;9
2026-09-12T03:10:07.000;2026-09-11T20:10:07.000;20.71;20.51;0.05;23.55;20.34;10
2026-09-12T03:20:21.000;2026-09-11T20:20:21.000;20.68;20.25;0.08;23.09;20.34;11
2026-09-12T03:30:34.000;2026-09-11T20:30:34.000;20.69;20.51;0.12;22.66;20.34;12
2026-09-12T03:40:49.000;2026-09-11T20:40:49.000;20.8;20.67;0.13;22.57;20.34;13
2026-09-12T03:51:02.000;2026-09-11T20:51:02.000;20.9;20.67;0.1;22.89;20.34;14
2026-09-12T04:01:16.000;2026-09-11T21:01:16.000;21.05;20.91;0.1;22.83;20.34;15
2026-09-12T04:11:30.000;2026-09-11T21:11:30.000;21.07;20.7;0.17;22.25;20.34;16
2026-09-12T04:21:43.000;2026-09-11T21:21:43.000;20.88;20.56;0.14;22.47;20.34;17
2026-09-12T04:31:57.000;2026-09-11T21:31:57.000;21.01;20.88;0.11;22.71;20.34;18
2026-09-12T04:42:11.000;2026-09-11T21:42:11.000;21.24;21.03;0.17;22.29;20.34;19
2026-09-12T04:52:24.000;2026-09-11T21:52:24.000;21.32;21.17;0.26;21.8;20.34;20
2026-09-12T05:02:38.000;2026-09-11T22:02:38.000;21.33;21.11;0.22;21.98;20.34;21
2026-09-12T05:12:52.000;2026-09-11T22:12:52.000;21.2;20.97;0.22;21.98;20.34;22
2026-09-12T05:23:06.000;2026-09-11T22:23:06.000;21.07;20.9;0.24;21.88;20.34;23
2026-09-12T05:33:19.000;2026-09-11T22:33:19.000;21.18;21.08;0.29;21.67;20.34;24
2026-09-12T05:43:33.000;2026-09-11T22:43:33.000;21.18;20.95;0.26;21.82;20.34;25
2026-09-12T05:53:47.000;2026-09-11T22:53:47.000;20.99;20.81;0.27;21.77;20.34;26
2026-09-12T06:04:00.000;2026-09-11T23:04:00.000;20.78;20.51;0.35;21.47;20.34;27
2026-09-12T06:14:14.000;2026-09-11T23:14:14.000;20.72;20.49;0.29;21.69;20.34;28
2026-09-12T06:24:27.000;2026-09-11T23:24:27.000;20.73;20.67;0.36;21.46;20.34;29
2026-09-12T06:34:41.000;2026-09-11T23:34:41.000;20.86;20.59;0.44;21.24;20.34;30
2026-09-12T06:44:54.000;2026-09-11T23:44:54.000;20.55;20.1;0.45;21.21;20.34;31
2026-09-12T06:55:08.000;2026-09-11T23:55:08.000;20.38;20.02;0.33;21.53;20.34;32
2026-09-12T07:05:22.000;2026-09-12T00:05:22.000;20.16;18.95;0.41;21.31;20.34;33
2026-09-12T07:15:35.000;2026-09-12T00:15:35.000;19.93;15.78;0.3;21.65;20.34;34
2026-09-12T07:25:49.000;2026-09-12T00:25:49.000;19.9;10.74;0.33;21.55;20.34;35
2026-09-12T07:36:02.000;2026-09-12T00:36:02.000;19.87;9.12;0.34;21.51;20.34;36
2026-09-12T07:46:16.000;2026-09-12T00:46:16.000;19.79;8.01;0.28;21.72;20.34;37
2026-09-12T07:56:30.000;2026-09-12T00:56:30.000;19.7;7.24;0.31;21.61;20.34;38
2026-09-12T08:06:43.000;2026-09-12T01:06:43.000;19.54;7.02;0.28;21.74;20.34;39
2026-09-12T08:16:57.000;2026-09-12T01:16:57.000;19.69;6.96;0.28;21.73;20.34;40
2026-09-12T08:27:11.000;2026-09-12T01:27:11.000;19.72;6.64;0.33;21.56;20.34;41
2026-09-12T08:37:24.000;2026-09-12T01:37:24.000;19.69;6.78;0.29;21.68;20.34;42
2026-09-12T08:47:38.000;2026-09-12T01:47:38.000;19.71;6.94;0.32;21.56;20.34;43
2026-09-12T08:57:52.000;2026-09-12T01:57:52.000;19.86;7.13;0.29;21.68;20.34;44
2026-09-12T09:08:06.000;2026-09-12T02:08:06.000;19.74;7.41;0.32;21.58;20.34;45
2026-09-12T09:18:20.000;2026-09-12T02:18:20.000;19.94;7.94;0.28;21.72;20.34;46
2026-09-12T09:28:34.000;2026-09-12T02:28:34.000;20.18;8.87;0.26;21.81;20.34;47
2026-09-12T09:38:47.000;2026-09-12T02:38:47.000;20.54;10.17;0.26;21.8;20.34;48
2026-09-12T09:49:01.000;2026-09-12T02:49:01.000;20.35;9.3;0.2;22.08;20.34;49
2026-09-12T09:59:14.000;2026-09-12T02:59:14.000;20.4;9.57;0.32;21.57;20.34;50
2026-09-12T10:09:28.000;2026-09-12T03:09:28.000;20.36;9.58;0.27;21.75;20.34;51
2026-09-12T10:19:41.000;2026-09-12T03:19:41.000;20.64;8.73;0.25;21.85;20.34;52
2026-09-12T10:29:55.000;2026-09-12T03:29:55.000;20.75;10.25;0.28;21.72;20.34;53
2026-09-12T10:40:09.000;2026-09-12T03:40:09.000;21.0;11.11;0.29;21.68;20.34;54
2026-09-12T10:50:23.000;2026-09-12T03:50:23.000;21.02;10.45;0.28;21.74;20.34;55
2026-09-12T11:00:36.000;2026-09-12T04:00:36.000;20.8;10.15;0.33;21.53;20.34;56
2026-09-12T11:10:52.000;2026-09-12T04:10:52.000;20.65;11.5;0.35;21.48;20.34;57
2026-09-12T11:21:05.000;2026-09-12T04:21:05.000;20.98;15.0;0.2;22.07;20.34;58
2026-09-12T11:31:19.000;2026-09-12T04:31:19.000;21.28;17.47;0.31;21.59;20.34;59
2026-09-12T11:41:33.000;2026-09-12T04:41:33.000;21.42;15.71;0.3;21.63;20.34;60
2026-09-12T11:51:47.000;2026-09-12T04:51:47.000;21.29;10.72;0.35;21.47;20.34;61
2026-09-12T12:02:00.000;2026-09-12T05:02:00.000;20.94;7.58;0.49;21.12;20.34;62
2026-09-12T12:12:14.000;2026-09-12T05:12:14.000;20.93;7.7;1.67;19.78;20.34;63
2026-09-12T12:22:28.000;2026-09-12T05:22:28.000;20.89;13.72;17.41;17.24;20.34;64
2026-09-12T12:32:41.000;2026-09-12T05:32:41.000;21.49;17.73;126.91;15.08;20.34;65
2026-09-12T12:42:55.000;2026-09-12T05:42:55.000;21.46;13.35;956.52;12.89;20.34;66
2026-09-12T12:53:09.000;2026-09-12T05:53:09.000;21.54;16.72;11772.99;10.16;20.34;67
2026-09-13T01:48:52.000;2026-09-12T18:48:52.000;20.47;20.32;10528.12;10.28;20.34;1
2026-09-13T01:59:06.000;2026-09-12T18:59:06.000;20.6;17.96;740.51;13.17;20.34;2
2026-09-13T02:09:19.000;2026-09-12T19:09:19.000;20.47;9.4;58.25;15.93;20.34;3
2026-09-13T02:19:33.000;2026-09-12T19:19:33.000;20.25;7.18;7.7;18.12;20.34;4
2026-09-13T02:29:47.000;2026-09-12T19:29:47.000;20.17;5.87;1.45;19.94;20.34;5
2026-09-13T02:40:00.000;2026-09-12T19:40:00.000;20.16;4.91;0.56;20.98;20.34;6
2026-09-13T02:50:14.000;2026-09-12T19:50:14.000;20.11;4.04;0.4;21.34;20.34;7
2026-09-13T03:00:27.000;2026-09-12T20:00:27.000;19.87;3.85;0.41;21.3;20.34;8
2026-09-13T03:10:41.000;2026-09-12T20:10:41.000;19.68;3.67;0.38;21.38;20.34;9
2026-09-13T03:20:54.000;2026-09-12T20:20:54.000;19.52;3.35;0.4;21.34;20.34;10
2026-09-13T03:31:08.000;2026-09-12T20:31:08.000;19.19;3.67;0.41;21.3;20.34;11
2026-09-13T03:41:21.000;2026-09-12T20:41:21.000;19.55;4.05;0.43;21.26;20.34;12
2026-09-13T03:51:35.000;2026-09-12T20:51:35.000;19.47;4.51;0.47;21.16;20.34;13
2026-09-13T04:01:49.000;2026-09-12T21:01:49.000;19.55;4.85;0.43;21.25;20.34;14
2026-09-13T04:12:02.000;2026-09-12T21:12:02.000;19.16;4.85;0.41;21.3;20.34;15
2026-09-13T04:22:16.000;2026-09-12T21:22:16.000;19.0;4.99;0.41;21.31;20.34;16
2026-09-13T04:32:31.000;2026-09-12T21:32:31.000;18.93;4.75;0.38;21.38;20.34;17
2026-09-13T04:42:45.000;2026-09-12T21:42:45.000;19.13;4.79;0.37;21.43;20.34;18
2026-09-13T04:52:59.000;2026-09-12T21:52:59.000;19.29;4.23;0.38;21.4;20.34;19
2026-09-13T05:03:12.000;2026-09-12T22:03:12.000;18.99;3.8;0.3;21.64;20.34;20
2026-09-13T05:13:26.000;2026-09-12T22:13:26.000;18.92;3.52;0.34;21.52;20.34;21
2026-09-13T05:23:40.000;2026-09-12T22:23:40.000;19.01;3.27;0.32;21.59;20.34;22
2026-09-13T05:33:54.000;2026-09-12T22:33:54.000;18.67;2.77;0.22;21.98;20.34;23
2026-09-13T05:44:08.000;2026-09-12T22:44:08.000;18.39;2.96;0.27;21.78;20.34;24
2026-09-13T05:54:21.000;2026-09-12T22:54:21.000;18.51;2.74;0.25;21.83;20.34;25
2026-09-13T06:04:36.000;2026-09-12T23:04:36.000;18.56;2.44;0.23;21.96;20.34;26
2026-09-13T06:14:49.000;2026-09-12T23:14:49.000;18.4;2.12;0.21;22.04;20.34;27
2026-09-13T06:25:03.000;2026-09-12T23:25:03.000;18.97;3.86;0.19;22.14;20.34;28
2026-09-13T06:35:17.000;2026-09-12T23:35:17.000;18.88;2.75;0.3;21.65;20.34;29
2026-09-13T06:45:30.000;2026-09-12T23:45:30.000;18.35;3.02;0.31;21.6;20.34;30
2026-09-13T06:55:44.000;2026-09-12T23:55:44.000;17.98;3.12;0.27;21.75;20.34;31
2026-09-13T07:05:58.000;2026-09-13T00:05:58.000;17.91;3.27;0.25;21.85;20.34;32
2026-09-13T07:16:11.000;2026-09-13T00:16:11.000;18.31;3.08;0.23;21.96;20.34;33
2026-09-13T07:26:25.000;2026-09-13T00:26:25.000;18.57;3.31;0.19;22.15;20.34;34
2026-09-13T07:36:39.000;2026-09-13T00:36:39.000;18.56;3.72;0.24;21.91;20.34;35
2026-09-13T07:46:52.000;2026-09-13T00:46:52.000;18.25;3.4;0.24;21.88;20.34;36
2026-09-13T07:57:06.000;2026-09-13T00:57:06.000;18.38;3.31;0.19;22.13;20.34;37
2026-09-13T08:07:20.000;2026-09-13T01:07:20.000;18.26;3.55;0.19;22.14;20.34;38
2026-09-13T08:17:34.000;2026-09-13T01:17:34.000;18.11;2.7;0.15;22.41;20.34;39
2026-09-13T08:27:48.000;2026-09-13T01:27:48.000;18.02;2.64;0.22;21.98;20.34;40
2026-09-13T08:38:01.000;2026-09-13T01:38:01.000;17.65;2.62;0.22;21.98;20.34;41
2026-09-13T08:48:15.000;2026-09-13T01:48:15.000;17.57;2.29;0.22;21.99;20.34;42
2026-09-13T08:58:28.000;2026-09-13T01:58:28.000;17.51;2.06;0.2;22.08;20.34;43
2026-09-13T09:08:42.000;2026-09-13T02:08:42.000;17.43;1.95;0.14;22.46;20.34;44
2026-09-13T09:18:56.000;2026-09-13T02:18:56.000;17.54;2.63;0.16;22.36;20.34;45
2026-09-13T09:29:10.000;2026-09-13T02:29:10.000;17.79;2.26;0.17;22.25;20.34;46
2026-09-13T09:39:24.000;2026-09-13T02:39:24.000;17.82;2.12;0.21;22.05;20.34;47
2026-09-13T09:49:37.000;2026-09-13T02:49:37.000;17.57;2.23;0.2;22.1;20.34;48
2026-09-13T09:59:51.000;2026-09-13T02:59:51.000;17.73;2.36;0.14;22.45;20.34;49
2026-09-13T10:10:05.000;2026-09-13T03:10:05.000;17.47;2.49;0.15;22.43;20.34;50
2026-09-13T10:20:18.000;2026-09-13T03:20:18.000;17.69;2.75;0.19;22.17;20.34;51
2026-09-13T10:30:32.000;2026-09-13T03:30:32.000;17.69;2.76;0.23;21.92;20.34;52
2026-09-13T10:40:46.000;2026-09-13T03:40:46.000;17.59;2.81;0.22;22.0;20.34;53
2026-09-13T10:50:59.000;2026-09-13T03:50:59.000;17.3;2.89;0.17;22.24;20.34;54
2026-09-13T11:01:13.000;2026-09-13T04:01:13.000;17.22;3.07;0.18;22.21;20.34;55
2026-09-13T11:11:27.000;2026-09-13T04:11:27.000;17.18;3.08;0.23;21.92;20.34;56
2026-09-13T11:21:41.000;2026-09-13T04:21:41.000;17.34;3.37;0.19;22.12;20.34;57
2026-09-13T11:31:54.000;2026-09-13T04:31:54.000;17.37;3.25;0.24;21.88;20.34;58
2026-09-13T11:42:08.000;2026-09-13T04:42:08.000;17.59;3.35;0.23;21.94;20.34;59
2026-09-13T11:52:21.000;2026-09-13T04:52:21.000;17.62;3.35;0.3;21.63;20.34;60
2026-09-13T12:02:35.000;2026-09-13T05:02:35.000;17.71;3.76;0.4;21.33;20.34;61
2026-09-13T12:12:49.000;2026-09-13T05:12:49.000;17.7;3.32;1.21;20.13;20.34;62
2026-09-13T12:23:02.000;2026-09-13T05:23:02.000;17.38;3.29;6.35;18.33;20.34;63
2026-09-13T12:33:16.000;2026-09-13T05:33:16.000;17.3;3.2;47.8;16.14;20.34;64
2026-09-13T12:43:30.000;2026-09-13T05:43:30.000;17.49;3.27;648.93;13.31;20.34;65
2026-09-14T01:49:56.000;2026-09-13T18:49:56.000;25.14;9.4;9252.86;10.42;20.34;1
2026-09-14T02:00:10.000;2026-09-13T19:00:10.000;25.73;9.37;572.15;13.45;20.34;2
2026-09-14T02:10:24.000;2026-09-13T19:10:24.000;25.53;8.88;62.74;15.85;20.34;3
2026-09-14T02:20:37.000;2026-09-13T19:20:37.000;25.29;9.17;12.1;17.63;20.34;4
2026-09-14T02:30:50.000;2026-09-13T19:30:50.000;25.27;9.15;2.12;19.52;20.34;5
2026-09-14T02:41:03.000;2026-09-13T19:41:03.000;25.28;8.95;0.49;21.11;20.34;6
2026-09-14T02:51:17.000;2026-09-13T19:51:17.000;25.1;9.03;0.32;21.59;20.34;7
2026-09-14T03:01:30.000;2026-09-13T20:01:30.000;25.19;10.55;0.31;21.63;20.34;8
2026-09-14T03:11:44.000;2026-09-13T20:11:44.000;25.18;8.98;0.33;21.53;20.34;9
2026-09-14T03:21:58.000;2026-09-13T20:21:58.000;24.86;9.2;0.4;21.34;20.34;10
2026-09-14T03:32:11.000;2026-09-13T20:32:11.000;24.33;10.73;0.41;21.3;20.34;11
2026-09-14T03:42:25.000;2026-09-13T20:42:25.000;24.21;9.88;0.5;21.1;20.34;12
2026-09-14T03:52:39.000;2026-09-13T20:52:39.000;23.83;10.79;0.43;21.24;20.34;13
2026-09-14T04:02:52.000;2026-09-13T21:02:52.000;23.65;10.72;0.44;21.24;20.34;14
2026-09-14T04:13:06.000;2026-09-13T21:13:06.000;23.4;10.38;0.49;21.11;20.34;15
2026-09-14T04:23:19.000;2026-09-13T21:23:19.000;23.35;10.41;0.43;21.26;20.34;16
2026-09-14T04:33:33.000;2026-09-13T21:33:33.000;23.18;10.2;0.5;21.09;20.34;17
2026-09-14T04:43:46.000;2026-09-13T21:43:46.000;22.92;10.11;0.41;21.3;20.34;18
2026-09-14T04:53:59.000;2026-09-13T21:53:59.000;22.85;10.2;0.49;21.12;20.34;19
2026-09-14T05:04:13.000;2026-09-13T22:04:13.000;22.98;9.88;0.36;21.43;20.34;20
2026-09-14T05:14:26.000;2026-09-13T22:14:26.000;22.87;9.44;0.35;21.47;20.34;21
2026-09-14T05:24:40.000;2026-09-13T22:24:40.000;22.9;9.31;0.35;21.48;20.34;22
2026-09-14T05:34:54.000;2026-09-13T22:34:54.000;22.69;8.76;0.33;21.55;20.34;23
2026-09-14T05:45:07.000;2026-09-13T22:45:07.000;22.36;8.95;0.3;21.65;20.34;24
2026-09-14T05:55:21.000;2026-09-13T22:55:21.000;22.11;8.88;0.33;21.55;20.34;25
2026-09-14T06:05:34.000;2026-09-13T23:05:34.000;22.07;8.9;0.3;21.66;20.34;26
2026-09-14T06:15:48.000;2026-09-13T23:15:48.000;22.06;8.75;0.41;21.3;20.34;27
2026-09-14T06:26:01.000;2026-09-13T23:26:01.000;22.12;8.56;0.34;21.5;20.34;28
2026-09-14T06:36:15.000;2026-09-13T23:36:15.000;22.55;8.74;0.35;21.49;20.34;29
2026-09-14T06:46:28.000;2026-09-13T23:46:28.000;22.55;8.58;0.37;21.42;20.34;30
2026-09-14T06:56:42.000;2026-09-13T23:56:42.000;22.37;8.52;0.3;21.64;20.34;31
2026-09-14T07:06:55.000;2026-09-14T00:06:55.000;22.46;7.85;0.35;21.48;20.34;32
2026-09-14T07:17:09.000;2026-09-14T00:17:09.000;22.24;8.1;0.3;21.64;20.34;33
2026-09-14T07:27:22.000;2026-09-14T00:27:22.000;22.23;7.89;0.35;21.47;20.34;34
2026-09-14T07:37:36.000;2026-09-14T00:37:36.000;22.19;7.83;0.3;21.65;20.34;35
2026-09-14T07:47:49.000;2026-09-14T00:47:49.000;22.09;8.05;0.33;21.54;20.34;36
2026-09-14T07:58:03.000;2026-09-14T00:58:03.000;21.89;8.03;0.29;21.67;20.34;37
2026-09-14T08:08:17.000;2026-09-14T01:08:17.000;21.73;8.23;0.28;21.72;20.34;38
2026-09-14T08:18:30.000;2026-09-14T01:18:30.000;21.47;8.47;0.25;21.86;20.34;39
2026-09-14T08:28:44.000;2026-09-14T01:28:44.000;21.44;8.6;0.2;22.07;20.34;40
2026-09-14T08:38:58.000;2026-09-14T01:38:58.000;21.64;8.45;0.26;21.8;20.34;41
2026-09-14T08:49:12.000;2026-09-14T01:49:12.000;21.67;7.54;0.27;21.76;20.34;42
2026-09-14T08:59:26.000;2026-09-14T01:59:26.000;21.16;7.54;0.25;21.86;20.34;43
2026-09-14T09:09:39.000;2026-09-14T02:09:39.000;21.14;7.78;0.27;21.77;20.34;44
2026-09-14T09:19:53.000;2026-09-14T02:19:53.000;20.77;7.58;0.26;21.82;20.34;45
2026-09-14T09:30:10.000;2026-09-14T02:30:10.000;20.64;7.31;0.2;22.11;20.34;46
2026-09-14T09:40:24.000;2026-09-14T02:40:24.000;20.43;7.11;0.28;21.73;20.34;47
2026-09-14T09:50:37.000;2026-09-14T02:50:37.000;20.3;6.78;0.26;21.81;20.34;48
2026-09-14T10:00:51.000;2026-09-14T03:00:51.000;20.33;6.51;0.24;21.9;20.34;49
2026-09-14T10:11:05.000;2026-09-14T03:11:05.000;20.12;6.28;0.18;22.19;20.34;50
2026-09-14T10:21:18.000;2026-09-14T03:21:18.000;19.87;5.88;0.27;21.75;20.34;51
2026-09-14T10:31:32.000;2026-09-14T03:31:32.000;19.82;6.26;0.3;21.67;20.34;52
2026-09-14T10:41:45.000;2026-09-14T03:41:45.000;19.66;6.85;0.2;22.1;20.34;53
2026-09-14T10:51:59.000;2026-09-14T03:51:59.000;19.83;9.14;0.22;22.0;20.34;54
2026-09-14T11:02:13.000;2026-09-14T04:02:13.000;19.96;10.71;0.31;21.59;20.34;55
2026-09-14T11:12:27.000;2026-09-14T04:12:27.000;19.97;9.04;0.27;21.76;20.34;56
2026-09-14T11:22:41.000;2026-09-14T04:22:41.000;19.83;6.14;0.24;21.89;20.34;57
2026-09-14T11:32:56.000;2026-09-14T04:32:56.000;20.22;6.51;0.3;21.66;20.34;58
2026-09-14T11:43:10.000;2026-09-14T04:43:10.000;20.49;6.06;0.27;21.76;20.34;59
2026-09-14T11:53:28.000;2026-09-14T04:53:28.000;20.52;5.6;0.2;22.1;20.34;60
2026-09-14T12:03:45.000;2026-09-14T05:03:45.000;21.24;5.82;0.37;21.43;20.34;61
2026-09-14T12:14:01.000;2026-09-14T05:14:01.000;21.71;5.65;1.01;20.33;20.34;62
2026-09-14T12:24:14.000;2026-09-14T05:24:14.000;21.52;5.41;6.22;18.36;20.34;63
2026-09-14T12:34:27.000;2026-09-14T05:34:27.000;21.13;5.14;51.36;16.06;20.34;64
2026-09-14T12:44:40.000;2026-09-14T05:44:40.000;20.27;4.79;628.19;13.34;20.34;65
2026-09-14T12:54:54.000;2026-09-14T05:54:54.000;19.97;4.85;11262.67;10.21;20.34;66
2026-09-15T01:47:20.000;2026-09-14T18:47:20.000;20.73;11.25;14172.17;9.96;20.34;1
2026-09-15T01:57:33.000;2026-09-14T18:57:33.000;21.03;10.01;1404.39;12.47;20.34;2
2026-09-15T02:07:47.000;2026-09-14T19:07:47.000;20.88;9.59;240.32;14.39;20.34;3
2026-09-15T02:18:01.000;2026-09-14T19:18:01.000;20.68;9.15;34.7;16.49;20.34;4
2026-09-15T02:28:15.000;2026-09-14T19:28:15.000;20.67;8.89;3.32;19.04;20.34;5
2026-09-15T02:38:28.000;2026-09-14T19:38:28.000;20.39;8.76;0.58;20.92;20.34;6
2026-09-15T02:48:42.000;2026-09-14T19:48:42.000;20.33;9.38;0.39;21.37;20.34;7
2026-09-15T02:58:56.000;2026-09-14T19:58:56.000;20.25;8.57;0.32;21.58;20.34;8
2026-09-15T03:09:09.000;2026-09-14T20:09:09.000;19.9;8.4;0.39;21.37;20.34;9
2026-09-15T03:19:23.000;2026-09-14T20:19:23.000;19.92;8.59;0.45;21.2;20.34;10
2026-09-15T03:29:37.000;2026-09-14T20:29:37.000;20.14;8.75;0.42;21.29;20.34;11
2026-09-15T03:39:51.000;2026-09-14T20:39:51.000;19.9;8.22;0.4;21.34;20.34;12
2026-09-15T03:50:04.000;2026-09-14T20:50:04.000;19.95;7.25;0.47;21.16;20.34;13
2026-09-15T04:00:18.000;2026-09-14T21:00:18.000;19.66;5.72;0.4;21.32;20.34;14
2026-09-15T04:10:31.000;2026-09-14T21:10:31.000;19.25;5.49;0.4;21.34;20.34;15
2026-09-15T04:20:45.000;2026-09-14T21:20:45.000;18.98;6.41;0.39;21.35;20.34;16
2026-09-15T04:30:58.000;2026-09-14T21:30:58.000;18.99;6.45;0.29;21.68;20.34;17
2026-09-15T04:41:12.000;2026-09-14T21:41:12.000;18.8;5.58;0.37;21.41;20.34;18
2026-09-15T04:51:26.000;2026-09-14T21:51:26.000;18.58;4.81;0.37;21.41;20.34;19
2026-09-15T05:01:39.000;2026-09-14T22:01:39.000;18.35;4.61;0.31;21.63;20.34;20
2026-09-15T05:11:53.000;2026-09-14T22:11:53.000;18.51;4.78;0.3;21.66;20.34;21
2026-09-15T05:22:07.000;2026-09-14T22:22:07.000;18.59;3.75;0.29;21.68;20.34;22
2026-09-15T05:32:21.000;2026-09-14T22:32:21.000;18.39;3.83;0.29;21.67;20.34;23
2026-09-15T05:42:34.000;2026-09-14T22:42:34.000;18.62;4.04;0.3;21.63;20.34;24
2026-09-15T05:52:49.000;2026-09-14T22:52:49.000;18.14;2.84;0.23;21.92;20.34;25
2026-09-15T06:03:02.000;2026-09-14T23:03:02.000;17.63;2.18;0.19;22.17;20.34;26
2026-09-15T06:13:16.000;2026-09-14T23:13:16.000;17.47;2.25;0.25;21.87;20.34;27
2026-09-15T06:23:29.000;2026-09-14T23:23:29.000;17.35;3.49;0.21;22.04;20.34;28
2026-09-15T06:33:43.000;2026-09-14T23:33:43.000;17.48;5.13;0.3;21.66;20.34;29
2026-09-15T06:43:56.000;2026-09-14T23:43:56.000;17.49;5.37;0.22;21.99;20.34;30
2026-09-15T06:54:11.000;2026-09-14T23:54:11.000;17.58;3.52;0.14;22.44;20.34;31
2026-09-15T07:04:24.000;2026-09-15T00:04:24.000;17.15;0.93;0.14;22.51;20.34;32
2026-09-15T07:14:38.000;2026-09-15T00:14:38.000;16.91;-0.02;0.18;22.22;20.34;33
2026-09-15T07:24:51.000;2026-09-15T00:24:51.000;17.36;0.98;0.16;22.31;20.34;34
2026-09-15T07:35:07.000;2026-09-15T00:35:07.000;17.48;0.71;0.12;22.6;20.34;35
2026-09-15T07:45:21.000;2026-09-15T00:45:21.000;17.49;0.02;0.18;22.23;20.34;36
2026-09-15T07:55:35.000;2026-09-15T00:55:35.000;17.43;-0.57;0.11;22.78;20.34;37
2026-09-15T08:05:48.000;2026-09-15T01:05:48.000;17.21;-0.55;0.11;22.75;20.34;38
2026-09-15T08:16:02.000;2026-09-15T01:16:02.000;17.31;-0.66;0.2;22.09;20.34;39
2026-09-15T08:26:16.000;2026-09-15T01:26:16.000;17.43;-0.57;0.17;22.27;20.34;40
2026-09-15T08:36:30.000;2026-09-15T01:36:30.000;17.35;-0.53;0.21;22.04;20.34;41
2026-09-15T08:46:43.000;2026-09-15T01:46:43.000;17.16;-0.71;0.12;22.67;20.34;42
2026-09-15T08:56:57.000;2026-09-15T01:56:57.000;16.71;-0.12;0.12;22.67;20.34;43
2026-09-15T09:07:11.000;2026-09-15T02:07:11.000;16.39;-0.27;0.17;22.25;20.34;44
2026-09-15T09:17:25.000;2026-09-15T02:17:25.000;16.28;-0.19;0.15;22.41;20.34;45
2026-09-15T09:27:39.000;2026-09-15T02:27:39.000;16.5;-0.11;0.14;22.44;20.34;46
2026-09-15T09:37:52.000;2026-09-15T02:37:52.000;16.62;0.44;0.2;22.1;20.34;47
2026-09-15T09:48:06.000;2026-09-15T02:48:06.000;16.73;2.87;0.16;22.36;20.34;48
2026-09-15T09:58:20.000;2026-09-15T02:58:20.000;16.83;4.73;0.16;22.32;20.34;49
2026-09-15T10:08:34.000;2026-09-15T03:08:34.000;17.03;4.29;0.25;21.83;20.34;50
2026-09-15T10:18:48.000;2026-09-15T03:18:48.000;16.85;2.02;0.18;22.18;20.34;51
2026-09-15T10:29:01.000;2026-09-15T03:29:01.000;16.64;1.43;0.22;22.01;20.34;52
2026-09-15T10:39:15.000;2026-09-15T03:39:15.000;16.87;2.21;0.18;22.23;20.34;53
2026-09-15T10:49:29.000;2026-09-15T03:49:29.000;16.71;2.03;0.22;21.99;20.34;54
2026-09-15T10:59:43.000;2026-09-15T03:59:43.000;16.74;2.18;0.19;22.16;20.34;55
2026-09-15T11:09:56.000;2026-09-15T04:09:56.000;16.69;3.37;0.26;21.81;20.34;56
2026-09-15T11:20:11.000;2026-09-15T04:20:11.000;16.94;6.26;0.28;21.71;20.34;57
2026-09-15T11:30:25.000;2026-09-15T04:30:25.000;17.25;7.04;0.29;21.69;20.34;58
2026-09-15T11:40:39.000;2026-09-15T04:40:39.000;17.23;5.32;0.24;21.91;20.34;59
2026-09-15T11:50:53.000;2026-09-15T04:50:53.000;17.15;2.93;0.23;21.94;20.34;60
2026-09-15T12:01:07.000;2026-09-15T05:01:07.000;17.24;2.9;0.31;21.61;20.34;61
2026-09-15T12:11:22.000;2026-09-15T05:11:22.000;17.01;2.53;0.66;20.79;20.34;62
2026-09-15T12:21:36.000;2026-09-15T05:21:36.000;16.93;3.88;3.84;18.88;20.34;63
2026-09-15T12:31:49.000;2026-09-15T05:31:49.000;16.94;3.05;32.92;16.55;20.34;64
2026-09-15T12:42:03.000;2026-09-15T05:42:03.000;16.7;3.78;364.98;13.93;20.34;65
2026-09-15T12:52:17.000;2026-09-15T05:52:17.000;16.72;4.02;5736.17;10.94;20.34;66
2026-09-16T01:45:29.000;2026-09-15T18:45:29.000;22.31;5.78;13896.84;9.98;20.34;1
2026-09-16T01:55:43.000;2026-09-15T18:55:43.000;22.98;4.55;782.62;13.11;20.34;2
2026-09-16T02:05:57.000;2026-09-15T19:05:57.000;23.13;5.27;74.45;15.66;20.34;3
2026-09-16T02:16:10.000;2026-09-15T19:16:10.000;23.38;6.32;11.46;17.69;20.34;4
2026-09-16T02:26:24.000;2026-09-15T19:26:24.000;22.92;5.53;1.67;19.79;20.34;5
2026-09-16T02:36:37.000;2026-09-15T19:36:37.000;22.59;5.45;0.64;20.82;20.34;6
2026-09-16T02:46:51.000;2026-09-15T19:46:51.000;22.87;6.29;0.51;21.08;20.34;7
2026-09-16T02:57:05.000;2026-09-15T19:57:05.000;22.84;5.6;0.46;21.19;20.34;8
2026-09-16T03:07:18.000;2026-09-15T20:07:18.000;22.79;6.37;0.36;21.44;20.34;9
2026-09-16T03:17:32.000;2026-09-15T20:17:32.000;22.56;7.02;0.46;21.19;20.34;10
2026-09-16T03:27:45.000;2026-09-15T20:27:45.000;22.42;7.51;0.39;21.38;20.34;11
2026-09-16T03:37:59.000;2026-09-15T20:37:59.000;22.01;5.65;0.31;21.61;20.34;12
2026-09-16T03:48:12.000;2026-09-15T20:48:12.000;21.2;4.91;0.28;21.72;20.34;13
2026-09-16T03:58:25.000;2026-09-15T20:58:25.000;20.41;4.12;0.28;21.73;20.34;14
2026-09-16T04:08:38.000;2026-09-15T21:08:38.000;19.78;4.08;0.29;21.68;20.34;15
2026-09-16T04:18:52.000;2026-09-15T21:18:52.000;19.62;4.39;0.29;21.7;20.34;16
2026-09-16T04:29:05.000;2026-09-15T21:29:05.000;19.81;8.47;0.25;21.84;20.34;17
2026-09-16T04:39:19.000;2026-09-15T21:39:19.000;19.71;5.45;0.26;21.81;20.34;18
2026-09-16T04:49:32.000;2026-09-15T21:49:32.000;19.46;5.63;0.25;21.84;20.34;19
2026-09-16T04:59:46.000;2026-09-15T21:59:46.000;19.12;5.02;0.3;21.64;20.34;20
2026-09-16T05:09:59.000;2026-09-15T22:09:59.000;18.91;4.14;0.19;22.14;20.34;21
2026-09-16T05:20:13.000;2026-09-15T22:20:13.000;18.58;4.49;0.21;22.04;20.34;22
2026-09-16T05:30:27.000;2026-09-15T22:30:27.000;18.71;4.19;0.25;21.85;20.34;23
2026-09-16T05:40:40.000;2026-09-15T22:40:40.000;18.59;4.65;0.26;21.79;20.34;24
2026-09-16T05:50:54.000;2026-09-15T22:50:54.000;18.63;4.69;0.23;21.94;20.34;25
2026-09-16T06:01:08.000;2026-09-15T23:01:08.000;18.79;4.57;0.26;21.79;20.34;26
2026-09-16T06:11:21.000;2026-09-15T23:11:21.000;18.91;7.03;0.17;22.24;20.34;27
2026-09-16T06:21:35.000;2026-09-15T23:21:35.000;19.22;7.46;0.23;21.92;20.34;28
2026-09-16T06:31:49.000;2026-09-15T23:31:49.000;19.16;4.71;0.18;22.2;20.34;29
2026-09-16T06:42:02.000;2026-09-15T23:42:02.000;18.82;4.05;0.12;22.66;20.34;30
2026-09-16T06:52:16.000;2026-09-15T23:52:16.000;18.72;4.97;0.21;22.02;20.34;31
2026-09-16T07:02:29.000;2026-09-16T00:02:29.000;18.61;6.52;0.14;22.47;20.34;32
2026-09-16T07:12:44.000;2026-09-16T00:12:44.000;18.75;6.69;0.12;22.62;20.34;33
2026-09-16T07:22:57.000;2026-09-16T00:22:57.000;18.83;8.35;0.15;22.39;20.34;34
2026-09-16T07:33:11.000;2026-09-16T00:33:11.000;18.77;6.03;0.14;22.47;20.34;35
2026-09-16T07:43:24.000;2026-09-16T00:43:24.000;18.24;4.15;0.14;22.5;20.34;36
2026-09-16T07:53:38.000;2026-09-16T00:53:38.000;18.05;4.17;0.2;22.07;20.34;37
2026-09-16T08:03:51.000;2026-09-16T01:03:51.000;17.93;4.14;0.13;22.52;20.34;38
2026-09-16T08:14:05.000;2026-09-16T01:14:05.000;17.94;4.13;0.15;22.39;20.34;39
2026-09-16T08:24:19.000;2026-09-16T01:24:19.000;18.03;3.96;0.14;22.51;20.34;40
2026-09-16T08:34:34.000;2026-09-16T01:34:34.000;18.0;4.34;0.21;22.05;20.34;41
2026-09-16T08:44:49.000;2026-09-16T01:44:49.000;18.77;6.17;0.22;21.98;20.34;42
2026-09-16T08:55:03.000;2026-09-16T01:55:03.000;19.12;8.46;0.27;21.75;20.34;43
2026-09-16T09:05:17.000;2026-09-16T02:05:17.000;19.72;12.43;0.21;22.05;20.34;44
2026-09-16T09:15:31.000;2026-09-16T02:15:31.000;19.96;10.94;0.18;22.18;20.34;45
2026-09-16T09:25:45.000;2026-09-16T02:25:45.000;20.04;9.88;0.22;21.97;20.34;46
2026-09-16T09:35:58.000;2026-09-16T02:35:58.000;19.98;9.5;0.15;22.43;20.34;47
2026-09-16T09:46:12.000;2026-09-16T02:46:12.000;19.55;7.2;0.25;21.84;20.34;48
2026-09-16T09:56:26.000;2026-09-16T02:56:26.000;19.45;7.53;0.18;22.19;20.34;49
2026-09-16T10:06:39.000;2026-09-16T03:06:39.000;19.37;4.83;0.17;22.24;20.34;50
2026-09-16T10:16:53.000;2026-09-16T03:16:53.000;18.78;3.96;0.14;22.46;20.34;51
2026-09-16T10:27:06.000;2026-09-16T03:27:06.000;18.45;4.37;0.18;22.19;20.34;52
2026-09-16T10:37:20.000;2026-09-16T03:37:20.000;19.1;4.32;0.18;22.18;20.34;53
2026-09-16T10:47:35.000;2026-09-16T03:47:35.000;19.05;6.62;0.23;21.92;20.34;54
2026-09-16T10:57:49.000;2026-09-16T03:57:49.000;19.19;6.89;0.19;22.12;20.34;55
2026-09-16T11:08:03.000;2026-09-16T04:08:03.000;18.96;6.22;0.2;22.11;20.34;56
2026-09-16T11:18:17.000;2026-09-16T04:18:17.000;18.86;5.79;0.28;21.71;20.34;57
2026-09-16T11:28:30.000;2026-09-16T04:28:30.000;19.08;12.85;0.27;21.74;20.34;58
2026-09-16T11:38:44.000;2026-09-16T04:38:44.000;19.51;12.5;0.24;21.87;20.34;59
2026-09-16T11:48:57.000;2026-09-16T04:48:57.000;19.39;8.46;0.21;22.02;20.34;60
2026-09-16T11:59:11.000;2026-09-16T04:59:11.000;19.35;11.34;0.27;21.76;20.34;61
2026-09-16T12:09:24.000;2026-09-16T05:09:24.000;19.39;10.55;0.52;21.04;20.34;62
2026-09-16T12:19:39.000;2026-09-16T05:19:39.000;19.62;13.34;2.71;19.26;20.34;63
2026-09-16T12:29:52.000;2026-09-16T05:29:52.000;19.66;12.87;23.37;16.92;20.34;64
2026-09-16T12:40:06.000;2026-09-16T05:40:06.000;20.18;12.15;243.31;14.37;20.34;65
2026-09-16T12:50:20.000;2026-09-16T05:50:20.000;19.88;9.31;2992.68;11.65;20.34;66
2026-09-17T01:40:37.000;2026-09-16T18:40:37.000;18.86;18.89;27204.96;9.25;20.34;1
2026-09-17T01:50:51.000;2026-09-16T18:50:51.000;19.43;19.09;863.33;13.0;20.34;2
2026-09-17T02:01:04.000;2026-09-16T19:01:04.000;19.1;18.61;66.69;15.78;20.34;3
2026-09-17T02:11:18.000;2026-09-16T19:11:18.000;18.99;18.51;17.58;17.23;20.34;4
2026-09-17T02:21:31.000;2026-09-16T19:21:31.000;19.03;18.67;3.53;18.97;20.34;5
2026-09-17T02:36:48.000;2026-09-16T19:36:48.000;19.7;18.44;1.66;19.79;20.34;6
2026-09-17T02:47:08.000;2026-09-16T19:47:08.000;19.9;19.37;0.54;21.01;20.34;7
2026-09-17T02:57:21.000;2026-09-16T19:57:21.000;19.31;18.79;0.76;20.63;20.34;8
2026-09-17T03:07:34.000;2026-09-16T20:07:34.000;19.15;18.61;0.57;20.94;20.34;9
2026-09-17T03:17:47.000;2026-09-16T20:17:47.000;19.13;18.74;0.41;21.31;20.34;10
2026-09-17T03:28:02.000;2026-09-16T20:28:02.000;19.23;18.77;0.3;21.66;20.34;11
2026-09-17T03:38:16.000;2026-09-16T20:38:16.000;19.25;18.89;0.37;21.41;20.34;12
2026-09-17T03:48:29.000;2026-09-16T20:48:29.000;19.39;19.23;0.47;21.15;20.34;13
2026-09-17T03:58:43.000;2026-09-16T20:58:43.000;19.3;19.0;0.29;21.67;20.34;14
2026-09-17T04:08:57.000;2026-09-16T21:08:57.000;19.18;18.66;0.35;21.47;20.34;15
2026-09-17T04:19:12.000;2026-09-16T21:19:12.000;19.24;18.86;0.26;21.82;20.34;16
2026-09-17T04:29:26.000;2026-09-16T21:29:26.000;19.37;19.06;0.21;22.05;20.34;17
2026-09-17T04:39:40.000;2026-09-16T21:39:40.000;19.49;19.13;0.3;21.64;20.34;18
2026-09-17T04:49:54.000;2026-09-16T21:49:54.000;19.5;19.18;0.27;21.75;20.34;19
2026-09-17T05:00:07.000;2026-09-16T22:00:07.000;19.47;19.0;0.16;22.31;20.34;20
2026-09-17T05:10:21.000;2026-09-16T22:10:21.000;19.48;19.16;0.18;22.22;20.34;21
2026-09-17T05:20:35.000;2026-09-16T22:20:35.000;19.53;19.15;0.25;21.83;20.34;22
2026-09-17T05:30:48.000;2026-09-16T22:30:48.000;19.65;19.23;0.25;21.83;20.34;23
2026-09-17T05:41:02.000;2026-09-16T22:41:02.000;19.62;19.22;0.16;22.33;20.34;24
2026-09-17T05:51:16.000;2026-09-16T22:51:16.000;19.67;19.25;0.12;22.62;20.34;25
2026-09-17T06:01:30.000;2026-09-16T23:01:30.000;19.53;18.81;0.41;21.32;20.34;26
2026-09-17T06:11:43.000;2026-09-16T23:11:43.000;19.55;19.07;0.34;21.52;20.34;27
2026-09-17T06:21:57.000;2026-09-16T23:21:57.000;19.63;19.22;0.28;21.71;20.34;28
2026-09-17T06:32:11.000;2026-09-16T23:32:11.000;19.65;19.17;0.2;22.08;20.34;29
2026-09-17T06:42:25.000;2026-09-16T23:42:25.000;19.65;19.26;0.23;21.93;20.34;30
2026-09-17T06:52:38.000;2026-09-16T23:52:38.000;19.58;19.18;0.16;22.3;20.34;31
2026-09-17T07:02:52.000;2026-09-17T00:02:52.000;19.64;19.11;0.25;21.86;20.34;32
2026-09-17T07:13:06.000;2026-09-17T00:13:06.000;19.66;19.23;0.3;21.66;20.34;33
2026-09-17T07:23:20.000;2026-09-17T00:23:20.000;19.71;19.4;0.33;21.54;20.34;34
2026-09-17T07:33:33.000;2026-09-17T00:33:33.000;19.53;19.0;0.25;21.84;20.34;35
2026-09-17T07:43:47.000;2026-09-17T00:43:47.000;19.49;19.09;0.33;21.55;20.34;36
2026-09-17T07:54:02.000;2026-09-17T00:54:02.000;19.59;19.3;0.37;21.42;20.34;37
2026-09-17T08:04:15.000;2026-09-17T01:04:15.000;19.71;19.35;0.23;21.91;20.34;38
2026-09-17T08:14:28.000;2026-09-17T01:14:28.000;19.76;19.27;0.32;21.56;20.34;39
2026-09-17T08:24:42.000;2026-09-17T01:24:42.000;19.57;19.16;0.21;22.02;20.34;40
2026-09-17T08:34:56.000;2026-09-17T01:34:56.000;19.45;19.03;0.3;21.65;20.34;41
2026-09-17T08:45:10.000;2026-09-17T01:45:10.000;19.54;19.07;0.33;21.53;20.34;42
2026-09-17T08:55:24.000;2026-09-17T01:55:24.000;19.44;18.97;0.21;22.04;20.34;43
2026-09-17T09:05:38.000;2026-09-17T02:05:38.000;19.4;19.0;0.21;22.03;20.34;44
2026-09-17T09:15:51.000;2026-09-17T02:15:51.000;19.24;18.8;0.21;22.05;20.34;45
2026-09-17T09:26:05.000;2026-09-17T02:26:05.000;19.31;18.95;0.28;21.74;20.34;46
2026-09-17T09:36:19.000;2026-09-17T02:36:19.000;19.01;18.51;0.2;22.07;20.34;47
2026-09-17T09:46:32.000;2026-09-17T02:46:32.000;18.63;18.19;0.15;22.43;20.34;48
2026-09-17T09:56:46.000;2026-09-17T02:56:46.000;18.36;17.71;0.13;22.58;20.34;49
2026-09-17T10:07:00.000;2026-09-17T03:07:00.000;18.38;17.52;0.17;22.28;20.34;50
2026-09-17T10:17:13.000;2026-09-17T03:17:13.000;18.58;17.28;0.22;21.98;20.34;51
2026-09-17T10:27:27.000;2026-09-17T03:27:27.000;18.24;14.41;0.16;22.32;20.34;52
2026-09-17T10:37:41.000;2026-09-17T03:37:41.000;18.24;12.86;0.16;22.33;20.34;53
2026-09-17T10:47:54.000;2026-09-17T03:47:54.000;18.26;7.11;0.07;23.2;20.34;54
2026-09-17T10:58:08.000;2026-09-17T03:58:08.000;18.36;6.35;0.16;22.32;20.34;55
2026-09-17T11:08:22.000;2026-09-17T04:08:22.000;18.37;7.41;0.17;22.27;20.34;56
2026-09-17T11:18:36.000;2026-09-17T04:18:36.000;18.14;5.85;0.17;22.28;20.34;57
2026-09-17T11:28:49.000;2026-09-17T04:28:49.000;18.25;6.32;0.18;22.23;20.34;58
2026-09-17T11:39:03.000;2026-09-17T04:39:03.000;17.93;2.57;0.17;22.25;20.34;59
2026-09-17T11:49:17.000;2026-09-17T04:49:17.000;17.61;1.75;0.16;22.35;20.34;60
2026-09-17T11:59:30.000;2026-09-17T04:59:30.000;17.09;1.33;0.28;21.74;20.34;61
2026-09-17T12:09:44.000;2026-09-17T05:09:44.000;16.69;0.97;0.42;21.28;20.34;62
2026-09-17T12:19:57.000;2026-09-17T05:19:57.000;16.88;1.86;2.13;19.52;20.34;63
2026-09-17T12:30:10.000;2026-09-17T05:30:10.000;16.61;0.55;14.76;17.42;20.34;64
2026-09-17T12:40:24.000;2026-09-17T05:40:24.000;16.1;0.27;131.87;15.04;20.34;65
2026-09-17T12:50:38.000;2026-09-17T05:50:38.000;16.81;4.63;1834.88;12.18;20.34;66
2026-09-18T01:45:42.000;2026-09-17T18:45:42.000;22.4;1.95;7494.08;10.65;20.34;1
2026-09-18T01:55:56.000;2026-09-17T18:55:56.000;22.59;3.3;514.84;13.56;20.34;2
2026-09-18T02:06:10.000;2026-09-17T19:06:10.000;22.1;0.82;44.18;16.23;20.34;3
2026-09-18T02:16:23.000;2026-09-17T19:16:23.000;21.64;0.61;7.05;18.22;20.34;4
2026-09-18T02:26:37.000;2026-09-17T19:26:37.000;20.89;0.17;1.62;19.81;20.34;5
2026-09-18T02:36:50.000;2026-09-17T19:36:50.000;20.17;0.01;0.83;20.55;20.34;6
2026-09-18T02:47:04.000;2026-09-17T19:47:04.000;19.74;0.08;0.75;20.65;20.34;7
2026-09-18T02:57:18.000;2026-09-17T19:57:18.000;19.3;0.06;0.75;20.66;20.34;8
2026-09-18T03:07:31.000;2026-09-17T20:07:31.000;19.23;0.44;0.73;20.68;20.34;9
2026-09-18T03:17:45.000;2026-09-17T20:17:45.000;18.62;-0.14;0.63;20.84;20.34;10
2026-09-18T03:27:58.000;2026-09-17T20:27:58.000;18.49;-0.11;0.71;20.71;20.34;11
2026-09-18T03:38:12.000;2026-09-17T20:38:12.000;18.47;-0.12;0.67;20.77;20.34;12
2026-09-18T03:48:27.000;2026-09-17T20:48:27.000;18.01;-0.38;0.66;20.8;20.34;13
2026-09-18T03:58:40.000;2026-09-17T20:58:40.000;17.4;0.0;0.63;20.84;20.34;14
2026-09-18T04:08:54.000;2026-09-17T21:08:54.000;17.29;0.28;0.55;20.99;20.34;15
2026-09-18T04:19:08.000;2026-09-17T21:19:08.000;17.38;0.14;0.59;20.91;20.34;16
2026-09-18T04:29:21.000;2026-09-17T21:29:21.000;17.47;0.35;0.46;21.18;20.34;17
2026-09-18T04:39:35.000;2026-09-17T21:39:35.000;17.3;-0.05;0.52;21.05;20.34;18
2026-09-18T04:49:49.000;2026-09-17T21:49:49.000;16.98;0.05;0.48;21.15;20.34;19
2026-09-18T05:00:03.000;2026-09-17T22:00:03.000;17.13;0.43;0.4;21.33;20.34;20
2026-09-18T05:10:17.000;2026-09-17T22:10:17.000;17.53;0.01;0.35;21.49;20.34;21
2026-09-18T05:20:32.000;2026-09-17T22:20:32.000;18.24;0.29;0.33;21.55;20.34;22
2026-09-18T05:40:49.000;2026-09-17T22:40:49.000;19.86;-1.14;0.44;21.22;20.34;23
2026-09-18T05:51:13.000;2026-09-17T22:51:13.000;18.89;-0.77;0.28;21.71;20.34;24
2026-09-18T06:01:28.000;2026-09-17T23:01:28.000;17.68;-0.38;0.21;22.05;20.34;25
2026-09-18T06:11:44.000;2026-09-17T23:11:44.000;17.48;-0.4;0.24;21.87;20.34;26
2026-09-18T06:21:59.000;2026-09-17T23:21:59.000;17.64;-0.64;0.23;21.96;20.34;27
2026-09-18T06:32:13.000;2026-09-17T23:32:13.000;17.72;-0.7;0.18;22.21;20.34;28
2026-09-18T06:42:27.000;2026-09-17T23:42:27.000;17.37;-1.04;0.24;21.91;20.34;29
2026-09-18T06:52:42.000;2026-09-17T23:52:42.000;16.98;-1.08;0.23;21.92;20.34;30
2026-09-18T07:02:56.000;2026-09-18T00:02:56.000;16.39;-1.24;0.13;22.58;20.34;31
2026-09-18T07:13:10.000;2026-09-18T00:13:10.000;16.1;-1.45;0.2;22.08;20.34;32
2026-09-18T07:23:24.000;2026-09-18T00:23:24.000;16.2;-1.71;0.11;22.7;20.34;33
2026-09-18T07:33:38.000;2026-09-18T00:33:38.000;16.0;-1.72;0.13;22.53;20.34;34
2026-09-18T07:43:52.000;2026-09-18T00:43:52.000;15.92;-1.85;0.14;22.44;20.34;35
2026-09-18T07:54:06.000;2026-09-18T00:54:06.000;16.11;-1.0;0.13;22.57;20.34;36
2026-09-18T08:04:20.000;2026-09-18T01:04:20.000;15.85;-1.38;0.13;22.59;20.34;37
2026-09-18T08:14:34.000;2026-09-18T01:14:34.000;16.07;-1.77;0.12;22.6;20.34;38
2026-09-18T08:24:48.000;2026-09-18T01:24:48.000;16.46;-2.19;0.07;23.24;20.34;39
2026-09-18T08:35:02.000;2026-09-18T01:35:02.000;15.83;-2.01;0.14;22.5;20.34;40
2026-09-18T08:45:16.000;2026-09-18T01:45:16.000;16.03;-2.21;0.07;23.26;20.34;41
2026-09-18T08:55:30.000;2026-09-18T01:55:30.000;15.55;-3.03;0.1;22.82;20.34;42
2026-09-18T09:05:44.000;2026-09-18T02:05:44.000;15.16;-3.24;0.17;22.26;20.34;43
2026-09-18T09:15:58.000;2026-09-18T02:15:58.000;14.96;-3.53;0.07;23.26;20.34;44
2026-09-18T09:26:12.000;2026-09-18T02:26:12.000;14.88;-3.26;0.18;22.18;20.34;45
2026-09-18T09:36:26.000;2026-09-18T02:36:26.000;15.25;-2.83;0.07;23.27;20.34;46
2026-09-18T09:46:40.000;2026-09-18T02:46:40.000;15.6;-2.46;0.17;22.28;20.34;47
2026-09-18T09:56:55.000;2026-09-18T02:56:55.000;15.78;-2.95;0.15;22.41;20.34;48
2026-09-18T10:07:09.000;2026-09-18T03:07:09.000;15.12;-3.39;0.13;22.55;20.34;49
2026-09-18T10:17:23.000;2026-09-18T03:17:23.000;14.79;-3.78;0.15;22.42;20.34;50
2026-09-18T10:27:37.000;2026-09-18T03:27:37.000;14.61;-4.01;0.09;22.97;20.34;51
2026-09-18T10:37:51.000;2026-09-18T03:37:51.000;14.45;-4.82;0.09;22.96;20.34;52
2026-09-18T10:48:05.000;2026-09-18T03:48:05.000;14.97;-3.34;0.12;22.62;20.34;53
2026-09-18T10:58:19.000;2026-09-18T03:58:19.000;15.47;-4.05;0.18;22.17;20.34;54
2026-09-18T11:08:33.000;2026-09-18T04:08:33.000;15.19;-4.08;0.14;22.5;20.34;55
2026-09-18T11:18:47.000;2026-09-18T04:18:47.000;15.44;-4.55;0.15;22.37;20.34;56
2026-09-18T11:29:01.000;2026-09-18T04:29:01.000;15.01;-4.99;0.14;22.46;20.34;57
2026-09-18T11:39:15.000;2026-09-18T04:39:15.000;14.66;-4.74;0.13;22.56;20.34;58
2026-09-18T11:49:29.000;2026-09-18T04:49:29.000;14.45;-4.43;0.11;22.71;20.34;59
2026-09-18T11:59:43.000;2026-09-18T04:59:43.000;14.83;-4.53;0.22;21.99;20.34;60
2026-09-18T12:09:57.000;2026-09-18T05:09:57.000;14.45;-4.37;0.41;21.31;20.34;61
2026-09-18T12:20:11.000;2026-09-18T05:20:11.000;14.67;-4.14;2.0;19.59;20.34;62
2026-09-18T12:30:30.000;2026-09-18T05:30:30.000;14.98;-4.3;14.01;17.47;20.34;63
2026-09-18T12:40:44.000;2026-09-18T05:40:44.000;14.84;-4.83;131.98;15.04;20.34;64
2026-09-18T12:50:58.000;2026-09-18T05:50:58.000;14.16;-5.24;1820.37;12.19;20.34;65
2026-09-19T01:44:58.000;2026-09-18T18:44:58.000;22.29;0.42;6264.78;10.85;20.34;1
2026-09-19T02:05:16.000;2026-09-18T19:05:16.000;24.19;-0.96;160.63;14.83;20.34;2
2026-09-19T02:15:37.000;2026-09-18T19:15:37.000;23.58;-1.21;6.74;18.27;20.34;3
2026-09-19T02:25:52.000;2026-09-18T19:25:52.000;21.65;-1.69;1.82;19.69;20.34;4
2026-09-19T02:36:05.000;2026-09-18T19:36:05.000;20.48;-1.82;1.22;20.13;20.34;5
2026-09-19T02:46:20.000;2026-09-18T19:46:20.000;19.74;-1.66;1.02;20.32;20.34;6
2026-09-19T03:01:37.000;2026-09-18T20:01:37.000;20.16;-1.74;1.25;20.1;20.34;7
2026-09-19T03:11:56.000;2026-09-18T20:11:56.000;20.22;-2.12;1.09;20.24;20.34;8
2026-09-19T03:22:09.000;2026-09-18T20:22:09.000;18.66;-1.51;1.07;20.27;20.34;9
2026-09-19T03:32:22.000;2026-09-18T20:32:22.000;18.21;-1.65;0.92;20.43;20.34;10
2026-09-19T03:42:36.000;2026-09-18T20:42:36.000;18.31;-1.55;0.87;20.49;20.34;11
2026-09-19T03:52:50.000;2026-09-18T20:52:50.000;18.34;-1.91;0.84;20.53;20.34;12
2026-09-19T04:03:04.000;2026-09-18T21:03:04.000;18.07;-1.63;0.81;20.57;20.34;13
2026-09-19T04:13:18.000;2026-09-18T21:13:18.000;17.78;-1.69;0.8;20.58;20.34;14
2026-09-19T04:23:32.000;2026-09-18T21:23:32.000;17.6;-2.04;0.77;20.62;20.34;15
2026-09-19T04:33:46.000;2026-09-18T21:33:46.000;17.87;-2.01;0.75;20.66;20.34;16
2026-09-19T04:44:01.000;2026-09-18T21:44:01.000;18.78;-1.93;0.71;20.71;20.34;17
2026-09-19T04:54:16.000;2026-09-18T21:54:16.000;18.14;-2.58;0.59;20.91;20.34;18
2026-09-19T05:04:30.000;2026-09-18T22:04:30.000;17.62;-2.89;0.63;20.83;20.34;19
2026-09-19T05:14:43.000;2026-09-18T22:14:43.000;17.17;-3.25;0.49;21.11;20.34;20
2026-09-19T05:24:57.000;2026-09-18T22:24:57.000;17.09;-3.25;0.53;21.04;20.34;21
2026-09-19T05:35:11.000;2026-09-18T22:35:11.000;17.24;-2.79;0.44;21.22;20.34;22
2026-09-19T05:45:25.000;2026-09-18T22:45:25.000;17.17;-3.2;0.42;21.29;20.34;23
2026-09-19T05:55:39.000;2026-09-18T22:55:39.000;17.07;-2.81;0.38;21.38;20.34;24
2026-09-19T06:05:54.000;2026-09-18T23:05:54.000;16.9;-3.89;0.34;21.5;20.34;25
2026-09-19T06:16:07.000;2026-09-18T23:16:07.000;16.31;-3.32;0.24;21.87;20.34;26
2026-09-19T06:26:22.000;2026-09-18T23:26:22.000;16.28;-3.42;0.24;21.88;20.34;27
2026-09-19T06:36:36.000;2026-09-18T23:36:36.000;15.54;-3.92;0.27;21.75;20.34;28
2026-09-19T06:46:50.000;2026-09-18T23:46:50.000;15.45;-3.66;0.25;21.84;20.34;29
2026-09-19T06:57:04.000;2026-09-18T23:57:04.000;15.23;-4.37;0.18;22.17;20.34;30
2026-09-19T07:07:18.000;2026-09-19T00:07:18.000;14.9;-4.31;0.22;21.98;20.34;31
2026-09-19T07:17:32.000;2026-09-19T00:17:32.000;14.74;-5.05;0.18;22.18;20.34;32
2026-09-19T07:27:46.000;2026-09-19T00:27:46.000;14.99;-5.17;0.2;22.07;20.34;33
2026-09-19T07:38:00.000;2026-09-19T00:38:00.000;14.93;-5.12;0.17;22.29;20.34;34
2026-09-19T07:48:14.000;2026-09-19T00:48:14.000;14.76;-4.86;0.12;22.6;20.34;35
2026-09-19T07:58:28.000;2026-09-19T00:58:28.000;15.57;-4.79;0.21;22.04;20.34;36
2026-09-19T08:08:42.000;2026-09-19T01:08:42.000;15.8;-4.42;0.17;22.28;20.34;37
2026-09-19T08:18:56.000;2026-09-19T01:18:56.000;15.61;-4.11;0.17;22.28;20.34;38
2026-09-19T08:29:10.000;2026-09-19T01:29:10.000;15.24;-5.35;0.17;22.27;20.34;39
2026-09-19T08:39:24.000;2026-09-19T01:39:24.000;15.03;-5.19;0.21;22.02;20.34;40
2026-09-19T08:49:38.000;2026-09-19T01:49:38.000;15.08;-5.73;0.19;22.12;20.34;41
2026-09-19T08:59:52.000;2026-09-19T01:59:52.000;15.07;-6.43;0.27;21.75;20.34;42
2026-09-19T09:10:06.000;2026-09-19T02:10:06.000;15.38;-6.45;0.2;22.11;20.34;43
2026-09-19T09:20:21.000;2026-09-19T02:20:21.000;15.31;-6.93;0.19;22.12;20.34;44
2026-09-19T09:30:35.000;2026-09-19T02:30:35.000;14.61;-6.75;0.19;22.12;20.34;45
2026-09-19T09:40:49.000;2026-09-19T02:40:49.000;14.37;-6.45;0.19;22.12;20.34;46
2026-09-19T09:51:02.000;2026-09-19T02:51:02.000;14.53;-6.28;0.17;22.24;20.34;47
2026-09-19T10:01:16.000;2026-09-19T03:01:16.000;14.31;-6.35;0.23;21.92;20.34;48
2026-09-19T10:11:30.000;2026-09-19T03:11:30.000;14.46;-6.34;0.17;22.25;20.34;49
2026-09-19T10:21:45.000;2026-09-19T03:21:45.000;14.21;-5.69;0.27;21.75;20.34;50
2026-09-19T10:31:59.000;2026-09-19T03:31:59.000;14.06;-5.93;0.17;22.24;20.34;51
2026-09-19T10:42:13.000;2026-09-19T03:42:13.000;14.11;-5.61;0.2;22.09;20.34;52
2026-09-19T10:52:27.000;2026-09-19T03:52:27.000;14.21;-5.45;0.28;21.72;20.34;53
2026-09-19T11:02:41.000;2026-09-19T04:02:41.000;14.54;-5.85;0.27;21.75;20.34;54
2026-09-19T11:12:55.000;2026-09-19T04:12:55.000;14.59;-6.06;0.28;21.72;20.34;55
2026-09-19T11:23:10.000;2026-09-19T04:23:10.000;14.0;-6.63;0.29;21.67;20.34;56
2026-09-19T11:33:25.000;2026-09-19T04:33:25.000;13.58;-6.78;0.21;22.02;20.34;57
2026-09-19T11:48:42.000;2026-09-19T04:48:42.000;14.67;-7.05;0.44;21.24;20.34;58
2026-09-19T11:59:02.000;2026-09-19T04:59:02.000;15.1;-6.67;0.32;21.57;20.34;59
2026-09-19T12:09:18.000;2026-09-19T05:09:18.000;14.1;-7.07;0.48;21.14;20.34;60
2026-09-19T12:19:33.000;2026-09-19T05:19:33.000;13.94;-6.43;1.87;19.66;20.34;61
2026-09-19T12:29:47.000;2026-09-19T05:29:47.000;14.44;-6.57;11.63;17.68;20.34;62
2026-09-19T12:40:02.000;2026-09-19T05:40:02.000;14.74;-6.76;95.85;15.39;20.34;63
2026-09-19T12:50:16.000;2026-09-19T05:50:16.000;14.31;-7.51;1347.97;12.52;20.34;64
2026-09-20T01:42:52.000;2026-09-19T18:42:52.000;21.42;-1.92;7555.1;10.64;20.34;1
2026-09-20T01:53:06.000;2026-09-19T18:53:06.000;21.03;-2.12;365.75;13.93;20.34;2
2026-09-20T02:03:20.000;2026-09-19T19:03:20.000;20.85;-2.4;38.12;16.39;20.34;3
2026-09-20T02:13:34.000;2026-09-19T19:13:34.000;20.84;-1.83;6.15;18.37;20.34;4
2026-09-20T02:23:47.000;2026-09-19T19:23:47.000;20.32;-3.07;2.14;19.51;20.34;5
2026-09-20T02:34:00.000;2026-09-19T19:34:00.000;19.48;-3.12;1.57;19.85;20.34;6
2026-09-20T02:44:14.000;2026-09-19T19:44:14.000;18.99;-3.14;1.51;19.89;20.34;7
2026-09-20T02:54:28.000;2026-09-19T19:54:28.000;18.99;-2.46;1.33;20.03;20.34;8
2026-09-20T03:04:42.000;2026-09-19T20:04:42.000;18.42;-3.46;1.37;20.0;20.34;9
2026-09-20T03:14:55.000;2026-09-19T20:14:55.000;17.83;-3.37;1.36;20.01;20.34;10
2026-09-20T03:25:09.000;2026-09-19T20:25:09.000;17.42;-3.35;1.5;19.9;20.34;11
2026-09-20T03:35:23.000;2026-09-19T20:35:23.000;17.24;-3.01;1.51;19.9;20.34;12
2026-09-20T03:45:37.000;2026-09-19T20:45:37.000;17.67;-3.11;1.31;20.04;20.34;13
2026-09-20T03:55:52.000;2026-09-19T20:55:52.000;17.49;-3.55;1.27;20.08;20.34;14
2026-09-20T04:11:25.000;2026-09-19T21:11:25.000;17.84;-3.44;1.52;19.89;20.34;15
2026-09-20T04:21:45.000;2026-09-19T21:21:45.000;17.81;-3.23;1.32;20.04;20.34;16
2026-09-20T04:31:58.000;2026-09-19T21:31:58.000;16.54;-3.35;1.26;20.09;20.34;17
2026-09-20T04:42:12.000;2026-09-19T21:42:12.000;16.59;-2.51;1.08;20.25;20.34;18
2026-09-20T04:52:26.000;2026-09-19T21:52:26.000;16.86;-2.1;1.0;20.34;20.34;19
2026-09-20T05:02:40.000;2026-09-19T22:02:40.000;16.79;-2.19;0.98;20.36;20.34;20
2026-09-20T05:12:55.000;2026-09-19T22:12:55.000;16.09;-3.38;0.91;20.44;20.34;21
2026-09-20T05:23:08.000;2026-09-19T22:23:08.000;15.76;-2.77;0.99;20.35;20.34;22
2026-09-20T05:33:23.000;2026-09-19T22:33:23.000;16.16;-2.07;0.84;20.53;20.34;23
2026-09-20T05:43:39.000;2026-09-19T22:43:39.000;16.74;-2.59;0.78;20.61;20.34;24
2026-09-20T05:53:54.000;2026-09-19T22:53:54.000;16.17;-2.44;0.75;20.65;20.34;25
2026-09-20T06:04:08.000;2026-09-19T23:04:08.000;16.01;-2.23;0.68;20.77;20.34;26
2026-09-20T06:14:22.000;2026-09-19T23:14:22.000;15.96;-1.84;0.53;21.03;20.34;27
2026-09-20T06:24:38.000;2026-09-19T23:24:38.000;16.28;-2.02;0.51;21.08;20.34;28
2026-09-20T06:34:53.000;2026-09-19T23:34:53.000;16.21;-1.76;0.44;21.23;20.34;29
2026-09-20T06:45:08.000;2026-09-19T23:45:08.000;16.34;-1.7;0.39;21.35;20.34;30
2026-09-20T06:55:22.000;2026-09-19T23:55:22.000;16.72;-1.29;0.29;21.67;20.34;31
2026-09-20T07:05:35.000;2026-09-20T00:05:35.000;16.41;-1.71;0.31;21.61;20.34;32
2026-09-20T07:15:49.000;2026-09-20T00:15:49.000;16.37;-1.11;0.27;21.76;20.34;33
2026-09-20T07:26:04.000;2026-09-20T00:26:04.000;16.23;-1.29;0.18;22.19;20.34;34
2026-09-20T07:36:17.000;2026-09-20T00:36:17.000;16.27;-0.62;0.15;22.4;20.34;35
2026-09-20T07:46:31.000;2026-09-20T00:46:31.000;16.23;-1.03;0.14;22.44;20.34;36
2026-09-20T07:56:45.000;2026-09-20T00:56:45.000;16.42;-1.57;0.16;22.32;20.34;37
2026-09-20T08:06:59.000;2026-09-20T01:06:59.000;16.39;-1.59;0.13;22.52;20.34;38
2026-09-20T08:17:13.000;2026-09-20T01:17:13.000;16.19;-1.42;0.17;22.27;20.34;39
2026-09-20T08:27:27.000;2026-09-20T01:27:27.000;16.67;-1.72;0.11;22.71;20.34;40
2026-09-20T08:37:42.000;2026-09-20T01:37:42.000;16.44;-1.78;0.2;22.07;20.34;41
2026-09-20T08:47:56.000;2026-09-20T01:47:56.000;16.56;-2.28;0.17;22.28;20.34;42
2026-09-20T08:58:11.000;2026-09-20T01:58:11.000;16.57;-2.19;0.19;22.16;20.34;43
2026-09-20T09:08:25.000;2026-09-20T02:08:25.000;16.33;-2.91;0.15;22.39;20.34;44
2026-09-20T09:18:38.000;2026-09-20T02:18:38.000;15.89;-3.08;0.14;22.51;20.34;45
2026-09-20T09:28:52.000;2026-09-20T02:28:52.000;15.89;-4.07;0.11;22.72;20.34;46
2026-09-20T09:39:06.000;2026-09-20T02:39:06.000;16.52;-4.44;0.11;22.7;20.34;47
2026-09-20T09:49:20.000;2026-09-20T02:49:20.000;16.98;-3.92;0.19;22.12;20.34;48
2026-09-20T09:59:34.000;2026-09-20T02:59:34.000;16.83;-3.74;0.16;22.36;20.34;49
2026-09-20T10:09:48.000;2026-09-20T03:09:48.000;16.21;-3.89;0.18;22.22;20.34;50
2026-09-20T10:20:02.000;2026-09-20T03:20:02.000;15.87;-3.92;0.18;22.21;20.34;51
2026-09-20T10:30:16.000;2026-09-20T03:30:16.000;15.25;-4.53;0.2;22.08;20.34;52
2026-09-20T10:40:30.000;2026-09-20T03:40:30.000;14.63;-4.65;0.18;22.18;20.34;53
2026-09-20T10:50:44.000;2026-09-20T03:50:44.000;14.5;-4.02;0.22;21.97;20.34;54
2026-09-20T11:00:59.000;2026-09-20T04:00:59.000;14.67;-3.68;0.17;22.28;20.34;55
2026-09-20T11:11:13.000;2026-09-20T04:11:13.000;14.65;-3.35;0.21;22.02;20.34;56
2026-09-20T11:21:27.000;2026-09-20T04:21:27.000;14.73;-2.54;0.23;21.92;20.34;57
2026-09-20T11:31:41.000;2026-09-20T04:31:41.000;14.77;-2.98;0.2;22.1;20.34;58
2026-09-20T11:41:55.000;2026-09-20T04:41:55.000;14.8;-2.44;0.2;22.07;20.34;59
2026-09-20T11:52:09.000;2026-09-20T04:52:09.000;15.42;-2.39;0.23;21.92;20.34;60
2026-09-20T12:02:24.000;2026-09-20T05:02:24.000;15.47;-2.27;0.33;21.55;20.34;61
2026-09-20T12:12:37.000;2026-09-20T05:12:37.000;15.67;-2.84;0.61;20.87;20.34;62
2026-09-20T12:22:51.000;2026-09-20T05:22:51.000;15.51;-2.09;2.76;19.24;20.34;63
2026-09-20T12:33:05.000;2026-09-20T05:33:05.000;15.22;-1.93;19.42;17.12;20.34;64
2026-09-20T12:43:19.000;2026-09-20T05:43:19.000;15.07;-1.4;196.21;14.61;20.34;65
2026-09-20T12:53:33.000;2026-09-20T05:53:33.000;15.35;-1.11;3667.33;11.43;20.34;66
2026-09-21T01:37:29.000;2026-09-20T18:37:29.000;21.73;1.56;13026.08;10.05;20.34;1
2026-09-21T01:47:43.000;2026-09-20T18:47:43.000;23.07;1.65;822.64;13.05;20.34;2
2026-09-21T01:57:58.000;2026-09-20T18:57:58.000;22.24;1.58;62.32;15.85;20.34;3
2026-09-21T02:08:12.000;2026-09-20T19:08:12.000;24.05;2.35;8.8;17.98;20.34;4
2026-09-21T02:18:27.000;2026-09-20T19:18:27.000;24.23;2.2;2.93;19.17;20.34;5
2026-09-21T02:28:41.000;2026-09-20T19:28:41.000;23.36;3.34;2.27;19.45;20.34;6
2026-09-21T02:38:55.000;2026-09-20T19:38:55.000;22.36;2.47;2.14;19.52;20.34;7
2026-09-21T02:54:27.000;2026-09-20T19:54:27.000;23.08;2.15;2.4;19.39;20.34;8
2026-09-21T03:04:46.000;2026-09-20T20:04:46.000;22.24;1.71;2.15;19.51;20.34;9
2026-09-21T03:14:59.000;2026-09-20T20:14:59.000;21.05;2.08;2.14;19.51;20.34;10
2026-09-21T03:25:12.000;2026-09-20T20:25:12.000;20.64;2.06;2.1;19.54;20.34;11
2026-09-21T03:35:26.000;2026-09-20T20:35:26.000;20.66;1.84;2.1;19.54;20.34;12
2026-09-21T03:45:41.000;2026-09-20T20:45:41.000;20.15;1.91;2.05;19.56;20.34;13
2026-09-21T03:55:55.000;2026-09-20T20:55:55.000;20.01;2.03;2.06;19.55;20.34;14
2026-09-21T04:06:09.000;2026-09-20T21:06:09.000;20.39;2.05;2.03;19.57;20.34;15
2026-09-21T04:16:24.000;2026-09-20T21:16:24.000;20.05;1.13;1.97;19.6;20.34;16
2026-09-21T04:26:38.000;2026-09-20T21:26:38.000;19.66;1.35;1.93;19.63;20.34;17
2026-09-21T04:36:52.000;2026-09-20T21:36:52.000;19.34;1.54;1.91;19.64;20.34;18
2026-09-21T04:47:06.000;2026-09-20T21:47:06.000;19.15;1.32;1.84;19.68;20.34;19
2026-09-21T04:57:20.000;2026-09-20T21:57:20.000;18.96;0.85;1.76;19.72;20.34;20
2026-09-21T05:07:34.000;2026-09-20T22:07:34.000;18.37;1.06;1.72;19.75;20.34;21
2026-09-21T05:17:49.000;2026-09-20T22:17:49.000;18.21;0.67;1.47;19.92;20.34;22
2026-09-21T05:28:03.000;2026-09-20T22:28:03.000;17.76;1.06;1.42;19.96;20.34;23
2026-09-21T05:38:17.000;2026-09-20T22:38:17.000;17.69;0.96;1.54;19.87;20.34;24
2026-09-21T05:48:30.000;2026-09-20T22:48:30.000;17.93;1.07;1.47;19.93;20.34;25
2026-09-21T05:58:45.000;2026-09-20T22:58:45.000;17.9;0.69;1.38;19.99;20.34;26
2026-09-21T06:08:59.000;2026-09-20T23:08:59.000;17.72;0.92;1.32;20.04;20.34;27
2026-09-21T06:19:14.000;2026-09-20T23:19:14.000;17.4;0.64;0.92;20.43;20.34;28
2026-09-21T06:29:28.000;2026-09-20T23:29:28.000;17.49;0.65;1.06;20.28;20.34;29
2026-09-21T06:39:42.000;2026-09-20T23:39:42.000;17.32;-0.02;0.97;20.38;20.34;30
2026-09-21T06:49:56.000;2026-09-20T23:49:56.000;17.07;-0.14;1.05;20.29;20.34;31
2026-09-21T07:00:10.000;2026-09-21T00:00:10.000;17.35;-0.01;0.86;20.51;20.34;32
2026-09-21T07:10:24.000;2026-09-21T00:10:24.000;17.3;-0.57;0.78;20.61;20.34;33
2026-09-21T07:20:42.000;2026-09-21T00:20:42.000;17.11;-0.66;0.68;20.75;20.34;34
2026-09-21T07:30:55.000;2026-09-21T00:30:55.000;16.99;-1.13;0.52;21.04;20.34;35
2026-09-21T07:41:09.000;2026-09-21T00:41:09.000;16.86;-1.1;0.46;21.19;20.34;36
2026-09-21T07:51:23.000;2026-09-21T00:51:23.000;16.46;-1.38;0.34;21.51;20.34;37
2026-09-21T08:01:36.000;2026-09-21T01:01:36.000;16.19;-1.17;0.29;21.67;20.34;38
2026-09-21T08:11:50.000;2026-09-21T01:11:50.000;16.2;-1.15;0.25;21.87;20.34;39
2026-09-21T08:22:04.000;2026-09-21T01:22:04.000;16.16;-1.33;0.2;22.11;20.34;40
2026-09-21T08:32:18.000;2026-09-21T01:32:18.000;16.48;-0.85;0.16;22.32;20.34;41
2026-09-21T08:42:32.000;2026-09-21T01:42:32.000;16.99;-1.06;0.24;21.88;20.34;42
2026-09-21T08:52:47.000;2026-09-21T01:52:47.000;17.03;-1.4;0.2;22.08;20.34;43
2026-09-21T09:03:01.000;2026-09-21T02:03:01.000;16.64;-1.83;0.18;22.19;20.34;44
2026-09-21T09:13:15.000;2026-09-21T02:13:15.000;16.51;-1.68;0.18;22.18;20.34;45
2026-09-21T09:23:30.000;2026-09-21T02:23:30.000;16.29;-2.01;0.18;22.18;20.34;46
2026-09-21T09:33:43.000;2026-09-21T02:33:43.000;16.2;-2.12;0.2;22.07;20.34;47
2026-09-21T09:43:57.000;2026-09-21T02:43:57.000;16.03;-2.28;0.15;22.41;20.34;48
2026-09-21T09:54:11.000;2026-09-21T02:54:11.000;15.59;-3.01;0.17;22.28;20.34;49
2026-09-21T10:04:25.000;2026-09-21T03:04:25.000;15.39;-3.07;0.12;22.64;20.34;50
2026-09-21T10:14:39.000;2026-09-21T03:14:39.000;15.0;-3.19;0.24;21.9;20.34;51
2026-09-21T10:24:53.000;2026-09-21T03:24:53.000;15.01;-3.69;0.15;22.37;20.34;52
2026-09-21T10:35:07.000;2026-09-21T03:35:07.000;15.22;-3.82;0.11;22.69;20.34;53
2026-09-21T10:50:25.000;2026-09-21T03:50:25.000;15.88;-4.4;0.34;21.51;20.34;54
2026-09-21T11:00:45.000;2026-09-21T04:00:45.000;15.52;-4.15;0.21;22.04;20.34;55
2026-09-21T11:10:59.000;2026-09-21T04:10:59.000;14.92;-4.49;0.11;22.71;20.34;56
2026-09-21T11:21:12.000;2026-09-21T04:21:12.000;14.91;-4.3;0.15;22.4;20.34;57
2026-09-21T11:31:27.000;2026-09-21T04:31:27.000;15.15;-4.11;0.15;22.39;20.34;58
2026-09-21T11:41:41.000;2026-09-21T04:41:41.000;15.56;-3.94;0.24;21.87;20.34;59
2026-09-21T11:51:56.000;2026-09-21T04:51:56.000;14.98;-4.53;0.14;22.45;20.34;60
2026-09-21T12:02:09.000;2026-09-21T05:02:09.000;14.29;-4.3;0.27;21.78;20.34;61
2026-09-21T12:12:23.000;2026-09-21T05:12:23.000;14.74;-3.67;0.53;21.04;20.34;62
2026-09-21T12:22:38.000;2026-09-21T05:22:38.000;14.59;-4.3;2.59;19.31;20.34;63
2026-09-21T12:32:53.000;2026-09-21T05:32:53.000;14.73;-3.02;17.47;17.23;20.34;64
2026-09-21T12:43:07.000;2026-09-21T05:43:07.000;14.73;-3.52;165.98;14.79;20.34;65
2026-09-21T12:53:21.000;2026-09-21T05:53:21.000;14.28;-4.69;2932.92;11.67;20.34;66
2026-09-22T01:40:04.000;2026-09-21T18:40:04.000;23.59;2.55;12186.86;10.13;20.34;1
2026-09-22T01:50:17.000;2026-09-21T18:50:17.000;22.92;0.73;1204.35;12.64;20.34;2
2026-09-22T02:00:31.000;2026-09-21T19:00:31.000;21.71;-1.35;72.07;15.7;20.34;3
2026-09-22T02:10:44.000;2026-09-21T19:10:44.000;21.25;-1.97;7.26;18.19;20.34;4
2026-09-22T02:20:58.000;2026-09-21T19:20:58.000;20.25;-3.27;2.96;19.16;20.34;5
2026-09-22T02:31:11.000;2026-09-21T19:31:11.000;19.39;-2.93;2.62;19.29;20.34;6
2026-09-22T02:41:25.000;2026-09-21T19:41:25.000;19.11;-2.52;4.21;18.78;20.34;7
2026-09-22T02:51:39.000;2026-09-21T19:51:39.000;19.0;-2.75;2.92;19.18;20.34;8
2026-09-22T03:01:52.000;2026-09-21T20:01:52.000;18.63;-2.44;4.14;18.8;20.34;9
2026-09-22T03:12:07.000;2026-09-21T20:12:07.000;18.62;-2.04;3.83;18.88;20.34;10
2026-09-22T03:22:20.000;2026-09-21T20:22:20.000;18.35;-1.98;4.14;18.8;20.34;11
2026-09-22T03:32:35.000;2026-09-21T20:32:35.000;18.26;-3.47;2.83;19.21;20.34;12
2026-09-22T03:53:05.000;2026-09-21T20:53:05.000;17.76;-3.31;2.76;19.24;20.34;14
2026-09-22T04:03:19.000;2026-09-21T21:03:19.000;18.3;-2.68;2.8;19.22;20.34;15
2026-09-22T04:13:33.000;2026-09-21T21:13:33.000;18.73;-2.19;2.79;19.23;20.34;16
2026-09-22T04:28:50.000;2026-09-21T21:28:50.000;18.61;-3.72;3.04;19.13;20.34;17
2026-09-22T04:39:10.000;2026-09-21T21:39:10.000;18.24;-3.39;2.7;19.26;20.34;18
2026-09-22T04:49:23.000;2026-09-21T21:49:23.000;17.25;-3.47;2.65;19.28;20.34;19
2026-09-22T04:59:40.000;2026-09-21T21:59:40.000;16.77;-3.77;2.58;19.31;20.34;20
2026-09-22T05:09:55.000;2026-09-21T22:09:55.000;16.31;-3.67;2.58;19.31;20.34;21
2026-09-22T05:20:10.000;2026-09-21T22:20:10.000;16.12;-3.24;2.49;19.35;20.34;22
2026-09-22T05:30:25.000;2026-09-21T22:30:25.000;16.36;-3.69;2.43;19.37;20.34;23
2026-09-22T05:40:39.000;2026-09-21T22:40:39.000;15.86;-3.94;2.37;19.4;20.34;24
2026-09-22T05:50:53.000;2026-09-21T22:50:53.000;15.73;-3.5;2.3;19.43;20.34;25
2026-09-22T06:01:07.000;2026-09-21T23:01:07.000;15.59;-3.75;2.21;19.48;20.34;26
2026-09-22T06:11:21.000;2026-09-21T23:11:21.000;15.6;-3.31;2.16;19.51;20.34;27
2026-09-22T06:26:54.000;2026-09-21T23:26:54.000;17.03;-3.72;2.34;19.42;20.34;28
2026-09-22T06:37:14.000;2026-09-21T23:37:14.000;17.5;-3.96;2.01;19.58;20.34;29
2026-09-22T06:47:28.000;2026-09-21T23:47:28.000;16.7;-4.09;1.9;19.64;20.34;30
2026-09-22T06:57:42.000;2026-09-21T23:57:42.000;15.87;-3.69;1.8;19.7;20.34;31
2026-09-22T07:07:55.000;2026-09-22T00:07:55.000;16.06;-3.33;1.65;19.8;20.34;32
2026-09-22T07:18:09.000;2026-09-22T00:18:09.000;15.47;-4.65;1.6;19.83;20.34;33
2026-09-22T07:28:23.000;2026-09-22T00:28:23.000;15.05;-4.45;1.48;19.91;20.34;34
2026-09-22T07:38:37.000;2026-09-22T00:38:37.000;15.63;-3.87;1.22;20.12;20.34;35
2026-09-22T07:48:51.000;2026-09-22T00:48:51.000;15.73;-2.99;1.2;20.14;20.34;36
2026-09-22T07:59:05.000;2026-09-22T00:59:05.000;15.3;1.89;1.97;19.6;20.34;37
2026-09-22T08:09:19.000;2026-09-22T01:09:19.000;16.08;3.87;2.79;19.22;20.34;38
2026-09-22T08:19:34.000;2026-09-22T01:19:34.000;16.12;-1.38;0.88;20.48;20.34;39
2026-09-22T08:29:48.000;2026-09-22T01:29:48.000;15.9;-1.79;0.77;20.62;20.34;40
2026-09-22T08:40:02.000;2026-09-22T01:40:02.000;15.54;-2.59;0.57;20.96;20.34;41
2026-09-22T08:50:16.000;2026-09-22T01:50:16.000;15.13;-1.88;0.57;20.94;20.34;42
2026-09-22T09:00:30.000;2026-09-22T02:00:30.000;15.34;1.0;0.65;20.81;20.34;43
2026-09-22T09:10:44.000;2026-09-22T02:10:44.000;15.39;0.13;0.3;21.66;20.34;44
2026-09-22T09:20:57.000;2026-09-22T02:20:57.000;15.2;-1.25;0.24;21.9;20.34;45
2026-09-22T09:31:11.000;2026-09-22T02:31:11.000;15.37;0.5;0.23;21.95;20.34;46
2026-09-22T09:41:26.000;2026-09-22T02:41:26.000;15.79;4.82;0.24;21.89;20.34;47
2026-09-22T09:51:41.000;2026-09-22T02:51:41.000;16.3;1.31;0.13;22.58;20.34;48
2026-09-22T10:01:55.000;2026-09-22T03:01:55.000;16.9;1.45;0.19;22.14;20.34;49
2026-09-22T10:12:10.000;2026-09-22T03:12:10.000;16.73;0.89;0.32;21.59;20.34;50
2026-09-22T10:22:23.000;2026-09-22T03:22:23.000;16.63;2.51;0.26;21.82;20.34;51
2026-09-22T10:32:37.000;2026-09-22T03:32:37.000;16.75;1.4;0.26;21.8;20.34;52
2026-09-22T10:42:51.000;2026-09-22T03:42:51.000;17.17;2.19;0.26;21.79;20.34;53
2026-09-22T10:53:06.000;2026-09-22T03:53:06.000;16.99;2.29;0.33;21.56;20.34;54
2026-09-22T11:03:20.000;2026-09-22T04:03:20.000;16.82;3.17;0.35;21.47;20.34;55
2026-09-22T11:13:35.000;2026-09-22T04:13:35.000;17.19;3.86;0.34;21.52;20.34;56
2026-09-22T11:23:49.000;2026-09-22T04:23:49.000;17.66;2.16;0.21;22.06;20.34;57
2026-09-22T11:34:03.000;2026-09-22T04:34:03.000;17.25;3.07;0.41;21.3;20.34;58
2026-09-22T11:44:17.000;2026-09-22T04:44:17.000;17.13;3.09;0.29;21.67;20.34;59
2026-09-22T11:54:31.000;2026-09-22T04:54:31.000;17.05;3.92;0.33;21.56;20.34;60
2026-09-22T12:04:45.000;2026-09-22T05:04:45.000;17.36;4.4;0.44;21.22;20.34;61
2026-09-22T12:14:59.000;2026-09-22T05:14:59.000;17.29;4.86;0.65;20.81;20.34;62
2026-09-22T12:25:13.000;2026-09-22T05:25:13.000;17.51;5.59;3.98;18.84;20.34;63
2026-09-22T12:35:28.000;2026-09-22T05:35:28.000;17.47;5.2;25.64;16.82;20.34;64
2026-09-22T12:45:42.000;2026-09-22T05:45:42.000;17.53;5.2;300.02;14.15;20.34;65
2026-09-22T12:55:56.000;2026-09-22T05:55:56.000;17.58;5.21;4729.23;11.15;20.34;66
2026-09-23T01:36:26.000;2026-09-22T18:36:26.000;21.71;9.94;11457.58;10.19;20.34;1
2026-09-23T01:46:40.000;2026-09-22T18:46:40.000;22.04;10.09;927.98;12.92;20.34;2
2026-09-23T01:56:54.000;2026-09-22T18:56:54.000;22.12;10.32;130.19;15.05;20.34;3
2026-09-23T02:07:07.000;2026-09-22T19:07:07.000;21.83;10.28;20.61;17.05;20.34;4
2026-09-23T02:17:21.000;2026-09-22T19:17:21.000;21.5;10.37;10.22;17.82;20.34;5
2026-09-23T02:27:35.000;2026-09-22T19:27:35.000;21.69;10.29;9.73;17.87;20.34;6
2026-09-23T02:37:49.000;2026-09-22T19:37:49.000;21.27;10.27;8.67;17.99;20.34;7
2026-09-23T02:48:03.000;2026-09-22T19:48:03.000;20.86;10.37;7.63;18.13;20.34;8
2026-09-23T02:58:16.000;2026-09-22T19:58:16.000;20.6;10.4;9.17;17.93;20.34;9
2026-09-23T03:08:30.000;2026-09-22T20:08:30.000;20.26;8.94;11.59;17.68;20.34;10
2026-09-23T03:18:44.000;2026-09-22T20:18:44.000;20.15;8.16;11.59;17.68;20.34;11
2026-09-23T03:28:57.000;2026-09-22T20:28:57.000;19.94;7.73;11.63;17.68;20.34;12
2026-09-23T03:39:11.000;2026-09-22T20:39:11.000;19.77;6.89;12.06;17.64;20.34;13
2026-09-23T03:49:25.000;2026-09-22T20:49:25.000;19.72;6.81;12.92;17.56;20.34;14
2026-09-23T03:59:39.000;2026-09-22T20:59:39.000;19.4;6.21;11.49;17.69;20.34;15
2026-09-23T04:09:53.000;2026-09-22T21:09:53.000;19.45;5.97;12.07;17.64;20.34;16
2026-09-23T04:20:07.000;2026-09-22T21:20:07.000;19.32;6.86;12.28;17.62;20.34;17
2026-09-23T04:30:21.000;2026-09-22T21:30:21.000;19.39;8.46;13.53;17.51;20.34;18
2026-09-23T04:40:35.000;2026-09-22T21:40:35.000;19.35;8.15;13.5;17.51;20.34;19
2026-09-23T04:50:49.000;2026-09-22T21:50:49.000;19.17;7.87;14.99;17.4;20.34;20
2026-09-23T05:01:03.000;2026-09-22T22:01:03.000;19.24;7.65;13.87;17.48;20.34;21
2026-09-23T05:11:17.000;2026-09-22T22:11:17.000;19.59;7.45;13.18;17.54;20.34;22
2026-09-23T05:21:36.000;2026-09-22T22:21:36.000;19.91;7.7;12.75;17.58;20.34;23
2026-09-23T05:31:51.000;2026-09-22T22:31:51.000;20.1;7.97;13.04;17.55;20.34;24
2026-09-23T05:42:04.000;2026-09-22T22:42:04.000;19.95;8.01;13.16;17.54;20.34;25
2026-09-23T05:52:18.000;2026-09-22T22:52:18.000;19.61;7.52;13.55;17.51;20.34;26
2026-09-23T06:02:33.000;2026-09-22T23:02:33.000;19.15;7.16;11.94;17.65;20.34;27
2026-09-23T06:12:47.000;2026-09-22T23:12:47.000;18.75;7.08;11.22;17.71;20.34;28
2026-09-23T06:23:01.000;2026-09-22T23:23:01.000;18.68;6.82;11.7;17.67;20.34;29
2026-09-23T06:33:14.000;2026-09-22T23:33:14.000;18.38;6.18;10.85;17.75;20.34;30
2026-09-23T06:43:29.000;2026-09-22T23:43:29.000;18.52;4.89;7.81;18.11;20.34;31
2026-09-23T06:53:44.000;2026-09-22T23:53:44.000;18.02;3.58;6.87;18.25;20.34;32
2026-09-23T07:03:57.000;2026-09-23T00:03:57.000;17.59;2.91;6.32;18.34;20.34;33
2026-09-23T07:14:11.000;2026-09-23T00:14:11.000;17.08;3.6;6.65;18.28;20.34;34
2026-09-23T07:24:25.000;2026-09-23T00:24:25.000;17.23;3.54;5.45;18.5;20.34;35
2026-09-23T07:34:39.000;2026-09-23T00:34:39.000;16.94;2.63;3.9;18.86;20.34;36
2026-09-23T07:44:54.000;2026-09-23T00:44:54.000;16.73;2.64;4.37;18.74;20.34;37
2026-09-23T07:55:07.000;2026-09-23T00:55:07.000;16.87;3.03;4.96;18.6;20.34;38
2026-09-23T08:05:22.000;2026-09-23T01:05:22.000;16.87;2.32;3.89;18.86;20.34;39
2026-09-23T08:15:36.000;2026-09-23T01:15:36.000;16.88;3.55;4.39;18.74;20.34;40
2026-09-23T08:25:49.000;2026-09-23T01:25:49.000;17.07;4.97;5.29;18.53;20.34;41
2026-09-23T08:36:04.000;2026-09-23T01:36:04.000;17.15;5.86;4.94;18.61;20.34;42
2026-09-23T08:46:18.000;2026-09-23T01:46:18.000;17.16;7.06;4.23;18.77;20.34;43
2026-09-23T08:56:31.000;2026-09-23T01:56:31.000;17.5;7.49;3.86;18.87;20.34;44
2026-09-23T09:06:45.000;2026-09-23T02:06:45.000;17.76;7.12;2.75;19.24;20.34;45
2026-09-23T09:17:00.000;2026-09-23T02:17:00.000;17.78;6.91;3.17;19.09;20.34;46
2026-09-23T09:27:14.000;2026-09-23T02:27:14.000;17.79;6.53;2.79;19.23;20.34;47
2026-09-23T09:37:28.000;2026-09-23T02:37:28.000;17.79;6.23;2.07;19.55;20.34;48
2026-09-23T09:47:43.000;2026-09-23T02:47:43.000;17.46;5.6;1.72;19.75;20.34;49
2026-09-23T09:57:58.000;2026-09-23T02:57:58.000;17.22;4.72;0.89;20.47;20.34;50
2026-09-23T10:08:12.000;2026-09-23T03:08:12.000;17.22;4.87;0.7;20.72;20.34;51
2026-09-23T10:18:27.000;2026-09-23T03:18:27.000;17.38;4.76;0.39;21.35;20.34;52
2026-09-23T10:28:41.000;2026-09-23T03:28:41.000;17.35;3.75;0.24;21.87;20.34;53
2026-09-23T10:38:56.000;2026-09-23T03:38:56.000;17.21;2.98;0.26;21.81;20.34;54
2026-09-23T10:49:10.000;2026-09-23T03:49:10.000;16.81;2.88;0.27;21.77;20.34;55
2026-09-23T10:59:24.000;2026-09-23T03:59:24.000;16.84;2.73;0.23;21.94;20.34;56
2026-09-23T11:09:38.000;2026-09-23T04:09:38.000;16.66;1.87;0.32;21.59;20.34;57
2026-09-23T11:19:52.000;2026-09-23T04:19:52.000;16.1;1.79;0.33;21.55;20.34;58
2026-09-23T11:30:05.000;2026-09-23T04:30:05.000;15.79;1.93;0.33;21.55;20.34;59
2026-09-23T11:40:19.000;2026-09-23T04:40:19.000;15.51;1.44;0.26;21.81;20.34;60
2026-09-23T11:50:33.000;2026-09-23T04:50:33.000;15.62;1.13;0.33;21.53;20.34;61
2026-09-23T12:00:48.000;2026-09-23T05:00:48.000;15.41;0.45;0.27;21.75;20.34;62
2026-09-23T12:11:02.000;2026-09-23T05:11:02.000;15.35;0.55;0.41;21.31;20.34;63
2026-09-23T12:21:16.000;2026-09-23T05:21:16.000;15.22;0.63;1.15;20.19;20.34;64
2026-09-23T12:31:30.000;2026-09-23T05:31:30.000;15.33;0.68;6.13;18.37;20.34;65
2026-09-23T12:41:44.000;2026-09-23T05:41:44.000;15.57;0.73;55.14;15.99;20.34;66
2026-09-23T12:51:59.000;2026-09-23T05:51:59.000;15.31;-0.09;885.57;12.97;20.34;67
2026-09-23T13:02:13.000;2026-09-23T06:02:13.000;15.2;-0.06;15295.7;9.88;20.34;68
2026-09-24T01:30:42.000;2026-09-23T18:30:42.000;21.05;13.54;7740.08;10.62;20.34;1
2026-09-24T01:40:56.000;2026-09-23T18:40:56.000;21.51;11.89;789.06;13.1;20.34;2
2026-09-24T01:51:09.000;2026-09-23T18:51:09.000;21.12;10.4;54.71;15.99;20.34;3
2026-09-24T02:01:24.000;2026-09-23T19:01:24.000;20.95;10.22;5.95;18.4;20.34;4
2026-09-24T02:11:38.000;2026-09-23T19:11:38.000;21.47;10.84;2.8;19.22;20.34;5
2026-09-24T02:21:53.000;2026-09-23T19:21:53.000;21.66;11.21;2.45;19.37;20.34;6
2026-09-24T02:32:06.000;2026-09-23T19:32:06.000;21.49;11.51;2.94;19.17;20.34;7
2026-09-24T02:42:20.000;2026-09-23T19:42:20.000;21.25;12.17;3.15;19.09;20.34;8
2026-09-24T02:52:34.000;2026-09-23T19:52:34.000;21.01;12.68;3.03;19.14;20.34;9
2026-09-24T03:02:49.000;2026-09-23T20:02:49.000;20.79;12.02;5.24;18.54;20.34;10
2026-09-24T03:13:03.000;2026-09-23T20:13:03.000;20.75;12.4;5.64;18.46;20.34;11
2026-09-24T03:23:17.000;2026-09-23T20:23:17.000;19.77;11.28;9.17;17.93;20.34;12
2026-09-24T03:33:30.000;2026-09-23T20:33:30.000;19.11;10.76;12.38;17.61;20.34;13
2026-09-24T03:43:44.000;2026-09-23T20:43:44.000;20.18;9.59;13.79;17.49;20.34;14
2026-09-24T04:04:12.000;2026-09-23T21:04:12.000;19.93;9.88;11.28;17.71;20.34;16
2026-09-24T04:14:26.000;2026-09-23T21:14:26.000;19.92;10.47;11.95;17.65;20.34;17
2026-09-24T04:24:40.000;2026-09-23T21:24:40.000;20.22;10.19;13.41;17.52;20.34;18
2026-09-24T04:34:54.000;2026-09-23T21:34:54.000;20.39;10.39;14.04;17.47;20.34;19
2026-09-24T04:45:08.000;2026-09-23T21:45:08.000;20.41;10.21;16.21;17.32;20.34;20
2026-09-24T04:55:22.000;2026-09-23T21:55:22.000;20.44;9.9;16.9;17.27;20.34;21
2026-09-24T05:05:36.000;2026-09-23T22:05:36.000;20.17;9.31;17.09;17.26;20.34;22
2026-09-24T05:15:51.000;2026-09-23T22:15:51.000;19.82;9.11;19.22;17.13;20.34;23
2026-09-24T05:26:06.000;2026-09-23T22:26:06.000;19.55;9.81;18.5;17.17;20.34;24
2026-09-24T05:36:21.000;2026-09-23T22:36:21.000;20.15;10.15;18.55;17.17;20.34;25
2026-09-24T05:46:35.000;2026-09-23T22:46:35.000;20.12;9.76;22.4;16.96;20.34;26
2026-09-24T05:56:49.000;2026-09-23T22:56:49.000;19.61;8.3;22.71;16.95;20.34;27
2026-09-24T06:07:02.000;2026-09-23T23:07:02.000;19.24;6.9;20.32;17.07;20.34;28
2026-09-24T06:17:16.000;2026-09-23T23:17:16.000;18.79;7.06;20.87;17.04;20.34;29
2026-09-24T06:27:30.000;2026-09-23T23:27:30.000;18.59;7.75;21.21;17.02;20.34;30
2026-09-24T06:37:44.000;2026-09-23T23:37:44.000;18.86;9.33;19.33;17.12;20.34;31
2026-09-24T06:47:58.000;2026-09-23T23:47:58.000;19.24;13.22;12.47;17.6;20.34;32
2026-09-24T06:58:12.000;2026-09-23T23:58:12.000;19.51;12.23;16.61;17.29;20.34;33
2026-09-24T07:08:27.000;2026-09-24T00:08:27.000;20.18;15.19;8.76;17.98;20.34;34
2026-09-24T07:18:42.000;2026-09-24T00:18:42.000;20.43;14.71;13.74;17.49;20.34;35
2026-09-24T07:28:56.000;2026-09-24T00:28:56.000;20.32;15.66;4.56;18.69;20.34;36
2026-09-24T07:39:10.000;2026-09-24T00:39:10.000;20.27;15.16;2.32;19.43;20.34;37
2026-09-24T07:49:27.000;2026-09-24T00:49:27.000;16.78;15.63;2.35;19.41;20.34;38
2026-09-24T07:59:40.000;2026-09-24T00:59:40.000;16.93;16.73;1.12;20.21;20.34;39
2026-09-24T08:09:53.000;2026-09-24T01:09:53.000;16.54;16.17;3.34;19.03;20.34;40
2026-09-24T08:20:07.000;2026-09-24T01:20:07.000;16.61;16.47;1.61;19.83;20.34;41
2026-09-24T08:30:20.000;2026-09-24T01:30:20.000;16.62;16.41;0.82;20.55;20.34;42
2026-09-24T08:40:34.000;2026-09-24T01:40:34.000;16.56;16.16;3.13;19.1;20.34;43
2026-09-24T08:50:51.000;2026-09-24T01:50:51.000;16.38;16.06;1.81;19.7;20.34;44
2026-09-24T09:01:05.000;2026-09-24T02:01:05.000;16.22;15.78;1.02;20.32;20.34;45
2026-09-24T09:11:19.000;2026-09-24T02:11:19.000;16.22;15.92;1.18;20.16;20.34;46
2026-09-24T09:21:32.000;2026-09-24T02:21:32.000;16.06;15.69;1.89;19.65;20.34;47
2026-09-24T09:31:46.000;2026-09-24T02:31:46.000;16.19;15.94;2.08;19.55;20.34;48
2026-09-24T09:42:00.000;2026-09-24T02:42:00.000;16.16;15.75;1.08;20.25;20.34;49
2026-09-24T09:52:13.000;2026-09-24T02:52:13.000;16.07;15.88;1.97;19.6;20.34;50
2026-09-24T10:02:27.000;2026-09-24T03:02:27.000;16.09;15.87;1.9;19.64;20.34;51
2026-09-24T10:12:41.000;2026-09-24T03:12:41.000;16.26;16.0;1.71;19.76;20.34;52
2026-09-24T10:22:54.000;2026-09-24T03:22:54.000;16.25;16.05;2.18;19.49;20.34;53
2026-09-24T10:33:08.000;2026-09-24T03:33:08.000;16.27;16.07;1.47;19.92;20.34;54
2026-09-24T10:43:23.000;2026-09-24T03:43:23.000;16.36;16.24;0.59;20.91;20.34;55
2026-09-24T10:53:36.000;2026-09-24T03:53:36.000;16.35;15.92;0.27;21.78;20.34;56
2026-09-24T11:03:52.000;2026-09-24T04:03:52.000;16.33;16.08;0.19;22.17;20.34;57
2026-09-24T11:14:06.000;2026-09-24T04:14:06.000;16.29;16.08;0.08;23.07;20.34;58
2026-09-24T11:24:20.000;2026-09-24T04:24:20.000;16.28;15.94;0.09;22.9;20.34;59
2026-09-24T11:34:33.000;2026-09-24T04:34:33.000;16.29;16.09;0.1;22.87;20.34;60
2026-09-24T11:44:47.000;2026-09-24T04:44:47.000;16.35;16.24;0.03;24.22;20.34;61
2026-09-24T11:55:01.000;2026-09-24T04:55:01.000;16.46;16.29;0.15;22.38;20.34;62
2026-09-24T12:05:15.000;2026-09-24T05:05:15.000;16.52;16.45;0.18;22.21;20.34;63
2026-09-24T12:15:28.000;2026-09-24T05:15:28.000;16.5;16.41;0.2;22.07;20.34;64
2026-09-24T12:25:43.000;2026-09-24T05:25:43.000;16.5;16.35;2.13;19.52;20.34;65
2026-09-24T12:35:56.000;2026-09-24T05:35:56.000;16.52;16.38;15.03;17.4;20.34;66
2026-09-24T12:46:10.000;2026-09-24T05:46:10.000;16.5;16.39;156.46;14.85;20.34;67
2026-09-24T12:56:23.000;2026-09-24T05:56:23.000;16.53;16.39;2504.15;11.84;20.34;68
2026-09-25T01:33:22.000;2026-09-24T18:33:22.000;19.15;1.07;10316.96;10.31;20.34;1
2026-09-25T01:43:36.000;2026-09-24T18:43:36.000;19.28;0.43;660.42;13.29;20.34;2
2026-09-25T01:53:50.000;2026-09-24T18:53:50.000;19.32;0.51;57.87;15.93;20.34;3
2026-09-25T02:04:06.000;2026-09-24T19:04:06.000;19.22;0.41;8.06;18.07;20.34;4
2026-09-25T02:19:37.000;2026-09-24T19:19:37.000;19.84;-0.38;4.38;18.74;20.34;5
2026-09-25T02:29:56.000;2026-09-24T19:29:56.000;19.45;-0.47;4.73;18.65;20.34;6
2026-09-25T02:40:11.000;2026-09-24T19:40:11.000;18.48;-0.43;5.56;18.48;20.34;7
2026-09-25T02:50:31.000;2026-09-24T19:50:31.000;18.44;0.03;6.04;18.39;20.34;8
2026-09-25T03:00:46.000;2026-09-24T20:00:46.000;18.38;2.09;9.87;17.85;20.34;9
2026-09-25T03:11:00.000;2026-09-24T20:11:00.000;18.01;1.37;10.84;17.75;20.34;10
2026-09-25T03:21:13.000;2026-09-24T20:21:13.000;17.61;1.1;9.59;17.89;20.34;11
2026-09-25T03:31:27.000;2026-09-24T20:31:27.000;17.2;1.09;8.95;17.96;20.34;12
2026-09-25T03:41:42.000;2026-09-24T20:41:42.000;17.16;-0.17;8.23;18.05;20.34;13
2026-09-25T03:51:56.000;2026-09-24T20:51:56.000;16.54;-0.21;10.95;17.74;20.34;14
2026-09-25T04:02:10.000;2026-09-24T21:02:10.000;16.45;0.42;12.27;17.62;20.34;15
2026-09-25T04:12:23.000;2026-09-24T21:12:23.000;16.2;0.36;13.54;17.51;20.34;16
2026-09-25T04:22:37.000;2026-09-24T21:22:37.000;15.9;0.67;18.46;17.17;20.34;17
2026-09-25T04:32:51.000;2026-09-24T21:32:51.000;15.78;-0.36;13.87;17.48;20.34;18
2026-09-25T04:43:05.000;2026-09-24T21:43:05.000;15.63;-1.11;13.89;17.48;20.34;19
2026-09-25T04:53:19.000;2026-09-24T21:53:19.000;15.83;-1.33;13.9;17.48;20.34;20
2026-09-25T05:03:33.000;2026-09-24T22:03:33.000;16.03;-0.85;11.65;17.67;20.34;21
2026-09-25T05:13:47.000;2026-09-24T22:13:47.000;15.74;-1.41;14.07;17.47;20.34;22
2026-09-25T05:24:00.000;2026-09-24T22:24:00.000;15.6;-1.84;14.84;17.41;20.34;23
2026-09-25T05:34:14.000;2026-09-24T22:34:14.000;15.42;-2.11;14.94;17.4;20.34;24
2026-09-25T05:44:28.000;2026-09-24T22:44:28.000;15.35;-1.91;15.37;17.37;20.34;25
2026-09-25T05:54:42.000;2026-09-24T22:54:42.000;14.96;-2.5;16.05;17.33;20.34;26
2026-09-25T06:04:56.000;2026-09-24T23:04:56.000;15.03;-2.28;16.28;17.31;20.34;27
2026-09-25T06:15:10.000;2026-09-24T23:15:10.000;15.14;-2.09;16.45;17.3;20.34;28
2026-09-25T06:25:24.000;2026-09-24T23:25:24.000;14.87;-2.44;16.27;17.31;20.34;29
2026-09-25T06:35:38.000;2026-09-24T23:35:38.000;14.56;-3.07;16.22;17.31;20.34;30
2026-09-25T06:45:52.000;2026-09-24T23:45:52.000;14.62;-1.38;15.76;17.35;20.34;31
2026-09-25T06:56:06.000;2026-09-24T23:56:06.000;14.4;-1.78;15.25;17.38;20.34;32
2026-09-25T07:06:20.000;2026-09-25T00:06:20.000;14.33;-1.37;14.66;17.42;20.34;33
2026-09-25T07:16:34.000;2026-09-25T00:16:34.000;14.73;2.07;13.55;17.51;20.34;34
2026-09-25T07:26:48.000;2026-09-25T00:26:48.000;14.31;1.56;12.91;17.56;20.34;35
2026-09-25T07:37:02.000;2026-09-25T00:37:02.000;14.51;3.36;12.36;17.61;20.34;36
2026-09-25T07:47:16.000;2026-09-25T00:47:16.000;14.31;3.42;11.75;17.67;20.34;37
2026-09-25T07:57:30.000;2026-09-25T00:57:30.000;14.41;3.89;11.02;17.73;20.34;38
2026-09-25T08:07:44.000;2026-09-25T01:07:44.000;14.04;4.14;10.64;17.77;20.34;39
2026-09-26T01:32:03.000;2026-09-25T18:32:03.000;21.61;0.99;10257.05;10.31;20.34;1
2026-09-26T01:42:16.000;2026-09-25T18:42:16.000;21.84;1.01;685.0;13.25;20.34;2
2026-09-26T01:52:30.000;2026-09-25T18:52:30.000;21.74;1.0;54.39;16.0;20.34;3
2026-09-26T02:02:43.000;2026-09-25T19:02:43.000;21.41;0.81;9.03;17.95;20.34;4
2026-09-26T02:12:56.000;2026-09-25T19:12:56.000;20.42;0.14;3.55;18.96;20.34;5
2026-09-26T02:23:10.000;2026-09-25T19:23:10.000;20.36;0.01;3.3;19.04;20.34;6
2026-09-26T02:33:23.000;2026-09-25T19:33:23.000;19.69;-0.42;4.8;18.64;20.34;7
2026-09-26T02:43:37.000;2026-09-25T19:43:37.000;19.65;-0.23;5.04;18.58;20.34;8
2026-09-26T02:53:51.000;2026-09-25T19:53:51.000;19.62;-0.68;5.69;18.45;20.34;9
2026-09-26T03:04:05.000;2026-09-25T20:04:05.000;19.84;-1.07;6.34;18.33;20.34;10
2026-09-26T03:14:18.000;2026-09-25T20:14:18.000;19.59;-1.27;6.83;18.25;20.34;11
2026-09-26T03:24:32.000;2026-09-25T20:24:32.000;19.23;-1.4;7.19;18.2;20.34;12
2026-09-26T03:34:45.000;2026-09-25T20:34:45.000;18.62;-1.71;7.65;18.13;20.34;13
2026-09-26T03:44:59.000;2026-09-25T20:44:59.000;18.21;-2.27;8.11;18.07;20.34;14
2026-09-26T03:55:12.000;2026-09-25T20:55:12.000;17.63;-2.81;9.39;17.91;20.34;15
2026-09-26T04:05:26.000;2026-09-25T21:05:26.000;17.18;-2.74;12.08;17.64;20.34;16
2026-09-26T04:15:39.000;2026-09-25T21:15:39.000;16.85;-2.14;15.02;17.4;20.34;17
2026-09-26T04:25:53.000;2026-09-25T21:25:53.000;16.47;-2.96;17.02;17.26;20.34;18
2026-09-26T04:36:07.000;2026-09-25T21:36:07.000;16.22;-2.66;16.85;17.27;20.34;19
2026-09-26T04:46:21.000;2026-09-25T21:46:21.000;16.2;-3.03;16.51;17.3;20.34;20
2026-09-26T04:56:34.000;2026-09-25T21:56:34.000;15.81;-3.28;18.12;17.19;20.34;21
2026-09-26T05:06:48.000;2026-09-25T22:06:48.000;15.77;-3.6;17.95;17.2;20.34;22
2026-09-26T05:17:02.000;2026-09-25T22:17:02.000;16.02;-3.12;19.86;17.1;20.34;23
2026-09-26T05:27:15.000;2026-09-25T22:27:15.000;15.76;-3.51;17.27;17.25;20.34;24
2026-09-26T05:37:29.000;2026-09-25T22:37:29.000;15.44;-4.28;23.08;16.93;20.34;25
2026-09-26T05:47:42.000;2026-09-25T22:47:42.000;14.89;-4.16;27.1;16.76;20.34;26
2026-09-26T05:57:56.000;2026-09-25T22:57:56.000;15.08;-4.05;31.32;16.6;20.34;27
2026-09-26T06:08:09.000;2026-09-25T23:08:09.000;14.66;-4.28;34.29;16.5;20.34;28
2026-09-26T06:18:23.000;2026-09-25T23:18:23.000;14.85;-3.93;37.74;16.4;20.34;29
2026-09-26T06:28:37.000;2026-09-25T23:28:37.000;14.88;-4.66;40.2;16.33;20.34;30
2026-09-26T06:38:51.000;2026-09-25T23:38:51.000;14.94;-4.54;42.06;16.28;20.34;31
2026-09-26T06:49:05.000;2026-09-25T23:49:05.000;14.68;-4.68;43.99;16.23;20.34;32
2026-09-26T06:59:19.000;2026-09-25T23:59:19.000;14.46;-4.81;43.89;16.23;20.34;33
2026-09-26T07:09:32.000;2026-09-26T00:09:32.000;14.42;-4.91;43.92;16.23;20.34;34
2026-09-26T07:19:46.000;2026-09-26T00:19:46.000;14.48;-4.47;43.12;16.25;20.34;35
2026-09-26T07:30:00.000;2026-09-26T00:30:00.000;14.16;-4.51;41.24;16.3;20.34;36
2026-09-26T07:40:14.000;2026-09-26T00:40:14.000;14.5;-4.09;39.46;16.35;20.34;37
2026-09-26T07:50:28.000;2026-09-26T00:50:28.000;14.77;-4.6;36.13;16.45;20.34;38
2026-09-26T08:00:42.000;2026-09-26T01:00:42.000;14.46;-4.99;33.03;16.54;20.34;39
2026-09-26T08:10:55.000;2026-09-26T01:10:55.000;14.01;-4.84;30.41;16.63;20.34;40
2026-09-26T08:21:09.000;2026-09-26T01:21:09.000;14.23;-5.05;27.58;16.74;20.34;41
2026-09-26T08:31:23.000;2026-09-26T01:31:23.000;14.53;-5.09;25.0;16.84;20.34;42
2026-09-26T08:41:37.000;2026-09-26T01:41:37.000;14.37;-5.15;22.35;16.97;20.34;43
2026-09-26T08:51:51.000;2026-09-26T01:51:51.000;14.26;-5.69;19.91;17.09;20.34;44
2026-09-27T01:29:45.000;2026-09-26T18:29:45.000;21.62;-1.21;12620.11;10.09;20.34;1
2026-09-27T01:39:58.000;2026-09-26T18:39:58.000;21.4;-0.93;840.13;13.03;20.34;2
2026-09-27T01:50:11.000;2026-09-26T18:50:11.000;21.18;0.58;83.83;15.53;20.34;3
2026-09-27T02:00:24.000;2026-09-26T19:00:24.000;20.56;-1.53;12.07;17.64;20.34;4
2026-09-27T02:10:37.000;2026-09-26T19:10:37.000;19.5;-3.31;3.22;19.07;20.34;5
2026-09-27T02:20:51.000;2026-09-26T19:20:51.000;18.43;-3.23;2.64;19.29;20.34;6
2026-09-27T02:31:04.000;2026-09-26T19:31:04.000;18.0;-2.29;5.57;18.48;20.34;7
2026-09-27T02:41:18.000;2026-09-26T19:41:18.000;18.09;-2.42;4.03;18.83;20.34;8
2026-09-27T02:51:32.000;2026-09-26T19:51:32.000;18.23;-2.9;5.61;18.47;20.34;9
2026-09-27T03:01:45.000;2026-09-26T20:01:45.000;17.88;-3.32;5.52;18.48;20.34;10
2026-09-27T03:11:59.000;2026-09-26T20:11:59.000;18.59;-2.94;5.68;18.45;20.34;11
2026-09-27T03:22:14.000;2026-09-26T20:22:14.000;19.18;-3.57;6.08;18.38;20.34;12
2026-09-27T03:32:27.000;2026-09-26T20:32:27.000;18.64;-5.2;5.42;18.51;20.34;13
2026-09-27T03:42:40.000;2026-09-26T20:42:40.000;17.03;-4.99;7.68;18.13;20.34;14
2026-09-27T03:52:53.000;2026-09-26T20:52:53.000;16.49;-5.1;7.75;18.12;20.34;15
2026-09-27T04:03:07.000;2026-09-26T21:03:07.000;16.21;-5.48;8.14;18.06;20.34;16
2026-09-27T04:13:20.000;2026-09-26T21:13:20.000;15.19;-5.53;9.09;17.94;20.34;17
2026-09-27T04:23:33.000;2026-09-26T21:23:33.000;15.0;-4.51;14.7;17.42;20.34;18
2026-09-27T04:33:47.000;2026-09-26T21:33:47.000;15.22;-4.02;15.42;17.37;20.34;19
2026-09-27T04:44:01.000;2026-09-26T21:44:01.000;15.29;-3.75;16.93;17.27;20.34;20
2026-09-27T04:54:14.000;2026-09-26T21:54:14.000;15.14;-4.35;17.08;17.26;20.34;21
2026-09-27T05:04:28.000;2026-09-26T22:04:28.000;15.13;-2.99;21.94;16.99;20.34;22
2026-09-27T05:14:42.000;2026-09-26T22:14:42.000;15.34;-2.39;24.24;16.88;20.34;23
2026-09-27T05:24:56.000;2026-09-26T22:24:56.000;15.16;-0.73;31.65;16.59;20.34;24
2026-09-27T05:35:10.000;2026-09-26T22:35:10.000;15.64;-1.75;25.68;16.82;20.34;25
2026-09-27T05:45:23.000;2026-09-26T22:45:23.000;16.49;-1.67;27.66;16.74;20.34;26
2026-09-27T05:55:37.000;2026-09-26T22:55:37.000;16.6;-0.67;33.66;16.52;20.34;27
2026-09-27T06:05:51.000;2026-09-26T23:05:51.000;16.58;-0.74;37.22;16.41;20.34;28
2026-09-27T06:16:05.000;2026-09-26T23:16:05.000;17.04;-1.28;45.28;16.2;20.34;29
2026-09-27T06:26:19.000;2026-09-26T23:26:19.000;16.75;-2.18;34.7;16.49;20.34;30
2026-09-27T06:36:33.000;2026-09-26T23:36:33.000;16.66;-2.19;36.22;16.44;20.34;31
2026-09-27T06:46:46.000;2026-09-26T23:46:46.000;16.52;-3.88;41.88;16.28;20.34;32
2026-09-27T06:57:00.000;2026-09-26T23:57:00.000;15.75;-3.3;48.4;16.13;20.34;33
2026-09-27T07:07:13.000;2026-09-27T00:07:13.000;15.37;-3.67;65.32;15.8;20.34;34
2026-09-27T07:17:27.000;2026-09-27T00:17:27.000;15.23;-2.78;61.8;15.86;20.34;35
2026-09-27T07:27:40.000;2026-09-27T00:27:40.000;14.94;-1.44;71.23;15.71;20.34;36
2026-09-27T07:37:55.000;2026-09-27T00:37:55.000;15.24;-0.9;51.9;16.05;20.34;37
2026-09-27T07:48:08.000;2026-09-27T00:48:08.000;15.08;-1.07;66.97;15.78;20.34;38
2026-09-27T07:58:22.000;2026-09-27T00:58:22.000;14.93;-4.17;54.73;15.99;20.34;39
2026-09-27T08:08:36.000;2026-09-27T01:08:36.000;15.23;-3.03;67.94;15.76;20.34;40
2026-09-27T08:18:49.000;2026-09-27T01:18:49.000;16.07;-0.41;70.56;15.72;20.34;41
2026-09-27T08:29:04.000;2026-09-27T01:29:04.000;16.61;6.78;52.75;16.03;20.34;42
2026-09-27T08:39:18.000;2026-09-27T01:39:18.000;16.22;4.63;44.44;16.22;20.34;43
2026-09-27T08:49:31.000;2026-09-27T01:49:31.000;15.46;-1.88;59.75;15.9;20.34;44
2026-09-27T08:59:44.000;2026-09-27T01:59:44.000;14.58;-2.41;46.03;16.18;20.34;45
2026-09-27T09:09:58.000;2026-09-27T02:09:58.000;14.47;-2.16;37.1;16.42;20.34;46
2026-09-27T09:20:12.000;2026-09-27T02:20:12.000;14.57;-0.41;46.84;16.16;20.34;47
2026-09-27T09:30:26.000;2026-09-27T02:30:26.000;14.73;-1.77;30.76;16.62;20.34;48
2026-09-27T09:40:40.000;2026-09-27T02:40:40.000;14.69;-1.15;34.65;16.49;20.34;49
2026-09-27T09:50:54.000;2026-09-27T02:50:54.000;15.53;-3.45;24.05;16.89;20.34;50
2026-09-27T10:43:15.000;2026-09-27T03:43:15.000;17.76;12.07;51.7;16.06;20.34;55
2026-09-27T10:53:29.000;2026-09-27T03:53:29.000;17.54;0.62;19.42;17.12;20.34;56
2026-09-27T11:03:43.000;2026-09-27T04:03:43.000;17.33;8.61;20.55;17.06;20.34;57
2026-09-27T11:13:57.000;2026-09-27T04:13:57.000;17.94;9.0;24.35;16.87;20.34;58
2026-09-27T11:24:11.000;2026-09-27T04:24:11.000;17.57;3.33;13.79;17.49;20.34;59
2026-09-27T11:34:25.000;2026-09-27T04:34:25.000;16.66;-0.3;11.63;17.68;20.34;60
2026-09-27T11:44:39.000;2026-09-27T04:44:39.000;16.29;4.67;22.24;16.97;20.34;61
2026-09-27T11:54:53.000;2026-09-27T04:54:53.000;16.26;-0.53;6.2;18.36;20.34;62
2026-09-27T12:05:07.000;2026-09-27T05:05:07.000;16.06;-2.3;7.25;18.19;20.34;63
2026-09-27T12:15:20.000;2026-09-27T05:15:20.000;15.5;-2.33;6.55;18.3;20.34;64
2026-09-27T12:25:34.000;2026-09-27T05:25:34.000;15.38;-3.15;7.54;18.15;20.34;65
2026-09-27T12:35:47.000;2026-09-27T05:35:47.000;15.06;-2.79;23.89;16.89;20.34;66
2026-09-27T12:46:01.000;2026-09-27T05:46:01.000;14.19;-3.17;131.43;15.04;20.34;67
2026-09-27T12:56:15.000;2026-09-27T05:56:15.000;14.56;-1.9;1810.7;12.2;20.34;68
2026-09-28T01:29:02.000;2026-09-27T18:29:02.000;23.4;4.08;15391.42;9.87;20.34;1
2026-09-28T01:39:16.000;2026-09-27T18:39:16.000;24.01;3.96;732.97;13.18;20.34;2
2026-09-28T01:49:29.000;2026-09-27T18:49:29.000;24.08;5.05;56.53;15.96;20.34;3
2026-09-28T01:59:43.000;2026-09-27T18:59:43.000;24.07;6.06;8.43;18.03;20.34;4
2026-09-28T02:09:56.000;2026-09-27T19:09:56.000;24.0;3.49;2.81;19.22;20.34;5
2026-09-28T02:20:10.000;2026-09-27T19:20:10.000;23.83;2.23;2.04;19.57;20.34;6
2026-09-28T02:30:24.000;2026-09-27T19:30:24.000;23.17;2.05;2.55;19.32;20.34;7
2026-09-28T02:40:37.000;2026-09-27T19:40:37.000;21.89;1.31;2.46;19.36;20.34;8
2026-09-28T02:50:51.000;2026-09-27T19:50:51.000;21.08;0.59;2.78;19.23;20.34;9
2026-09-28T03:01:04.000;2026-09-27T20:01:04.000;20.21;0.13;2.67;19.27;20.34;10
2026-09-28T03:11:17.000;2026-09-27T20:11:17.000;19.25;0.24;2.84;19.21;20.34;11
2026-09-28T03:21:30.000;2026-09-27T20:21:30.000;18.66;0.17;2.9;19.18;20.34;12
2026-09-28T03:31:44.000;2026-09-27T20:31:44.000;19.17;0.37;3.76;18.9;20.34;13
2026-09-28T03:41:58.000;2026-09-27T20:41:58.000;19.06;0.22;4.26;18.77;20.34;14
2026-09-28T03:52:11.000;2026-09-27T20:52:11.000;18.62;0.35;4.57;18.69;20.34;15
2026-09-28T04:02:25.000;2026-09-27T21:02:25.000;18.78;1.28;6.34;18.33;20.34;16
2026-09-28T04:12:39.000;2026-09-27T21:12:39.000;18.97;2.94;9.21;17.93;20.34;17
2026-09-28T04:22:53.000;2026-09-27T21:22:53.000;19.2;1.07;6.17;18.36;20.34;18
2026-09-28T04:33:07.000;2026-09-27T21:33:07.000;18.5;-0.27;6.24;18.35;20.34;19
2026-09-28T04:43:20.000;2026-09-27T21:43:20.000;18.12;-0.53;6.67;18.28;20.34;20
2026-09-28T04:53:33.000;2026-09-27T21:53:33.000;17.71;-0.24;7.86;18.1;20.34;21
2026-09-28T05:03:47.000;2026-09-27T22:03:47.000;17.88;-0.37;10.05;17.83;20.34;22
2026-09-28T05:14:01.000;2026-09-27T22:14:01.000;17.47;0.41;15.46;17.37;20.34;23
2026-09-28T05:24:15.000;2026-09-27T22:24:15.000;17.67;3.86;26.37;16.79;20.34;24
2026-09-28T05:34:29.000;2026-09-27T22:34:29.000;18.37;10.43;34.3;16.5;20.34;25
2026-09-28T05:44:43.000;2026-09-27T22:44:43.000;18.27;7.26;38.92;16.36;20.34;26
2026-09-28T05:54:57.000;2026-09-27T22:54:57.000;18.06;3.86;28.08;16.72;20.34;27
2026-09-28T06:05:10.000;2026-09-27T23:05:10.000;17.92;1.12;14.97;17.4;20.34;28
2026-09-28T06:15:24.000;2026-09-27T23:15:24.000;18.25;0.01;16.71;17.28;20.34;29
2026-09-28T06:25:38.000;2026-09-27T23:25:38.000;18.74;0.04;17.17;17.25;20.34;30
2026-09-28T06:35:52.000;2026-09-27T23:35:52.000;19.12;-0.23;20.14;17.08;20.34;31
2026-09-28T06:46:06.000;2026-09-27T23:46:06.000;19.26;-0.39;22.46;16.96;20.34;32
2026-09-28T06:56:20.000;2026-09-27T23:56:20.000;18.87;-1.02;24.89;16.85;20.34;33
2026-09-28T07:06:33.000;2026-09-28T00:06:33.000;18.17;-0.8;29.8;16.65;20.34;34
2026-09-28T07:16:47.000;2026-09-28T00:16:47.000;17.8;-0.69;41.34;16.3;20.34;35
2026-09-28T07:27:00.000;2026-09-28T00:27:00.000;17.58;-0.46;39.26;16.36;20.34;36
2026-09-28T07:37:14.000;2026-09-28T00:37:14.000;17.35;-0.78;45.87;16.19;20.34;37
2026-09-28T07:47:28.000;2026-09-28T00:47:28.000;16.81;-1.23;50.75;16.08;20.34;38
2026-09-28T07:57:42.000;2026-09-28T00:57:42.000;16.5;-1.56;53.37;16.02;20.34;39
2026-09-28T08:07:55.000;2026-09-28T01:07:55.000;16.1;-0.86;56.46;15.96;20.34;40
2026-09-28T08:18:09.000;2026-09-28T01:18:09.000;15.79;-1.21;57.87;15.93;20.34;41
2026-09-28T08:28:22.000;2026-09-28T01:28:22.000;15.37;-0.13;57.26;15.95;20.34;42
2026-09-28T08:38:36.000;2026-09-28T01:38:36.000;15.49;2.18;79.24;15.59;20.34;43
2026-09-28T08:48:50.000;2026-09-28T01:48:50.000;16.04;4.45;59.92;15.9;20.34;44
2026-09-28T08:59:04.000;2026-09-28T01:59:04.000;16.2;6.49;82.47;15.55;20.34;45
2026-09-28T09:09:18.000;2026-09-28T02:09:18.000;17.1;11.56;63.48;15.83;20.34;46
2026-09-28T09:19:32.000;2026-09-28T02:19:32.000;17.44;9.68;62.97;15.84;20.34;47
2026-09-28T09:29:46.000;2026-09-28T02:29:46.000;17.43;7.05;62.85;15.84;20.34;48
2026-09-28T09:40:00.000;2026-09-28T02:40:00.000;17.82;10.84;65.32;15.8;20.34;49
2026-09-28T09:50:14.000;2026-09-28T02:50:14.000;18.24;10.39;50.58;16.08;20.34;50
2026-09-28T10:00:27.000;2026-09-28T03:00:27.000;17.87;5.13;43.07;16.25;20.34;51
2026-09-28T10:10:41.000;2026-09-28T03:10:41.000;17.31;5.35;46.44;16.17;20.34;52
2026-09-28T10:20:55.000;2026-09-28T03:20:55.000;17.05;0.67;27.12;16.76;20.34;53
2026-09-28T10:31:08.000;2026-09-28T03:31:08.000;16.74;0.68;24.97;16.85;20.34;54
2026-09-28T10:41:22.000;2026-09-28T03:41:22.000;17.57;8.97;40.49;16.32;20.34;55
2026-09-28T10:51:36.000;2026-09-28T03:51:36.000;17.77;7.48;43.09;16.25;20.34;56
2026-09-28T11:01:50.000;2026-09-28T04:01:50.000;17.63;5.37;30.62;16.62;20.34;57
2026-09-28T11:12:03.000;2026-09-28T04:12:03.000;17.32;8.7;29.82;16.65;20.34;58
2026-09-28T11:22:17.000;2026-09-28T04:22:17.000;17.12;7.28;28.93;16.69;20.34;59
2026-09-28T11:32:30.000;2026-09-28T04:32:30.000;16.71;4.07;21.58;17.0;20.34;60
2026-09-28T11:42:44.000;2026-09-28T04:42:44.000;16.12;1.41;19.21;17.13;20.34;61
2026-09-28T11:52:57.000;2026-09-28T04:52:57.000;15.36;-1.83;5.74;18.44;20.34;62
2026-09-28T12:03:11.000;2026-09-28T05:03:11.000;14.97;1.73;18.71;17.16;20.34;63
2026-09-28T12:13:24.000;2026-09-28T05:13:24.000;14.84;1.34;15.92;17.33;20.34;64
2026-09-28T12:23:38.000;2026-09-28T05:23:38.000;15.09;4.61;17.25;17.25;20.34;65
2026-09-28T12:33:51.000;2026-09-28T05:33:51.000;15.67;3.49;23.5;16.91;20.34;66
2026-09-28T12:44:05.000;2026-09-28T05:44:05.000;15.46;2.0;92.97;15.42;20.34;67
2026-09-28T12:54:19.000;2026-09-28T05:54:19.000;15.37;1.74;1025.33;12.81;20.34;68
2026-09-28T13:04:32.000;2026-09-28T06:04:32.000;15.2;-1.41;16043.24;9.83;20.34;69
2026-09-29T01:26:12.000;2026-09-28T18:26:12.000;19.83;12.86;20381.69;9.57;20.34;1
2026-09-29T01:36:26.000;2026-09-28T18:36:26.000;20.56;12.3;1302.12;12.55;20.34;2
2026-09-29T01:46:40.000;2026-09-28T18:46:40.000;20.4;12.63;101.78;15.32;20.34;3
2026-09-29T01:56:54.000;2026-09-28T18:56:54.000;20.57;13.21;8.98;17.96;20.34;4
2026-09-29T02:07:08.000;2026-09-28T19:07:08.000;20.49;13.05;1.36;20.0;20.34;5
2026-09-29T02:17:21.000;2026-09-28T19:17:21.000;19.99;13.1;0.32;21.59;20.34;6
2026-09-29T02:27:35.000;2026-09-28T19:27:35.000;19.28;12.73;0.32;21.58;20.34;7
2026-09-29T02:37:48.000;2026-09-28T19:37:48.000;18.32;13.22;0.96;20.39;20.34;8
2026-09-29T02:48:01.000;2026-09-28T19:48:01.000;17.9;14.79;0.55;20.99;20.34;9
2026-09-29T02:58:14.000;2026-09-28T19:58:14.000;17.62;17.24;1.7;19.76;20.34;10
2026-09-29T03:08:28.000;2026-09-28T20:08:28.000;17.6;17.37;0.96;20.39;20.34;11
2026-09-29T03:18:41.000;2026-09-28T20:18:41.000;17.49;17.06;1.77;19.72;20.34;12
2026-09-29T03:28:54.000;2026-09-28T20:28:54.000;17.46;17.21;2.56;19.32;20.34;13
2026-09-29T03:39:08.000;2026-09-28T20:39:08.000;17.27;16.89;4.42;18.73;20.34;14
2026-09-29T03:49:21.000;2026-09-28T20:49:21.000;17.28;16.91;3.78;18.9;20.34;15
2026-09-29T03:59:35.000;2026-09-28T20:59:35.000;17.17;16.58;3.59;18.95;20.34;16
2026-09-29T04:09:48.000;2026-09-28T21:09:48.000;17.09;16.32;6.88;18.25;20.34;17
2026-09-29T04:20:02.000;2026-09-28T21:20:02.000;17.14;15.62;8.46;18.02;20.34;18
2026-09-29T04:30:16.000;2026-09-28T21:30:16.000;17.11;13.01;8.9;17.97;20.34;19
2026-09-29T04:40:29.000;2026-09-28T21:40:29.000;17.12;12.78;8.15;18.06;20.34;20
2026-09-29T04:50:43.000;2026-09-28T21:50:43.000;17.08;10.97;11.51;17.69;20.34;21
2026-09-29T05:00:56.000;2026-09-28T22:00:56.000;16.75;6.49;9.5;17.9;20.34;22
2026-09-29T05:11:10.000;2026-09-28T22:11:10.000;16.27;5.08;12.15;17.63;20.34;23
2026-09-29T05:21:23.000;2026-09-28T22:21:23.000;16.31;6.15;13.87;17.49;20.34;24
2026-09-29T05:31:37.000;2026-09-28T22:31:37.000;16.05;3.63;9.99;17.84;20.34;25
2026-09-29T05:41:50.000;2026-09-28T22:41:50.000;16.11;7.66;18.32;17.18;20.34;26
2026-09-29T05:52:04.000;2026-09-28T22:52:04.000;16.38;10.16;20.87;17.04;20.34;27
2026-09-29T06:02:18.000;2026-09-28T23:02:18.000;16.45;8.2;22.43;16.96;20.34;28
2026-09-29T06:12:32.000;2026-09-28T23:12:32.000;16.48;8.24;29.0;16.68;20.34;29
2026-09-29T06:22:45.000;2026-09-28T23:22:45.000;16.54;9.69;18.56;17.17;20.34;30
2026-09-29T06:32:59.000;2026-09-28T23:32:59.000;16.7;9.39;15.28;17.38;20.34;31
2026-09-29T06:43:12.000;2026-09-28T23:43:12.000;16.48;7.46;28.0;16.72;20.34;32
2026-09-29T06:53:26.000;2026-09-28T23:53:26.000;16.48;7.44;31.03;16.61;20.34;33
2026-09-29T07:03:39.000;2026-09-29T00:03:39.000;16.47;7.21;32.15;16.57;20.34;34
2026-09-29T07:13:53.000;2026-09-29T00:13:53.000;16.47;7.99;33.6;16.52;20.34;35
2026-09-29T07:24:07.000;2026-09-29T00:24:07.000;16.5;8.4;46.6;16.17;20.34;36
2026-09-29T07:34:21.000;2026-09-29T00:34:21.000;16.43;5.37;45.18;16.2;20.34;37
2026-09-29T07:44:36.000;2026-09-29T00:44:36.000;16.15;6.89;30.78;16.62;20.34;38
2026-09-29T07:54:50.000;2026-09-29T00:54:50.000;16.06;7.62;33.25;16.54;20.34;39
2026-09-29T08:05:03.000;2026-09-29T01:05:03.000;16.01;3.19;63.71;15.83;20.34;40
2026-09-29T08:15:17.000;2026-09-29T01:15:17.000;15.9;5.1;101.31;15.33;20.34;41
2026-09-29T08:25:30.000;2026-09-29T01:25:30.000;16.24;8.46;40.62;16.32;20.34;42
2026-09-29T08:35:45.000;2026-09-29T01:35:45.000;16.05;5.17;54.21;16.0;20.34;43
2026-09-29T08:45:59.000;2026-09-29T01:45:59.000;16.62;11.41;33.39;16.53;20.34;44
2026-09-29T08:56:12.000;2026-09-29T01:56:12.000;16.9;12.1;20.79;17.05;20.34;45
2026-09-29T09:06:26.000;2026-09-29T02:06:26.000;16.57;8.07;175.19;14.73;20.34;46
2026-09-29T09:16:40.000;2026-09-29T02:16:40.000;17.1;15.03;27.19;16.75;20.34;47
2026-09-29T09:26:54.000;2026-09-29T02:26:54.000;17.38;15.26;20.86;17.04;20.34;48
2026-09-29T09:37:09.000;2026-09-29T02:37:09.000;17.59;15.38;13.91;17.48;20.34;49
2026-09-29T09:47:22.000;2026-09-29T02:47:22.000;17.78;16.37;8.68;17.99;20.34;50
2026-09-29T09:57:36.000;2026-09-29T02:57:36.000;17.95;14.63;45.54;16.19;20.34;51
2026-09-29T10:07:50.000;2026-09-29T03:07:50.000;17.92;13.0;25.14;16.84;20.34;52
2026-09-29T10:18:04.000;2026-09-29T03:18:04.000;17.93;13.57;42.96;16.26;20.34;53
2026-09-29T10:28:18.000;2026-09-29T03:28:18.000;18.02;16.66;12.62;17.59;20.34;54
2026-09-29T10:38:34.000;2026-09-29T03:38:34.000;18.08;17.82;3.06;19.12;20.34;55
2026-09-29T10:48:47.000;2026-09-29T03:48:47.000;18.22;17.85;7.06;18.22;20.34;56
2026-09-29T10:59:00.000;2026-09-29T03:59:00.000;18.39;18.23;8.04;18.08;20.34;57
2026-09-29T11:09:14.000;2026-09-29T04:09:14.000;18.38;17.75;1.96;19.61;20.34;58
2026-09-29T11:19:27.000;2026-09-29T04:19:27.000;18.45;18.33;5.31;18.53;20.34;59
2026-09-29T11:29:41.000;2026-09-29T04:29:41.000;18.62;18.23;14.57;17.43;20.34;60
2026-09-29T11:39:54.000;2026-09-29T04:39:54.000;18.57;17.97;47.64;16.15;20.34;61
2026-09-29T11:50:08.000;2026-09-29T04:50:08.000;18.38;18.24;14.85;17.41;20.34;62
2026-09-29T12:00:22.000;2026-09-29T05:00:22.000;18.65;18.46;20.11;17.08;20.34;63
2026-09-29T12:10:36.000;2026-09-29T05:10:36.000;18.43;18.28;32.62;16.56;20.34;64
2026-09-29T12:20:49.000;2026-09-29T05:20:49.000;18.62;18.47;9.61;17.88;20.34;65
2026-09-29T12:31:03.000;2026-09-29T05:31:03.000;18.59;18.21;21.79;16.99;20.34;66
2026-09-29T12:41:17.000;2026-09-29T05:41:17.000;18.73;18.53;45.08;16.2;20.34;67
2026-09-29T12:51:31.000;2026-09-29T05:51:31.000;18.45;18.03;323.66;14.06;20.34;68
2026-09-29T13:01:44.000;2026-09-29T06:01:44.000;18.17;18.02;6040.66;10.89;20.34;69
2026-09-30T01:30:27.000;2026-09-29T18:30:27.000;17.49;-9.41;6086.88;10.88;20.34;1
2026-09-30T01:40:41.000;2026-09-29T18:40:41.000;17.9;-10.29;341.2;14.01;20.34;2
2026-09-30T01:50:55.000;2026-09-29T18:50:55.000;17.68;-10.03;35.5;16.46;20.34;3
2026-09-30T02:01:08.000;2026-09-29T19:01:08.000;17.66;-11.33;5.13;18.56;20.34;4
2026-09-30T02:11:22.000;2026-09-29T19:11:22.000;16.73;-11.55;0.93;20.42;20.34;5
2026-09-30T02:21:36.000;2026-09-29T19:21:36.000;16.83;-10.44;0.49;21.11;20.34;6
2026-09-30T02:31:49.000;2026-09-29T19:31:49.000;16.9;-10.91;0.34;21.52;20.34;7
2026-09-30T02:42:03.000;2026-09-29T19:42:03.000;16.6;-11.01;0.39;21.36;20.34;8
2026-09-30T02:52:17.000;2026-09-29T19:52:17.000;15.76;-10.62;0.32;21.56;20.34;9
2026-09-30T03:02:31.000;2026-09-29T20:02:31.000;15.45;-9.58;0.47;21.15;20.34;10
2026-09-30T03:12:44.000;2026-09-29T20:12:44.000;14.63;-10.03;0.63;20.85;20.34;11
2026-09-30T03:22:58.000;2026-09-29T20:22:58.000;14.49;-9.78;0.75;20.66;20.34;12
2026-09-30T03:33:12.000;2026-09-29T20:33:12.000;14.79;-9.7;0.82;20.55;20.34;13
2026-09-30T03:43:26.000;2026-09-29T20:43:26.000;14.9;-9.77;0.88;20.48;20.34;14
2026-09-30T03:53:40.000;2026-09-29T20:53:40.000;14.48;-9.79;1.02;20.32;20.34;15
2026-09-30T04:03:53.000;2026-09-29T21:03:53.000;13.97;-9.83;1.3;20.06;20.34;16
2026-09-30T04:14:07.000;2026-09-29T21:14:07.000;13.12;-9.92;1.49;19.91;20.34;17
2026-09-30T04:24:20.000;2026-09-29T21:24:20.000;12.13;-9.84;1.61;19.82;20.34;18
2026-09-30T04:34:32.000;2026-09-29T21:34:32.000;11.18;-9.53;1.77;19.72;20.34;19
2026-09-30T04:44:46.000;2026-09-29T21:44:46.000;11.6;-8.47;1.9;19.64;20.34;20
2026-09-30T04:55:00.000;2026-09-29T21:55:00.000;11.89;-8.83;1.97;19.61;20.34;21
2026-09-30T05:05:13.000;2026-09-29T22:05:13.000;11.49;-8.73;2.19;19.49;20.34;22
2026-09-30T05:15:27.000;2026-09-29T22:15:27.000;11.73;-8.45;2.39;19.39;20.34;23
2026-09-30T05:25:41.000;2026-09-29T22:25:41.000;11.74;-8.16;2.55;19.32;20.34;24
2026-09-30T05:35:54.000;2026-09-29T22:35:54.000;12.22;-7.96;2.75;19.24;20.34;25
2026-09-30T05:46:08.000;2026-09-29T22:46:08.000;12.52;-7.89;2.86;19.2;20.34;26
2026-09-30T05:56:22.000;2026-09-29T22:56:22.000;12.53;-8.34;2.98;19.15;20.34;27
2026-09-30T06:06:35.000;2026-09-29T23:06:35.000;12.97;-8.33;3.19;19.08;20.34;28
2026-09-30T06:16:49.000;2026-09-29T23:16:49.000;13.17;-8.12;3.79;18.89;20.34;29
2026-09-30T06:27:03.000;2026-09-29T23:27:03.000;13.38;-8.45;4.75;18.65;20.34;30
2026-09-30T06:37:17.000;2026-09-29T23:37:17.000;13.15;-9.04;5.9;18.41;20.34;31
2026-09-30T06:47:31.000;2026-09-29T23:47:31.000;11.91;-8.63;6.59;18.29;20.34;32
2026-09-30T06:57:44.000;2026-09-29T23:57:44.000;12.3;-8.99;6.58;18.29;20.34;33
2026-09-30T07:07:58.000;2026-09-30T00:07:58.000;12.05;-9.48;6.99;18.23;20.34;34
2026-09-30T07:18:11.000;2026-09-30T00:18:11.000;11.02;-9.07;7.94;18.09;20.34;35
2026-09-30T07:28:25.000;2026-09-30T00:28:25.000;10.76;-8.82;9.06;17.95;20.34;36
2026-09-30T07:38:39.000;2026-09-30T00:38:39.000;11.02;-8.78;11.01;17.74;20.34;37
2026-09-30T07:48:53.000;2026-09-30T00:48:53.000;11.21;-8.38;13.27;17.53;20.34;38
2026-09-30T07:59:06.000;2026-09-30T00:59:06.000;11.34;-9.19;15.97;17.33;20.34;39
2026-09-30T08:09:20.000;2026-09-30T01:09:20.000;10.96;-9.5;19.71;17.1;20.34;40
2026-09-30T08:19:34.000;2026-09-30T01:19:34.000;10.64;-9.38;24.54;16.87;20.34;41
2026-09-30T08:29:47.000;2026-09-30T01:29:47.000;11.73;7.43;22.3;16.97;20.34;42
2026-09-30T08:40:01.000;2026-09-30T01:40:01.000;12.25;-4.75;26.85;16.77;20.34;43
2026-09-30T08:50:15.000;2026-09-30T01:50:15.000;11.85;1.35;29.51;16.67;20.34;44
2026-09-30T09:00:29.000;2026-09-30T02:00:29.000;12.04;-2.09;84.31;15.53;20.34;45
2026-09-30T09:10:43.000;2026-09-30T02:10:43.000;12.02;-3.03;34.86;16.48;20.34;46
2026-09-30T09:20:57.000;2026-09-30T02:20:57.000;11.74;-7.33;127.7;15.07;20.34;47
