# Definition of the community standard for skyglow observations 1.0
# URL: http://www.darksky.org/NSBM/sdf1.0.pdf
# Number of header lines: 35
# This data is released under the following license: ODbL 1.0 http://opendatacommons.org/licenses/odbl/summary/
# Device type: TESS-WDL
# Instrument ID: stars1414
# Data supplier: None / None
# Location name: Vatican Advanced Technology Telescope / Safford / Arizona / Arizona / United States 
# Position: 32.7013, -109.892, None
# Local timezone: America/Phoenix
# Time Synchronization: timestamp added by MQTT subscriber
# Moving / Stationary position: STATIONARY
# Moving / Fixed look direction: FIXED
# Number of channels: 1
# Filters per channel: None
# Measurement direction per channel: (0.0, 0.0)
# Field of view: 17.0
# Number of fields per line: 8
# TESS MAC address: D0:EF:76:11:23:98
# TESS firmware version: Oct 17 2024 v4.32
# TESS cover offset value: 0.0
# TESS zero point: 20.34
# Comment:  
# Comment:
# Comment:
# Comment:
# Comment:
# Comment: Current Zero Point in the header corresponds to the UV/IR-cut channel
# Comment: MSAS = ZP - 2.5*log10(Frequency)
# blank line 30
# blank line 31
# blank line 32
# UTC Date & Time, Local Date & Time, Enclosure Temperature, Sky Temperature, Freq1, MSAS1, ZP1, Freq2, MSAS2, ZP2, Freq3,  MSAS3, ZP3, Freq4, MSAS4, ZP4, Sequence Number
# YYYY-MM-DDTHH:mm:ss.fff;YYYY-MM-DDTHH:mm:ss.fff;Celsius;Celsius;Hz;mag/arcsec^2;mag/arcsec^2;Hz;mag/arcsec^2;mag/arcsec^2;Hz;mag/arcsec^2;mag/arcsec^2;Hz;mag/arcsec^2;mag/arcsec^2; Multiple of Tx period
# END OF HEADER
2025-11-01T00:51:01.000;2025-10-31T17:51:01.000;21.23;8.66;9658.2;10.38;20.34;1
2025-11-01T01:01:20.000;2025-10-31T18:01:20.000;21.19;8.03;567.74;13.45;20.34;2
2025-11-01T01:11:34.000;2025-10-31T18:11:34.000;20.86;7.79;55.95;15.97;20.34;3
2025-11-01T01:21:51.000;2025-10-31T18:21:51.000;20.51;7.58;10.85;17.75;20.34;4
2025-11-01T01:32:13.000;2025-10-31T18:32:13.000;20.34;7.1;4.81;18.64;20.34;5
2025-11-01T01:42:29.000;2025-10-31T18:42:29.000;20.08;6.75;4.03;18.83;20.34;6
2025-11-01T02:33:59.000;2025-10-31T19:33:59.000;22.04;5.05;5.64;18.46;20.34;8
2025-11-01T03:26:07.000;2025-10-31T20:26:07.000;19.5;4.3;5.4;18.51;20.34;12
2025-11-01T04:01:40.000;2025-10-31T21:01:40.000;21.76;3.42;5.98;18.4;20.34;13
2025-11-01T04:12:14.000;2025-10-31T21:12:14.000;19.61;3.58;5.39;18.51;20.34;14
2025-11-01T04:22:27.000;2025-10-31T21:22:27.000;17.78;3.74;5.38;18.51;20.34;15
2025-11-01T04:43:09.000;2025-10-31T21:43:09.000;16.58;3.48;4.77;18.64;20.34;17
2025-11-01T05:03:51.000;2025-10-31T22:03:51.000;18.45;2.74;4.65;18.67;20.34;18
2025-11-01T19:26:43.000;2025-11-01T12:26:43.000;51.28;19.19;7967.45;10.59;20.34;1
2025-11-01T19:36:52.000;2025-11-01T12:36:52.000;38.35;20.92;2923.07;11.68;20.34;2
2025-11-02T00:54:54.000;2025-11-01T17:54:54.000;18.0;-10.7;3547.29;11.47;20.34;1
2025-11-02T01:05:09.000;2025-11-01T18:05:09.000;17.49;-12.13;274.41;14.24;20.34;2
2025-11-02T01:15:23.000;2025-11-01T18:15:23.000;16.89;-11.81;37.73;16.4;20.34;3
2025-11-02T01:25:36.000;2025-11-01T18:25:36.000;15.76;-12.01;8.74;17.99;20.34;4
2025-11-02T01:35:49.000;2025-11-01T18:35:49.000;15.12;-12.0;5.44;18.5;20.34;5
2025-11-02T01:46:04.000;2025-11-01T18:46:04.000;14.58;-12.06;5.26;18.54;20.34;6
2025-11-02T01:56:17.000;2025-11-01T18:56:17.000;14.59;-11.83;5.28;18.53;20.34;7
2025-11-02T02:06:31.000;2025-11-01T19:06:31.000;14.47;-11.96;5.28;18.53;20.34;8
2025-11-02T02:16:45.000;2025-11-01T19:16:45.000;15.1;-11.42;5.47;18.5;20.34;9
2025-11-02T02:26:59.000;2025-11-01T19:26:59.000;14.26;-12.32;5.57;18.48;20.34;10
2025-11-02T02:37:13.000;2025-11-01T19:37:13.000;13.85;-12.22;5.66;18.46;20.34;11
2025-11-02T02:47:26.000;2025-11-01T19:47:26.000;13.7;-12.23;5.75;18.44;20.34;12
2025-11-02T03:07:54.000;2025-11-01T20:07:54.000;13.54;-12.56;6.14;18.37;20.34;14
2025-11-02T03:18:08.000;2025-11-01T20:18:08.000;13.7;-12.44;6.29;18.34;20.34;15
2025-11-02T03:28:22.000;2025-11-01T20:28:22.000;14.0;-12.5;6.57;18.3;20.34;16
2025-11-02T03:38:37.000;2025-11-01T20:38:37.000;13.81;-12.66;6.77;18.26;20.34;17
2025-11-02T03:48:51.000;2025-11-01T20:48:51.000;13.47;-12.98;6.97;18.23;20.34;18
2025-11-02T03:59:05.000;2025-11-01T20:59:05.000;13.17;-12.76;6.91;18.24;20.34;19
2025-11-02T04:09:19.000;2025-11-01T21:09:19.000;13.33;-12.85;6.83;18.25;20.34;20
2025-11-02T04:19:33.000;2025-11-01T21:19:33.000;13.18;-12.49;6.91;18.24;20.34;21
2025-11-02T04:29:47.000;2025-11-01T21:29:47.000;13.41;-12.94;6.92;18.24;20.34;22
2025-11-02T04:40:01.000;2025-11-01T21:40:01.000;13.33;-12.79;6.96;18.23;20.34;23
2025-11-02T04:50:15.000;2025-11-01T21:50:15.000;13.19;-12.81;7.02;18.22;20.34;24
2025-11-02T05:00:29.000;2025-11-01T22:00:29.000;12.8;-12.9;7.3;18.18;20.34;25
2025-11-02T05:10:43.000;2025-11-01T22:10:43.000;12.6;-12.62;7.47;18.16;20.34;26
2025-11-02T05:20:58.000;2025-11-01T22:20:58.000;12.84;-12.9;7.56;18.14;20.34;27
2025-11-02T05:31:12.000;2025-11-01T22:31:12.000;12.51;-12.76;7.41;18.16;20.34;28
2025-11-02T05:41:28.000;2025-11-01T22:41:28.000;12.4;-12.64;7.42;18.16;20.34;29
2025-11-02T05:51:42.000;2025-11-01T22:51:42.000;12.38;-12.74;7.71;18.12;20.34;30
2025-11-02T06:01:57.000;2025-11-01T23:01:57.000;12.13;-12.93;7.03;18.22;20.34;31
2025-11-02T06:12:11.000;2025-11-01T23:12:11.000;12.17;-12.92;6.26;18.35;20.34;32
2025-11-02T06:22:25.000;2025-11-01T23:22:25.000;11.26;-13.33;5.63;18.46;20.34;33
2025-11-02T06:32:39.000;2025-11-01T23:32:39.000;11.4;-13.35;4.83;18.63;20.34;34
2025-11-02T06:42:54.000;2025-11-01T23:42:54.000;11.21;-12.82;4.18;18.79;20.34;35
2025-11-02T06:53:08.000;2025-11-01T23:53:08.000;11.05;-13.43;3.85;18.88;20.34;36
2025-11-02T07:03:22.000;2025-11-02T00:03:22.000;10.1;-13.47;3.7;18.92;20.34;37
2025-11-02T07:13:38.000;2025-11-02T00:13:38.000;10.03;-13.4;3.61;18.95;20.34;38
2025-11-02T07:23:52.000;2025-11-02T00:23:52.000;9.45;-13.45;3.47;18.99;20.34;39
2025-11-02T07:34:06.000;2025-11-02T00:34:06.000;9.85;-13.45;3.28;19.05;20.34;40
2025-11-02T07:44:20.000;2025-11-02T00:44:20.000;9.66;-13.53;3.11;19.11;20.34;41
2025-11-02T07:54:34.000;2025-11-02T00:54:34.000;9.68;-13.46;2.92;19.18;20.34;42
2025-11-02T08:04:48.000;2025-11-02T01:04:48.000;9.5;-13.83;2.66;19.28;20.34;43
2025-11-02T08:15:02.000;2025-11-02T01:15:02.000;9.26;-13.54;2.2;19.48;20.34;44
2025-11-02T08:25:16.000;2025-11-02T01:25:16.000;9.32;-13.8;2.16;19.5;20.34;45
2025-11-02T08:35:30.000;2025-11-02T01:35:30.000;9.36;-13.47;1.7;19.76;20.34;46
2025-11-02T08:45:44.000;2025-11-02T01:45:44.000;9.3;-13.48;1.26;20.09;20.34;47
2025-11-02T08:55:58.000;2025-11-02T01:55:58.000;9.5;-13.2;1.22;20.12;20.34;48
2025-11-02T09:06:13.000;2025-11-02T02:06:13.000;9.66;-13.57;1.22;20.12;20.34;49
2025-11-02T09:16:28.000;2025-11-02T02:16:28.000;9.64;-13.71;1.15;20.19;20.34;50
2025-11-02T09:26:42.000;2025-11-02T02:26:42.000;9.31;-13.74;1.14;20.2;20.34;51
2025-11-02T09:36:56.000;2025-11-02T02:36:56.000;9.13;-13.63;1.2;20.14;20.34;52
2025-11-02T09:47:10.000;2025-11-02T02:47:10.000;8.93;-13.63;0.98;20.36;20.34;53
2025-11-02T09:57:25.000;2025-11-02T02:57:25.000;8.67;-13.76;0.91;20.44;20.34;54
2025-11-02T10:07:39.000;2025-11-02T03:07:39.000;9.07;-13.85;0.76;20.64;20.34;55
2025-11-02T10:17:54.000;2025-11-02T03:17:54.000;9.31;-13.85;0.62;20.86;20.34;56
2025-11-02T10:28:08.000;2025-11-02T03:28:08.000;9.15;-13.39;0.51;21.07;20.34;57
2025-11-02T10:38:22.000;2025-11-02T03:38:22.000;9.13;-14.36;0.4;21.34;20.34;58
2025-11-02T10:48:36.000;2025-11-02T03:48:36.000;9.16;-13.89;0.39;21.37;20.34;59
2025-11-02T10:58:50.000;2025-11-02T03:58:50.000;9.18;-13.89;0.39;21.37;20.34;60
2025-11-02T11:09:04.000;2025-11-02T04:09:04.000;9.62;-13.96;0.39;21.36;20.34;61
2025-11-02T11:19:18.000;2025-11-02T04:19:18.000;10.79;-14.01;0.33;21.55;20.34;62
2025-11-02T11:29:33.000;2025-11-02T04:29:33.000;11.42;-13.73;0.42;21.29;20.34;63
2025-11-02T11:39:47.000;2025-11-02T04:39:47.000;10.69;-14.2;0.42;21.29;20.34;64
2025-11-02T11:50:01.000;2025-11-02T04:50:01.000;9.88;-14.16;0.46;21.18;20.34;65
2025-11-02T12:00:15.000;2025-11-02T05:00:15.000;9.95;-13.78;0.41;21.32;20.34;66
2025-11-02T12:10:29.000;2025-11-02T05:10:29.000;9.77;-13.68;0.4;21.32;20.34;67
2025-11-02T12:20:44.000;2025-11-02T05:20:44.000;9.91;-13.71;0.32;21.58;20.34;68
2025-11-02T12:30:58.000;2025-11-02T05:30:58.000;9.26;-14.25;0.42;21.28;20.34;69
2025-11-02T12:41:12.000;2025-11-02T05:41:12.000;9.5;-13.39;1.02;20.31;20.34;70
2025-11-02T12:51:26.000;2025-11-02T05:51:26.000;9.68;-13.65;5.99;18.4;20.34;71
2025-11-02T13:01:41.000;2025-11-02T06:01:41.000;9.8;-14.15;39.83;16.34;20.34;72
2025-11-02T13:11:55.000;2025-11-02T06:11:55.000;9.53;-13.41;330.88;14.04;20.34;73
2025-11-03T00:51:52.000;2025-11-02T17:51:52.000;16.17;-7.74;4863.81;11.12;20.34;1
2025-11-03T01:02:05.000;2025-11-02T18:02:05.000;16.68;-7.89;328.91;14.05;20.34;2
2025-11-03T01:23:04.000;2025-11-02T18:23:04.000;17.1;-7.74;9.53;17.89;20.34;4
2025-11-03T01:33:19.000;2025-11-02T18:33:19.000;17.84;-8.46;6.58;18.29;20.34;5
2025-11-03T01:43:34.000;2025-11-02T18:43:34.000;17.39;-8.38;6.85;18.25;20.34;6
2025-11-03T01:53:48.000;2025-11-02T18:53:48.000;17.07;-9.07;7.1;18.21;20.34;7
2025-11-03T02:04:02.000;2025-11-02T19:04:02.000;16.55;-9.38;7.3;18.18;20.34;8
2025-11-03T02:14:16.000;2025-11-02T19:14:16.000;16.45;-9.33;7.32;18.18;20.34;9
2025-11-03T02:24:30.000;2025-11-02T19:24:30.000;16.32;-9.34;7.48;18.16;20.34;10
2025-11-03T02:34:44.000;2025-11-02T19:34:44.000;15.95;-9.27;7.74;18.12;20.34;11
2025-11-03T02:44:58.000;2025-11-02T19:44:58.000;15.61;-9.42;7.85;18.1;20.34;12
2025-11-03T02:55:13.000;2025-11-02T19:55:13.000;15.44;-9.45;8.18;18.06;20.34;13
2025-11-03T03:05:27.000;2025-11-02T20:05:27.000;15.38;-9.42;8.76;17.98;20.34;14
2025-11-03T03:15:41.000;2025-11-02T20:15:41.000;15.59;-9.43;9.62;17.88;20.34;15
2025-11-03T03:25:57.000;2025-11-02T20:25:57.000;15.65;-9.4;10.26;17.81;20.34;16
2025-11-03T03:36:12.000;2025-11-02T20:36:12.000;15.34;-9.69;10.84;17.75;20.34;17
2025-11-03T03:46:25.000;2025-11-02T20:46:25.000;14.75;-9.67;12.02;17.64;20.34;18
2025-11-03T03:56:39.000;2025-11-02T20:56:39.000;14.66;-9.49;13.13;17.54;20.34;19
2025-11-03T04:06:53.000;2025-11-02T21:06:53.000;14.61;-9.63;13.99;17.48;20.34;20
2025-11-03T04:17:07.000;2025-11-02T21:17:07.000;14.61;-9.6;14.94;17.4;20.34;21
2025-11-03T04:27:21.000;2025-11-02T21:27:21.000;14.44;-9.92;15.66;17.35;20.34;22
2025-11-03T04:37:35.000;2025-11-02T21:37:35.000;14.21;-9.83;16.17;17.32;20.34;23
2025-11-03T04:47:49.000;2025-11-02T21:47:49.000;14.21;-9.85;16.05;17.33;20.34;24
2025-11-03T04:58:04.000;2025-11-02T21:58:04.000;13.89;-9.84;15.7;17.35;20.34;25
2025-11-03T05:08:18.000;2025-11-02T22:08:18.000;12.93;-10.48;15.67;17.35;20.34;26
2025-11-03T05:18:34.000;2025-11-02T22:18:34.000;12.42;-9.74;15.21;17.38;20.34;27
2025-11-03T05:28:48.000;2025-11-02T22:28:48.000;12.21;-9.84;14.42;17.44;20.34;28
2025-11-03T05:39:03.000;2025-11-02T22:39:03.000;12.77;-10.33;13.78;17.49;20.34;29
2025-11-03T05:49:17.000;2025-11-02T22:49:17.000;12.84;-10.08;12.89;17.56;20.34;30
2025-11-03T05:59:31.000;2025-11-02T22:59:31.000;12.59;-10.56;12.19;17.62;20.34;31
2025-11-03T06:09:45.000;2025-11-02T23:09:45.000;12.16;-10.29;11.35;17.7;20.34;32
2025-11-03T06:19:59.000;2025-11-02T23:19:59.000;11.97;-10.16;11.01;17.74;20.34;33
2025-11-03T06:30:13.000;2025-11-02T23:30:13.000;12.5;-10.15;10.85;17.75;20.34;34
2025-11-03T06:40:27.000;2025-11-02T23:40:27.000;11.97;-10.32;11.15;17.72;20.34;35
2025-11-03T06:50:41.000;2025-11-02T23:50:41.000;11.83;-10.39;11.37;17.7;20.34;36
2025-11-03T07:00:55.000;2025-11-03T00:00:55.000;11.7;-10.19;11.28;17.71;20.34;37
2025-11-03T07:11:09.000;2025-11-03T00:11:09.000;12.13;-10.65;11.15;17.72;20.34;38
2025-11-03T07:21:24.000;2025-11-03T00:21:24.000;11.85;-10.74;11.0;17.74;20.34;39
2025-11-03T07:31:38.000;2025-11-03T00:31:38.000;11.64;-10.76;9.53;17.89;20.34;40
2025-11-03T07:41:52.000;2025-11-03T00:41:52.000;11.24;-10.97;8.19;18.06;20.34;41
2025-11-03T07:52:06.000;2025-11-03T00:52:06.000;11.67;-11.06;6.87;18.25;20.34;42
2025-11-03T08:02:20.000;2025-11-03T01:02:20.000;11.54;-11.31;5.98;18.4;20.34;43
2025-11-03T08:12:34.000;2025-11-03T01:12:34.000;11.5;-11.1;5.52;18.49;20.34;44
2025-11-03T08:22:49.000;2025-11-03T01:22:49.000;11.43;-11.54;5.22;18.55;20.34;45
2025-11-03T08:33:02.000;2025-11-03T01:33:02.000;10.97;-11.41;4.95;18.6;20.34;46
2025-11-03T08:43:16.000;2025-11-03T01:43:16.000;10.32;-11.93;4.68;18.66;20.34;47
2025-11-03T08:53:30.000;2025-11-03T01:53:30.000;10.1;-11.19;4.45;18.72;20.34;48
2025-11-03T09:03:45.000;2025-11-03T02:03:45.000;10.33;-11.88;3.93;18.86;20.34;49
2025-11-03T09:13:59.000;2025-11-03T02:13:59.000;10.44;-11.17;3.5;18.98;20.34;50
2025-11-03T09:24:14.000;2025-11-03T02:24:14.000;10.16;-11.63;2.7;19.26;20.34;51
2025-11-03T09:34:28.000;2025-11-03T02:34:28.000;10.04;-11.69;2.17;19.5;20.34;52
2025-11-03T09:44:42.000;2025-11-03T02:44:42.000;10.19;-12.04;2.13;19.52;20.34;53
2025-11-03T09:54:57.000;2025-11-03T02:54:57.000;10.23;-11.83;2.04;19.57;20.34;54
2025-11-03T10:05:11.000;2025-11-03T03:05:11.000;10.01;-11.67;2.0;19.59;20.34;55
2025-11-03T10:15:25.000;2025-11-03T03:15:25.000;10.1;-11.61;1.91;19.64;20.34;56
2025-11-03T10:25:40.000;2025-11-03T03:25:40.000;10.06;-11.93;1.8;19.7;20.34;57
2025-11-03T10:35:54.000;2025-11-03T03:35:54.000;10.0;-12.68;1.69;19.77;20.34;58
2025-11-03T10:46:09.000;2025-11-03T03:46:09.000;10.0;-12.68;1.38;19.99;20.34;59
2025-11-03T10:56:23.000;2025-11-03T03:56:23.000;9.59;-12.32;1.41;19.97;20.34;60
2025-11-03T11:06:36.000;2025-11-03T04:06:36.000;9.42;-12.27;1.1;20.23;20.34;61
2025-11-03T11:16:51.000;2025-11-03T04:16:51.000;9.54;-12.27;0.89;20.47;20.34;62
2025-11-03T11:27:05.000;2025-11-03T04:27:05.000;10.11;-12.22;0.57;20.96;20.34;63
2025-11-03T11:37:20.000;2025-11-03T04:37:20.000;9.79;-12.63;0.55;20.98;20.34;64
2025-11-03T11:47:34.000;2025-11-03T04:47:34.000;10.42;-12.33;0.43;21.25;20.34;65
2025-11-03T11:57:49.000;2025-11-03T04:57:49.000;10.93;-12.35;0.43;21.25;20.34;66
2025-11-03T12:08:03.000;2025-11-03T05:08:03.000;11.29;-12.33;0.43;21.25;20.34;67
2025-11-03T12:18:17.000;2025-11-03T05:18:17.000;11.29;-12.19;0.44;21.24;20.34;68
2025-11-03T12:28:32.000;2025-11-03T05:28:32.000;12.0;-12.6;0.54;21.02;20.34;69
2025-11-03T12:38:46.000;2025-11-03T05:38:46.000;12.49;-11.9;0.82;20.56;20.34;70
2025-11-03T12:49:00.000;2025-11-03T05:49:00.000;13.32;-12.6;3.73;18.91;20.34;71
2025-11-03T12:59:15.000;2025-11-03T05:59:15.000;12.45;-12.46;23.61;16.91;20.34;72
2025-11-03T13:09:29.000;2025-11-03T06:09:29.000;11.37;-12.91;164.73;14.8;20.34;73
2025-11-03T13:19:42.000;2025-11-03T06:19:42.000;10.76;-12.43;1917.46;12.13;20.34;74
2025-11-04T00:51:54.000;2025-11-03T17:51:54.000;17.78;-7.83;4236.01;11.27;20.34;1
2025-11-04T01:02:09.000;2025-11-03T18:02:09.000;18.78;-8.12;349.47;13.98;20.34;2
2025-11-04T01:12:23.000;2025-11-03T18:12:23.000;19.31;-8.1;42.76;16.26;20.34;3
2025-11-04T01:22:37.000;2025-11-03T18:22:37.000;19.31;-8.83;12.13;17.63;20.34;4
2025-11-04T01:32:52.000;2025-11-03T18:32:52.000;19.43;-8.53;6.86;18.25;20.34;5
2025-11-04T01:43:05.000;2025-11-03T18:43:05.000;18.45;-9.02;6.82;18.26;20.34;6
2025-11-04T01:53:19.000;2025-11-03T18:53:19.000;17.79;-7.85;9.34;17.91;20.34;7
2025-11-04T02:03:33.000;2025-11-03T19:03:33.000;17.49;-7.87;12.87;17.57;20.34;8
2025-11-04T02:13:47.000;2025-11-03T19:13:47.000;17.1;-8.14;13.02;17.55;20.34;9
2025-11-04T02:24:01.000;2025-11-03T19:24:01.000;17.34;-6.78;15.6;17.36;20.34;10
2025-11-04T02:34:16.000;2025-11-03T19:34:16.000;17.51;-6.09;21.32;17.02;20.34;11
2025-11-04T02:44:30.000;2025-11-03T19:44:30.000;17.57;-5.16;22.52;16.96;20.34;12
2025-11-04T02:54:44.000;2025-11-03T19:54:44.000;17.52;-6.3;19.44;17.12;20.34;13
2025-11-04T03:04:57.000;2025-11-03T20:04:57.000;16.09;-7.72;16.2;17.32;20.34;14
2025-11-04T03:15:11.000;2025-11-03T20:15:11.000;15.99;-5.73;25.2;16.84;20.34;15
2025-11-04T03:25:27.000;2025-11-03T20:25:27.000;15.43;-7.27;22.56;16.96;20.34;16
2025-11-04T03:35:40.000;2025-11-03T20:35:40.000;15.1;-8.94;14.43;17.44;20.34;17
2025-11-04T03:45:54.000;2025-11-03T20:45:54.000;14.63;-10.0;16.48;17.3;20.34;18
2025-11-04T03:56:08.000;2025-11-03T20:56:08.000;14.29;-9.79;19.22;17.13;20.34;19
2025-11-04T04:06:22.000;2025-11-03T21:06:22.000;14.28;-9.62;22.73;16.95;20.34;20
2025-11-04T04:16:36.000;2025-11-03T21:16:36.000;13.82;-9.66;28.63;16.7;20.34;21
2025-11-04T04:26:50.000;2025-11-03T21:26:50.000;13.44;-9.92;29.29;16.67;20.34;22
2025-11-04T04:37:04.000;2025-11-03T21:37:04.000;13.59;-10.45;32.16;16.57;20.34;23
2025-11-04T04:47:19.000;2025-11-03T21:47:19.000;13.41;-10.76;38.63;16.37;20.34;24
2025-11-04T04:57:33.000;2025-11-03T21:57:33.000;12.97;-10.83;40.66;16.32;20.34;25
2025-11-04T05:07:47.000;2025-11-03T22:07:47.000;12.5;-10.9;42.79;16.26;20.34;26
2025-11-04T05:18:00.000;2025-11-03T22:18:00.000;11.83;-11.63;43.78;16.24;20.34;27
2025-11-04T05:28:14.000;2025-11-03T22:28:14.000;11.83;-11.24;44.03;16.23;20.34;28
2025-11-04T05:38:29.000;2025-11-03T22:38:29.000;12.02;-11.67;43.06;16.25;20.34;29
2025-11-04T05:48:43.000;2025-11-03T22:48:43.000;11.84;-11.48;45.95;16.18;20.34;30
2025-11-04T05:58:58.000;2025-11-03T22:58:58.000;11.79;-11.54;41.56;16.29;20.34;31
2025-11-04T06:09:12.000;2025-11-03T23:09:12.000;11.73;-11.6;38.38;16.38;20.34;32
2025-11-04T06:19:26.000;2025-11-03T23:19:26.000;11.66;-11.25;38.75;16.37;20.34;33
2025-11-04T06:29:41.000;2025-11-03T23:29:41.000;11.81;-11.35;34.23;16.5;20.34;34
2025-11-04T06:39:55.000;2025-11-03T23:39:55.000;11.77;-11.23;35.76;16.46;20.34;35
2025-11-04T06:50:09.000;2025-11-03T23:50:09.000;12.54;-10.34;29.54;16.66;20.34;36
2025-11-04T07:00:24.000;2025-11-04T00:00:24.000;12.73;-11.6;31.94;16.58;20.34;37
2025-11-04T07:10:38.000;2025-11-04T00:10:38.000;12.73;-11.74;23.47;16.91;20.34;38
2025-11-04T07:20:52.000;2025-11-04T00:20:52.000;12.64;-10.34;31.15;16.61;20.34;39
2025-11-04T07:31:06.000;2025-11-04T00:31:06.000;12.72;-11.43;19.58;17.11;20.34;40
2025-11-04T07:41:20.000;2025-11-04T00:41:20.000;12.16;-12.26;18.2;17.19;20.34;41
2025-11-04T07:51:34.000;2025-11-04T00:51:34.000;11.7;-11.71;19.96;17.09;20.34;42
2025-11-04T08:01:48.000;2025-11-04T01:01:48.000;12.22;-12.18;16.87;17.27;20.34;43
2025-11-04T08:12:02.000;2025-11-04T01:12:02.000;11.99;-12.56;16.75;17.28;20.34;44
2025-11-04T08:22:16.000;2025-11-04T01:22:16.000;11.85;-12.19;20.92;17.04;20.34;45
2025-11-04T08:32:30.000;2025-11-04T01:32:30.000;11.9;-12.72;16.52;17.3;20.34;46
2025-11-04T08:42:44.000;2025-11-04T01:42:44.000;11.86;-12.8;15.31;17.38;20.34;47
2025-11-04T08:52:58.000;2025-11-04T01:52:58.000;12.13;-12.79;13.03;17.55;20.34;48
2025-11-04T09:03:13.000;2025-11-04T02:03:13.000;13.79;-13.31;10.4;17.8;20.34;49
2025-11-04T09:13:29.000;2025-11-04T02:13:29.000;14.06;-13.87;8.92;17.96;20.34;50
2025-11-04T09:23:43.000;2025-11-04T02:23:43.000;13.0;-14.6;7.94;18.09;20.34;51
2025-11-04T09:33:56.000;2025-11-04T02:33:56.000;11.95;-14.17;7.32;18.18;20.34;52
2025-11-04T09:44:10.000;2025-11-04T02:44:10.000;11.61;-14.42;6.76;18.27;20.34;53
2025-11-04T09:54:23.000;2025-11-04T02:54:23.000;11.27;-14.5;6.48;18.31;20.34;54
2025-11-04T10:04:37.000;2025-11-04T03:04:37.000;10.64;-14.43;6.11;18.38;20.34;55
2025-11-04T10:14:51.000;2025-11-04T03:14:51.000;10.75;-14.36;5.61;18.47;20.34;56
2025-11-04T10:40:29.000;2025-11-04T03:40:29.000;12.44;-15.12;2.79;19.23;20.34;58
2025-11-04T10:50:42.000;2025-11-04T03:50:42.000;11.63;-15.04;2.67;19.28;20.34;59
2025-11-04T11:00:56.000;2025-11-04T04:00:56.000;11.32;-15.04;2.58;19.31;20.34;60
2025-11-04T11:11:10.000;2025-11-04T04:11:10.000;10.75;-15.37;2.49;19.35;20.34;61
2025-11-04T11:21:24.000;2025-11-04T04:21:24.000;10.58;-15.29;2.4;19.39;20.34;62
2025-11-04T11:31:38.000;2025-11-04T04:31:38.000;10.66;-15.26;2.35;19.41;20.34;63
2025-11-04T11:41:54.000;2025-11-04T04:41:54.000;10.74;-15.01;2.34;19.42;20.34;64
2025-11-04T11:52:09.000;2025-11-04T04:52:09.000;12.75;-13.94;2.07;19.55;20.34;65
2025-11-04T12:02:24.000;2025-11-04T05:02:24.000;12.25;-15.22;1.91;19.63;20.34;66
2025-11-04T12:12:39.000;2025-11-04T05:12:39.000;11.9;-15.11;1.65;19.8;20.34;67
2025-11-04T12:22:52.000;2025-11-04T05:22:52.000;11.5;-15.21;1.19;20.15;20.34;68
2025-11-04T12:33:06.000;2025-11-04T05:33:06.000;11.08;-15.3;0.98;20.36;20.34;69
2025-11-04T12:43:20.000;2025-11-04T05:43:20.000;10.72;-15.77;1.42;19.96;20.34;70
2025-11-04T12:53:34.000;2025-11-04T05:53:34.000;10.13;-15.57;5.74;18.44;20.34;71
2025-11-04T13:03:47.000;2025-11-04T06:03:47.000;9.74;-15.42;37.33;16.41;20.34;72
2025-11-04T13:14:01.000;2025-11-04T06:14:01.000;9.77;-15.17;329.03;14.05;20.34;73
2025-11-05T00:58:03.000;2025-11-04T17:58:03.000;16.81;-11.84;1964.23;12.11;20.34;1
2025-11-05T01:08:23.000;2025-11-04T18:08:23.000;17.01;-12.06;84.55;15.52;20.34;2
2025-11-05T01:18:36.000;2025-11-04T18:18:36.000;16.33;-11.71;16.99;17.26;20.34;3
2025-11-05T01:28:50.000;2025-11-04T18:28:50.000;16.09;-12.22;7.72;18.12;20.34;4
2025-11-05T01:39:04.000;2025-11-04T18:39:04.000;16.01;-12.14;6.92;18.24;20.34;5
2025-11-05T01:49:18.000;2025-11-04T18:49:18.000;15.95;-12.13;7.41;18.17;20.34;6
2025-11-05T01:59:32.000;2025-11-04T18:59:32.000;15.81;-11.94;7.84;18.1;20.34;7
2025-11-05T02:09:46.000;2025-11-04T19:09:46.000;15.72;-12.09;8.46;18.02;20.34;8
2025-11-05T02:20:01.000;2025-11-04T19:20:01.000;15.63;-12.07;9.02;17.95;20.34;9
2025-11-05T02:30:15.000;2025-11-04T19:30:15.000;15.21;-12.69;9.78;17.86;20.34;10
2025-11-05T02:40:29.000;2025-11-04T19:40:29.000;14.63;-12.75;11.28;17.71;20.34;11
2025-11-05T02:50:43.000;2025-11-04T19:50:43.000;13.56;-14.08;13.6;17.51;20.34;12
2025-11-05T03:00:57.000;2025-11-04T20:00:57.000;13.18;-13.71;14.8;17.41;20.34;13
2025-11-05T03:11:11.000;2025-11-04T20:11:11.000;13.51;-13.17;14.64;17.43;20.34;14
2025-11-05T03:21:25.000;2025-11-04T20:21:25.000;13.75;-13.45;14.73;17.42;20.34;15
2025-11-05T03:31:40.000;2025-11-04T20:31:40.000;13.77;-13.43;15.31;17.38;20.34;16
2025-11-05T03:41:54.000;2025-11-04T20:41:54.000;13.93;-13.31;15.98;17.33;20.34;17
2025-11-05T03:52:08.000;2025-11-04T20:52:08.000;14.0;-13.53;17.62;17.23;20.34;18
2025-11-05T04:02:22.000;2025-11-04T21:02:22.000;12.52;-13.85;19.7;17.1;20.34;19
2025-11-05T04:12:36.000;2025-11-04T21:12:36.000;11.91;-13.78;22.15;16.98;20.34;20
2025-11-05T04:22:50.000;2025-11-04T21:22:50.000;11.6;-13.19;25.34;16.83;20.34;21
2025-11-05T04:33:04.000;2025-11-04T21:33:04.000;11.8;-13.49;29.61;16.66;20.34;22
2025-11-05T04:43:19.000;2025-11-04T21:43:19.000;12.07;-13.54;35.3;16.47;20.34;23
2025-11-05T04:53:33.000;2025-11-04T21:53:33.000;12.11;-13.34;40.78;16.31;20.34;24
2025-11-05T05:03:48.000;2025-11-04T22:03:48.000;11.96;-13.77;48.07;16.14;20.34;25
2025-11-05T05:14:02.000;2025-11-04T22:14:02.000;12.19;-14.03;73.59;15.67;20.34;26
2025-11-05T05:24:16.000;2025-11-04T22:24:16.000;11.83;-14.31;98.06;15.36;20.34;27
2025-11-05T05:34:31.000;2025-11-04T22:34:31.000;12.18;-13.81;117.36;15.17;20.34;28
2025-11-05T05:44:45.000;2025-11-04T22:44:45.000;12.24;-15.07;130.05;15.05;20.34;29
2025-11-05T05:55:00.000;2025-11-04T22:55:00.000;12.21;-15.44;155.89;14.86;20.34;30
2025-11-05T06:05:14.000;2025-11-04T23:05:14.000;11.58;-15.09;199.74;14.59;20.34;31
2025-11-05T06:15:27.000;2025-11-04T23:15:27.000;11.5;-15.02;244.95;14.37;20.34;32
2025-11-05T06:25:42.000;2025-11-04T23:25:42.000;11.55;-14.74;249.17;14.35;20.34;33
2025-11-05T06:35:56.000;2025-11-04T23:35:56.000;12.24;-14.51;230.37;14.43;20.34;34
2025-11-05T06:46:11.000;2025-11-04T23:46:11.000;12.11;-14.99;181.51;14.69;20.34;35
2025-11-05T06:56:25.000;2025-11-04T23:56:25.000;12.34;-15.11;141.17;14.97;20.34;36
2025-11-05T07:06:38.000;2025-11-05T00:06:38.000;11.88;-15.24;121.4;15.13;20.34;37
2025-11-05T07:16:52.000;2025-11-05T00:16:52.000;11.46;-15.11;102.75;15.31;20.34;38
2025-11-05T07:27:06.000;2025-11-05T00:27:06.000;11.22;-14.68;86.38;15.5;20.34;39
2025-11-05T07:37:22.000;2025-11-05T00:37:22.000;11.97;-15.32;74.2;15.66;20.34;40
2025-11-05T07:47:37.000;2025-11-05T00:47:37.000;11.53;-15.7;60.37;15.89;20.34;41
2025-11-05T07:57:51.000;2025-11-05T00:57:51.000;10.93;-16.04;52.61;16.04;20.34;42
2025-11-05T08:08:05.000;2025-11-05T01:08:05.000;10.63;-15.33;45.61;16.19;20.34;43
2025-11-05T08:18:20.000;2025-11-05T01:18:20.000;11.26;-15.43;39.49;16.35;20.34;44
2025-11-05T08:28:34.000;2025-11-05T01:28:34.000;11.62;-14.75;34.39;16.5;20.34;45
2025-11-05T08:38:48.000;2025-11-05T01:38:48.000;11.68;-15.45;31.44;16.6;20.34;46
2025-11-05T08:49:02.000;2025-11-05T01:49:02.000;11.67;-14.63;27.95;16.72;20.34;47
2025-11-05T08:59:17.000;2025-11-05T01:59:17.000;12.01;-14.73;24.64;16.86;20.34;48
2025-11-05T09:09:31.000;2025-11-05T02:09:31.000;12.47;-14.74;23.39;16.92;20.34;49
2025-11-05T09:19:45.000;2025-11-05T02:19:45.000;11.72;-15.06;23.7;16.9;20.34;50
2025-11-05T09:29:59.000;2025-11-05T02:29:59.000;11.04;-14.95;24.4;16.87;20.34;51
2025-11-05T09:40:13.000;2025-11-05T02:40:13.000;10.59;-15.07;23.7;16.9;20.34;52
2025-11-05T09:50:27.000;2025-11-05T02:50:27.000;10.12;-15.0;23.95;16.89;20.34;53
2025-11-05T10:00:41.000;2025-11-05T03:00:41.000;9.99;-14.98;21.09;17.03;20.34;54
2025-11-05T10:10:55.000;2025-11-05T03:10:55.000;10.64;-15.21;16.98;17.27;20.34;55
2025-11-05T10:21:09.000;2025-11-05T03:21:09.000;10.48;-14.64;13.2;17.54;20.34;56
2025-11-05T10:51:52.000;2025-11-05T03:51:52.000;10.12;-14.65;10.53;17.78;20.34;59
2025-11-05T11:02:06.000;2025-11-05T04:02:06.000;10.04;-14.6;9.98;17.84;20.34;60
2025-11-05T11:12:20.000;2025-11-05T04:12:20.000;10.0;-14.49;9.36;17.91;20.34;61
2025-11-05T11:22:34.000;2025-11-05T04:22:34.000;10.12;-14.83;8.77;17.98;20.34;62
2025-11-05T11:32:48.000;2025-11-05T04:32:48.000;10.17;-15.03;8.0;18.08;20.34;63
2025-11-05T11:43:02.000;2025-11-05T04:43:02.000;10.13;-14.93;7.4;18.17;20.34;64
2025-11-05T11:53:16.000;2025-11-05T04:53:16.000;10.07;-14.98;5.51;18.49;20.34;65
2025-11-05T12:03:32.000;2025-11-05T05:03:32.000;10.37;-14.57;4.49;18.71;20.34;66
2025-11-05T12:13:46.000;2025-11-05T05:13:46.000;10.62;-14.79;5.21;18.55;20.34;67
2025-11-05T12:24:00.000;2025-11-05T05:24:00.000;10.85;-14.34;5.21;18.55;20.34;68
2025-11-05T12:34:14.000;2025-11-05T05:34:14.000;10.42;-14.73;4.74;18.65;20.34;69
2025-11-05T12:44:28.000;2025-11-05T05:44:28.000;10.03;-15.03;4.84;18.63;20.34;70
2025-11-05T12:54:42.000;2025-11-05T05:54:42.000;10.47;-14.53;9.78;17.86;20.34;71
2025-11-05T13:05:00.000;2025-11-05T06:05:00.000;10.1;-15.15;47.84;16.14;20.34;72
2025-11-05T13:15:14.000;2025-11-05T06:15:14.000;9.7;-14.88;390.89;13.86;20.34;73
2025-11-06T00:52:06.000;2025-11-05T17:52:06.000;16.31;-9.03;3682.57;11.42;20.34;1
2025-11-06T01:02:21.000;2025-11-05T18:02:21.000;16.71;-9.2;238.74;14.4;20.34;2
2025-11-06T01:12:35.000;2025-11-05T18:12:35.000;16.44;-9.11;31.88;16.58;20.34;3
2025-11-06T01:22:49.000;2025-11-05T18:22:49.000;16.58;-9.03;7.32;18.18;20.34;4
2025-11-06T01:33:02.000;2025-11-05T18:33:02.000;16.4;-9.09;4.56;18.69;20.34;5
2025-11-06T01:43:16.000;2025-11-05T18:43:16.000;16.57;-9.21;4.56;18.69;20.34;6
2025-11-06T01:53:31.000;2025-11-05T18:53:31.000;16.8;-9.18;4.98;18.6;20.34;7
2025-11-06T02:03:45.000;2025-11-05T19:03:45.000;16.68;-9.08;5.53;18.48;20.34;8
2025-11-06T02:13:59.000;2025-11-05T19:13:59.000;16.67;-9.35;6.01;18.39;20.34;9
2025-11-06T02:24:13.000;2025-11-05T19:24:13.000;16.76;-9.29;6.62;18.29;20.34;10
2025-11-06T02:34:27.000;2025-11-05T19:34:27.000;15.79;-9.84;7.04;18.22;20.34;11
2025-11-06T02:44:41.000;2025-11-05T19:44:41.000;15.02;-9.81;7.56;18.14;20.34;12
2025-11-06T02:54:54.000;2025-11-05T19:54:54.000;14.87;-9.78;8.03;18.08;20.34;13
2025-11-06T03:05:09.000;2025-11-05T20:05:09.000;15.19;-9.48;8.48;18.02;20.34;14
2025-11-06T03:15:23.000;2025-11-05T20:15:23.000;15.12;-9.46;9.28;17.92;20.34;15
2025-11-06T03:25:37.000;2025-11-05T20:25:37.000;14.89;-9.82;10.53;17.78;20.34;16
2025-11-06T03:35:51.000;2025-11-05T20:35:51.000;14.73;-10.12;12.5;17.6;20.34;17
2025-11-06T03:46:05.000;2025-11-05T20:46:05.000;14.41;-10.71;13.93;17.48;20.34;18
2025-11-06T03:56:19.000;2025-11-05T20:56:19.000;14.09;-10.72;13.63;17.5;20.34;19
2025-11-06T04:06:33.000;2025-11-05T21:06:33.000;13.99;-10.73;13.72;17.5;20.34;20
2025-11-06T04:16:47.000;2025-11-05T21:16:47.000;13.49;-11.03;14.15;17.46;20.34;21
2025-11-06T04:27:01.000;2025-11-05T21:27:01.000;13.43;-10.65;14.79;17.41;20.34;22
2025-11-06T04:37:15.000;2025-11-05T21:37:15.000;14.24;-10.3;16.19;17.32;20.34;23
2025-11-06T04:47:30.000;2025-11-05T21:47:30.000;15.07;-10.48;18.04;17.2;20.34;24
2025-11-06T04:57:45.000;2025-11-05T21:57:45.000;15.79;-10.23;20.26;17.07;20.34;25
2025-11-06T05:07:59.000;2025-11-05T22:07:59.000;15.42;-10.83;23.51;16.91;20.34;26
2025-11-06T05:18:13.000;2025-11-05T22:18:13.000;15.63;-9.81;27.29;16.75;20.34;27
2025-11-06T05:28:27.000;2025-11-05T22:28:27.000;15.36;-10.88;32.25;16.57;20.34;28
2025-11-06T05:38:41.000;2025-11-05T22:38:41.000;15.55;-11.06;38.73;16.37;20.34;29
2025-11-06T05:48:55.000;2025-11-05T22:48:55.000;14.96;-11.32;53.22;16.02;20.34;30
2025-11-06T05:59:09.000;2025-11-05T22:59:09.000;13.64;-12.35;91.8;15.43;20.34;31
2025-11-06T06:09:23.000;2025-11-05T23:09:23.000;13.12;-11.81;109.96;15.24;20.34;32
2025-11-06T06:19:37.000;2025-11-05T23:19:37.000;12.47;-12.45;143.85;14.95;20.34;33
2025-11-06T06:29:51.000;2025-11-05T23:29:51.000;12.09;-11.55;257.64;14.31;20.34;34
2025-11-06T06:40:05.000;2025-11-05T23:40:05.000;12.0;-12.3;408.37;13.81;20.34;35
2025-11-06T06:50:19.000;2025-11-05T23:50:19.000;11.74;-11.96;522.31;13.55;20.34;36
2025-11-06T07:00:35.000;2025-11-06T00:00:35.000;11.49;-11.96;584.65;13.42;20.34;37
2025-11-06T07:10:49.000;2025-11-06T00:10:49.000;11.28;-12.83;673.82;13.27;20.34;38
2025-11-06T07:21:03.000;2025-11-06T00:21:03.000;11.51;-12.06;719.78;13.2;20.34;39
2025-11-06T07:31:17.000;2025-11-06T00:31:17.000;11.59;-12.11;743.46;13.16;20.34;40
2025-11-06T07:41:32.000;2025-11-06T00:41:32.000;12.07;-12.09;728.08;13.18;20.34;41
2025-11-06T07:51:46.000;2025-11-06T00:51:46.000;11.66;-12.55;684.7;13.25;20.34;42
2025-11-06T08:02:00.000;2025-11-06T01:02:00.000;11.79;-12.5;599.74;13.4;20.34;43
2025-11-06T08:12:14.000;2025-11-06T01:12:14.000;11.75;-12.4;445.46;13.72;20.34;44
2025-11-06T08:22:28.000;2025-11-06T01:22:28.000;11.93;-12.45;218.29;14.49;20.34;45
2025-11-06T08:32:42.000;2025-11-06T01:32:42.000;11.6;-12.49;107.84;15.26;20.34;46
2025-11-06T08:42:56.000;2025-11-06T01:42:56.000;11.48;-12.64;81.98;15.56;20.34;47
2025-11-06T08:53:11.000;2025-11-06T01:53:11.000;10.98;-12.72;64.84;15.81;20.34;48
2025-11-06T09:03:25.000;2025-11-06T02:03:25.000;11.26;-12.89;53.37;16.02;20.34;49
2025-11-06T09:13:39.000;2025-11-06T02:13:39.000;10.88;-12.85;44.25;16.23;20.34;50
2025-11-06T09:23:54.000;2025-11-06T02:23:54.000;10.86;-12.83;37.98;16.39;20.34;51
2025-11-06T09:34:08.000;2025-11-06T02:34:08.000;10.65;-13.0;31.19;16.6;20.34;52
2025-11-06T09:44:22.000;2025-11-06T02:44:22.000;10.13;-13.18;27.41;16.75;20.34;53
2025-11-06T09:54:36.000;2025-11-06T02:54:36.000;9.96;-13.1;23.83;16.9;20.34;54
2025-11-06T10:04:50.000;2025-11-06T03:04:50.000;10.11;-13.62;20.84;17.04;20.34;55
2025-11-06T10:15:04.000;2025-11-06T03:15:04.000;9.91;-13.35;18.22;17.19;20.34;56
2025-11-06T10:25:18.000;2025-11-06T03:25:18.000;9.6;-14.41;17.71;17.22;20.34;57
2025-11-06T10:35:32.000;2025-11-06T03:35:32.000;9.49;-14.02;18.16;17.19;20.34;58
2025-11-06T10:45:47.000;2025-11-06T03:45:47.000;9.52;-14.11;18.14;17.19;20.34;59
2025-11-06T10:56:01.000;2025-11-06T03:56:01.000;10.21;-14.13;17.32;17.24;20.34;60
2025-11-06T11:06:17.000;2025-11-06T04:06:17.000;10.61;-14.26;17.65;17.22;20.34;61
2025-11-06T11:16:31.000;2025-11-06T04:16:31.000;10.67;-14.1;15.5;17.36;20.34;62
2025-11-06T11:26:46.000;2025-11-06T04:26:46.000;10.74;-13.92;12.29;17.62;20.34;63
2025-11-06T11:37:00.000;2025-11-06T04:37:00.000;10.72;-14.29;9.86;17.85;20.34;64
2025-11-06T11:47:14.000;2025-11-06T04:47:14.000;10.21;-14.33;8.64;18.0;20.34;65
2025-11-06T11:57:29.000;2025-11-06T04:57:29.000;10.13;-14.33;8.26;18.05;20.34;66
2025-11-06T12:07:42.000;2025-11-06T05:07:42.000;9.54;-14.54;7.7;18.12;20.34;67
2025-11-06T12:17:57.000;2025-11-06T05:17:57.000;9.31;-14.47;7.22;18.19;20.34;68
2025-11-06T12:28:11.000;2025-11-06T05:28:11.000;9.04;-14.09;6.87;18.25;20.34;69
2025-11-06T12:38:25.000;2025-11-06T05:38:25.000;8.79;-13.8;6.48;18.31;20.34;70
2025-11-06T12:48:39.000;2025-11-06T05:48:39.000;8.71;-13.84;7.35;18.17;20.34;71
2025-11-06T12:58:53.000;2025-11-06T05:58:53.000;8.45;-14.01;17.03;17.26;20.34;72
2025-11-06T13:09:07.000;2025-11-06T06:09:07.000;8.56;-14.18;90.23;15.45;20.34;73
2025-11-06T13:19:21.000;2025-11-06T06:19:21.000;8.33;-14.75;875.08;12.98;20.34;74
2025-11-07T00:51:04.000;2025-11-06T17:51:04.000;17.23;-10.37;3897.17;11.36;20.34;1
2025-11-07T01:01:19.000;2025-11-06T18:01:19.000;16.81;-10.92;263.48;14.29;20.34;2
2025-11-07T01:11:33.000;2025-11-06T18:11:33.000;16.24;-10.66;33.7;16.52;20.34;3
2025-11-07T01:21:47.000;2025-11-06T18:21:47.000;17.23;-10.94;5.57;18.48;20.34;4
2025-11-07T01:32:02.000;2025-11-06T18:32:02.000;16.64;-11.7;1.62;19.82;20.34;5
2025-11-07T01:42:15.000;2025-11-06T18:42:15.000;15.19;-11.84;1.22;20.13;20.34;6
2025-11-07T01:52:29.000;2025-11-06T18:52:29.000;14.43;-11.62;1.55;19.87;20.34;7
2025-11-07T02:02:43.000;2025-11-06T19:02:43.000;14.13;-11.54;1.69;19.77;20.34;8
2025-11-07T02:12:57.000;2025-11-06T19:12:57.000;13.75;-12.54;1.92;19.63;20.34;9
2025-11-07T02:23:11.000;2025-11-06T19:23:11.000;13.58;-12.09;2.24;19.46;20.34;10
2025-11-07T02:33:25.000;2025-11-06T19:33:25.000;13.25;-12.2;2.99;19.15;20.34;11
2025-11-07T02:43:39.000;2025-11-06T19:43:39.000;12.82;-12.34;3.33;19.03;20.34;12
2025-11-07T02:53:53.000;2025-11-06T19:53:53.000;12.85;-12.28;3.61;18.95;20.34;13
2025-11-07T03:04:08.000;2025-11-06T20:04:08.000;13.13;-12.36;3.95;18.85;20.34;14
2025-11-07T03:14:22.000;2025-11-06T20:14:22.000;13.06;-12.37;4.23;18.77;20.34;15
2025-11-07T03:24:37.000;2025-11-06T20:24:37.000;13.15;-12.46;4.6;18.68;20.34;16
2025-11-07T03:34:51.000;2025-11-06T20:34:51.000;12.87;-12.59;4.92;18.61;20.34;17
2025-11-07T03:45:05.000;2025-11-06T20:45:05.000;12.69;-12.37;5.16;18.56;20.34;18
2025-11-07T03:55:19.000;2025-11-06T20:55:19.000;12.59;-12.54;5.43;18.5;20.34;19
2025-11-07T04:05:33.000;2025-11-06T21:05:33.000;12.49;-12.61;5.75;18.44;20.34;20
2025-11-07T04:15:48.000;2025-11-06T21:15:48.000;12.51;-12.51;6.58;18.29;20.34;21
2025-11-07T04:26:02.000;2025-11-06T21:26:02.000;12.53;-12.58;7.83;18.11;20.34;22
2025-11-07T04:36:16.000;2025-11-06T21:36:16.000;12.48;-12.78;9.01;17.95;20.34;23
2025-11-07T04:46:31.000;2025-11-06T21:46:31.000;12.39;-12.79;9.19;17.93;20.34;24
2025-11-07T04:56:45.000;2025-11-06T21:56:45.000;12.25;-12.77;8.87;17.97;20.34;25
2025-11-07T05:06:59.000;2025-11-06T22:06:59.000;12.41;-12.89;9.23;17.93;20.34;26
2025-11-07T05:17:13.000;2025-11-06T22:17:13.000;11.57;-13.31;9.45;17.9;20.34;27
2025-11-07T05:27:27.000;2025-11-06T22:27:27.000;11.4;-13.11;10.08;17.83;20.34;28
2025-11-07T05:37:40.000;2025-11-06T22:37:40.000;10.53;-13.65;11.38;17.7;20.34;29
2025-11-07T05:47:55.000;2025-11-06T22:47:55.000;10.5;-13.86;12.65;17.59;20.34;30
2025-11-07T05:58:09.000;2025-11-06T22:58:09.000;10.15;-13.29;14.04;17.47;20.34;31
2025-11-07T06:08:23.000;2025-11-06T23:08:23.000;10.82;-12.97;16.16;17.32;20.34;32
2025-11-07T06:18:38.000;2025-11-06T23:18:38.000;11.03;-13.67;19.28;17.13;20.34;33
2025-11-07T06:28:52.000;2025-11-06T23:28:52.000;10.89;-13.7;22.62;16.95;20.34;34
2025-11-07T06:39:06.000;2025-11-06T23:39:06.000;10.83;-13.73;29.66;16.66;20.34;35
2025-11-07T06:49:20.000;2025-11-06T23:49:20.000;9.86;-14.12;56.67;15.96;20.34;36
2025-11-07T06:59:34.000;2025-11-06T23:59:34.000;9.43;-13.96;72.67;15.69;20.34;37
2025-11-07T07:09:48.000;2025-11-07T00:09:48.000;9.34;-13.37;96.3;15.38;20.34;38
2025-11-07T07:20:03.000;2025-11-07T00:20:03.000;9.65;-13.92;196.18;14.61;20.34;39
2025-11-07T07:30:17.000;2025-11-07T00:30:17.000;9.66;-13.77;301.89;14.14;20.34;40
2025-11-07T07:40:31.000;2025-11-07T00:40:31.000;9.23;-13.88;361.91;13.94;20.34;41
2025-11-07T07:50:46.000;2025-11-07T00:50:46.000;9.03;-13.97;442.39;13.73;20.34;42
2025-11-07T08:01:01.000;2025-11-07T01:01:01.000;8.57;-14.24;506.06;13.58;20.34;43
2025-11-07T08:11:15.000;2025-11-07T01:11:15.000;8.39;-14.23;512.63;13.57;20.34;44
2025-11-07T08:21:29.000;2025-11-07T01:21:29.000;8.19;-14.76;611.97;13.37;20.34;45
2025-11-07T08:31:43.000;2025-11-07T01:31:43.000;8.3;-14.76;849.86;13.02;20.34;46
2025-11-07T08:41:57.000;2025-11-07T01:41:57.000;8.34;-14.75;1115.31;12.72;20.34;47
2025-11-07T08:52:11.000;2025-11-07T01:52:11.000;8.35;-14.62;1003.55;12.84;20.34;48
2025-11-07T09:02:25.000;2025-11-07T02:02:25.000;8.45;-14.65;785.33;13.1;20.34;49
2025-11-07T09:12:39.000;2025-11-07T02:12:39.000;8.04;-15.09;574.31;13.44;20.34;50
2025-11-07T09:22:53.000;2025-11-07T02:22:53.000;8.25;-15.49;458.75;13.69;20.34;51
2025-11-07T09:33:07.000;2025-11-07T02:33:07.000;7.59;-14.97;292.73;14.17;20.34;52
2025-11-07T09:43:21.000;2025-11-07T02:43:21.000;7.69;-14.79;113.61;15.2;20.34;53
2025-11-07T09:53:36.000;2025-11-07T02:53:36.000;7.77;-14.91;64.9;15.81;20.34;54
2025-11-07T10:03:50.000;2025-11-07T03:03:50.000;7.55;-15.01;50.61;16.08;20.34;55
2025-11-07T10:14:04.000;2025-11-07T03:14:04.000;7.63;-15.23;40.08;16.33;20.34;56
2025-11-07T10:24:19.000;2025-11-07T03:24:19.000;7.56;-15.13;32.06;16.58;20.34;57
2025-11-07T10:34:34.000;2025-11-07T03:34:34.000;7.25;-15.06;26.3;16.79;20.34;58
2025-11-07T10:44:48.000;2025-11-07T03:44:48.000;7.36;-14.86;22.02;16.98;20.34;59
2025-11-07T10:55:04.000;2025-11-07T03:55:04.000;7.77;-15.29;18.63;17.16;20.34;60
2025-11-07T11:05:19.000;2025-11-07T04:05:19.000;7.33;-15.05;16.34;17.31;20.34;61
2025-11-07T11:15:34.000;2025-11-07T04:15:34.000;7.31;-15.08;14.21;17.46;20.34;62
2025-11-07T11:25:49.000;2025-11-07T04:25:49.000;7.54;-15.52;12.52;17.6;20.34;63
2025-11-07T11:36:03.000;2025-11-07T04:36:03.000;7.77;-15.49;11.76;17.66;20.34;64
2025-11-07T11:46:18.000;2025-11-07T04:46:18.000;7.64;-16.33;12.14;17.63;20.34;65
2025-11-07T11:56:32.000;2025-11-07T04:56:32.000;7.17;-15.79;12.5;17.6;20.34;66
2025-11-07T12:06:46.000;2025-11-07T05:06:46.000;6.63;-15.79;11.82;17.66;20.34;67
2025-11-07T12:27:14.000;2025-11-07T05:27:14.000;7.48;-16.16;10.9;17.75;20.34;69
2025-11-07T12:37:28.000;2025-11-07T05:37:28.000;6.95;-16.41;8.75;17.98;20.34;70
2025-11-07T12:47:42.000;2025-11-07T05:47:42.000;7.51;-16.24;7.88;18.1;20.34;71
2025-11-07T12:57:57.000;2025-11-07T05:57:57.000;7.56;-16.09;14.26;17.45;20.34;72
2025-11-07T13:08:11.000;2025-11-07T06:08:11.000;7.13;-16.65;63.49;15.83;20.34;73
2025-11-07T13:18:25.000;2025-11-07T06:18:25.000;6.35;-17.3;557.31;13.47;20.34;74
2025-11-08T00:50:31.000;2025-11-07T17:50:31.000;15.06;-11.14;3690.61;11.42;20.34;1
2025-11-08T01:00:46.000;2025-11-07T18:00:46.000;14.97;-11.87;253.0;14.33;20.34;2
2025-11-08T01:11:00.000;2025-11-07T18:11:00.000;15.09;-11.1;32.07;16.57;20.34;3
2025-11-08T01:21:14.000;2025-11-07T18:21:14.000;14.67;-11.65;5.09;18.57;20.34;4
2025-11-08T01:31:27.000;2025-11-07T18:31:27.000;14.33;-11.91;1.01;20.33;20.34;5
2025-11-08T01:41:41.000;2025-11-07T18:41:41.000;13.78;-11.97;0.52;21.05;20.34;6
2025-11-08T01:51:55.000;2025-11-07T18:51:55.000;14.01;-11.54;0.53;21.04;20.34;7
2025-11-08T02:02:10.000;2025-11-07T19:02:10.000;14.04;-12.02;0.45;21.21;20.34;8
2025-11-08T02:12:24.000;2025-11-07T19:12:24.000;13.59;-11.99;0.5;21.09;20.34;9
2025-11-08T02:22:38.000;2025-11-07T19:22:38.000;13.62;-11.69;0.66;20.79;20.34;10
2025-11-08T02:32:53.000;2025-11-07T19:32:53.000;13.38;-12.35;0.76;20.64;20.34;11
2025-11-08T02:43:07.000;2025-11-07T19:43:07.000;13.36;-12.66;0.89;20.46;20.34;12
2025-11-08T02:53:21.000;2025-11-07T19:53:21.000;13.39;-11.83;1.08;20.26;20.34;13
2025-11-08T03:03:37.000;2025-11-07T20:03:37.000;13.69;-12.2;1.31;20.05;20.34;14
2025-11-08T03:13:51.000;2025-11-07T20:13:51.000;13.63;-12.45;1.53;19.88;20.34;15
2025-11-08T03:24:05.000;2025-11-07T20:24:05.000;13.31;-12.84;1.56;19.86;20.34;16
2025-11-08T03:34:19.000;2025-11-07T20:34:19.000;12.81;-12.83;2.25;19.46;20.34;17
2025-11-08T03:44:33.000;2025-11-07T20:44:33.000;12.57;-12.87;2.43;19.38;20.34;18
2025-11-08T03:54:47.000;2025-11-07T20:54:47.000;12.45;-12.39;2.65;19.28;20.34;19
2025-11-08T04:05:01.000;2025-11-07T21:05:01.000;12.28;-12.94;2.92;19.18;20.34;20
2025-11-08T04:15:16.000;2025-11-07T21:15:16.000;12.2;-12.7;3.15;19.09;20.34;21
2025-11-08T04:25:31.000;2025-11-07T21:25:31.000;12.14;-12.58;3.33;19.03;20.34;22
2025-11-08T04:35:45.000;2025-11-07T21:35:45.000;12.13;-12.56;3.58;18.96;20.34;23
2025-11-08T04:45:59.000;2025-11-07T21:45:59.000;11.96;-12.56;3.73;18.91;20.34;24
2025-11-08T04:56:13.000;2025-11-07T21:56:13.000;12.24;-12.8;3.92;18.86;20.34;25
2025-11-08T05:06:28.000;2025-11-07T22:06:28.000;12.27;-12.85;4.18;18.79;20.34;26
2025-11-08T05:16:43.000;2025-11-07T22:16:43.000;12.48;-12.43;4.66;18.67;20.34;27
2025-11-08T05:26:57.000;2025-11-07T22:26:57.000;11.72;-13.06;5.42;18.5;20.34;28
2025-11-08T05:37:11.000;2025-11-07T22:37:11.000;11.26;-12.95;6.33;18.34;20.34;29
2025-11-08T05:47:25.000;2025-11-07T22:47:25.000;11.05;-13.04;6.54;18.3;20.34;30
2025-11-08T05:57:39.000;2025-11-07T22:57:39.000;11.23;-12.85;6.35;18.33;20.34;31
2025-11-08T06:07:54.000;2025-11-07T23:07:54.000;11.63;-12.91;6.55;18.3;20.34;32
2025-11-08T06:18:09.000;2025-11-07T23:18:09.000;12.73;-13.41;6.7;18.27;20.34;33
2025-11-08T06:28:23.000;2025-11-07T23:28:23.000;12.16;-13.3;7.03;18.22;20.34;34
2025-11-08T06:38:38.000;2025-11-07T23:38:38.000;12.7;-13.31;7.78;18.11;20.34;35
2025-11-08T06:48:52.000;2025-11-07T23:48:52.000;12.39;-13.97;8.63;18.0;20.34;36
2025-11-08T06:59:06.000;2025-11-07T23:59:06.000;13.0;-12.45;9.71;17.87;20.34;37
2025-11-08T07:09:21.000;2025-11-08T00:09:21.000;13.69;-13.47;10.87;17.75;20.34;38
2025-11-08T07:19:36.000;2025-11-08T00:19:36.000;13.48;-12.58;12.78;17.57;20.34;39
2025-11-08T07:29:52.000;2025-11-08T00:29:52.000;13.7;-12.8;15.03;17.4;20.34;40
2025-11-08T07:40:06.000;2025-11-08T00:40:06.000;13.58;-13.13;19.26;17.13;20.34;41
2025-11-08T07:50:20.000;2025-11-08T00:50:20.000;12.93;-13.75;34.27;16.5;20.34;42
2025-11-08T08:00:33.000;2025-11-08T01:00:33.000;12.39;-13.86;47.17;16.16;20.34;43
2025-11-08T08:10:46.000;2025-11-08T01:10:46.000;10.4;-14.07;58.89;15.91;20.34;44
2025-11-08T08:20:59.000;2025-11-08T01:20:59.000;9.93;-14.67;125.41;15.09;20.34;45
2025-11-08T08:31:13.000;2025-11-08T01:31:13.000;9.83;-13.97;200.06;14.59;20.34;46
2025-11-08T08:41:27.000;2025-11-08T01:41:27.000;9.06;-14.69;247.44;14.36;20.34;47
2025-11-08T08:51:41.000;2025-11-08T01:51:41.000;8.89;-14.11;298.79;14.15;20.34;48
2025-11-08T09:01:56.000;2025-11-08T02:01:56.000;9.33;-14.35;355.79;13.96;20.34;49
2025-11-08T09:12:10.000;2025-11-08T02:12:10.000;8.94;-14.09;352.2;13.97;20.34;50
2025-11-08T09:22:24.000;2025-11-08T02:22:24.000;9.13;-13.75;430.98;13.75;20.34;51
2025-11-08T09:32:38.000;2025-11-08T02:32:38.000;9.2;-14.02;608.93;13.38;20.34;52
2025-11-08T09:42:54.000;2025-11-08T02:42:54.000;9.32;-14.79;814.02;13.06;20.34;53
2025-11-08T09:53:07.000;2025-11-08T02:53:07.000;8.39;-14.69;888.68;12.97;20.34;54
2025-11-08T10:03:21.000;2025-11-08T03:03:21.000;8.71;-14.13;784.21;13.1;20.34;55
2025-11-08T10:13:36.000;2025-11-08T03:13:36.000;8.86;-14.48;572.55;13.45;20.34;56
2025-11-08T10:23:50.000;2025-11-08T03:23:50.000;9.27;-14.14;408.83;13.81;20.34;57
2025-11-08T10:34:06.000;2025-11-08T03:34:06.000;8.97;-14.39;319.67;14.08;20.34;58
2025-11-08T10:44:20.000;2025-11-08T03:44:20.000;9.01;-14.69;180.88;14.7;20.34;59
2025-11-08T10:54:34.000;2025-11-08T03:54:34.000;8.61;-14.44;65.72;15.8;20.34;60
2025-11-08T11:04:48.000;2025-11-08T04:04:48.000;8.75;-14.81;41.87;16.29;20.34;61
2025-11-08T11:15:02.000;2025-11-08T04:15:02.000;8.82;-14.78;33.6;16.52;20.34;62
2025-11-08T11:25:16.000;2025-11-08T04:25:16.000;8.89;-15.0;26.5;16.78;20.34;63
2025-11-08T11:35:30.000;2025-11-08T04:35:30.000;9.26;-15.02;21.23;17.02;20.34;64
2025-11-08T11:45:45.000;2025-11-08T04:45:45.000;10.14;-14.57;17.66;17.22;20.34;65
2025-11-08T11:56:00.000;2025-11-08T04:56:00.000;10.32;-15.43;14.74;17.42;20.34;66
2025-11-08T12:06:14.000;2025-11-08T05:06:14.000;9.32;-15.16;12.6;17.59;20.34;67
2025-11-08T12:16:28.000;2025-11-08T05:16:28.000;9.2;-14.47;10.86;17.75;20.34;68
2025-11-08T12:26:42.000;2025-11-08T05:26:42.000;9.46;-14.82;9.62;17.88;20.34;69
2025-11-08T12:36:58.000;2025-11-08T05:36:58.000;9.08;-15.06;8.65;18.0;20.34;70
2025-11-08T12:47:12.000;2025-11-08T05:47:12.000;8.86;-15.43;9.19;17.93;20.34;71
2025-11-08T12:57:26.000;2025-11-08T05:57:26.000;8.7;-15.03;14.86;17.41;20.34;72
2025-11-08T13:07:40.000;2025-11-08T06:07:40.000;9.65;-14.96;52.19;16.05;20.34;73
2025-11-08T13:17:54.000;2025-11-08T06:17:54.000;9.75;-14.23;406.91;13.82;20.34;74
2025-11-09T00:49:40.000;2025-11-08T17:49:40.000;17.48;-10.52;3931.47;11.35;20.34;1
2025-11-09T00:59:54.000;2025-11-08T17:59:54.000;17.28;-10.83;264.88;14.28;20.34;2
2025-11-09T01:10:09.000;2025-11-08T18:10:09.000;16.18;-10.85;31.8;16.58;20.34;3
2025-11-09T01:20:23.000;2025-11-08T18:20:23.000;15.55;-10.78;4.33;18.75;20.34;4
2025-11-09T01:30:37.000;2025-11-08T18:30:37.000;14.95;-11.2;0.98;20.36;20.34;5
2025-11-09T01:40:50.000;2025-11-08T18:40:50.000;14.71;-10.96;0.61;20.88;20.34;6
2025-11-09T01:51:05.000;2025-11-08T18:51:05.000;14.48;-10.88;0.53;21.02;20.34;7
2025-11-09T02:01:20.000;2025-11-08T19:01:20.000;14.83;-10.76;0.53;21.03;20.34;8
2025-11-09T02:11:35.000;2025-11-08T19:11:35.000;16.29;-10.72;0.51;21.08;20.34;9
2025-11-09T02:21:50.000;2025-11-08T19:21:50.000;16.57;-10.53;0.45;21.21;20.34;10
2025-11-09T02:32:05.000;2025-11-08T19:32:05.000;16.43;-11.74;0.44;21.23;20.34;11
2025-11-09T02:42:18.000;2025-11-08T19:42:18.000;14.85;-11.77;0.41;21.31;20.34;12
2025-11-09T02:52:32.000;2025-11-08T19:52:32.000;13.96;-11.87;0.4;21.34;20.34;13
2025-11-09T03:02:47.000;2025-11-08T20:02:47.000;13.35;-12.01;0.42;21.29;20.34;14
2025-11-09T03:13:01.000;2025-11-08T20:13:01.000;13.12;-11.86;0.41;21.31;20.34;15
2025-11-09T03:23:17.000;2025-11-08T20:23:17.000;12.66;-12.11;0.44;21.23;20.34;16
2025-11-09T03:33:31.000;2025-11-08T20:33:31.000;12.48;-12.16;0.61;20.88;20.34;17
2025-11-09T03:43:45.000;2025-11-08T20:43:45.000;12.44;-12.52;0.69;20.75;20.34;18
2025-11-09T03:53:59.000;2025-11-08T20:53:59.000;12.31;-11.89;0.79;20.6;20.34;19
2025-11-09T04:04:13.000;2025-11-08T21:04:13.000;12.15;-12.09;0.89;20.47;20.34;20
2025-11-09T04:14:28.000;2025-11-08T21:14:28.000;12.1;-12.53;0.92;20.43;20.34;21
2025-11-09T04:24:43.000;2025-11-08T21:24:43.000;11.89;-12.49;1.16;20.18;20.34;22
2025-11-09T04:34:57.000;2025-11-08T21:34:57.000;12.11;-12.26;1.39;19.98;20.34;23
2025-11-09T04:45:12.000;2025-11-08T21:45:12.000;12.11;-12.25;1.75;19.73;20.34;24
2025-11-09T04:55:26.000;2025-11-08T21:55:26.000;11.86;-12.02;1.89;19.65;20.34;25
2025-11-09T05:05:40.000;2025-11-08T22:05:40.000;11.98;-12.07;2.04;19.57;20.34;26
2025-11-09T05:15:55.000;2025-11-08T22:15:55.000;12.37;-11.84;2.2;19.49;20.34;27
2025-11-09T05:26:09.000;2025-11-08T22:26:09.000;12.59;-11.93;2.32;19.42;20.34;28
2025-11-09T05:36:24.000;2025-11-08T22:36:24.000;11.96;-12.06;2.51;19.34;20.34;29
2025-11-09T05:46:39.000;2025-11-08T22:46:39.000;11.24;-12.54;2.66;19.28;20.34;30
2025-11-09T05:56:53.000;2025-11-08T22:56:53.000;10.57;-12.53;2.77;19.23;20.34;31
2025-11-09T06:07:07.000;2025-11-08T23:07:07.000;10.47;-12.53;2.91;19.18;20.34;32
2025-11-09T06:17:21.000;2025-11-08T23:17:21.000;9.85;-12.57;3.15;19.09;20.34;33
2025-11-09T06:27:35.000;2025-11-08T23:27:35.000;10.2;-12.53;3.55;18.96;20.34;34
2025-11-09T06:37:49.000;2025-11-08T23:37:49.000;10.79;-12.13;4.15;18.8;20.34;35
2025-11-09T06:48:04.000;2025-11-08T23:48:04.000;10.82;-13.01;4.65;18.67;20.34;36
2025-11-09T06:58:18.000;2025-11-08T23:58:18.000;10.32;-12.27;4.59;18.69;20.34;37
2025-11-09T07:08:32.000;2025-11-09T00:08:32.000;10.27;-12.74;4.51;18.71;20.34;38
2025-11-09T07:18:46.000;2025-11-09T00:18:46.000;9.61;-12.67;4.76;18.65;20.34;39
2025-11-09T07:34:18.000;2025-11-09T00:34:18.000;10.31;-13.1;5.5;18.49;20.34;40
2025-11-09T07:44:40.000;2025-11-09T00:44:40.000;10.55;-12.56;5.57;18.48;20.34;41
2025-11-09T07:54:53.000;2025-11-09T00:54:53.000;9.73;-12.87;6.06;18.38;20.34;42
2025-11-09T08:05:06.000;2025-11-09T01:05:06.000;9.48;-12.86;6.7;18.27;20.34;43
2025-11-09T08:15:20.000;2025-11-09T01:15:20.000;8.92;-13.21;7.56;18.14;20.34;44
2025-11-09T08:25:34.000;2025-11-09T01:25:34.000;9.21;-12.81;8.78;17.98;20.34;45
2025-11-09T08:35:48.000;2025-11-09T01:35:48.000;8.87;-12.94;10.3;17.81;20.34;46
2025-11-09T08:46:03.000;2025-11-09T01:46:03.000;9.03;-12.74;13.01;17.55;20.34;47
2025-11-09T08:56:17.000;2025-11-09T01:56:17.000;9.04;-12.42;21.76;17.0;20.34;48
2025-11-09T09:06:32.000;2025-11-09T02:06:32.000;9.04;-12.58;31.7;16.59;20.34;49
2025-11-09T09:16:49.000;2025-11-09T02:16:49.000;9.07;-12.77;39.13;16.36;20.34;50
2025-11-09T09:27:04.000;2025-11-09T02:27:04.000;9.44;-13.26;79.43;15.59;20.34;51
2025-11-09T09:37:19.000;2025-11-09T02:37:19.000;9.96;-13.85;131.81;15.04;20.34;52
2025-11-09T09:47:33.000;2025-11-09T02:47:33.000;9.01;-14.3;162.71;14.81;20.34;53
2025-11-09T09:57:47.000;2025-11-09T02:57:47.000;8.28;-14.3;193.14;14.63;20.34;54
2025-11-09T10:08:01.000;2025-11-09T03:08:01.000;8.47;-13.6;232.81;14.42;20.34;55
2025-11-09T10:18:15.000;2025-11-09T03:18:15.000;8.99;-13.93;235.82;14.41;20.34;56
2025-11-09T10:28:30.000;2025-11-09T03:28:30.000;8.86;-13.92;266.3;14.28;20.34;57
2025-11-09T10:38:44.000;2025-11-09T03:38:44.000;8.53;-14.01;362.3;13.94;20.34;58
2025-11-09T10:48:58.000;2025-11-09T03:48:58.000;8.69;-13.71;498.61;13.6;20.34;59
2025-11-09T10:59:13.000;2025-11-09T03:59:13.000;8.46;-13.82;530.69;13.53;20.34;60
2025-11-09T11:09:27.000;2025-11-09T04:09:27.000;8.02;-14.16;431.61;13.75;20.34;61
2025-11-09T11:19:41.000;2025-11-09T04:19:41.000;8.11;-14.43;316.77;14.09;20.34;62
2025-11-09T11:29:55.000;2025-11-09T04:29:55.000;8.11;-14.48;237.48;14.4;20.34;63
2025-11-09T11:40:09.000;2025-11-09T04:40:09.000;8.66;-14.62;184.01;14.68;20.34;64
2025-11-09T11:50:24.000;2025-11-09T04:50:24.000;8.55;-14.25;86.48;15.5;20.34;65
2025-11-09T12:00:39.000;2025-11-09T05:00:39.000;8.35;-14.07;34.31;16.5;20.34;66
2025-11-09T12:10:54.000;2025-11-09T05:10:54.000;8.2;-13.73;25.91;16.81;20.34;67
2025-11-09T12:21:08.000;2025-11-09T05:21:08.000;7.75;-13.9;21.01;17.03;20.34;68
2025-11-09T12:31:22.000;2025-11-09T05:31:22.000;7.36;-14.13;16.75;17.28;20.34;69
2025-11-09T12:41:36.000;2025-11-09T05:41:36.000;7.01;-15.18;13.71;17.5;20.34;70
2025-11-09T12:51:50.000;2025-11-09T05:51:50.000;7.13;-15.26;12.82;17.57;20.34;71
2025-11-09T13:02:04.000;2025-11-09T06:02:04.000;6.53;-14.59;21.33;17.02;20.34;72
2025-11-09T13:12:19.000;2025-11-09T06:12:19.000;6.5;-14.32;97.85;15.36;20.34;73
2025-11-09T13:22:34.000;2025-11-09T06:22:34.000;7.05;-14.64;1025.36;12.81;20.34;74
2025-11-10T00:49:01.000;2025-11-09T17:49:01.000;17.05;-8.39;4041.13;11.32;20.34;1
2025-11-10T00:59:16.000;2025-11-09T17:59:16.000;17.27;-9.2;268.71;14.27;20.34;2
2025-11-10T01:09:31.000;2025-11-09T18:09:31.000;17.77;-9.18;31.41;16.6;20.34;3
2025-11-10T01:19:45.000;2025-11-09T18:19:45.000;17.71;-9.28;4.47;18.71;20.34;4
2025-11-10T01:30:00.000;2025-11-09T18:30:00.000;18.34;-9.42;0.96;20.38;20.34;5
2025-11-10T01:40:14.000;2025-11-09T18:40:14.000;18.71;-9.28;0.59;20.91;20.34;6
2025-11-10T01:50:29.000;2025-11-09T18:50:29.000;19.36;-8.86;0.45;21.2;20.34;7
2025-11-10T02:00:43.000;2025-11-09T19:00:43.000;18.74;-9.21;0.4;21.35;20.34;8
2025-11-10T02:10:57.000;2025-11-09T19:10:57.000;19.15;-9.75;0.44;21.24;20.34;9
2025-11-10T02:21:11.000;2025-11-09T19:21:11.000;18.59;-9.24;0.52;21.06;20.34;10
2025-11-10T02:36:44.000;2025-11-09T19:36:44.000;19.38;-10.4;0.64;20.83;20.34;11
2025-11-10T02:47:03.000;2025-11-09T19:47:03.000;18.43;-10.67;0.44;21.22;20.34;12
2025-11-10T02:57:17.000;2025-11-09T19:57:17.000;17.18;-10.44;0.44;21.22;20.34;13
2025-11-10T03:07:31.000;2025-11-09T20:07:31.000;16.89;-11.07;0.44;21.22;20.34;14
2025-11-10T03:17:46.000;2025-11-09T20:17:46.000;16.52;-10.51;0.43;21.26;20.34;15
2025-11-10T03:27:59.000;2025-11-09T20:27:59.000;15.8;-10.65;0.35;21.47;20.34;16
2025-11-10T03:38:13.000;2025-11-09T20:38:13.000;15.99;-11.19;0.52;21.06;20.34;17
2025-11-10T03:48:27.000;2025-11-09T20:48:27.000;16.07;-10.74;0.44;21.24;20.34;18
2025-11-10T03:58:43.000;2025-11-09T20:58:43.000;15.91;-10.91;0.43;21.26;20.34;19
2025-11-10T04:19:14.000;2025-11-09T21:19:14.000;16.5;-11.28;0.45;21.21;20.34;21
2025-11-10T04:29:28.000;2025-11-09T21:29:28.000;17.18;-11.21;0.45;21.21;20.34;22
2025-11-10T04:39:42.000;2025-11-09T21:39:42.000;16.92;-11.75;0.5;21.1;20.34;23
2025-11-10T04:49:56.000;2025-11-09T21:49:56.000;16.72;-11.38;0.55;20.98;20.34;24
2025-11-10T05:00:10.000;2025-11-09T22:00:10.000;16.49;-11.69;0.75;20.65;20.34;25
2025-11-10T05:10:25.000;2025-11-09T22:10:25.000;16.57;-11.04;0.83;20.54;20.34;26
2025-11-10T05:20:39.000;2025-11-09T22:20:39.000;16.63;-11.53;0.87;20.5;20.34;27
2025-11-10T05:30:53.000;2025-11-09T22:30:53.000;16.54;-12.16;0.99;20.35;20.34;28
2025-11-10T05:41:07.000;2025-11-09T22:41:07.000;16.09;-12.19;1.22;20.12;20.34;29
2025-11-10T05:51:21.000;2025-11-09T22:51:21.000;16.63;-12.41;1.32;20.04;20.34;30
2025-11-10T06:01:36.000;2025-11-09T23:01:36.000;16.2;-12.86;1.55;19.86;20.34;31
2025-11-10T06:11:49.000;2025-11-09T23:11:49.000;15.72;-12.52;1.66;19.79;20.34;32
2025-11-10T06:22:03.000;2025-11-09T23:22:03.000;15.44;-12.75;1.77;19.72;20.34;33
2025-11-10T06:32:17.000;2025-11-09T23:32:17.000;15.63;-12.41;1.94;19.62;20.34;34
2025-11-10T06:42:31.000;2025-11-09T23:42:31.000;15.28;-13.07;2.04;19.57;20.34;35
2025-11-10T06:52:45.000;2025-11-09T23:52:45.000;15.33;-12.13;2.14;19.51;20.34;36
2025-11-10T07:02:59.000;2025-11-10T00:02:59.000;15.42;-13.09;2.23;19.47;20.34;37
2025-11-10T07:13:13.000;2025-11-10T00:13:13.000;15.2;-12.85;2.37;19.41;20.34;38
2025-11-10T07:23:28.000;2025-11-10T00:23:28.000;15.47;-12.77;2.49;19.35;20.34;39
2025-11-10T07:33:42.000;2025-11-10T00:33:42.000;15.4;-13.23;2.79;19.23;20.34;40
2025-11-10T07:43:56.000;2025-11-10T00:43:56.000;15.05;-13.4;3.19;19.08;20.34;41
2025-11-10T07:54:11.000;2025-11-10T00:54:11.000;15.29;-12.98;3.6;18.95;20.34;42
2025-11-10T08:04:24.000;2025-11-10T01:04:24.000;15.3;-13.08;3.62;18.94;20.34;43
2025-11-10T08:14:38.000;2025-11-10T01:14:38.000;14.9;-12.6;3.52;18.97;20.34;44
2025-11-10T08:24:53.000;2025-11-10T01:24:53.000;15.25;-12.38;3.56;18.96;20.34;45
2025-11-10T08:35:07.000;2025-11-10T01:35:07.000;15.08;-14.01;3.71;18.92;20.34;46
2025-11-10T08:45:21.000;2025-11-10T01:45:21.000;14.94;-13.91;3.92;18.86;20.34;47
2025-11-10T08:55:35.000;2025-11-10T01:55:35.000;14.63;-13.69;4.23;18.77;20.34;48
2025-11-10T09:05:50.000;2025-11-10T02:05:50.000;14.5;-14.39;4.63;18.68;20.34;49
2025-11-10T09:16:04.000;2025-11-10T02:16:04.000;14.53;-14.01;5.23;18.54;20.34;50
2025-11-10T09:26:18.000;2025-11-10T02:26:18.000;14.54;-14.88;5.87;18.42;20.34;51
2025-11-10T09:36:32.000;2025-11-10T02:36:32.000;13.81;-14.48;6.86;18.25;20.34;52
2025-11-10T09:46:46.000;2025-11-10T02:46:46.000;13.29;-14.73;8.0;18.08;20.34;53
2025-11-10T09:57:00.000;2025-11-10T02:57:00.000;13.44;-15.18;10.12;17.83;20.34;54
2025-11-10T10:07:15.000;2025-11-10T03:07:15.000;13.98;-15.16;18.21;17.19;20.34;55
2025-11-10T10:17:29.000;2025-11-10T03:17:29.000;14.24;-15.09;23.04;16.93;20.34;56
2025-11-10T10:27:43.000;2025-11-10T03:27:43.000;14.23;-14.76;27.66;16.74;20.34;57
2025-11-10T10:37:58.000;2025-11-10T03:37:58.000;14.68;-14.2;51.65;16.06;20.34;58
2025-11-10T10:48:13.000;2025-11-10T03:48:13.000;15.21;-14.3;84.24;15.53;20.34;59
2025-11-10T10:58:28.000;2025-11-10T03:58:28.000;15.55;-14.43;109.0;15.25;20.34;60
2025-11-10T11:08:42.000;2025-11-10T04:08:42.000;14.96;-15.23;124.9;15.1;20.34;61
2025-11-10T11:18:57.000;2025-11-10T04:18:57.000;14.83;-15.04;146.53;14.93;20.34;62
2025-11-10T11:29:11.000;2025-11-10T04:29:11.000;14.68;-15.43;160.67;14.83;20.34;63
2025-11-10T11:39:26.000;2025-11-10T04:39:26.000;14.42;-14.83;175.74;14.73;20.34;64
2025-11-10T11:49:40.000;2025-11-10T04:49:40.000;14.8;-15.25;191.12;14.64;20.34;65
2025-11-10T11:59:54.000;2025-11-10T04:59:54.000;14.74;-14.94;188.13;14.65;20.34;66
2025-11-10T12:10:08.000;2025-11-10T05:10:08.000;14.42;-15.75;166.34;14.79;20.34;67
2025-11-10T12:20:24.000;2025-11-10T05:20:24.000;14.35;-15.67;140.66;14.97;20.34;68
2025-11-10T12:30:38.000;2025-11-10T05:30:38.000;14.74;-15.38;108.5;15.25;20.34;69
2025-11-10T12:40:53.000;2025-11-10T05:40:53.000;14.7;-15.27;52.79;16.03;20.34;70
2025-11-10T12:51:07.000;2025-11-10T05:51:07.000;14.41;-15.23;24.88;16.85;20.34;71
2025-11-10T13:01:21.000;2025-11-10T06:01:21.000;14.85;-16.06;28.49;16.7;20.34;72
2025-11-10T13:11:35.000;2025-11-10T06:11:35.000;14.43;-16.19;87.45;15.49;20.34;73
2025-11-10T13:21:50.000;2025-11-10T06:21:50.000;14.69;-15.54;727.2;13.19;20.34;74
2025-11-11T00:44:18.000;2025-11-10T17:44:18.000;15.11;-11.42;6091.5;10.88;20.34;1
2025-11-11T00:54:33.000;2025-11-10T17:54:33.000;15.29;-11.58;423.3;13.77;20.34;2
2025-11-11T01:04:48.000;2025-11-10T18:04:48.000;14.75;-11.87;35.33;16.47;20.34;3
2025-11-11T01:15:02.000;2025-11-10T18:15:02.000;13.65;-11.97;4.95;18.6;20.34;4
2025-11-11T01:25:16.000;2025-11-10T18:25:16.000;14.0;-11.75;1.31;20.05;20.34;5
2025-11-11T01:35:30.000;2025-11-10T18:35:30.000;14.54;-12.04;0.68;20.76;20.34;6
2025-11-11T01:45:46.000;2025-11-10T18:45:46.000;14.78;-11.8;0.61;20.87;20.34;7
2025-11-11T01:56:00.000;2025-11-10T18:56:00.000;15.42;-11.96;0.53;21.03;20.34;8
2025-11-11T02:06:15.000;2025-11-10T19:06:15.000;14.69;-12.96;0.58;20.93;20.34;9
2025-11-11T02:16:29.000;2025-11-10T19:16:29.000;14.44;-12.73;0.59;20.91;20.34;10
2025-11-11T02:26:47.000;2025-11-10T19:26:47.000;13.78;-12.64;0.49;21.11;20.34;11
2025-11-11T02:37:01.000;2025-11-10T19:37:01.000;13.44;-12.06;0.59;20.91;20.34;12
2025-11-11T02:47:15.000;2025-11-10T19:47:15.000;13.12;-12.71;0.59;20.92;20.34;13
2025-11-11T02:57:30.000;2025-11-10T19:57:30.000;13.04;-12.43;0.59;20.92;20.34;14
2025-11-11T03:07:44.000;2025-11-10T20:07:44.000;12.92;-12.57;0.5;21.09;20.34;15
2025-11-11T03:17:58.000;2025-11-10T20:17:58.000;12.88;-12.37;0.5;21.1;20.34;16
2025-11-11T03:28:13.000;2025-11-10T20:28:13.000;12.54;-11.63;0.54;21.0;20.34;17
2025-11-11T03:38:29.000;2025-11-10T20:38:29.000;12.72;-12.7;0.49;21.12;20.34;18
2025-11-11T03:48:43.000;2025-11-10T20:48:43.000;12.61;-12.39;0.46;21.19;20.34;19
2025-11-11T03:58:58.000;2025-11-10T20:58:58.000;12.27;-13.3;0.47;21.15;20.34;20
2025-11-11T04:09:12.000;2025-11-10T21:09:12.000;11.92;-13.21;0.45;21.2;20.34;21
2025-11-11T04:24:44.000;2025-11-10T21:24:44.000;13.09;-12.65;0.68;20.76;20.34;22
2025-11-11T04:35:05.000;2025-11-10T21:35:05.000;13.65;-12.81;0.48;21.14;20.34;23
2025-11-11T04:45:18.000;2025-11-10T21:45:18.000;13.76;-12.09;0.47;21.15;20.34;24
2025-11-11T04:55:33.000;2025-11-10T21:55:33.000;14.05;-12.29;0.45;21.2;20.34;25
2025-11-11T05:05:47.000;2025-11-10T22:05:47.000;14.42;-12.16;0.51;21.06;20.34;26
2025-11-11T05:16:03.000;2025-11-10T22:16:03.000;14.3;-12.9;0.46;21.19;20.34;27
2025-11-11T05:26:18.000;2025-11-10T22:26:18.000;13.97;-12.97;0.44;21.24;20.34;28
2025-11-11T05:36:32.000;2025-11-10T22:36:32.000;13.59;-12.76;0.52;21.05;20.34;29
2025-11-11T05:46:46.000;2025-11-10T22:46:46.000;13.42;-13.35;0.57;20.95;20.34;30
2025-11-11T05:57:00.000;2025-11-10T22:57:00.000;12.88;-13.06;0.6;20.9;20.34;31
2025-11-11T06:07:15.000;2025-11-10T23:07:15.000;13.47;-12.85;0.67;20.78;20.34;32
2025-11-11T06:17:29.000;2025-11-10T23:17:29.000;14.63;-13.11;0.7;20.73;20.34;33
2025-11-11T06:27:44.000;2025-11-10T23:27:44.000;15.19;-13.06;0.76;20.63;20.34;34
2025-11-11T06:37:59.000;2025-11-10T23:37:59.000;15.96;-12.65;0.84;20.53;20.34;35
2025-11-11T06:48:14.000;2025-11-10T23:48:14.000;15.68;-12.71;0.93;20.42;20.34;36
2025-11-11T06:58:28.000;2025-11-10T23:58:28.000;15.02;-13.26;1.12;20.21;20.34;37
2025-11-11T07:08:42.000;2025-11-11T00:08:42.000;14.99;-12.65;1.21;20.14;20.34;38
2025-11-11T07:18:57.000;2025-11-11T00:18:57.000;15.34;-13.4;1.26;20.09;20.34;39
2025-11-11T07:29:11.000;2025-11-11T00:29:11.000;15.62;-13.47;1.34;20.02;20.34;40
2025-11-11T07:39:25.000;2025-11-11T00:39:25.000;15.32;-13.43;1.25;20.09;20.34;41
2025-11-11T07:49:41.000;2025-11-11T00:49:41.000;15.83;-12.63;1.47;19.92;20.34;42
2025-11-11T07:59:56.000;2025-11-11T00:59:56.000;15.99;-13.32;1.58;19.85;20.34;43
2025-11-11T08:10:10.000;2025-11-11T01:10:10.000;15.64;-13.5;1.65;19.79;20.34;44
2025-11-11T08:20:24.000;2025-11-11T01:20:24.000;16.11;-13.67;1.73;19.75;20.34;45
2025-11-11T08:30:38.000;2025-11-11T01:30:38.000;16.37;-12.39;1.82;19.69;20.34;46
2025-11-11T08:40:53.000;2025-11-11T01:40:53.000;15.68;-13.55;2.03;19.57;20.34;47
2025-11-11T08:51:07.000;2025-11-11T01:51:07.000;14.86;-13.93;2.3;19.43;20.34;48
2025-11-11T09:01:21.000;2025-11-11T02:01:21.000;13.9;-14.16;2.53;19.33;20.34;49
2025-11-11T09:11:35.000;2025-11-11T02:11:35.000;13.62;-14.03;2.53;19.33;20.34;50
2025-11-11T09:21:49.000;2025-11-11T02:21:49.000;13.16;-14.58;2.48;19.35;20.34;51
2025-11-11T09:32:03.000;2025-11-11T02:32:03.000;12.95;-12.87;2.57;19.31;20.34;52
2025-11-11T09:42:17.000;2025-11-11T02:42:17.000;13.32;-13.69;2.65;19.28;20.34;53
2025-11-11T09:52:32.000;2025-11-11T02:52:32.000;13.7;-14.12;2.81;19.22;20.34;54
2025-11-11T10:02:47.000;2025-11-11T03:02:47.000;13.34;-14.17;3.11;19.11;20.34;55
2025-11-11T10:13:00.000;2025-11-11T03:13:00.000;12.87;-14.41;3.43;19.0;20.34;56
2025-11-11T10:23:14.000;2025-11-11T03:23:14.000;12.23;-14.57;3.78;18.9;20.34;57
2025-11-11T10:33:28.000;2025-11-11T03:33:28.000;12.13;-14.53;4.27;18.76;20.34;58
2025-11-11T10:43:41.000;2025-11-11T03:43:41.000;11.37;-14.57;4.8;18.64;20.34;59
2025-11-11T10:53:55.000;2025-11-11T03:53:55.000;10.82;-14.69;5.57;18.48;20.34;60
2025-11-11T11:04:10.000;2025-11-11T04:04:10.000;11.62;-14.99;6.63;18.29;20.34;61
2025-11-11T11:14:24.000;2025-11-11T04:14:24.000;11.85;-14.76;10.1;17.83;20.34;62
2025-11-11T11:24:38.000;2025-11-11T04:24:38.000;10.74;-14.77;13.44;17.52;20.34;63
2025-11-11T11:34:53.000;2025-11-11T04:34:53.000;10.21;-14.72;15.62;17.36;20.34;64
2025-11-11T11:45:07.000;2025-11-11T04:45:07.000;10.73;-14.85;17.95;17.2;20.34;65
2025-11-11T11:55:21.000;2025-11-11T04:55:21.000;10.13;-14.81;29.92;16.65;20.34;66
2025-11-11T12:05:35.000;2025-11-11T05:05:35.000;9.82;-15.15;42.21;16.28;20.34;67
2025-11-11T12:15:50.000;2025-11-11T05:15:50.000;9.51;-15.46;52.45;16.04;20.34;68
2025-11-11T12:26:04.000;2025-11-11T05:26:04.000;9.57;-14.6;59.55;15.9;20.34;69
2025-11-11T12:36:18.000;2025-11-11T05:36:18.000;9.34;-15.39;60.14;15.89;20.34;70
2025-11-11T12:46:32.000;2025-11-11T05:46:32.000;9.6;-15.04;58.61;15.92;20.34;71
2025-11-11T12:56:46.000;2025-11-11T05:56:46.000;10.81;-15.04;53.93;16.01;20.34;72
2025-11-11T13:07:02.000;2025-11-11T06:07:02.000;9.96;-15.32;63.65;15.83;20.34;73
2025-11-11T13:17:16.000;2025-11-11T06:17:16.000;9.3;-15.45;233.49;14.42;20.34;74
2025-11-11T13:27:30.000;2025-11-11T06:27:30.000;9.51;-15.28;2588.91;11.81;20.34;75
2025-11-12T00:45:04.000;2025-11-11T17:45:04.000;17.6;-9.07;5490.14;10.99;20.34;1
2025-11-12T00:55:18.000;2025-11-11T17:55:18.000;17.49;-9.41;346.55;13.99;20.34;2
2025-11-12T01:05:32.000;2025-11-11T18:05:32.000;16.53;-10.29;26.32;16.79;20.34;3
2025-11-12T01:15:46.000;2025-11-11T18:15:46.000;16.34;-9.71;4.73;18.65;20.34;4
2025-11-12T01:26:00.000;2025-11-11T18:26:00.000;15.73;-8.47;1.76;19.72;20.34;5
2025-11-12T01:36:14.000;2025-11-11T18:36:14.000;15.39;-9.72;0.74;20.67;20.34;6
2025-11-12T01:46:27.000;2025-11-11T18:46:27.000;14.99;-11.79;0.61;20.88;20.34;7
2025-11-12T01:56:42.000;2025-11-11T18:56:42.000;14.42;-12.73;0.54;21.01;20.34;8
2025-11-12T02:06:56.000;2025-11-11T19:06:56.000;14.02;-13.03;0.53;21.04;20.34;9
2025-11-12T02:17:10.000;2025-11-11T19:17:10.000;13.8;-13.11;0.49;21.12;20.34;10
2025-11-12T02:27:24.000;2025-11-11T19:27:24.000;13.42;-13.24;0.44;21.23;20.34;11
2025-11-12T02:37:38.000;2025-11-11T19:37:38.000;13.23;-13.83;0.46;21.18;20.34;12
2025-11-12T02:47:53.000;2025-11-11T19:47:53.000;13.49;-13.32;0.55;20.99;20.34;13
2025-11-12T02:58:07.000;2025-11-11T19:58:07.000;13.22;-13.32;0.55;20.99;20.34;14
2025-11-12T03:08:22.000;2025-11-11T20:08:22.000;13.31;-13.29;0.49;21.11;20.34;15
2025-11-12T03:18:37.000;2025-11-11T20:18:37.000;13.06;-13.55;0.48;21.13;20.34;16
2025-11-12T03:28:51.000;2025-11-11T20:28:51.000;13.11;-13.96;0.48;21.13;20.34;17
2025-11-12T03:39:05.000;2025-11-11T20:39:05.000;12.81;-13.55;0.65;20.81;20.34;18
2025-11-12T03:49:19.000;2025-11-11T20:49:19.000;12.73;-13.72;0.57;20.95;20.34;19
2025-11-12T03:59:34.000;2025-11-11T20:59:34.000;12.74;-12.86;0.5;21.09;20.34;20
2025-11-12T04:09:48.000;2025-11-11T21:09:48.000;12.83;-13.67;0.48;21.13;20.34;21
2025-11-12T04:20:02.000;2025-11-11T21:20:02.000;12.7;-12.92;0.48;21.13;20.34;22
2025-11-12T04:30:16.000;2025-11-11T21:30:16.000;12.89;-11.52;0.73;20.69;20.34;23
2025-11-12T04:40:30.000;2025-11-11T21:40:30.000;12.91;-12.6;0.57;20.94;20.34;24
2025-11-12T04:50:45.000;2025-11-11T21:50:45.000;12.49;-13.02;0.59;20.92;20.34;25
2025-11-12T05:00:59.000;2025-11-11T22:00:59.000;12.67;-9.79;0.78;20.61;20.34;26
2025-11-12T05:11:13.000;2025-11-11T22:11:13.000;12.58;-5.08;1.29;20.07;20.34;27
2025-11-12T05:21:28.000;2025-11-11T22:21:28.000;12.79;-2.99;1.47;19.92;20.34;28
2025-11-12T05:31:42.000;2025-11-11T22:31:42.000;13.43;-4.52;0.92;20.43;20.34;29
2025-11-12T05:41:57.000;2025-11-11T22:41:57.000;13.19;-5.89;0.91;20.44;20.34;30
2025-11-12T05:52:12.000;2025-11-11T22:52:12.000;12.75;-8.23;0.8;20.58;20.34;31
2025-11-12T06:02:25.000;2025-11-11T23:02:25.000;11.84;-11.61;0.5;21.09;20.34;32
2025-11-12T06:12:39.000;2025-11-11T23:12:39.000;11.24;-13.25;0.56;20.97;20.34;33
2025-11-12T06:22:55.000;2025-11-11T23:22:55.000;10.42;-14.36;0.45;21.2;20.34;34
2025-11-12T06:33:09.000;2025-11-11T23:33:09.000;10.28;-14.94;0.48;21.13;20.34;35
2025-11-12T06:43:24.000;2025-11-11T23:43:24.000;10.19;-14.73;0.41;21.32;20.34;36
2025-11-12T06:53:38.000;2025-11-11T23:53:38.000;10.38;-15.11;0.42;21.27;20.34;37
2025-11-12T07:03:53.000;2025-11-12T00:03:53.000;9.89;-15.38;0.5;21.1;20.34;38
2025-11-12T07:14:06.000;2025-11-12T00:14:06.000;9.33;-15.01;0.53;21.03;20.34;39
2025-11-12T07:24:20.000;2025-11-12T00:24:20.000;9.52;-15.04;0.61;20.88;20.34;40
2025-11-12T07:34:35.000;2025-11-12T00:34:35.000;9.36;-15.35;0.58;20.93;20.34;41
2025-11-12T07:44:49.000;2025-11-12T00:44:49.000;9.31;-15.56;0.69;20.74;20.34;42
2025-11-12T07:55:03.000;2025-11-12T00:55:03.000;9.27;-13.97;0.75;20.65;20.34;43
2025-11-12T08:05:19.000;2025-11-12T01:05:19.000;10.67;-13.51;0.97;20.37;20.34;44
2025-11-12T08:15:34.000;2025-11-12T01:15:34.000;11.47;-13.93;0.92;20.43;20.34;45
2025-11-12T08:25:48.000;2025-11-12T01:25:48.000;10.98;-15.44;1.04;20.29;20.34;46
2025-11-12T08:36:02.000;2025-11-12T01:36:02.000;10.15;-15.07;0.96;20.38;20.34;47
2025-11-12T08:46:17.000;2025-11-12T01:46:17.000;9.94;-15.59;0.97;20.37;20.34;48
2025-11-12T08:56:31.000;2025-11-12T01:56:31.000;9.29;-15.98;1.15;20.19;20.34;49
2025-11-12T09:06:45.000;2025-11-12T02:06:45.000;9.7;-16.21;1.2;20.14;20.34;50
2025-11-12T09:17:00.000;2025-11-12T02:17:00.000;9.8;-16.36;1.12;20.22;20.34;51
2025-11-12T09:27:14.000;2025-11-12T02:27:14.000;10.12;-15.27;1.13;20.21;20.34;52
2025-11-12T09:37:28.000;2025-11-12T02:37:28.000;10.82;-15.54;1.38;19.99;20.34;53
2025-11-12T09:47:43.000;2025-11-12T02:47:43.000;11.48;-15.96;1.51;19.89;20.34;54
2025-11-12T09:57:58.000;2025-11-12T02:57:58.000;11.32;-16.68;1.5;19.9;20.34;55
2025-11-12T10:08:12.000;2025-11-12T03:08:12.000;11.45;-16.03;1.71;19.76;20.34;56
2025-11-12T10:18:26.000;2025-11-12T03:18:26.000;12.34;-16.36;1.77;19.72;20.34;57
2025-11-12T10:28:41.000;2025-11-12T03:28:41.000;11.61;-15.95;1.99;19.6;20.34;58
2025-11-12T10:38:55.000;2025-11-12T03:38:55.000;11.32;-15.95;1.85;19.67;20.34;59
2025-11-12T10:49:09.000;2025-11-12T03:49:09.000;11.27;-15.86;1.84;19.68;20.34;60
2025-11-12T10:59:24.000;2025-11-12T03:59:24.000;11.75;-16.51;1.93;19.63;20.34;61
2025-11-12T11:09:39.000;2025-11-12T04:09:39.000;11.59;-16.8;2.05;19.56;20.34;62
2025-11-12T11:19:54.000;2025-11-12T04:19:54.000;11.34;-16.57;2.26;19.46;20.34;63
2025-11-12T11:30:08.000;2025-11-12T04:30:08.000;11.48;-16.67;2.46;19.36;20.34;64
2025-11-12T11:40:22.000;2025-11-12T04:40:22.000;11.95;-16.48;2.7;19.26;20.34;65
2025-11-12T11:50:36.000;2025-11-12T04:50:36.000;11.43;-16.74;3.04;19.13;20.34;66
2025-11-12T12:00:51.000;2025-11-12T05:00:51.000;11.19;-17.01;3.35;19.03;20.34;67
2025-11-12T12:11:05.000;2025-11-12T05:11:05.000;11.44;-17.38;3.73;18.91;20.34;68
2025-11-12T12:21:20.000;2025-11-12T05:21:20.000;10.89;-17.05;4.23;18.78;20.34;69
2025-11-12T12:31:34.000;2025-11-12T05:31:34.000;10.91;-16.65;5.59;18.47;20.34;70
2025-11-12T12:41:50.000;2025-11-12T05:41:50.000;10.94;-16.22;6.49;18.31;20.34;71
2025-11-12T12:52:04.000;2025-11-12T05:52:04.000;11.03;-16.49;8.06;18.07;20.34;72
2025-11-12T13:02:19.000;2025-11-12T06:02:19.000;10.72;-16.96;16.95;17.27;20.34;73
2025-11-12T13:12:33.000;2025-11-12T06:12:33.000;11.04;-16.9;74.0;15.67;20.34;74
2025-11-12T13:22:48.000;2025-11-12T06:22:48.000;10.6;-17.38;610.34;13.38;20.34;75
2025-11-13T00:41:59.000;2025-11-12T17:41:59.000;18.34;-4.76;8521.52;10.51;20.34;1
2025-11-13T00:52:13.000;2025-11-12T17:52:13.000;18.78;0.27;608.04;13.38;20.34;2
2025-11-13T01:02:27.000;2025-11-12T18:02:27.000;18.88;1.28;52.85;16.03;20.34;3
2025-11-13T01:12:42.000;2025-11-12T18:12:42.000;19.62;2.03;11.73;17.67;20.34;4
2025-11-13T01:22:56.000;2025-11-12T18:22:56.000;18.69;-0.23;2.4;19.39;20.34;5
2025-11-13T01:33:10.000;2025-11-12T18:33:10.000;17.82;-3.74;1.07;20.26;20.34;6
2025-11-13T01:43:25.000;2025-11-12T18:43:25.000;16.65;-10.11;0.48;21.15;20.34;7
2025-11-13T01:53:40.000;2025-11-12T18:53:40.000;15.78;-11.78;0.53;21.02;20.34;8
2025-11-13T02:03:53.000;2025-11-12T19:03:53.000;15.24;-12.19;0.43;21.25;20.34;9
2025-11-13T02:14:07.000;2025-11-12T19:14:07.000;14.94;-8.63;0.64;20.82;20.34;10
2025-11-13T02:24:23.000;2025-11-12T19:24:23.000;15.18;-4.3;0.87;20.5;20.34;11
2025-11-13T02:34:37.000;2025-11-12T19:34:37.000;15.56;-3.01;0.92;20.43;20.34;12
2025-11-13T02:44:53.000;2025-11-12T19:44:53.000;15.34;-6.55;0.72;20.69;20.34;13
2025-11-13T02:55:07.000;2025-11-12T19:55:07.000;14.98;-7.45;0.69;20.74;20.34;14
2025-11-13T03:05:21.000;2025-11-12T20:05:21.000;14.86;-9.42;0.47;21.16;20.34;15
2025-11-13T03:15:35.000;2025-11-12T20:15:35.000;14.8;-5.97;1.2;20.14;20.34;16
2025-11-13T03:25:50.000;2025-11-12T20:25:50.000;14.63;-4.93;0.88;20.47;20.34;17
2025-11-13T03:36:04.000;2025-11-12T20:36:04.000;14.63;-3.57;0.94;20.4;20.34;18
2025-11-13T03:46:18.000;2025-11-12T20:46:18.000;14.71;-6.07;0.8;20.58;20.34;19
2025-11-13T03:56:33.000;2025-11-12T20:56:33.000;14.44;-9.45;0.71;20.71;20.34;20
2025-11-13T04:06:47.000;2025-11-12T21:06:47.000;14.14;-10.93;0.48;21.15;20.34;21
2025-11-13T04:17:01.000;2025-11-12T21:17:01.000;13.95;-10.95;0.53;21.02;20.34;22
2025-11-13T04:27:15.000;2025-11-12T21:27:15.000;13.85;-10.8;0.45;21.2;20.34;23
2025-11-13T04:37:30.000;2025-11-12T21:37:30.000;13.59;-11.36;0.53;21.04;20.34;24
2025-11-13T04:47:44.000;2025-11-12T21:47:44.000;13.46;-11.38;0.5;21.09;20.34;25
2025-11-13T04:57:59.000;2025-11-12T21:57:59.000;13.39;-11.0;0.46;21.19;20.34;26
2025-11-13T05:08:14.000;2025-11-12T22:08:14.000;13.35;-11.21;0.41;21.3;20.34;27
2025-11-13T05:18:28.000;2025-11-12T22:18:28.000;13.07;-11.23;0.4;21.32;20.34;28
2025-11-13T05:28:43.000;2025-11-12T22:28:43.000;12.75;-10.31;0.34;21.51;20.34;29
2025-11-13T05:38:57.000;2025-11-12T22:38:57.000;12.77;-11.01;0.41;21.32;20.34;30
2025-11-13T05:49:11.000;2025-11-12T22:49:11.000;12.5;-9.83;0.48;21.13;20.34;31
2025-11-13T05:59:25.000;2025-11-12T22:59:25.000;12.39;-7.68;0.71;20.72;20.34;32
2025-11-13T06:09:39.000;2025-11-12T23:09:39.000;12.03;-10.2;0.48;21.13;20.34;33
2025-11-13T06:19:53.000;2025-11-12T23:19:53.000;11.67;-11.39;0.38;21.39;20.34;34
2025-11-13T06:30:08.000;2025-11-12T23:30:08.000;11.58;-11.12;0.46;21.17;20.34;35
2025-11-13T06:40:22.000;2025-11-12T23:40:22.000;11.93;-7.85;0.62;20.86;20.34;36
2025-11-13T06:50:37.000;2025-11-12T23:50:37.000;11.68;-7.89;0.56;20.96;20.34;37
2025-11-13T07:00:51.000;2025-11-13T00:00:51.000;11.53;-7.9;0.52;21.06;20.34;38
2025-11-13T07:11:05.000;2025-11-13T00:11:05.000;11.53;-8.45;0.54;21.0;20.34;39
2025-11-13T07:21:19.000;2025-11-13T00:21:19.000;11.72;-3.54;1.17;20.17;20.34;40
2025-11-13T07:31:34.000;2025-11-13T00:31:34.000;12.23;-3.13;0.89;20.47;20.34;41
2025-11-13T07:41:49.000;2025-11-13T00:41:49.000;12.11;-7.68;0.57;20.96;20.34;42
2025-11-13T07:52:03.000;2025-11-13T00:52:03.000;12.68;-5.67;0.78;20.61;20.34;43
2025-11-13T08:02:17.000;2025-11-13T01:02:17.000;13.92;-4.08;0.77;20.62;20.34;44
2025-11-13T08:12:35.000;2025-11-13T01:12:35.000;14.53;-0.48;1.22;20.13;20.34;45
2025-11-13T08:22:50.000;2025-11-13T01:22:50.000;15.52;1.63;1.32;20.04;20.34;46
2025-11-13T08:33:04.000;2025-11-13T01:33:04.000;15.41;3.6;1.17;20.17;20.34;47
2025-11-13T08:43:19.000;2025-11-13T01:43:19.000;15.45;1.85;1.31;20.04;20.34;48
2025-11-13T08:53:33.000;2025-11-13T01:53:33.000;14.85;-0.89;0.94;20.41;20.34;49
2025-11-13T09:03:46.000;2025-11-13T02:03:46.000;13.86;-8.5;0.63;20.84;20.34;50
2025-11-13T09:14:01.000;2025-11-13T02:14:01.000;13.11;-10.87;0.64;20.83;20.34;51
2025-11-13T09:24:14.000;2025-11-13T02:24:14.000;12.39;-11.5;0.62;20.86;20.34;52
2025-11-13T09:34:29.000;2025-11-13T02:34:29.000;12.37;-9.23;1.34;20.02;20.34;53
2025-11-13T09:44:44.000;2025-11-13T02:44:44.000;12.84;-3.95;1.55;19.87;20.34;54
2025-11-13T09:54:58.000;2025-11-13T02:54:58.000;12.74;-5.98;1.28;20.07;20.34;55
2025-11-13T10:05:12.000;2025-11-13T03:05:12.000;12.91;-8.24;1.0;20.34;20.34;56
2025-11-13T10:15:26.000;2025-11-13T03:15:26.000;12.99;-6.72;1.38;19.99;20.34;57
2025-11-13T10:25:41.000;2025-11-13T03:25:41.000;13.03;-5.41;1.98;19.6;20.34;58
2025-11-14T12:21:09.000;2025-11-14T05:21:09.000;8.96;-11.61;0.84;20.53;20.34;69
2025-11-14T12:31:24.000;2025-11-14T05:31:24.000;9.04;-11.87;0.87;20.5;20.34;70
2025-11-14T12:41:39.000;2025-11-14T05:41:39.000;9.06;-11.77;0.92;20.43;20.34;71
2025-11-14T12:51:54.000;2025-11-14T05:51:54.000;9.21;-12.17;1.82;19.69;20.34;72
2025-11-14T13:02:09.000;2025-11-14T06:02:09.000;8.98;-11.94;7.56;18.14;20.34;73
2025-11-14T13:12:24.000;2025-11-14T06:12:24.000;8.79;-12.16;46.41;16.17;20.34;74
2025-11-14T13:22:39.000;2025-11-14T06:22:39.000;8.47;-12.19;375.85;13.9;20.34;75
2025-11-15T00:44:00.000;2025-11-14T17:44:00.000;17.39;-6.38;5440.77;11.0;20.34;1
2025-11-15T00:54:15.000;2025-11-14T17:54:15.000;17.84;-7.11;326.27;14.06;20.34;2
2025-11-15T01:04:30.000;2025-11-14T18:04:30.000;17.71;-7.0;33.7;16.52;20.34;3
2025-11-15T01:14:44.000;2025-11-14T18:14:44.000;17.63;-6.94;5.22;18.55;20.34;4
2025-11-15T01:24:58.000;2025-11-14T18:24:58.000;17.55;-7.41;1.3;20.05;20.34;5
2025-11-15T01:35:12.000;2025-11-14T18:35:12.000;17.26;-7.72;0.65;20.81;20.34;6
2025-11-15T01:45:26.000;2025-11-14T18:45:26.000;16.52;-7.55;0.49;21.11;20.34;7
2025-11-15T01:55:40.000;2025-11-14T18:55:40.000;15.88;-7.63;0.56;20.97;20.34;8
2025-11-15T02:05:55.000;2025-11-14T19:05:55.000;16.18;-7.6;0.5;21.1;20.34;9
2025-11-15T02:16:10.000;2025-11-14T19:16:10.000;15.5;-8.07;0.54;21.01;20.34;10
2025-11-15T02:26:24.000;2025-11-14T19:26:24.000;15.87;-7.93;0.46;21.18;20.34;11
2025-11-15T02:36:38.000;2025-11-14T19:36:38.000;15.94;-7.64;0.55;20.99;20.34;12
2025-11-15T02:46:53.000;2025-11-14T19:46:53.000;15.72;-8.39;0.47;21.15;20.34;13
2025-11-15T02:57:07.000;2025-11-14T19:57:07.000;15.35;-8.57;0.51;21.06;20.34;14
2025-11-15T03:07:21.000;2025-11-14T20:07:21.000;15.45;-8.37;0.39;21.36;20.34;15
2025-11-15T03:17:36.000;2025-11-14T20:17:36.000;15.49;-7.71;0.39;21.37;20.34;16
2025-11-15T03:27:50.000;2025-11-14T20:27:50.000;15.3;-9.09;0.45;21.2;20.34;17
2025-11-15T03:38:04.000;2025-11-14T20:38:04.000;14.91;-8.95;0.45;21.2;20.34;18
2025-11-15T03:48:19.000;2025-11-14T20:48:19.000;14.41;-9.29;0.36;21.45;20.34;19
2025-11-15T03:58:33.000;2025-11-14T20:58:33.000;14.06;-9.12;0.45;21.21;20.34;20
2025-11-15T04:08:47.000;2025-11-14T21:08:47.000;13.37;-9.17;0.44;21.22;20.34;21
2025-11-15T04:19:00.000;2025-11-14T21:19:00.000;13.11;-9.25;0.44;21.22;20.34;22
2025-11-15T04:29:14.000;2025-11-14T21:29:14.000;12.95;-9.25;0.5;21.08;20.34;23
2025-11-15T04:39:29.000;2025-11-14T21:39:29.000;13.58;-9.36;0.43;21.25;20.34;24
2025-11-15T04:49:44.000;2025-11-14T21:49:44.000;13.32;-8.79;0.46;21.19;20.34;25
2025-11-15T04:59:58.000;2025-11-14T21:59:58.000;13.76;-8.74;0.51;21.07;20.34;26
2025-11-15T05:10:13.000;2025-11-14T22:10:13.000;13.58;-9.41;0.43;21.25;20.34;27
2025-11-15T05:20:29.000;2025-11-14T22:20:29.000;12.8;-9.77;0.45;21.2;20.34;28
2025-11-15T05:30:44.000;2025-11-14T22:30:44.000;12.36;-10.28;0.53;21.03;20.34;29
2025-11-15T05:40:59.000;2025-11-14T22:40:59.000;11.99;-10.23;0.46;21.17;20.34;30
2025-11-15T05:51:13.000;2025-11-14T22:51:13.000;12.15;-10.4;0.54;21.01;20.34;31
2025-11-15T06:01:27.000;2025-11-14T23:01:27.000;12.31;-10.08;0.55;20.98;20.34;32
2025-11-15T06:11:42.000;2025-11-14T23:11:42.000;12.22;-9.78;0.49;21.11;20.34;33
2025-11-15T06:21:56.000;2025-11-14T23:21:56.000;12.67;-10.28;0.49;21.1;20.34;34
2025-11-15T06:32:10.000;2025-11-14T23:32:10.000;12.96;-10.61;0.5;21.1;20.34;35
2025-11-15T06:42:24.000;2025-11-14T23:42:24.000;12.25;-10.88;0.5;21.1;20.34;36
2025-11-15T06:52:38.000;2025-11-14T23:52:38.000;11.85;-11.12;0.47;21.16;20.34;37
2025-11-15T07:02:52.000;2025-11-15T00:02:52.000;11.67;-10.95;0.47;21.17;20.34;38
2025-11-15T07:13:07.000;2025-11-15T00:13:07.000;11.17;-11.48;0.56;20.98;20.34;39
2025-11-15T07:23:20.000;2025-11-15T00:23:20.000;10.43;-11.47;0.54;21.01;20.34;40
2025-11-15T07:33:35.000;2025-11-15T00:33:35.000;9.97;-11.59;0.54;21.01;20.34;41
2025-11-15T07:43:50.000;2025-11-15T00:43:50.000;9.9;-11.46;0.49;21.11;20.34;42
2025-11-15T07:54:04.000;2025-11-15T00:54:04.000;9.31;-12.06;0.47;21.16;20.34;43
2025-11-15T08:04:18.000;2025-11-15T01:04:18.000;9.7;-12.0;0.55;20.99;20.34;44
2025-11-15T08:14:32.000;2025-11-15T01:14:32.000;9.86;-12.15;0.57;20.95;20.34;45
2025-11-15T08:24:48.000;2025-11-15T01:24:48.000;10.31;-12.1;0.55;20.98;20.34;46
2025-11-15T08:35:02.000;2025-11-15T01:35:02.000;10.16;-11.97;0.5;21.09;20.34;47
2025-11-15T08:45:17.000;2025-11-15T01:45:17.000;10.44;-11.95;0.49;21.12;20.34;48
2025-11-15T08:55:32.000;2025-11-15T01:55:32.000;10.11;-11.99;0.51;21.06;20.34;49
2025-11-15T09:05:46.000;2025-11-15T02:05:46.000;10.39;-12.16;0.58;20.92;20.34;50
2025-11-15T09:16:00.000;2025-11-15T02:16:00.000;10.03;-12.5;0.58;20.94;20.34;51
2025-11-15T09:26:14.000;2025-11-15T02:26:14.000;9.71;-12.8;0.48;21.14;20.34;52
2025-11-15T09:36:29.000;2025-11-15T02:36:29.000;9.68;-12.39;0.47;21.15;20.34;53
2025-11-15T09:46:44.000;2025-11-15T02:46:44.000;10.71;-12.32;0.57;20.95;20.34;54
2025-11-15T09:56:58.000;2025-11-15T02:56:58.000;11.94;-12.4;0.5;21.09;20.34;55
2025-11-15T10:07:13.000;2025-11-15T03:07:13.000;11.51;-13.42;0.57;20.95;20.34;56
2025-11-15T10:17:28.000;2025-11-15T03:17:28.000;10.9;-12.86;0.49;21.13;20.34;57
2025-11-15T10:27:42.000;2025-11-15T03:27:42.000;11.39;-12.45;0.51;21.06;20.34;58
2025-11-15T10:37:57.000;2025-11-15T03:37:57.000;11.69;-12.96;0.52;21.04;20.34;59
2025-11-15T10:48:12.000;2025-11-15T03:48:12.000;11.14;-13.37;0.59;20.91;20.34;60
2025-11-15T10:58:26.000;2025-11-15T03:58:26.000;11.37;-12.37;0.6;20.89;20.34;61
2025-11-15T11:08:41.000;2025-11-15T04:08:41.000;11.02;-13.88;0.61;20.88;20.34;62
2025-11-15T11:18:54.000;2025-11-15T04:18:54.000;10.45;-13.91;0.52;21.05;20.34;63
2025-11-15T11:29:08.000;2025-11-15T04:29:08.000;10.13;-13.57;0.61;20.88;20.34;64
2025-11-15T11:39:23.000;2025-11-15T04:39:23.000;10.54;-12.62;0.61;20.88;20.34;65
2025-11-15T11:49:37.000;2025-11-15T04:49:37.000;12.33;-13.27;0.52;21.05;20.34;66
2025-11-15T11:59:52.000;2025-11-15T04:59:52.000;11.86;-13.62;0.51;21.06;20.34;67
2025-11-15T12:10:06.000;2025-11-15T05:10:06.000;11.67;-13.59;0.62;20.86;20.34;68
2025-11-15T12:20:20.000;2025-11-15T05:20:20.000;12.09;-13.99;0.53;21.04;20.34;69
2025-11-15T12:30:34.000;2025-11-15T05:30:34.000;11.46;-13.52;0.53;21.02;20.34;70
2025-11-15T12:40:48.000;2025-11-15T05:40:48.000;11.24;-12.83;0.71;20.71;20.34;71
2025-11-15T12:51:02.000;2025-11-15T05:51:02.000;11.04;-12.65;1.36;20.01;20.34;72
2025-11-15T13:01:17.000;2025-11-15T06:01:17.000;11.13;-12.92;5.66;18.46;20.34;73
2025-11-15T13:11:31.000;2025-11-15T06:11:31.000;11.57;-13.08;33.82;16.52;20.34;74
2025-11-15T13:21:46.000;2025-11-15T06:21:46.000;12.04;-13.06;256.82;14.32;20.34;75
2025-11-15T13:32:00.000;2025-11-15T06:32:00.000;11.93;-13.36;3141.4;11.6;20.34;76
2025-11-16T00:44:57.000;2025-11-15T17:44:57.000;18.42;6.92;6333.08;10.84;20.34;1
2025-11-16T00:55:11.000;2025-11-15T17:55:11.000;18.37;6.56;445.78;13.72;20.34;2
2025-11-16T01:05:25.000;2025-11-15T18:05:25.000;17.92;1.26;38.33;16.38;20.34;3
2025-11-16T01:15:39.000;2025-11-15T18:15:39.000;17.43;-0.4;6.25;18.35;20.34;4
2025-11-16T01:25:53.000;2025-11-15T18:25:53.000;16.69;-1.7;1.16;20.18;20.34;5
2025-11-16T01:36:06.000;2025-11-15T18:36:06.000;16.76;-1.22;0.6;20.9;20.34;6
2025-11-16T01:46:20.000;2025-11-15T18:46:20.000;17.07;-1.63;0.51;21.06;20.34;7
2025-11-16T01:56:34.000;2025-11-15T18:56:34.000;16.64;-3.86;0.45;21.21;20.34;8
2025-11-16T02:06:49.000;2025-11-15T19:06:49.000;16.41;-3.48;0.35;21.48;20.34;9
2025-11-16T02:17:04.000;2025-11-15T19:17:04.000;15.86;-5.02;0.41;21.31;20.34;10
2025-11-16T02:27:18.000;2025-11-15T19:27:18.000;16.79;7.94;0.86;20.51;20.34;11
2025-11-16T02:37:33.000;2025-11-15T19:37:33.000;18.37;11.2;1.18;20.16;20.34;12
2025-11-16T02:47:48.000;2025-11-15T19:47:48.000;18.97;10.09;1.02;20.32;20.34;13
2025-11-16T02:58:03.000;2025-11-15T19:58:03.000;18.47;-5.4;0.39;21.37;20.34;14
2025-11-16T03:08:18.000;2025-11-15T20:08:18.000;17.43;-4.01;0.41;21.3;20.34;15
2025-11-16T03:18:32.000;2025-11-15T20:18:32.000;17.31;1.24;0.61;20.88;20.34;16
2025-11-16T03:28:46.000;2025-11-15T20:28:46.000;16.05;-6.61;0.39;21.37;20.34;17
2025-11-16T03:39:00.000;2025-11-15T20:39:00.000;15.55;-5.85;0.45;21.2;20.34;18
2025-11-16T03:49:14.000;2025-11-15T20:49:14.000;15.73;1.64;0.62;20.86;20.34;19
2025-11-16T03:59:28.000;2025-11-15T20:59:28.000;15.95;0.71;0.53;21.03;20.34;20
2025-11-16T04:09:42.000;2025-11-15T21:09:42.000;15.96;5.43;0.78;20.6;20.34;21
2025-11-16T04:19:57.000;2025-11-15T21:19:57.000;16.13;-2.72;0.4;21.34;20.34;22
2025-11-16T04:30:11.000;2025-11-15T21:30:11.000;16.25;-3.93;0.32;21.57;20.34;23
2025-11-16T04:40:25.000;2025-11-15T21:40:25.000;15.96;-4.96;0.4;21.35;20.34;24
2025-11-16T04:50:39.000;2025-11-15T21:50:39.000;15.99;1.35;0.56;20.97;20.34;25
2025-11-16T05:00:54.000;2025-11-15T22:00:54.000;16.22;-2.41;0.53;21.02;20.34;26
2025-11-16T05:11:08.000;2025-11-15T22:11:08.000;15.72;-6.36;0.41;21.31;20.34;27
2025-11-16T05:21:22.000;2025-11-15T22:21:22.000;15.05;-7.52;0.39;21.35;20.34;28
2025-11-16T05:31:36.000;2025-11-15T22:31:36.000;14.74;-7.82;0.43;21.26;20.34;29
2025-11-16T05:41:50.000;2025-11-15T22:41:50.000;14.23;-7.74;0.42;21.29;20.34;30
2025-11-16T05:52:05.000;2025-11-15T22:52:05.000;14.08;-7.65;0.5;21.09;20.34;31
2025-11-16T06:02:19.000;2025-11-15T23:02:19.000;13.85;-7.64;0.43;21.27;20.34;32
2025-11-16T06:12:33.000;2025-11-15T23:12:33.000;14.22;-7.22;0.52;21.05;20.34;33
2025-11-16T06:22:47.000;2025-11-15T23:22:47.000;14.05;-4.77;0.53;21.04;20.34;34
2025-11-16T06:33:01.000;2025-11-15T23:33:01.000;15.03;8.68;0.76;20.64;20.34;35
2025-11-16T06:43:16.000;2025-11-15T23:43:16.000;15.75;8.77;0.77;20.62;20.34;36
2025-11-16T06:53:31.000;2025-11-15T23:53:31.000;15.78;0.31;0.54;21.02;20.34;37
2025-11-16T07:03:45.000;2025-11-16T00:03:45.000;14.25;-7.99;0.47;21.16;20.34;38
2025-11-16T07:13:59.000;2025-11-16T00:13:59.000;13.63;-8.5;0.45;21.21;20.34;39
2025-11-16T07:24:14.000;2025-11-16T00:24:14.000;13.73;-8.37;0.48;21.15;20.34;40
2025-11-16T07:34:28.000;2025-11-16T00:34:28.000;13.54;-4.55;0.48;21.13;20.34;41
2025-11-16T07:44:42.000;2025-11-16T00:44:42.000;13.84;2.95;0.66;20.79;20.34;42
2025-11-16T07:54:57.000;2025-11-16T00:54:57.000;13.99;-3.33;0.61;20.87;20.34;43
2025-11-16T08:05:12.000;2025-11-16T01:05:12.000;13.69;-7.31;0.49;21.1;20.34;44
2025-11-16T08:15:26.000;2025-11-16T01:15:26.000;14.63;9.33;0.72;20.7;20.34;45
2025-11-16T08:25:41.000;2025-11-16T01:25:41.000;14.67;4.77;0.68;20.76;20.34;46
2025-11-16T08:35:55.000;2025-11-16T01:35:55.000;15.43;5.51;0.74;20.66;20.34;47
2025-11-16T08:46:09.000;2025-11-16T01:46:09.000;14.76;-7.47;0.53;21.03;20.34;48
2025-11-16T08:56:24.000;2025-11-16T01:56:24.000;14.66;1.56;0.66;20.79;20.34;49
2025-11-16T09:06:38.000;2025-11-16T02:06:38.000;15.43;9.53;0.69;20.74;20.34;50
2025-11-16T09:16:52.000;2025-11-16T02:16:52.000;15.69;9.32;0.61;20.87;20.34;51
2025-11-16T09:27:06.000;2025-11-16T02:27:06.000;15.83;1.77;0.53;21.03;20.34;52
2025-11-16T09:37:20.000;2025-11-16T02:37:20.000;14.93;-6.53;0.47;21.17;20.34;53
2025-11-16T09:47:34.000;2025-11-16T02:47:34.000;14.49;-8.14;0.46;21.19;20.34;54
2025-11-16T09:57:49.000;2025-11-16T02:57:49.000;13.99;-9.07;0.48;21.13;20.34;55
2025-11-16T10:08:03.000;2025-11-16T03:08:03.000;12.96;-9.05;0.45;21.2;20.34;56
2025-11-16T10:18:17.000;2025-11-16T03:18:17.000;13.65;7.66;0.65;20.81;20.34;57
2025-11-16T10:28:32.000;2025-11-16T03:28:32.000;13.59;-3.98;0.5;21.09;20.34;58
2025-11-16T10:38:46.000;2025-11-16T03:38:46.000;14.18;6.24;0.55;20.98;20.34;59
2025-11-16T10:49:00.000;2025-11-16T03:49:00.000;14.74;10.32;0.68;20.75;20.34;60
2025-11-16T10:59:16.000;2025-11-16T03:59:16.000;15.97;-1.75;0.5;21.09;20.34;61
2025-11-16T11:09:30.000;2025-11-16T04:09:30.000;15.1;-4.96;0.54;21.0;20.34;62
2025-11-16T11:19:45.000;2025-11-16T04:19:45.000;16.36;1.15;0.57;20.95;20.34;63
2025-11-16T11:30:00.000;2025-11-16T04:30:00.000;16.72;10.89;0.9;20.46;20.34;64
2025-11-16T11:40:14.000;2025-11-16T04:40:14.000;15.56;-0.63;0.57;20.95;20.34;65
2025-11-16T11:50:27.000;2025-11-16T04:50:27.000;13.8;-5.49;0.51;21.07;20.34;66
2025-11-16T12:00:42.000;2025-11-16T05:00:42.000;13.76;-7.78;0.46;21.19;20.34;67
2025-11-16T12:10:56.000;2025-11-16T05:10:56.000;15.11;10.12;0.81;20.57;20.34;68
2025-11-16T12:21:11.000;2025-11-16T05:21:11.000;13.86;9.26;0.62;20.86;20.34;69
2025-11-16T12:31:24.000;2025-11-16T05:31:24.000;13.0;-2.15;0.36;21.46;20.34;70
2025-11-16T12:41:38.000;2025-11-16T05:41:38.000;12.92;-0.3;0.47;21.15;20.34;71
2025-11-16T12:51:52.000;2025-11-16T05:51:52.000;12.93;-4.45;0.91;20.44;20.34;72
2025-11-16T13:02:06.000;2025-11-16T06:02:06.000;12.9;-8.3;4.35;18.74;20.34;73
2025-11-16T13:12:22.000;2025-11-16T06:12:22.000;12.96;-8.24;25.41;16.83;20.34;74
2025-11-16T13:32:50.000;2025-11-16T06:32:50.000;13.02;-6.11;3495.61;11.48;20.34;76
2025-11-17T00:45:08.000;2025-11-16T17:45:08.000;10.47;-12.13;3658.6;11.43;20.34;1
2025-11-17T00:55:22.000;2025-11-16T17:55:22.000;10.61;-12.35;241.45;14.38;20.34;2
2025-11-17T01:05:36.000;2025-11-16T18:05:36.000;10.61;-12.38;30.14;16.64;20.34;3
2025-11-17T01:15:51.000;2025-11-16T18:15:51.000;10.9;-11.85;4.76;18.65;20.34;4
2025-11-17T01:26:05.000;2025-11-16T18:26:05.000;11.01;-12.42;0.98;20.36;20.34;5
2025-11-17T01:36:19.000;2025-11-16T18:36:19.000;10.35;-12.03;0.49;21.1;20.34;6
2025-11-17T01:46:35.000;2025-11-16T18:46:35.000;9.85;-12.45;0.49;21.1;20.34;7
2025-11-17T01:56:48.000;2025-11-16T18:56:48.000;10.16;-12.48;0.41;21.3;20.34;8
2025-11-17T02:07:02.000;2025-11-16T19:07:02.000;10.03;-12.21;0.41;21.32;20.34;9
2025-11-17T02:17:16.000;2025-11-16T19:17:16.000;10.38;-12.88;0.35;21.47;20.34;10
2025-11-17T02:27:30.000;2025-11-16T19:27:30.000;9.82;-12.56;0.39;21.36;20.34;11
2025-11-17T02:37:45.000;2025-11-16T19:37:45.000;9.47;-13.12;0.32;21.57;20.34;12
2025-11-17T02:48:00.000;2025-11-16T19:48:00.000;9.37;-12.91;0.35;21.49;20.34;13
2025-11-17T02:58:15.000;2025-11-16T19:58:15.000;9.24;-13.25;0.4;21.33;20.34;14
2025-11-17T03:08:29.000;2025-11-16T20:08:29.000;9.42;-13.1;0.38;21.38;20.34;15
2025-11-17T03:18:44.000;2025-11-16T20:18:44.000;9.16;-13.6;0.46;21.18;20.34;16
2025-11-17T03:28:58.000;2025-11-16T20:28:58.000;8.64;-13.77;0.39;21.37;20.34;17
2025-11-17T03:39:12.000;2025-11-16T20:39:12.000;8.2;-14.28;0.4;21.33;20.34;18
2025-11-17T03:49:27.000;2025-11-16T20:49:27.000;7.69;-13.93;0.31;21.59;20.34;19
2025-11-17T03:59:42.000;2025-11-16T20:59:42.000;8.43;-11.74;0.38;21.39;20.34;20
2025-11-17T04:09:57.000;2025-11-16T21:09:57.000;8.33;-13.94;0.33;21.55;20.34;21
2025-11-17T04:20:11.000;2025-11-16T21:20:11.000;8.03;-14.08;0.39;21.35;20.34;22
2025-11-17T04:30:25.000;2025-11-16T21:30:25.000;8.26;-14.02;0.45;21.21;20.34;23
2025-11-17T04:40:40.000;2025-11-16T21:40:40.000;8.32;-13.8;0.38;21.38;20.34;24
2025-11-17T04:50:53.000;2025-11-16T21:50:53.000;8.1;-14.73;0.45;21.21;20.34;25
2025-11-17T05:01:07.000;2025-11-16T22:01:07.000;7.6;-14.49;0.38;21.4;20.34;26
2025-11-17T05:11:21.000;2025-11-16T22:11:21.000;7.47;-15.09;0.37;21.41;20.34;27
2025-11-17T05:21:39.000;2025-11-16T22:21:39.000;7.39;-15.02;0.39;21.35;20.34;28
2025-11-17T05:31:54.000;2025-11-16T22:31:54.000;7.5;-15.09;0.4;21.34;20.34;29
2025-11-17T05:42:08.000;2025-11-16T22:42:08.000;6.82;-15.01;0.46;21.19;20.34;30
2025-11-17T05:52:22.000;2025-11-16T22:52:22.000;6.9;-13.87;0.39;21.37;20.34;31
2025-11-17T06:02:36.000;2025-11-16T23:02:36.000;6.7;-14.26;0.32;21.57;20.34;32
2025-11-17T06:12:50.000;2025-11-16T23:12:50.000;6.46;-14.21;0.4;21.34;20.34;33
2025-11-17T06:23:04.000;2025-11-16T23:23:04.000;6.51;-13.93;0.47;21.16;20.34;34
2025-11-17T06:33:19.000;2025-11-16T23:33:19.000;7.32;-13.8;0.4;21.33;20.34;35
2025-11-17T06:43:33.000;2025-11-16T23:43:33.000;7.69;-15.55;0.43;21.26;20.34;36
2025-11-17T06:53:48.000;2025-11-16T23:53:48.000;7.51;-15.03;0.5;21.1;20.34;37
2025-11-17T07:04:02.000;2025-11-17T00:04:02.000;7.09;-14.85;0.5;21.1;20.34;38
2025-11-17T07:14:16.000;2025-11-17T00:14:16.000;7.29;-14.65;0.35;21.49;20.34;39
2025-11-17T07:24:30.000;2025-11-17T00:24:30.000;7.37;-14.87;0.44;21.23;20.34;40
2025-11-17T07:34:44.000;2025-11-17T00:34:44.000;7.08;-15.4;0.35;21.48;20.34;41
2025-11-17T07:44:58.000;2025-11-17T00:44:58.000;6.27;-15.63;0.5;21.1;20.34;42
2025-11-17T07:55:12.000;2025-11-17T00:55:12.000;5.88;-14.87;0.5;21.08;20.34;43
2025-11-17T08:10:44.000;2025-11-17T01:10:44.000;6.24;-14.26;0.65;20.81;20.34;44
2025-11-17T08:21:05.000;2025-11-17T01:21:05.000;6.39;-15.49;0.51;21.08;20.34;45
2025-11-17T08:31:18.000;2025-11-17T01:31:18.000;5.88;-15.17;0.43;21.25;20.34;46
2025-11-17T08:41:32.000;2025-11-17T01:41:32.000;5.65;-13.38;0.51;21.08;20.34;47
2025-11-17T08:51:46.000;2025-11-17T01:51:46.000;5.28;-13.22;0.39;21.35;20.34;48
2025-11-17T09:02:00.000;2025-11-17T02:02:00.000;5.07;-13.58;0.44;21.23;20.34;49
2025-11-17T09:12:14.000;2025-11-17T02:12:14.000;5.03;-12.82;0.44;21.24;20.34;50
2025-11-17T09:22:28.000;2025-11-17T02:22:28.000;4.89;-11.98;0.44;21.23;20.34;51
2025-11-17T09:32:42.000;2025-11-17T02:32:42.000;5.01;-10.93;0.43;21.25;20.34;52
2025-11-17T09:42:56.000;2025-11-17T02:42:56.000;4.88;-9.98;0.43;21.26;20.34;53
2025-11-17T09:53:10.000;2025-11-17T02:53:10.000;4.73;-8.91;0.43;21.26;20.34;54
2025-11-17T10:03:24.000;2025-11-17T03:03:24.000;4.76;-7.83;0.5;21.09;20.34;55
2025-11-17T10:13:38.000;2025-11-17T03:13:38.000;4.45;-7.82;0.43;21.26;20.34;56
2025-11-17T10:23:52.000;2025-11-17T03:23:52.000;4.49;-6.97;0.39;21.37;20.34;57
2025-11-17T10:34:06.000;2025-11-17T03:34:06.000;4.44;-6.33;0.43;21.26;20.34;58
2025-11-17T10:44:21.000;2025-11-17T03:44:21.000;4.21;-5.85;0.42;21.29;20.34;59
2025-11-17T10:54:36.000;2025-11-17T03:54:36.000;4.23;-5.62;0.41;21.31;20.34;60
2025-11-17T11:04:50.000;2025-11-17T04:04:50.000;4.73;-4.78;0.41;21.31;20.34;61
2025-11-17T11:15:05.000;2025-11-17T04:15:05.000;4.81;-4.19;0.41;21.32;20.34;62
2025-11-17T11:25:19.000;2025-11-17T04:25:19.000;4.7;-4.26;0.42;21.28;20.34;63
2025-11-17T11:35:33.000;2025-11-17T04:35:33.000;4.33;-3.49;0.39;21.35;20.34;64
2025-11-17T11:45:47.000;2025-11-17T04:45:47.000;4.61;-3.16;0.4;21.33;20.34;65
2025-11-17T11:56:01.000;2025-11-17T04:56:01.000;4.75;-2.54;0.37;21.41;20.34;66
2025-11-17T12:06:16.000;2025-11-17T05:06:16.000;4.58;-2.32;0.3;21.63;20.34;67
2025-11-17T12:16:30.000;2025-11-17T05:16:30.000;4.85;-2.25;0.3;21.65;20.34;68
2025-11-17T12:26:44.000;2025-11-17T05:26:44.000;5.26;-1.63;0.35;21.48;20.34;69
2025-11-17T12:36:58.000;2025-11-17T05:36:58.000;5.38;-1.5;0.32;21.56;20.34;70
2025-11-17T12:47:13.000;2025-11-17T05:47:13.000;5.3;-1.67;0.46;21.17;20.34;71
2025-11-17T12:57:27.000;2025-11-17T05:57:27.000;5.15;-1.33;1.73;19.75;20.34;72
2025-11-17T13:07:41.000;2025-11-17T06:07:41.000;5.33;-1.34;9.45;17.9;20.34;73
2025-11-17T13:17:55.000;2025-11-17T06:17:55.000;4.7;-2.15;67.53;15.77;20.34;74
2025-11-17T13:28:09.000;2025-11-17T06:28:09.000;4.15;-2.35;768.6;13.13;20.34;75
2025-11-18T00:42:21.000;2025-11-17T17:42:21.000;10.09;-10.93;4921.7;11.11;20.34;1
2025-11-18T00:52:35.000;2025-11-17T17:52:35.000;10.81;-11.43;302.84;14.14;20.34;2
2025-11-18T01:02:50.000;2025-11-17T18:02:50.000;10.57;-11.66;27.22;16.75;20.34;3
2025-11-18T01:13:05.000;2025-11-17T18:13:05.000;10.75;-11.85;4.21;18.78;20.34;4
2025-11-18T01:23:19.000;2025-11-17T18:23:19.000;11.33;-11.97;0.93;20.42;20.34;5
2025-11-18T01:33:33.000;2025-11-17T18:33:33.000;11.34;-11.73;0.53;21.02;20.34;6
2025-11-18T01:43:47.000;2025-11-17T18:43:47.000;10.92;-12.6;0.48;21.14;20.34;7
2025-11-18T01:54:02.000;2025-11-17T18:54:02.000;10.43;-12.59;0.39;21.36;20.34;8
2025-11-18T02:04:16.000;2025-11-17T19:04:16.000;9.83;-12.51;0.33;21.55;20.34;9
2025-11-18T02:14:29.000;2025-11-17T19:14:29.000;9.32;-13.17;0.45;21.21;20.34;10
2025-11-18T02:24:43.000;2025-11-17T19:24:43.000;8.85;-12.95;0.41;21.3;20.34;11
2025-11-18T02:34:58.000;2025-11-17T19:34:58.000;8.67;-12.47;0.4;21.33;20.34;12
2025-11-18T02:45:12.000;2025-11-17T19:45:12.000;8.92;-6.94;0.47;21.16;20.34;13
2025-11-18T02:55:27.000;2025-11-17T19:55:27.000;9.31;-12.31;0.46;21.19;20.34;14
2025-11-18T03:05:41.000;2025-11-17T20:05:41.000;9.07;-10.94;0.55;20.98;20.34;15
2025-11-18T03:15:55.000;2025-11-17T20:15:55.000;8.99;-8.62;0.55;20.99;20.34;16
2025-11-18T03:26:09.000;2025-11-17T20:26:09.000;8.55;-11.47;0.41;21.3;20.34;17
2025-11-18T03:36:23.000;2025-11-17T20:36:23.000;8.66;-11.69;0.54;21.01;20.34;18
2025-11-18T03:46:37.000;2025-11-17T20:46:37.000;8.65;-12.1;0.51;21.06;20.34;19
2025-11-18T03:56:53.000;2025-11-17T20:56:53.000;8.64;-10.27;0.43;21.26;20.34;20
2025-11-18T04:07:07.000;2025-11-17T21:07:07.000;8.53;-11.52;0.4;21.34;20.34;21
2025-11-18T04:17:22.000;2025-11-17T21:17:22.000;8.23;-12.52;0.43;21.25;20.34;22
2025-11-18T04:27:36.000;2025-11-17T21:27:36.000;8.47;-11.29;0.43;21.26;20.34;23
2025-11-18T04:37:50.000;2025-11-17T21:37:50.000;8.11;-12.73;0.42;21.28;20.34;24
2025-11-18T04:48:05.000;2025-11-17T21:48:05.000;7.76;-11.2;0.48;21.15;20.34;25
2025-11-18T04:58:19.000;2025-11-17T21:58:19.000;8.04;-10.63;0.63;20.84;20.34;26
2025-11-18T05:08:34.000;2025-11-17T22:08:34.000;7.69;-13.04;0.4;21.32;20.34;27
2025-11-18T05:18:48.000;2025-11-17T22:18:48.000;7.59;-11.95;0.53;21.03;20.34;28
2025-11-18T05:29:02.000;2025-11-17T22:29:02.000;7.87;-12.32;0.55;20.99;20.34;29
2025-11-18T05:39:17.000;2025-11-17T22:39:17.000;8.03;-10.57;0.68;20.77;20.34;30
2025-11-18T05:49:32.000;2025-11-17T22:49:32.000;7.58;-10.39;0.52;21.05;20.34;31
2025-11-18T05:59:46.000;2025-11-17T22:59:46.000;7.46;-9.03;0.62;20.86;20.34;32
2025-11-18T06:10:00.000;2025-11-17T23:10:00.000;7.91;-9.64;0.58;20.94;20.34;33
2025-11-18T06:20:15.000;2025-11-17T23:20:15.000;8.1;-10.09;0.48;21.14;20.34;34
2025-11-18T06:30:29.000;2025-11-17T23:30:29.000;7.99;-9.57;0.5;21.08;20.34;35
2025-11-18T06:40:44.000;2025-11-17T23:40:44.000;8.04;-10.68;0.53;21.03;20.34;36
2025-11-18T06:50:59.000;2025-11-17T23:50:59.000;8.0;-10.18;0.5;21.09;20.34;37
2025-11-18T07:01:13.000;2025-11-18T00:01:13.000;7.79;-10.02;0.59;20.91;20.34;38
2025-11-18T07:11:27.000;2025-11-18T00:11:27.000;7.95;-8.16;0.69;20.74;20.34;39
2025-11-18T07:21:41.000;2025-11-18T00:21:41.000;7.87;-7.51;0.7;20.73;20.34;40
2025-11-18T07:31:55.000;2025-11-18T00:31:55.000;8.43;-6.84;0.74;20.66;20.34;41
2025-11-18T07:42:11.000;2025-11-18T00:42:11.000;8.54;-6.86;0.74;20.66;20.34;42
2025-11-18T07:52:26.000;2025-11-18T00:52:26.000;8.77;-6.94;0.73;20.68;20.34;43
2025-11-18T08:02:41.000;2025-11-18T01:02:41.000;9.22;-7.83;0.56;20.98;20.34;44
2025-11-18T08:12:57.000;2025-11-18T01:12:57.000;9.71;-7.8;0.74;20.66;20.34;45
2025-11-18T08:23:12.000;2025-11-18T01:23:12.000;10.22;-6.7;0.76;20.64;20.34;46
2025-11-18T08:33:26.000;2025-11-18T01:33:26.000;10.44;-4.47;0.74;20.66;20.34;47
2025-11-18T08:43:40.000;2025-11-18T01:43:40.000;10.09;-4.41;0.75;20.65;20.34;48
2025-11-18T08:53:54.000;2025-11-18T01:53:54.000;9.9;-1.95;0.77;20.63;20.34;49
2025-11-18T09:04:09.000;2025-11-18T02:04:09.000;10.52;-4.85;0.74;20.67;20.34;50
2025-11-18T09:14:23.000;2025-11-18T02:14:23.000;9.63;-8.36;0.75;20.65;20.34;51
2025-11-18T09:24:37.000;2025-11-18T02:24:37.000;9.4;-7.82;0.77;20.62;20.34;52
2025-11-18T09:34:51.000;2025-11-18T02:34:51.000;9.68;-8.01;0.86;20.5;20.34;53
2025-11-18T09:45:05.000;2025-11-18T02:45:05.000;9.89;-6.6;0.9;20.45;20.34;54
2025-11-18T09:55:19.000;2025-11-18T02:55:19.000;10.06;-3.15;0.94;20.4;20.34;55
2025-11-18T10:05:35.000;2025-11-18T03:05:35.000;9.53;-8.09;0.86;20.5;20.34;56
2025-11-18T10:15:50.000;2025-11-18T03:15:50.000;9.21;-8.72;0.79;20.6;20.34;57
2025-11-18T10:26:05.000;2025-11-18T03:26:05.000;9.42;-7.84;0.77;20.63;20.34;58
2025-11-18T10:36:19.000;2025-11-18T03:36:19.000;9.38;-8.49;0.78;20.61;20.34;59
2025-11-18T10:46:33.000;2025-11-18T03:46:33.000;9.41;-2.17;0.87;20.49;20.34;60
2025-11-18T10:56:47.000;2025-11-18T03:56:47.000;9.29;-6.23;0.82;20.56;20.34;61
2025-11-18T11:07:01.000;2025-11-18T04:07:01.000;9.21;-1.72;0.83;20.54;20.34;62
2025-11-18T11:17:16.000;2025-11-18T04:17:16.000;9.29;-5.56;0.78;20.6;20.34;63
2025-11-18T11:27:30.000;2025-11-18T04:27:30.000;9.08;-6.39;0.75;20.65;20.34;64
2025-11-18T11:37:45.000;2025-11-18T04:37:45.000;8.66;-6.43;0.79;20.6;20.34;65
2025-11-18T11:47:59.000;2025-11-18T04:47:59.000;8.78;-0.94;0.88;20.48;20.34;66
2025-11-18T11:58:14.000;2025-11-18T04:58:14.000;8.76;-8.08;0.58;20.94;20.34;67
2025-11-18T12:08:28.000;2025-11-18T05:08:28.000;8.64;-11.1;0.57;20.96;20.34;68
2025-11-18T12:18:42.000;2025-11-18T05:18:42.000;8.8;-9.53;0.65;20.81;20.34;69
2025-11-18T12:28:57.000;2025-11-18T05:28:57.000;9.83;-1.24;0.59;20.91;20.34;70
2025-11-18T12:39:12.000;2025-11-18T05:39:12.000;10.65;-7.36;0.59;20.92;20.34;71
2025-11-18T12:49:27.000;2025-11-18T05:49:27.000;10.68;-11.12;0.78;20.61;20.34;72
2025-11-18T12:59:43.000;2025-11-18T05:59:43.000;10.46;-12.46;1.6;19.83;20.34;73
2025-11-18T13:09:58.000;2025-11-18T06:09:58.000;11.03;0.88;11.21;17.72;20.34;74
2025-11-18T13:20:12.000;2025-11-18T06:20:12.000;11.41;2.48;71.25;15.71;20.34;75
2025-11-18T13:30:26.000;2025-11-18T06:30:26.000;11.62;3.9;748.68;13.15;20.34;76
2025-11-18T13:40:41.000;2025-11-18T06:40:41.000;11.52;2.7;11181.84;10.22;20.34;77
2025-11-19T00:41:27.000;2025-11-18T17:41:27.000;14.23;-5.62;7490.07;10.65;20.34;1
2025-11-19T00:51:42.000;2025-11-18T17:51:42.000;14.44;-6.18;449.67;13.71;20.34;2
2025-11-19T01:01:56.000;2025-11-18T18:01:56.000;14.27;-6.04;50.58;16.08;20.34;3
2025-11-19T01:12:10.000;2025-11-18T18:12:10.000;14.45;-4.4;8.12;18.07;20.34;4
2025-11-19T01:22:24.000;2025-11-18T18:22:24.000;14.33;-4.49;1.96;19.61;20.34;5
2025-11-19T01:32:38.000;2025-11-18T18:32:38.000;14.38;-7.58;0.8;20.58;20.34;6
2025-11-19T01:42:53.000;2025-11-18T18:42:53.000;14.2;-3.22;1.23;20.12;20.34;7
2025-11-19T01:53:07.000;2025-11-18T18:53:07.000;13.95;-5.38;0.86;20.5;20.34;8
2025-11-19T02:03:22.000;2025-11-18T19:03:22.000;14.18;-1.55;1.49;19.91;20.34;9
2025-11-19T02:13:37.000;2025-11-18T19:13:37.000;13.89;0.8;1.08;20.26;20.34;10
2025-11-19T02:23:51.000;2025-11-18T19:23:51.000;13.7;2.17;1.14;20.2;20.34;11
2025-11-19T02:34:06.000;2025-11-18T19:34:06.000;13.45;2.58;1.61;19.83;20.34;12
2025-11-19T02:44:20.000;2025-11-18T19:44:20.000;13.58;3.03;1.63;19.81;20.34;13
2025-11-19T02:54:37.000;2025-11-18T19:54:37.000;13.76;2.16;1.49;19.91;20.34;14
2025-11-19T03:04:50.000;2025-11-18T20:04:50.000;13.7;-1.84;1.2;20.14;20.34;15
2025-11-19T03:15:04.000;2025-11-18T20:15:04.000;13.75;-1.34;1.56;19.85;20.34;16
2025-11-19T03:25:20.000;2025-11-18T20:25:20.000;13.87;0.73;1.27;20.08;20.34;17
2025-11-19T03:35:34.000;2025-11-18T20:35:34.000;14.29;1.57;1.1;20.23;20.34;18
2025-11-19T03:45:49.000;2025-11-18T20:45:49.000;13.68;-9.34;0.54;21.01;20.34;19
2025-11-19T03:56:02.000;2025-11-18T20:56:02.000;13.04;-10.47;0.48;21.13;20.34;20
2025-11-19T04:06:16.000;2025-11-18T21:06:16.000;12.17;-11.45;0.62;20.86;20.34;21
2025-11-19T04:16:30.000;2025-11-18T21:16:30.000;12.21;-6.82;0.6;20.89;20.34;22
2025-11-19T04:26:44.000;2025-11-18T21:26:44.000;12.25;-6.12;0.48;21.14;20.34;23
2025-11-19T04:37:00.000;2025-11-18T21:37:00.000;11.53;-11.31;0.51;21.08;20.34;24
2025-11-19T04:47:14.000;2025-11-18T21:47:14.000;11.41;-10.25;0.52;21.04;20.34;25
2025-11-19T04:57:28.000;2025-11-18T21:57:28.000;11.08;-14.06;0.3;21.63;20.34;26
2025-11-19T05:07:42.000;2025-11-18T22:07:42.000;10.69;-14.08;0.42;21.28;20.34;27
2025-11-19T05:17:56.000;2025-11-18T22:17:56.000;10.24;-13.45;0.38;21.38;20.34;28
2025-11-19T05:28:09.000;2025-11-18T22:28:09.000;10.44;-13.23;0.37;21.43;20.34;29
2025-11-19T05:38:25.000;2025-11-18T22:38:25.000;10.24;-14.01;0.37;21.43;20.34;30
2025-11-19T05:48:40.000;2025-11-18T22:48:40.000;10.49;-13.74;0.31;21.62;20.34;31
2025-11-19T05:58:54.000;2025-11-18T22:58:54.000;10.84;-14.03;0.39;21.36;20.34;32
2025-11-19T06:09:09.000;2025-11-18T23:09:09.000;11.15;-13.95;0.4;21.33;20.34;33
2025-11-19T06:19:24.000;2025-11-18T23:19:24.000;10.2;-14.3;0.41;21.31;20.34;34
2025-11-19T06:29:37.000;2025-11-18T23:29:37.000;9.79;-12.3;0.47;21.16;20.34;35
2025-11-19T06:39:53.000;2025-11-18T23:39:53.000;10.1;-14.61;0.35;21.49;20.34;36
2025-11-19T06:50:07.000;2025-11-18T23:50:07.000;9.99;-13.22;0.36;21.45;20.34;37
2025-11-19T07:00:23.000;2025-11-19T00:00:23.000;10.41;-14.0;0.4;21.34;20.34;38
2025-11-19T07:10:37.000;2025-11-19T00:10:37.000;10.49;-13.59;0.42;21.27;20.34;39
2025-11-19T07:20:52.000;2025-11-19T00:20:52.000;10.96;-10.57;0.42;21.28;20.34;40
2025-11-19T07:31:06.000;2025-11-19T00:31:06.000;10.52;-13.03;0.4;21.33;20.34;41
2025-11-19T07:41:22.000;2025-11-19T00:41:22.000;11.23;-6.14;0.42;21.29;20.34;42
2025-11-19T07:51:36.000;2025-11-19T00:51:36.000;11.28;-1.81;0.59;20.92;20.34;43
2025-11-19T08:01:52.000;2025-11-19T01:01:52.000;11.37;-13.17;0.44;21.22;20.34;44
2025-11-19T08:12:07.000;2025-11-19T01:12:07.000;11.1;-13.56;0.5;21.09;20.34;45
2025-11-19T08:22:22.000;2025-11-19T01:22:22.000;11.68;-13.69;0.43;21.26;20.34;46
2025-11-19T08:32:36.000;2025-11-19T01:32:36.000;11.28;-13.97;0.51;21.06;20.34;47
2025-11-19T08:42:50.000;2025-11-19T01:42:50.000;10.75;-13.21;0.44;21.24;20.34;48
2025-11-19T08:53:04.000;2025-11-19T01:53:04.000;10.74;-13.52;0.52;21.04;20.34;49
2025-11-19T09:03:19.000;2025-11-19T02:03:19.000;10.96;-14.71;0.43;21.25;20.34;50
2025-11-19T09:13:35.000;2025-11-19T02:13:35.000;10.87;-14.35;0.52;21.06;20.34;51
2025-11-19T09:23:50.000;2025-11-19T02:23:50.000;11.24;-12.7;0.51;21.07;20.34;52
2025-11-19T09:34:04.000;2025-11-19T02:34:04.000;11.04;-14.45;0.43;21.27;20.34;53
2025-11-19T09:44:19.000;2025-11-19T02:44:19.000;10.84;-15.01;0.38;21.4;20.34;54
2025-11-19T09:54:34.000;2025-11-19T02:54:34.000;10.71;-14.27;0.41;21.3;20.34;55
2025-11-19T10:04:48.000;2025-11-19T03:04:48.000;11.29;-15.32;0.43;21.26;20.34;56
2025-11-19T10:15:03.000;2025-11-19T03:15:03.000;11.31;-14.79;0.41;21.3;20.34;57
2025-11-19T10:25:18.000;2025-11-19T03:25:18.000;11.21;-15.29;0.49;21.11;20.34;58
2025-11-19T10:35:32.000;2025-11-19T03:35:32.000;11.14;-14.98;0.37;21.42;20.34;59
2025-11-19T10:45:46.000;2025-11-19T03:45:46.000;10.95;-15.49;0.4;21.34;20.34;60
2025-11-19T10:56:00.000;2025-11-19T03:56:00.000;10.78;-15.32;0.42;21.28;20.34;61
2025-11-19T11:06:14.000;2025-11-19T04:06:14.000;10.71;-15.01;0.41;21.3;20.34;62
2025-11-19T11:16:28.000;2025-11-19T04:16:28.000;10.83;-15.25;0.44;21.22;20.34;63
2025-11-19T11:26:42.000;2025-11-19T04:26:42.000;10.53;-14.78;0.37;21.42;20.34;64
2025-11-19T11:36:56.000;2025-11-19T04:36:56.000;10.52;-13.54;0.29;21.68;20.34;65
2025-11-19T11:47:11.000;2025-11-19T04:47:11.000;10.76;-13.66;0.28;21.72;20.34;66
2025-11-19T11:57:25.000;2025-11-19T04:57:25.000;10.51;-14.72;0.34;21.51;20.34;67
2025-11-19T12:07:40.000;2025-11-19T05:07:40.000;10.59;-14.26;0.32;21.58;20.34;68
2025-11-19T12:17:55.000;2025-11-19T05:17:55.000;10.87;-3.84;0.49;21.1;20.34;69
2025-11-19T12:28:09.000;2025-11-19T05:28:09.000;10.26;-14.08;0.23;21.96;20.34;70
2025-11-19T12:38:23.000;2025-11-19T05:38:23.000;9.78;-14.88;0.3;21.63;20.34;71
2025-11-19T12:48:37.000;2025-11-19T05:48:37.000;9.61;-15.12;0.37;21.42;20.34;72
2025-11-19T12:58:51.000;2025-11-19T05:58:51.000;8.66;-15.13;0.97;20.37;20.34;73
2025-11-19T13:09:06.000;2025-11-19T06:09:06.000;8.98;-15.26;5.6;18.47;20.34;74
2025-11-19T13:19:20.000;2025-11-19T06:19:20.000;8.84;-14.25;43.41;16.25;20.34;75
2025-11-19T13:29:34.000;2025-11-19T06:29:34.000;9.46;-12.78;520.3;13.55;20.34;76
2025-11-19T13:39:49.000;2025-11-19T06:39:49.000;10.09;-9.36;7471.99;10.66;20.34;77
2025-11-20T00:41:30.000;2025-11-19T17:41:30.000;11.77;-12.54;5064.15;11.08;20.34;1
2025-11-20T00:51:45.000;2025-11-19T17:51:45.000;11.58;-10.27;388.77;13.87;20.34;2
2025-11-20T01:02:00.000;2025-11-19T18:02:00.000;11.07;-9.97;40.93;16.31;20.34;3
2025-11-20T01:12:14.000;2025-11-19T18:12:14.000;11.9;-3.16;7.75;18.12;20.34;4
2025-11-20T01:22:28.000;2025-11-19T18:22:28.000;10.97;-11.14;1.55;19.86;20.34;5
2025-11-20T01:32:42.000;2025-11-19T18:32:42.000;10.01;-11.58;0.52;21.06;20.34;6
2025-11-20T01:42:56.000;2025-11-19T18:42:56.000;9.5;-15.57;0.33;21.55;20.34;7
2025-11-20T01:53:10.000;2025-11-19T18:53:10.000;9.47;-15.12;0.34;21.52;20.34;8
2025-11-20T02:03:25.000;2025-11-19T19:03:25.000;9.65;-12.13;0.41;21.3;20.34;9
2025-11-20T02:13:40.000;2025-11-19T19:13:40.000;9.64;-7.28;0.49;21.11;20.34;10
2025-11-20T02:23:54.000;2025-11-19T19:23:54.000;10.79;1.59;0.53;21.03;20.34;11
2025-11-20T02:34:09.000;2025-11-19T19:34:09.000;10.85;1.56;1.39;19.98;20.34;12
2025-11-20T02:44:23.000;2025-11-19T19:44:23.000;10.72;0.83;1.61;19.82;20.34;13
2025-11-20T02:54:38.000;2025-11-19T19:54:38.000;10.61;-0.15;1.2;20.14;20.34;14
2025-11-20T03:04:52.000;2025-11-19T20:04:52.000;9.86;-5.62;0.7;20.72;20.34;15
2025-11-20T03:15:07.000;2025-11-19T20:15:07.000;10.15;1.62;1.17;20.17;20.34;16
2025-11-20T03:25:22.000;2025-11-19T20:25:22.000;9.64;-13.47;0.3;21.63;20.34;17
2025-11-20T03:35:36.000;2025-11-19T20:35:36.000;8.87;-7.7;0.31;21.61;20.34;18
2025-11-20T03:45:49.000;2025-11-19T20:45:49.000;9.04;0.55;0.81;20.57;20.34;19
2025-11-20T03:56:04.000;2025-11-19T20:56:04.000;9.95;2.24;0.96;20.38;20.34;20
2025-11-20T04:06:18.000;2025-11-19T21:06:18.000;9.83;0.55;0.85;20.52;20.34;21
2025-11-20T04:16:32.000;2025-11-19T21:16:32.000;9.89;-1.37;0.7;20.73;20.34;22
2025-11-20T04:26:48.000;2025-11-19T21:26:48.000;10.19;-1.58;1.13;20.21;20.34;23
2025-11-20T04:37:02.000;2025-11-19T21:37:02.000;9.75;-3.5;0.8;20.58;20.34;24
2025-11-20T04:47:16.000;2025-11-19T21:47:16.000;9.81;-0.43;0.97;20.37;20.34;25
2025-11-20T04:57:30.000;2025-11-19T21:57:30.000;9.82;1.15;1.56;19.86;20.34;26
2025-11-20T05:07:44.000;2025-11-19T22:07:44.000;9.85;1.2;1.44;19.95;20.34;27
2025-11-20T05:17:58.000;2025-11-19T22:17:58.000;9.72;1.4;1.02;20.31;20.34;28
2025-11-20T05:28:12.000;2025-11-19T22:28:12.000;10.36;5.5;1.18;20.16;20.34;29
2025-11-20T05:38:27.000;2025-11-19T22:38:27.000;10.71;4.88;1.11;20.23;20.34;30
2025-11-20T05:48:41.000;2025-11-19T22:48:41.000;10.81;4.25;1.08;20.25;20.34;31
2025-11-20T05:58:55.000;2025-11-19T22:58:55.000;10.93;5.46;0.96;20.39;20.34;32
2025-11-20T06:09:10.000;2025-11-19T23:09:10.000;10.93;7.4;0.63;20.84;20.34;33
2025-11-20T06:19:24.000;2025-11-19T23:19:24.000;9.93;9.64;0.5;21.1;20.34;34
2025-11-20T06:29:38.000;2025-11-19T23:29:38.000;8.55;6.39;0.57;20.95;20.34;35
2025-11-20T06:39:52.000;2025-11-19T23:39:52.000;8.25;7.85;0.55;20.98;20.34;36
2025-11-20T06:50:06.000;2025-11-19T23:50:06.000;8.01;7.9;0.4;21.33;20.34;37
2025-11-20T07:00:20.000;2025-11-20T00:00:20.000;8.22;8.09;0.54;21.0;20.34;38
2025-11-20T07:10:36.000;2025-11-20T00:10:36.000;8.42;8.38;0.63;20.84;20.34;39
2025-11-20T07:20:49.000;2025-11-20T00:20:49.000;8.11;5.26;0.47;21.16;20.34;40
2025-11-20T07:31:03.000;2025-11-20T00:31:03.000;8.11;6.03;0.48;21.15;20.34;41
2025-11-20T07:41:17.000;2025-11-20T00:41:17.000;8.01;6.13;0.46;21.18;20.34;42
2025-11-20T07:51:31.000;2025-11-20T00:51:31.000;7.49;4.62;0.46;21.18;20.34;43
2025-11-20T08:01:45.000;2025-11-20T01:01:45.000;7.81;4.89;0.52;21.06;20.34;44
2025-11-20T08:11:59.000;2025-11-20T01:11:59.000;8.1;5.99;0.42;21.29;20.34;45
2025-11-20T08:22:13.000;2025-11-20T01:22:13.000;8.14;6.94;0.49;21.12;20.34;46
2025-11-20T08:32:29.000;2025-11-20T01:32:29.000;7.75;4.74;0.38;21.4;20.34;47
2025-11-20T08:42:44.000;2025-11-20T01:42:44.000;7.6;6.49;0.38;21.4;20.34;48
2025-11-20T08:52:58.000;2025-11-20T01:52:58.000;7.78;7.67;0.41;21.3;20.34;49
2025-11-20T09:03:12.000;2025-11-20T02:03:12.000;7.59;7.31;0.4;21.33;20.34;50
2025-11-20T09:13:26.000;2025-11-20T02:13:26.000;7.58;7.51;0.37;21.42;20.34;51
2025-11-20T09:23:40.000;2025-11-20T02:23:40.000;7.51;6.41;0.4;21.33;20.34;52
2025-11-20T09:33:54.000;2025-11-20T02:33:54.000;7.22;6.56;0.33;21.56;20.34;53
2025-11-20T09:44:09.000;2025-11-20T02:44:09.000;6.27;5.66;0.35;21.47;20.34;54
2025-11-20T09:54:23.000;2025-11-20T02:54:23.000;5.66;5.45;0.28;21.71;20.34;55
2025-11-20T10:04:36.000;2025-11-20T03:04:36.000;5.16;4.84;0.33;21.54;20.34;56
2025-11-20T10:14:50.000;2025-11-20T03:14:50.000;4.9;4.6;0.34;21.52;20.34;57
2025-11-20T10:25:04.000;2025-11-20T03:25:04.000;4.57;4.42;0.28;21.73;20.34;58
2025-11-20T10:35:18.000;2025-11-20T03:35:18.000;4.29;4.36;0.33;21.55;20.34;59
2025-11-20T10:45:33.000;2025-11-20T03:45:33.000;4.97;4.85;0.34;21.5;20.34;60
2025-11-20T10:55:47.000;2025-11-20T03:55:47.000;5.69;5.89;0.29;21.68;20.34;61
2025-11-20T11:06:01.000;2025-11-20T04:06:01.000;6.28;6.37;0.31;21.6;20.34;62
2025-11-20T11:16:16.000;2025-11-20T04:16:16.000;5.86;5.92;0.33;21.54;20.34;63
2025-11-20T11:26:30.000;2025-11-20T04:26:30.000;6.29;6.31;0.28;21.71;20.34;64
2025-11-20T11:36:44.000;2025-11-20T04:36:44.000;6.4;6.36;0.34;21.5;20.34;65
2025-11-20T11:46:59.000;2025-11-20T04:46:59.000;6.32;6.26;0.4;21.34;20.34;66
2025-11-20T11:57:13.000;2025-11-20T04:57:13.000;6.49;6.48;0.44;21.23;20.34;67
2025-11-20T12:07:27.000;2025-11-20T05:07:27.000;6.64;6.55;0.48;21.14;20.34;68
2025-11-20T12:17:41.000;2025-11-20T05:17:41.000;6.65;6.55;0.47;21.16;20.34;69
2025-11-20T12:27:55.000;2025-11-20T05:27:55.000;6.67;6.61;0.32;21.58;20.34;70
2025-11-20T12:38:11.000;2025-11-20T05:38:11.000;6.67;6.61;0.46;21.19;20.34;71
2025-11-20T12:48:25.000;2025-11-20T05:48:25.000;6.62;6.58;0.47;21.16;20.34;72
2025-11-20T12:58:40.000;2025-11-20T05:58:40.000;6.6;6.52;0.77;20.62;20.34;73
2025-11-20T13:08:54.000;2025-11-20T06:08:54.000;6.64;6.53;4.23;18.77;20.34;74
2025-11-20T13:19:09.000;2025-11-20T06:19:09.000;6.69;6.69;23.0;16.94;20.34;75
2025-11-20T13:29:23.000;2025-11-20T06:29:23.000;6.73;6.67;291.37;14.18;20.34;76
2025-11-20T13:39:37.000;2025-11-20T06:39:37.000;6.79;6.7;3091.01;11.61;20.34;77
2025-11-21T00:44:28.000;2025-11-20T17:44:28.000;5.18;-18.65;2656.72;11.78;20.34;1
2025-11-21T00:54:42.000;2025-11-20T17:54:42.000;5.67;-20.19;184.75;14.67;20.34;2
2025-11-21T01:04:57.000;2025-11-20T18:04:57.000;5.51;-20.72;21.76;17.0;20.34;3
2025-11-21T01:15:11.000;2025-11-20T18:15:11.000;5.6;-20.48;3.57;18.96;20.34;4
2025-11-21T01:25:25.000;2025-11-20T18:25:25.000;5.72;-20.49;0.81;20.57;20.34;5
2025-11-21T01:35:39.000;2025-11-20T18:35:39.000;5.59;-20.81;0.42;21.28;20.34;6
2025-11-21T01:45:53.000;2025-11-20T18:45:53.000;5.49;-19.83;0.38;21.38;20.34;7
2025-11-21T01:56:08.000;2025-11-20T18:56:08.000;5.87;-20.37;0.38;21.4;20.34;8
2025-11-21T02:06:23.000;2025-11-20T19:06:23.000;5.07;-21.13;0.31;21.61;20.34;9
2025-11-21T02:16:37.000;2025-11-20T19:16:37.000;4.85;-20.79;0.44;21.22;20.34;10
2025-11-21T02:26:51.000;2025-11-20T19:26:51.000;4.93;-21.4;0.39;21.37;20.34;11
2025-11-21T02:37:05.000;2025-11-20T19:37:05.000;4.44;-21.17;0.3;21.63;20.34;12
2025-11-21T02:47:19.000;2025-11-20T19:47:19.000;3.71;-21.5;0.42;21.28;20.34;13
2025-11-21T03:02:36.000;2025-11-20T20:02:36.000;4.06;-22.3;0.53;21.03;20.34;14
2025-11-21T03:12:56.000;2025-11-20T20:12:56.000;3.85;-22.23;0.36;21.46;20.34;15
2025-11-21T03:23:09.000;2025-11-20T20:23:09.000;2.91;-22.19;0.29;21.67;20.34;16
2025-11-21T03:33:23.000;2025-11-20T20:33:23.000;2.81;-21.77;0.36;21.44;20.34;17
2025-11-21T03:43:37.000;2025-11-20T20:43:37.000;2.62;-22.19;0.36;21.43;20.34;18
2025-11-21T03:53:51.000;2025-11-20T20:53:51.000;2.42;-22.37;0.29;21.67;20.34;19
2025-11-21T04:04:06.000;2025-11-20T21:04:06.000;3.02;-22.25;0.37;21.41;20.34;20
2025-11-21T04:14:20.000;2025-11-20T21:14:20.000;3.22;-21.81;0.36;21.46;20.34;21
2025-11-21T04:24:34.000;2025-11-20T21:24:34.000;3.2;-21.93;0.36;21.46;20.34;22
2025-11-21T04:34:48.000;2025-11-20T21:34:48.000;3.81;-21.93;0.36;21.46;20.34;23
2025-11-21T04:45:04.000;2025-11-20T21:45:04.000;3.39;-22.0;0.36;21.46;20.34;24
2025-11-21T04:55:18.000;2025-11-20T21:55:18.000;2.94;-22.14;0.42;21.29;20.34;25
2025-11-21T05:05:32.000;2025-11-20T22:05:32.000;3.23;-21.69;0.35;21.48;20.34;26
2025-11-21T05:21:05.000;2025-11-20T22:21:05.000;3.61;-22.86;0.51;21.07;20.34;27
2025-11-21T05:31:26.000;2025-11-20T22:31:26.000;3.31;-22.87;0.34;21.5;20.34;28
2025-11-21T05:41:39.000;2025-11-20T22:41:39.000;2.26;-22.33;0.29;21.7;20.34;29
2025-11-21T05:51:52.000;2025-11-20T22:51:52.000;1.71;-21.97;0.34;21.5;20.34;30
2025-11-21T06:02:06.000;2025-11-20T23:02:06.000;1.63;-22.07;0.34;21.53;20.34;31
2025-11-21T06:12:20.000;2025-11-20T23:12:20.000;1.31;-22.31;0.27;21.76;20.34;32
2025-11-21T06:22:34.000;2025-11-20T23:22:34.000;1.07;-22.38;0.27;21.78;20.34;33
2025-11-21T06:32:49.000;2025-11-20T23:32:49.000;1.72;-22.25;0.28;21.71;20.34;34
2025-11-21T06:43:04.000;2025-11-20T23:43:04.000;1.88;-22.17;0.31;21.6;20.34;35
2025-11-21T06:53:21.000;2025-11-20T23:53:21.000;2.31;-21.79;0.21;22.04;20.34;36
2025-11-21T07:03:35.000;2025-11-21T00:03:35.000;2.8;-22.07;0.21;22.02;20.34;37
2025-11-21T07:13:49.000;2025-11-21T00:13:49.000;2.83;-22.24;0.34;21.52;20.34;38
2025-11-21T07:24:03.000;2025-11-21T00:24:03.000;1.92;-22.41;0.34;21.52;20.34;39
2025-11-21T07:34:17.000;2025-11-21T00:34:17.000;2.14;-21.93;0.29;21.7;20.34;40
2025-11-21T07:44:32.000;2025-11-21T00:44:32.000;2.93;-21.88;0.37;21.42;20.34;41
2025-11-21T07:54:46.000;2025-11-21T00:54:46.000;2.89;-22.16;0.32;21.59;20.34;42
2025-11-21T08:05:00.000;2025-11-21T01:05:00.000;2.82;-22.07;0.4;21.32;20.34;43
2025-11-21T08:15:14.000;2025-11-21T01:15:14.000;3.51;-21.73;0.47;21.16;20.34;44
2025-11-21T08:25:28.000;2025-11-21T01:25:28.000;3.52;-22.05;0.4;21.33;20.34;45
2025-11-21T08:35:42.000;2025-11-21T01:35:42.000;3.34;-22.14;0.34;21.51;20.34;46
2025-11-21T08:45:56.000;2025-11-21T01:45:56.000;3.25;-21.85;0.41;21.3;20.34;47
2025-11-21T08:56:11.000;2025-11-21T01:56:11.000;3.07;-22.53;0.43;21.25;20.34;48
2025-11-21T09:06:26.000;2025-11-21T02:06:26.000;3.23;-21.69;0.48;21.14;20.34;49
2025-11-21T09:16:42.000;2025-11-21T02:16:42.000;3.2;-22.09;0.49;21.1;20.34;50
2025-11-21T09:26:56.000;2025-11-21T02:26:56.000;3.25;-21.86;0.41;21.31;20.34;51
2025-11-21T09:37:09.000;2025-11-21T02:37:09.000;3.4;-21.49;0.41;21.31;20.34;52
2025-11-21T09:47:24.000;2025-11-21T02:47:24.000;2.98;-21.77;0.42;21.27;20.34;53
2025-11-21T09:57:39.000;2025-11-21T02:57:39.000;3.54;-21.3;0.48;21.13;20.34;54
2025-11-21T10:07:53.000;2025-11-21T03:07:53.000;3.25;-21.28;0.49;21.12;20.34;55
2025-11-21T10:18:07.000;2025-11-21T03:18:07.000;3.35;-21.57;0.34;21.51;20.34;56
2025-11-21T10:28:21.000;2025-11-21T03:28:21.000;3.03;-21.87;0.42;21.29;20.34;57
2025-11-21T10:38:35.000;2025-11-21T03:38:35.000;2.77;-20.96;0.42;21.28;20.34;58
2025-11-21T10:48:50.000;2025-11-21T03:48:50.000;2.65;-21.33;0.42;21.29;20.34;59
2025-11-21T10:59:04.000;2025-11-21T03:59:04.000;3.65;-21.21;0.42;21.29;20.34;60
2025-11-21T11:09:18.000;2025-11-21T04:09:18.000;4.79;-21.46;0.34;21.5;20.34;61
2025-11-21T11:19:33.000;2025-11-21T04:19:33.000;4.87;-21.07;0.4;21.33;20.34;62
2025-11-21T11:29:48.000;2025-11-21T04:29:48.000;4.61;-21.37;0.46;21.18;20.34;63
2025-11-21T11:40:04.000;2025-11-21T04:40:04.000;4.03;-20.35;0.39;21.36;20.34;64
2025-11-21T11:50:18.000;2025-11-21T04:50:18.000;4.44;-21.19;0.31;21.6;20.34;65
2025-11-21T12:00:31.000;2025-11-21T05:00:31.000;3.95;-21.09;0.31;21.62;20.34;66
2025-11-21T12:10:45.000;2025-11-21T05:10:45.000;4.3;-20.91;0.31;21.62;20.34;67
2025-11-21T12:21:00.000;2025-11-21T05:21:00.000;4.17;-19.16;0.4;21.34;20.34;68
2025-11-21T12:31:14.000;2025-11-21T05:31:14.000;4.59;-20.39;0.38;21.39;20.34;69
2025-11-21T12:41:29.000;2025-11-21T05:41:29.000;4.21;-20.63;0.39;21.37;20.34;70
2025-11-21T12:51:43.000;2025-11-21T05:51:43.000;4.24;-20.77;0.63;20.84;20.34;71
2025-11-21T13:01:58.000;2025-11-21T06:01:58.000;4.47;-17.81;5.09;18.57;20.34;72
2025-11-21T13:12:12.000;2025-11-21T06:12:12.000;5.39;-11.36;51.26;16.07;20.34;73
2025-11-21T13:22:27.000;2025-11-21T06:22:27.000;6.34;-6.81;303.82;14.13;20.34;74
2025-11-21T13:32:42.000;2025-11-21T06:32:42.000;6.37;-9.88;2053.11;12.06;20.34;75
2025-11-22T00:41:19.000;2025-11-21T17:41:19.000;8.36;-5.39;5895.39;10.91;20.34;1
2025-11-22T00:51:33.000;2025-11-21T17:51:33.000;8.88;-5.98;471.89;13.66;20.34;2
2025-11-22T01:01:49.000;2025-11-21T18:01:49.000;8.23;-11.86;39.06;16.36;20.34;3
2025-11-22T01:12:02.000;2025-11-21T18:12:02.000;7.75;-12.01;5.75;18.44;20.34;4
2025-11-22T01:22:16.000;2025-11-21T18:22:16.000;7.61;-9.94;1.98;19.6;20.34;5
2025-11-22T01:32:30.000;2025-11-21T18:32:30.000;7.29;-15.77;0.53;21.03;20.34;6
2025-11-22T01:42:44.000;2025-11-21T18:42:44.000;6.81;-14.68;0.5;21.1;20.34;7
2025-11-22T01:52:58.000;2025-11-21T18:52:58.000;7.22;-12.99;0.68;20.76;20.34;8
2025-11-22T02:03:14.000;2025-11-21T19:03:14.000;6.81;-16.46;0.42;21.29;20.34;9
2025-11-22T02:13:28.000;2025-11-21T19:13:28.000;6.61;-17.3;0.34;21.5;20.34;10
2025-11-22T02:23:42.000;2025-11-21T19:23:42.000;6.34;-17.74;0.41;21.32;20.34;11
2025-11-22T02:33:57.000;2025-11-21T19:33:57.000;6.18;-18.47;0.38;21.39;20.34;12
2025-11-22T02:44:10.000;2025-11-21T19:44:10.000;6.08;-17.24;0.46;21.18;20.34;13
2025-11-22T02:54:24.000;2025-11-21T19:54:24.000;5.91;-16.93;0.43;21.26;20.34;14
2025-11-22T03:04:38.000;2025-11-21T20:04:38.000;5.85;-17.58;0.44;21.22;20.34;15
2025-11-22T03:14:54.000;2025-11-21T20:14:54.000;5.53;-17.54;0.41;21.32;20.34;16
2025-11-22T03:25:08.000;2025-11-21T20:25:08.000;5.79;-18.01;0.37;21.43;20.34;17
2025-11-22T03:35:23.000;2025-11-21T20:35:23.000;5.68;-17.85;0.4;21.35;20.34;18
2025-11-22T03:45:37.000;2025-11-21T20:45:37.000;5.4;-17.41;0.47;21.17;20.34;19
2025-11-22T03:55:51.000;2025-11-21T20:55:51.000;5.28;-18.47;0.36;21.44;20.34;20
2025-11-22T04:06:04.000;2025-11-21T21:06:04.000;5.07;-17.97;0.45;21.21;20.34;21
2025-11-22T04:16:19.000;2025-11-21T21:16:19.000;5.33;-18.18;0.39;21.37;20.34;22
2025-11-22T04:26:33.000;2025-11-21T21:26:33.000;5.05;-17.93;0.31;21.6;20.34;23
2025-11-22T04:36:48.000;2025-11-21T21:36:48.000;5.11;-17.18;0.47;21.16;20.34;24
2025-11-22T04:47:02.000;2025-11-21T21:47:02.000;5.21;-15.13;0.42;21.27;20.34;25
2025-11-22T04:57:16.000;2025-11-21T21:57:16.000;5.37;-13.42;0.49;21.12;20.34;26
2025-11-22T05:07:30.000;2025-11-21T22:07:30.000;5.07;-13.48;0.48;21.14;20.34;27
2025-11-22T05:17:45.000;2025-11-21T22:17:45.000;4.66;-15.58;0.34;21.51;20.34;28
2025-11-22T05:28:00.000;2025-11-21T22:28:00.000;4.55;-16.0;0.34;21.52;20.34;29
2025-11-22T05:38:14.000;2025-11-21T22:38:14.000;4.35;-15.17;0.53;21.03;20.34;30
2025-11-22T05:48:28.000;2025-11-21T22:48:28.000;4.36;-15.06;0.49;21.12;20.34;31
2025-11-22T05:58:42.000;2025-11-21T22:58:42.000;4.16;-14.14;0.44;21.23;20.34;32
2025-11-22T06:08:57.000;2025-11-21T23:08:57.000;4.48;-15.92;0.41;21.3;20.34;33
2025-11-22T06:19:11.000;2025-11-21T23:19:11.000;3.97;-17.91;0.33;21.54;20.34;34
2025-11-22T06:29:25.000;2025-11-21T23:29:25.000;4.02;-16.67;0.45;21.21;20.34;35
2025-11-22T06:39:39.000;2025-11-21T23:39:39.000;4.1;-17.72;0.45;21.2;20.34;36
2025-11-22T06:49:53.000;2025-11-21T23:49:53.000;3.84;-18.3;0.38;21.39;20.34;37
2025-11-22T07:00:08.000;2025-11-22T00:00:08.000;4.31;-18.86;0.39;21.37;20.34;38
2025-11-22T07:10:23.000;2025-11-22T00:10:23.000;5.05;-18.09;0.36;21.46;20.34;39
2025-11-22T07:20:37.000;2025-11-22T00:20:37.000;5.14;-19.31;0.34;21.52;20.34;40
2025-11-22T07:30:52.000;2025-11-22T00:30:52.000;5.61;-18.89;0.4;21.35;20.34;41
2025-11-22T07:41:08.000;2025-11-22T00:41:08.000;5.8;-18.92;0.38;21.4;20.34;42
2025-11-22T07:51:22.000;2025-11-22T00:51:22.000;6.25;-18.51;0.32;21.59;20.34;43
2025-11-22T08:01:36.000;2025-11-22T01:01:36.000;6.14;-18.37;0.39;21.36;20.34;44
2025-11-22T08:11:51.000;2025-11-22T01:11:51.000;7.09;-18.42;0.4;21.34;20.34;45
2025-11-22T08:22:05.000;2025-11-22T01:22:05.000;6.93;-17.56;0.42;21.27;20.34;46
2025-11-22T08:32:20.000;2025-11-22T01:32:20.000;7.11;-18.04;0.47;21.15;20.34;47
2025-11-22T08:42:34.000;2025-11-22T01:42:34.000;7.26;-18.29;0.41;21.3;20.34;48
2025-11-22T08:52:50.000;2025-11-22T01:52:50.000;7.15;-18.19;0.49;21.11;20.34;49
2025-11-22T09:03:04.000;2025-11-22T02:03:04.000;7.55;-17.75;0.42;21.27;20.34;50
2025-11-22T09:13:19.000;2025-11-22T02:13:19.000;7.71;-17.97;0.42;21.28;20.34;51
2025-11-22T09:23:33.000;2025-11-22T02:23:33.000;8.42;-17.65;0.33;21.54;20.34;52
2025-11-22T09:33:47.000;2025-11-22T02:33:47.000;8.37;-17.66;0.4;21.35;20.34;53
2025-11-22T09:44:02.000;2025-11-22T02:44:02.000;8.6;-17.58;0.4;21.34;20.34;54
2025-11-22T09:54:16.000;2025-11-22T02:54:16.000;8.74;-17.94;0.4;21.33;20.34;55
2025-11-22T10:04:30.000;2025-11-22T03:04:30.000;8.69;-18.19;0.33;21.54;20.34;56
2025-11-22T10:14:45.000;2025-11-22T03:14:45.000;8.45;-17.47;0.46;21.18;20.34;57
2025-11-22T10:24:59.000;2025-11-22T03:24:59.000;8.68;-17.91;0.4;21.34;20.34;58
2025-11-22T10:35:13.000;2025-11-22T03:35:13.000;8.37;-17.87;0.4;21.34;20.34;59
2025-11-22T10:45:27.000;2025-11-22T03:45:27.000;8.36;-17.62;0.42;21.29;20.34;60
2025-11-22T10:55:41.000;2025-11-22T03:55:41.000;8.09;-17.74;0.46;21.18;20.34;61
2025-11-22T11:05:56.000;2025-11-22T04:05:56.000;8.05;-17.66;0.32;21.57;20.34;62
2025-11-22T11:16:10.000;2025-11-22T04:16:10.000;8.27;-17.59;0.38;21.39;20.34;63
2025-11-22T11:26:24.000;2025-11-22T04:26:24.000;8.39;-17.23;0.36;21.44;20.34;64
2025-11-22T11:36:38.000;2025-11-22T04:36:38.000;8.16;-17.22;0.35;21.49;20.34;65
2025-11-22T11:46:52.000;2025-11-22T04:46:52.000;8.12;-17.63;0.34;21.5;20.34;66
2025-11-22T11:57:06.000;2025-11-22T04:57:06.000;7.84;-17.53;0.28;21.71;20.34;67
2025-11-22T12:07:21.000;2025-11-22T05:07:21.000;7.96;-17.59;0.34;21.53;20.34;68
2025-11-22T12:17:35.000;2025-11-22T05:17:35.000;7.75;-17.68;0.35;21.47;20.34;69
2025-11-22T12:27:49.000;2025-11-22T05:27:49.000;7.73;-17.57;0.31;21.62;20.34;70
2025-11-22T12:38:04.000;2025-11-22T05:38:04.000;7.87;-17.56;0.29;21.68;20.34;71
2025-11-22T12:48:18.000;2025-11-22T05:48:18.000;8.13;-18.03;0.4;21.34;20.34;72
2025-11-22T12:58:32.000;2025-11-22T05:58:32.000;8.0;-18.07;0.9;20.45;20.34;73
2025-11-22T13:08:46.000;2025-11-22T06:08:46.000;7.97;-18.07;4.63;18.68;20.34;74
2025-11-22T13:19:00.000;2025-11-22T06:19:00.000;7.8;-17.58;31.06;16.61;20.34;75
2025-11-22T13:29:14.000;2025-11-22T06:29:14.000;8.13;-17.27;302.82;14.14;20.34;76
2025-11-22T13:39:28.000;2025-11-22T06:39:28.000;8.65;-18.02;4285.66;11.26;20.34;77
2025-11-23T00:31:58.000;2025-11-22T17:31:58.000;11.42;10.43;7013.75;10.73;20.34;1
2025-11-23T00:42:13.000;2025-11-22T17:42:13.000;11.62;11.06;416.89;13.79;20.34;2
2025-11-23T00:52:27.000;2025-11-22T17:52:27.000;11.19;10.82;43.13;16.25;20.34;3
2025-11-23T01:02:41.000;2025-11-22T18:02:41.000;10.82;10.59;7.33;18.18;20.34;4
2025-11-23T01:12:55.000;2025-11-22T18:12:55.000;10.44;10.11;2.5;19.35;20.34;5
2025-11-23T01:23:09.000;2025-11-22T18:23:09.000;10.49;10.37;1.1;20.24;20.34;6
2025-11-23T01:33:23.000;2025-11-22T18:33:23.000;10.24;9.95;1.28;20.07;20.34;7
2025-11-23T01:43:37.000;2025-11-22T18:43:37.000;10.05;9.9;0.87;20.49;20.34;8
2025-11-23T01:53:51.000;2025-11-22T18:53:51.000;9.97;9.92;1.04;20.3;20.34;9
2025-11-23T02:04:05.000;2025-11-22T19:04:05.000;9.87;9.64;0.91;20.44;20.34;10
2025-11-23T02:14:19.000;2025-11-22T19:14:19.000;9.86;9.67;1.31;20.05;20.34;11
2025-11-23T02:24:34.000;2025-11-22T19:24:34.000;9.83;9.74;1.26;20.09;20.34;12
2025-11-23T02:34:48.000;2025-11-22T19:34:48.000;9.96;9.84;0.86;20.51;20.34;13
2025-11-23T02:45:02.000;2025-11-22T19:45:02.000;9.83;9.22;1.02;20.32;20.34;14
2025-11-23T02:55:16.000;2025-11-22T19:55:16.000;9.55;9.38;1.62;19.82;20.34;15
2025-11-23T03:05:30.000;2025-11-22T20:05:30.000;9.55;9.35;0.89;20.46;20.34;16
2025-11-23T03:15:45.000;2025-11-22T20:15:45.000;9.35;9.17;1.51;19.89;20.34;17
2025-11-23T03:26:00.000;2025-11-22T20:26:00.000;9.27;9.04;0.93;20.42;20.34;18
2025-11-23T03:36:14.000;2025-11-22T20:36:14.000;9.04;8.83;0.61;20.87;20.34;19
2025-11-23T03:46:28.000;2025-11-22T20:46:28.000;9.2;9.18;0.81;20.57;20.34;20
2025-11-23T03:56:42.000;2025-11-22T20:56:42.000;9.42;9.35;0.99;20.36;20.34;21
2025-11-23T04:06:56.000;2025-11-22T21:06:56.000;9.52;9.52;0.66;20.79;20.34;22
2025-11-23T04:17:11.000;2025-11-22T21:17:11.000;9.52;9.51;0.79;20.6;20.34;23
2025-11-23T04:27:25.000;2025-11-22T21:27:25.000;9.38;9.29;0.61;20.87;20.34;24
2025-11-23T04:37:39.000;2025-11-22T21:37:39.000;9.07;9.1;0.92;20.43;20.34;25
2025-11-23T04:47:53.000;2025-11-22T21:47:53.000;9.12;9.14;0.53;21.03;20.34;26
2025-11-23T04:58:07.000;2025-11-22T21:58:07.000;9.23;9.25;0.92;20.43;20.34;27
2025-11-23T05:08:21.000;2025-11-22T22:08:21.000;9.27;9.31;0.77;20.63;20.34;28
2025-11-23T05:18:35.000;2025-11-22T22:18:35.000;9.33;9.4;0.88;20.47;20.34;29
2025-11-23T05:28:49.000;2025-11-22T22:28:49.000;9.41;9.41;0.62;20.87;20.34;30
2025-11-23T05:39:03.000;2025-11-22T22:39:03.000;9.04;8.92;0.72;20.7;20.34;31
2025-11-23T05:49:17.000;2025-11-22T22:49:17.000;9.12;9.1;0.6;20.9;20.34;32
2025-11-23T05:59:31.000;2025-11-22T22:59:31.000;9.06;8.93;0.52;21.06;20.34;33
2025-11-23T06:09:46.000;2025-11-22T23:09:46.000;9.04;8.83;0.51;21.07;20.34;34
2025-11-23T06:19:59.000;2025-11-22T23:19:59.000;8.84;8.35;0.6;20.9;20.34;35
2025-11-23T06:30:13.000;2025-11-22T23:30:13.000;8.61;8.03;0.29;21.7;20.34;36
2025-11-23T06:40:27.000;2025-11-22T23:40:27.000;8.68;8.52;0.57;20.95;20.34;37
2025-11-23T06:50:41.000;2025-11-22T23:50:41.000;8.67;8.6;0.34;21.5;20.34;38
2025-11-23T07:00:55.000;2025-11-23T00:00:55.000;8.47;7.27;0.46;21.17;20.34;39
2025-11-23T07:11:10.000;2025-11-23T00:11:10.000;8.4;8.32;0.44;21.24;20.34;40
2025-11-23T07:21:24.000;2025-11-23T00:21:24.000;8.55;8.52;0.49;21.12;20.34;41
2025-11-23T07:31:39.000;2025-11-23T00:31:39.000;8.45;8.33;0.71;20.72;20.34;42
2025-11-23T07:41:54.000;2025-11-23T00:41:54.000;8.14;8.12;0.56;20.96;20.34;43
2025-11-23T07:52:08.000;2025-11-23T00:52:08.000;7.95;7.83;0.51;21.07;20.34;44
2025-11-23T08:02:22.000;2025-11-23T01:02:22.000;7.78;7.73;0.49;21.12;20.34;45
2025-11-23T08:12:37.000;2025-11-23T01:12:37.000;7.04;6.88;0.52;21.05;20.34;46
2025-11-23T08:22:52.000;2025-11-23T01:22:52.000;6.89;6.95;0.55;20.99;20.34;47
2025-11-23T08:33:07.000;2025-11-23T01:33:07.000;7.45;7.52;0.47;21.17;20.34;48
2025-11-23T08:43:21.000;2025-11-23T01:43:21.000;7.5;7.5;0.42;21.28;20.34;49
2025-11-23T08:53:35.000;2025-11-23T01:53:35.000;7.37;7.25;0.52;21.06;20.34;50
2025-11-23T09:03:49.000;2025-11-23T02:03:49.000;7.0;6.89;0.51;21.06;20.34;51
2025-11-23T09:14:03.000;2025-11-23T02:14:03.000;7.17;7.1;0.37;21.42;20.34;52
2025-11-23T09:24:17.000;2025-11-23T02:24:17.000;6.58;6.49;0.29;21.68;20.34;53
2025-11-23T09:34:31.000;2025-11-23T02:34:31.000;6.33;6.3;0.27;21.75;20.34;54
2025-11-23T09:44:45.000;2025-11-23T02:44:45.000;6.25;6.24;0.33;21.55;20.34;55
2025-11-23T09:55:00.000;2025-11-23T02:55:00.000;6.89;7.06;0.31;21.61;20.34;56
2025-11-23T10:05:15.000;2025-11-23T03:05:15.000;7.04;7.22;0.31;21.61;20.34;57
2025-11-23T10:15:29.000;2025-11-23T03:15:29.000;6.47;6.41;0.33;21.53;20.34;58
2025-11-23T10:25:42.000;2025-11-23T03:25:42.000;6.45;6.46;0.28;21.74;20.34;59
2025-11-23T10:35:56.000;2025-11-23T03:35:56.000;7.12;7.22;0.29;21.69;20.34;60
2025-11-23T10:46:11.000;2025-11-23T03:46:11.000;7.02;6.95;0.34;21.51;20.34;61
2025-11-23T10:56:24.000;2025-11-23T03:56:24.000;6.83;6.86;0.52;21.05;20.34;62
2025-11-23T11:06:38.000;2025-11-23T04:06:38.000;7.51;7.62;0.28;21.73;20.34;63
2025-11-23T11:16:53.000;2025-11-23T04:16:53.000;7.83;7.9;0.26;21.82;20.34;64
2025-11-23T11:27:07.000;2025-11-23T04:27:07.000;7.91;7.94;0.42;21.28;20.34;65
2025-11-23T11:37:21.000;2025-11-23T04:37:21.000;7.97;7.91;0.47;21.15;20.34;66
2025-11-23T11:47:35.000;2025-11-23T04:47:35.000;7.55;7.22;0.26;21.81;20.34;67
2025-11-23T11:57:49.000;2025-11-23T04:57:49.000;7.31;7.31;0.27;21.76;20.34;68
2025-11-23T12:08:02.000;2025-11-23T05:08:02.000;7.7;7.55;0.22;22.0;20.34;69
2025-11-23T12:18:17.000;2025-11-23T05:18:17.000;7.06;6.91;0.27;21.74;20.34;70
2025-11-23T12:28:30.000;2025-11-23T05:28:30.000;7.14;7.05;0.31;21.6;20.34;71
2025-11-23T12:38:45.000;2025-11-23T05:38:45.000;7.5;7.57;0.3;21.63;20.34;72
2025-11-23T12:49:05.000;2025-11-23T05:49:05.000;7.8;7.77;0.37;21.41;20.34;73
2025-11-23T12:59:19.000;2025-11-23T05:59:19.000;7.91;7.88;1.06;20.28;20.34;74
2025-11-23T13:09:32.000;2025-11-23T06:09:32.000;7.92;7.96;4.8;18.64;20.34;75
2025-11-23T13:19:47.000;2025-11-23T06:19:47.000;8.29;8.32;21.23;17.02;20.34;76
2025-11-23T13:30:01.000;2025-11-23T06:30:01.000;8.51;8.54;279.82;14.22;20.34;77
2025-11-24T00:43:51.000;2025-11-23T17:43:51.000;6.12;-2.97;2226.82;11.97;20.34;1
2025-11-24T00:54:06.000;2025-11-23T17:54:06.000;6.29;-3.22;170.31;14.76;20.34;2
2025-11-24T01:04:19.000;2025-11-23T18:04:19.000;6.16;-2.7;22.15;16.98;20.34;3
2025-11-24T01:14:34.000;2025-11-23T18:14:34.000;6.48;-2.16;3.65;18.93;20.34;4
2025-11-24T01:24:48.000;2025-11-23T18:24:48.000;6.72;-2.0;0.85;20.51;20.34;5
2025-11-24T01:35:03.000;2025-11-23T18:35:03.000;7.19;2.21;0.65;20.81;20.34;6
2025-11-24T01:45:17.000;2025-11-23T18:45:17.000;7.82;1.4;0.58;20.94;20.34;7
2025-11-24T01:55:31.000;2025-11-23T18:55:31.000;8.35;-0.86;0.49;21.12;20.34;8
2025-11-24T02:05:46.000;2025-11-23T19:05:46.000;8.31;-5.59;0.5;21.09;20.34;9
2025-11-24T02:16:00.000;2025-11-23T19:16:00.000;8.23;-11.35;0.36;21.44;20.34;10
2025-11-24T02:26:14.000;2025-11-23T19:26:14.000;7.87;-13.74;0.41;21.32;20.34;11
2025-11-24T02:36:28.000;2025-11-23T19:36:28.000;7.3;-12.97;0.33;21.53;20.34;12
2025-11-24T02:46:42.000;2025-11-23T19:46:42.000;7.44;-9.72;0.36;21.46;20.34;13
2025-11-24T02:56:56.000;2025-11-23T19:56:56.000;7.36;-8.86;0.36;21.46;20.34;14
2025-11-24T03:07:10.000;2025-11-23T20:07:10.000;7.05;-12.5;0.34;21.53;20.34;15
2025-11-24T03:17:24.000;2025-11-23T20:17:24.000;7.34;-1.73;0.53;21.04;20.34;16
2025-11-24T03:27:38.000;2025-11-23T20:27:38.000;7.87;1.03;0.49;21.11;20.34;17
2025-11-24T03:37:52.000;2025-11-23T20:37:52.000;8.13;-2.9;0.37;21.41;20.34;18
2025-11-24T03:48:06.000;2025-11-23T20:48:06.000;7.96;-7.29;0.33;21.55;20.34;19
2025-11-24T03:58:21.000;2025-11-23T20:58:21.000;8.31;-6.47;0.35;21.47;20.34;20
2025-11-24T04:08:35.000;2025-11-23T21:08:35.000;8.64;-1.55;0.52;21.06;20.34;21
2025-11-24T04:18:50.000;2025-11-23T21:18:50.000;8.81;-4.77;0.41;21.31;20.34;22
2025-11-24T04:29:04.000;2025-11-23T21:29:04.000;8.99;-1.18;0.67;20.78;20.34;23
2025-11-24T04:39:18.000;2025-11-23T21:39:18.000;8.98;-3.07;0.44;21.24;20.34;24
2025-11-24T04:49:33.000;2025-11-23T21:49:33.000;8.39;-13.01;0.27;21.76;20.34;25
2025-11-24T04:59:47.000;2025-11-23T21:59:47.000;7.69;-16.54;0.26;21.81;20.34;26
2025-11-24T05:10:01.000;2025-11-23T22:10:01.000;6.86;-17.03;0.21;22.05;20.34;27
2025-11-24T05:20:14.000;2025-11-23T22:20:14.000;6.43;-14.18;0.31;21.61;20.34;28
2025-11-24T05:30:30.000;2025-11-23T22:30:30.000;6.09;-11.14;0.26;21.8;20.34;29
2025-11-24T05:40:44.000;2025-11-23T22:40:44.000;5.98;-7.87;0.26;21.8;20.34;30
2025-11-24T05:50:59.000;2025-11-23T22:50:59.000;6.16;-5.41;0.26;21.8;20.34;31
2025-11-24T06:01:12.000;2025-11-23T23:01:12.000;5.88;-4.53;0.26;21.82;20.34;32
2025-11-24T06:11:26.000;2025-11-23T23:11:26.000;5.68;-3.19;0.2;22.07;20.34;33
2025-11-24T06:21:40.000;2025-11-23T23:21:40.000;5.91;-2.25;0.3;21.63;20.34;34
2025-11-24T06:31:55.000;2025-11-23T23:31:55.000;6.4;0.17;0.31;21.62;20.34;35
2025-11-24T06:42:09.000;2025-11-23T23:42:09.000;6.8;1.8;0.31;21.61;20.34;36
2025-11-24T06:52:23.000;2025-11-23T23:52:23.000;6.88;0.68;0.3;21.63;20.34;37
2025-11-24T07:02:37.000;2025-11-24T00:02:37.000;6.34;-1.31;0.24;21.89;20.34;38
2025-11-24T07:12:51.000;2025-11-24T00:12:51.000;6.28;-1.04;0.29;21.7;20.34;39
2025-11-24T07:23:05.000;2025-11-24T00:23:05.000;5.86;-1.21;0.19;22.15;20.34;40
2025-11-24T07:33:18.000;2025-11-24T00:33:18.000;5.61;-1.29;0.24;21.91;20.34;41
2025-11-24T07:43:33.000;2025-11-24T00:43:33.000;5.43;-1.02;0.25;21.82;20.34;42
2025-11-24T07:53:48.000;2025-11-24T00:53:48.000;5.25;-1.51;0.29;21.7;20.34;43
2025-11-24T08:04:02.000;2025-11-24T01:04:02.000;4.97;-1.63;0.31;21.63;20.34;44
2025-11-24T08:14:17.000;2025-11-24T01:14:17.000;4.92;-1.44;0.22;21.98;20.34;45
2025-11-24T08:24:30.000;2025-11-24T01:24:30.000;4.98;-0.95;0.2;22.09;20.34;46
2025-11-24T08:34:45.000;2025-11-24T01:34:45.000;4.94;-1.13;0.27;21.76;20.34;47
2025-11-24T08:44:59.000;2025-11-24T01:44:59.000;4.87;-0.84;0.3;21.65;20.34;48
2025-11-24T08:55:13.000;2025-11-24T01:55:13.000;4.99;-0.61;0.2;22.07;20.34;49
2025-11-24T09:05:27.000;2025-11-24T02:05:27.000;4.83;-0.83;0.25;21.83;20.34;50
2025-11-24T09:15:41.000;2025-11-24T02:15:41.000;4.54;-0.95;0.2;22.1;20.34;51
2025-11-24T09:25:55.000;2025-11-24T02:25:55.000;4.35;-1.24;0.3;21.63;20.34;52
2025-11-24T09:36:09.000;2025-11-24T02:36:09.000;4.07;-1.48;0.25;21.83;20.34;53
2025-11-24T09:46:23.000;2025-11-24T02:46:23.000;3.69;-1.56;0.25;21.84;20.34;54
2025-11-24T09:56:38.000;2025-11-24T02:56:38.000;4.21;-0.72;0.3;21.65;20.34;55
2025-11-24T10:06:53.000;2025-11-24T03:06:53.000;4.35;-0.4;0.2;22.09;20.34;56
2025-11-24T10:17:07.000;2025-11-24T03:17:07.000;4.4;-0.13;0.3;21.65;20.34;57
2025-11-24T10:27:21.000;2025-11-24T03:27:21.000;4.24;-0.36;0.22;21.96;20.34;58
2025-11-24T10:37:35.000;2025-11-24T03:37:35.000;4.34;-0.57;0.25;21.85;20.34;59
2025-11-24T10:47:49.000;2025-11-24T03:47:49.000;4.07;-0.29;0.29;21.67;20.34;60
2025-11-24T10:58:03.000;2025-11-24T03:58:03.000;4.39;-0.25;0.25;21.85;20.34;61
2025-11-24T11:08:17.000;2025-11-24T04:08:17.000;4.44;-0.2;0.3;21.66;20.34;62
2025-11-24T11:18:31.000;2025-11-24T04:18:31.000;4.18;-0.46;0.29;21.69;20.34;63
2025-11-24T11:28:45.000;2025-11-24T04:28:45.000;4.1;0.39;0.28;21.71;20.34;64
2025-11-24T11:38:59.000;2025-11-24T04:38:59.000;3.58;0.01;0.23;21.92;20.34;65
2025-11-24T11:49:14.000;2025-11-24T04:49:14.000;3.83;0.74;0.23;21.93;20.34;66
2025-11-24T11:59:28.000;2025-11-24T04:59:28.000;3.78;0.84;0.18;22.2;20.34;67
2025-11-24T12:09:42.000;2025-11-24T05:09:42.000;3.8;0.71;0.18;22.21;20.34;68
2025-11-24T12:19:56.000;2025-11-24T05:19:56.000;3.79;2.06;0.18;22.22;20.34;69
2025-11-24T12:30:10.000;2025-11-24T05:30:10.000;4.2;2.33;0.23;21.96;20.34;70
2025-11-24T12:40:24.000;2025-11-24T05:40:24.000;4.11;2.08;0.23;21.93;20.34;71
2025-11-24T12:50:38.000;2025-11-24T05:50:38.000;3.85;1.68;0.34;21.53;20.34;72
2025-11-24T13:00:52.000;2025-11-24T06:00:52.000;3.77;2.22;1.1;20.24;20.34;73
2025-11-24T13:11:08.000;2025-11-24T06:11:08.000;3.76;1.86;5.76;18.44;20.34;74
2025-11-24T13:21:22.000;2025-11-24T06:21:22.000;3.8;1.92;40.95;16.31;20.34;75
2025-11-24T13:31:36.000;2025-11-24T06:31:36.000;3.43;1.43;393.97;13.85;20.34;76
2025-11-25T00:42:41.000;2025-11-24T17:42:41.000;9.88;-15.7;3400.34;11.51;20.34;1
2025-11-25T00:52:55.000;2025-11-24T17:52:55.000;10.26;-16.87;203.15;14.57;20.34;2
2025-11-25T01:03:09.000;2025-11-24T18:03:09.000;9.88;-17.56;23.97;16.89;20.34;3
2025-11-25T01:13:23.000;2025-11-24T18:13:23.000;9.48;-17.88;3.9;18.86;20.34;4
2025-11-25T01:23:37.000;2025-11-24T18:23:37.000;8.89;-17.67;0.86;20.5;20.34;5
2025-11-25T01:33:51.000;2025-11-24T18:33:51.000;8.88;-18.07;0.46;21.18;20.34;6
2025-11-25T01:44:05.000;2025-11-24T18:44:05.000;8.9;-17.82;0.35;21.48;20.34;7
2025-11-25T01:54:19.000;2025-11-24T18:54:19.000;8.24;-18.43;0.42;21.29;20.34;8
2025-11-25T02:04:34.000;2025-11-24T19:04:34.000;7.63;-18.38;0.47;21.16;20.34;9
2025-11-25T02:14:48.000;2025-11-24T19:14:48.000;7.48;-18.46;0.39;21.35;20.34;10
2025-11-25T02:25:02.000;2025-11-24T19:25:02.000;7.36;-18.41;0.44;21.24;20.34;11
2025-11-25T02:35:16.000;2025-11-24T19:35:16.000;7.07;-18.86;0.35;21.49;20.34;12
2025-11-25T02:45:31.000;2025-11-24T19:45:31.000;7.13;-19.02;0.34;21.52;20.34;13
2025-11-25T02:55:45.000;2025-11-24T19:55:45.000;6.49;-19.02;0.27;21.74;20.34;14
2025-11-25T03:05:59.000;2025-11-24T20:05:59.000;6.12;-18.66;0.29;21.67;20.34;15
2025-11-25T03:16:13.000;2025-11-24T20:16:13.000;6.19;-18.21;0.27;21.77;20.34;16
2025-11-25T03:26:27.000;2025-11-24T20:26:27.000;6.03;-18.69;0.26;21.8;20.34;17
2025-11-25T03:36:42.000;2025-11-24T20:36:42.000;5.63;-18.24;0.26;21.82;20.34;18
2025-11-25T03:46:56.000;2025-11-24T20:46:56.000;5.54;-14.89;0.25;21.85;20.34;19
2025-11-25T03:57:11.000;2025-11-24T20:57:11.000;5.25;-12.31;0.24;21.88;20.34;20
2025-11-25T04:07:26.000;2025-11-24T21:07:26.000;5.32;-9.25;0.25;21.83;20.34;21
2025-11-25T04:17:40.000;2025-11-24T21:17:40.000;5.22;-7.57;0.23;21.92;20.34;22
2025-11-25T04:27:54.000;2025-11-24T21:27:54.000;5.4;-5.81;0.19;22.16;20.34;23
2025-11-25T04:38:08.000;2025-11-24T21:38:08.000;5.48;-5.21;0.19;22.16;20.34;24
2025-11-25T04:48:23.000;2025-11-24T21:48:23.000;5.39;-4.49;0.25;21.85;20.34;25
2025-11-25T04:58:38.000;2025-11-24T21:58:38.000;5.21;-3.93;0.23;21.94;20.34;26
2025-11-25T05:08:52.000;2025-11-24T22:08:52.000;4.81;-3.93;0.2;22.06;20.34;27
2025-11-25T05:19:06.000;2025-11-24T22:19:06.000;4.97;-3.39;0.23;21.95;20.34;28
2025-11-25T05:29:20.000;2025-11-24T22:29:20.000;5.16;-3.11;0.2;22.07;20.34;29
2025-11-25T05:39:34.000;2025-11-24T22:39:34.000;5.01;-2.51;0.22;21.96;20.34;30
2025-11-25T05:49:48.000;2025-11-24T22:49:48.000;5.18;-2.36;0.24;21.87;20.34;31
2025-11-25T06:00:02.000;2025-11-24T23:00:02.000;5.16;-2.33;0.2;22.07;20.34;32
2025-11-25T06:10:16.000;2025-11-24T23:10:16.000;4.97;-1.84;0.28;21.7;20.34;33
2025-11-25T06:20:31.000;2025-11-24T23:20:31.000;5.52;-1.42;0.21;22.05;20.34;34
2025-11-25T06:30:48.000;2025-11-24T23:30:48.000;5.09;-2.02;0.25;21.84;20.34;35
2025-11-25T06:41:02.000;2025-11-24T23:41:02.000;4.72;-1.88;0.3;21.66;20.34;36
2025-11-25T06:51:15.000;2025-11-24T23:51:15.000;5.3;-1.31;0.24;21.9;20.34;37
2025-11-25T07:01:30.000;2025-11-25T00:01:30.000;5.16;-1.17;0.26;21.81;20.34;38
2025-11-25T07:11:45.000;2025-11-25T00:11:45.000;4.93;-1.01;0.26;21.8;20.34;39
2025-11-25T07:21:58.000;2025-11-25T00:21:58.000;4.95;-0.71;0.24;21.87;20.34;40
2025-11-25T07:32:13.000;2025-11-25T00:32:13.000;4.98;-0.59;0.29;21.67;20.34;41
2025-11-25T07:42:27.000;2025-11-25T00:42:27.000;5.07;-0.14;0.31;21.62;20.34;42
2025-11-25T07:52:41.000;2025-11-25T00:52:41.000;4.75;-0.3;0.31;21.61;20.34;43
2025-11-25T08:02:56.000;2025-11-25T01:02:56.000;4.61;-0.47;0.3;21.66;20.34;44
2025-11-25T08:13:11.000;2025-11-25T01:13:11.000;4.41;-0.54;0.25;21.87;20.34;45
2025-11-25T08:23:25.000;2025-11-25T01:23:25.000;4.62;0.05;0.3;21.66;20.34;46
2025-11-25T08:33:39.000;2025-11-25T01:33:39.000;4.26;-0.06;0.3;21.64;20.34;47
2025-11-25T08:43:53.000;2025-11-25T01:43:53.000;4.32;-0.12;0.2;22.11;20.34;48
2025-11-25T08:54:07.000;2025-11-25T01:54:07.000;4.09;-0.18;0.29;21.68;20.34;49
2025-11-25T09:04:21.000;2025-11-25T02:04:21.000;4.07;0.33;0.2;22.11;20.34;50
2025-11-25T09:14:36.000;2025-11-25T02:14:36.000;4.29;0.24;0.25;21.86;20.34;51
2025-11-25T09:24:50.000;2025-11-25T02:24:50.000;4.3;0.75;0.2;22.1;20.34;52
2025-11-25T09:35:04.000;2025-11-25T02:35:04.000;4.19;0.18;0.3;21.66;20.34;53
2025-11-25T09:45:18.000;2025-11-25T02:45:18.000;4.02;0.15;0.25;21.86;20.34;54
2025-11-25T09:55:32.000;2025-11-25T02:55:32.000;3.87;0.23;0.3;21.66;20.34;55
2025-11-25T10:05:47.000;2025-11-25T03:05:47.000;2.9;-1.01;0.25;21.86;20.34;56
2025-11-25T10:16:01.000;2025-11-25T03:16:01.000;2.89;-0.76;0.27;21.78;20.34;57
2025-11-25T10:26:18.000;2025-11-25T03:26:18.000;3.13;-0.13;0.25;21.86;20.34;58
2025-11-25T10:36:33.000;2025-11-25T03:36:33.000;3.01;-0.31;0.19;22.14;20.34;59
2025-11-25T10:46:47.000;2025-11-25T03:46:47.000;3.05;-0.19;0.28;21.72;20.34;60
2025-11-25T10:57:01.000;2025-11-25T03:57:01.000;2.84;-0.31;0.27;21.74;20.34;61
2025-11-25T11:07:15.000;2025-11-25T04:07:15.000;2.99;-0.84;0.27;21.75;20.34;62
2025-11-25T11:17:29.000;2025-11-25T04:17:29.000;2.78;-1.0;0.28;21.71;20.34;63
2025-11-25T11:27:44.000;2025-11-25T04:27:44.000;2.67;-0.94;0.2;22.09;20.34;64
2025-11-25T11:37:57.000;2025-11-25T04:37:57.000;2.37;-0.99;0.26;21.79;20.34;65
2025-11-25T11:48:11.000;2025-11-25T04:48:11.000;2.28;-0.66;0.17;22.24;20.34;66
2025-11-25T11:58:25.000;2025-11-25T04:58:25.000;2.44;-0.33;0.17;22.27;20.34;67
2025-11-25T12:08:39.000;2025-11-25T05:08:39.000;2.38;-0.11;0.17;22.27;20.34;68
2025-11-25T12:18:53.000;2025-11-25T05:18:53.000;1.77;-0.62;0.17;22.29;20.34;69
2025-11-25T12:29:09.000;2025-11-25T05:29:09.000;1.98;-0.05;0.21;22.05;20.34;70
2025-11-25T12:39:25.000;2025-11-25T05:39:25.000;2.69;1.99;0.26;21.82;20.34;71
2025-11-25T12:49:40.000;2025-11-25T05:49:40.000;2.55;2.22;0.26;21.81;20.34;72
2025-11-25T12:59:54.000;2025-11-25T05:59:54.000;2.37;2.11;0.86;20.5;20.34;73
2025-11-25T13:10:08.000;2025-11-25T06:10:08.000;2.39;2.28;5.2;18.55;20.34;74
2025-11-25T13:20:22.000;2025-11-25T06:20:22.000;2.66;2.45;34.43;16.5;20.34;75
2025-11-25T13:30:37.000;2025-11-25T06:30:37.000;2.89;2.8;293.84;14.17;20.34;76
2025-11-26T00:41:50.000;2025-11-25T17:41:50.000;8.26;-16.9;3202.45;11.58;20.34;1
2025-11-26T00:52:04.000;2025-11-25T17:52:04.000;8.52;-17.36;236.6;14.4;20.34;2
2025-11-26T01:02:21.000;2025-11-25T18:02:21.000;8.68;-17.57;25.04;16.84;20.34;3
2025-11-26T01:12:37.000;2025-11-25T18:12:37.000;8.73;-17.52;4.18;18.79;20.34;4
2025-11-26T01:22:53.000;2025-11-25T18:22:53.000;8.38;-17.54;1.15;20.19;20.34;5
2025-11-26T01:33:09.000;2025-11-25T18:33:09.000;8.3;-17.83;0.6;20.9;20.34;6
2025-11-26T01:43:23.000;2025-11-25T18:43:23.000;7.83;-18.25;0.54;21.01;20.34;7
2025-11-26T01:53:37.000;2025-11-25T18:53:37.000;8.04;-18.2;0.45;21.21;20.34;8
2025-11-26T02:03:50.000;2025-11-25T19:03:50.000;8.03;-18.29;0.44;21.23;20.34;9
2025-11-26T02:14:04.000;2025-11-25T19:14:04.000;7.94;-18.57;0.56;20.97;20.34;10
2025-11-26T02:24:19.000;2025-11-25T19:24:19.000;8.18;-18.53;0.49;21.12;20.34;11
2025-11-26T02:34:33.000;2025-11-25T19:34:33.000;7.93;-18.57;0.56;20.96;20.34;12
2025-11-26T02:44:50.000;2025-11-25T19:44:50.000;7.9;-18.48;0.46;21.19;20.34;13
2025-11-26T02:55:06.000;2025-11-25T19:55:06.000;7.43;-19.09;0.45;21.21;20.34;14
2025-11-26T03:05:20.000;2025-11-25T20:05:20.000;7.25;-19.34;0.41;21.31;20.34;15
2025-11-26T03:15:34.000;2025-11-25T20:15:34.000;7.59;-19.04;0.46;21.18;20.34;16
2025-11-26T03:25:48.000;2025-11-25T20:25:48.000;7.36;-19.23;0.41;21.31;20.34;17
2025-11-26T03:41:20.000;2025-11-25T20:41:20.000;8.05;-19.95;0.56;20.98;20.34;18
2025-11-26T03:51:41.000;2025-11-25T20:51:41.000;8.0;-19.54;0.36;21.44;20.34;19
2025-11-26T04:01:53.000;2025-11-25T21:01:53.000;7.26;-19.23;0.3;21.65;20.34;20
2025-11-26T04:12:08.000;2025-11-25T21:12:08.000;7.12;-19.59;0.28;21.72;20.34;21
2025-11-26T04:22:22.000;2025-11-25T21:22:22.000;6.91;-19.51;0.21;22.02;20.34;22
2025-11-26T04:32:36.000;2025-11-25T21:32:36.000;6.85;-19.71;0.26;21.81;20.34;23
2025-11-26T04:42:50.000;2025-11-25T21:42:50.000;7.07;-20.11;0.25;21.85;20.34;24
2025-11-26T04:53:04.000;2025-11-25T21:53:04.000;6.69;-20.2;0.19;22.13;20.34;25
2025-11-26T05:03:19.000;2025-11-25T22:03:19.000;6.43;-20.41;0.28;21.71;20.34;26
2025-11-26T05:13:34.000;2025-11-25T22:13:34.000;6.24;-19.82;0.28;21.71;20.34;27
2025-11-26T05:23:50.000;2025-11-25T22:23:50.000;6.29;-19.84;0.28;21.71;20.34;28
2025-11-26T05:34:04.000;2025-11-25T22:34:04.000;6.23;-20.13;0.23;21.91;20.34;29
2025-11-26T05:49:39.000;2025-11-25T22:49:39.000;6.83;-20.88;0.42;21.29;20.34;30
2025-11-26T05:59:57.000;2025-11-25T22:59:57.000;6.51;-21.07;0.19;22.16;20.34;31
2025-11-26T06:10:11.000;2025-11-25T23:10:11.000;5.89;-20.53;0.19;22.17;20.34;32
2025-11-26T06:20:26.000;2025-11-25T23:20:26.000;5.17;-20.81;0.23;21.93;20.34;33
2025-11-26T06:30:40.000;2025-11-25T23:30:40.000;4.75;-20.32;0.19;22.17;20.34;34
2025-11-26T06:40:53.000;2025-11-25T23:40:53.000;5.07;-19.11;0.19;22.17;20.34;35
2025-11-26T06:51:10.000;2025-11-25T23:51:10.000;4.64;-19.52;0.28;21.73;20.34;36
2025-11-26T07:01:23.000;2025-11-26T00:01:23.000;4.18;-18.09;0.19;22.17;20.34;37
2025-11-26T07:11:38.000;2025-11-26T00:11:38.000;3.73;-15.51;0.28;21.72;20.34;38
2025-11-26T07:21:52.000;2025-11-26T00:21:52.000;3.67;-12.85;0.28;21.7;20.34;39
2025-11-26T07:32:06.000;2025-11-26T00:32:06.000;3.69;-10.71;0.19;22.13;20.34;40
2025-11-26T07:42:20.000;2025-11-26T00:42:20.000;3.51;-9.85;0.19;22.12;20.34;41
2025-11-26T07:52:34.000;2025-11-26T00:52:34.000;3.59;-8.4;0.31;21.62;20.34;42
2025-11-26T08:02:48.000;2025-11-26T01:02:48.000;3.17;-8.15;0.24;21.87;20.34;43
2025-11-26T08:13:03.000;2025-11-26T01:13:03.000;3.57;-6.85;0.25;21.87;20.34;44
2025-11-26T08:23:18.000;2025-11-26T01:23:18.000;3.48;-6.04;0.2;22.11;20.34;45
2025-11-26T08:38:51.000;2025-11-26T01:38:51.000;4.01;-6.46;0.43;21.26;20.34;46
2025-11-26T08:49:11.000;2025-11-26T01:49:11.000;4.25;-7.53;0.26;21.8;20.34;47
2025-11-26T08:59:25.000;2025-11-26T01:59:25.000;3.47;-8.06;0.24;21.88;20.34;48
2025-11-26T09:09:38.000;2025-11-26T02:09:38.000;3.28;-7.5;0.2;22.11;20.34;49
2025-11-26T09:19:52.000;2025-11-26T02:19:52.000;3.23;-6.94;0.2;22.11;20.34;50
2025-11-26T09:30:06.000;2025-11-26T02:30:06.000;3.25;-6.27;0.3;21.66;20.34;51
2025-11-26T09:40:20.000;2025-11-26T02:40:20.000;3.22;-5.95;0.27;21.76;20.34;52
2025-11-26T09:50:34.000;2025-11-26T02:50:34.000;3.23;-5.44;0.23;21.95;20.34;53
2025-11-26T10:00:48.000;2025-11-26T03:00:48.000;3.2;-5.1;0.25;21.84;20.34;54
2025-11-26T10:11:04.000;2025-11-26T03:11:04.000;2.82;-5.71;0.25;21.86;20.34;55
2025-11-26T10:21:17.000;2025-11-26T03:21:17.000;2.68;-5.96;0.29;21.68;20.34;56
2025-11-26T10:31:32.000;2025-11-26T03:31:32.000;2.64;-5.21;0.26;21.82;20.34;57
2025-11-26T10:41:46.000;2025-11-26T03:41:46.000;3.17;-7.25;0.26;21.82;20.34;58
2025-11-26T10:52:00.000;2025-11-26T03:52:00.000;3.68;-10.5;0.24;21.88;20.34;59
2025-11-26T11:02:15.000;2025-11-26T04:02:15.000;3.89;-24.18;0.29;21.67;20.34;60
2025-11-26T11:12:30.000;2025-11-26T04:12:30.000;4.45;-23.18;0.3;21.66;20.34;61
2025-11-26T11:22:45.000;2025-11-26T04:22:45.000;4.21;-23.72;0.3;21.66;20.34;62
2025-11-26T11:33:00.000;2025-11-26T04:33:00.000;4.87;-22.53;0.23;21.96;20.34;63
2025-11-26T11:43:16.000;2025-11-26T04:43:16.000;6.3;-22.06;0.25;21.83;20.34;64
2025-11-26T11:53:30.000;2025-11-26T04:53:30.000;6.11;-23.6;0.25;21.83;20.34;65
2025-11-26T12:03:44.000;2025-11-26T05:03:44.000;4.96;-23.26;0.3;21.64;20.34;66
2025-11-26T12:13:58.000;2025-11-26T05:13:58.000;6.23;-22.98;0.3;21.64;20.34;67
2025-11-26T12:24:13.000;2025-11-26T05:24:13.000;7.77;-21.64;0.25;21.84;20.34;68
2025-11-26T12:34:29.000;2025-11-26T05:34:29.000;9.3;-22.24;0.31;21.63;20.34;69
2025-11-26T12:44:45.000;2025-11-26T05:44:45.000;10.14;-22.1;0.29;21.7;20.34;70
2025-11-26T12:55:01.000;2025-11-26T05:55:01.000;10.36;-22.36;0.51;21.07;20.34;71
2025-11-26T13:05:16.000;2025-11-26T06:05:16.000;10.78;-22.74;1.75;19.73;20.34;72
2025-11-26T13:15:32.000;2025-11-26T06:15:32.000;10.53;-22.97;10.4;17.8;20.34;73
2025-11-26T13:25:46.000;2025-11-26T06:25:46.000;11.06;-21.35;81.8;15.56;20.34;74
2025-11-26T13:35:59.000;2025-11-26T06:35:59.000;10.92;-22.13;876.06;12.98;20.34;75
2025-11-27T00:39:07.000;2025-11-26T17:39:07.000;10.86;-16.01;4868.66;11.12;20.34;1
2025-11-27T00:49:25.000;2025-11-26T17:49:25.000;10.98;-16.2;325.46;14.06;20.34;2
2025-11-27T00:59:40.000;2025-11-26T17:59:40.000;11.03;-16.08;27.64;16.74;20.34;3
2025-11-27T01:09:54.000;2025-11-26T18:09:54.000;10.79;-15.91;4.77;18.64;20.34;4
2025-11-27T01:20:08.000;2025-11-26T18:20:08.000;10.69;-16.17;1.55;19.86;20.34;5
2025-11-27T01:30:22.000;2025-11-26T18:30:22.000;10.55;-15.95;0.95;20.4;20.34;6
2025-11-27T01:40:37.000;2025-11-26T18:40:37.000;11.72;-15.94;0.85;20.52;20.34;7
2025-11-27T01:50:51.000;2025-11-26T18:50:51.000;11.28;-15.49;0.84;20.54;20.34;8
2025-11-27T02:01:06.000;2025-11-26T19:01:06.000;10.76;-16.2;0.84;20.52;20.34;9
2025-11-27T02:11:19.000;2025-11-26T19:11:19.000;10.37;-16.52;0.81;20.57;20.34;10
2025-11-27T02:21:33.000;2025-11-26T19:21:33.000;9.97;-16.71;0.82;20.56;20.34;11
2025-11-27T02:36:50.000;2025-11-26T19:36:50.000;10.77;-16.76;1.09;20.25;20.34;12
2025-11-27T02:47:10.000;2025-11-26T19:47:10.000;10.74;-16.54;0.83;20.54;20.34;13
2025-11-27T02:57:23.000;2025-11-26T19:57:23.000;10.09;-17.0;0.77;20.63;20.34;14
2025-11-27T03:07:37.000;2025-11-26T20:07:37.000;9.65;-16.73;0.73;20.69;20.34;15
2025-11-27T03:23:08.000;2025-11-26T20:23:08.000;10.21;-17.56;0.9;20.45;20.34;16
2025-11-27T03:33:29.000;2025-11-26T20:33:29.000;10.14;-17.3;0.6;20.89;20.34;17
2025-11-27T03:43:42.000;2025-11-26T20:43:42.000;9.05;-17.04;0.64;20.83;20.34;18
2025-11-27T03:53:57.000;2025-11-26T20:53:57.000;8.54;-16.53;0.78;20.61;20.34;19
2025-11-27T04:04:11.000;2025-11-26T21:04:11.000;8.54;-16.67;0.62;20.86;20.34;20
2025-11-27T04:14:25.000;2025-11-26T21:14:25.000;8.4;-16.54;0.75;20.65;20.34;21
2025-11-27T04:24:39.000;2025-11-26T21:24:39.000;8.39;-17.04;0.57;20.95;20.34;22
2025-11-27T04:34:56.000;2025-11-26T21:34:56.000;8.37;-17.09;0.63;20.84;20.34;23
2025-11-27T04:45:11.000;2025-11-26T21:45:11.000;8.19;-16.04;0.7;20.73;20.34;24
2025-11-27T04:55:30.000;2025-11-26T21:55:30.000;8.21;-16.29;0.74;20.67;20.34;25
2025-11-27T05:05:44.000;2025-11-26T22:05:44.000;8.06;-16.02;0.69;20.75;20.34;26
2025-11-27T05:15:58.000;2025-11-26T22:15:58.000;7.71;-16.52;0.6;20.9;20.34;27
2025-11-27T05:26:12.000;2025-11-26T22:26:12.000;7.36;-16.95;0.56;20.96;20.34;28
2025-11-27T05:36:25.000;2025-11-26T22:36:25.000;7.44;-16.86;0.52;21.05;20.34;29
2025-11-27T05:46:39.000;2025-11-26T22:46:39.000;7.26;-16.99;0.45;21.21;20.34;30
2025-11-27T05:56:54.000;2025-11-26T22:56:54.000;6.59;-17.17;0.5;21.1;20.34;31
2025-11-27T06:07:08.000;2025-11-26T23:07:08.000;6.17;-17.17;0.32;21.57;20.34;32
2025-11-27T06:17:22.000;2025-11-26T23:17:22.000;6.02;-17.24;0.4;21.33;20.34;33
2025-11-27T06:27:35.000;2025-11-26T23:27:35.000;5.98;-16.93;0.45;21.2;20.34;34
2025-11-27T06:37:49.000;2025-11-26T23:37:49.000;6.22;-16.39;0.44;21.23;20.34;35
2025-11-27T06:48:03.000;2025-11-26T23:48:03.000;6.81;-16.43;0.47;21.15;20.34;36
2025-11-27T06:58:18.000;2025-11-26T23:58:18.000;6.51;-17.3;0.42;21.28;20.34;37
2025-11-27T07:08:32.000;2025-11-27T00:08:32.000;6.11;-17.66;0.4;21.33;20.34;38
2025-11-27T07:18:45.000;2025-11-27T00:18:45.000;6.39;-16.73;0.34;21.5;20.34;39
2025-11-27T07:28:59.000;2025-11-27T00:28:59.000;6.46;-15.92;0.5;21.08;20.34;40
2025-11-27T07:39:14.000;2025-11-27T00:39:14.000;6.69;-15.43;0.6;20.89;20.34;41
2025-11-27T07:49:28.000;2025-11-27T00:49:28.000;6.41;-14.27;0.62;20.86;20.34;42
2025-11-27T07:59:42.000;2025-11-27T00:59:42.000;6.39;-14.09;0.64;20.82;20.34;43
2025-11-27T08:09:56.000;2025-11-27T01:09:56.000;6.64;-13.85;0.65;20.81;20.34;44
2025-11-27T08:20:10.000;2025-11-27T01:20:10.000;7.14;-14.12;0.52;21.04;20.34;45
2025-11-27T08:30:25.000;2025-11-27T01:30:25.000;7.46;-14.52;0.6;20.89;20.34;46
2025-11-27T08:40:39.000;2025-11-27T01:40:39.000;7.38;-13.42;0.66;20.79;20.34;47
2025-11-27T08:50:53.000;2025-11-27T01:50:53.000;7.55;-13.01;0.56;20.98;20.34;48
2025-11-27T09:01:08.000;2025-11-27T02:01:08.000;7.62;-12.87;0.64;20.83;20.34;49
2025-11-27T09:11:22.000;2025-11-27T02:11:22.000;7.62;-14.47;0.58;20.93;20.34;50
2025-11-27T09:21:36.000;2025-11-27T02:21:36.000;7.21;-14.12;0.58;20.93;20.34;51
2025-11-27T09:31:50.000;2025-11-27T02:31:50.000;7.46;-14.63;0.52;21.05;20.34;52
2025-11-27T09:42:04.000;2025-11-27T02:42:04.000;7.5;-15.38;0.47;21.17;20.34;53
2025-11-27T09:52:18.000;2025-11-27T02:52:18.000;7.52;-15.69;0.57;20.95;20.34;54
2025-11-27T10:02:32.000;2025-11-27T03:02:32.000;7.37;-16.46;0.46;21.19;20.34;55
2025-11-27T10:12:46.000;2025-11-27T03:12:46.000;7.39;-18.45;0.42;21.28;20.34;56
2025-11-27T10:22:59.000;2025-11-27T03:22:59.000;6.89;-17.02;0.33;21.53;20.34;57
2025-11-27T10:33:14.000;2025-11-27T03:33:14.000;7.17;-15.3;0.53;21.03;20.34;58
2025-11-27T10:43:28.000;2025-11-27T03:43:28.000;7.01;-16.01;0.48;21.14;20.34;59
2025-11-27T10:53:41.000;2025-11-27T03:53:41.000;6.39;-18.29;0.38;21.39;20.34;60
2025-11-27T11:03:55.000;2025-11-27T04:03:55.000;7.26;-16.22;0.46;21.18;20.34;61
2025-11-27T11:14:11.000;2025-11-27T04:14:11.000;9.79;-17.72;0.36;21.44;20.34;62
2025-11-27T11:24:25.000;2025-11-27T04:24:25.000;8.9;-18.13;0.3;21.64;20.34;63
2025-11-27T11:34:39.000;2025-11-27T04:34:39.000;9.47;-17.35;0.35;21.48;20.34;64
2025-11-27T11:44:55.000;2025-11-27T04:44:55.000;11.47;-18.63;0.35;21.47;20.34;65
2025-11-27T11:55:10.000;2025-11-27T04:55:10.000;12.49;-18.14;0.3;21.65;20.34;66
2025-11-27T12:05:25.000;2025-11-27T05:05:25.000;12.48;-18.94;0.31;21.6;20.34;67
2025-11-27T12:15:40.000;2025-11-27T05:15:40.000;12.72;-17.14;0.44;21.22;20.34;68
2025-11-27T12:25:54.000;2025-11-27T05:25:54.000;12.18;-15.83;0.48;21.14;20.34;69
2025-11-27T12:36:07.000;2025-11-27T05:36:07.000;12.36;-13.5;0.62;20.85;20.34;70
2025-11-27T12:46:21.000;2025-11-27T05:46:21.000;12.61;-12.47;0.81;20.57;20.34;71
2025-11-27T12:56:36.000;2025-11-27T05:56:36.000;12.88;-14.26;0.73;20.67;20.34;72
2025-11-27T13:06:50.000;2025-11-27T06:06:50.000;12.44;-16.49;2.51;19.34;20.34;73
2025-11-27T13:17:04.000;2025-11-27T06:17:04.000;12.17;-16.93;12.21;17.62;20.34;74
2025-11-27T13:27:18.000;2025-11-27T06:27:18.000;11.88;-17.27;97.07;15.37;20.34;75
2025-11-27T13:37:32.000;2025-11-27T06:37:32.000;11.61;-16.83;960.72;12.88;20.34;76
2025-11-28T00:41:38.000;2025-11-27T17:41:38.000;12.31;-3.75;4710.42;11.16;20.34;1
2025-11-28T00:51:52.000;2025-11-27T17:51:52.000;12.94;-5.87;319.93;14.08;20.34;2
2025-11-28T01:02:07.000;2025-11-27T18:02:07.000;13.13;-6.47;45.15;16.2;20.34;3
2025-11-28T01:12:21.000;2025-11-27T18:12:21.000;13.3;-3.41;11.66;17.67;20.34;4
2025-11-28T01:22:35.000;2025-11-27T18:22:35.000;13.45;-2.91;6.55;18.3;20.34;5
2025-11-28T01:32:49.000;2025-11-27T18:32:49.000;13.67;-5.11;5.4;18.51;20.34;6
2025-11-28T01:43:03.000;2025-11-27T18:43:03.000;13.21;-8.92;3.64;18.94;20.34;7
2025-11-28T01:53:18.000;2025-11-27T18:53:18.000;12.82;-10.76;3.92;18.86;20.34;8
2025-11-28T02:03:32.000;2025-11-27T19:03:32.000;12.41;-10.78;2.57;19.32;20.34;9
2025-11-28T02:13:46.000;2025-11-27T19:13:46.000;12.53;-9.24;3.2;19.08;20.34;10
2025-11-28T02:24:01.000;2025-11-27T19:24:01.000;12.27;-12.1;1.85;19.67;20.34;11
2025-11-28T02:34:15.000;2025-11-27T19:34:15.000;12.01;-11.69;1.4;19.97;20.34;12
2025-11-28T02:44:30.000;2025-11-27T19:44:30.000;11.9;-11.81;1.96;19.61;20.34;13
2025-11-28T02:54:44.000;2025-11-27T19:54:44.000;11.47;-13.66;1.52;19.89;20.34;14
2025-11-28T03:04:58.000;2025-11-27T20:04:58.000;11.5;-12.79;1.64;19.8;20.34;15
2025-11-28T03:15:11.000;2025-11-27T20:15:11.000;11.36;-13.89;1.22;20.12;20.34;16
2025-11-28T03:25:26.000;2025-11-27T20:25:26.000;11.22;-13.57;1.42;19.96;20.34;17
2025-11-28T03:35:40.000;2025-11-27T20:35:40.000;11.07;-13.96;1.38;19.99;20.34;18
2025-11-28T03:45:54.000;2025-11-27T20:45:54.000;10.95;-13.96;1.28;20.07;20.34;19
2025-11-28T03:56:09.000;2025-11-27T20:56:09.000;10.66;-14.21;1.1;20.24;20.34;20
2025-11-28T04:06:23.000;2025-11-27T21:06:23.000;10.67;-14.27;1.03;20.31;20.34;21
2025-11-28T04:16:36.000;2025-11-27T21:16:36.000;10.42;-14.41;0.99;20.36;20.34;22
2025-11-28T04:26:52.000;2025-11-27T21:26:52.000;10.34;-14.39;0.98;20.37;20.34;23
2025-11-28T04:37:05.000;2025-11-27T21:37:05.000;10.39;-14.56;0.92;20.43;20.34;24
2025-11-28T04:47:20.000;2025-11-27T21:47:20.000;9.94;-15.24;0.89;20.46;20.34;25
2025-11-28T04:57:34.000;2025-11-27T21:57:34.000;9.29;-15.22;0.85;20.52;20.34;26
2025-11-28T05:07:47.000;2025-11-27T22:07:47.000;8.62;-15.22;0.83;20.54;20.34;27
2025-11-28T05:18:01.000;2025-11-27T22:18:01.000;8.17;-15.08;0.78;20.61;20.34;28
2025-11-28T05:28:16.000;2025-11-27T22:28:16.000;8.1;-15.07;0.6;20.89;20.34;29
2025-11-28T05:38:32.000;2025-11-27T22:38:32.000;7.99;-14.55;0.64;20.83;20.34;30
2025-11-28T05:48:46.000;2025-11-27T22:48:46.000;8.85;-14.6;0.62;20.86;20.34;31
2025-11-28T05:59:03.000;2025-11-27T22:59:03.000;8.55;-14.67;0.61;20.88;20.34;32
2025-11-28T06:09:17.000;2025-11-27T23:09:17.000;8.34;-15.22;0.58;20.93;20.34;33
2025-11-28T06:19:31.000;2025-11-27T23:19:31.000;8.02;-15.26;0.57;20.96;20.34;34
2025-11-28T06:29:45.000;2025-11-27T23:29:45.000;7.78;-15.36;0.54;21.01;20.34;35
2025-11-28T06:40:00.000;2025-11-27T23:40:00.000;7.29;-15.84;0.53;21.03;20.34;36
2025-11-28T06:50:16.000;2025-11-27T23:50:16.000;6.81;-16.24;0.34;21.51;20.34;37
2025-11-28T07:00:30.000;2025-11-28T00:00:30.000;6.96;-15.61;0.38;21.39;20.34;38
2025-11-28T07:10:44.000;2025-11-28T00:10:44.000;7.03;-16.0;0.38;21.38;20.34;39
2025-11-28T07:20:58.000;2025-11-28T00:20:58.000;7.09;-15.63;0.42;21.28;20.34;40
2025-11-28T07:31:12.000;2025-11-28T00:31:12.000;7.19;-16.21;0.33;21.55;20.34;41
2025-11-28T07:41:26.000;2025-11-28T00:41:26.000;7.42;-16.47;0.31;21.62;20.34;42
2025-11-28T07:51:40.000;2025-11-28T00:51:40.000;6.82;-16.11;0.39;21.36;20.34;43
2025-11-28T08:01:55.000;2025-11-28T01:01:55.000;6.78;-15.68;0.31;21.6;20.34;44
2025-11-28T08:12:08.000;2025-11-28T01:12:08.000;6.69;-15.76;0.43;21.26;20.34;45
2025-11-28T08:22:22.000;2025-11-28T01:22:22.000;6.63;-16.37;0.37;21.43;20.34;46
2025-11-28T08:32:39.000;2025-11-28T01:32:39.000;6.68;-15.95;0.31;21.63;20.34;47
2025-11-28T08:43:10.000;2025-11-28T01:43:10.000;6.61;-15.54;0.37;21.43;20.34;48
2025-11-28T08:53:27.000;2025-11-28T01:53:27.000;6.62;-13.86;0.43;21.27;20.34;49
2025-11-28T09:03:42.000;2025-11-28T02:03:42.000;6.69;-15.17;0.38;21.4;20.34;50
2025-11-28T09:13:58.000;2025-11-28T02:13:58.000;7.05;-14.06;0.39;21.37;20.34;51
2025-11-28T09:24:12.000;2025-11-28T02:24:12.000;7.72;-5.33;0.56;20.98;20.34;52
2025-11-28T09:34:39.000;2025-11-28T02:34:39.000;8.23;-5.18;0.54;21.0;20.34;53
2025-11-28T09:44:54.000;2025-11-28T02:44:54.000;8.56;-6.61;0.44;21.23;20.34;54
2025-11-28T10:05:35.000;2025-11-28T03:05:35.000;8.77;-9.1;0.46;21.19;20.34;56
2025-11-28T10:15:49.000;2025-11-28T03:15:49.000;8.59;-7.7;0.53;21.03;20.34;57
2025-11-28T10:26:03.000;2025-11-28T03:26:03.000;9.0;-2.96;0.73;20.68;20.34;58
2025-11-28T10:36:17.000;2025-11-28T03:36:17.000;9.49;-3.24;0.72;20.7;20.34;59
2025-11-28T10:46:31.000;2025-11-28T03:46:31.000;9.65;-4.21;0.75;20.65;20.34;60
2025-11-28T10:56:45.000;2025-11-28T03:56:45.000;9.7;-6.0;0.81;20.57;20.34;61
2025-11-28T11:06:59.000;2025-11-28T04:06:59.000;9.97;-7.0;0.55;21.0;20.34;62
2025-11-28T11:17:15.000;2025-11-28T04:17:15.000;10.16;-6.05;0.62;20.85;20.34;63
2025-11-28T11:27:29.000;2025-11-28T04:27:29.000;10.09;-7.38;0.48;21.13;20.34;64
2025-11-28T11:37:43.000;2025-11-28T04:37:43.000;11.44;-3.49;0.72;20.69;20.34;65
2025-11-28T11:47:58.000;2025-11-28T04:47:58.000;12.13;-6.19;0.57;20.96;20.34;66
2025-11-28T11:58:12.000;2025-11-28T04:58:12.000;11.46;-3.36;1.0;20.34;20.34;67
2025-11-28T12:08:26.000;2025-11-28T05:08:26.000;11.54;-7.95;0.61;20.88;20.34;68
2025-11-28T12:18:40.000;2025-11-28T05:18:40.000;11.35;-7.46;0.57;20.95;20.34;69
2025-11-28T12:28:56.000;2025-11-28T05:28:56.000;11.13;-9.27;0.48;21.15;20.34;70
2025-11-28T12:39:11.000;2025-11-28T05:39:11.000;11.02;-10.76;0.56;20.97;20.34;71
2025-11-28T12:49:25.000;2025-11-28T05:49:25.000;10.43;-12.61;0.4;21.33;20.34;72
2025-11-28T12:59:38.000;2025-11-28T05:59:38.000;10.29;-10.58;0.82;20.55;20.34;73
2025-11-28T13:09:52.000;2025-11-28T06:09:52.000;10.47;-13.67;2.73;19.25;20.34;74
2025-11-28T13:20:06.000;2025-11-28T06:20:06.000;10.33;-12.49;15.61;17.36;20.34;75
2025-11-28T13:30:20.000;2025-11-28T06:30:20.000;10.19;-11.16;150.22;14.9;20.34;76
2025-11-28T13:40:34.000;2025-11-28T06:40:34.000;10.75;-11.76;1887.62;12.15;20.34;77
2025-11-29T00:42:39.000;2025-11-28T17:42:39.000;13.12;-13.94;3350.54;11.53;20.34;1
2025-11-29T00:52:53.000;2025-11-28T17:52:53.000;13.97;-14.94;227.13;14.45;20.34;2
2025-11-29T01:03:12.000;2025-11-28T18:03:12.000;13.29;-14.81;30.45;16.63;20.34;3
2025-11-29T01:13:27.000;2025-11-28T18:13:27.000;13.18;-15.85;6.63;18.29;20.34;4
2025-11-29T01:23:41.000;2025-11-28T18:23:41.000;12.69;-16.25;3.27;19.05;20.34;5
2025-11-29T01:33:55.000;2025-11-28T18:33:55.000;12.55;-16.77;2.82;19.21;20.34;6
2025-11-29T01:44:09.000;2025-11-28T18:44:09.000;12.63;-16.7;2.79;19.23;20.34;7
2025-11-29T01:54:24.000;2025-11-28T18:54:24.000;12.28;-17.28;2.85;19.2;20.34;8
2025-11-29T02:04:39.000;2025-11-28T19:04:39.000;12.05;-17.16;2.82;19.21;20.34;9
2025-11-29T02:14:53.000;2025-11-28T19:14:53.000;11.91;-17.0;2.88;19.19;20.34;10
2025-11-29T02:25:06.000;2025-11-28T19:25:06.000;11.85;-17.44;2.91;19.18;20.34;11
2025-11-29T02:35:20.000;2025-11-28T19:35:20.000;11.44;-17.33;2.99;19.15;20.34;12
2025-11-29T02:45:34.000;2025-11-28T19:45:34.000;11.2;-17.29;3.05;19.13;20.34;13
2025-11-29T02:55:47.000;2025-11-28T19:55:47.000;10.83;-16.88;3.15;19.09;20.34;14
2025-11-29T03:06:01.000;2025-11-28T20:06:01.000;10.42;-16.79;3.2;19.08;20.34;15
2025-11-29T03:16:15.000;2025-11-28T20:16:15.000;10.03;-16.82;3.26;19.06;20.34;16
2025-11-29T03:26:29.000;2025-11-28T20:26:29.000;9.85;-16.55;3.29;19.05;20.34;17
2025-11-29T03:36:43.000;2025-11-28T20:36:43.000;9.62;-16.62;3.07;19.12;20.34;18
2025-11-29T03:46:57.000;2025-11-28T20:46:57.000;9.31;-16.62;2.78;19.23;20.34;19
2025-11-29T03:57:11.000;2025-11-28T20:57:11.000;9.12;-16.51;2.47;19.36;20.34;20
2025-11-29T04:07:25.000;2025-11-28T21:07:25.000;9.05;-17.17;2.17;19.5;20.34;21
2025-11-29T04:17:38.000;2025-11-28T21:17:38.000;7.69;-17.28;1.92;19.63;20.34;22
2025-11-29T04:27:51.000;2025-11-28T21:27:51.000;7.26;-16.75;1.83;19.69;20.34;23
2025-11-29T04:38:06.000;2025-11-28T21:38:06.000;7.16;-17.01;1.75;19.74;20.34;24
2025-11-29T04:48:21.000;2025-11-28T21:48:21.000;7.1;-16.77;1.69;19.77;20.34;25
2025-11-29T04:58:36.000;2025-11-28T21:58:36.000;6.9;-17.37;1.67;19.79;20.34;26
2025-11-29T05:08:51.000;2025-11-28T22:08:51.000;7.43;-17.03;1.59;19.84;20.34;27
2025-11-29T05:19:05.000;2025-11-28T22:19:05.000;7.21;-17.47;1.52;19.89;20.34;28
2025-11-29T05:29:21.000;2025-11-28T22:29:21.000;7.08;-17.49;1.45;19.94;20.34;29
2025-11-29T05:39:36.000;2025-11-28T22:39:36.000;7.17;-17.43;1.4;19.97;20.34;30
2025-11-29T05:49:50.000;2025-11-28T22:49:50.000;7.53;-17.38;1.32;20.04;20.34;31
2025-11-29T06:00:04.000;2025-11-28T23:00:04.000;7.04;-17.73;1.27;20.08;20.34;32
2025-11-29T06:10:17.000;2025-11-28T23:10:17.000;6.37;-17.99;0.97;20.37;20.34;33
2025-11-29T06:20:32.000;2025-11-28T23:20:32.000;5.99;-17.94;0.79;20.6;20.34;34
2025-11-29T06:30:47.000;2025-11-28T23:30:47.000;6.24;-18.26;0.75;20.65;20.34;35
2025-11-29T06:41:02.000;2025-11-28T23:41:02.000;6.21;-17.75;0.73;20.69;20.34;36
2025-11-29T06:51:17.000;2025-11-28T23:51:17.000;6.38;-18.38;0.71;20.71;20.34;37
2025-11-29T07:01:30.000;2025-11-29T00:01:30.000;5.89;-18.12;0.69;20.74;20.34;38
2025-11-29T07:11:44.000;2025-11-29T00:11:44.000;5.67;-17.74;0.68;20.76;20.34;39
2025-11-29T07:21:58.000;2025-11-29T00:21:58.000;5.87;-17.97;0.66;20.8;20.34;40
2025-11-29T07:32:13.000;2025-11-29T00:32:13.000;5.67;-18.22;0.54;21.02;20.34;41
2025-11-29T07:42:28.000;2025-11-29T00:42:28.000;5.46;-18.26;0.5;21.08;20.34;42
2025-11-29T07:52:42.000;2025-11-29T00:52:42.000;5.26;-18.58;0.47;21.17;20.34;43
2025-11-29T08:02:57.000;2025-11-29T01:02:57.000;5.55;-18.48;0.35;21.47;20.34;44
2025-11-29T08:13:13.000;2025-11-29T01:13:13.000;5.94;-18.95;0.39;21.36;20.34;45
2025-11-29T08:28:46.000;2025-11-29T01:28:46.000;6.79;-19.22;0.55;20.99;20.34;46
2025-11-29T08:39:07.000;2025-11-29T01:39:07.000;6.81;-18.81;0.36;21.44;20.34;47
2025-11-29T08:49:19.000;2025-11-29T01:49:19.000;5.94;-18.84;0.3;21.65;20.34;48
2025-11-29T09:04:51.000;2025-11-29T02:04:51.000;7.18;-18.89;0.52;21.05;20.34;49
2025-11-29T09:15:13.000;2025-11-29T02:15:13.000;7.96;-19.24;0.29;21.7;20.34;50
2025-11-29T09:25:25.000;2025-11-29T02:25:25.000;6.89;-19.14;0.29;21.7;20.34;51
2025-11-29T09:40:57.000;2025-11-29T02:40:57.000;7.86;-19.69;0.51;21.07;20.34;52
2025-11-29T09:51:19.000;2025-11-29T02:51:19.000;7.94;-18.89;0.29;21.69;20.34;53
2025-11-29T10:01:33.000;2025-11-29T03:01:33.000;8.65;-18.36;0.35;21.49;20.34;54
2025-11-29T10:11:47.000;2025-11-29T03:11:47.000;9.6;-18.83;0.35;21.49;20.34;55
2025-11-29T10:22:01.000;2025-11-29T03:22:01.000;9.43;-20.0;0.36;21.44;20.34;56
2025-11-29T10:32:15.000;2025-11-29T03:32:15.000;8.38;-19.32;0.28;21.71;20.34;57
2025-11-29T10:42:29.000;2025-11-29T03:42:29.000;7.95;-19.81;0.33;21.55;20.34;58
2025-11-29T10:52:43.000;2025-11-29T03:52:43.000;7.31;-20.73;0.32;21.59;20.34;59
2025-11-29T11:02:57.000;2025-11-29T04:02:57.000;7.21;-20.54;0.25;21.83;20.34;60
2025-11-29T11:13:11.000;2025-11-29T04:13:11.000;6.85;-20.89;0.3;21.66;20.34;61
2025-11-29T11:28:28.000;2025-11-29T04:28:28.000;7.07;-20.88;0.43;21.25;20.34;62
2025-11-29T11:38:50.000;2025-11-29T04:38:50.000;6.96;-21.59;0.2;22.11;20.34;63
2025-11-29T11:49:03.000;2025-11-29T04:49:03.000;6.21;-19.0;0.2;22.11;20.34;64
2025-11-29T11:59:17.000;2025-11-29T04:59:17.000;7.71;-20.85;0.31;21.61;20.34;65
2025-11-29T12:09:31.000;2025-11-29T05:09:31.000;8.11;-21.36;0.31;21.6;20.34;66
2025-11-29T12:19:48.000;2025-11-29T05:19:48.000;8.35;-20.79;0.3;21.66;20.34;67
2025-11-29T12:30:03.000;2025-11-29T05:30:03.000;7.79;-21.43;0.25;21.86;20.34;68
2025-11-29T12:40:16.000;2025-11-29T05:40:16.000;6.7;-21.46;0.27;21.76;20.34;69
2025-11-29T12:50:30.000;2025-11-29T05:50:30.000;6.2;-22.02;0.34;21.5;20.34;70
2025-11-29T13:00:43.000;2025-11-29T06:00:43.000;6.24;-21.36;0.62;20.86;20.34;71
2025-11-29T13:10:57.000;2025-11-29T06:10:57.000;7.38;-20.33;2.66;19.28;20.34;72
2025-11-29T13:21:12.000;2025-11-29T06:21:12.000;7.15;-21.73;15.97;17.33;20.34;73
2025-11-29T13:31:26.000;2025-11-29T06:31:26.000;6.91;-21.25;134.13;15.02;20.34;74
2025-11-29T13:41:40.000;2025-11-29T06:41:40.000;6.35;-21.99;1709.99;12.26;20.34;75
2025-11-30T00:40:19.000;2025-11-29T17:40:19.000;11.72;-15.1;3656.4;11.43;20.34;1
2025-11-30T00:50:33.000;2025-11-29T17:50:33.000;12.45;-14.56;351.48;13.98;20.34;2
2025-11-30T01:00:48.000;2025-11-29T18:00:48.000;12.86;-14.49;49.08;16.11;20.34;3
2025-11-30T01:11:03.000;2025-11-29T18:11:03.000;12.83;-14.37;14.27;17.45;20.34;4
2025-11-30T01:21:20.000;2025-11-29T18:21:20.000;12.1;-16.96;5.06;18.58;20.34;5
2025-11-30T01:31:34.000;2025-11-29T18:31:34.000;11.69;-15.01;6.22;18.36;20.34;6
2025-11-30T01:41:51.000;2025-11-29T18:41:51.000;12.29;-14.1;9.01;17.95;20.34;7
2025-11-30T01:52:05.000;2025-11-29T18:52:05.000;11.7;-14.83;6.27;18.35;20.34;8
2025-11-30T02:02:19.000;2025-11-29T19:02:19.000;10.78;-15.3;8.76;17.98;20.34;9
2025-11-30T02:12:33.000;2025-11-29T19:12:33.000;10.24;-15.38;8.78;17.98;20.34;10
2025-11-30T02:22:46.000;2025-11-29T19:22:46.000;9.53;-16.04;9.8;17.86;20.34;11
2025-11-30T02:33:02.000;2025-11-29T19:33:02.000;8.66;-16.71;6.46;18.31;20.34;12
2025-11-30T02:43:15.000;2025-11-29T19:43:15.000;8.36;-17.3;5.68;18.45;20.34;13
2025-11-30T02:53:29.000;2025-11-29T19:53:29.000;8.68;-17.55;5.32;18.53;20.34;14
2025-11-30T03:03:45.000;2025-11-29T20:03:45.000;9.47;-18.31;5.02;18.59;20.34;15
2025-11-30T03:14:00.000;2025-11-29T20:14:00.000;9.89;-18.23;4.82;18.63;20.34;16
2025-11-30T03:24:14.000;2025-11-29T20:24:14.000;9.29;-18.67;4.72;18.66;20.34;17
2025-11-30T03:34:27.000;2025-11-29T20:34:27.000;8.79;-18.57;4.58;18.69;20.34;18
2025-11-30T03:44:43.000;2025-11-29T20:44:43.000;9.08;-18.71;4.53;18.7;20.34;19
2025-11-30T03:54:57.000;2025-11-29T20:54:57.000;8.2;-18.31;4.78;18.64;20.34;20
2025-11-30T04:05:10.000;2025-11-29T21:05:10.000;7.7;-18.4;4.68;18.66;20.34;21
2025-11-30T04:15:26.000;2025-11-29T21:15:26.000;7.49;-18.04;4.88;18.62;20.34;22
2025-11-30T04:30:59.000;2025-11-29T21:30:59.000;8.29;-18.66;5.28;18.53;20.34;23
2025-11-30T04:41:19.000;2025-11-29T21:41:19.000;8.54;-17.84;4.76;18.64;20.34;24
2025-11-30T04:51:32.000;2025-11-29T21:51:32.000;7.38;-17.92;5.16;18.56;20.34;25
2025-11-30T05:01:45.000;2025-11-29T22:01:45.000;7.01;-17.49;4.93;18.61;20.34;26
2025-11-30T05:11:59.000;2025-11-29T22:11:59.000;7.03;-17.47;3.96;18.85;20.34;27
2025-11-30T05:22:13.000;2025-11-29T22:22:13.000;6.93;-17.16;3.1;19.11;20.34;28
2025-11-30T05:32:27.000;2025-11-29T22:32:27.000;6.6;-16.94;3.65;18.93;20.34;29
2025-11-30T05:42:41.000;2025-11-29T22:42:41.000;5.87;-17.03;2.86;19.2;20.34;30
2025-11-30T05:58:12.000;2025-11-29T22:58:12.000;6.42;-18.01;3.22;19.07;20.34;31
2025-11-30T06:08:33.000;2025-11-29T23:08:33.000;6.81;-18.06;2.96;19.16;20.34;32
2025-11-30T06:18:46.000;2025-11-29T23:18:46.000;6.49;-17.71;2.08;19.55;20.34;33
2025-11-30T06:34:18.000;2025-11-29T23:34:18.000;6.89;-18.83;2.51;19.34;20.34;34
2025-11-30T06:44:38.000;2025-11-29T23:44:38.000;7.02;-18.39;2.09;19.54;20.34;35
2025-11-30T06:54:51.000;2025-11-29T23:54:51.000;5.81;-18.37;1.8;19.7;20.34;36
2025-11-30T07:05:07.000;2025-11-30T00:05:07.000;5.56;-18.77;1.4;19.97;20.34;37
2025-11-30T07:15:20.000;2025-11-30T00:15:20.000;5.23;-18.87;1.1;20.24;20.34;38
2025-11-30T07:25:35.000;2025-11-30T00:25:35.000;5.41;-18.49;1.8;19.7;20.34;39
2025-11-30T07:35:49.000;2025-11-30T00:35:49.000;4.86;-19.06;1.44;19.95;20.34;40
2025-11-30T07:46:04.000;2025-11-30T00:46:04.000;4.89;-19.37;1.08;20.25;20.34;41
2025-11-30T07:56:17.000;2025-11-30T00:56:17.000;5.04;-19.79;1.1;20.23;20.34;42
2025-11-30T08:06:32.000;2025-11-30T01:06:32.000;4.72;-20.04;1.01;20.33;20.34;43
2025-11-30T08:16:49.000;2025-11-30T01:16:49.000;6.17;-19.17;0.94;20.41;20.34;44
2025-11-30T08:27:04.000;2025-11-30T01:27:04.000;6.7;-19.94;0.84;20.53;20.34;45
2025-11-30T08:37:19.000;2025-11-30T01:37:19.000;7.06;-19.4;0.92;20.44;20.34;46
2025-11-30T08:47:33.000;2025-11-30T01:47:33.000;7.06;-20.19;0.61;20.87;20.34;47
2025-11-30T08:57:46.000;2025-11-30T01:57:46.000;6.47;-20.16;0.56;20.98;20.34;48
2025-11-30T09:08:00.000;2025-11-30T02:08:00.000;6.79;-20.08;0.41;21.3;20.34;49
2025-11-30T09:18:14.000;2025-11-30T02:18:14.000;6.28;-18.74;0.59;20.91;20.34;50
2025-11-30T09:28:28.000;2025-11-30T02:28:28.000;6.1;-18.71;0.45;21.22;20.34;51
2025-11-30T09:38:45.000;2025-11-30T02:38:45.000;6.05;-18.74;0.45;21.21;20.34;52
2025-11-30T09:49:00.000;2025-11-30T02:49:00.000;5.87;-18.64;0.49;21.12;20.34;53
2025-11-30T09:59:13.000;2025-11-30T02:59:13.000;6.11;-20.1;0.37;21.43;20.34;54
2025-11-30T10:09:28.000;2025-11-30T03:09:28.000;7.82;-20.81;0.3;21.63;20.34;55
2025-11-30T10:25:03.000;2025-11-30T03:25:03.000;7.76;-20.55;0.6;20.89;20.34;56
2025-11-30T10:35:23.000;2025-11-30T03:35:23.000;7.4;-20.47;0.45;21.2;20.34;57
2025-11-30T10:45:40.000;2025-11-30T03:45:40.000;7.03;-18.23;0.51;21.08;20.34;58
2025-11-30T10:55:54.000;2025-11-30T03:55:54.000;6.61;-15.53;0.73;20.68;20.34;59
2025-11-30T11:06:09.000;2025-11-30T04:06:09.000;6.22;-17.84;0.42;21.27;20.34;60
2025-11-30T11:16:24.000;2025-11-30T04:16:24.000;6.35;-18.24;0.6;20.89;20.34;61
2025-11-30T11:26:39.000;2025-11-30T04:26:39.000;6.17;-17.88;0.63;20.84;20.34;62
2025-11-30T11:36:53.000;2025-11-30T04:36:53.000;6.19;-14.83;0.74;20.67;20.34;63
2025-11-30T11:47:07.000;2025-11-30T04:47:07.000;6.48;-15.93;0.78;20.62;20.34;64
2025-11-30T11:57:21.000;2025-11-30T04:57:21.000;6.45;-15.65;0.7;20.73;20.34;65
2025-11-30T12:07:35.000;2025-11-30T05:07:35.000;6.4;-17.3;0.61;20.88;20.34;66
2025-11-30T12:17:48.000;2025-11-30T05:17:48.000;8.28;-17.38;0.45;21.21;20.34;67
2025-11-30T12:28:03.000;2025-11-30T05:28:03.000;8.85;-19.13;0.3;21.64;20.34;68
2025-11-30T12:38:17.000;2025-11-30T05:38:17.000;8.34;-15.03;0.62;20.86;20.34;69
2025-11-30T12:48:31.000;2025-11-30T05:48:31.000;8.68;-16.06;0.56;20.96;20.34;70
2025-11-30T12:58:46.000;2025-11-30T05:58:46.000;9.07;-14.99;0.58;20.94;20.34;71
2025-11-30T13:09:00.000;2025-11-30T06:09:00.000;8.43;-14.75;1.81;19.69;20.34;72
2025-11-30T13:19:14.000;2025-11-30T06:19:14.000;8.52;-14.84;7.58;18.14;20.34;73
2025-11-30T13:29:28.000;2025-11-30T06:29:28.000;8.37;-15.45;62.82;15.84;20.34;74
2025-11-30T13:39:42.000;2025-11-30T06:39:42.000;8.21;-16.05;711.72;13.21;20.34;75
