UT,T
2026-05-18T02:08:00.077,40.9
2026-05-18T02:13:00.076,40.2
2026-05-18T02:18:00.106,39.9
2026-05-18T02:23:00.077,39.3
2026-05-18T02:28:00.072,39.0
2026-05-18T02:33:00.102,38.6
2026-05-18T02:38:00.072,38.3
2026-05-18T02:43:00.074,38.0
2026-05-18T02:48:00.110,37.7
2026-05-18T02:53:00.083,37.3
2026-05-18T02:58:00.113,37.3
2026-05-18T03:03:00.082,37.0
2026-05-18T03:08:00.079,37.0
2026-05-18T03:13:00.106,36.7
2026-05-18T03:18:00.080,36.4
2026-05-18T03:23:00.076,36.4
2026-05-18T03:28:00.110,36.4
2026-05-18T03:33:00.075,36.0
2026-05-18T03:38:00.080,36.0
2026-05-18T03:43:00.111,36.0
2026-05-18T03:48:00.077,36.0
2026-05-18T03:53:00.085,35.7
2026-05-18T03:58:00.108,35.7
2026-05-18T04:03:00.082,35.7
2026-05-18T04:08:00.079,35.4
2026-05-18T04:13:00.113,35.4
2026-05-18T04:18:00.078,35.4
2026-05-18T04:23:00.081,35.1
2026-05-18T04:28:00.108,35.1
2026-05-18T04:33:00.079,35.1
2026-05-18T04:38:00.112,35.1
2026-05-18T04:43:00.077,35.1
2026-05-18T04:48:00.079,34.8
2026-05-18T04:53:00.113,34.8
2026-05-18T04:58:00.075,34.8
2026-05-18T05:03:00.084,34.8
2026-05-18T05:08:00.111,34.8
2026-05-18T05:13:00.084,34.4
2026-05-18T05:18:00.081,34.4
2026-05-18T05:23:00.105,34.4
2026-05-18T05:28:00.081,34.4
2026-05-18T05:33:00.075,34.4
2026-05-18T05:38:00.112,34.4
2026-05-18T05:43:00.077,34.4
2026-05-18T05:48:00.078,34.4
2026-05-18T05:53:00.109,34.4
2026-05-18T05:58:00.082,34.4
2026-05-18T06:03:00.110,34.1
2026-05-18T06:08:00.076,34.1
2026-05-18T06:13:00.081,34.1
2026-05-18T06:18:00.110,34.1
2026-05-18T06:23:00.081,34.1
2026-05-18T06:28:00.082,33.8
2026-05-18T06:33:00.106,33.8
2026-05-18T06:38:00.075,33.8
2026-05-18T06:43:00.076,33.8
2026-05-18T06:48:00.114,33.8
2026-05-18T06:53:00.080,33.8
2026-05-18T06:58:00.079,33.8
2026-05-18T07:03:00.108,33.8
2026-05-18T07:08:00.083,33.5
2026-05-18T07:13:00.078,33.5
2026-05-18T07:18:00.110,33.5
2026-05-18T07:23:00.081,33.5
2026-05-18T07:28:00.109,33.1
2026-05-18T07:33:00.078,33.1
2026-05-18T07:38:00.080,33.1
2026-05-18T07:43:00.106,33.1
2026-05-18T07:48:00.077,33.1
2026-05-18T07:53:00.078,33.1
2026-05-18T07:58:00.104,32.8
2026-05-18T08:03:00.083,32.8
2026-05-18T08:08:00.075,32.8
2026-05-18T08:13:00.105,32.8
2026-05-18T08:18:00.076,32.8
2026-05-18T08:23:00.075,32.8
2026-05-18T08:28:00.109,32.5
2026-05-18T08:33:00.085,32.5
2026-05-18T08:38:00.081,32.5
2026-05-18T08:43:00.111,32.5
2026-05-18T08:48:00.082,32.5
2026-05-18T08:53:00.083,32.5
2026-05-18T08:58:00.110,32.2
2026-05-18T09:03:00.080,32.2
2026-05-18T09:08:00.107,32.2
2026-05-18T09:13:00.076,32.2
2026-05-18T09:18:00.079,32.2
2026-05-18T09:23:00.112,32.2
2026-05-18T09:28:00.078,32.2
2026-05-18T09:33:00.079,32.2
2026-05-18T09:38:00.108,32.2
2026-05-18T09:43:00.081,32.2
2026-05-18T09:48:00.083,32.2
2026-05-18T09:53:00.108,32.2
2026-05-18T09:58:00.081,32.2
2026-05-18T10:03:00.081,31.9
2026-05-18T10:08:00.110,31.9
2026-05-18T10:13:00.079,31.9
2026-05-18T10:18:00.077,31.9
2026-05-18T10:23:00.111,31.9
2026-05-18T10:28:00.082,31.9
2026-05-18T10:33:00.113,31.9
2026-05-18T10:38:00.076,31.9
2026-05-18T10:43:00.075,31.9
2026-05-18T10:48:00.106,31.9
2026-05-18T10:53:00.079,31.9
2026-05-18T10:58:00.081,31.9
2026-05-18T11:03:00.113,31.9
2026-05-18T11:08:00.075,31.9
2026-05-18T11:13:00.078,31.9
2026-05-18T11:18:00.110,31.9
2026-05-18T11:23:00.076,31.9
2026-05-18T11:28:00.078,31.9
2026-05-18T11:33:00.110,31.9
2026-05-18T11:38:00.077,31.9
2026-05-18T11:43:00.075,32.2
2026-05-18T11:48:00.109,31.9
2026-05-18T11:53:00.080,32.2
2026-05-18T11:58:00.078,31.9
2026-05-18T12:03:00.107,31.9
2026-05-18T12:08:00.073,31.5
2026-05-18T12:13:00.105,31.2
2026-05-18T12:18:00.074,31.2
2026-05-18T12:23:00.076,30.9
2026-05-18T12:28:00.105,30.6
2026-05-18T12:33:00.078,30.9
2026-05-19T02:08:00.110,40.9
2026-05-19T02:13:00.081,40.2
2026-05-19T02:18:00.081,39.9
2026-05-19T02:23:00.107,39.3
2026-05-19T02:28:00.073,38.6
2026-05-19T02:33:00.106,38.3
2026-05-19T02:38:00.073,38.0
2026-05-19T02:43:00.077,37.7
2026-05-19T02:48:00.106,37.3
2026-05-19T02:53:00.077,37.0
2026-05-19T02:58:00.076,37.0
2026-05-19T03:03:00.107,37.0
2026-05-19T03:08:00.075,36.7
2026-05-19T03:13:00.080,36.7
2026-05-19T03:18:00.108,36.7
2026-05-19T03:23:00.075,36.4
2026-05-19T03:28:00.075,36.4
2026-05-19T03:33:00.114,36.4
2026-05-19T03:38:00.076,36.0
2026-05-19T03:43:00.076,36.0
2026-05-19T03:48:00.113,36.0
2026-05-19T03:53:00.081,35.7
2026-05-19T03:58:00.076,35.7
2026-05-19T04:03:00.111,35.7
2026-05-19T04:08:00.083,35.4
2026-05-19T04:13:00.107,35.4
2026-05-19T04:18:00.076,35.1
2026-05-19T04:23:00.075,34.8
2026-05-19T04:28:00.111,34.8
2026-05-19T04:33:00.084,34.4
2026-05-19T04:38:00.081,34.1
2026-05-19T04:43:00.114,34.1
2026-05-19T04:48:00.084,34.1
2026-05-19T04:53:00.082,33.8
2026-05-19T04:58:00.108,33.8
2026-05-19T05:03:00.077,33.8
2026-05-19T05:08:00.076,33.8
2026-05-19T05:13:00.106,33.5
2026-05-19T05:18:00.084,33.5
2026-05-19T05:23:00.075,33.5
2026-05-19T05:28:00.111,33.5
2026-05-19T05:33:00.080,33.1
2026-05-19T05:38:00.106,33.1
2026-05-19T05:43:00.076,33.1
2026-05-19T05:48:00.083,32.8
2026-05-19T05:53:00.113,32.8
2026-05-19T05:58:00.078,32.8
2026-05-19T06:03:00.079,32.5
2026-05-19T06:08:00.113,32.5
2026-05-19T06:13:00.077,32.2
2026-05-19T06:18:00.078,31.9
2026-05-19T06:23:00.110,31.9
2026-05-19T06:28:00.076,31.9
2026-05-19T06:33:00.080,31.9
2026-05-19T06:38:00.109,31.5
2026-05-19T06:43:00.084,31.5
2026-05-19T06:48:00.080,31.2
2026-05-19T06:53:00.109,31.2
2026-05-19T06:58:00.075,30.9
2026-05-19T07:03:00.081,30.9
2026-05-19T07:08:00.111,30.9
2026-05-19T07:13:00.075,30.9
2026-05-19T07:18:00.113,30.6
2026-05-19T07:23:00.075,30.6
2026-05-19T07:28:00.084,30.6
2026-05-19T07:33:00.108,30.6
2026-05-19T07:38:00.081,30.2
2026-05-19T07:43:00.079,30.2
2026-05-19T07:48:00.113,30.2
2026-05-19T07:53:00.083,30.2
2026-05-19T07:58:00.079,30.2
2026-05-19T08:03:00.106,30.2
2026-05-19T08:08:00.075,29.9
2026-05-19T08:13:00.076,29.9
2026-05-19T08:18:00.111,29.9
2026-05-19T08:23:00.075,29.9
2026-05-19T08:28:00.080,29.6
2026-05-19T08:33:00.114,29.6
2026-05-19T08:38:00.080,29.6
2026-05-19T08:43:00.108,29.6
2026-05-19T08:48:00.080,29.6
2026-05-19T08:53:00.079,29.3
2026-05-19T08:58:00.109,29.3
2026-05-19T09:03:00.079,29.3
2026-05-19T09:08:00.077,29.3
2026-05-19T09:13:00.107,29.3
2026-05-19T09:18:00.083,29.3
2026-05-19T09:23:00.079,29.0
2026-05-19T09:28:00.111,29.0
2026-05-19T09:33:00.077,29.0
2026-05-19T09:38:00.083,29.0
2026-05-19T09:43:00.109,29.0
2026-05-19T09:48:00.082,29.0
2026-05-19T09:53:00.084,29.0
2026-05-19T09:58:00.108,29.0
2026-05-19T10:03:00.075,29.0
2026-05-19T10:08:00.077,29.0
2026-05-19T10:13:00.111,29.0
2026-05-19T10:18:00.080,29.0
2026-05-19T10:23:00.107,28.6
2026-05-19T10:28:00.076,28.6
2026-05-19T10:33:00.080,28.6
2026-05-19T10:38:00.106,28.6
2026-05-19T10:43:00.080,28.6
2026-05-19T10:48:00.078,28.6
2026-05-19T10:53:00.110,28.6
2026-05-19T10:58:00.077,28.6
2026-05-19T11:03:00.078,28.6
2026-05-19T11:08:00.109,28.6
2026-05-19T11:13:00.075,28.6
2026-05-19T11:18:00.075,28.6
2026-05-19T11:23:00.107,28.6
2026-05-19T11:28:00.082,28.6
2026-05-19T11:33:00.074,28.6
2026-05-19T11:38:00.114,28.6
2026-05-19T11:43:00.080,28.6
2026-05-19T11:48:00.107,28.3
2026-05-19T11:53:00.079,28.3
2026-05-19T11:58:00.077,28.3
2026-05-19T12:03:00.103,28.3
2026-05-19T12:08:00.072,28.3
2026-05-19T12:13:00.077,28.3
2026-05-19T12:18:00.103,28.3
2026-05-19T12:23:00.078,28.0
2026-05-19T12:28:00.075,28.3
2026-05-19T12:33:00.106,28.3
2026-05-20T02:08:00.080,39.3
2026-05-20T02:13:00.078,39.3
2026-05-20T02:18:00.109,39.0
2026-05-20T02:23:00.079,38.6
2026-05-20T02:28:00.078,38.3
2026-05-20T02:33:00.103,38.3
2026-05-20T02:38:00.073,38.0
2026-05-20T02:43:00.078,38.0
2026-05-20T02:48:00.104,37.7
2026-05-20T02:53:00.084,37.7
2026-05-20T02:58:00.107,37.3
2026-05-20T03:03:00.082,37.3
2026-05-20T03:08:00.080,37.3
2026-05-20T03:13:00.112,37.0
2026-05-20T03:18:00.078,36.7
2026-05-20T03:23:00.079,36.7
2026-05-20T03:28:00.113,36.4
2026-05-20T03:33:00.085,36.4
2026-05-20T03:38:00.080,36.0
2026-05-20T03:43:00.110,35.7
2026-05-20T03:48:00.080,35.4
2026-05-20T03:53:00.082,35.4
2026-05-20T03:58:00.109,35.1
2026-05-20T04:03:00.079,35.1
2026-05-20T04:08:00.076,35.1
2026-05-20T04:13:00.106,35.1
2026-05-20T04:18:00.075,34.8
2026-05-20T04:23:00.081,34.8
2026-05-20T04:28:00.113,34.4
2026-05-20T04:33:00.081,34.4
2026-05-20T04:38:00.107,34.1
2026-05-20T04:43:00.082,34.1
2026-05-20T04:48:00.080,34.1
2026-05-20T04:53:00.109,33.8
2026-05-20T04:58:00.076,33.8
2026-05-20T05:03:00.085,33.8
2026-05-20T05:08:00.112,33.5
2026-05-20T05:13:00.084,33.5
2026-05-20T05:18:00.083,33.5
2026-05-20T05:23:00.113,33.5
2026-05-20T05:28:00.082,33.5
2026-05-20T05:33:00.079,33.5
2026-05-20T05:38:00.112,33.5
2026-05-20T05:43:00.077,33.5
2026-05-20T05:48:00.078,33.5
2026-05-20T05:53:00.107,33.5
2026-05-20T05:58:00.083,33.5
2026-05-20T06:03:00.113,33.5
2026-05-20T06:08:00.082,33.5
2026-05-20T06:13:00.075,33.8
2026-05-20T06:18:00.114,33.8
2026-05-20T06:23:00.083,33.8
2026-05-20T06:28:00.079,33.8
2026-05-20T06:33:00.105,33.8
2026-05-20T06:38:00.082,33.8
2026-05-20T06:43:00.079,33.8
2026-05-20T06:48:00.106,33.8
2026-05-20T06:53:00.081,33.8
2026-05-20T06:58:00.081,33.8
2026-05-20T07:03:00.115,33.5
2026-05-20T07:08:00.082,33.5
2026-05-20T07:13:00.081,33.5
2026-05-20T07:18:00.107,33.1
2026-05-20T07:23:00.080,33.1
2026-05-20T07:28:00.082,33.1
2026-05-20T07:33:00.111,33.1
2026-05-20T07:38:00.076,33.1
2026-05-20T07:43:00.110,32.8
2026-05-20T07:48:00.080,32.8
2026-05-20T07:53:00.082,32.8
2026-05-20T07:58:00.109,32.8
2026-05-20T08:03:00.080,32.8
2026-05-20T08:08:00.085,32.8
2026-05-20T08:13:00.110,32.5
2026-05-20T08:18:00.081,32.5
2026-05-20T08:23:00.079,32.2
2026-05-20T08:28:00.115,31.9
2026-05-20T08:33:00.081,31.5
2026-05-20T08:38:00.078,31.2
2026-05-20T08:43:00.106,30.9
2026-05-20T08:48:00.081,30.6
2026-05-20T08:53:00.080,30.6
2026-05-20T08:58:00.107,30.2
2026-05-20T09:03:00.077,30.2
2026-05-20T09:08:00.112,29.9
2026-05-20T09:13:00.078,29.9
2026-05-20T09:18:00.084,29.6
2026-05-20T09:23:00.112,29.6
2026-05-20T09:28:00.076,29.3
2026-05-20T09:33:00.082,29.3
2026-05-20T09:38:00.106,29.3
2026-05-20T09:43:00.078,29.3
2026-05-20T09:48:00.080,29.3
2026-05-20T09:53:00.104,29.0
2026-05-20T09:58:00.076,29.0
2026-05-20T10:03:00.080,29.0
2026-05-20T10:08:00.106,29.0
2026-05-20T10:13:00.075,29.0
2026-05-20T10:18:00.084,29.0
2026-05-20T10:23:00.108,29.0
2026-05-20T10:28:00.077,29.0
2026-05-20T10:33:00.078,29.0
2026-05-20T10:38:00.112,29.0
2026-05-20T10:43:00.078,29.0
2026-05-20T10:48:00.108,29.0
2026-05-20T10:53:00.078,29.0
2026-05-20T10:58:00.076,29.0
2026-05-20T11:03:00.110,29.0
2026-05-20T11:08:00.076,29.0
2026-05-20T11:13:00.080,29.0
2026-05-20T11:18:00.112,29.0
2026-05-20T11:23:00.079,29.0
2026-05-20T11:28:00.079,29.0
2026-05-20T11:33:00.114,28.6
2026-05-20T11:38:00.078,28.6
2026-05-20T11:43:00.078,28.6
2026-05-20T11:48:00.106,28.6
2026-05-20T11:53:00.077,28.6
2026-05-20T11:58:00.074,28.3
2026-05-20T12:03:00.105,28.6
2026-05-20T12:08:00.080,28.6
2026-05-20T12:13:00.106,28.6
2026-05-20T12:18:00.078,28.3
2026-05-20T12:23:00.079,28.3
2026-05-20T12:28:00.105,28.3
2026-05-20T12:33:00.072,28.3
2026-05-21T02:08:00.101,42.5
2026-05-21T02:13:00.074,41.9
2026-05-21T02:18:00.080,41.5
2026-05-21T02:23:00.108,40.6
2026-05-21T02:28:00.080,39.9
2026-05-21T02:33:00.103,39.6
2026-05-21T02:38:00.077,39.0
2026-05-21T02:43:00.077,38.6
2026-05-21T02:48:00.105,38.3
2026-05-21T02:53:00.080,38.0
2026-05-21T02:58:00.080,37.7
2026-05-21T03:03:00.105,37.3
2026-05-21T03:08:00.081,37.0
2026-05-21T03:13:00.083,36.7
2026-05-21T03:18:00.111,36.7
2026-05-21T03:23:00.076,36.4
2026-05-21T03:28:00.084,36.0
2026-05-21T03:33:00.105,35.7
2026-05-21T03:38:00.085,35.7
2026-05-21T03:43:00.078,35.4
2026-05-21T03:48:00.111,35.4
2026-05-21T03:53:00.082,35.1
2026-05-21T03:58:00.075,35.1
2026-05-21T04:03:00.107,34.8
2026-05-21T04:08:00.076,34.8
2026-05-21T04:13:00.107,34.8
2026-05-21T04:18:00.080,34.8
2026-05-21T04:23:00.077,34.8
2026-05-21T04:28:00.115,34.8
2026-05-21T04:33:00.075,34.8
2026-05-21T04:38:00.075,34.8
2026-05-21T04:43:00.109,34.8
2026-05-21T04:48:00.082,34.4
2026-05-21T04:53:00.079,34.4
2026-05-21T04:58:00.112,34.4
2026-05-21T05:03:00.076,34.4
2026-05-21T05:08:00.078,34.1
2026-05-21T05:13:00.105,34.1
2026-05-21T05:18:00.075,34.1
2026-05-21T05:23:00.076,33.8
2026-05-21T05:28:00.114,33.8
2026-05-21T05:33:00.078,33.8
2026-05-21T05:38:00.112,33.8
2026-05-21T05:43:00.081,33.8
2026-05-21T05:48:00.080,33.5
2026-05-21T05:53:00.111,33.5
2026-05-21T05:58:00.083,33.5
2026-05-21T06:03:00.075,33.5
2026-05-21T06:08:00.107,33.1
2026-05-21T06:13:00.084,33.1
2026-05-21T06:18:00.075,33.1
2026-05-21T06:23:00.108,33.1
2026-05-21T06:28:00.075,33.1
2026-05-21T06:33:00.080,33.5
2026-05-21T06:38:00.104,33.5
2026-05-21T06:43:00.083,33.5
2026-05-21T06:48:00.074,33.5
2026-05-21T06:53:00.110,33.5
2026-05-21T06:58:00.078,33.5
2026-05-21T07:03:00.078,33.5
2026-05-21T07:08:00.110,33.5
2026-05-21T07:13:00.083,33.5
2026-05-21T07:18:00.108,33.5
2026-05-21T07:23:00.079,33.1
2026-05-21T07:28:00.080,33.1
2026-05-21T07:33:00.113,33.1
2026-05-21T07:38:00.084,32.8
2026-05-21T07:43:00.080,32.8
2026-05-21T07:48:00.107,32.5
2026-05-21T07:53:00.083,32.5
2026-05-21T07:58:00.076,32.2
2026-05-21T08:03:00.114,32.2
2026-05-21T08:08:00.078,31.9
2026-05-21T08:13:00.077,31.9
2026-05-21T08:18:00.115,31.9
2026-05-21T08:23:00.080,31.9
2026-05-21T08:28:00.080,31.9
2026-05-21T08:33:00.112,31.9
2026-05-21T08:38:00.081,31.9
2026-05-21T08:43:00.106,31.9
2026-05-21T08:48:00.080,31.5
2026-05-21T08:53:00.077,31.5
2026-05-21T08:58:00.108,31.5
2026-05-21T09:03:00.075,31.2
2026-05-21T09:08:00.078,31.2
2026-05-21T09:13:00.113,31.2
2026-05-21T09:18:00.084,30.9
2026-05-21T09:23:00.078,30.9
2026-05-21T09:28:00.111,30.6
2026-05-21T09:33:00.081,30.6
2026-05-21T09:38:00.084,30.2
2026-05-21T09:43:00.105,30.2
2026-05-21T09:48:00.078,29.9
2026-05-21T09:53:00.077,29.9
2026-05-21T09:58:00.105,29.9
2026-05-21T10:03:00.075,29.9
2026-05-21T10:08:00.076,29.9
2026-05-21T10:13:00.111,29.6
2026-05-21T10:18:00.076,29.6
2026-05-21T10:23:00.113,29.6
2026-05-21T10:28:00.075,29.6
2026-05-21T10:33:00.079,29.6
2026-05-21T10:38:00.109,29.6
2026-05-21T10:43:00.079,29.6
2026-05-21T10:48:00.078,29.6
2026-05-21T10:53:00.112,29.6
2026-05-21T10:58:00.085,29.6
2026-05-21T11:03:00.077,29.6
2026-05-21T11:08:00.105,29.6
2026-05-21T11:13:00.076,29.6
2026-05-21T11:18:00.076,29.6
2026-05-21T11:23:00.107,29.6
2026-05-21T11:28:00.077,29.6
2026-05-21T11:33:00.084,29.6
2026-05-21T11:38:00.109,29.6
2026-05-21T11:43:00.081,29.6
2026-05-21T11:48:00.111,29.6
2026-05-21T11:53:00.072,29.6
2026-05-21T11:58:00.072,29.6
2026-05-21T12:03:00.101,29.3
2026-05-21T12:08:00.078,29.6
2026-05-21T12:13:00.079,29.3
2026-05-21T12:18:00.110,29.6
2026-05-21T12:23:00.076,29.6
2026-05-21T12:28:00.073,29.6
2026-05-21T12:33:00.106,29.9
2026-05-22T02:08:00.081,43.5
2026-05-22T02:13:00.078,42.8
2026-05-22T02:18:00.109,42.2
2026-05-22T02:23:00.077,41.5
2026-05-22T02:28:00.073,40.9
2026-05-22T02:33:00.109,40.2
2026-05-22T02:38:00.079,39.6
2026-05-22T02:43:00.078,39.0
2026-05-22T02:48:00.107,39.0
2026-05-22T02:53:00.081,38.3
2026-05-22T02:58:00.113,38.0
2026-05-22T03:03:00.075,37.7
2026-05-22T03:08:00.083,37.3
2026-05-22T03:13:00.111,37.0
2026-05-22T03:18:00.081,36.7
2026-05-22T03:23:00.079,36.4
2026-05-22T03:28:00.107,36.0
2026-05-22T03:33:00.082,35.7
2026-05-22T03:38:00.079,35.7
2026-05-22T03:43:00.114,35.4
2026-05-22T03:48:00.076,35.4
2026-05-22T03:53:00.081,35.4
2026-05-22T03:58:00.107,35.4
2026-05-22T04:03:00.079,35.4
2026-05-22T04:08:00.077,35.4
2026-05-22T04:13:00.114,35.1
2026-05-22T04:18:00.080,35.1
2026-05-22T04:23:00.109,35.1
2026-05-22T04:28:00.081,35.1
2026-05-22T04:33:00.080,34.8
2026-05-22T04:38:00.111,34.8
2026-05-22T04:43:00.080,34.4
2026-05-22T04:48:00.081,34.1
2026-05-22T04:53:00.112,34.1
2026-05-22T04:58:00.078,34.1
2026-05-22T05:03:00.075,33.8
2026-05-22T05:08:00.113,33.8
2026-05-22T05:13:00.077,33.8
2026-05-22T05:18:00.084,33.5
2026-05-22T05:23:00.111,33.8
2026-05-22T05:28:00.082,33.5
2026-05-22T05:33:00.082,33.5
2026-05-22T05:38:00.108,33.5
2026-05-22T05:43:00.084,33.5
2026-05-22T05:48:00.085,33.5
2026-05-22T05:53:00.110,33.5
2026-05-22T05:58:00.084,33.1
2026-05-22T06:03:00.104,33.1
2026-05-22T06:08:00.083,32.8
2026-05-22T06:13:00.084,32.5
2026-05-22T06:18:00.105,32.5
2026-05-22T06:23:00.078,32.2
2026-05-22T06:28:00.078,32.2
2026-05-22T06:33:00.109,31.9
2026-05-22T06:38:00.075,31.9
2026-05-22T06:43:00.076,31.9
2026-05-22T06:48:00.111,31.5
2026-05-22T06:53:00.077,31.5
2026-05-22T06:58:00.075,31.5
2026-05-22T07:03:00.114,31.5
2026-05-22T07:08:00.081,31.5
2026-05-22T07:13:00.077,31.5
2026-05-22T07:18:00.113,31.5
2026-05-22T07:23:00.084,31.5
2026-05-22T07:28:00.110,31.5
2026-05-22T07:33:00.081,31.2
2026-05-22T07:38:00.079,31.2
2026-05-22T07:43:00.111,31.2
2026-05-22T07:48:00.080,31.2
2026-05-22T07:53:00.080,31.2
2026-05-22T07:58:00.109,30.9
2026-05-22T08:03:00.080,30.9
2026-05-22T08:08:00.082,30.9
2026-05-22T08:13:00.109,30.9
2026-05-22T08:18:00.078,30.9
2026-05-22T08:23:00.078,30.9
2026-05-22T08:28:00.110,30.9
2026-05-22T08:33:00.076,30.9
2026-05-22T08:38:00.084,30.9
2026-05-22T08:43:00.112,30.9
2026-05-22T08:48:00.080,30.6
2026-05-22T08:53:00.078,30.6
2026-05-22T08:58:00.113,30.6
2026-05-22T09:03:00.077,30.6
2026-05-22T09:08:00.113,30.6
2026-05-22T09:13:00.077,30.6
2026-05-22T09:18:00.077,30.2
2026-05-22T09:23:00.110,30.2
2026-05-22T09:28:00.082,29.9
2026-05-22T09:33:00.074,29.9
2026-05-22T09:38:00.107,29.9
2026-05-22T09:43:00.084,29.6
2026-05-22T09:48:00.076,29.6
2026-05-22T09:53:00.105,29.6
2026-05-22T09:58:00.078,29.6
2026-05-22T10:03:00.079,29.6
2026-05-22T10:08:00.111,29.6
2026-05-22T10:13:00.083,29.9
2026-05-22T10:18:00.084,29.9
2026-05-22T10:23:00.112,29.9
2026-05-22T10:28:00.080,29.9
2026-05-22T10:33:00.106,29.6
2026-05-22T10:38:00.082,29.6
2026-05-22T10:43:00.075,29.6
2026-05-22T10:48:00.107,29.6
2026-05-22T10:53:00.075,29.6
2026-05-22T10:58:00.078,29.6
2026-05-22T11:03:00.107,29.3
2026-05-22T11:08:00.080,29.3
2026-05-22T11:13:00.084,29.3
2026-05-22T11:18:00.113,29.3
2026-05-22T11:23:00.080,29.3
2026-05-22T11:28:00.084,29.3
2026-05-22T11:33:00.112,29.3
2026-05-22T11:38:00.081,29.3
2026-05-22T11:43:00.081,29.3
2026-05-22T11:48:00.113,29.3
2026-05-22T11:53:00.081,29.3
2026-05-22T11:58:00.074,29.3
2026-05-22T12:03:00.104,29.3
2026-05-22T12:08:00.076,29.3
2026-05-22T12:13:00.104,29.3
2026-05-22T12:18:00.079,29.3
2026-05-22T12:23:00.073,29.3
2026-05-22T12:28:00.105,29.6
2026-05-22T12:33:00.075,29.3
2026-05-23T02:08:00.080,43.8
2026-05-23T02:13:00.111,43.5
2026-05-23T02:18:00.078,42.8
2026-05-23T02:23:00.077,42.2
2026-05-23T02:28:00.100,41.5
2026-05-23T02:33:00.072,40.9
2026-05-23T02:38:00.073,40.2
2026-05-23T02:43:00.103,40.2
2026-05-23T02:48:00.073,39.6
2026-05-23T02:53:00.081,39.3
2026-05-23T02:58:00.108,39.3
2026-05-23T03:03:00.075,39.0
2026-05-23T03:08:00.081,39.0
2026-05-23T03:13:00.105,38.6
2026-05-23T03:18:00.075,38.6
2026-05-23T03:23:00.110,38.3
2026-05-23T03:28:00.079,38.0
2026-05-23T03:33:00.078,38.0
2026-05-23T03:38:00.103,37.7
2026-05-23T03:43:00.078,37.7
2026-05-23T03:48:00.079,37.3
2026-05-23T03:53:00.112,37.3
2026-05-23T03:58:00.085,37.3
2026-05-23T04:03:00.083,37.0
2026-05-23T04:08:00.108,37.0
2026-05-23T04:13:00.075,36.7
2026-05-23T04:18:00.082,36.7
2026-05-23T04:23:00.106,36.7
2026-05-23T04:28:00.076,36.7
2026-05-23T04:33:00.078,36.4
2026-05-23T04:38:00.113,36.4
2026-05-23T04:43:00.083,36.0
2026-05-23T04:48:00.110,36.0
2026-05-23T04:53:00.083,36.0
2026-05-23T04:58:00.081,35.7
2026-05-23T05:03:00.113,35.7
2026-05-23T05:08:00.075,35.7
2026-05-23T05:13:00.081,35.4
2026-05-23T05:18:00.113,35.4
2026-05-23T05:23:00.075,35.1
2026-05-23T05:28:00.079,35.1
2026-05-23T05:33:00.108,34.8
2026-05-23T05:38:00.079,34.8
2026-05-23T05:43:00.077,34.4
2026-05-23T05:48:00.112,34.4
2026-05-23T05:53:00.077,34.1
2026-05-23T05:58:00.080,34.1
2026-05-23T06:03:00.113,33.8
2026-05-23T06:08:00.079,33.8
2026-05-23T06:13:00.114,33.8
2026-05-23T06:18:00.079,33.8
2026-05-23T06:23:00.080,33.8
2026-05-23T06:28:00.111,33.8
2026-05-23T06:33:00.081,33.5
2026-05-23T06:38:00.080,33.5
2026-05-23T06:43:00.114,33.5
2026-05-23T06:48:00.081,33.5
2026-05-23T06:53:00.083,33.5
2026-05-23T06:58:00.107,33.5
2026-05-23T07:03:00.079,33.5
2026-05-23T07:08:00.077,33.1
2026-05-23T07:13:00.109,33.1
2026-05-23T07:18:00.076,33.1
2026-05-23T07:23:00.083,33.1
2026-05-23T07:28:00.108,33.1
2026-05-23T07:33:00.078,33.1
2026-05-23T07:38:00.078,32.8
2026-05-23T07:43:00.113,32.8
2026-05-23T07:48:00.076,32.8
2026-05-23T07:53:00.103,32.8
2026-05-23T07:58:00.078,32.8
2026-05-23T08:03:00.079,32.8
2026-05-23T08:08:00.104,32.8
2026-05-23T08:13:00.078,32.8
2026-05-23T08:18:00.081,32.8
2026-05-23T08:23:00.114,32.8
2026-05-23T08:28:00.080,32.8
2026-05-23T08:33:00.079,32.8
2026-05-23T08:38:00.110,32.8
2026-05-23T08:43:00.076,32.5
2026-05-23T08:48:00.083,32.5
2026-05-23T08:53:00.105,32.5
2026-05-23T08:58:00.082,32.5
2026-05-23T09:03:00.078,32.2
2026-05-23T09:08:00.114,32.2
2026-05-23T09:13:00.084,32.2
2026-05-23T09:18:00.114,32.2
2026-05-23T09:23:00.080,32.2
2026-05-23T09:28:00.075,31.9
2026-05-23T09:33:00.113,31.9
2026-05-23T09:38:00.081,31.9
2026-05-23T09:43:00.075,31.9
2026-05-23T09:48:00.103,31.9
2026-05-23T09:53:00.076,31.5
2026-05-23T09:58:00.078,31.5
2026-05-23T10:03:00.108,31.5
2026-05-23T10:08:00.075,31.2
2026-05-23T10:13:00.081,31.2
2026-05-23T10:18:00.114,31.2
2026-05-23T10:23:00.083,30.9
2026-05-23T10:28:00.084,30.9
2026-05-23T10:33:00.106,30.9
2026-05-23T10:38:00.079,30.9
2026-05-23T10:43:00.081,30.9
2026-05-23T10:48:00.112,30.9
2026-05-23T10:53:00.083,30.9
2026-05-23T10:58:00.113,30.9
2026-05-23T11:03:00.077,30.9
2026-05-23T11:08:00.083,30.9
2026-05-23T11:13:00.106,30.9
2026-05-23T11:18:00.084,30.6
2026-05-23T11:23:00.084,30.6
2026-05-23T11:28:00.113,30.6
2026-05-23T11:33:00.085,30.6
2026-05-23T11:38:00.079,30.6
2026-05-23T11:43:00.111,30.6
2026-05-23T11:48:00.078,30.6
2026-05-23T11:53:00.074,30.6
2026-05-23T11:58:00.104,30.6
2026-05-23T12:03:00.079,30.6
2026-05-23T12:08:00.076,30.6
2026-05-23T12:13:00.106,30.6
2026-05-23T12:18:00.076,30.9
2026-05-23T12:23:00.110,30.6
2026-05-23T12:28:00.077,30.6
2026-05-24T02:09:00.079,43.8
2026-05-24T02:14:00.081,43.5
2026-05-24T02:19:00.106,42.8
2026-05-24T02:24:00.078,42.2
2026-05-24T02:29:00.079,41.5
2026-05-24T02:34:00.102,41.2
2026-05-24T02:39:00.072,40.6
2026-05-24T02:44:00.079,40.2
2026-05-24T02:49:00.102,39.9
2026-05-24T02:54:00.074,39.9
2026-05-24T02:59:00.105,39.6
2026-05-24T03:04:00.082,39.6
2026-05-24T03:09:00.080,39.3
2026-05-24T03:14:00.112,39.3
2026-05-24T03:19:00.076,39.0
2026-05-24T03:24:00.077,39.0
2026-05-24T03:29:00.104,38.6
2026-05-24T03:34:00.080,38.6
2026-05-24T03:39:00.081,38.3
2026-05-24T03:44:00.113,38.3
2026-05-24T03:49:00.083,38.0
2026-05-24T03:54:00.084,38.0
2026-05-24T03:59:00.110,37.7
2026-05-24T04:04:00.082,37.7
2026-05-24T04:09:00.078,37.3
2026-05-24T04:14:00.107,37.3
2026-05-24T04:19:00.078,37.3
2026-05-24T04:24:00.115,37.3
2026-05-24T04:29:00.084,37.0
2026-05-24T04:34:00.079,37.0
2026-05-24T04:39:00.116,37.0
2026-05-24T04:44:00.085,36.7
2026-05-24T04:49:00.077,36.7
2026-05-24T04:54:00.111,36.4
2026-05-24T04:59:00.078,36.4
2026-05-24T05:04:00.075,36.0
2026-05-24T05:09:00.109,36.0
2026-05-24T05:14:00.076,36.0
2026-05-24T05:19:00.078,35.7
2026-05-24T05:24:00.110,35.4
2026-05-24T05:29:00.076,35.4
2026-05-24T05:34:00.083,35.4
2026-05-24T05:39:00.105,35.4
2026-05-24T05:44:00.077,35.1
2026-05-24T05:49:00.076,35.1
2026-05-24T05:54:00.114,35.1
2026-05-24T05:59:00.080,35.1
2026-05-24T06:04:00.107,35.1
2026-05-24T06:09:00.081,34.8
2026-05-24T06:14:00.080,34.8
2026-05-24T06:19:00.109,34.8
2026-05-24T06:24:00.083,34.8
2026-05-24T06:29:00.077,34.8
2026-05-24T06:34:00.112,34.4
2026-05-24T06:39:00.084,34.1
2026-05-24T06:44:00.080,34.1
2026-05-24T06:49:00.109,34.1
2026-05-24T06:54:00.077,33.8
2026-05-24T06:59:00.084,33.8
2026-05-24T07:04:00.106,33.5
2026-05-24T07:09:00.076,33.5
2026-05-24T07:14:00.081,33.5
2026-05-24T07:19:00.104,33.5
2026-05-24T07:24:00.084,33.8
2026-05-24T07:29:00.112,33.8
2026-05-24T07:34:00.077,34.1
2026-05-24T07:39:00.084,33.8
2026-05-24T07:44:00.113,33.8
2026-05-24T07:49:00.081,33.8
2026-05-24T07:54:00.083,33.5
2026-05-24T07:59:00.104,33.5
2026-05-24T08:04:00.076,33.5
2026-05-24T08:09:00.080,33.1
2026-05-24T08:14:00.107,33.1
2026-05-24T08:19:00.077,33.1
2026-05-24T08:24:00.078,32.8
2026-05-24T08:29:00.112,32.8
2026-05-24T08:34:00.082,32.5
2026-05-24T08:39:00.079,32.5
2026-05-24T08:44:00.106,32.5
2026-05-24T08:49:00.083,32.2
2026-05-24T08:54:00.076,32.2
2026-05-24T08:59:00.112,32.2
2026-05-24T09:04:00.082,31.9
2026-05-24T09:09:00.105,31.9
2026-05-24T09:14:00.078,31.9
2026-05-24T09:19:00.075,31.5
2026-05-24T09:24:00.110,31.5
2026-05-24T09:29:00.080,31.5
2026-05-24T09:34:00.080,31.5
2026-05-24T09:39:00.112,31.5
2026-05-24T09:44:00.083,31.2
2026-05-24T09:49:00.083,31.2
2026-05-24T09:54:00.106,31.2
2026-05-24T09:59:00.075,31.2
2026-05-24T10:04:00.082,31.2
2026-05-24T10:09:00.105,31.2
2026-05-24T10:14:00.079,31.2
2026-05-24T10:19:00.079,31.2
2026-05-24T10:24:00.111,31.2
2026-05-24T10:29:00.075,31.2
2026-05-24T10:34:00.114,31.2
2026-05-24T10:39:00.081,31.2
2026-05-24T10:44:00.079,31.2
2026-05-24T10:49:00.113,31.2
2026-05-24T10:54:00.080,31.2
2026-05-24T10:59:00.078,31.2
2026-05-24T11:04:00.106,31.2
2026-05-24T11:09:00.075,31.2
2026-05-24T11:14:00.079,31.2
2026-05-24T11:19:00.110,31.2
2026-05-24T11:24:00.084,31.2
2026-05-24T11:29:00.083,31.2
2026-05-24T11:34:00.109,31.2
2026-05-24T11:39:00.084,31.2
2026-05-24T11:44:00.076,30.9
2026-05-24T11:49:00.101,30.9
2026-05-24T11:54:00.073,30.9
2026-05-24T11:59:00.072,30.6
2026-05-24T12:04:00.106,30.9
2026-05-24T12:09:00.080,30.6
2026-05-24T12:14:00.108,30.6
2026-05-24T12:19:00.078,30.6
2026-05-24T12:24:00.072,30.2
2026-05-24T12:29:00.108,30.6
2026-05-25T01:54:00.103,38.3
2026-05-25T01:59:00.081,38.3
2026-05-25T02:04:00.075,38.0
2026-05-25T02:09:00.106,37.7
2026-05-25T02:14:00.080,37.3
2026-05-25T02:19:00.079,36.0
2026-05-25T02:24:00.111,35.4
2026-05-25T02:29:00.078,35.1
2026-05-25T02:34:00.101,34.8
2026-05-25T02:39:00.073,34.4
2026-05-25T02:44:00.071,34.4
2026-05-25T02:49:00.111,34.4
2026-05-25T02:54:00.082,34.4
2026-05-25T02:59:00.079,34.4
2026-05-25T03:04:00.110,34.4
2026-05-25T03:09:00.075,34.4
2026-05-25T03:14:00.084,34.4
2026-05-25T03:19:00.111,34.4
2026-05-25T03:24:00.078,34.4
2026-05-25T03:29:00.079,34.4
2026-05-25T03:34:00.114,34.8
2026-05-25T03:39:00.078,34.8
2026-05-25T03:44:00.078,35.1
2026-05-25T03:49:00.106,35.1
2026-05-25T03:54:00.080,35.1
2026-05-25T03:59:00.107,35.1
2026-05-25T04:04:00.083,35.1
2026-05-25T04:09:00.081,35.1
2026-05-25T04:14:00.105,34.8
2026-05-25T04:19:00.080,34.8
2026-05-25T04:24:00.082,34.4
2026-05-25T04:29:00.112,34.4
2026-05-25T04:34:00.080,34.4
2026-05-25T04:39:00.083,34.4
2026-05-25T04:44:00.114,34.1
2026-05-25T04:49:00.079,34.1
2026-05-25T04:54:00.081,34.1
2026-05-25T04:59:00.112,34.1
2026-05-25T05:04:00.081,33.8
2026-05-25T05:09:00.084,33.8
2026-05-25T05:14:00.110,33.8
2026-05-25T05:19:00.082,33.8
2026-05-25T05:24:00.084,33.8
2026-05-25T05:29:00.114,33.8
2026-05-25T05:34:00.085,33.8
2026-05-25T05:39:00.107,34.1
2026-05-25T05:44:00.077,34.1
2026-05-25T05:49:00.083,34.1
2026-05-25T05:54:00.109,33.8
2026-05-25T05:59:00.076,34.1
2026-05-25T06:04:00.084,34.1
2026-05-25T06:09:00.114,34.1
2026-05-25T06:14:00.081,34.1
2026-05-25T06:19:00.079,34.4
2026-05-25T06:24:00.106,34.4
2026-05-25T06:29:00.085,34.4
2026-05-25T06:34:00.081,34.8
2026-05-25T06:39:00.110,34.8
2026-05-25T06:44:00.084,34.8
2026-05-25T06:49:00.079,34.4
2026-05-25T06:54:00.105,34.4
2026-05-25T06:59:00.082,34.4
2026-05-25T07:04:00.105,34.4
2026-05-25T07:09:00.084,34.4
2026-05-25T07:14:00.077,34.8
2026-05-25T07:19:00.111,34.8
2026-05-25T07:24:00.078,34.8
2026-05-25T07:29:00.080,34.8
2026-05-25T07:34:00.113,34.8
2026-05-25T07:39:00.078,34.8
2026-05-25T07:44:00.082,34.4
2026-05-25T07:49:00.111,34.8
2026-05-25T07:54:00.081,34.8
2026-05-25T07:59:00.080,34.8
2026-05-25T08:04:00.105,34.4
2026-05-25T08:09:00.080,34.4
2026-05-25T08:14:00.080,34.4
2026-05-25T08:19:00.110,34.4
2026-05-25T08:24:00.084,34.4
2026-05-25T08:29:00.076,34.1
2026-05-25T08:34:00.107,34.1
2026-05-25T08:39:00.082,34.1
2026-05-25T08:44:00.111,34.1
2026-05-25T08:49:00.078,34.1
2026-05-25T08:54:00.079,34.1
2026-05-25T08:59:00.109,34.1
2026-05-25T09:04:00.079,34.1
2026-05-25T09:09:00.078,34.1
2026-05-25T09:14:00.108,33.8
2026-05-25T09:19:00.076,33.8
2026-05-25T09:24:00.083,33.8
2026-05-25T09:29:00.110,33.5
2026-05-25T09:34:00.081,33.5
2026-05-25T09:39:00.080,33.1
2026-05-25T09:44:00.115,33.1
2026-05-25T09:49:00.084,33.1
2026-05-25T09:54:00.079,33.1
2026-05-25T09:59:00.112,32.8
2026-05-25T10:04:00.080,32.8
2026-05-25T10:09:00.114,32.8
2026-05-25T10:14:00.079,32.5
2026-05-25T10:19:00.084,32.5
2026-05-25T10:24:00.113,32.2
2026-05-25T10:29:00.082,32.2
2026-05-25T10:34:00.075,31.9
2026-05-25T10:39:00.111,31.9
2026-05-25T10:44:00.084,31.9
2026-05-25T10:49:00.077,31.9
2026-05-25T10:54:00.114,31.9
2026-05-25T10:59:00.084,31.9
2026-05-25T11:04:00.083,31.5
2026-05-25T11:09:00.107,31.5
2026-05-25T11:14:00.080,31.2
2026-05-25T11:19:00.084,31.2
2026-05-25T11:24:00.114,30.9
2026-05-25T11:29:00.077,30.9
2026-05-25T11:34:00.075,30.9
2026-05-25T11:39:00.109,30.9
2026-05-25T11:44:00.083,31.2
2026-05-25T11:49:00.110,30.9
2026-05-25T11:54:00.078,30.9
2026-05-25T11:59:00.074,30.9
2026-05-25T12:04:00.102,30.9
2026-05-25T12:09:00.079,30.9
2026-05-25T12:14:00.069,30.9
2026-05-25T12:19:00.105,30.9
2026-05-25T12:24:00.071,30.9
2026-05-25T12:29:00.068,30.9
2026-05-26T02:14:00.069,42.5
2026-05-26T02:19:00.102,41.9
2026-05-26T02:24:00.074,41.2
2026-05-26T02:29:00.074,40.6
2026-05-26T02:34:00.101,40.2
2026-05-26T02:39:00.078,39.6
2026-05-26T02:44:00.074,39.3
2026-05-26T02:49:00.106,39.0
2026-05-26T02:54:00.077,38.6
2026-05-26T02:59:00.112,38.0
2026-05-26T03:04:00.074,37.7
2026-05-26T03:09:00.080,37.7
2026-05-26T03:14:00.110,37.3
2026-05-26T03:19:00.082,37.0
2026-05-26T03:24:00.076,36.7
2026-05-26T03:29:00.114,36.4
2026-05-26T03:34:00.081,36.4
2026-05-26T03:39:00.073,36.0
2026-05-26T03:44:00.108,36.0
2026-05-26T03:49:00.075,35.7
2026-05-26T03:54:00.079,35.7
2026-05-26T03:59:00.109,35.7
2026-05-26T04:04:00.076,35.7
2026-05-26T04:09:00.079,35.7
2026-05-26T04:14:00.106,35.4
2026-05-26T04:19:00.076,35.4
2026-05-26T04:24:00.111,35.4
2026-05-26T04:29:00.076,35.4
2026-05-26T04:34:00.074,35.1
2026-05-26T04:39:00.110,35.1
2026-05-26T04:44:00.073,35.1
2026-05-26T04:49:00.081,35.1
2026-05-26T04:54:00.110,35.1
2026-05-26T04:59:00.071,35.1
2026-05-26T05:04:00.082,35.1
2026-05-26T05:09:00.105,35.1
2026-05-26T05:14:00.079,35.1
2026-05-26T05:19:00.071,35.1
2026-05-26T05:24:00.107,35.1
2026-05-26T05:29:00.075,34.8
2026-05-26T05:34:00.080,34.8
2026-05-26T05:39:00.112,34.8
2026-05-26T05:44:00.078,34.8
2026-05-26T05:49:00.075,34.4
2026-05-26T05:54:00.112,34.4
2026-05-26T05:59:00.079,34.4
2026-05-26T06:04:00.108,34.4
2026-05-26T06:09:00.080,34.1
2026-05-26T06:14:00.078,34.1
2026-05-26T06:19:00.109,33.8
2026-05-26T06:24:00.073,33.8
2026-05-26T06:29:00.076,33.8
2026-05-26T06:34:00.108,33.8
2026-05-26T06:39:00.078,33.8
2026-05-26T06:44:00.078,33.8
2026-05-26T06:49:00.106,33.8
2026-05-26T06:54:00.081,33.8
2026-05-26T06:59:00.084,33.8
2026-05-26T07:04:00.111,33.8
2026-05-26T07:09:00.074,33.8
2026-05-26T07:14:00.080,33.8
2026-05-26T07:19:00.107,33.5
2026-05-26T07:24:00.080,33.5
2026-05-26T07:29:00.106,33.5
2026-05-26T07:34:00.072,33.1
2026-05-26T07:39:00.072,33.1
2026-05-26T07:44:00.108,33.1
2026-05-26T07:49:00.079,32.8
2026-05-26T07:54:00.080,32.8
2026-05-26T07:59:00.112,32.8
2026-05-26T08:04:00.079,32.5
2026-05-26T08:09:00.075,32.5
2026-05-26T08:14:00.102,32.5
2026-05-26T08:19:00.080,32.5
2026-05-26T08:24:00.080,32.2
2026-05-26T08:29:00.107,32.2
2026-05-26T08:34:00.074,31.9
2026-05-26T08:39:00.079,31.5
2026-05-26T08:44:00.106,31.2
2026-05-26T08:49:00.079,31.2
2026-05-26T08:54:00.082,30.9
2026-05-26T08:59:00.107,30.9
2026-05-26T09:04:00.079,30.6
2026-05-26T09:09:00.110,30.6
2026-05-26T09:14:00.077,30.2
2026-05-26T09:19:00.077,29.9
2026-05-26T09:24:00.113,29.9
2026-05-26T09:29:00.082,29.9
2026-05-26T09:34:00.071,29.9
2026-05-26T09:39:00.114,29.9
2026-05-26T09:44:00.082,29.9
2026-05-26T09:49:00.077,29.9
2026-05-26T09:54:00.109,29.9
2026-05-26T09:59:00.078,29.9
2026-05-26T10:04:00.081,29.9
2026-05-26T10:09:00.112,29.9
2026-05-26T10:14:00.082,29.9
2026-05-26T10:19:00.078,29.9
2026-05-26T10:24:00.104,29.9
2026-05-26T10:29:00.076,29.9
2026-05-26T10:34:00.105,29.9
2026-05-26T10:39:00.082,29.9
2026-05-26T10:44:00.076,29.9
2026-05-26T10:49:00.108,29.9
2026-05-26T10:54:00.075,29.9
2026-05-26T10:59:00.083,29.9
2026-05-26T11:04:00.111,29.9
2026-05-26T11:09:00.074,29.9
2026-05-26T11:14:00.070,29.9
2026-05-26T11:19:00.102,29.9
2026-05-26T11:24:00.079,29.9
2026-05-26T11:29:00.079,29.9
2026-05-26T11:34:00.107,29.9
2026-05-26T11:39:00.077,29.9
2026-05-26T11:44:00.078,29.9
2026-05-26T11:49:00.108,29.9
2026-05-26T11:54:00.079,29.9
2026-05-26T11:59:00.067,29.9
2026-05-26T12:04:00.105,29.9
2026-05-26T12:09:00.076,29.9
2026-05-26T12:14:00.105,29.9
2026-05-26T12:19:00.080,29.9
2026-05-26T12:24:00.079,29.9
2026-05-26T12:29:00.103,30.2
2026-05-27T02:14:00.109,42.8
2026-05-27T02:19:00.069,42.2
2026-05-27T02:24:00.072,41.5
2026-05-27T02:29:00.103,41.2
2026-05-27T02:34:00.078,40.6
2026-05-27T02:39:00.074,40.2
2026-05-27T02:44:00.104,39.6
2026-05-27T02:49:00.073,39.3
2026-05-27T02:54:00.072,39.0
2026-05-27T02:59:00.109,39.0
2026-05-27T03:04:00.075,38.6
2026-05-27T03:09:00.111,38.6
2026-05-27T03:14:00.076,38.3
2026-05-27T03:19:00.079,38.0
2026-05-27T03:24:00.109,38.0
2026-05-27T03:29:00.073,38.0
2026-05-27T03:34:00.072,38.0
2026-05-27T03:39:00.110,37.7
2026-05-27T03:44:00.081,37.7
2026-05-27T03:49:00.071,37.7
2026-05-27T03:54:00.106,37.7
2026-05-27T03:59:00.082,37.7
2026-05-27T04:04:00.078,37.3
2026-05-27T04:09:00.103,37.3
2026-05-27T04:14:00.079,37.3
2026-05-27T04:19:00.074,37.0
2026-05-27T04:24:00.104,37.0
2026-05-27T04:29:00.078,37.0
2026-05-27T04:34:00.076,36.7
2026-05-27T04:39:00.108,36.7
2026-05-27T04:44:00.077,36.4
2026-05-27T04:49:00.099,36.4
2026-05-27T04:54:00.082,36.0
2026-05-27T04:59:00.078,36.0
2026-05-27T05:04:00.105,35.7
2026-05-27T05:09:00.071,35.4
2026-05-27T05:14:00.072,35.4
2026-05-27T05:19:00.110,35.1
2026-05-27T05:24:00.074,35.1
2026-05-27T05:29:00.072,34.8
2026-05-27T05:34:00.114,34.8
2026-05-27T05:39:00.084,34.8
2026-05-27T05:44:00.075,34.4
2026-05-27T05:49:00.106,34.4
2026-05-27T05:54:00.075,34.4
2026-05-27T05:59:00.081,34.1
2026-05-27T06:04:00.107,34.1
2026-05-27T06:09:00.085,34.1
2026-05-27T06:14:00.109,33.8
2026-05-27T06:19:00.075,33.8
2026-05-27T06:24:00.074,33.5
2026-05-27T06:29:00.115,33.5
2026-05-27T06:34:00.078,33.1
2026-05-27T06:39:00.078,33.1
2026-05-27T06:44:00.113,33.1
2026-05-27T06:49:00.075,33.1
2026-05-27T06:54:00.075,32.8
2026-05-27T06:59:00.110,32.8
2026-05-27T07:04:00.071,32.8
2026-05-27T07:09:00.080,32.8
2026-05-27T07:14:00.107,32.8
2026-05-27T07:19:00.079,32.5
2026-05-27T07:24:00.082,32.5
2026-05-27T07:29:00.113,32.2
2026-05-27T07:34:00.084,32.2
2026-05-27T07:39:00.080,32.2
2026-05-27T07:44:00.114,31.9
2026-05-27T07:49:00.078,31.5
2026-05-27T07:54:00.105,31.5
2026-05-27T07:59:00.085,31.5
2026-05-27T08:04:00.082,31.5
2026-05-27T08:09:00.114,31.5
2026-05-27T08:14:00.071,31.5
2026-05-27T08:19:00.076,31.2
2026-05-27T08:24:00.113,31.2
2026-05-27T08:29:00.073,31.2
2026-05-27T08:34:00.078,31.2
2026-05-27T08:39:00.108,31.2
2026-05-27T08:44:00.083,31.2
2026-05-27T08:49:00.077,31.2
2026-05-27T08:54:00.107,31.2
2026-05-27T08:59:00.081,31.2
2026-05-27T09:04:00.075,31.2
2026-05-27T09:09:00.108,31.2
2026-05-27T09:14:00.081,31.2
2026-05-27T09:19:00.113,31.2
2026-05-27T09:24:00.072,31.2
2026-05-27T09:29:00.082,30.9
2026-05-27T09:34:00.115,30.9
2026-05-27T09:39:00.076,30.9
2026-05-27T09:44:00.078,30.9
2026-05-27T09:49:00.106,30.9
2026-05-27T09:54:00.074,30.9
2026-05-27T09:59:00.076,30.9
2026-05-27T10:04:00.107,30.9
2026-05-27T10:09:00.076,30.9
2026-05-27T10:14:00.080,31.2
2026-05-27T10:19:00.106,31.2
2026-05-27T10:24:00.077,31.2
2026-05-27T10:29:00.085,31.2
2026-05-27T10:34:00.115,31.2
2026-05-27T10:39:00.072,31.2
2026-05-27T10:44:00.080,31.2
2026-05-27T10:49:00.107,31.2
2026-05-27T10:54:00.085,30.9
2026-05-27T10:59:00.106,30.6
2026-05-27T11:04:00.075,30.2
2026-05-27T11:09:00.084,29.9
2026-05-27T11:14:00.110,29.6
2026-05-27T11:19:00.074,29.6
2026-05-27T11:24:00.078,29.3
2026-05-27T11:29:00.105,29.3
2026-05-27T11:34:00.080,29.3
2026-05-27T11:39:00.082,29.3
2026-05-27T11:44:00.104,29.3
2026-05-27T11:49:00.073,29.3
2026-05-27T11:54:00.079,29.3
2026-05-27T11:59:00.111,29.3
2026-05-27T12:04:00.074,29.6
2026-05-27T12:09:00.072,29.6
2026-05-27T12:14:00.105,29.9
2026-05-27T12:19:00.074,29.6
2026-05-27T12:24:00.104,29.9
2026-05-27T12:29:00.075,29.9
2026-05-28T02:14:00.074,42.5
2026-05-28T02:19:00.098,42.2
2026-05-28T02:24:00.072,41.5
2026-05-28T02:29:00.074,40.9
2026-05-28T02:34:00.100,40.6
2026-05-28T02:39:00.077,40.2
2026-05-28T02:44:00.070,39.9
2026-05-28T02:49:00.098,39.3
2026-05-28T02:54:00.072,39.3
2026-05-28T02:59:00.106,39.0
2026-05-28T03:04:00.078,39.0
2026-05-28T03:09:00.080,38.6
2026-05-28T03:14:00.101,38.6
2026-05-28T03:19:00.075,38.3
2026-05-28T03:24:00.083,38.3
2026-05-28T03:29:00.111,38.0
2026-05-28T03:34:00.079,38.0
2026-05-28T03:39:00.077,38.0
2026-05-28T03:44:00.115,37.7
2026-05-28T03:49:00.082,37.7
2026-05-28T03:54:00.083,37.7
2026-05-28T03:59:00.107,37.7
2026-05-28T04:04:00.079,37.3
2026-05-28T04:09:00.078,37.3
2026-05-28T04:14:00.106,37.0
2026-05-28T04:19:00.083,37.0
2026-05-28T04:24:00.108,37.0
2026-05-28T04:29:00.076,37.0
2026-05-28T04:34:00.078,36.7
2026-05-28T04:39:00.102,36.7
2026-05-28T04:44:00.079,36.4
2026-05-28T04:49:00.078,36.4
2026-05-28T04:54:00.107,36.0
2026-05-28T04:59:00.073,36.0
2026-05-28T05:04:00.079,35.7
2026-05-28T05:09:00.111,35.7
2026-05-28T05:14:00.078,35.4
2026-05-28T05:19:00.075,35.4
2026-05-28T05:24:00.111,35.4
2026-05-28T05:29:00.078,35.1
2026-05-28T05:34:00.077,35.1
2026-05-28T05:39:00.114,34.8
2026-05-28T05:44:00.078,34.8
2026-05-28T05:49:00.109,34.8
2026-05-28T05:54:00.081,34.4
2026-05-28T05:59:00.076,34.4
2026-05-28T06:04:00.105,34.4
2026-05-28T06:09:00.076,34.4
2026-05-28T06:14:00.076,34.1
2026-05-28T06:19:00.114,34.1
2026-05-28T06:24:00.079,34.1
2026-05-28T06:29:00.076,34.1
2026-05-28T06:34:00.106,33.8
2026-05-28T06:39:00.081,33.8
2026-05-28T06:44:00.072,33.5
2026-05-28T06:49:00.108,33.5
2026-05-28T06:54:00.078,33.1
2026-05-28T06:59:00.078,32.8
2026-05-28T07:04:00.101,32.8
2026-05-28T07:09:00.078,32.8
2026-05-28T07:14:00.075,32.8
2026-05-28T07:19:00.107,32.8
2026-05-28T07:24:00.079,32.8
2026-05-28T07:29:00.107,32.8
2026-05-28T07:34:00.076,32.8
2026-05-28T07:39:00.080,32.8
2026-05-28T07:44:00.105,32.8
2026-05-28T07:49:00.073,32.8
2026-05-28T07:54:00.078,32.8
2026-05-28T07:59:00.112,32.8
2026-05-28T08:04:00.079,32.8
2026-05-28T08:09:00.081,32.8
2026-05-28T08:14:00.109,32.8
2026-05-28T08:19:00.076,32.8
2026-05-28T08:24:00.076,32.8
2026-05-28T08:29:00.112,32.8
2026-05-28T08:34:00.077,32.8
2026-05-28T08:39:00.079,32.8
2026-05-28T08:44:00.104,32.8
2026-05-28T08:49:00.080,32.8
2026-05-28T08:54:00.105,32.8
2026-05-28T08:59:00.079,32.8
2026-05-28T09:04:00.081,32.8
2026-05-28T09:09:00.108,32.8
2026-05-28T09:14:00.074,32.8
2026-05-28T09:19:00.078,32.8
2026-05-28T09:24:00.102,32.8
2026-05-28T09:29:00.080,32.5
2026-05-28T09:34:00.073,32.5
2026-05-28T09:39:00.103,32.2
2026-05-28T09:44:00.072,32.2
2026-05-28T09:49:00.082,32.5
2026-05-28T09:54:00.112,32.5
2026-05-28T09:59:00.083,32.5
2026-05-28T10:04:00.082,32.8
2026-05-28T10:09:00.112,32.8
2026-05-28T10:14:00.077,32.8
2026-05-28T10:19:00.071,33.1
2026-05-28T10:24:00.110,33.1
2026-05-28T10:29:00.075,32.8
2026-05-28T10:34:00.111,32.8
2026-05-28T10:39:00.077,32.8
2026-05-28T10:44:00.076,32.5
2026-05-28T10:49:00.106,32.5
2026-05-28T10:54:00.076,32.2
2026-05-28T10:59:00.083,32.2
2026-05-28T11:04:00.103,32.2
2026-05-28T11:09:00.071,32.2
2026-05-28T11:14:00.075,32.2
2026-05-28T11:19:00.109,32.2
2026-05-28T11:24:00.078,32.2
2026-05-28T11:29:00.079,32.2
2026-05-28T11:34:00.109,32.2
2026-05-28T11:39:00.080,32.2
2026-05-28T11:44:00.081,32.2
2026-05-28T11:49:00.103,31.9
2026-05-28T11:54:00.081,31.9
2026-05-28T11:59:00.101,31.9
2026-05-28T12:04:00.072,31.9
2026-05-28T12:09:00.072,31.9
2026-05-28T12:14:00.109,31.9
2026-05-28T12:19:00.075,31.9
2026-05-28T12:24:00.070,31.9
2026-05-28T12:29:00.102,31.5
2026-05-29T02:19:00.077,40.9
2026-05-29T02:24:00.075,39.9
2026-05-29T02:29:00.103,39.6
2026-05-29T02:34:00.072,39.0
2026-05-29T02:39:00.081,38.3
2026-05-29T02:44:00.104,38.0
2026-05-29T02:49:00.075,37.7
2026-05-29T02:54:00.077,37.3
2026-05-29T02:59:00.107,37.0
2026-05-29T03:04:00.078,36.7
2026-05-29T03:09:00.076,36.4
2026-05-29T03:14:00.113,36.4
2026-05-29T03:19:00.076,36.0
2026-05-29T03:24:00.105,35.7
2026-05-29T03:29:00.080,35.7
2026-05-29T03:34:00.077,35.4
2026-05-29T03:39:00.109,35.4
2026-05-29T03:44:00.079,35.1
2026-05-29T03:49:00.084,35.1
2026-05-29T03:54:00.109,34.8
2026-05-29T03:59:00.076,34.4
2026-05-29T04:04:00.075,34.1
2026-05-29T04:09:00.105,34.1
2026-05-29T04:14:00.080,34.1
2026-05-29T04:19:00.077,34.1
2026-05-29T04:24:00.105,34.1
2026-05-29T04:29:00.081,34.1
2026-05-29T04:34:00.083,34.1
2026-05-29T04:39:00.103,34.1
2026-05-29T04:44:00.076,34.1
2026-05-29T04:49:00.106,33.8
2026-05-29T04:54:00.082,33.8
2026-05-29T04:59:00.077,33.5
2026-05-29T05:04:00.109,33.5
2026-05-29T05:09:00.084,33.5
2026-05-29T05:14:00.080,33.1
2026-05-29T05:19:00.110,32.8
2026-05-29T05:24:00.084,32.5
2026-05-29T05:29:00.080,32.2
2026-05-29T05:34:00.106,31.9
2026-05-29T05:39:00.084,31.5
2026-05-29T05:44:00.075,31.5
2026-05-29T05:49:00.109,31.2
2026-05-29T05:54:00.080,31.2
2026-05-29T05:59:00.079,31.2
2026-05-29T06:04:00.113,31.2
2026-05-29T06:09:00.080,31.5
2026-05-29T06:14:00.083,31.5
2026-05-29T06:19:00.109,31.5
2026-05-29T06:24:00.085,31.5
2026-05-29T06:29:00.109,31.5
2026-05-29T06:34:00.083,31.5
2026-05-29T06:39:00.076,31.5
2026-05-29T06:44:00.110,31.5
2026-05-29T06:49:00.081,31.5
2026-05-29T06:54:00.078,31.2
2026-05-29T06:59:00.110,31.2
2026-05-29T07:04:00.078,31.2
2026-05-29T07:09:00.084,31.2
2026-05-29T07:14:00.110,31.2
2026-05-29T07:19:00.084,31.2
2026-05-29T07:24:00.078,31.2
2026-05-29T07:29:00.110,31.2
2026-05-29T07:34:00.075,31.2
2026-05-29T07:39:00.083,31.5
2026-05-29T07:44:00.108,31.5
2026-05-29T07:49:00.075,31.5
2026-05-29T07:54:00.106,31.5
2026-05-29T07:59:00.079,31.5
2026-05-29T08:04:00.075,31.9
2026-05-29T08:09:00.107,31.9
2026-05-29T08:14:00.077,31.9
2026-05-29T08:19:00.080,31.9
2026-05-29T08:24:00.110,31.5
2026-05-29T08:29:00.084,31.5
2026-05-29T08:34:00.075,31.5
2026-05-29T08:39:00.114,31.5
2026-05-29T08:44:00.076,31.5
2026-05-29T08:49:00.079,31.5
2026-05-29T08:54:00.108,31.2
2026-05-29T08:59:00.084,31.2
2026-05-29T09:04:00.081,30.9
2026-05-29T09:09:00.110,31.2
2026-05-29T09:14:00.080,31.2
2026-05-29T09:19:00.110,31.2
2026-05-29T09:24:00.084,31.2
2026-05-29T09:29:00.076,30.9
2026-05-29T09:34:00.108,30.9
2026-05-29T09:39:00.078,30.9
2026-05-29T09:44:00.078,30.6
2026-05-29T09:49:00.111,30.6
2026-05-29T09:54:00.080,30.6
2026-05-29T09:59:00.084,30.2
2026-05-29T10:04:00.106,30.2
2026-05-29T10:09:00.080,30.2
2026-05-29T10:14:00.081,29.9
2026-05-29T10:19:00.107,29.6
2026-05-29T10:24:00.082,29.6
2026-05-29T10:29:00.081,29.3
2026-05-29T10:34:00.113,29.3
2026-05-29T10:39:00.081,29.6
2026-05-29T10:44:00.084,29.6
2026-05-29T10:49:00.110,29.6
2026-05-29T10:54:00.076,29.6
2026-05-29T10:59:00.102,29.6
2026-05-29T11:04:00.083,29.6
2026-05-29T11:09:00.079,29.6
2026-05-29T11:14:00.112,29.3
2026-05-29T11:19:00.084,29.3
2026-05-29T11:24:00.075,29.0
2026-05-29T11:29:00.109,29.0
2026-05-29T11:34:00.083,29.0
2026-05-29T11:39:00.081,29.0
2026-05-29T11:44:00.109,28.6
2026-05-29T11:49:00.081,28.6
2026-05-29T11:54:00.072,28.6
2026-05-29T11:59:00.103,28.6
2026-05-29T12:04:00.077,28.6
2026-05-29T12:09:00.072,28.6
2026-05-29T12:14:00.103,28.6
2026-05-29T12:19:00.077,28.6
2026-05-29T12:24:00.111,28.3
2026-05-29T12:29:00.077,28.3
2026-05-30T02:14:00.079,41.5
2026-05-30T02:19:00.106,40.9
2026-05-30T02:24:00.073,40.2
2026-05-30T02:29:00.075,39.6
2026-05-30T02:34:00.104,39.3
2026-05-30T02:39:00.071,38.6
2026-05-30T02:44:00.080,38.3
2026-05-30T02:49:00.107,38.0
2026-05-30T02:54:00.074,37.7
2026-05-30T02:59:00.114,37.3
2026-05-30T03:04:00.074,37.3
2026-05-30T03:09:00.083,37.0
2026-05-30T03:14:00.110,36.7
2026-05-30T03:19:00.076,36.4
2026-05-30T03:24:00.080,36.4
2026-05-30T03:29:00.112,36.0
2026-05-30T03:34:00.074,36.0
2026-05-30T03:39:00.082,35.7
2026-05-30T03:44:00.107,35.7
2026-05-30T03:49:00.076,35.4
2026-05-30T03:54:00.078,35.4
2026-05-30T03:59:00.108,35.1
2026-05-30T04:04:00.078,34.8
2026-05-30T04:09:00.074,34.8
2026-05-30T04:14:00.108,34.4
2026-05-30T04:19:00.078,34.1
2026-05-30T04:24:00.111,34.1
2026-05-30T04:29:00.078,33.8
2026-05-30T04:34:00.079,33.5
2026-05-30T04:39:00.106,33.5
2026-05-30T04:44:00.081,33.5
2026-05-30T04:49:00.076,33.5
2026-05-30T04:54:00.110,33.5
2026-05-30T04:59:00.083,33.5
2026-05-30T05:04:00.075,33.5
2026-05-30T05:09:00.107,33.5
2026-05-30T05:14:00.084,33.5
2026-05-30T05:19:00.082,33.5
2026-05-30T05:24:00.113,33.5
2026-05-30T05:29:00.081,33.5
2026-05-30T05:34:00.083,33.1
2026-05-30T05:39:00.110,33.1
2026-05-30T05:44:00.077,33.1
2026-05-30T05:49:00.078,32.8
2026-05-30T05:54:00.111,32.8
2026-05-30T05:59:00.077,32.8
2026-05-30T06:04:00.109,32.8
2026-05-30T06:09:00.077,32.5
2026-05-30T06:14:00.079,32.5
2026-05-30T06:19:00.114,32.5
2026-05-30T06:24:00.080,32.2
2026-05-30T06:29:00.081,32.2
2026-05-30T06:34:00.106,32.2
2026-05-30T06:39:00.082,32.2
2026-05-30T06:44:00.078,31.9
2026-05-30T06:49:00.109,31.9
2026-05-30T06:54:00.083,31.5
2026-05-30T06:59:00.082,31.5
2026-05-30T07:04:00.110,31.2
2026-05-30T07:09:00.084,31.2
2026-05-30T07:14:00.077,30.9
2026-05-30T07:19:00.112,30.9
2026-05-30T07:24:00.076,30.6
2026-05-30T07:29:00.107,30.6
2026-05-30T07:34:00.081,30.2
2026-05-30T07:39:00.083,30.2
2026-05-30T07:44:00.114,30.2
2026-05-30T07:49:00.085,30.2
2026-05-30T07:54:00.076,30.2
2026-05-30T07:59:00.111,29.9
2026-05-30T08:04:00.075,29.9
2026-05-30T08:09:00.079,29.9
2026-05-30T08:14:00.105,29.9
2026-05-30T08:19:00.079,29.6
2026-05-30T08:24:00.076,29.6
2026-05-30T08:29:00.106,29.6
2026-05-30T08:34:00.080,29.9
2026-05-30T08:39:00.082,29.9
2026-05-30T08:44:00.108,29.9
2026-05-30T08:49:00.084,29.9
2026-05-30T08:54:00.077,29.9
2026-05-30T08:59:00.107,29.9
2026-05-30T09:04:00.081,30.2
2026-05-30T09:09:00.109,30.2
2026-05-30T09:14:00.075,30.2
2026-05-30T09:19:00.084,30.2
2026-05-30T09:24:00.107,29.9
2026-05-30T09:29:00.076,29.9
2026-05-30T09:34:00.085,29.9
2026-05-30T09:39:00.112,29.9
2026-05-30T09:44:00.084,29.9
2026-05-30T09:49:00.077,29.6
2026-05-30T09:54:00.107,29.3
2026-05-30T09:59:00.084,28.6
2026-05-30T10:04:00.083,28.6
2026-05-30T10:09:00.107,28.3
2026-05-30T10:14:00.084,28.0
2026-05-30T10:19:00.083,28.0
2026-05-30T10:24:00.111,28.0
2026-05-30T10:29:00.078,28.0
2026-05-30T10:34:00.114,28.0
2026-05-30T10:39:00.081,28.0
2026-05-30T10:44:00.079,28.0
2026-05-30T10:49:00.113,28.0
2026-05-30T10:54:00.083,27.7
2026-05-30T10:59:00.085,27.7
2026-05-30T11:04:00.108,27.7
2026-05-30T11:09:00.079,27.7
2026-05-30T11:14:00.079,27.7
2026-05-30T11:19:00.107,27.7
2026-05-30T11:24:00.075,27.7
2026-05-30T11:29:00.079,27.7
2026-05-30T11:34:00.111,27.7
2026-05-30T11:39:00.078,27.7
2026-05-30T11:44:00.080,27.7
2026-05-30T11:49:00.111,27.7
2026-05-30T11:54:00.075,27.7
2026-05-30T11:59:00.076,27.7
2026-05-30T12:04:00.112,27.7
2026-05-30T12:09:00.080,27.7
2026-05-30T12:14:00.101,27.7
2026-05-30T12:19:00.076,27.7
2026-05-30T12:24:00.080,27.7
2026-05-30T12:29:00.105,27.7
2026-05-31T02:14:00.105,43.8
2026-05-31T02:19:00.072,43.1
2026-05-31T02:24:00.073,42.5
2026-05-31T02:29:00.111,41.5
2026-05-31T02:34:00.076,40.9
2026-05-31T02:39:00.075,40.2
2026-05-31T02:44:00.106,39.9
2026-05-31T02:49:00.072,39.6
2026-05-31T02:54:00.074,39.3
2026-05-31T02:59:00.108,39.0
2026-05-31T03:04:00.077,38.6
2026-05-31T03:09:00.085,38.3
2026-05-31T03:14:00.109,38.0
2026-05-31T03:19:00.083,38.0
2026-05-31T03:24:00.114,37.7
2026-05-31T03:29:00.081,37.3
2026-05-31T03:34:00.081,37.0
2026-05-31T03:39:00.114,36.7
2026-05-31T03:44:00.077,36.7
2026-05-31T03:49:00.080,36.4
2026-05-31T03:54:00.105,36.4
2026-05-31T03:59:00.077,36.4
2026-05-31T04:04:00.075,36.4
2026-05-31T04:09:00.111,36.0
2026-05-31T04:14:00.080,36.0
2026-05-31T04:19:00.076,36.0
2026-05-31T04:24:00.104,35.7
2026-05-31T04:29:00.075,35.4
2026-05-31T04:34:00.082,35.4
2026-05-31T04:39:00.104,35.1
2026-05-31T04:44:00.085,35.1
2026-05-31T04:49:00.107,35.1
2026-05-31T04:54:00.081,35.1
2026-05-31T04:59:00.081,34.8
2026-05-31T05:04:00.105,34.8
2026-05-31T05:09:00.083,34.4
2026-05-31T05:14:00.075,34.4
2026-05-31T05:19:00.106,34.1
2026-05-31T05:24:00.081,33.8
2026-05-31T05:29:00.084,33.8
2026-05-31T05:34:00.111,33.5
2026-05-31T05:39:00.082,33.1
2026-05-31T05:44:00.075,33.1
2026-05-31T05:49:00.112,32.8
2026-05-31T05:54:00.080,32.8
2026-05-31T05:59:00.081,32.8
2026-05-31T06:04:00.107,32.5
2026-05-31T06:09:00.083,32.5
2026-05-31T06:14:00.110,32.5
2026-05-31T06:19:00.074,32.2
2026-05-31T06:24:00.079,32.2
2026-05-31T06:29:00.112,32.2
2026-05-31T06:34:00.080,31.9
2026-05-31T06:39:00.075,31.9
2026-05-31T06:44:00.105,31.9
2026-05-31T06:49:00.075,31.9
2026-05-31T06:54:00.083,31.9
2026-05-31T06:59:00.110,31.9
2026-05-31T07:04:00.083,31.9
2026-05-31T07:09:00.078,31.9
2026-05-31T07:14:00.108,31.9
2026-05-31T07:19:00.083,31.9
2026-05-31T07:24:00.076,31.9
2026-05-31T07:29:00.111,31.9
2026-05-31T07:34:00.079,31.9
2026-05-31T07:39:00.085,31.5
2026-05-31T07:44:00.113,31.5
2026-05-31T07:49:00.083,31.5
2026-05-31T07:54:00.103,31.5
2026-05-31T07:59:00.075,31.2
2026-05-31T08:04:00.079,31.2
2026-05-31T08:09:00.105,31.2
2026-05-31T08:14:00.080,31.2
2026-05-31T08:19:00.078,30.9
2026-05-31T08:24:00.110,30.9
2026-05-31T08:29:00.081,30.9
2026-05-31T08:34:00.082,30.9
2026-05-31T08:39:00.108,30.9
2026-05-31T08:44:00.080,30.9
2026-05-31T08:49:00.078,30.6
2026-05-31T08:54:00.114,30.6
2026-05-31T08:59:00.084,30.6
2026-05-31T09:04:00.075,30.6
2026-05-31T09:09:00.112,30.6
2026-05-31T09:14:00.080,30.6
2026-05-31T09:19:00.113,30.6
2026-05-31T09:24:00.077,30.6
2026-05-31T09:29:00.085,30.6
2026-05-31T09:34:00.111,30.6
2026-05-31T09:39:00.075,30.9
2026-05-31T09:44:00.076,30.9
2026-05-31T09:49:00.112,30.9
2026-05-31T09:54:00.084,30.9
2026-05-31T09:59:00.078,30.9
2026-05-31T10:04:00.107,30.9
2026-05-31T10:09:00.085,30.9
2026-05-31T10:14:00.084,30.9
2026-05-31T10:19:00.114,30.9
2026-05-31T10:24:00.081,30.6
2026-05-31T10:29:00.082,30.6
2026-05-31T10:34:00.109,30.6
2026-05-31T10:39:00.075,30.6
2026-05-31T10:44:00.075,30.6
2026-05-31T10:49:00.107,30.2
2026-05-31T10:54:00.078,30.2
2026-05-31T10:59:00.107,30.2
2026-05-31T11:04:00.084,29.9
2026-05-31T11:09:00.079,29.9
2026-05-31T11:14:00.112,29.9
2026-05-31T11:19:00.079,29.9
2026-05-31T11:24:00.079,29.6
2026-05-31T11:29:00.114,29.6
2026-05-31T11:34:00.082,29.6
2026-05-31T11:39:00.082,29.3
2026-05-31T11:44:00.107,29.3
2026-05-31T11:49:00.079,29.3
2026-05-31T11:54:00.078,29.3
2026-05-31T11:59:00.103,29.0
2026-05-31T12:04:00.079,29.0
2026-05-31T12:09:00.072,29.0
2026-05-31T12:14:00.109,29.0
2026-05-31T12:19:00.072,29.0
2026-05-31T12:24:00.106,29.0
2026-05-31T12:29:00.080,29.0
2026-06-01T02:14:00.075,47.3
2026-06-01T02:19:00.080,46.4
2026-06-01T02:24:00.111,46.0
2026-06-01T02:29:00.072,45.1
2026-06-01T02:34:00.073,44.4
2026-06-01T02:39:00.103,43.8
2026-06-01T02:44:00.078,42.8
2026-06-01T02:49:00.075,42.5
2026-06-01T02:54:00.103,41.9
2026-06-01T02:59:00.072,41.5
2026-06-01T03:04:00.082,41.2
2026-06-01T03:09:00.113,40.9
2026-06-01T03:14:00.075,40.6
2026-06-01T03:19:00.076,40.6
2026-06-01T03:24:00.111,40.2
2026-06-01T03:29:00.084,39.9
2026-06-01T03:34:00.114,39.9
2026-06-01T03:39:00.079,39.6
2026-06-01T03:44:00.084,39.6
2026-06-01T03:49:00.111,39.3
2026-06-01T03:54:00.080,39.3
2026-06-01T03:59:00.080,39.0
2026-06-01T04:04:00.113,39.0
2026-06-01T04:09:00.078,38.6
2026-06-01T04:14:00.085,38.3
2026-06-01T04:19:00.113,38.0
2026-06-01T04:24:00.083,37.7
2026-06-01T04:29:00.082,37.3
2026-06-01T04:34:00.110,37.0
2026-06-01T04:39:00.075,36.7
2026-06-01T04:44:00.081,36.7
2026-06-01T04:49:00.114,36.4
2026-06-01T04:54:00.079,36.4
2026-06-01T04:59:00.107,36.0
2026-06-01T05:04:00.077,36.0
2026-06-01T05:09:00.077,36.0
2026-06-01T05:14:00.105,35.7
2026-06-01T05:19:00.084,35.7
2026-06-01T05:24:00.078,35.7
2026-06-01T05:29:00.106,35.4
2026-06-01T05:34:00.078,35.4
2026-06-01T05:39:00.079,35.4
2026-06-01T05:44:00.112,35.1
2026-06-01T05:49:00.078,35.1
2026-06-01T05:54:00.080,35.1
2026-06-01T05:59:00.110,34.8
2026-06-01T06:04:00.077,35.1
2026-06-01T06:09:00.076,35.1
2026-06-01T06:14:00.111,35.1
2026-06-01T06:19:00.076,35.1
2026-06-01T06:24:00.078,35.1
2026-06-01T06:29:00.113,35.1
2026-06-01T06:34:00.081,35.1
2026-06-01T06:39:00.110,35.1
2026-06-01T06:44:00.083,35.1
2026-06-01T06:49:00.079,35.1
2026-06-01T06:54:00.107,35.1
2026-06-01T06:59:00.077,35.1
2026-06-01T07:04:00.081,35.1
2026-06-01T07:09:00.108,35.1
2026-06-01T07:14:00.084,35.1
2026-06-01T07:19:00.080,34.8
2026-06-01T07:24:00.112,34.8
2026-06-01T07:29:00.084,34.4
2026-06-01T07:34:00.083,34.4
2026-06-01T07:39:00.111,34.4
2026-06-01T07:44:00.080,34.1
2026-06-01T07:49:00.083,34.1
2026-06-01T07:54:00.106,34.1
2026-06-01T07:59:00.083,34.1
2026-06-01T08:04:00.113,34.4
2026-06-01T08:09:00.076,34.4
2026-06-01T08:14:00.076,34.4
2026-06-01T08:19:00.114,34.4
2026-06-01T08:24:00.083,34.1
2026-06-01T08:29:00.078,34.1
2026-06-01T08:34:00.109,34.1
2026-06-01T08:39:00.075,34.1
2026-06-01T08:44:00.083,34.1
2026-06-01T08:49:00.113,34.1
2026-06-01T08:54:00.080,34.4
2026-06-01T08:59:00.084,34.4
2026-06-01T09:04:00.106,34.4
2026-06-01T09:09:00.083,34.4
2026-06-01T09:14:00.079,34.4
2026-06-01T09:19:00.114,34.4
2026-06-01T09:24:00.080,34.4
2026-06-01T09:29:00.078,34.4
2026-06-01T09:34:00.105,34.4
2026-06-01T09:39:00.078,34.4
2026-06-01T09:44:00.114,34.4
2026-06-01T09:49:00.075,34.4
2026-06-01T09:54:00.077,34.1
2026-06-01T09:59:00.107,33.8
2026-06-01T10:04:00.081,33.8
2026-06-01T10:09:00.077,33.5
2026-06-01T10:14:00.105,33.1
2026-06-01T10:19:00.079,33.1
2026-06-01T10:24:00.081,32.8
2026-06-01T10:29:00.108,32.8
2026-06-01T10:34:00.085,32.8
2026-06-01T10:39:00.082,32.5
2026-06-01T10:44:00.114,32.5
2026-06-01T10:49:00.079,32.5
2026-06-01T10:54:00.083,32.5
2026-06-01T10:59:00.106,32.5
2026-06-01T11:04:00.078,32.5
2026-06-01T11:09:00.105,32.5
2026-06-01T11:14:00.080,32.5
2026-06-01T11:19:00.084,32.5
2026-06-01T11:24:00.106,32.5
2026-06-01T11:29:00.077,32.2
2026-06-01T11:34:00.079,32.2
2026-06-01T11:39:00.110,32.2
2026-06-01T11:44:00.075,32.2
2026-06-01T11:49:00.072,32.2
2026-06-01T11:54:00.102,32.2
2026-06-01T11:59:00.079,32.5
2026-06-01T12:04:00.081,32.5
2026-06-01T12:09:00.102,32.5
2026-06-01T12:14:00.080,32.5
2026-06-01T12:19:00.075,32.5
2026-06-01T12:24:00.106,32.5
2026-06-01T12:29:00.072,32.5
2026-06-02T02:14:00.102,45.1
2026-06-02T02:19:00.080,44.8
2026-06-02T02:24:00.074,44.1
2026-06-02T02:29:00.108,43.8
2026-06-02T02:34:00.077,43.5
2026-06-02T02:39:00.075,43.1
2026-06-02T02:44:00.112,42.8
2026-06-02T02:49:00.078,42.8
2026-06-02T02:54:00.104,42.5
2026-06-02T02:59:00.075,42.2
2026-06-02T03:04:00.078,41.9
2026-06-02T03:09:00.111,41.5
2026-06-02T03:14:00.078,41.2
2026-06-02T03:19:00.082,41.2
2026-06-02T03:24:00.109,40.9
2026-06-02T03:29:00.079,40.6
2026-06-02T03:34:00.079,40.2
2026-06-02T03:39:00.108,39.9
2026-06-02T03:44:00.078,39.9
2026-06-02T03:49:00.076,39.6
2026-06-02T03:54:00.106,39.3
2026-06-02T03:59:00.084,39.3
2026-06-02T04:04:00.082,39.3
2026-06-02T04:09:00.108,39.3
2026-06-02T04:14:00.077,39.3
2026-06-02T04:19:00.081,39.3
2026-06-02T04:24:00.114,39.3
2026-06-02T04:29:00.078,39.3
2026-06-02T04:34:00.107,39.3
2026-06-02T04:39:00.077,39.3
2026-06-02T04:44:00.084,39.3
2026-06-02T04:49:00.106,39.0
2026-06-02T04:54:00.076,39.0
2026-06-02T04:59:00.080,38.6
2026-06-02T05:04:00.111,38.6
2026-06-02T05:09:00.077,38.3
2026-06-02T05:14:00.081,38.3
2026-06-02T05:19:00.108,38.0
2026-06-02T05:24:00.085,38.0
2026-06-02T05:29:00.085,37.7
2026-06-02T05:34:00.103,37.7
2026-06-02T05:39:00.084,37.7
2026-06-02T05:44:00.084,37.7
2026-06-02T05:49:00.114,37.3
2026-06-02T05:54:00.080,37.3
2026-06-02T05:59:00.115,37.3
2026-06-02T06:04:00.077,37.3
2026-06-02T06:09:00.082,37.0
2026-06-02T06:14:00.110,37.0
2026-06-02T06:19:00.079,37.0
2026-06-02T06:24:00.081,37.0
2026-06-02T06:29:00.106,36.7
2026-06-02T06:34:00.076,36.7
2026-06-02T06:39:00.080,36.7
2026-06-02T06:44:00.107,36.7
2026-06-02T06:49:00.083,36.4
2026-06-02T06:54:00.081,36.4
2026-06-02T06:59:00.107,36.4
2026-06-02T07:04:00.078,36.4
2026-06-02T07:09:00.082,36.7
2026-06-02T07:14:00.109,36.7
2026-06-02T07:19:00.082,36.7
2026-06-02T07:24:00.078,36.7
2026-06-02T07:29:00.109,36.7
2026-06-02T07:34:00.079,36.4
2026-06-02T07:39:00.110,36.4
2026-06-02T07:44:00.077,36.4
2026-06-02T07:49:00.079,36.0
2026-06-02T07:54:00.111,36.0
2026-06-02T07:59:00.079,35.7
2026-06-02T08:04:00.083,35.7
2026-06-02T08:09:00.108,35.4
2026-06-02T08:14:00.080,35.4
2026-06-02T08:19:00.075,35.4
2026-06-02T08:24:00.114,35.1
2026-06-02T08:29:00.078,35.1
2026-06-02T08:34:00.077,35.1
2026-06-02T08:39:00.109,34.8
2026-06-02T08:44:00.082,34.8
2026-06-02T08:49:00.081,34.8
2026-06-02T08:54:00.112,34.4
2026-06-02T08:59:00.079,34.4
2026-06-02T09:04:00.111,34.1
2026-06-02T09:09:00.081,34.1
2026-06-02T09:14:00.078,34.1
2026-06-02T09:19:00.104,34.1
2026-06-02T09:24:00.078,34.1
2026-06-02T09:29:00.080,33.8
2026-06-02T09:34:00.112,33.8
2026-06-02T09:39:00.084,33.8
2026-06-02T09:44:00.076,33.8
2026-06-02T09:49:00.106,33.8
2026-06-02T09:54:00.084,33.8
2026-06-02T09:59:00.075,33.8
2026-06-02T10:04:00.111,34.1
2026-06-02T10:09:00.077,34.1
2026-06-02T10:14:00.078,34.1
2026-06-02T10:19:00.108,34.1
2026-06-02T10:24:00.078,33.8
2026-06-02T10:29:00.106,33.8
2026-06-02T10:34:00.083,33.8
2026-06-02T10:39:00.084,33.5
2026-06-02T10:44:00.115,33.5
2026-06-02T10:49:00.075,33.5
2026-06-02T10:54:00.083,33.1
2026-06-02T10:59:00.105,33.1
2026-06-02T11:04:00.079,32.8
2026-06-02T11:09:00.079,32.8
2026-06-02T11:14:00.112,32.8
2026-06-02T11:19:00.075,32.8
2026-06-02T11:24:00.083,32.8
2026-06-02T11:29:00.105,32.5
2026-06-02T11:34:00.079,32.5
2026-06-02T11:39:00.078,32.5
2026-06-02T11:44:00.108,32.2
2026-06-02T11:49:00.074,32.2
2026-06-02T11:54:00.081,31.9
2026-06-02T11:59:00.104,32.2
2026-06-02T12:04:00.073,32.2
2026-06-02T12:09:00.109,32.2
2026-06-02T12:14:00.078,32.2
2026-06-02T12:19:00.075,32.2
2026-06-02T12:24:00.107,31.9
2026-06-02T12:29:00.081,32.2
2026-06-03T02:19:00.073,48.0
2026-06-03T02:24:00.078,47.3
2026-06-03T02:29:00.103,46.4
2026-06-03T02:34:00.074,45.7
2026-06-03T02:39:00.075,45.1
2026-06-03T02:44:00.103,44.4
2026-06-03T02:49:00.080,44.1
2026-06-03T02:54:00.079,43.5
2026-06-03T02:59:00.107,43.1
2026-06-03T03:04:00.074,42.8
2026-06-03T03:09:00.077,42.5
2026-06-03T03:14:00.114,41.9
2026-06-03T03:19:00.080,41.9
2026-06-03T03:24:00.077,41.5
2026-06-03T03:29:00.107,41.2
2026-06-03T03:34:00.084,40.9
2026-06-03T03:39:00.083,40.9
2026-06-03T03:44:00.114,40.2
2026-06-03T03:49:00.077,39.9
2026-06-03T03:54:00.112,39.9
2026-06-03T03:59:00.078,39.6
2026-06-03T04:04:00.083,39.6
2026-06-03T04:09:00.106,39.6
2026-06-03T04:14:00.080,39.6
2026-06-03T04:19:00.085,39.6
2026-06-03T04:24:00.107,39.3
2026-06-03T04:29:00.079,39.3
2026-06-03T04:34:00.085,39.3
2026-06-03T04:39:00.107,39.0
2026-06-03T04:44:00.082,38.6
2026-06-03T04:49:00.076,38.6
2026-06-03T04:54:00.111,38.3
2026-06-03T04:59:00.080,38.3
2026-06-03T05:04:00.075,38.3
2026-06-03T05:09:00.111,38.0
2026-06-03T05:14:00.079,38.0
2026-06-03T05:19:00.114,38.0
2026-06-03T05:24:00.075,38.0
2026-06-03T05:29:00.075,38.0
2026-06-03T05:34:00.112,37.7
2026-06-03T05:39:00.079,37.7
2026-06-03T05:44:00.077,37.7
2026-06-03T05:49:00.114,37.7
2026-06-03T05:54:00.075,37.3
2026-06-03T05:59:00.080,37.3
2026-06-03T06:04:00.109,37.3
2026-06-03T06:09:00.079,37.3
2026-06-03T06:14:00.080,37.3
2026-06-03T06:19:00.105,37.0
2026-06-03T06:24:00.080,37.0
2026-06-03T06:29:00.083,37.0
2026-06-03T06:34:00.113,37.0
2026-06-03T06:39:00.080,37.0
2026-06-03T06:44:00.084,36.7
2026-06-03T06:49:00.113,36.7
2026-06-03T06:54:00.084,36.7
2026-06-03T06:59:00.107,36.7
2026-06-03T07:04:00.074,36.7
2026-06-03T07:09:00.081,36.4
2026-06-03T07:14:00.108,36.4
2026-06-03T07:19:00.080,36.4
2026-06-03T07:24:00.077,36.4
2026-06-03T07:29:00.111,36.0
2026-06-03T07:34:00.075,36.0
2026-06-03T07:39:00.074,36.0
2026-06-03T07:44:00.112,35.7
2026-06-03T07:49:00.079,35.7
2026-06-03T07:54:00.079,35.4
2026-06-03T07:59:00.114,35.4
2026-06-03T08:04:00.084,35.1
2026-06-03T08:09:00.078,34.8
2026-06-03T08:14:00.108,34.8
2026-06-03T08:19:00.078,34.4
2026-06-03T08:24:00.111,34.1
2026-06-03T08:29:00.081,34.1
2026-06-03T08:34:00.083,34.1
2026-06-03T08:39:00.112,33.8
2026-06-03T08:44:00.081,33.8
2026-06-03T08:49:00.079,33.8
2026-06-03T08:54:00.107,33.8
2026-06-03T08:59:00.081,33.5
2026-06-03T09:04:00.079,33.5
2026-06-03T09:09:00.111,33.5
2026-06-03T09:14:00.080,33.5
2026-06-03T09:19:00.083,33.5
2026-06-03T09:24:00.111,33.1
2026-06-03T09:29:00.078,33.1
2026-06-03T09:34:00.079,33.5
2026-06-03T09:39:00.112,33.1
2026-06-03T09:44:00.082,33.1
2026-06-03T09:49:00.083,33.1
2026-06-03T09:54:00.111,33.1
2026-06-03T09:59:00.077,33.1
2026-06-03T10:04:00.107,32.8
2026-06-03T10:09:00.075,32.8
2026-06-03T10:14:00.079,32.8
2026-06-03T10:19:00.114,32.8
2026-06-03T10:24:00.081,32.8
2026-06-03T10:29:00.080,32.8
2026-06-03T10:34:00.108,32.8
2026-06-03T10:39:00.076,32.8
2026-06-03T10:44:00.077,32.8
2026-06-03T10:49:00.105,32.8
2026-06-03T10:54:00.082,32.8
2026-06-03T10:59:00.077,32.8
2026-06-03T11:04:00.105,32.8
2026-06-03T11:09:00.077,32.8
2026-06-03T11:14:00.082,32.5
2026-06-03T11:19:00.112,32.5
2026-06-03T11:24:00.084,32.5
2026-06-03T11:29:00.114,32.5
2026-06-03T11:34:00.078,32.5
2026-06-03T11:39:00.083,32.5
2026-06-03T11:44:00.109,32.5
2026-06-03T11:49:00.078,32.5
2026-06-03T11:54:00.079,32.5
2026-06-03T11:59:00.104,32.5
2026-06-03T12:04:00.074,32.5
2026-06-03T12:09:00.074,32.5
2026-06-03T12:14:00.102,32.5
2026-06-03T12:19:00.079,32.8
2026-06-03T12:24:00.078,32.2
2026-06-03T12:29:00.110,32.2
2026-06-04T02:09:00.078,50.9
2026-06-04T02:14:00.102,49.9
2026-06-04T02:19:00.073,48.9
2026-06-04T02:24:00.106,48.0
2026-06-04T02:29:00.081,47.3
2026-06-04T02:34:00.073,46.7
2026-06-04T02:39:00.102,46.4
2026-06-04T02:44:00.077,45.7
2026-06-04T02:49:00.073,45.4
2026-06-04T02:54:00.110,45.4
2026-06-04T02:59:00.078,45.1
2026-06-04T03:04:00.083,44.4
2026-06-04T03:09:00.112,43.5
2026-06-04T03:14:00.081,42.8
2026-06-04T03:19:00.076,42.2
2026-06-04T03:24:00.112,41.5
2026-06-04T03:29:00.077,41.2
2026-06-04T03:34:00.083,40.9
2026-06-04T03:39:00.113,40.9
2026-06-04T03:44:00.076,40.6
2026-06-04T03:49:00.074,40.6
2026-06-04T03:54:00.114,40.2
2026-06-04T03:59:00.078,40.2
2026-06-04T04:04:00.108,40.2
2026-06-04T04:09:00.079,39.9
2026-06-04T04:14:00.076,39.9
2026-06-04T04:19:00.114,39.9
2026-06-04T04:24:00.084,39.9
2026-06-04T04:29:00.082,39.9
2026-06-04T04:34:00.107,39.9
2026-06-04T04:39:00.080,39.9
2026-06-04T04:44:00.076,39.9
2026-06-04T04:49:00.113,39.9
2026-06-04T04:54:00.076,39.9
2026-06-04T04:59:00.081,39.9
2026-06-04T05:04:00.113,39.9
2026-06-04T05:09:00.076,39.9
2026-06-04T05:14:00.077,39.6
2026-06-04T05:19:00.110,39.6
2026-06-04T05:24:00.076,39.6
2026-06-04T05:29:00.109,39.3
2026-06-04T05:34:00.074,39.3
2026-06-04T05:39:00.077,39.3
2026-06-04T05:44:00.108,39.3
2026-06-04T05:49:00.082,39.3
2026-06-04T05:54:00.080,39.3
2026-06-04T05:59:00.111,39.3
2026-06-04T06:04:00.083,39.0
2026-06-04T06:09:00.084,39.0
2026-06-04T06:14:00.113,39.0
2026-06-04T06:19:00.083,39.0
2026-06-04T06:24:00.076,39.0
2026-06-04T06:29:00.112,38.6
2026-06-04T06:34:00.084,38.6
2026-06-04T06:39:00.079,38.6
2026-06-04T06:44:00.112,38.3
2026-06-04T06:49:00.075,38.3
2026-06-04T06:54:00.081,38.0
2026-06-04T06:59:00.110,38.0
2026-06-04T07:04:00.074,38.0
2026-06-04T07:09:00.106,38.0
2026-06-04T07:14:00.076,38.0
2026-06-04T07:19:00.078,38.0
2026-06-04T07:24:00.111,38.0
2026-06-04T07:29:00.080,38.0
2026-06-04T07:34:00.084,37.7
2026-06-04T07:39:00.105,37.7
2026-06-04T07:44:00.076,37.7
2026-06-04T07:49:00.084,37.7
2026-06-04T07:54:00.110,37.7
2026-06-04T07:59:00.075,37.3
2026-06-04T08:04:00.075,37.3
2026-06-04T08:09:00.105,37.3
2026-06-04T08:14:00.078,37.3
2026-06-04T08:19:00.076,37.3
2026-06-04T08:24:00.112,37.3
2026-06-04T08:29:00.083,37.3
2026-06-04T08:34:00.108,37.3
2026-06-04T08:39:00.082,37.3
2026-06-04T08:44:00.076,37.0
2026-06-04T08:49:00.106,37.0
2026-06-04T08:54:00.079,36.7
2026-06-04T08:59:00.082,36.7
2026-06-04T09:04:00.114,36.4
2026-06-04T09:09:00.076,36.4
2026-06-04T09:14:00.075,36.7
2026-06-04T09:19:00.110,36.7
2026-06-04T09:24:00.084,36.4
2026-06-04T09:29:00.080,36.4
2026-06-04T09:34:00.113,36.4
2026-06-04T09:39:00.079,36.4
2026-06-04T09:44:00.076,36.0
2026-06-04T09:49:00.113,36.0
2026-06-04T09:54:00.076,36.0
2026-06-04T09:59:00.113,36.0
2026-06-04T10:04:00.081,36.0
2026-06-04T10:09:00.075,35.7
2026-06-04T10:14:00.114,35.7
2026-06-04T10:19:00.075,35.7
2026-06-04T10:24:00.078,35.7
2026-06-04T10:29:00.105,35.7
2026-06-04T10:34:00.083,35.7
2026-06-04T10:39:00.075,35.7
2026-06-04T10:44:00.108,36.0
2026-06-04T10:49:00.077,36.0
2026-06-04T10:54:00.084,36.0
2026-06-04T10:59:00.105,36.0
2026-06-04T11:04:00.083,36.0
2026-06-04T11:09:00.081,36.4
2026-06-04T11:14:00.107,36.4
2026-06-04T11:19:00.080,36.0
2026-06-04T11:24:00.082,36.0
2026-06-04T11:29:00.113,35.7
2026-06-04T11:34:00.078,35.7
2026-06-04T11:39:00.110,35.4
2026-06-04T11:44:00.073,35.4
2026-06-04T11:49:00.076,35.1
2026-06-04T11:54:00.107,34.8
2026-06-04T11:59:00.080,34.4
2026-06-04T12:04:00.079,34.4
2026-06-04T12:09:00.106,34.1
2026-06-04T12:14:00.073,34.1
2026-06-04T12:19:00.078,34.1
2026-06-04T12:24:00.110,34.1
2026-06-04T12:29:00.072,33.8
2026-06-05T02:14:00.102,46.4
2026-06-05T02:19:00.080,46.4
2026-06-05T02:24:00.075,46.0
2026-06-05T02:29:00.105,46.0
2026-06-05T02:34:00.080,46.0
2026-06-05T02:39:00.075,45.7
2026-06-05T02:44:00.111,45.4
2026-06-05T02:49:00.077,45.1
2026-06-05T02:54:00.078,45.1
2026-06-05T02:59:00.105,45.1
2026-06-05T03:04:00.076,44.8
2026-06-05T03:09:00.078,44.8
2026-06-05T03:14:00.113,44.8
2026-06-05T03:19:00.079,44.4
2026-06-05T03:24:00.107,44.4
2026-06-05T03:29:00.083,44.4
2026-06-05T03:34:00.082,44.1
2026-06-05T03:39:00.112,44.1
2026-06-05T03:44:00.078,44.1
2026-06-05T03:49:00.077,43.8
2026-06-05T03:54:00.114,43.8
2026-06-05T03:59:00.081,43.8
2026-06-05T04:04:00.081,43.5
2026-06-05T04:09:00.112,43.1
2026-06-05T04:14:00.083,43.1
2026-06-05T04:19:00.082,42.8
2026-06-05T04:24:00.108,42.5
2026-06-05T04:29:00.079,42.5
2026-06-05T04:34:00.084,42.2
2026-06-05T04:39:00.110,41.9
2026-06-05T04:44:00.083,41.9
2026-06-05T04:49:00.106,41.5
2026-06-05T04:54:00.083,41.5
2026-06-05T04:59:00.083,41.5
2026-06-05T05:04:00.113,41.2
2026-06-05T05:09:00.078,41.2
2026-06-05T05:14:00.083,40.9
2026-06-05T05:19:00.108,40.9
2026-06-05T05:24:00.082,40.9
2026-06-05T05:29:00.080,40.6
2026-06-05T05:34:00.104,40.6
2026-06-05T05:39:00.080,40.2
2026-06-05T05:44:00.082,39.9
2026-06-05T05:49:00.105,39.9
2026-06-05T05:54:00.079,39.6
2026-06-05T05:59:00.080,39.3
2026-06-05T06:04:00.106,39.0
2026-06-05T06:09:00.083,39.0
2026-06-05T06:14:00.081,38.6
2026-06-05T06:19:00.106,38.6
2026-06-05T06:24:00.081,38.3
2026-06-05T06:29:00.106,38.3
2026-06-05T06:34:00.081,38.0
2026-06-05T06:39:00.076,38.0
2026-06-05T06:44:00.106,38.0
2026-06-05T06:49:00.084,38.0
2026-06-05T06:54:00.076,37.7
2026-06-05T06:59:00.112,37.7
2026-06-05T07:04:00.085,37.7
2026-06-05T07:09:00.082,37.7
2026-06-05T07:14:00.105,37.7
2026-06-05T07:19:00.083,37.7
2026-06-05T07:24:00.079,37.7
2026-06-05T07:29:00.115,37.7
2026-06-05T07:34:00.080,37.3
2026-06-05T07:39:00.083,37.3
2026-06-05T07:44:00.113,37.3
2026-06-05T07:49:00.077,37.3
2026-06-05T07:54:00.108,37.0
2026-06-05T07:59:00.077,37.0
2026-06-05T08:04:00.084,36.7
2026-06-05T08:09:00.109,36.7
2026-06-05T08:14:00.079,36.7
2026-06-05T08:19:00.083,36.7
2026-06-05T08:24:00.110,36.7
2026-06-05T08:29:00.083,36.4
2026-06-05T08:34:00.080,36.4
2026-06-05T08:39:00.107,36.4
2026-06-05T08:44:00.076,36.4
2026-06-05T08:49:00.084,36.0
2026-06-05T08:54:00.114,36.0
2026-06-05T08:59:00.077,36.0
2026-06-05T09:04:00.080,35.7
2026-06-05T09:09:00.109,35.7
2026-06-05T09:14:00.078,35.7
2026-06-05T09:19:00.076,35.4
2026-06-05T09:24:00.111,35.4
2026-06-05T09:29:00.082,35.4
2026-06-05T09:34:00.110,35.1
2026-06-05T09:39:00.077,35.1
2026-06-05T09:44:00.077,35.1
2026-06-05T09:49:00.106,35.1
2026-06-05T09:54:00.077,35.1
2026-06-05T09:59:00.081,35.1
2026-06-05T10:04:00.110,35.1
2026-06-05T10:09:00.082,35.1
2026-06-05T10:14:00.079,35.1
2026-06-05T10:19:00.113,35.1
2026-06-05T10:24:00.080,35.1
2026-06-05T10:29:00.084,35.1
2026-06-05T10:34:00.107,35.1
2026-06-05T10:39:00.084,35.1
2026-06-05T10:44:00.079,34.8
2026-06-05T10:49:00.108,35.1
2026-06-05T10:54:00.085,34.8
2026-06-05T10:59:00.106,35.1
2026-06-05T11:04:00.080,34.8
2026-06-05T11:09:00.076,34.8
2026-06-05T11:14:00.111,34.8
2026-06-05T11:19:00.075,34.8
2026-06-05T11:24:00.080,34.8
2026-06-05T11:29:00.108,34.8
2026-06-05T11:34:00.076,34.4
2026-06-05T11:39:00.084,34.4
2026-06-05T11:44:00.106,34.1
2026-06-05T11:49:00.071,34.1
2026-06-05T11:54:00.079,34.1
2026-06-05T11:59:00.112,34.1
2026-06-05T12:04:00.078,34.1
2026-06-05T12:09:00.071,33.8
2026-06-05T12:14:00.101,33.8
2026-06-05T12:19:00.075,34.1
2026-06-05T12:24:00.078,33.8
2026-06-06T02:19:00.109,48.3
2026-06-06T02:24:00.073,47.7
2026-06-06T02:29:00.075,47.0
2026-06-06T02:34:00.102,46.4
2026-06-06T02:39:00.074,45.7
2026-06-06T02:44:00.103,45.1
2026-06-06T02:49:00.080,44.8
2026-06-06T02:54:00.072,44.1
2026-06-06T02:59:00.109,43.8
2026-06-06T03:04:00.077,43.5
2026-06-06T03:09:00.076,43.1
2026-06-06T03:14:00.107,42.8
2026-06-06T03:19:00.084,42.8
2026-06-06T03:24:00.083,42.5
2026-06-06T03:29:00.107,42.5
2026-06-06T03:34:00.083,42.2
2026-06-06T03:39:00.081,41.9
2026-06-06T03:44:00.114,41.5
2026-06-06T03:49:00.079,41.2
2026-06-06T03:54:00.085,41.2
2026-06-06T03:59:00.111,40.9
2026-06-06T04:04:00.080,40.6
2026-06-06T04:09:00.112,40.2
2026-06-06T04:14:00.079,40.2
2026-06-06T04:19:00.074,39.9
2026-06-06T04:24:00.108,39.6
2026-06-06T04:29:00.081,39.6
2026-06-06T04:34:00.081,39.3
2026-06-06T04:39:00.107,39.3
2026-06-06T04:44:00.082,39.3
2026-06-06T04:49:00.084,39.3
2026-06-06T04:54:00.107,39.3
2026-06-06T04:59:00.084,39.3
2026-06-06T05:04:00.079,39.3
2026-06-06T05:09:00.113,39.3
2026-06-06T05:14:00.075,39.3
2026-06-06T05:19:00.078,39.3
2026-06-06T05:24:00.104,39.3
2026-06-06T05:29:00.076,39.3
2026-06-06T05:34:00.075,39.3
2026-06-06T05:39:00.109,39.0
2026-06-06T05:44:00.080,39.0
2026-06-06T05:49:00.106,39.0
2026-06-06T05:54:00.075,39.0
2026-06-06T05:59:00.075,39.0
2026-06-06T06:04:00.107,39.0
2026-06-06T06:09:00.080,38.6
2026-06-06T06:14:00.080,38.6
2026-06-06T06:19:00.111,38.6
2026-06-06T06:24:00.084,38.6
2026-06-06T06:29:00.081,38.3
2026-06-06T06:34:00.110,38.3
2026-06-06T06:39:00.083,38.0
2026-06-06T06:44:00.077,38.0
2026-06-06T06:49:00.105,38.0
2026-06-06T06:54:00.076,38.0
2026-06-06T06:59:00.084,38.0
2026-06-06T07:04:00.108,38.0
2026-06-06T07:09:00.084,37.7
2026-06-06T07:14:00.112,37.7
2026-06-06T07:19:00.084,37.7
2026-06-06T07:24:00.077,37.7
2026-06-06T07:29:00.108,37.7
2026-06-06T07:34:00.079,37.3
2026-06-06T07:39:00.076,37.3
2026-06-06T07:44:00.111,37.3
2026-06-06T07:49:00.076,37.3
2026-06-06T07:54:00.079,37.3
2026-06-06T07:59:00.107,37.0
2026-06-06T08:04:00.080,37.0
2026-06-06T08:09:00.075,37.0
2026-06-06T08:14:00.110,37.0
2026-06-06T08:19:00.079,37.0
2026-06-06T08:24:00.080,37.0
2026-06-06T08:29:00.114,36.7
2026-06-06T08:34:00.083,36.7
2026-06-06T08:39:00.078,36.4
2026-06-06T08:44:00.109,36.4
2026-06-06T08:49:00.080,36.4
2026-06-06T08:54:00.105,36.0
2026-06-06T08:59:00.077,36.0
2026-06-06T09:04:00.082,35.7
2026-06-06T09:09:00.109,35.7
2026-06-06T09:14:00.077,35.4
2026-06-06T09:19:00.077,35.4
2026-06-06T09:24:00.110,35.4
2026-06-06T09:29:00.077,35.1
2026-06-06T09:34:00.076,35.1
2026-06-06T09:39:00.115,35.1
2026-06-06T09:44:00.074,35.1
2026-06-06T09:49:00.077,35.1
2026-06-06T09:54:00.109,35.1
2026-06-06T09:59:00.080,35.1
2026-06-06T10:04:00.078,34.8
2026-06-06T10:09:00.112,34.8
2026-06-06T10:14:00.081,34.4
2026-06-06T10:19:00.106,34.4
2026-06-06T10:24:00.084,34.4
2026-06-06T10:29:00.075,34.4
2026-06-06T10:34:00.112,34.1
2026-06-06T10:39:00.081,34.4
2026-06-06T10:44:00.076,34.1
2026-06-06T10:49:00.111,34.1
2026-06-06T10:54:00.076,34.4
2026-06-06T10:59:00.082,34.4
2026-06-06T11:04:00.112,34.4
2026-06-06T11:09:00.074,34.4
2026-06-06T11:14:00.079,34.1
2026-06-06T11:19:00.108,34.1
2026-06-06T11:24:00.082,34.1
2026-06-06T11:29:00.078,33.8
2026-06-06T11:34:00.109,33.8
2026-06-06T11:39:00.079,33.8
2026-06-06T11:44:00.081,33.5
2026-06-06T11:49:00.106,33.8
2026-06-06T11:54:00.082,33.8
2026-06-06T11:59:00.105,33.5
2026-06-06T12:04:00.072,33.5
2026-06-06T12:09:00.079,33.5
2026-06-06T12:14:00.112,33.1
2026-06-06T12:19:00.072,33.1
2026-06-06T12:24:00.079,33.1
2026-06-07T02:24:00.074,47.0
2026-06-07T02:29:00.105,46.4
2026-06-07T02:34:00.079,45.7
2026-06-07T02:39:00.079,45.4
2026-06-07T02:44:00.107,45.1
2026-06-07T02:49:00.076,44.4
2026-06-07T02:54:00.106,44.4
2026-06-07T02:59:00.078,43.8
2026-06-07T03:04:00.081,43.8
2026-06-07T03:09:00.112,43.5
2026-06-07T03:14:00.084,43.5
2026-06-07T03:19:00.078,43.1
2026-06-07T03:24:00.114,43.1
2026-06-07T03:29:00.077,42.8
2026-06-07T03:34:00.082,42.5
2026-06-07T03:39:00.106,42.5
2026-06-07T03:44:00.083,42.2
2026-06-07T03:49:00.075,42.2
2026-06-07T03:54:00.107,41.9
2026-06-07T03:59:00.076,41.9
2026-06-07T04:04:00.080,41.5
2026-06-07T04:09:00.111,41.2
2026-06-07T04:14:00.079,41.2
2026-06-07T04:19:00.079,40.9
2026-06-07T04:24:00.112,40.6
2026-06-07T04:29:00.083,40.6
2026-06-07T04:34:00.106,40.6
2026-06-07T04:39:00.081,40.6
2026-06-07T04:44:00.084,40.6
2026-06-07T04:49:00.112,40.2
2026-06-07T04:54:00.084,40.2
2026-06-07T04:59:00.084,40.2
2026-06-07T05:04:00.110,39.9
2026-06-07T05:09:00.084,39.9
2026-06-07T05:14:00.080,39.9
2026-06-07T05:19:00.111,39.9
2026-06-07T05:24:00.084,39.9
2026-06-07T05:29:00.080,39.9
2026-06-07T05:34:00.104,39.6
2026-06-07T05:39:00.080,39.6
2026-06-07T05:44:00.080,39.6
2026-06-07T05:49:00.114,39.6
2026-06-07T05:54:00.076,39.6
2026-06-07T05:59:00.108,39.6
2026-06-07T06:04:00.083,39.6
2026-06-07T06:09:00.083,39.6
2026-06-07T06:14:00.112,39.3
2026-06-07T06:19:00.080,39.3
2026-06-07T06:24:00.079,39.3
2026-06-07T06:29:00.110,39.3
2026-06-07T06:34:00.082,39.3
2026-06-07T06:39:00.084,39.3
2026-06-07T06:44:00.109,39.3
2026-06-07T06:49:00.078,39.3
2026-06-07T06:54:00.083,39.3
2026-06-07T06:59:00.105,39.3
2026-06-07T07:04:00.082,39.0
2026-06-07T07:09:00.082,39.0
2026-06-07T07:14:00.108,39.0
2026-06-07T07:19:00.082,38.6
2026-06-07T07:24:00.112,38.6
2026-06-07T07:29:00.081,38.6
2026-06-07T07:34:00.084,38.6
2026-06-07T07:39:00.113,38.6
2026-06-07T07:44:00.079,38.3
2026-06-07T07:49:00.076,38.3
2026-06-07T07:54:00.114,38.3
2026-06-07T07:59:00.084,38.3
2026-06-07T08:04:00.077,38.3
2026-06-07T08:09:00.114,38.0
2026-06-07T08:14:00.076,38.0
2026-06-07T08:19:00.082,38.0
2026-06-07T08:24:00.106,38.0
2026-06-07T08:29:00.076,38.0
2026-06-07T08:34:00.074,37.7
2026-06-07T08:39:00.110,37.7
2026-06-07T08:44:00.083,37.7
2026-06-07T08:49:00.076,37.7
2026-06-07T08:54:00.110,37.3
2026-06-07T08:59:00.079,37.3
2026-06-07T09:04:00.109,37.3
2026-06-07T09:09:00.080,37.0
2026-06-07T09:14:00.083,37.0
2026-06-07T09:19:00.108,37.0
2026-06-07T09:24:00.085,37.0
2026-06-07T09:29:00.082,36.7
2026-06-07T09:34:00.113,36.7
2026-06-07T09:39:00.079,36.7
2026-06-07T09:44:00.081,36.4
2026-06-07T09:49:00.109,36.4
2026-06-07T09:54:00.075,36.4
2026-06-07T09:59:00.075,36.4
2026-06-07T10:04:00.108,36.0
2026-06-07T10:09:00.077,36.0
2026-06-07T10:14:00.083,35.7
2026-06-07T10:19:00.113,35.7
2026-06-07T10:24:00.076,35.7
2026-06-07T10:29:00.111,35.7
2026-06-07T10:34:00.080,35.7
2026-06-07T10:39:00.079,35.7
2026-06-07T10:44:00.108,35.7
2026-06-07T10:49:00.081,35.7
2026-06-07T10:54:00.078,36.0
2026-06-07T10:59:00.106,36.0
2026-06-07T11:04:00.076,36.0
2026-06-07T11:09:00.082,36.0
2026-06-07T11:14:00.104,36.0
2026-06-07T11:19:00.082,36.0
2026-06-07T11:24:00.078,36.4
2026-06-07T11:29:00.109,36.4
2026-06-07T11:34:00.082,36.4
2026-06-07T11:39:00.083,36.4
2026-06-07T11:44:00.105,36.4
2026-06-07T11:49:00.080,36.4
2026-06-07T11:54:00.077,36.4
2026-06-07T11:59:00.109,36.4
2026-06-07T12:04:00.072,36.4
2026-06-07T12:09:00.111,36.4
2026-06-07T12:14:00.078,36.4
2026-06-07T12:19:00.078,36.4
2026-06-07T12:24:00.108,36.4
2026-06-07T12:29:00.078,36.4
2026-06-07T12:34:00.078,36.4
2026-06-08T02:19:00.079,46.0
2026-06-08T02:24:00.103,45.4
2026-06-08T02:29:00.072,45.1
2026-06-08T02:34:00.079,44.4
2026-06-08T02:39:00.103,44.1
2026-06-08T02:44:00.080,43.8
2026-06-08T02:49:00.080,43.1
2026-06-08T02:54:00.104,43.1
2026-06-08T02:59:00.080,42.8
2026-06-08T03:04:00.106,42.8
2026-06-08T03:09:00.076,42.5
2026-06-08T03:14:00.078,42.2
2026-06-08T03:19:00.106,42.2
2026-06-08T03:24:00.080,41.9
2026-06-08T03:29:00.078,41.9
2026-06-08T03:34:00.109,41.5
2026-06-08T03:39:00.078,41.5
2026-06-08T03:44:00.077,41.2
2026-06-08T03:49:00.110,41.2
2026-06-08T03:54:00.080,40.9
2026-06-08T03:59:00.079,40.9
2026-06-08T04:04:00.106,40.9
2026-06-08T04:09:00.077,40.9
2026-06-08T04:14:00.084,40.6
2026-06-08T04:19:00.109,40.6
2026-06-08T04:24:00.078,40.6
2026-06-08T04:29:00.075,40.2
2026-06-08T04:34:00.106,40.2
2026-06-08T04:39:00.081,40.2
2026-06-08T04:44:00.107,39.9
2026-06-08T04:49:00.081,39.6
2026-06-08T04:54:00.076,39.6
2026-06-08T04:59:00.114,39.3
2026-06-08T05:04:00.078,39.0
2026-06-08T05:09:00.083,38.6
2026-06-08T05:14:00.107,38.6
2026-06-08T05:19:00.076,38.3
2026-06-08T05:24:00.083,38.3
2026-06-08T05:29:00.114,38.0
2026-06-08T05:34:00.078,38.0
2026-06-08T05:39:00.082,38.0
2026-06-08T05:44:00.111,37.7
2026-06-08T05:49:00.077,37.7
2026-06-08T05:54:00.084,37.7
2026-06-08T05:59:00.110,37.3
2026-06-08T06:04:00.079,37.3
2026-06-08T06:09:00.106,37.0
2026-06-08T06:14:00.076,37.0
2026-06-08T06:19:00.080,37.0
2026-06-08T06:24:00.107,37.0
2026-06-08T06:29:00.076,36.7
2026-06-08T06:34:00.081,36.7
2026-06-08T06:39:00.111,36.4
2026-06-08T06:44:00.085,36.0
2026-06-08T06:49:00.078,35.7
2026-06-08T06:54:00.108,35.4
2026-06-08T06:59:00.076,35.4
2026-06-08T07:04:00.079,35.1
2026-06-08T07:09:00.113,35.1
2026-06-08T07:14:00.077,35.1
2026-06-08T07:19:00.079,35.1
2026-06-08T07:24:00.107,34.8
2026-06-08T07:29:00.080,34.8
2026-06-08T07:34:00.081,34.8
2026-06-08T07:39:00.110,34.4
2026-06-08T07:44:00.079,34.4
2026-06-08T07:49:00.113,34.4
2026-06-08T07:54:00.081,34.4
2026-06-08T07:59:00.080,34.4
2026-06-08T08:04:00.106,34.4
2026-06-08T08:09:00.081,34.1
2026-06-08T08:14:00.082,34.1
2026-06-08T08:19:00.112,34.1
2026-06-08T08:24:00.082,34.1
2026-06-08T08:29:00.076,34.1
2026-06-08T08:34:00.106,34.1
2026-06-08T08:39:00.078,34.1
2026-06-08T08:44:00.081,34.1
2026-06-08T08:49:00.114,33.8
2026-06-08T08:54:00.082,33.8
2026-06-08T08:59:00.078,34.1
2026-06-08T09:04:00.107,33.8
2026-06-08T09:09:00.082,33.8
2026-06-08T09:14:00.107,33.8
2026-06-08T09:19:00.077,33.8
2026-06-08T09:24:00.081,34.1
2026-06-08T09:29:00.109,34.1
2026-06-08T09:34:00.082,34.4
2026-06-08T09:39:00.078,34.4
2026-06-08T09:44:00.107,34.8
2026-06-08T09:49:00.081,34.8
2026-06-08T09:54:00.074,34.8
2026-06-08T09:59:00.114,34.8
2026-06-08T10:04:00.076,34.8
2026-06-08T10:09:00.079,34.8
2026-06-08T10:14:00.111,34.8
2026-06-08T10:19:00.075,34.4
2026-06-08T10:24:00.079,34.4
2026-06-08T10:29:00.109,34.1
2026-06-08T10:34:00.077,34.1
2026-06-08T10:39:00.076,34.1
2026-06-08T10:44:00.111,34.1
2026-06-08T10:49:00.076,34.1
2026-06-08T10:54:00.108,33.8
2026-06-08T10:59:00.084,33.8
2026-06-08T11:04:00.077,33.8
2026-06-08T11:09:00.107,33.8
2026-06-08T11:14:00.082,33.8
2026-06-08T11:19:00.078,33.5
2026-06-08T11:24:00.105,33.5
2026-06-08T11:29:00.077,33.5
2026-06-08T11:34:00.076,33.5
2026-06-08T11:39:00.110,33.1
2026-06-08T11:44:00.075,33.1
2026-06-08T11:49:00.080,33.1
2026-06-08T11:54:00.106,33.1
2026-06-08T11:59:00.073,33.1
2026-06-08T12:04:00.078,33.1
2026-06-08T12:09:00.109,33.1
2026-06-08T12:14:00.078,33.1
2026-06-08T12:19:00.105,32.8
2026-06-08T12:24:00.078,33.1
2026-06-09T02:19:00.073,47.0
2026-06-09T02:24:00.072,46.7
2026-06-09T02:29:00.109,46.4
2026-06-09T02:34:00.075,45.7
2026-06-09T02:39:00.106,45.4
2026-06-09T02:44:00.078,44.8
2026-06-09T02:49:00.078,44.4
2026-06-09T02:54:00.102,44.1
2026-06-09T02:59:00.080,43.8
2026-06-09T03:04:00.082,43.5
2026-06-09T03:09:00.113,43.1
2026-06-09T03:14:00.076,42.8
2026-06-09T03:19:00.075,42.8
2026-06-09T03:24:00.111,42.5
2026-06-09T03:29:00.078,42.2
2026-06-09T03:34:00.078,42.2
2026-06-09T03:39:00.104,41.9
2026-06-09T03:44:00.077,41.9
2026-06-09T03:49:00.080,41.9
2026-06-09T03:54:00.108,41.5
2026-06-09T03:59:00.083,41.2
2026-06-09T04:04:00.107,41.2
2026-06-09T04:09:00.077,41.2
2026-06-09T04:14:00.078,41.2
2026-06-09T04:19:00.113,41.2
2026-06-09T04:24:00.080,41.2
2026-06-09T04:29:00.081,40.9
2026-06-09T04:34:00.112,40.9
2026-06-09T04:39:00.080,40.9
2026-06-09T04:44:00.078,40.6
2026-06-09T04:49:00.111,40.6
2026-06-09T04:54:00.079,40.6
2026-06-09T04:59:00.083,40.2
2026-06-09T05:04:00.104,40.2
2026-06-09T05:09:00.076,40.2
2026-06-09T05:14:00.084,40.2
2026-06-09T05:19:00.105,40.2
2026-06-09T05:24:00.081,40.2
2026-06-09T05:29:00.114,39.9
2026-06-09T05:34:00.079,39.9
2026-06-09T05:39:00.083,39.9
2026-06-09T05:44:00.108,39.9
2026-06-09T05:49:00.080,39.9
2026-06-09T05:54:00.080,39.9
2026-06-09T05:59:00.108,39.9
2026-06-09T06:04:00.084,39.6
2026-06-09T06:09:00.076,39.9
2026-06-09T06:14:00.111,39.9
2026-06-09T06:19:00.080,39.9
2026-06-09T06:24:00.084,39.6
2026-06-09T06:29:00.114,39.6
2026-06-09T06:34:00.081,39.6
2026-06-09T06:39:00.077,39.6
2026-06-09T06:44:00.113,39.3
2026-06-09T06:49:00.081,39.3
2026-06-09T06:54:00.078,39.3
2026-06-09T06:59:00.113,39.0
2026-06-09T07:04:00.075,39.0
2026-06-09T07:09:00.110,39.0
2026-06-09T07:14:00.079,39.0
2026-06-09T07:19:00.084,38.6
2026-06-09T07:24:00.110,38.6
2026-06-09T07:29:00.080,38.3
2026-06-09T07:34:00.078,38.0
2026-06-09T07:39:00.109,37.7
2026-06-09T07:44:00.081,37.7
2026-06-09T07:49:00.075,37.3
2026-06-09T07:54:00.105,37.3
2026-06-09T07:59:00.076,37.3
2026-06-09T08:04:00.076,37.0
2026-06-09T08:09:00.109,37.0
2026-06-09T08:14:00.082,37.0
2026-06-09T08:19:00.080,37.0
2026-06-09T08:24:00.109,37.0
2026-06-09T08:29:00.076,37.0
2026-06-09T08:34:00.107,37.0
2026-06-09T08:39:00.078,37.0
2026-06-09T08:44:00.077,37.0
2026-06-09T08:49:00.107,37.0
2026-06-09T08:54:00.079,37.0
2026-06-09T08:59:00.079,37.0
2026-06-09T09:04:00.110,37.0
2026-06-09T09:09:00.082,36.7
2026-06-09T09:14:00.082,36.4
2026-06-09T09:19:00.108,36.0
2026-06-09T09:24:00.083,36.0
2026-06-09T09:29:00.078,35.7
2026-06-09T09:34:00.107,35.4
2026-06-09T09:39:00.080,35.4
2026-06-09T09:44:00.079,35.1
2026-06-09T09:49:00.114,35.1
2026-06-09T09:54:00.080,35.1
2026-06-09T09:59:00.080,35.1
2026-06-09T10:04:00.110,35.1
2026-06-09T10:09:00.081,34.8
2026-06-09T10:14:00.109,34.8
2026-06-09T10:19:00.082,34.8
2026-06-09T10:24:00.082,34.8
2026-06-09T10:29:00.111,34.8
2026-06-09T10:34:00.084,34.8
2026-06-09T10:39:00.075,34.4
2026-06-09T10:44:00.107,34.4
2026-06-09T10:49:00.084,34.4
2026-06-09T10:54:00.084,34.4
2026-06-09T10:59:00.112,34.4
2026-06-09T11:04:00.076,34.4
2026-06-09T11:09:00.081,34.4
2026-06-09T11:14:00.111,34.4
2026-06-09T11:19:00.076,34.4
2026-06-09T11:24:00.084,34.4
2026-06-09T11:29:00.107,34.4
2026-06-09T11:34:00.078,34.8
2026-06-09T11:39:00.114,34.8
2026-06-09T11:44:00.071,34.8
2026-06-09T11:49:00.073,34.8
2026-06-09T11:54:00.111,34.8
2026-06-09T11:59:00.077,34.8
2026-06-09T12:04:00.072,34.8
2026-06-09T12:09:00.109,34.8
2026-06-09T12:14:00.075,34.8
2026-06-09T12:19:00.080,34.8
2026-06-09T12:24:00.108,34.4
2026-06-09T12:29:00.078,34.8
2026-06-10T02:19:00.075,49.6
2026-06-10T02:24:00.081,48.9
2026-06-10T02:29:00.102,48.3
2026-06-10T02:34:00.076,47.7
2026-06-10T02:39:00.079,47.0
2026-06-10T02:44:00.111,46.7
2026-06-10T02:49:00.079,46.0
2026-06-10T02:54:00.080,45.7
2026-06-10T02:59:00.107,45.4
2026-06-10T03:04:00.081,45.1
2026-06-10T03:09:00.076,44.4
2026-06-10T03:14:00.110,44.4
2026-06-10T03:19:00.078,44.1
2026-06-10T03:24:00.107,43.8
2026-06-10T03:29:00.081,43.5
2026-06-10T03:34:00.085,43.5
2026-06-10T03:39:00.115,43.1
2026-06-10T03:44:00.080,42.8
2026-06-10T03:49:00.075,42.5
2026-06-10T03:54:00.107,42.5
2026-06-10T03:59:00.079,42.2
2026-06-10T04:04:00.077,42.2
2026-06-10T04:09:00.113,41.9
2026-06-10T04:14:00.081,41.9
2026-06-10T04:19:00.080,41.9
2026-06-10T04:24:00.113,41.5
2026-06-10T04:29:00.078,41.5
2026-06-10T04:34:00.076,41.5
2026-06-10T04:39:00.104,41.5
2026-06-10T04:44:00.079,41.2
2026-06-10T04:49:00.113,41.2
2026-06-10T04:54:00.076,40.9
2026-06-10T04:59:00.084,40.6
2026-06-10T05:04:00.113,40.2
2026-06-10T05:09:00.076,40.2
2026-06-10T05:14:00.075,40.2
2026-06-10T05:19:00.109,39.9
2026-06-10T05:24:00.077,39.9
2026-06-10T05:29:00.084,39.9
2026-06-10T05:34:00.105,39.9
2026-06-10T05:39:00.080,39.9
2026-06-10T05:44:00.084,39.9
2026-06-10T05:49:00.109,39.9
2026-06-10T05:54:00.074,39.9
2026-06-10T05:59:00.078,39.6
2026-06-10T06:04:00.114,39.6
2026-06-10T06:09:00.078,39.3
2026-06-10T06:14:00.081,39.0
2026-06-10T06:19:00.112,38.6
2026-06-10T06:24:00.081,38.6
2026-06-10T06:29:00.110,38.3
2026-06-10T06:34:00.084,38.3
2026-06-10T06:39:00.078,38.3
2026-06-10T06:44:00.108,38.0
2026-06-10T06:49:00.084,38.0
2026-06-10T06:54:00.077,38.0
2026-06-10T06:59:00.112,38.0
2026-06-10T07:04:00.075,37.7
2026-06-10T07:09:00.083,37.7
2026-06-10T07:14:00.113,37.7
2026-06-10T07:19:00.082,37.3
2026-06-10T07:24:00.080,37.3
2026-06-10T07:29:00.110,37.3
2026-06-10T07:34:00.085,37.3
2026-06-10T07:39:00.078,37.3
2026-06-10T07:44:00.105,37.3
2026-06-10T07:49:00.083,37.3
2026-06-10T07:54:00.113,37.3
2026-06-10T07:59:00.082,37.0
2026-06-10T08:04:00.084,37.0
2026-06-10T08:09:00.105,37.0
2026-06-10T08:14:00.084,36.7
2026-06-10T08:19:00.075,36.7
2026-06-10T08:24:00.111,36.7
2026-06-10T08:29:00.075,36.7
2026-06-10T08:34:00.074,36.7
2026-06-10T08:39:00.115,36.7
2026-06-10T08:44:00.079,36.7
2026-06-10T08:49:00.076,36.7
2026-06-10T08:54:00.112,36.7
2026-06-10T08:59:00.077,36.7
2026-06-10T09:04:00.082,36.4
2026-06-10T09:09:00.108,36.4
2026-06-10T09:14:00.081,36.0
2026-06-10T09:19:00.080,36.0
2026-06-10T09:24:00.115,35.7
2026-06-10T09:29:00.082,35.7
2026-06-10T09:34:00.110,35.7
2026-06-10T09:39:00.075,35.4
2026-06-10T09:44:00.081,35.4
2026-06-10T09:49:00.108,35.4
2026-06-10T09:54:00.082,35.4
2026-06-10T09:59:00.075,35.4
2026-06-10T10:04:00.110,35.4
2026-06-10T10:09:00.075,35.4
2026-06-10T10:14:00.083,35.4
2026-06-10T10:19:00.105,35.7
2026-06-10T10:24:00.083,35.7
2026-06-10T10:29:00.083,35.7
2026-06-10T10:34:00.106,35.7
2026-06-10T10:39:00.075,35.7
2026-06-10T10:44:00.077,36.0
2026-06-10T10:49:00.113,36.0
2026-06-10T10:54:00.083,36.0
2026-06-10T10:59:00.114,36.0
2026-06-10T11:04:00.084,36.0
2026-06-10T11:09:00.083,36.0
2026-06-10T11:14:00.114,36.0
2026-06-10T11:19:00.079,36.0
2026-06-10T11:24:00.082,35.7
2026-06-10T11:29:00.112,35.7
2026-06-10T11:34:00.085,35.7
2026-06-10T11:39:00.076,35.4
2026-06-10T11:44:00.110,35.7
2026-06-10T11:49:00.081,35.4
2026-06-10T11:54:00.078,35.7
2026-06-10T11:59:00.102,35.4
2026-06-10T12:04:00.078,35.4
2026-06-10T12:09:00.074,35.4
2026-06-10T12:14:00.111,35.4
2026-06-10T12:19:00.073,35.1
2026-06-10T12:24:00.079,35.4
2026-06-11T02:19:00.106,49.9
2026-06-11T02:24:00.072,49.6
2026-06-11T02:29:00.076,48.9
2026-06-11T02:34:00.110,48.3
2026-06-11T02:39:00.077,47.7
2026-06-11T02:44:00.104,47.0
2026-06-11T02:49:00.075,46.7
2026-06-11T02:54:00.075,46.4
2026-06-11T02:59:00.105,46.0
2026-06-11T03:04:00.075,45.7
2026-06-11T03:09:00.079,45.4
2026-06-11T03:14:00.113,45.1
2026-06-11T03:19:00.079,44.8
2026-06-11T03:24:00.082,44.8
2026-06-11T03:29:00.105,44.4
2026-06-11T03:34:00.083,44.1
2026-06-11T03:39:00.082,43.8
2026-06-11T03:44:00.106,43.8
2026-06-11T03:49:00.083,43.5
2026-06-11T03:54:00.075,43.5
2026-06-11T03:59:00.114,43.1
2026-06-11T04:04:00.083,43.1
2026-06-11T04:09:00.109,42.8
2026-06-11T04:14:00.079,42.8
2026-06-11T04:19:00.078,42.8
2026-06-11T04:24:00.106,42.5
2026-06-11T04:29:00.083,42.5
2026-06-11T04:34:00.075,42.2
2026-06-11T04:39:00.105,42.2
2026-06-11T04:44:00.080,41.9
2026-06-11T04:49:00.083,41.9
2026-06-11T04:54:00.105,41.9
2026-06-11T04:59:00.083,41.5
2026-06-11T05:04:00.082,41.5
2026-06-11T05:09:00.111,41.2
2026-06-11T05:14:00.078,41.2
2026-06-11T05:19:00.076,40.9
2026-06-11T05:24:00.110,40.9
2026-06-11T05:29:00.084,40.9
2026-06-11T05:34:00.077,40.6
2026-06-11T05:39:00.112,40.6
2026-06-11T05:44:00.083,40.2
2026-06-11T05:49:00.112,40.2
2026-06-11T05:54:00.084,40.2
2026-06-11T05:59:00.081,39.9
2026-06-11T06:04:00.115,39.9
2026-06-11T06:09:00.080,39.9
2026-06-11T06:14:00.075,39.6
2026-06-11T06:19:00.110,39.6
2026-06-11T06:24:00.081,39.6
2026-06-11T06:29:00.082,39.6
2026-06-11T06:34:00.114,39.3
2026-06-11T06:39:00.078,39.3
2026-06-11T06:44:00.078,39.3
2026-06-11T06:49:00.108,39.0
2026-06-11T06:54:00.080,39.0
2026-06-11T06:59:00.083,39.3
2026-06-11T07:04:00.108,39.3
2026-06-11T07:09:00.082,39.0
2026-06-11T07:14:00.109,39.0
2026-06-11T07:19:00.081,39.0
2026-06-11T07:24:00.082,39.0
2026-06-11T07:29:00.105,39.0
2026-06-11T07:34:00.078,38.6
2026-06-11T07:39:00.082,38.6
2026-06-11T07:44:00.114,38.6
2026-06-11T07:49:00.078,38.3
2026-06-11T07:54:00.079,38.3
2026-06-11T07:59:00.107,38.3
2026-06-11T08:04:00.082,38.0
2026-06-11T08:09:00.077,38.0
2026-06-11T08:14:00.111,37.7
2026-06-11T08:19:00.084,37.7
2026-06-11T08:24:00.077,37.7
2026-06-11T08:29:00.112,37.7
2026-06-11T08:34:00.076,37.7
2026-06-11T08:39:00.080,37.3
2026-06-11T08:44:00.115,37.3
2026-06-11T08:49:00.081,37.3
2026-06-11T08:54:00.107,37.3
2026-06-11T08:59:00.083,37.3
2026-06-11T09:04:00.083,37.3
2026-06-11T09:09:00.110,37.3
2026-06-11T09:14:00.078,37.0
2026-06-11T09:19:00.083,37.0
2026-06-11T09:24:00.105,37.0
2026-06-11T09:29:00.082,37.0
2026-06-11T09:34:00.081,37.0
2026-06-11T09:39:00.108,37.0
2026-06-11T09:44:00.075,36.7
2026-06-11T09:49:00.076,36.7
2026-06-11T09:54:00.103,36.7
2026-06-11T09:59:00.079,36.7
2026-06-11T10:04:00.082,36.7
2026-06-11T10:09:00.110,36.7
2026-06-11T10:14:00.080,36.7
2026-06-11T10:19:00.112,36.7
2026-06-11T10:24:00.080,37.0
2026-06-11T10:29:00.078,37.0
2026-06-11T10:34:00.111,37.0
2026-06-11T10:39:00.080,37.0
2026-06-11T10:44:00.083,37.0
2026-06-11T10:49:00.108,37.0
2026-06-11T10:54:00.077,37.0
2026-06-11T10:59:00.081,37.0
2026-06-11T11:04:00.113,37.3
2026-06-11T11:09:00.075,37.3
2026-06-11T11:14:00.077,37.3
2026-06-11T11:19:00.113,37.3
2026-06-11T11:24:00.078,37.3
2026-06-11T11:29:00.084,37.3
2026-06-11T11:34:00.114,37.3
2026-06-11T11:39:00.079,37.0
2026-06-11T11:44:00.078,37.0
2026-06-11T11:49:00.109,37.0
2026-06-11T11:54:00.081,37.0
2026-06-11T11:59:00.109,37.0
2026-06-11T12:04:00.073,37.0
2026-06-11T12:09:00.072,37.0
2026-06-11T12:14:00.102,37.0
2026-06-11T12:19:00.074,36.7
2026-06-11T12:24:00.073,36.7
2026-06-11T12:29:00.108,36.7
2026-06-12T02:19:00.073,48.0
2026-06-12T02:24:00.075,47.7
2026-06-12T02:29:00.106,46.7
2026-06-12T02:34:00.078,46.7
2026-06-12T02:39:00.078,46.4
2026-06-12T02:44:00.105,46.0
2026-06-12T02:49:00.075,46.0
2026-06-12T02:54:00.103,45.7
2026-06-12T02:59:00.073,45.4
2026-06-12T03:04:00.078,45.4
2026-06-12T03:09:00.106,45.4
2026-06-12T03:14:00.082,45.1
2026-06-12T03:19:00.077,45.1
2026-06-12T03:24:00.112,45.1
2026-06-12T03:29:00.081,44.8
2026-06-12T03:34:00.078,44.4
2026-06-12T03:39:00.110,44.4
2026-06-12T03:44:00.079,44.4
2026-06-12T03:49:00.080,44.4
2026-06-12T03:54:00.112,44.1
2026-06-12T03:59:00.083,44.1
2026-06-12T04:04:00.080,44.1
2026-06-12T04:09:00.114,44.1
2026-06-12T04:14:00.077,43.8
2026-06-12T04:19:00.108,43.8
2026-06-12T04:24:00.083,43.8
2026-06-12T04:29:00.082,43.5
2026-06-12T04:34:00.112,43.5
2026-06-12T04:39:00.081,43.5
2026-06-12T04:44:00.083,43.5
2026-06-12T04:49:00.108,43.5
2026-06-12T04:54:00.075,43.5
2026-06-12T04:59:00.074,43.1
2026-06-12T05:04:00.108,43.1
2026-06-12T05:09:00.079,43.1
2026-06-12T05:14:00.083,43.1
2026-06-12T05:19:00.105,43.1
2026-06-12T05:24:00.082,43.1
2026-06-12T05:29:00.084,42.8
2026-06-12T05:34:00.106,42.8
2026-06-12T05:39:00.082,42.8
2026-06-12T05:44:00.112,42.8
2026-06-12T05:49:00.076,42.5
2026-06-12T05:54:00.078,42.5
2026-06-12T05:59:00.108,42.5
2026-06-12T06:04:00.074,42.2
2026-06-12T06:09:00.079,42.2
2026-06-12T06:14:00.111,42.2
2026-06-12T06:19:00.082,41.9
2026-06-12T06:24:00.076,41.9
2026-06-12T06:29:00.108,41.9
2026-06-12T06:34:00.075,41.5
2026-06-12T06:39:00.080,41.5
2026-06-12T06:44:00.109,41.5
2026-06-12T06:49:00.082,41.2
2026-06-12T06:54:00.082,41.2
2026-06-12T06:59:00.112,41.2
2026-06-12T07:04:00.082,41.2
2026-06-12T07:09:00.082,40.9
2026-06-12T07:14:00.104,40.9
2026-06-12T07:19:00.076,40.6
2026-06-12T07:24:00.109,40.6
2026-06-12T07:29:00.076,40.6
2026-06-12T07:34:00.082,40.2
2026-06-12T07:39:00.106,40.2
2026-06-12T07:44:00.081,40.2
2026-06-12T07:49:00.075,40.2
2026-06-12T07:54:00.109,39.9
2026-06-12T07:59:00.078,39.9
2026-06-12T08:04:00.078,39.9
2026-06-12T08:09:00.105,39.9
2026-06-12T08:14:00.080,39.9
2026-06-12T08:19:00.080,39.9
2026-06-12T08:24:00.105,39.6
2026-06-12T08:29:00.080,39.6
2026-06-12T08:34:00.077,39.6
2026-06-12T08:39:00.114,39.6
2026-06-12T08:44:00.077,39.6
2026-06-12T08:49:00.111,39.6
2026-06-12T08:54:00.081,39.9
2026-06-12T08:59:00.078,39.6
2026-06-12T09:04:00.106,39.6
2026-06-12T09:09:00.075,39.6
2026-06-12T09:14:00.077,39.3
2026-06-12T09:19:00.110,39.3
2026-06-12T09:24:00.079,39.0
2026-06-12T09:29:00.078,39.0
2026-06-12T09:34:00.113,39.0
2026-06-12T09:39:00.075,38.6
2026-06-12T09:44:00.075,38.6
2026-06-12T09:49:00.107,38.3
2026-06-12T09:54:00.081,38.3
2026-06-12T09:59:00.082,38.3
2026-06-12T10:04:00.108,38.0
2026-06-12T10:09:00.083,38.0
2026-06-12T10:14:00.082,37.7
2026-06-12T10:19:00.112,37.7
2026-06-12T10:24:00.077,37.7
2026-06-12T10:29:00.107,37.3
2026-06-12T10:34:00.079,37.3
2026-06-12T10:39:00.080,37.3
2026-06-12T10:44:00.104,37.3
2026-06-12T10:49:00.076,37.3
2026-06-12T10:54:00.081,37.0
2026-06-12T10:59:00.113,37.0
2026-06-12T11:04:00.083,37.0
2026-06-12T11:09:00.080,37.0
2026-06-12T11:14:00.111,37.0
2026-06-12T11:19:00.076,37.0
2026-06-12T11:24:00.080,37.0
2026-06-12T11:29:00.113,37.0
2026-06-12T11:34:00.076,37.0
2026-06-12T11:39:00.079,36.7
2026-06-12T11:44:00.108,36.7
2026-06-12T11:49:00.080,36.7
2026-06-12T11:54:00.109,36.7
2026-06-12T11:59:00.079,36.7
2026-06-12T12:04:00.075,36.7
2026-06-12T12:09:00.109,36.7
2026-06-12T12:14:00.077,36.7
2026-06-12T12:19:00.074,36.7
2026-06-12T12:24:00.104,36.4
2026-06-13T02:24:00.080,47.0
2026-06-13T02:29:00.102,46.7
2026-06-13T02:34:00.077,46.4
2026-06-13T02:39:00.078,46.0
2026-06-13T02:44:00.108,46.0
2026-06-13T02:49:00.075,45.7
2026-06-13T02:54:00.072,45.7
2026-06-13T02:59:00.107,45.4
2026-06-13T03:04:00.076,45.1
2026-06-13T03:09:00.076,45.1
2026-06-13T03:14:00.108,44.8
2026-06-13T03:19:00.078,44.8
2026-06-13T03:24:00.081,44.4
2026-06-13T03:29:00.110,44.4
2026-06-13T03:34:00.078,44.4
2026-06-13T03:39:00.114,44.1
2026-06-13T03:44:00.075,44.1
2026-06-13T03:49:00.076,43.8
2026-06-13T03:54:00.110,43.8
2026-06-13T03:59:00.078,43.8
2026-06-13T04:04:00.076,43.5
2026-06-13T04:09:00.104,43.5
2026-06-13T04:14:00.078,43.5
2026-06-13T04:19:00.079,43.5
2026-06-13T04:24:00.109,43.1
2026-06-13T04:29:00.076,43.1
2026-06-13T04:34:00.083,43.1
2026-06-13T04:39:00.109,43.1
2026-06-13T04:44:00.077,43.1
2026-06-13T04:49:00.082,43.1
2026-06-13T04:54:00.108,42.8
2026-06-13T04:59:00.074,42.8
2026-06-13T05:04:00.114,42.8
2026-06-13T05:09:00.074,42.8
2026-06-13T05:14:00.079,42.8
2026-06-13T05:19:00.110,42.8
2026-06-13T05:24:00.077,42.8
2026-06-13T05:29:00.079,42.8
2026-06-13T05:34:00.105,42.8
2026-06-13T05:39:00.080,42.8
2026-06-13T05:44:00.080,42.8
2026-06-13T05:49:00.107,42.8
2026-06-13T05:54:00.080,42.8
2026-06-13T05:59:00.084,42.8
2026-06-13T06:04:00.107,42.8
2026-06-13T06:09:00.079,42.8
2026-06-13T06:14:00.079,42.8
2026-06-13T06:19:00.114,42.8
2026-06-13T06:24:00.080,42.8
2026-06-13T06:29:00.081,42.8
2026-06-13T06:34:00.108,42.8
2026-06-13T06:39:00.077,42.8
2026-06-13T06:44:00.106,42.8
2026-06-13T06:49:00.082,42.5
2026-06-13T06:54:00.077,42.5
2026-06-13T06:59:00.107,42.5
2026-06-13T07:04:00.076,42.5
2026-06-13T07:09:00.075,42.5
2026-06-13T07:14:00.104,42.5
2026-06-13T07:19:00.076,42.2
2026-06-13T07:24:00.076,42.2
2026-06-13T07:29:00.108,42.2
2026-06-13T07:34:00.076,41.9
2026-06-13T07:39:00.075,41.9
2026-06-13T07:44:00.112,41.5
2026-06-13T07:49:00.075,41.2
2026-06-13T07:54:00.077,41.2
2026-06-13T07:59:00.111,40.9
2026-06-13T08:04:00.081,40.9
2026-06-13T08:09:00.109,40.9
2026-06-13T08:14:00.083,40.6
2026-06-13T08:19:00.084,40.6
2026-06-13T08:24:00.108,40.9
2026-06-13T08:29:00.076,40.9
2026-06-13T08:34:00.074,40.9
2026-06-13T08:39:00.109,40.9
2026-06-13T08:44:00.080,40.9
2026-06-13T08:49:00.082,40.9
2026-06-13T08:54:00.110,40.9
2026-06-13T08:59:00.083,40.9
2026-06-13T09:04:00.082,40.9
2026-06-13T09:09:00.111,40.9
2026-06-13T09:14:00.076,41.2
2026-06-13T09:19:00.083,41.2
2026-06-13T09:24:00.110,41.2
2026-06-13T09:29:00.082,41.2
2026-06-13T09:34:00.113,41.2
2026-06-13T09:39:00.076,41.2
2026-06-13T09:44:00.078,41.2
2026-06-13T09:49:00.112,41.2
2026-06-13T09:54:00.076,40.9
2026-06-13T09:59:00.078,40.9
2026-06-13T10:04:00.106,40.9
2026-06-13T10:09:00.082,40.9
2026-06-13T10:14:00.078,40.6
2026-06-13T10:19:00.105,40.6
2026-06-13T10:24:00.084,40.2
2026-06-13T10:29:00.084,40.2
2026-06-13T10:34:00.106,40.2
2026-06-13T10:39:00.075,39.9
2026-06-13T10:44:00.077,39.9
2026-06-13T10:49:00.110,39.9
2026-06-13T10:54:00.077,39.9
2026-06-13T10:59:00.085,39.9
2026-06-13T11:04:00.113,39.9
2026-06-13T11:09:00.082,39.9
2026-06-13T11:14:00.107,39.9
2026-06-13T11:19:00.078,40.2
2026-06-13T11:24:00.079,40.2
2026-06-13T11:29:00.113,40.2
2026-06-13T11:34:00.083,39.9
2026-06-13T11:39:00.078,39.9
2026-06-13T11:44:00.104,39.6
2026-06-13T11:49:00.073,39.6
2026-06-13T11:54:00.081,39.3
2026-06-13T11:59:00.108,39.3
2026-06-13T12:04:00.081,39.0
2026-06-13T12:09:00.080,39.0
2026-06-13T12:14:00.102,39.0
2026-06-13T12:19:00.074,39.0
2026-06-13T12:24:00.072,38.6
2026-06-14T02:24:00.105,48.9
2026-06-14T02:29:00.079,48.6
2026-06-14T02:34:00.081,48.0
2026-06-14T02:39:00.110,47.7
2026-06-14T02:44:00.074,47.3
2026-06-14T02:49:00.075,46.7
2026-06-14T02:54:00.106,46.7
2026-06-14T02:59:00.075,46.4
2026-06-14T03:04:00.079,46.0
2026-06-14T03:09:00.107,45.4
2026-06-14T03:14:00.083,45.4
2026-06-14T03:19:00.082,45.1
2026-06-14T03:24:00.108,44.8
2026-06-14T03:29:00.080,44.8
2026-06-14T03:34:00.075,44.4
2026-06-14T03:39:00.109,44.1
2026-06-14T03:44:00.075,44.1
2026-06-14T03:49:00.109,43.8
2026-06-14T03:54:00.084,43.8
2026-06-14T03:59:00.076,43.5
2026-06-14T04:04:00.110,43.5
2026-06-14T04:09:00.082,43.1
2026-06-14T04:14:00.075,43.1
2026-06-14T04:19:00.113,43.1
2026-06-14T04:24:00.075,42.8
2026-06-14T04:29:00.077,42.8
2026-06-14T04:34:00.104,42.8
2026-06-14T04:39:00.083,42.5
2026-06-14T04:44:00.077,42.5
2026-06-14T04:49:00.108,42.5
2026-06-14T04:54:00.082,42.2
2026-06-14T04:59:00.074,42.2
2026-06-14T05:04:00.105,41.9
2026-06-14T05:09:00.081,41.9
2026-06-14T05:14:00.078,41.5
2026-06-14T05:19:00.106,41.2
2026-06-14T05:24:00.079,41.2
2026-06-14T05:29:00.113,40.9
2026-06-14T05:34:00.076,40.9
2026-06-14T05:39:00.078,40.9
2026-06-14T05:44:00.107,40.9
2026-06-14T05:49:00.084,40.9
2026-06-14T05:54:00.083,40.9
2026-06-14T05:59:00.107,41.2
2026-06-14T06:04:00.082,41.2
2026-06-14T06:09:00.078,41.2
2026-06-14T06:14:00.112,41.2
2026-06-14T06:19:00.078,41.2
2026-06-14T06:24:00.082,41.2
2026-06-14T06:29:00.106,41.2
2026-06-14T06:34:00.075,41.2
2026-06-14T06:39:00.105,41.2
2026-06-14T06:44:00.076,41.2
2026-06-14T06:49:00.076,41.2
2026-06-14T06:54:00.110,41.2
2026-06-14T06:59:00.083,41.2
2026-06-14T07:04:00.076,41.2
2026-06-14T07:09:00.109,41.2
2026-06-14T07:14:00.083,41.2
2026-06-14T07:19:00.083,41.2
2026-06-14T07:24:00.113,41.2
2026-06-14T07:29:00.080,40.9
2026-06-14T07:34:00.083,40.9
2026-06-14T07:39:00.112,40.9
2026-06-14T07:44:00.084,40.9
2026-06-14T07:49:00.077,40.9
2026-06-14T07:54:00.108,40.9
2026-06-14T07:59:00.077,40.6
2026-06-14T08:04:00.075,40.6
2026-06-14T08:09:00.112,40.6
2026-06-14T08:14:00.076,40.6
2026-06-14T08:19:00.107,40.6
2026-06-14T08:24:00.078,40.6
2026-06-14T08:29:00.077,40.2
2026-06-14T08:34:00.112,40.2
2026-06-14T08:39:00.081,40.2
2026-06-14T08:44:00.082,39.9
2026-06-14T08:49:00.108,39.9
2026-06-14T08:54:00.079,39.9
2026-06-14T08:59:00.075,39.9
2026-06-14T09:04:00.113,39.6
2026-06-14T09:09:00.080,39.6
2026-06-14T09:14:00.079,39.6
2026-06-14T09:19:00.105,39.3
2026-06-14T09:24:00.085,39.3
2026-06-14T09:29:00.083,39.3
2026-06-14T09:34:00.111,39.0
2026-06-14T09:39:00.079,39.0
2026-06-14T09:44:00.113,39.0
2026-06-14T09:49:00.083,39.0
2026-06-14T09:54:00.076,38.6
2026-06-14T09:59:00.106,38.6
2026-06-14T10:04:00.075,38.6
2026-06-14T10:09:00.075,38.6
2026-06-14T10:14:00.115,39.0
2026-06-14T10:19:00.080,39.0
2026-06-14T10:24:00.075,38.6
2026-06-14T10:29:00.113,38.6
2026-06-14T10:34:00.083,38.6
2026-06-14T10:39:00.074,38.6
2026-06-14T10:44:00.105,38.6
2026-06-14T10:49:00.081,38.6
2026-06-14T10:54:00.074,38.6
2026-06-14T10:59:00.105,38.6
2026-06-14T11:04:00.076,38.6
2026-06-14T11:09:00.082,38.6
2026-06-14T11:14:00.108,38.6
2026-06-14T11:19:00.076,38.6
2026-06-14T11:24:00.107,38.6
2026-06-14T11:29:00.082,38.3
2026-06-14T11:34:00.082,38.3
2026-06-14T11:39:00.108,38.0
2026-06-14T11:44:00.081,38.0
2026-06-14T11:49:00.080,38.0
2026-06-14T11:54:00.104,38.0
2026-06-14T11:59:00.078,38.0
2026-06-14T12:04:00.079,37.7
2026-06-14T12:09:00.109,37.7
2026-06-14T12:14:00.076,37.7
2026-06-14T12:19:00.072,37.7
2026-06-14T12:24:00.102,37.3
2026-06-15T02:24:00.075,45.7
2026-06-15T02:29:00.074,45.1
2026-06-15T02:34:00.109,44.4
2026-06-15T02:39:00.080,43.8
2026-06-15T02:44:00.081,43.1
2026-06-15T02:49:00.108,42.8
2026-06-15T02:54:00.078,42.8
2026-06-15T02:59:00.073,42.2
2026-06-15T03:04:00.110,41.9
2026-06-15T03:09:00.076,41.9
2026-06-15T03:14:00.084,41.5
2026-06-15T03:19:00.109,41.2
2026-06-15T03:24:00.080,41.2
2026-06-15T03:29:00.079,41.2
2026-06-15T03:34:00.113,40.9
2026-06-15T03:39:00.079,40.9
2026-06-15T03:44:00.079,40.9
2026-06-15T03:49:00.113,40.9
2026-06-15T03:54:00.082,40.9
2026-06-15T03:59:00.110,40.6
2026-06-15T04:04:00.084,40.6
2026-06-15T04:09:00.075,40.6
2026-06-15T04:14:00.111,40.6
2026-06-15T04:19:00.078,40.6
2026-06-15T04:24:00.075,40.6
2026-06-15T04:29:00.105,40.6
2026-06-15T04:34:00.079,40.6
2026-06-15T04:39:00.084,40.6
2026-06-15T04:44:00.112,40.6
2026-06-15T04:49:00.084,40.6
2026-06-15T04:54:00.081,40.2
2026-06-15T04:59:00.113,40.2
2026-06-15T05:04:00.076,40.2
2026-06-15T05:09:00.084,40.2
2026-06-15T05:14:00.109,39.9
2026-06-15T05:19:00.075,39.9
2026-06-15T05:24:00.106,39.6
2026-06-15T05:29:00.082,39.6
2026-06-15T05:34:00.077,39.3
2026-06-15T05:39:00.109,39.6
2026-06-15T05:44:00.075,39.6
2026-06-15T05:49:00.081,39.6
2026-06-15T05:54:00.109,39.6
2026-06-15T05:59:00.083,39.6
2026-06-15T06:04:00.079,39.6
2026-06-15T06:09:00.111,39.3
2026-06-15T06:14:00.079,39.3
2026-06-15T06:19:00.081,39.3
2026-06-15T06:24:00.105,39.3
2026-06-15T06:29:00.081,39.3
2026-06-15T06:34:00.084,39.3
2026-06-15T06:39:00.108,39.3
2026-06-15T06:44:00.077,39.3
2026-06-15T06:49:00.114,39.3
2026-06-15T06:54:00.083,39.3
2026-06-15T06:59:00.082,39.3
2026-06-15T07:04:00.109,39.0
2026-06-15T07:09:00.080,39.0
2026-06-15T07:14:00.080,39.0
2026-06-15T07:19:00.108,38.6
2026-06-15T07:24:00.081,38.6
2026-06-15T07:29:00.077,38.6
2026-06-15T07:34:00.107,38.6
2026-06-15T07:39:00.079,38.6
2026-06-15T07:44:00.078,38.6
2026-06-15T07:49:00.111,38.6
2026-06-15T07:54:00.077,38.6
2026-06-15T07:59:00.075,38.6
2026-06-15T08:04:00.114,38.6
2026-06-15T08:09:00.082,38.3
2026-06-15T08:14:00.084,38.3
2026-06-15T08:19:00.113,38.3
2026-06-15T08:24:00.081,38.0
2026-06-15T08:29:00.112,38.0
2026-06-15T08:34:00.074,38.0
2026-06-15T08:39:00.081,37.7
2026-06-15T08:44:00.105,37.7
2026-06-15T08:49:00.076,37.7
2026-06-15T08:54:00.084,37.7
2026-06-15T08:59:00.111,37.3
2026-06-15T09:04:00.080,37.3
2026-06-15T09:09:00.075,37.7
2026-06-15T09:14:00.105,37.7
2026-06-15T09:19:00.083,37.7
2026-06-15T09:24:00.079,37.7
2026-06-15T09:29:00.109,37.7
2026-06-15T09:34:00.083,37.7
2026-06-15T09:39:00.082,37.7
2026-06-15T09:44:00.108,37.3
2026-06-15T09:49:00.080,37.3
2026-06-15T09:54:00.075,37.3
2026-06-15T09:59:00.106,37.7
2026-06-15T10:04:00.082,37.7
2026-06-15T10:09:00.111,37.7
2026-06-15T10:14:00.079,37.7
2026-06-15T10:19:00.083,37.7
2026-06-15T10:24:00.105,37.7
2026-06-15T10:29:00.074,38.0
2026-06-15T10:34:00.077,38.0
2026-06-15T10:39:00.114,37.7
2026-06-15T10:44:00.075,37.7
2026-06-15T10:49:00.075,37.7
2026-06-15T10:54:00.107,38.0
2026-06-15T10:59:00.076,38.0
2026-06-15T11:04:00.081,38.0
2026-06-15T11:09:00.112,38.0
2026-06-15T11:14:00.083,38.3
2026-06-15T11:19:00.076,38.3
2026-06-15T11:24:00.110,38.3
2026-06-15T11:29:00.078,38.6
2026-06-15T11:34:00.107,38.6
2026-06-15T11:39:00.083,38.6
2026-06-15T11:44:00.075,38.6
2026-06-15T11:49:00.107,38.6
2026-06-15T11:54:00.073,39.0
2026-06-15T11:59:00.078,38.6
2026-06-15T12:04:00.103,39.0
2026-06-15T12:09:00.073,39.0
2026-06-15T12:14:00.072,38.6
2026-06-15T12:19:00.105,38.3
2026-06-15T12:24:00.075,38.3
2026-06-15T12:29:00.073,38.0
2026-06-15T12:34:00.102,37.0
2026-06-15T12:39:00.078,35.7
2026-06-16T02:14:00.075,44.8
2026-06-16T02:19:00.078,44.8
2026-06-16T02:24:00.102,44.8
2026-06-16T02:29:00.074,44.8
2026-06-16T02:34:00.074,44.4
2026-06-16T02:39:00.106,44.4
2026-06-16T02:44:00.075,44.1
2026-06-16T02:49:00.081,44.1
2026-06-16T02:54:00.110,43.8
2026-06-16T02:59:00.077,43.5
2026-06-16T03:04:00.074,43.5
2026-06-16T03:09:00.111,43.5
2026-06-16T03:14:00.081,43.5
2026-06-16T03:19:00.113,43.5
2026-06-16T03:24:00.082,43.1
2026-06-16T03:29:00.079,43.1
2026-06-16T03:34:00.110,43.1
2026-06-16T03:39:00.080,42.8
2026-06-16T03:44:00.080,42.8
2026-06-16T03:49:00.110,42.8
2026-06-16T03:54:00.080,42.8
2026-06-16T03:59:00.078,42.5
2026-06-16T04:04:00.108,42.5
2026-06-16T04:09:00.076,42.5
2026-06-16T04:14:00.075,42.5
2026-06-16T04:19:00.111,42.2
2026-06-16T04:24:00.077,42.2
2026-06-16T04:29:00.081,42.2
2026-06-16T04:34:00.109,41.9
2026-06-16T04:39:00.079,41.9
2026-06-16T04:44:00.081,41.9
2026-06-16T04:49:00.107,41.9
2026-06-16T04:54:00.082,41.5
2026-06-16T04:59:00.112,41.2
2026-06-16T05:04:00.081,41.2
2026-06-16T05:09:00.081,40.9
2026-06-16T05:14:00.111,40.9
2026-06-16T05:19:00.083,40.6
2026-06-16T05:24:00.076,40.6
2026-06-16T05:29:00.110,40.2
2026-06-16T05:34:00.083,40.2
2026-06-16T05:39:00.078,39.9
2026-06-16T05:44:00.110,39.9
2026-06-16T05:49:00.075,39.6
2026-06-16T05:54:00.075,39.6
2026-06-16T05:59:00.106,39.3
2026-06-16T06:04:00.081,39.3
2026-06-16T06:09:00.080,39.3
2026-06-16T06:14:00.114,39.3
2026-06-16T06:19:00.082,39.3
2026-06-16T06:24:00.106,39.3
2026-06-16T06:29:00.080,39.3
2026-06-16T06:34:00.083,39.0
2026-06-16T06:39:00.114,39.3
2026-06-16T06:44:00.075,39.3
2026-06-16T06:49:00.076,39.0
2026-06-16T06:54:00.107,39.0
2026-06-16T06:59:00.079,39.0
2026-06-16T07:04:00.080,39.0
2026-06-16T07:09:00.105,39.0
2026-06-16T07:14:00.080,39.0
2026-06-16T07:19:00.075,38.6
2026-06-16T07:24:00.109,38.6
2026-06-16T07:29:00.080,38.6
2026-06-16T07:34:00.079,38.6
2026-06-16T07:39:00.113,38.6
2026-06-16T07:44:00.076,38.6
2026-06-16T07:49:00.075,38.6
2026-06-16T07:54:00.109,38.3
2026-06-16T07:59:00.083,38.3
2026-06-16T08:04:00.104,38.3
2026-06-16T08:09:00.084,38.3
2026-06-16T08:14:00.084,38.3
2026-06-16T08:19:00.105,38.3
2026-06-16T08:24:00.082,38.0
2026-06-16T08:29:00.077,38.3
2026-06-16T08:34:00.105,38.3
2026-06-16T08:39:00.078,38.3
2026-06-16T08:44:00.078,38.3
2026-06-16T08:49:00.109,38.3
2026-06-16T08:54:00.080,38.3
2026-06-16T08:59:00.078,38.3
2026-06-16T09:04:00.105,38.3
2026-06-16T09:09:00.079,38.3
2026-06-16T09:14:00.077,38.3
2026-06-16T09:19:00.108,38.3
2026-06-16T09:24:00.079,38.6
2026-06-16T09:29:00.105,38.6
2026-06-16T09:34:00.079,38.3
2026-06-16T09:39:00.080,38.3
2026-06-16T09:44:00.111,38.3
2026-06-16T09:49:00.075,38.3
2026-06-16T09:54:00.078,38.0
2026-06-16T09:59:00.107,38.0
2026-06-16T10:04:00.076,37.7
2026-06-16T10:09:00.078,37.7
2026-06-16T10:14:00.106,37.7
2026-06-16T10:19:00.084,37.3
2026-06-16T10:24:00.076,37.3
2026-06-16T10:29:00.109,37.3
2026-06-16T10:34:00.084,37.3
2026-06-16T10:39:00.075,37.3
2026-06-16T10:44:00.113,37.3
2026-06-16T10:49:00.075,37.0
2026-06-16T10:54:00.076,37.0
2026-06-16T10:59:00.109,37.0
2026-06-16T11:04:00.081,37.0
2026-06-16T11:09:00.114,37.0
2026-06-16T11:14:00.081,37.0
2026-06-16T11:19:00.081,37.0
2026-06-16T11:24:00.106,37.0
2026-06-16T11:29:00.075,37.0
2026-06-16T11:34:00.075,37.0
2026-06-16T11:39:00.105,37.0
2026-06-16T11:44:00.075,37.0
2026-06-16T11:49:00.076,37.0
2026-06-16T11:54:00.103,37.0
2026-06-16T11:59:00.079,37.0
2026-06-16T12:04:00.079,37.0
2026-06-16T12:09:00.108,37.0
2026-06-16T12:14:00.078,37.3
2026-06-16T12:19:00.075,37.0
2026-06-16T12:24:00.111,37.0
2026-06-16T12:29:00.077,37.0
2026-06-17T02:24:00.077,46.4
2026-06-17T02:29:00.106,46.4
2026-06-17T02:34:00.071,46.4
2026-06-17T02:39:00.071,46.0
2026-06-17T02:44:00.103,46.0
2026-06-17T02:49:00.072,45.7
2026-06-17T02:54:00.102,45.7
2026-06-17T02:59:00.072,45.7
2026-06-17T03:04:00.078,45.7
2026-06-17T03:09:00.107,45.4
2026-06-17T03:14:00.078,45.1
2026-06-17T03:19:00.081,44.8
2026-06-17T03:24:00.107,44.8
2026-06-17T03:29:00.081,44.4
2026-06-17T03:34:00.083,44.1
2026-06-17T03:39:00.106,44.1
2026-06-17T03:44:00.079,43.8
2026-06-17T03:49:00.077,43.8
2026-06-17T03:54:00.105,43.8
2026-06-17T03:59:00.081,43.5
2026-06-17T04:04:00.078,43.5
2026-06-17T04:09:00.109,43.5
2026-06-17T04:14:00.081,43.5
2026-06-17T04:19:00.106,43.5
2026-06-17T04:24:00.078,43.5
2026-06-17T04:29:00.084,43.5
2026-06-17T04:34:00.111,43.5
2026-06-17T04:39:00.080,43.5
2026-06-17T04:44:00.079,43.5
2026-06-17T04:49:00.105,43.5
2026-06-17T04:54:00.084,43.1
2026-06-17T04:59:00.084,42.8
2026-06-17T05:04:00.112,42.8
2026-06-17T05:09:00.081,42.5
2026-06-17T05:14:00.082,42.2
2026-06-17T05:19:00.111,42.2
2026-06-17T05:24:00.083,41.9
2026-06-17T05:29:00.077,41.9
2026-06-17T05:34:00.109,41.9
2026-06-17T05:39:00.082,41.5
2026-06-17T05:44:00.113,41.5
2026-06-17T05:49:00.084,41.5
2026-06-17T05:54:00.082,41.5
2026-06-17T05:59:00.114,41.5
2026-06-17T06:04:00.081,41.2
2026-06-17T06:09:00.077,41.2
2026-06-17T06:14:00.114,41.2
2026-06-17T06:19:00.077,40.9
2026-06-17T06:24:00.076,40.6
2026-06-17T06:29:00.106,40.6
2026-06-17T06:34:00.075,40.2
2026-06-17T06:39:00.079,40.2
2026-06-17T06:44:00.112,39.9
2026-06-17T06:49:00.078,39.9
2026-06-17T06:54:00.077,39.9
2026-06-17T06:59:00.109,39.9
2026-06-17T07:04:00.080,39.9
2026-06-17T07:09:00.076,39.6
2026-06-17T07:14:00.111,39.9
2026-06-17T07:19:00.079,39.9
2026-06-17T07:24:00.104,39.9
2026-06-17T07:29:00.079,40.2
2026-06-17T07:34:00.080,40.2
2026-06-17T07:39:00.114,40.2
2026-06-17T07:44:00.080,40.2
2026-06-17T07:49:00.084,40.2
2026-06-17T07:54:00.108,40.2
2026-06-17T07:59:00.077,40.2
2026-06-17T08:04:00.081,40.2
2026-06-17T08:09:00.107,40.2
2026-06-17T08:14:00.084,40.2
2026-06-17T08:19:00.085,40.2
2026-06-17T08:24:00.105,40.2
2026-06-17T08:29:00.082,40.2
2026-06-17T08:34:00.077,40.2
2026-06-17T08:39:00.105,40.2
2026-06-17T08:44:00.080,40.2
2026-06-17T08:49:00.105,40.2
2026-06-17T08:54:00.077,40.2
2026-06-17T08:59:00.078,40.2
2026-06-17T09:04:00.105,40.2
2026-06-17T09:09:00.079,40.2
2026-06-17T09:14:00.080,40.2
2026-06-17T09:19:00.113,40.2
2026-06-17T09:24:00.077,39.9
2026-06-17T09:29:00.081,39.9
2026-06-17T09:34:00.105,39.9
2026-06-17T09:39:00.082,39.9
2026-06-17T09:44:00.077,39.9
2026-06-17T09:49:00.109,39.9
2026-06-17T09:54:00.082,39.9
2026-06-17T09:59:00.083,39.9
2026-06-17T10:04:00.112,39.9
2026-06-17T10:09:00.085,39.9
2026-06-17T10:14:00.084,39.9
2026-06-17T10:19:00.113,39.6
2026-06-17T10:24:00.083,39.6
2026-06-17T10:29:00.108,39.6
2026-06-17T10:34:00.083,39.6
2026-06-17T10:39:00.084,39.6
2026-06-17T10:44:00.110,39.6
2026-06-17T10:49:00.081,39.6
2026-06-17T10:54:00.076,39.6
2026-06-17T10:59:00.108,39.6
2026-06-17T11:04:00.083,39.6
2026-06-17T11:09:00.075,39.6
2026-06-17T11:14:00.115,39.3
2026-06-17T11:19:00.078,39.3
2026-06-17T11:24:00.078,39.3
2026-06-17T11:29:00.106,39.3
2026-06-17T11:34:00.078,39.3
2026-06-17T11:39:00.083,39.0
2026-06-17T11:44:00.102,39.0
2026-06-17T11:49:00.079,39.0
2026-06-17T11:54:00.105,38.6
2026-06-17T11:59:00.080,38.6
2026-06-17T12:04:00.075,38.6
2026-06-17T12:09:00.103,38.6
2026-06-17T12:14:00.082,38.6
2026-06-17T12:19:00.073,38.6
2026-06-17T12:24:00.106,38.6
2026-06-17T12:29:00.079,38.3
2026-06-18T01:44:00.114,35.1
2026-06-18T01:49:00.073,34.8
2026-06-18T01:54:00.106,34.4
2026-06-18T01:59:00.077,34.1
2026-06-18T02:04:00.081,34.1
2026-06-18T02:09:00.107,33.8
2026-06-18T02:14:00.080,33.8
2026-06-18T02:19:00.080,33.5
2026-06-18T02:24:00.109,33.5
2026-06-18T02:29:00.081,33.5
2026-06-18T02:34:00.074,33.1
2026-06-18T02:39:00.111,33.1
2026-06-18T02:44:00.072,33.1
2026-06-18T02:49:00.081,32.8
2026-06-18T02:54:00.109,32.8
2026-06-18T02:59:00.072,32.5
2026-06-18T03:04:00.108,32.5
2026-06-18T03:09:00.075,32.5
2026-06-18T03:14:00.077,32.5
2026-06-18T03:19:00.109,32.5
2026-06-18T03:24:00.077,32.8
2026-06-18T03:29:00.082,32.8
2026-06-18T03:34:00.114,32.8
2026-06-18T03:39:00.078,33.1
2026-06-18T03:44:00.077,33.5
2026-06-18T03:49:00.114,33.5
2026-06-18T03:54:00.084,33.8
2026-06-18T03:59:00.083,34.1
2026-06-18T04:04:00.112,34.4
2026-06-18T04:09:00.083,34.4
2026-06-18T04:14:00.079,34.8
2026-06-18T04:19:00.112,35.1
2026-06-18T04:24:00.081,35.1
2026-06-18T04:29:00.078,35.4
2026-06-18T04:34:00.110,35.4
2026-06-18T04:39:00.081,35.7
2026-06-18T04:44:00.113,35.7
2026-06-18T04:49:00.078,35.7
2026-06-18T04:54:00.084,35.7
2026-06-18T04:59:00.113,35.7
2026-06-18T05:04:00.077,35.7
2026-06-18T05:09:00.080,35.7
2026-06-18T05:14:00.110,35.4
2026-06-18T05:19:00.082,35.4
2026-06-18T05:24:00.081,35.4
2026-06-18T05:29:00.111,35.4
2026-06-18T05:34:00.084,35.4
2026-06-18T05:39:00.079,35.1
2026-06-18T05:44:00.108,35.1
2026-06-18T05:49:00.082,35.1
2026-06-18T05:54:00.079,35.1
2026-06-18T05:59:00.109,34.8
2026-06-18T06:04:00.079,34.8
2026-06-18T06:09:00.105,34.8
2026-06-18T06:14:00.079,34.4
2026-06-18T06:19:00.079,34.4
2026-06-18T06:24:00.104,34.4
2026-06-18T06:29:00.081,34.4
2026-06-18T06:34:00.079,34.4
2026-06-18T06:39:00.113,34.1
2026-06-18T06:44:00.076,34.1
2026-06-18T06:49:00.080,34.1
2026-06-18T06:54:00.106,34.1
2026-06-18T06:59:00.075,34.1
2026-06-18T07:04:00.079,34.1
2026-06-18T07:09:00.108,34.1
2026-06-18T07:14:00.078,34.1
2026-06-18T07:19:00.082,34.1
2026-06-18T07:24:00.108,34.1
2026-06-18T07:29:00.085,34.1
2026-06-18T07:34:00.082,34.1
2026-06-18T07:39:00.109,33.8
2026-06-18T07:44:00.077,33.8
2026-06-18T07:49:00.109,33.8
2026-06-18T07:54:00.080,33.8
2026-06-18T07:59:00.084,33.5
2026-06-18T08:04:00.113,33.5
2026-06-18T08:09:00.075,33.5
2026-06-18T08:14:00.080,33.5
2026-06-18T08:19:00.110,33.5
2026-06-18T08:24:00.082,33.5
2026-06-18T08:29:00.080,33.5
2026-06-18T08:34:00.110,33.5
2026-06-18T08:39:00.083,33.5
2026-06-18T08:44:00.081,33.5
2026-06-18T08:49:00.112,33.5
2026-06-18T08:54:00.077,33.5
2026-06-18T08:59:00.080,33.5
2026-06-18T09:04:00.110,33.1
2026-06-18T09:09:00.076,33.1
2026-06-18T09:14:00.113,33.1
2026-06-18T09:19:00.081,33.1
2026-06-18T09:24:00.078,33.1
2026-06-18T09:29:00.111,33.1
2026-06-18T09:34:00.080,33.1
2026-06-18T09:39:00.081,33.1
2026-06-18T09:44:00.110,33.1
2026-06-18T09:49:00.082,33.1
2026-06-18T09:54:00.083,33.1
2026-06-18T09:59:00.112,33.1
2026-06-18T10:04:00.079,33.1
2026-06-18T10:09:00.076,33.5
2026-06-18T10:14:00.109,33.5
2026-06-18T10:19:00.077,33.8
2026-06-18T10:24:00.074,33.8
2026-06-18T10:29:00.113,33.8
2026-06-18T10:34:00.074,33.8
2026-06-18T10:39:00.082,33.8
2026-06-18T10:44:00.108,33.8
2026-06-18T10:49:00.078,33.8
2026-06-18T10:54:00.109,33.5
2026-06-18T10:59:00.084,33.5
2026-06-18T11:04:00.084,33.5
2026-06-18T11:09:00.106,33.5
2026-06-18T11:14:00.083,33.5
2026-06-18T11:19:00.075,33.5
2026-06-18T11:24:00.105,33.5
2026-06-18T11:29:00.076,33.5
2026-06-18T11:34:00.077,33.1
2026-06-18T11:39:00.104,33.1
2026-06-18T11:44:00.080,33.1
2026-06-18T11:49:00.076,33.1
2026-06-18T11:54:00.109,33.1
2026-06-18T11:59:00.073,33.5
2026-06-18T12:04:00.080,33.5
2026-06-18T12:09:00.105,33.5
2026-06-18T12:14:00.081,33.5
2026-06-18T12:19:00.105,33.5
2026-06-18T12:24:00.076,33.8
2026-06-18T12:29:00.080,33.8
2026-06-19T02:25:00.079,47.7
2026-06-19T02:30:00.103,47.0
2026-06-19T02:35:00.081,46.4
2026-06-19T02:40:00.077,45.7
2026-06-19T02:45:00.107,45.1
2026-06-19T02:50:00.073,44.8
2026-06-19T02:55:00.108,44.1
2026-06-19T03:00:00.078,43.8
2026-06-19T03:05:00.081,43.5
2026-06-19T03:10:00.110,43.1
2026-06-19T03:15:00.079,42.5
2026-06-19T03:20:00.084,42.5
2026-06-19T03:25:00.104,42.2
2026-06-19T03:30:00.077,41.9
2026-06-19T03:35:00.081,41.9
2026-06-19T03:40:00.108,41.5
2026-06-19T03:45:00.082,41.5
2026-06-19T03:50:00.075,41.2
2026-06-19T03:55:00.111,41.2
2026-06-19T04:00:00.075,41.2
2026-06-19T04:05:00.080,40.9
2026-06-19T04:10:00.107,40.9
2026-06-19T04:15:00.083,40.9
2026-06-19T04:20:00.105,40.9
2026-06-19T04:25:00.082,40.6
2026-06-19T04:30:00.075,40.6
2026-06-19T04:35:00.108,40.6
2026-06-19T04:40:00.081,40.2
2026-06-19T04:45:00.077,39.9
2026-06-19T04:50:00.113,39.9
2026-06-19T04:55:00.079,39.9
2026-06-19T05:00:00.077,39.6
2026-06-19T05:05:00.108,39.6
2026-06-19T05:10:00.084,39.3
2026-06-19T05:15:00.084,39.3
2026-06-19T05:20:00.111,39.0
2026-06-19T05:25:00.075,39.0
2026-06-19T05:30:00.083,39.0
2026-06-19T05:35:00.114,39.0
2026-06-19T05:40:00.084,39.0
2026-06-19T05:45:00.112,39.0
2026-06-19T05:50:00.083,39.0
2026-06-19T05:55:00.080,39.0
2026-06-19T06:00:00.113,38.6
2026-06-19T06:05:00.078,38.6
2026-06-19T06:10:00.084,38.3
2026-06-19T06:15:00.109,38.0
2026-06-19T06:20:00.084,38.0
2026-06-19T06:25:00.079,38.0
2026-06-19T06:30:00.111,37.7
2026-06-19T06:35:00.079,37.7
2026-06-19T06:40:00.083,37.3
2026-06-19T06:45:00.110,37.3
2026-06-19T06:50:00.075,37.3
2026-06-19T06:55:00.081,37.0
2026-06-19T07:00:00.105,37.0
2026-06-19T07:05:00.078,37.0
2026-06-19T07:10:00.080,37.0
2026-06-19T07:15:00.106,36.7
2026-06-19T07:20:00.075,36.7
2026-06-19T07:25:00.111,36.7
2026-06-19T07:30:00.075,36.7
2026-06-19T07:35:00.076,36.7
2026-06-19T07:40:00.106,36.7
2026-06-19T07:45:00.076,36.7
2026-06-19T07:50:00.077,36.7
2026-06-19T07:55:00.110,36.4
2026-06-19T08:00:00.076,36.4
2026-06-19T08:05:00.078,36.4
2026-06-19T08:10:00.106,36.4
2026-06-19T08:15:00.078,36.4
2026-06-19T08:20:00.076,36.7
2026-06-19T08:25:00.106,36.7
2026-06-19T08:30:00.076,37.0
2026-06-19T08:35:00.081,37.0
2026-06-19T08:40:00.114,36.7
2026-06-19T08:45:00.083,36.7
2026-06-19T08:50:00.111,36.4
2026-06-19T08:55:00.083,36.4
2026-06-19T09:00:00.081,36.0
2026-06-19T09:05:00.105,35.7
2026-06-19T09:10:00.078,35.7
2026-06-19T09:15:00.085,35.4
2026-06-19T09:20:00.113,35.1
2026-06-19T09:25:00.083,35.1
2026-06-19T09:30:00.076,34.8
2026-06-19T09:35:00.109,34.8
2026-06-19T09:40:00.076,34.8
2026-06-19T09:45:00.077,34.8
2026-06-19T09:50:00.110,34.8
2026-06-19T09:55:00.078,34.8
2026-06-19T10:00:00.078,34.8
2026-06-19T10:05:00.107,34.8
2026-06-19T10:10:00.083,34.4
2026-06-19T10:15:00.080,34.4
2026-06-19T10:20:00.104,34.4
2026-06-19T10:25:00.083,34.1
2026-06-19T10:30:00.107,34.1
2026-06-19T10:35:00.076,34.4
2026-06-19T10:40:00.079,34.1
2026-06-19T10:45:00.112,34.1
2026-06-19T10:50:00.080,34.1
2026-06-19T10:55:00.077,34.1
2026-06-19T11:00:00.111,34.1
2026-06-19T11:05:00.084,34.1
2026-06-19T11:10:00.079,34.1
2026-06-19T11:15:00.113,34.1
2026-06-19T11:20:00.079,34.1
2026-06-19T11:25:00.079,34.1
2026-06-19T11:30:00.111,34.1
2026-06-19T11:35:00.076,34.1
2026-06-19T11:40:00.077,34.1
2026-06-19T11:45:00.110,34.4
2026-06-19T11:50:00.081,34.4
2026-06-19T11:55:00.109,34.1
2026-06-19T12:00:00.078,34.1
2026-06-19T12:05:00.074,34.1
2026-06-19T12:10:00.107,34.1
2026-06-19T12:15:00.075,34.1
2026-06-19T12:20:00.072,33.8
2026-06-19T12:25:00.108,33.8
2026-06-20T02:25:00.105,48.3
2026-06-20T02:30:00.080,47.3
2026-06-20T02:35:00.077,47.0
2026-06-20T02:40:00.111,46.0
2026-06-20T02:45:00.074,45.4
2026-06-20T02:50:00.078,44.8
2026-06-20T02:55:00.102,44.4
2026-06-20T03:00:00.081,43.8
2026-06-20T03:05:00.108,43.5
2026-06-20T03:10:00.081,42.8
2026-06-20T03:15:00.081,42.8
2026-06-20T03:20:00.109,42.5
2026-06-20T03:25:00.079,42.2
2026-06-20T03:30:00.083,41.9
2026-06-20T03:35:00.112,41.9
2026-06-20T03:40:00.078,41.5
2026-06-20T03:45:00.082,41.5
2026-06-20T03:50:00.110,41.2
2026-06-20T03:55:00.082,41.2
2026-06-20T04:00:00.076,41.2
2026-06-20T04:05:00.110,40.9
2026-06-20T04:10:00.082,40.9
2026-06-20T04:15:00.081,40.6
2026-06-20T04:20:00.110,40.6
2026-06-20T04:25:00.078,40.6
2026-06-20T04:30:00.100,40.6
2026-06-20T04:35:00.084,40.2
2026-06-20T04:40:00.076,40.2
2026-06-20T04:45:00.105,40.2
2026-06-20T04:50:00.084,40.2
2026-06-20T04:55:00.075,40.2
2026-06-20T05:00:00.113,40.2
2026-06-20T05:05:00.082,40.2
2026-06-20T05:10:00.082,40.2
2026-06-20T05:15:00.107,39.9
2026-06-20T05:20:00.079,39.9
2026-06-20T05:25:00.077,39.6
2026-06-20T05:30:00.105,39.6
2026-06-20T05:35:00.076,39.3
2026-06-20T05:40:00.083,39.0
2026-06-20T05:45:00.112,39.0
2026-06-20T05:50:00.082,39.0
2026-06-20T05:55:00.107,38.6
2026-06-20T06:00:00.084,38.6
2026-06-20T06:05:00.081,38.6
2026-06-20T06:10:00.109,38.6
2026-06-20T06:15:00.076,38.3
2026-06-20T06:20:00.078,38.3
2026-06-20T06:25:00.112,38.0
2026-06-20T06:30:00.075,38.0
2026-06-20T06:35:00.082,38.0
2026-06-20T06:40:00.113,38.0
2026-06-20T06:45:00.075,38.0
2026-06-20T06:50:00.078,38.0
2026-06-20T06:55:00.113,37.7
2026-06-20T07:00:00.084,37.3
2026-06-20T07:05:00.077,37.3
2026-06-20T07:10:00.108,37.0
2026-06-20T07:15:00.077,36.7
2026-06-20T07:20:00.081,36.7
2026-06-20T07:25:00.105,36.4
2026-06-20T07:30:00.082,36.4
2026-06-20T07:35:00.108,36.0
2026-06-20T07:40:00.079,36.0
2026-06-20T07:45:00.081,36.0
2026-06-20T07:50:00.105,36.0
2026-06-20T07:55:00.075,35.7
2026-06-20T08:00:00.078,35.7
2026-06-20T08:05:00.108,35.7
2026-06-20T08:10:00.082,35.7
2026-06-20T08:15:00.079,35.7
2026-06-20T08:20:00.105,35.7
2026-06-20T08:25:00.083,35.7
2026-06-20T08:30:00.083,35.4
2026-06-20T08:35:00.113,35.4
2026-06-20T08:40:00.077,35.4
2026-06-20T08:45:00.085,35.4
2026-06-20T08:50:00.111,35.7
2026-06-20T08:55:00.082,35.7
2026-06-20T09:00:00.109,35.4
2026-06-20T09:05:00.084,35.4
2026-06-20T09:10:00.083,35.4
2026-06-20T09:15:00.107,35.4
2026-06-20T09:20:00.077,35.4
2026-06-20T09:25:00.076,35.4
2026-06-20T09:30:00.109,35.4
2026-06-20T09:35:00.079,35.4
2026-06-20T09:40:00.081,35.4
2026-06-20T09:45:00.112,35.4
2026-06-20T09:50:00.085,35.4
2026-06-20T09:55:00.079,35.4
2026-06-20T10:00:00.110,35.4
2026-06-20T10:05:00.078,35.4
2026-06-20T10:10:00.084,35.4
2026-06-20T10:15:00.112,35.4
2026-06-20T10:20:00.075,35.4
2026-06-20T10:25:00.083,35.4
2026-06-20T10:30:00.107,35.1
2026-06-20T10:35:00.084,35.1
2026-06-20T10:40:00.107,35.1
2026-06-20T10:45:00.079,34.8
2026-06-20T10:50:00.082,34.8
2026-06-20T10:55:00.113,34.8
2026-06-20T11:00:00.075,34.4
2026-06-20T11:05:00.083,34.4
2026-06-20T11:10:00.107,34.4
2026-06-20T11:15:00.078,34.4
2026-06-20T11:20:00.083,34.4
2026-06-20T11:25:00.115,34.1
2026-06-20T11:30:00.082,34.1
2026-06-20T11:35:00.076,34.1
2026-06-20T11:40:00.112,34.1
2026-06-20T11:45:00.076,34.1
2026-06-20T11:50:00.077,33.8
2026-06-20T11:55:00.110,33.8
2026-06-20T12:00:00.078,33.8
2026-06-20T12:05:00.105,33.8
2026-06-20T12:10:00.075,33.8
2026-06-20T12:15:00.077,33.5
2026-06-20T12:20:00.103,33.8
2026-06-20T12:25:00.076,33.8
2026-06-21T02:25:00.109,48.6
2026-06-21T02:30:00.080,48.3
2026-06-21T02:35:00.077,47.7
2026-06-21T02:40:00.111,46.7
2026-06-21T02:45:00.073,46.0
2026-06-21T02:50:00.081,45.4
2026-06-21T02:55:00.111,44.8
2026-06-21T03:00:00.075,44.1
2026-06-21T03:05:00.079,43.8
2026-06-21T03:10:00.104,43.5
2026-06-21T03:15:00.084,43.1
2026-06-21T03:20:00.077,42.8
2026-06-21T03:25:00.110,42.5
2026-06-21T03:30:00.079,42.2
2026-06-21T03:35:00.076,41.9
2026-06-21T03:40:00.113,41.5
2026-06-21T03:45:00.082,41.2
2026-06-21T03:50:00.105,40.9
2026-06-21T03:55:00.078,40.6
2026-06-21T04:00:00.077,40.6
2026-06-21T04:05:00.106,40.2
2026-06-21T04:10:00.076,40.2
2026-06-21T04:15:00.079,40.2
2026-06-21T04:20:00.108,40.2
2026-06-21T04:25:00.078,39.9
2026-06-21T04:30:00.077,39.9
2026-06-21T04:35:00.110,39.9
2026-06-21T04:40:00.075,39.6
2026-06-21T04:45:00.082,39.6
2026-06-21T04:50:00.114,39.9
2026-06-21T04:55:00.078,39.9
2026-06-21T05:00:00.083,39.9
2026-06-21T05:05:00.112,39.9
2026-06-21T05:10:00.079,39.9
2026-06-21T05:15:00.076,39.9
2026-06-21T05:20:00.111,39.9
2026-06-21T05:25:00.085,39.6
2026-06-21T05:30:00.111,39.3
2026-06-21T05:35:00.082,39.3
2026-06-21T05:40:00.082,39.0
2026-06-21T05:45:00.112,38.6
2026-06-21T05:50:00.081,38.3
2026-06-21T05:55:00.079,38.0
2026-06-21T06:00:00.112,38.0
2026-06-21T06:05:00.077,37.7
2026-06-21T06:10:00.078,37.7
2026-06-21T06:15:00.111,37.7
2026-06-21T06:20:00.083,37.7
2026-06-21T06:25:00.077,37.7
2026-06-21T06:30:00.113,37.7
2026-06-21T06:35:00.080,37.7
2026-06-21T06:40:00.077,37.7
2026-06-21T06:45:00.109,37.7
2026-06-21T06:50:00.077,37.7
2026-06-21T06:55:00.105,37.3
2026-06-21T07:00:00.078,37.3
2026-06-21T07:05:00.078,37.3
2026-06-21T07:10:00.113,37.0
2026-06-21T07:15:00.075,37.0
2026-06-21T07:20:00.077,37.0
2026-06-21T07:25:00.111,37.0
2026-06-21T07:30:00.077,37.0
2026-06-21T07:35:00.080,36.7
2026-06-21T07:40:00.105,36.7
2026-06-21T07:45:00.083,37.0
2026-06-21T07:50:00.081,37.0
2026-06-21T07:55:00.110,37.0
2026-06-21T08:00:00.079,37.0
2026-06-21T08:05:00.081,37.0
2026-06-21T08:10:00.111,37.0
2026-06-21T08:15:00.082,37.0
2026-06-21T08:20:00.079,37.0
2026-06-21T08:25:00.113,37.0
2026-06-21T08:30:00.078,37.0
2026-06-21T08:35:00.108,36.7
2026-06-21T08:40:00.081,36.7
2026-06-21T08:45:00.084,36.7
2026-06-21T08:50:00.105,36.4
2026-06-21T08:55:00.077,36.4
2026-06-21T09:00:00.080,36.4
2026-06-21T09:05:00.114,36.0
2026-06-21T09:10:00.081,36.0
2026-06-21T09:15:00.084,36.0
2026-06-21T09:20:00.113,35.7
2026-06-21T09:25:00.081,35.7
2026-06-21T09:30:00.084,35.7
2026-06-21T09:35:00.107,35.7
2026-06-21T09:40:00.078,35.7
2026-06-21T09:45:00.084,35.4
2026-06-21T09:50:00.113,35.4
2026-06-21T09:55:00.077,35.4
2026-06-21T10:00:00.106,35.4
2026-06-21T10:05:00.076,35.1
2026-06-21T10:10:00.081,35.1
2026-06-21T10:15:00.112,35.1
2026-06-21T10:20:00.079,35.1
2026-06-21T10:25:00.077,35.1
2026-06-21T10:30:00.107,35.1
2026-06-21T10:35:00.082,35.1
2026-06-21T10:40:00.077,34.8
2026-06-21T10:45:00.105,34.8
2026-06-21T10:50:00.079,34.8
2026-06-21T10:55:00.083,34.8
2026-06-21T11:00:00.110,34.8
2026-06-21T11:05:00.076,34.8
2026-06-21T11:10:00.085,34.8
2026-06-21T11:15:00.110,34.8
2026-06-21T11:20:00.083,34.8
2026-06-21T11:25:00.114,34.8
2026-06-21T11:30:00.074,34.8
2026-06-21T11:35:00.076,34.4
2026-06-21T11:40:00.114,34.4
2026-06-21T11:45:00.072,34.4
2026-06-21T11:50:00.075,34.4
2026-06-21T11:55:00.109,34.1
2026-06-21T12:00:00.082,34.1
2026-06-21T12:05:00.076,34.1
2026-06-21T12:10:00.108,33.8
2026-06-21T12:15:00.072,34.1
2026-06-21T12:20:00.075,34.1
2026-06-21T12:25:00.105,34.1
2026-06-22T02:25:00.106,49.3
2026-06-22T02:30:00.076,48.3
2026-06-22T02:35:00.106,47.7
2026-06-22T02:40:00.073,47.0
2026-06-22T02:45:00.077,46.0
2026-06-22T02:50:00.103,45.4
2026-06-22T02:55:00.078,44.8
2026-06-22T03:00:00.078,44.4
2026-06-22T03:05:00.107,43.8
2026-06-22T03:10:00.085,43.5
2026-06-22T03:15:00.078,42.8
2026-06-22T03:20:00.108,42.5
2026-06-22T03:25:00.085,42.2
2026-06-22T03:30:00.085,41.9
2026-06-22T03:35:00.109,41.5
2026-06-22T03:40:00.078,41.5
2026-06-22T03:45:00.075,41.2
2026-06-22T03:50:00.104,41.2
2026-06-22T03:55:00.076,40.9
2026-06-22T04:00:00.106,40.9
2026-06-22T04:05:00.080,40.9
2026-06-22T04:10:00.077,40.9
2026-06-22T04:15:00.113,40.6
2026-06-22T04:20:00.084,40.6
2026-06-22T04:25:00.076,40.6
2026-06-22T04:30:00.113,40.2
2026-06-22T04:35:00.084,40.2
2026-06-22T04:40:00.083,40.2
2026-06-22T04:45:00.107,39.9
2026-06-22T04:50:00.083,39.9
2026-06-22T04:55:00.082,39.6
2026-06-22T05:00:00.111,39.6
2026-06-22T05:05:00.082,39.6
2026-06-22T05:10:00.075,39.6
2026-06-22T05:15:00.106,39.6
2026-06-22T05:20:00.079,39.9
2026-06-22T05:25:00.114,39.9
2026-06-22T05:30:00.080,39.6
2026-06-22T05:35:00.078,39.3
2026-06-22T05:40:00.110,39.0
2026-06-22T05:45:00.083,39.0
2026-06-22T05:50:00.080,38.6
2026-06-22T05:55:00.107,38.3
2026-06-22T06:00:00.084,38.0
2026-06-22T06:05:00.075,37.7
2026-06-22T06:10:00.112,37.3
2026-06-22T06:15:00.076,37.3
2026-06-22T06:20:00.081,37.0
2026-06-22T06:25:00.106,37.0
2026-06-22T06:30:00.075,36.7
2026-06-22T06:35:00.084,36.7
2026-06-22T06:40:00.109,36.7
2026-06-22T06:45:00.081,36.7
2026-06-22T06:50:00.080,37.0
2026-06-22T06:55:00.113,37.0
2026-06-22T07:00:00.079,37.0
2026-06-22T07:05:00.102,37.0
2026-06-22T07:10:00.077,37.0
2026-06-22T07:15:00.078,37.0
2026-06-22T07:20:00.107,37.0
2026-06-22T07:25:00.083,37.0
2026-06-22T07:30:00.081,37.0
2026-06-22T07:35:00.112,37.0
2026-06-22T07:40:00.083,37.0
2026-06-22T07:45:00.079,37.0
2026-06-22T07:50:00.108,37.0
2026-06-22T07:55:00.076,37.0
2026-06-22T08:00:00.083,37.0
2026-06-22T08:05:00.112,37.0
2026-06-22T08:10:00.079,37.0
2026-06-22T08:15:00.084,37.0
2026-06-22T08:20:00.112,37.0
2026-06-22T08:25:00.083,36.7
2026-06-22T08:30:00.112,36.7
2026-06-22T08:35:00.080,36.7
2026-06-22T08:40:00.082,36.4
2026-06-22T08:45:00.112,36.4
2026-06-22T08:50:00.076,36.4
2026-06-22T08:55:00.077,36.4
2026-06-22T09:00:00.113,36.4
2026-06-22T09:05:00.082,36.4
2026-06-22T09:10:00.077,36.4
2026-06-22T09:15:00.106,36.0
2026-06-22T09:20:00.081,36.0
2026-06-22T09:25:00.085,36.0
2026-06-22T09:30:00.105,36.0
2026-06-22T09:35:00.077,36.0
2026-06-22T09:40:00.076,36.0
2026-06-22T09:45:00.107,36.0
2026-06-22T09:50:00.079,36.0
2026-06-22T09:55:00.080,36.0
2026-06-22T10:00:00.107,36.0
2026-06-22T10:05:00.081,35.7
2026-06-22T10:10:00.112,35.7
2026-06-22T10:15:00.078,35.7
2026-06-22T10:20:00.077,35.7
2026-06-22T10:25:00.112,35.7
2026-06-22T10:30:00.078,35.7
2026-06-22T10:35:00.082,35.4
2026-06-22T10:40:00.112,35.4
2026-06-22T10:45:00.079,35.4
2026-06-22T10:50:00.076,35.4
2026-06-22T10:55:00.112,35.4
2026-06-22T11:00:00.078,35.4
2026-06-22T11:05:00.075,35.4
2026-06-22T11:10:00.106,35.4
2026-06-22T11:15:00.075,35.4
2026-06-22T11:20:00.076,35.4
2026-06-22T11:25:00.109,35.7
2026-06-22T11:30:00.075,35.7
2026-06-22T11:35:00.106,35.7
2026-06-22T11:40:00.083,35.7
2026-06-22T11:45:00.080,35.7
2026-06-22T11:50:00.102,35.4
2026-06-22T11:55:00.074,35.7
2026-06-22T12:00:00.075,35.7
2026-06-22T12:05:00.104,35.4
2026-06-22T12:10:00.074,35.4
2026-06-22T12:15:00.078,35.1
2026-06-22T12:20:00.101,35.1
2026-06-22T12:25:00.076,34.8
2026-06-23T02:25:00.104,50.9
2026-06-23T02:30:00.080,49.9
2026-06-23T02:35:00.082,49.3
2026-06-23T02:40:00.106,48.3
2026-06-23T02:45:00.078,47.7
2026-06-23T02:50:00.073,47.3
2026-06-23T02:55:00.111,46.7
2026-06-23T03:00:00.073,46.4
2026-06-23T03:05:00.077,45.7
2026-06-23T03:10:00.106,45.4
2026-06-23T03:15:00.077,45.1
2026-06-23T03:20:00.106,44.8
2026-06-23T03:25:00.083,44.4
2026-06-23T03:30:00.082,44.4
2026-06-23T03:35:00.113,44.1
2026-06-23T03:40:00.077,43.8
2026-06-23T03:45:00.078,43.5
2026-06-23T03:50:00.113,43.5
2026-06-23T03:55:00.075,43.1
2026-06-23T04:00:00.083,43.1
2026-06-23T04:05:00.112,42.8
2026-06-23T04:10:00.077,42.8
2026-06-23T04:15:00.083,42.5
2026-06-23T04:20:00.114,42.5
2026-06-23T04:25:00.077,42.2
2026-06-23T04:30:00.082,41.9
2026-06-23T04:35:00.113,41.9
2026-06-23T04:40:00.079,41.9
2026-06-23T04:45:00.108,41.9
2026-06-23T04:50:00.084,41.5
2026-06-23T04:55:00.078,41.5
2026-06-23T05:00:00.108,41.2
2026-06-23T05:05:00.079,41.2
2026-06-23T05:10:00.077,40.9
2026-06-23T05:15:00.112,40.9
2026-06-23T05:20:00.079,41.2
2026-06-23T05:25:00.082,41.2
2026-06-23T05:30:00.107,41.2
2026-06-23T05:35:00.079,41.2
2026-06-23T05:40:00.085,40.9
2026-06-23T05:45:00.105,40.9
2026-06-23T05:50:00.084,40.6
2026-06-23T05:55:00.079,40.6
2026-06-23T06:00:00.106,40.2
2026-06-23T06:05:00.082,39.9
2026-06-23T06:10:00.078,39.9
2026-06-23T06:15:00.105,39.9
2026-06-23T06:20:00.082,39.6
2026-06-23T06:25:00.107,39.6
2026-06-23T06:30:00.084,39.6
2026-06-23T06:35:00.078,39.6
2026-06-23T06:40:00.114,39.3
2026-06-23T06:45:00.081,39.3
2026-06-23T06:50:00.077,39.3
2026-06-23T06:55:00.112,39.3
2026-06-23T07:00:00.079,39.3
2026-06-23T07:05:00.078,39.3
2026-06-23T07:10:00.105,39.3
2026-06-23T07:15:00.077,39.3
2026-06-23T07:20:00.076,39.0
2026-06-23T07:25:00.105,39.0
2026-06-23T07:30:00.076,38.6
2026-06-23T07:35:00.085,38.6
2026-06-23T07:40:00.110,38.6
2026-06-23T07:45:00.083,38.6
2026-06-23T07:50:00.113,38.6
2026-06-23T07:55:00.080,38.6
2026-06-23T08:00:00.083,38.6
2026-06-23T08:05:00.107,38.6
2026-06-23T08:10:00.075,38.6
2026-06-23T08:15:00.082,38.6
2026-06-23T08:20:00.112,38.3
2026-06-23T08:25:00.083,38.3
2026-06-23T08:30:00.083,38.0
2026-06-23T08:35:00.112,38.0
2026-06-23T08:40:00.079,37.7
2026-06-23T08:45:00.083,37.7
2026-06-23T08:50:00.108,37.7
2026-06-23T08:55:00.082,37.7
2026-06-23T09:00:00.084,37.7
2026-06-23T09:05:00.113,37.7
2026-06-23T09:10:00.076,37.7
2026-06-23T09:15:00.114,37.7
2026-06-23T09:20:00.082,37.7
2026-06-23T09:25:00.075,37.3
2026-06-23T09:30:00.112,37.3
2026-06-23T09:35:00.077,37.3
2026-06-23T09:40:00.078,37.3
2026-06-23T09:45:00.108,37.3
2026-06-23T09:50:00.083,37.3
2026-06-23T09:55:00.084,37.3
2026-06-23T10:00:00.110,37.3
2026-06-23T10:05:00.079,37.3
2026-06-23T10:10:00.075,37.3
2026-06-23T10:15:00.111,37.3
2026-06-23T10:20:00.082,37.3
2026-06-23T10:25:00.080,37.3
2026-06-23T10:30:00.109,37.3
2026-06-23T10:35:00.079,37.3
2026-06-23T10:40:00.078,37.3
2026-06-23T10:45:00.114,37.3
2026-06-23T10:50:00.084,37.3
2026-06-23T10:55:00.107,37.3
2026-06-23T11:00:00.081,37.3
2026-06-23T11:05:00.082,37.3
2026-06-23T11:10:00.105,37.3
2026-06-23T11:15:00.079,37.3
2026-06-23T11:20:00.083,37.3
2026-06-23T11:25:00.113,37.3
2026-06-23T11:30:00.075,37.3
2026-06-23T11:35:00.076,37.3
2026-06-23T11:40:00.109,37.3
2026-06-23T11:45:00.079,37.0
2026-06-23T11:50:00.072,37.0
2026-06-23T11:55:00.110,37.0
2026-06-23T12:00:00.072,37.0
2026-06-23T12:05:00.080,36.7
2026-06-23T12:10:00.105,37.0
2026-06-23T12:15:00.071,36.7
2026-06-23T12:20:00.108,36.7
2026-06-23T12:25:00.073,36.7
2026-06-24T02:25:00.104,50.6
2026-06-24T02:30:00.075,49.9
2026-06-24T02:35:00.081,49.3
2026-06-24T02:40:00.110,48.3
2026-06-24T02:45:00.073,48.0
2026-06-24T02:50:00.081,47.3
2026-06-24T02:55:00.106,46.7
2026-06-24T03:00:00.078,46.4
2026-06-24T03:05:00.078,46.4
2026-06-24T03:10:00.109,45.7
2026-06-24T03:15:00.081,45.7
2026-06-24T03:20:00.080,45.4
2026-06-24T03:25:00.109,45.1
2026-06-24T03:30:00.077,45.1
2026-06-24T03:35:00.078,45.1
2026-06-24T03:40:00.108,44.8
2026-06-24T03:45:00.079,44.8
2026-06-24T03:50:00.080,44.4
2026-06-24T03:55:00.106,44.4
2026-06-24T04:00:00.074,44.1
2026-06-24T04:05:00.111,44.1
2026-06-24T04:10:00.084,43.8
2026-06-24T04:15:00.076,43.5
2026-06-24T04:20:00.109,43.1
2026-06-24T04:25:00.080,43.1
2026-06-24T04:30:00.084,43.1
2026-06-24T04:35:00.109,42.8
2026-06-24T04:40:00.077,42.8
2026-06-24T04:45:00.079,42.8
2026-06-24T04:50:00.106,42.8
2026-06-24T04:55:00.076,42.8
2026-06-24T05:00:00.078,42.5
2026-06-24T05:05:00.106,42.5
2026-06-24T05:10:00.078,42.5
2026-06-24T05:15:00.083,42.2
2026-06-24T05:20:00.111,42.2
2026-06-24T05:25:00.079,42.5
2026-06-24T05:30:00.110,42.2
2026-06-24T05:35:00.076,42.2
2026-06-24T05:40:00.083,41.9
2026-06-24T05:45:00.110,41.5
2026-06-24T05:50:00.077,41.5
2026-06-24T05:55:00.079,41.2
2026-06-24T06:00:00.107,41.2
2026-06-24T06:05:00.083,41.2
2026-06-24T06:10:00.080,40.9
2026-06-24T06:15:00.114,40.9
2026-06-24T06:20:00.074,40.9
2026-06-24T06:25:00.084,40.9
2026-06-24T06:30:00.113,40.9
2026-06-24T06:35:00.076,41.5
2026-06-24T06:40:00.077,42.2
2026-06-24T06:45:00.104,42.5
2026-06-24T06:50:00.076,43.1
2026-06-24T06:55:00.083,43.1
2026-06-24T07:00:00.112,43.5
2026-06-24T07:05:00.075,43.5
2026-06-24T07:10:00.106,43.5
2026-06-24T07:15:00.076,43.5
2026-06-24T07:20:00.079,43.5
2026-06-24T07:25:00.106,43.5
2026-06-24T07:30:00.084,43.5
2026-06-24T07:35:00.076,43.5
2026-06-24T07:40:00.109,43.1
2026-06-24T07:45:00.077,43.1
2026-06-24T07:50:00.084,43.1
2026-06-24T07:55:00.108,42.8
2026-06-24T08:00:00.081,42.8
2026-06-24T08:05:00.076,42.5
2026-06-24T08:10:00.111,42.5
2026-06-24T08:15:00.079,42.2
2026-06-24T08:20:00.075,42.2
2026-06-24T08:25:00.108,41.9
2026-06-24T08:30:00.075,41.9
2026-06-24T08:35:00.107,41.9
2026-06-24T08:40:00.080,41.5
2026-06-24T08:45:00.078,41.5
2026-06-24T08:50:00.113,41.2
2026-06-24T08:55:00.082,41.2
2026-06-24T09:00:00.075,40.9
2026-06-24T09:05:00.108,40.9
2026-06-24T09:10:00.083,40.6
2026-06-24T09:15:00.082,40.6
2026-06-24T09:20:00.108,40.6
2026-06-24T09:25:00.076,40.6
2026-06-24T09:30:00.079,40.6
2026-06-24T09:35:00.113,40.6
2026-06-24T09:40:00.076,40.6
2026-06-24T09:45:00.077,40.6
2026-06-24T09:50:00.114,40.6
2026-06-24T09:55:00.078,40.6
2026-06-24T10:00:00.114,40.2
2026-06-24T10:05:00.080,40.2
2026-06-24T10:10:00.082,40.2
2026-06-24T10:15:00.110,40.2
2026-06-24T10:20:00.080,40.2
2026-06-24T10:25:00.084,40.2
2026-06-24T10:30:00.106,40.2
2026-06-24T10:35:00.084,40.2
2026-06-24T10:40:00.076,40.2
2026-06-24T10:45:00.109,40.6
2026-06-24T10:50:00.078,40.6
2026-06-24T10:55:00.074,40.6
2026-06-24T11:00:00.112,40.6
2026-06-24T11:05:00.081,40.2
2026-06-24T11:10:00.083,40.2
2026-06-24T11:15:00.105,40.2
2026-06-24T11:20:00.081,39.9
2026-06-24T11:25:00.079,39.9
2026-06-24T11:30:00.114,39.9
2026-06-24T11:35:00.075,39.9
2026-06-24T11:40:00.108,39.6
2026-06-24T11:45:00.082,39.6
2026-06-24T11:50:00.082,39.6
2026-06-24T11:55:00.107,39.6
2026-06-24T12:00:00.072,39.6
2026-06-24T12:05:00.074,39.3
2026-06-24T12:10:00.103,39.3
2026-06-24T12:15:00.077,39.3
2026-06-24T12:20:00.073,39.3
2026-06-24T12:25:00.102,39.3
2026-06-24T12:30:00.081,39.0
2026-06-25T02:25:00.107,50.2
2026-06-25T02:30:00.072,49.9
2026-06-25T02:35:00.106,49.3
2026-06-25T02:40:00.079,48.6
2026-06-25T02:45:00.075,48.0
2026-06-25T02:50:00.110,47.7
2026-06-25T02:55:00.073,47.3
2026-06-25T03:00:00.073,47.0
2026-06-25T03:05:00.104,46.7
2026-06-25T03:10:00.076,46.7
2026-06-25T03:15:00.085,46.4
2026-06-25T03:20:00.107,46.0
2026-06-25T03:25:00.084,46.0
2026-06-25T03:30:00.076,45.7
2026-06-25T03:35:00.114,45.4
2026-06-25T03:40:00.084,45.4
2026-06-25T03:45:00.080,45.1
2026-06-25T03:50:00.105,45.1
2026-06-25T03:55:00.084,45.1
2026-06-25T04:00:00.105,44.8
2026-06-25T04:05:00.078,44.8
2026-06-25T04:10:00.082,44.8
2026-06-25T04:15:00.105,44.4
2026-06-25T04:20:00.078,44.4
2026-06-25T04:25:00.083,44.4
2026-06-25T04:30:00.106,44.4
2026-06-25T04:35:00.077,44.1
2026-06-25T04:40:00.077,44.1
2026-06-25T04:45:00.110,44.1
2026-06-25T04:50:00.081,43.8
2026-06-25T04:55:00.081,43.8
2026-06-25T05:00:00.109,43.5
2026-06-25T05:05:00.081,43.1
2026-06-25T05:10:00.081,43.1
2026-06-25T05:15:00.106,43.1
2026-06-25T05:20:00.084,42.8
2026-06-25T05:25:00.113,42.8
2026-06-25T05:30:00.080,42.5
2026-06-25T05:35:00.081,42.5
2026-06-25T05:40:00.110,42.2
2026-06-25T05:45:00.077,42.2
2026-06-25T05:50:00.077,42.2
2026-06-25T05:55:00.113,41.9
2026-06-25T06:00:00.075,41.9
2026-06-25T06:05:00.075,41.9
2026-06-25T06:10:00.105,41.9
2026-06-25T06:15:00.083,41.9
2026-06-25T06:20:00.076,41.9
2026-06-25T06:25:00.114,41.9
2026-06-25T06:30:00.084,41.9
2026-06-25T06:35:00.075,41.5
2026-06-25T06:40:00.109,41.5
2026-06-25T06:45:00.075,41.2
2026-06-25T06:50:00.082,41.2
2026-06-25T06:55:00.107,40.9
2026-06-25T07:00:00.078,40.9
2026-06-25T07:05:00.101,40.6
2026-06-25T07:10:00.085,40.6
2026-06-25T07:15:00.078,40.2
2026-06-25T07:20:00.108,40.2
2026-06-25T07:25:00.080,40.2
2026-06-25T07:30:00.077,40.2
2026-06-25T07:35:00.111,40.2
2026-06-25T07:40:00.079,40.2
2026-06-25T07:45:00.080,40.2
2026-06-25T07:50:00.106,40.2
2026-06-25T07:55:00.080,40.2
2026-06-25T08:00:00.083,40.2
2026-06-25T08:05:00.105,40.2
2026-06-25T08:10:00.081,40.2
2026-06-25T08:15:00.077,40.2
2026-06-25T08:20:00.106,40.2
2026-06-25T08:25:00.083,40.2
2026-06-25T08:30:00.107,40.2
2026-06-25T08:35:00.077,40.2
2026-06-25T08:40:00.084,40.2
2026-06-25T08:45:00.111,40.2
2026-06-25T08:50:00.078,39.9
2026-06-25T08:55:00.075,40.2
2026-06-25T09:00:00.108,40.2
2026-06-25T09:05:00.077,40.2
2026-06-25T09:10:00.079,40.2
2026-06-25T09:15:00.108,40.2
2026-06-25T09:20:00.082,40.2
2026-06-25T09:25:00.080,40.2
2026-06-25T09:30:00.110,40.2
2026-06-25T09:35:00.081,40.2
2026-06-25T09:40:00.078,40.2
2026-06-25T09:45:00.111,40.2
2026-06-25T09:50:00.080,40.2
2026-06-25T09:55:00.083,40.2
2026-06-25T10:00:00.114,39.9
2026-06-25T10:05:00.075,39.9
2026-06-25T10:10:00.106,39.9
2026-06-25T10:15:00.080,39.9
2026-06-25T10:20:00.077,39.9
2026-06-25T10:25:00.112,39.6
2026-06-25T10:30:00.085,39.6
2026-06-25T10:35:00.075,39.6
2026-06-25T10:40:00.108,39.3
2026-06-25T10:45:00.082,39.3
2026-06-25T10:50:00.083,39.3
2026-06-25T10:55:00.115,39.3
2026-06-25T11:00:00.084,39.3
2026-06-25T11:05:00.078,39.3
2026-06-25T11:10:00.115,39.3
2026-06-25T11:15:00.079,39.0
2026-06-25T11:20:00.081,39.0
2026-06-25T11:25:00.111,38.6
2026-06-25T11:30:00.081,38.6
2026-06-25T11:35:00.112,38.6
2026-06-25T11:40:00.074,38.3
2026-06-25T11:45:00.072,38.3
2026-06-25T11:50:00.104,38.3
2026-06-25T11:55:00.081,38.3
2026-06-25T12:00:00.076,38.0
2026-06-25T12:05:00.112,38.0
2026-06-25T12:10:00.072,38.0
2026-06-25T12:15:00.082,37.7
2026-06-25T12:20:00.101,38.0
2026-06-25T12:25:00.077,37.7
2026-06-25T12:30:00.076,38.0
2026-06-26T02:25:00.103,49.6
2026-06-26T02:30:00.074,49.3
2026-06-26T02:35:00.076,48.3
2026-06-26T02:40:00.107,48.0
2026-06-26T02:45:00.082,47.7
2026-06-26T02:50:00.080,47.3
2026-06-26T02:55:00.109,47.0
2026-06-26T03:00:00.074,46.7
2026-06-26T03:05:00.081,46.4
2026-06-26T03:10:00.113,46.0
2026-06-26T03:15:00.078,45.7
2026-06-26T03:20:00.106,45.7
2026-06-26T03:25:00.077,45.4
2026-06-26T03:30:00.082,45.1
2026-06-26T03:35:00.108,45.1
2026-06-26T03:40:00.079,45.1
2026-06-26T03:45:00.082,45.1
2026-06-26T03:50:00.109,44.8
2026-06-26T03:55:00.079,44.8
2026-06-26T04:00:00.078,44.4
2026-06-26T04:05:00.110,44.4
2026-06-26T04:10:00.077,44.1
2026-06-26T04:15:00.084,44.1
2026-06-26T04:20:00.112,43.8
2026-06-26T04:25:00.079,43.5
2026-06-26T04:30:00.082,43.5
2026-06-26T04:35:00.110,43.5
2026-06-26T04:40:00.081,43.5
2026-06-26T04:45:00.110,43.1
2026-06-26T04:50:00.079,43.1
2026-06-26T04:55:00.080,43.1
2026-06-26T05:00:00.111,43.1
2026-06-26T05:05:00.083,43.1
2026-06-26T05:10:00.084,43.1
2026-06-26T05:15:00.109,43.1
2026-06-26T05:20:00.079,43.1
2026-06-26T05:25:00.080,42.8
2026-06-26T05:30:00.107,42.8
2026-06-26T05:35:00.081,42.8
2026-06-26T05:40:00.078,42.8
2026-06-26T05:45:00.105,42.8
2026-06-26T05:50:00.078,42.5
2026-06-26T05:55:00.074,42.5
2026-06-26T06:00:00.107,42.5
2026-06-26T06:05:00.083,42.5
2026-06-26T06:10:00.081,42.2
2026-06-26T06:15:00.109,42.2
2026-06-26T06:20:00.077,42.2
2026-06-26T06:25:00.114,41.9
2026-06-26T06:30:00.083,41.9
2026-06-26T06:35:00.084,41.9
2026-06-26T06:40:00.112,41.9
2026-06-26T06:45:00.079,41.5
2026-06-26T06:50:00.078,41.5
2026-06-26T06:55:00.106,41.2
2026-06-26T07:00:00.080,41.2
2026-06-26T07:05:00.081,40.9
2026-06-26T07:10:00.107,40.6
2026-06-26T07:15:00.076,40.6
2026-06-26T07:20:00.077,40.6
2026-06-26T07:25:00.107,40.6
2026-06-26T07:30:00.082,40.6
2026-06-26T07:35:00.084,40.6
2026-06-26T07:40:00.113,40.6
2026-06-26T07:45:00.081,40.6
2026-06-26T07:50:00.106,40.6
2026-06-26T07:55:00.079,40.6
2026-06-26T08:00:00.079,40.6
2026-06-26T08:05:00.104,40.6
2026-06-26T08:10:00.076,40.2
2026-06-26T08:15:00.082,40.2
2026-06-26T08:20:00.106,40.2
2026-06-26T08:25:00.083,40.2
2026-06-26T08:30:00.077,39.9
2026-06-26T08:35:00.104,39.9
2026-06-26T08:40:00.079,39.9
2026-06-26T08:45:00.083,39.6
2026-06-26T08:50:00.112,39.6
2026-06-26T08:55:00.078,39.3
2026-06-26T09:00:00.079,39.3
2026-06-26T09:05:00.106,39.3
2026-06-26T09:10:00.078,39.3
2026-06-26T09:15:00.084,39.3
2026-06-26T09:20:00.108,39.3
2026-06-26T09:25:00.080,39.0
2026-06-26T09:30:00.112,39.0
2026-06-26T09:35:00.082,39.0
2026-06-26T09:40:00.081,38.6
2026-06-26T09:45:00.114,38.6
2026-06-26T09:50:00.077,38.3
2026-06-26T09:55:00.082,38.0
2026-06-26T10:00:00.111,38.0
2026-06-26T10:05:00.085,37.7
2026-06-26T10:10:00.084,37.7
2026-06-26T10:15:00.110,37.7
2026-06-26T10:20:00.082,37.7
2026-06-26T10:25:00.078,37.7
2026-06-26T10:30:00.104,37.3
2026-06-26T10:35:00.078,37.3
2026-06-26T10:40:00.084,37.3
2026-06-26T10:45:00.109,37.3
2026-06-26T10:50:00.085,37.3
2026-06-26T10:55:00.110,37.3
2026-06-26T11:00:00.077,37.3
2026-06-26T11:05:00.080,37.7
2026-06-26T11:10:00.111,37.7
2026-06-26T11:15:00.077,37.7
2026-06-26T11:20:00.083,37.3
2026-06-26T11:25:00.112,37.3
2026-06-26T11:30:00.084,37.3
2026-06-26T11:35:00.079,37.3
2026-06-26T11:40:00.112,37.3
2026-06-26T11:45:00.078,37.3
2026-06-26T11:50:00.074,37.7
2026-06-26T11:55:00.104,37.7
2026-06-26T12:00:00.071,37.3
2026-06-26T12:05:00.076,37.3
2026-06-26T12:10:00.102,37.3
2026-06-26T12:15:00.076,37.0
2026-06-26T12:20:00.104,37.0
2026-06-26T12:25:00.075,37.0
2026-06-26T12:30:00.080,37.0
2026-06-27T02:25:00.076,47.7
2026-06-27T02:30:00.109,47.3
2026-06-27T02:35:00.080,47.0
2026-06-27T02:40:00.075,46.7
2026-06-27T02:45:00.103,46.4
2026-06-27T02:50:00.079,46.0
2026-06-27T02:55:00.107,45.7
2026-06-27T03:00:00.075,45.7
2026-06-27T03:05:00.073,45.4
2026-06-27T03:10:00.105,45.4
2026-06-27T03:15:00.078,45.4
2026-06-27T03:20:00.075,45.4
2026-06-27T03:25:00.110,45.1
2026-06-27T03:30:00.077,45.1
2026-06-27T03:35:00.081,44.8
2026-06-27T03:40:00.109,44.8
2026-06-27T03:45:00.079,44.8
2026-06-27T03:50:00.078,44.4
2026-06-27T03:55:00.104,44.4
2026-06-27T04:00:00.083,44.4
2026-06-27T04:05:00.076,44.1
2026-06-27T04:10:00.108,44.1
2026-06-27T04:15:00.076,44.1
2026-06-27T04:20:00.084,44.1
2026-06-27T04:25:00.110,43.8
2026-06-27T04:30:00.080,43.8
2026-06-27T04:35:00.107,43.8
2026-06-27T04:40:00.082,43.5
2026-06-27T04:45:00.077,43.5
2026-06-27T04:50:00.106,43.5
2026-06-27T04:55:00.078,43.1
2026-06-27T05:00:00.079,43.1
2026-06-27T05:05:00.105,43.1
2026-06-27T05:10:00.082,42.8
2026-06-27T05:15:00.084,42.8
2026-06-27T05:20:00.107,42.8
2026-06-27T05:25:00.084,42.8
2026-06-27T05:30:00.075,42.8
2026-06-27T05:35:00.112,42.5
2026-06-27T05:40:00.083,42.5
2026-06-27T05:45:00.084,42.5
2026-06-27T05:50:00.111,42.5
2026-06-27T05:55:00.083,42.2
2026-06-27T06:00:00.111,42.2
2026-06-27T06:05:00.081,42.2
2026-06-27T06:10:00.077,42.2
2026-06-27T06:15:00.109,41.9
2026-06-27T06:20:00.082,41.9
2026-06-27T06:25:00.084,41.9
2026-06-27T06:30:00.110,41.5
2026-06-27T06:35:00.079,41.5
2026-06-27T06:40:00.080,41.2
2026-06-27T06:45:00.110,41.2
2026-06-27T06:50:00.079,41.2
2026-06-27T06:55:00.081,40.9
2026-06-27T07:00:00.114,40.9
2026-06-27T07:05:00.075,40.9
2026-06-27T07:10:00.077,40.9
2026-06-27T07:15:00.114,40.9
2026-06-27T07:20:00.084,40.6
2026-06-27T07:25:00.077,40.6
2026-06-27T07:30:00.114,40.2
2026-06-27T07:35:00.076,40.2
2026-06-27T07:40:00.104,40.2
2026-06-27T07:45:00.082,40.2
2026-06-27T07:50:00.081,40.6
2026-06-27T07:55:00.109,40.6
2026-06-27T08:00:00.083,40.6
2026-06-27T08:05:00.082,40.6
2026-06-27T08:10:00.107,40.6
2026-06-27T08:15:00.075,40.6
2026-06-27T08:20:00.080,40.6
2026-06-27T08:25:00.111,40.6
2026-06-27T08:30:00.081,40.6
2026-06-27T08:35:00.078,40.9
2026-06-27T08:40:00.107,40.9
2026-06-27T08:45:00.083,40.9
2026-06-27T08:50:00.083,40.9
2026-06-27T08:55:00.114,40.6
2026-06-27T09:00:00.084,40.6
2026-06-27T09:05:00.112,40.6
2026-06-27T09:10:00.083,40.2
2026-06-27T09:15:00.084,40.2
2026-06-27T09:20:00.113,39.9
2026-06-27T09:25:00.076,39.9
2026-06-27T09:30:00.083,39.6
2026-06-27T09:35:00.114,39.6
2026-06-27T09:40:00.078,39.3
2026-06-27T09:45:00.082,39.3
2026-06-27T09:50:00.107,39.0
2026-06-27T09:55:00.076,39.0
2026-06-27T10:00:00.077,38.6
2026-06-27T10:05:00.103,38.6
2026-06-27T10:10:00.076,38.3
2026-06-27T10:15:00.081,38.3
2026-06-27T10:20:00.110,38.3
2026-06-27T10:25:00.075,38.3
2026-06-27T10:30:00.080,38.3
2026-06-27T10:35:00.107,38.3
2026-06-27T10:40:00.076,38.3
2026-06-27T10:45:00.106,38.3
2026-06-27T10:50:00.079,38.3
2026-06-27T10:55:00.083,38.3
2026-06-27T11:00:00.106,38.0
2026-06-27T11:05:00.080,38.0
2026-06-27T11:10:00.076,38.0
2026-06-27T11:15:00.106,38.0
2026-06-27T11:20:00.084,38.0
2026-06-27T11:25:00.075,38.0
2026-06-27T11:30:00.108,37.7
2026-06-27T11:35:00.082,37.7
2026-06-27T11:40:00.076,37.7
2026-06-27T11:45:00.102,37.3
2026-06-27T11:50:00.078,37.3
2026-06-27T11:55:00.081,37.0
2026-06-27T12:00:00.103,36.7
2026-06-27T12:05:00.078,36.7
2026-06-27T12:10:00.108,36.7
2026-06-27T12:15:00.075,36.4
2026-06-27T12:20:00.080,36.4
2026-06-27T12:25:00.111,36.4
2026-06-27T12:30:00.077,36.4
2026-06-28T02:25:00.111,47.7
2026-06-28T02:30:00.075,47.3
2026-06-28T02:35:00.072,46.7
2026-06-28T02:40:00.103,46.0
2026-06-28T02:45:00.074,45.7
2026-06-28T02:50:00.075,45.4
2026-06-28T02:55:00.104,45.1
2026-06-28T03:00:00.075,44.8
2026-06-28T03:05:00.102,44.4
2026-06-28T03:10:00.079,44.4
2026-06-28T03:15:00.083,44.1
2026-06-28T03:20:00.112,44.1
2026-06-28T03:25:00.083,43.8
2026-06-28T03:30:00.082,43.8
2026-06-28T03:35:00.109,43.8
2026-06-28T03:40:00.082,43.5
2026-06-28T03:45:00.082,43.5
2026-06-28T03:50:00.112,43.1
2026-06-28T03:55:00.083,43.1
2026-06-28T04:00:00.079,43.1
2026-06-28T04:05:00.107,42.8
2026-06-28T04:10:00.083,42.8
2026-06-28T04:15:00.077,42.8
2026-06-28T04:20:00.114,42.8
2026-06-28T04:25:00.080,42.5
2026-06-28T04:30:00.075,42.5
2026-06-28T04:35:00.104,42.2
2026-06-28T04:40:00.078,42.2
2026-06-28T04:45:00.110,41.9
2026-06-28T04:50:00.076,41.9
2026-06-28T04:55:00.076,41.5
2026-06-28T05:00:00.106,41.5
2026-06-28T05:05:00.083,41.5
2026-06-28T05:10:00.076,41.5
2026-06-28T05:15:00.112,41.2
2026-06-28T05:20:00.078,41.2
2026-06-28T05:25:00.081,41.2
2026-06-28T05:30:00.106,41.2
2026-06-28T05:35:00.080,41.2
2026-06-28T05:40:00.082,41.2
2026-06-28T05:45:00.112,41.2
2026-06-28T05:50:00.083,40.9
2026-06-28T05:55:00.082,40.9
2026-06-28T06:00:00.109,40.9
2026-06-28T06:05:00.078,40.9
2026-06-28T06:10:00.110,40.6
2026-06-28T06:15:00.075,40.6
2026-06-28T06:20:00.083,40.6
2026-06-28T06:25:00.115,40.6
2026-06-28T06:30:00.077,40.2
2026-06-28T06:35:00.081,40.2
2026-06-28T06:40:00.108,40.2
2026-06-28T06:45:00.081,39.9
2026-06-28T06:50:00.084,39.9
2026-06-28T06:55:00.108,39.9
2026-06-28T07:00:00.083,39.6
2026-06-28T07:05:00.080,39.6
2026-06-28T07:10:00.106,39.6
2026-06-28T07:15:00.078,39.6
2026-06-28T07:20:00.082,39.6
2026-06-28T07:25:00.110,39.3
2026-06-28T07:30:00.077,39.6
2026-06-28T07:35:00.106,39.3
2026-06-28T07:40:00.081,39.3
2026-06-28T07:45:00.079,39.3
2026-06-28T07:50:00.107,39.3
2026-06-28T07:55:00.076,39.0
2026-06-28T08:00:00.081,39.0
2026-06-28T08:05:00.113,39.0
2026-06-28T08:10:00.077,39.0
2026-06-28T08:15:00.082,38.6
2026-06-28T08:20:00.108,38.6
2026-06-28T08:25:00.082,38.6
2026-06-28T08:30:00.077,38.6
2026-06-28T08:35:00.103,38.6
2026-06-28T08:40:00.083,38.3
2026-06-28T08:45:00.081,38.3
2026-06-28T08:50:00.112,38.3
2026-06-28T08:55:00.076,38.0
2026-06-28T09:00:00.080,38.0
2026-06-28T09:05:00.113,38.0
2026-06-28T09:10:00.081,37.7
2026-06-28T09:15:00.112,37.7
2026-06-28T09:20:00.080,37.7
2026-06-28T09:25:00.078,37.7
2026-06-28T09:30:00.108,37.3
2026-06-28T09:35:00.081,37.3
2026-06-28T09:40:00.084,37.0
2026-06-28T09:45:00.104,36.7
2026-06-28T09:50:00.078,36.7
2026-06-28T09:55:00.084,36.7
2026-06-28T10:00:00.106,36.4
2026-06-28T10:05:00.075,36.4
2026-06-28T10:10:00.078,36.4
2026-06-28T10:15:00.105,36.4
2026-06-28T10:20:00.082,36.4
2026-06-28T10:25:00.078,36.4
2026-06-28T10:30:00.110,36.4
2026-06-28T10:35:00.078,36.4
2026-06-28T10:40:00.107,36.4
2026-06-28T10:45:00.079,36.4
2026-06-28T10:50:00.078,36.4
2026-06-28T10:55:00.113,36.4
2026-06-28T11:00:00.077,36.4
2026-06-28T11:05:00.085,36.4
2026-06-28T11:10:00.110,36.7
2026-06-28T11:15:00.079,36.7
2026-06-28T11:20:00.083,36.7
2026-06-28T11:25:00.114,36.7
2026-06-28T11:30:00.083,36.7
2026-06-28T11:35:00.076,36.7
2026-06-28T11:40:00.112,36.7
2026-06-28T11:45:00.073,36.7
2026-06-28T11:50:00.074,36.7
2026-06-28T11:55:00.109,36.7
2026-06-28T12:00:00.080,37.0
2026-06-28T12:05:00.072,37.0
2026-06-28T12:10:00.107,37.0
2026-06-28T12:15:00.072,37.3
2026-06-28T12:20:00.103,38.0
2026-06-28T12:25:00.079,38.0
2026-06-28T12:30:00.078,38.0
2026-06-29T02:25:00.073,46.4
2026-06-29T02:30:00.081,46.0
2026-06-29T02:35:00.102,45.7
2026-06-29T02:40:00.073,45.1
2026-06-29T02:45:00.081,44.8
2026-06-29T02:50:00.106,44.4
2026-06-29T02:55:00.082,43.8
2026-06-29T03:00:00.076,43.8
2026-06-29T03:05:00.111,43.1
2026-06-29T03:10:00.084,43.1
2026-06-29T03:15:00.106,43.1
2026-06-29T03:20:00.081,42.8
2026-06-29T03:25:00.077,42.8
2026-06-29T03:30:00.108,42.5
2026-06-29T03:35:00.081,42.5
2026-06-29T03:40:00.079,42.5
2026-06-29T03:45:00.103,42.2
2026-06-29T03:50:00.077,42.2
2026-06-29T03:55:00.082,42.2
2026-06-29T04:00:00.113,41.9
2026-06-29T04:05:00.079,41.9
2026-06-29T04:10:00.079,41.5
2026-06-29T04:15:00.114,41.5
2026-06-29T04:20:00.076,41.5
2026-06-29T04:25:00.075,41.2
2026-06-29T04:30:00.104,40.9
2026-06-29T04:35:00.080,40.9
2026-06-29T04:40:00.076,40.6
2026-06-29T04:45:00.106,40.6
2026-06-29T04:50:00.079,40.2
2026-06-29T04:55:00.113,39.9
2026-06-29T05:00:00.082,39.9
2026-06-29T05:05:00.079,39.6
2026-06-29T05:10:00.105,39.6
2026-06-29T05:15:00.083,39.6
2026-06-29T05:20:00.084,39.3
2026-06-29T05:25:00.115,39.3
2026-06-29T05:30:00.076,39.3
2026-06-29T05:35:00.077,39.0
2026-06-29T05:40:00.114,39.0
2026-06-29T05:45:00.075,39.0
2026-06-29T05:50:00.075,38.6
2026-06-29T05:55:00.112,38.6
2026-06-29T06:00:00.079,38.6
2026-06-29T06:05:00.082,38.6
2026-06-29T06:10:00.112,38.6
2026-06-29T06:15:00.077,38.6
2026-06-29T06:20:00.106,38.6
2026-06-29T06:25:00.084,38.6
2026-06-29T06:30:00.080,38.6
2026-06-29T06:35:00.110,38.6
2026-06-29T06:40:00.080,38.6
2026-06-29T06:45:00.081,38.3
2026-06-29T06:50:00.113,38.3
2026-06-29T06:55:00.082,38.0
2026-06-29T07:00:00.080,38.0
2026-06-29T07:05:00.108,38.0
2026-06-29T07:10:00.076,37.7
2026-06-29T07:15:00.081,37.7
2026-06-29T07:20:00.112,37.3
2026-06-29T07:25:00.083,37.3
2026-06-29T07:30:00.078,37.0
2026-06-29T07:35:00.109,37.0
2026-06-29T07:40:00.076,37.0
2026-06-29T07:45:00.082,36.7
2026-06-29T07:50:00.114,36.7
2026-06-29T07:55:00.081,36.7
2026-06-29T08:00:00.108,36.7
2026-06-29T08:05:00.075,36.4
2026-06-29T08:10:00.075,36.4
2026-06-29T08:15:00.113,36.0
2026-06-29T08:20:00.082,35.7
2026-06-29T08:25:00.084,35.7
2026-06-29T08:30:00.106,35.7
2026-06-29T08:35:00.085,35.4
2026-06-29T08:40:00.080,35.4
2026-06-29T08:45:00.113,35.4
2026-06-29T08:50:00.077,35.4
2026-06-29T08:55:00.078,35.4
2026-06-29T09:00:00.108,35.4
2026-06-29T09:05:00.082,35.4
2026-06-29T09:10:00.083,35.4
2026-06-29T09:15:00.114,35.4
2026-06-29T09:20:00.081,35.7
2026-06-29T09:25:00.113,35.7
2026-06-29T09:30:00.083,36.0
2026-06-29T09:35:00.079,36.0
2026-06-29T09:40:00.111,36.0
2026-06-29T09:45:00.079,36.0
2026-06-29T09:50:00.083,36.0
2026-06-29T09:55:00.113,36.4
2026-06-29T10:00:00.083,36.4
2026-06-29T10:05:00.081,36.4
2026-06-29T10:10:00.105,36.0
2026-06-29T10:15:00.076,36.0
2026-06-29T10:20:00.077,35.7
2026-06-29T10:25:00.109,35.7
2026-06-29T10:30:00.080,35.7
2026-06-29T10:35:00.082,36.0
2026-06-29T10:40:00.104,36.0
2026-06-29T10:45:00.083,36.0
2026-06-29T10:50:00.078,36.0
2026-06-29T10:55:00.106,36.4
2026-06-29T11:00:00.084,36.4
2026-06-29T11:05:00.110,36.4
2026-06-29T11:10:00.076,36.4
2026-06-29T11:15:00.082,36.4
2026-06-29T11:20:00.110,36.4
2026-06-29T11:25:00.079,36.4
2026-06-29T11:30:00.080,36.7
2026-06-29T11:35:00.110,36.4
2026-06-29T11:40:00.078,36.7
2026-06-29T11:45:00.083,36.7
2026-06-29T11:50:00.102,36.7
2026-06-29T11:55:00.072,36.7
2026-06-29T12:00:00.079,36.7
2026-06-29T12:05:00.108,36.7
2026-06-29T12:10:00.078,36.4
2026-06-29T12:15:00.075,36.4
2026-06-29T12:20:00.109,36.4
2026-06-29T12:25:00.074,36.4
2026-06-29T12:30:00.109,36.0
2026-06-30T02:25:00.112,46.0
2026-06-30T02:30:00.074,45.7
2026-06-30T02:35:00.074,45.4
2026-06-30T02:40:00.105,44.8
2026-06-30T02:45:00.074,44.4
2026-06-30T02:50:00.103,43.8
2026-06-30T02:55:00.078,43.5
2026-06-30T03:00:00.078,43.5
2026-06-30T03:05:00.101,42.8
2026-06-30T03:10:00.075,42.8
2026-06-30T03:15:00.084,42.5
2026-06-30T03:20:00.109,42.5
2026-06-30T03:25:00.079,42.2
2026-06-30T03:30:00.078,42.2
2026-06-30T03:35:00.113,41.9
2026-06-30T03:40:00.083,41.9
2026-06-30T03:45:00.077,41.5
2026-06-30T03:50:00.109,41.5
2026-06-30T03:55:00.075,41.5
2026-06-30T04:00:00.076,41.2
2026-06-30T04:05:00.109,41.2
2026-06-30T04:10:00.076,41.2
2026-06-30T04:15:00.113,40.9
2026-06-30T04:20:00.077,40.9
2026-06-30T04:25:00.083,40.6
2026-06-30T04:30:00.111,40.6
2026-06-30T04:35:00.078,40.6
2026-06-30T04:40:00.080,40.2
2026-06-30T04:45:00.105,40.2
2026-06-30T04:50:00.082,40.2
2026-06-30T04:55:00.078,39.9
2026-06-30T05:00:00.103,39.9
2026-06-30T05:05:00.083,39.9
2026-06-30T05:10:00.080,39.6
2026-06-30T05:15:00.108,39.6
2026-06-30T05:20:00.083,39.6
2026-06-30T05:25:00.075,39.6
2026-06-30T05:30:00.113,39.3
2026-06-30T05:35:00.075,39.3
2026-06-30T05:40:00.079,39.3
2026-06-30T05:45:00.109,39.3
2026-06-30T05:50:00.075,39.0
2026-06-30T05:55:00.106,39.0
2026-06-30T06:00:00.076,39.0
2026-06-30T06:05:00.080,39.0
2026-06-30T06:10:00.104,39.0
2026-06-30T06:15:00.084,39.0
2026-06-30T06:20:00.080,38.6
2026-06-30T06:25:00.113,38.6
2026-06-30T06:30:00.081,38.6
2026-06-30T06:35:00.077,38.6
2026-06-30T06:40:00.105,38.3
2026-06-30T06:45:00.078,38.3
2026-06-30T06:50:00.079,38.0
2026-06-30T06:55:00.108,38.0
2026-06-30T07:00:00.080,38.0
2026-06-30T07:05:00.077,37.7
2026-06-30T07:10:00.108,37.7
2026-06-30T07:15:00.084,37.7
2026-06-30T07:20:00.111,37.7
2026-06-30T07:25:00.081,37.3
2026-06-30T07:30:00.077,37.3
2026-06-30T07:35:00.109,37.3
2026-06-30T07:40:00.080,37.3
2026-06-30T07:45:00.079,37.3
2026-06-30T07:50:00.112,37.3
2026-06-30T07:55:00.083,37.3
2026-06-30T08:00:00.083,37.0
2026-06-30T08:05:00.108,37.0
2026-06-30T08:10:00.084,37.0
2026-06-30T08:15:00.077,37.0
2026-06-30T08:20:00.108,37.3
2026-06-30T08:25:00.082,37.3
2026-06-30T08:30:00.085,37.3
2026-06-30T08:35:00.109,37.3
2026-06-30T08:40:00.075,37.3
2026-06-30T08:45:00.080,37.3
2026-06-30T08:50:00.109,37.3
2026-06-30T08:55:00.075,37.3
2026-06-30T09:00:00.114,37.0
2026-06-30T09:05:00.078,37.0
2026-06-30T09:10:00.080,37.0
2026-06-30T09:15:00.108,37.0
2026-06-30T09:20:00.080,37.0
2026-06-30T09:25:00.083,36.7
2026-06-30T09:30:00.110,36.7
2026-06-30T09:35:00.081,36.4
2026-06-30T09:40:00.076,36.4
2026-06-30T09:45:00.105,36.4
2026-06-30T09:50:00.079,36.4
2026-06-30T09:55:00.079,36.4
2026-06-30T10:00:00.106,36.4
2026-06-30T10:05:00.076,36.0
2026-06-30T10:10:00.084,36.4
2026-06-30T10:15:00.112,36.0
2026-06-30T10:20:00.075,36.0
2026-06-30T10:25:00.113,36.0
2026-06-30T10:30:00.084,36.0
2026-06-30T10:35:00.083,35.7
2026-06-30T10:40:00.106,35.7
2026-06-30T10:45:00.075,35.7
2026-06-30T10:50:00.075,35.7
2026-06-30T10:55:00.105,35.7
2026-06-30T11:00:00.084,35.7
2026-06-30T11:05:00.082,35.4
2026-06-30T11:10:00.106,35.4
2026-06-30T11:15:00.084,35.4
2026-06-30T11:20:00.081,35.1
2026-06-30T11:25:00.109,35.1
2026-06-30T11:30:00.075,34.8
2026-06-30T11:35:00.076,34.8
2026-06-30T11:40:00.105,34.4
2026-06-30T11:45:00.075,34.4
2026-06-30T11:50:00.073,34.1
2026-06-30T11:55:00.106,34.4
2026-06-30T12:00:00.081,34.4
2026-06-30T12:05:00.105,34.4
2026-06-30T12:10:00.080,34.1
2026-06-30T12:15:00.081,34.1
2026-06-30T12:20:00.111,34.4
2026-06-30T12:25:00.078,34.4
2026-06-30T12:30:00.077,34.8
2026-07-01T02:25:00.112,46.4
2026-07-01T02:30:00.079,45.7
2026-07-01T02:35:00.079,45.1
2026-07-01T02:40:00.103,44.4
2026-07-01T02:45:00.079,43.8
2026-07-01T02:50:00.072,43.5
2026-07-01T02:55:00.104,42.8
2026-07-01T03:00:00.075,42.5
2026-07-01T03:05:00.080,42.2
2026-07-01T03:10:00.103,42.2
2026-07-01T03:15:00.078,41.9
2026-07-01T03:20:00.082,41.5
2026-07-01T03:25:00.111,41.5
2026-07-01T03:30:00.080,41.2
2026-07-01T03:35:00.079,41.2
2026-07-01T03:40:00.115,40.9
2026-07-01T03:45:00.077,40.9
2026-07-01T03:50:00.104,40.6
2026-07-01T03:55:00.078,40.6
2026-07-01T04:00:00.079,40.6
2026-07-01T04:05:00.110,40.2
2026-07-01T04:10:00.076,40.2
2026-07-01T04:15:00.084,40.2
2026-07-01T04:20:00.112,39.9
2026-07-01T04:25:00.077,39.9
2026-07-01T04:30:00.084,39.9
2026-07-01T04:35:00.114,39.6
2026-07-01T04:40:00.080,39.6
2026-07-01T04:45:00.081,39.6
2026-07-01T04:50:00.110,39.3
2026-07-01T04:55:00.080,39.3
2026-07-01T05:00:00.077,39.0
2026-07-01T05:05:00.111,39.0
2026-07-01T05:10:00.081,38.6
2026-07-01T05:15:00.105,38.3
2026-07-01T05:20:00.082,38.0
2026-07-01T05:25:00.076,38.0
2026-07-01T05:30:00.112,37.7
2026-07-01T05:35:00.083,37.7
2026-07-01T05:40:00.079,37.3
2026-07-01T05:45:00.114,37.3
2026-07-01T05:50:00.079,37.3
2026-07-01T05:55:00.076,37.3
2026-07-01T06:00:00.108,37.3
2026-07-01T06:05:00.076,37.3
2026-07-01T06:10:00.081,37.0
2026-07-01T06:15:00.108,37.0
2026-07-01T06:20:00.081,37.0
2026-07-01T06:25:00.085,37.0
2026-07-01T06:30:00.108,37.0
2026-07-01T06:35:00.078,37.0
2026-07-01T06:40:00.076,37.0
2026-07-01T06:45:00.109,37.0
2026-07-01T06:50:00.078,37.0
2026-07-01T06:55:00.112,36.7
2026-07-01T07:00:00.081,36.7
2026-07-01T07:05:00.079,36.7
2026-07-01T07:10:00.112,36.7
2026-07-01T07:15:00.082,36.7
2026-07-01T07:20:00.081,36.7
2026-07-01T07:25:00.109,36.7
2026-07-01T07:30:00.079,36.7
2026-07-01T07:35:00.076,36.7
2026-07-01T07:40:00.107,36.7
2026-07-01T07:45:00.076,36.7
2026-07-01T07:50:00.076,36.7
2026-07-01T07:55:00.107,36.7
2026-07-01T08:00:00.075,36.7
2026-07-01T08:05:00.084,36.4
2026-07-01T08:10:00.108,36.4
2026-07-01T08:15:00.078,36.4
2026-07-01T08:20:00.113,36.4
2026-07-01T08:25:00.075,36.0
2026-07-01T08:30:00.084,35.7
2026-07-01T08:35:00.104,35.4
2026-07-01T08:40:00.078,35.1
2026-07-01T08:45:00.081,34.8
2026-07-01T08:50:00.114,34.4
2026-07-01T08:55:00.076,34.4
2026-07-01T09:00:00.075,34.1
2026-07-01T09:05:00.109,34.1
2026-07-01T09:10:00.078,33.8
2026-07-01T09:15:00.082,33.8
2026-07-01T09:20:00.111,33.5
2026-07-01T09:25:00.076,33.5
2026-07-01T09:30:00.080,33.1
2026-07-01T09:35:00.110,33.1
2026-07-01T09:40:00.083,33.1
2026-07-01T09:45:00.080,33.5
2026-07-01T09:50:00.111,33.5
2026-07-01T09:55:00.083,33.5
2026-07-01T10:00:00.111,33.5
2026-07-01T10:05:00.078,33.5
2026-07-01T10:10:00.080,33.5
2026-07-01T10:15:00.108,33.1
2026-07-01T10:20:00.076,33.1
2026-07-01T10:25:00.081,33.1
2026-07-01T10:30:00.111,33.1
2026-07-01T10:35:00.084,33.1
2026-07-01T10:40:00.076,33.1
2026-07-01T10:45:00.111,33.1
2026-07-01T10:50:00.077,33.1
2026-07-01T10:55:00.079,33.1
2026-07-01T11:00:00.111,33.1
2026-07-01T11:05:00.075,33.1
2026-07-01T11:10:00.076,33.1
2026-07-01T11:15:00.113,32.8
2026-07-01T11:20:00.077,32.8
2026-07-01T11:25:00.111,32.5
2026-07-01T11:30:00.078,32.2
2026-07-01T11:35:00.076,31.9
2026-07-01T11:40:00.114,31.9
2026-07-01T11:45:00.078,31.5
2026-07-01T11:50:00.075,31.2
2026-07-01T11:55:00.111,31.2
2026-07-01T12:00:00.076,31.2
2026-07-01T12:05:00.077,31.2
2026-07-01T12:10:00.104,31.2
2026-07-01T12:15:00.078,30.9
2026-07-01T12:20:00.078,31.2
2026-07-01T12:25:00.109,31.2
2026-07-01T12:30:00.072,31.2
2026-07-02T02:25:00.108,47.0
2026-07-02T02:30:00.072,46.7
2026-07-02T02:35:00.111,46.0
2026-07-02T02:40:00.075,45.4
2026-07-02T02:45:00.076,44.8
2026-07-02T02:50:00.104,44.1
2026-07-02T02:55:00.073,43.5
2026-07-02T03:00:00.080,43.1
2026-07-02T03:05:00.108,42.5
2026-07-02T03:10:00.082,42.2
2026-07-02T03:15:00.075,41.9
2026-07-02T03:20:00.107,41.5
2026-07-02T03:25:00.078,41.2
2026-07-02T03:30:00.081,40.9
2026-07-02T03:35:00.108,40.6
2026-07-02T03:40:00.080,40.2
2026-07-02T03:45:00.077,40.2
2026-07-02T03:50:00.109,39.9
2026-07-02T03:55:00.081,39.6
2026-07-02T04:00:00.110,39.3
2026-07-02T04:05:00.079,39.3
2026-07-02T04:10:00.076,39.0
2026-07-02T04:15:00.113,38.6
2026-07-02T04:20:00.081,38.3
2026-07-02T04:25:00.080,38.3
2026-07-02T04:30:00.110,38.3
2026-07-02T04:35:00.083,38.3
2026-07-02T04:40:00.081,38.3
2026-07-02T04:45:00.112,38.3
2026-07-02T04:50:00.083,38.3
2026-07-02T04:55:00.084,38.3
2026-07-02T05:00:00.115,38.3
2026-07-02T05:05:00.081,38.3
2026-07-02T05:10:00.080,38.3
2026-07-02T05:15:00.113,38.3
2026-07-02T05:20:00.077,38.3
2026-07-02T05:25:00.084,38.0
2026-07-02T05:30:00.106,38.0
2026-07-02T05:35:00.077,37.7
2026-07-02T05:40:00.107,37.7
2026-07-02T05:45:00.084,37.3
2026-07-02T05:50:00.085,37.3
2026-07-02T05:55:00.111,37.3
2026-07-02T06:00:00.077,37.0
2026-07-02T06:05:00.085,37.0
2026-07-02T06:10:00.113,37.0
2026-07-02T06:15:00.076,37.0
2026-07-02T06:20:00.078,37.0
2026-07-02T06:25:00.114,37.0
2026-07-02T06:30:00.082,37.0
2026-07-02T06:35:00.082,36.7
2026-07-02T06:40:00.107,36.7
2026-07-02T06:45:00.077,36.7
2026-07-02T06:50:00.083,36.4
2026-07-02T06:55:00.106,36.0
2026-07-02T07:00:00.076,35.7
2026-07-02T07:05:00.113,35.7
2026-07-02T07:10:00.082,35.4
2026-07-02T07:15:00.083,35.4
2026-07-02T07:20:00.110,35.4
2026-07-02T07:25:00.082,35.4
2026-07-02T07:30:00.081,35.1
2026-07-02T07:35:00.108,35.1
2026-07-02T07:40:00.077,34.8
2026-07-02T07:45:00.084,34.4
2026-07-02T07:50:00.114,34.4
2026-07-02T07:55:00.075,34.1
2026-07-02T08:00:00.082,34.1
2026-07-02T08:05:00.112,33.8
2026-07-02T08:10:00.081,33.8
2026-07-02T08:15:00.084,33.8
2026-07-02T08:20:00.112,33.8
2026-07-02T08:25:00.084,33.5
2026-07-02T08:30:00.075,33.5
2026-07-02T08:35:00.112,33.5
2026-07-02T08:40:00.075,33.1
2026-07-02T08:45:00.111,33.1
2026-07-02T08:50:00.076,33.1
2026-07-02T08:55:00.084,33.1
2026-07-02T09:00:00.104,33.1
2026-07-02T09:05:00.079,33.1
2026-07-02T09:10:00.082,33.1
2026-07-02T09:15:00.114,33.1
2026-07-02T09:20:00.082,33.1
2026-07-02T09:25:00.082,33.1
2026-07-02T09:30:00.111,33.1
2026-07-02T09:35:00.080,33.1
2026-07-02T09:40:00.081,33.1
2026-07-02T09:45:00.107,33.1
2026-07-02T09:50:00.082,33.5
2026-07-02T09:55:00.077,33.5
2026-07-02T10:00:00.106,33.5
2026-07-02T10:05:00.084,33.5
2026-07-02T10:10:00.111,33.5
2026-07-02T10:15:00.074,33.1
2026-07-02T10:20:00.082,33.1
2026-07-02T10:25:00.113,33.1
2026-07-02T10:30:00.075,33.1
2026-07-02T10:35:00.082,32.8
2026-07-02T10:40:00.107,32.8
2026-07-02T10:45:00.080,32.8
2026-07-02T10:50:00.076,32.8
2026-07-02T10:55:00.115,32.8
2026-07-02T11:00:00.075,32.8
2026-07-02T11:05:00.080,32.8
2026-07-02T11:10:00.112,32.8
2026-07-02T11:15:00.080,32.8
2026-07-02T11:20:00.080,32.8
2026-07-02T11:25:00.106,32.8
2026-07-02T11:30:00.080,32.8
2026-07-02T11:35:00.076,32.5
2026-07-02T11:40:00.107,32.5
2026-07-02T11:45:00.076,32.5
2026-07-02T11:50:00.102,32.5
2026-07-02T11:55:00.073,32.5
2026-07-02T12:00:00.078,32.5
2026-07-02T12:05:00.103,32.5
2026-07-02T12:10:00.075,32.5
2026-07-02T12:15:00.075,32.2
2026-07-02T12:20:00.104,32.2
2026-07-02T12:25:00.080,32.2
2026-07-02T12:30:00.074,32.5
2026-07-03T02:25:00.109,49.6
2026-07-03T02:30:00.073,49.3
2026-07-03T02:35:00.079,48.0
2026-07-03T02:40:00.108,47.3
2026-07-03T02:45:00.078,46.4
2026-07-03T02:50:00.073,45.4
2026-07-03T02:55:00.108,44.4
2026-07-03T03:00:00.074,44.1
2026-07-03T03:05:00.077,43.5
2026-07-03T03:10:00.111,42.8
2026-07-03T03:15:00.077,42.5
2026-07-03T03:20:00.109,42.2
2026-07-03T03:25:00.075,41.9
2026-07-03T03:30:00.076,41.5
2026-07-03T03:35:00.112,41.2
2026-07-03T03:40:00.080,40.9
2026-07-03T03:45:00.079,40.6
2026-07-03T03:50:00.110,40.6
2026-07-03T03:55:00.078,40.2
2026-07-03T04:00:00.075,40.2
2026-07-03T04:05:00.104,40.2
2026-07-03T04:10:00.083,40.2
2026-07-03T04:15:00.078,40.2
2026-07-03T04:20:00.108,40.6
2026-07-03T04:25:00.076,40.6
2026-07-03T04:30:00.084,40.6
2026-07-03T04:35:00.105,40.2
2026-07-03T04:40:00.084,40.2
2026-07-03T04:45:00.083,39.9
2026-07-03T04:50:00.113,39.9
2026-07-03T04:55:00.080,39.6
2026-07-03T05:00:00.111,39.3
2026-07-03T05:05:00.078,39.0
2026-07-03T05:10:00.077,38.6
2026-07-03T05:15:00.107,38.3
2026-07-03T05:20:00.077,37.7
2026-07-03T05:25:00.075,37.3
2026-07-03T05:30:00.107,37.3
2026-07-03T05:35:00.080,37.0
2026-07-03T05:40:00.076,36.7
2026-07-03T05:45:00.106,36.7
2026-07-03T05:50:00.077,36.4
2026-07-03T05:55:00.075,36.4
2026-07-03T06:00:00.113,36.0
2026-07-03T06:05:00.080,35.7
2026-07-03T06:10:00.078,35.7
2026-07-03T06:15:00.107,35.7
2026-07-03T06:20:00.083,35.4
2026-07-03T06:25:00.114,35.4
2026-07-03T06:30:00.080,35.4
2026-07-03T06:35:00.081,35.1
2026-07-03T06:40:00.109,35.1
2026-07-03T06:45:00.078,35.1
2026-07-03T06:50:00.080,35.1
2026-07-03T06:55:00.113,35.1
2026-07-03T07:00:00.084,35.1
2026-07-03T07:05:00.078,35.1
2026-07-03T07:10:00.109,35.1
2026-07-03T07:15:00.079,35.1
2026-07-03T07:20:00.084,34.8
2026-07-03T07:25:00.107,35.1
2026-07-03T07:30:00.080,35.1
2026-07-03T07:35:00.079,35.1
2026-07-03T07:40:00.107,34.8
2026-07-03T07:45:00.080,34.8
2026-07-03T07:50:00.075,34.8
2026-07-03T07:55:00.108,34.8
2026-07-03T08:00:00.079,34.8
2026-07-03T08:05:00.111,34.4
2026-07-03T08:10:00.081,34.8
2026-07-03T08:15:00.077,34.8
2026-07-03T08:20:00.114,34.8
2026-07-03T08:25:00.083,34.8
2026-07-03T08:30:00.082,34.8
2026-07-03T08:35:00.113,34.8
2026-07-03T08:40:00.083,34.8
2026-07-03T08:45:00.076,34.4
2026-07-03T08:50:00.111,34.4
2026-07-03T08:55:00.084,34.4
2026-07-03T09:00:00.078,34.4
2026-07-03T09:05:00.109,34.1
2026-07-03T09:10:00.079,34.1
2026-07-03T09:15:00.080,34.4
2026-07-03T09:20:00.106,34.4
2026-07-03T09:25:00.081,34.4
2026-07-03T09:30:00.112,34.4
2026-07-03T09:35:00.080,34.4
2026-07-03T09:40:00.080,34.4
2026-07-03T09:45:00.111,34.4
2026-07-03T09:50:00.081,34.4
2026-07-03T09:55:00.075,34.4
2026-07-03T10:00:00.109,34.4
2026-07-03T10:05:00.084,34.4
2026-07-03T10:10:00.074,34.4
2026-07-03T10:15:00.111,34.4
2026-07-03T10:20:00.075,34.4
2026-07-03T10:25:00.084,34.4
2026-07-03T10:30:00.109,34.4
2026-07-03T10:35:00.075,34.4
2026-07-03T10:40:00.079,34.1
2026-07-03T10:45:00.106,34.1
2026-07-03T10:50:00.077,34.1
2026-07-03T10:55:00.083,33.8
2026-07-03T11:00:00.111,33.8
2026-07-03T11:05:00.080,33.8
2026-07-03T11:10:00.110,33.8
2026-07-03T11:15:00.077,33.8
2026-07-03T11:20:00.076,33.8
2026-07-03T11:25:00.110,33.5
2026-07-03T11:30:00.082,33.5
2026-07-03T11:35:00.081,33.5
2026-07-03T11:40:00.110,33.5
2026-07-03T11:45:00.079,33.8
2026-07-03T11:50:00.078,33.8
2026-07-03T11:55:00.105,33.8
2026-07-03T12:00:00.079,33.8
2026-07-03T12:05:00.072,34.1
2026-07-03T12:10:00.105,34.1
2026-07-03T12:15:00.080,34.1
2026-07-03T12:20:00.081,34.1
2026-07-03T12:25:00.109,34.1
2026-07-03T12:30:00.078,34.4
2026-07-04T02:25:00.077,46.4
2026-07-04T02:30:00.110,46.0
2026-07-04T02:35:00.076,45.7
2026-07-04T02:40:00.076,45.1
2026-07-04T02:45:00.107,44.8
2026-07-04T02:50:00.075,44.4
2026-07-04T02:55:00.111,44.1
2026-07-04T03:00:00.075,43.8
2026-07-04T03:05:00.079,43.5
2026-07-04T03:10:00.114,43.1
2026-07-04T03:15:00.083,43.1
2026-07-04T03:20:00.077,42.8
2026-07-04T03:25:00.108,42.5
2026-07-04T03:30:00.081,42.5
2026-07-04T03:35:00.079,42.5
2026-07-04T03:40:00.114,42.2
2026-07-04T03:45:00.081,42.2
2026-07-04T03:50:00.079,41.9
2026-07-04T03:55:00.105,41.9
2026-07-04T04:00:00.081,41.9
2026-07-04T04:05:00.082,41.5
2026-07-04T04:10:00.108,41.5
2026-07-04T04:15:00.085,41.2
2026-07-04T04:20:00.106,40.9
2026-07-04T04:25:00.075,40.9
2026-07-04T04:30:00.075,40.6
2026-07-04T04:35:00.114,40.6
2026-07-04T04:40:00.082,40.2
2026-07-04T04:45:00.076,40.2
2026-07-04T04:50:00.111,39.9
2026-07-04T04:55:00.082,39.6
2026-07-04T05:00:00.081,39.3
2026-07-04T05:05:00.115,39.0
2026-07-04T05:10:00.079,39.0
2026-07-04T05:15:00.084,39.0
2026-07-04T05:20:00.114,38.6
2026-07-04T05:25:00.078,38.6
2026-07-04T05:30:00.081,38.6
2026-07-04T05:35:00.111,38.6
2026-07-04T05:40:00.083,38.6
2026-07-04T05:45:00.077,38.6
2026-07-04T05:50:00.111,38.6
2026-07-04T05:55:00.080,38.6
2026-07-04T06:00:00.111,38.6
2026-07-04T06:05:00.077,38.3
2026-07-04T06:10:00.077,38.3
2026-07-04T06:15:00.105,38.3
2026-07-04T06:20:00.082,38.3
2026-07-04T06:25:00.084,38.3
2026-07-04T06:30:00.109,38.3
2026-07-04T06:35:00.078,38.3
2026-07-04T06:40:00.081,38.3
2026-07-04T06:45:00.106,38.3
2026-07-04T06:50:00.077,38.3
2026-07-04T06:55:00.076,38.3
2026-07-04T07:00:00.108,38.6
2026-07-04T07:05:00.074,38.6
2026-07-04T07:10:00.084,38.6
2026-07-04T07:15:00.115,39.0
2026-07-04T07:20:00.083,39.3
2026-07-04T07:25:00.102,39.6
2026-07-04T07:30:00.080,39.6
2026-07-04T07:35:00.076,39.9
2026-07-04T07:40:00.105,40.2
2026-07-04T07:45:00.075,40.2
2026-07-04T07:50:00.075,40.2
2026-07-04T07:55:00.107,40.2
2026-07-04T08:00:00.083,40.2
2026-07-04T08:05:00.075,39.9
2026-07-04T08:10:00.105,39.9
2026-07-04T08:15:00.075,39.9
2026-07-04T08:20:00.084,39.9
2026-07-04T08:25:00.106,39.6
2026-07-04T08:30:00.078,39.6
2026-07-04T08:35:00.076,39.3
2026-07-04T08:40:00.112,39.3
2026-07-04T08:45:00.075,39.3
2026-07-04T08:50:00.104,39.3
2026-07-04T08:55:00.082,39.3
2026-07-04T09:00:00.078,39.3
2026-07-04T09:05:00.112,39.0
2026-07-04T09:10:00.083,39.0
2026-07-04T09:15:00.082,39.0
2026-07-04T09:20:00.106,39.0
2026-07-04T09:25:00.080,39.0
2026-07-04T09:30:00.075,39.0
2026-07-04T09:35:00.110,38.6
2026-07-04T09:40:00.082,38.6
2026-07-04T09:45:00.084,38.3
2026-07-04T09:50:00.113,38.3
2026-07-04T09:55:00.078,38.0
2026-07-04T10:00:00.085,38.0
2026-07-04T10:05:00.108,38.0
2026-07-04T10:10:00.076,38.0
2026-07-04T10:15:00.077,37.7
2026-07-04T10:20:00.106,37.3
2026-07-04T10:25:00.082,37.3
2026-07-04T10:30:00.111,37.3
2026-07-04T10:35:00.079,37.0
2026-07-04T10:40:00.076,37.0
2026-07-04T10:45:00.107,37.0
2026-07-04T10:50:00.076,37.0
2026-07-04T10:55:00.084,36.7
2026-07-04T11:00:00.113,36.7
2026-07-04T11:05:00.080,36.7
2026-07-04T11:10:00.084,36.7
2026-07-04T11:15:00.108,36.7
2026-07-04T11:20:00.078,36.7
2026-07-04T11:25:00.074,36.4
2026-07-04T11:30:00.111,36.4
2026-07-04T11:35:00.079,36.4
2026-07-04T11:40:00.079,36.4
2026-07-04T11:45:00.108,36.4
2026-07-04T11:50:00.079,36.4
2026-07-04T11:55:00.108,36.4
2026-07-04T12:00:00.074,36.4
2026-07-04T12:05:00.081,36.4
2026-07-04T12:10:00.103,36.0
2026-07-04T12:15:00.079,36.0
2026-07-04T12:20:00.078,36.0
2026-07-04T12:25:00.101,35.7
2026-07-04T12:30:00.076,35.7
2026-07-05T02:25:00.105,45.4
2026-07-05T02:30:00.072,45.1
2026-07-05T02:35:00.079,44.8
2026-07-05T02:40:00.112,44.8
2026-07-05T02:45:00.074,44.4
2026-07-05T02:50:00.072,44.1
2026-07-05T02:55:00.109,43.8
2026-07-05T03:00:00.076,43.8
2026-07-05T03:05:00.104,43.8
2026-07-05T03:10:00.082,43.8
2026-07-05T03:15:00.080,43.8
2026-07-05T03:20:00.107,43.5
2026-07-05T03:25:00.084,43.5
2026-07-05T03:30:00.080,43.5
2026-07-05T03:35:00.110,43.5
2026-07-05T03:40:00.081,43.5
2026-07-05T03:45:00.079,43.1
2026-07-05T03:50:00.113,43.1
2026-07-05T03:55:00.083,43.1
2026-07-05T04:00:00.081,43.1
2026-07-05T04:05:00.112,43.1
2026-07-05T04:10:00.079,42.8
2026-07-05T04:15:00.083,42.8
2026-07-05T04:20:00.111,42.8
2026-07-05T04:25:00.075,42.8
2026-07-05T04:30:00.102,42.8
2026-07-05T04:35:00.078,42.8
2026-07-05T04:40:00.083,42.8
2026-07-05T04:45:00.112,42.8
2026-07-05T04:50:00.082,42.5
2026-07-05T04:55:00.082,42.5
2026-07-05T05:00:00.112,42.5
2026-07-05T05:05:00.076,42.5
2026-07-05T05:10:00.081,42.5
2026-07-05T05:15:00.106,42.2
2026-07-05T05:20:00.081,42.2
2026-07-05T05:25:00.084,42.2
2026-07-05T05:30:00.109,42.2
2026-07-05T05:35:00.075,41.9
2026-07-05T05:40:00.081,41.9
2026-07-05T05:45:00.114,41.9
2026-07-05T05:50:00.078,41.9
2026-07-05T05:55:00.112,41.9
2026-07-05T06:00:00.083,41.9
2026-07-05T06:05:00.081,41.9
2026-07-05T06:10:00.112,41.5
2026-07-05T06:15:00.082,41.5
2026-07-05T06:20:00.080,41.5
2026-07-05T06:25:00.110,41.5
2026-07-05T06:30:00.081,41.2
2026-07-05T06:35:00.077,41.2
2026-07-05T06:40:00.106,41.2
2026-07-05T06:45:00.081,41.2
2026-07-05T06:50:00.081,40.9
2026-07-05T06:55:00.113,40.9
2026-07-05T07:00:00.084,40.9
2026-07-05T07:05:00.083,40.9
2026-07-05T07:10:00.112,40.9
2026-07-05T07:15:00.084,40.9
2026-07-05T07:20:00.079,40.9
2026-07-05T07:25:00.111,40.9
2026-07-05T07:30:00.082,40.9
2026-07-05T07:35:00.109,40.9
2026-07-05T07:40:00.075,40.6
2026-07-05T07:45:00.074,40.6
2026-07-05T07:50:00.108,40.6
2026-07-05T07:55:00.080,40.6
2026-07-05T08:00:00.075,40.6
2026-07-05T08:05:00.108,40.6
2026-07-05T08:10:00.078,40.6
2026-07-05T08:15:00.081,40.6
2026-07-05T08:20:00.111,40.6
2026-07-05T08:25:00.074,40.2
2026-07-05T08:30:00.082,40.2
2026-07-05T08:35:00.113,40.2
2026-07-05T08:40:00.080,40.2
2026-07-05T08:45:00.079,40.2
2026-07-05T08:50:00.112,40.2
2026-07-05T08:55:00.075,40.2
2026-07-05T09:00:00.105,40.2
2026-07-05T09:05:00.081,40.2
2026-07-05T09:10:00.084,40.2
2026-07-05T09:15:00.112,40.2
2026-07-05T09:20:00.077,40.2
2026-07-05T09:25:00.083,40.2
2026-07-05T09:30:00.106,39.9
2026-07-05T09:35:00.075,39.9
2026-07-05T09:40:00.077,39.9
2026-07-05T09:45:00.105,39.9
2026-07-05T09:50:00.079,39.9
2026-07-05T09:55:00.082,39.9
2026-07-05T10:00:00.107,39.9
2026-07-05T10:05:00.078,39.6
2026-07-05T10:10:00.083,39.6
2026-07-05T10:15:00.114,39.6
2026-07-05T10:20:00.081,39.6
2026-07-05T10:25:00.083,39.6
2026-07-05T10:30:00.108,39.6
2026-07-05T10:35:00.084,39.6
2026-07-05T10:40:00.114,39.3
2026-07-05T10:45:00.078,39.3
2026-07-05T10:50:00.080,39.3
2026-07-05T10:55:00.107,39.3
2026-07-05T11:00:00.077,39.3
2026-07-05T11:05:00.078,39.3
2026-07-05T11:10:00.109,39.3
2026-07-05T11:15:00.076,39.3
2026-07-05T11:20:00.078,39.3
2026-07-05T11:25:00.113,39.3
2026-07-05T11:30:00.076,39.0
2026-07-05T11:35:00.078,39.0
2026-07-05T11:40:00.106,39.0
2026-07-05T11:45:00.081,39.0
2026-07-05T11:50:00.073,39.0
2026-07-05T11:55:00.105,38.6
2026-07-05T12:00:00.074,38.6
2026-07-05T12:05:00.106,38.3
2026-07-05T12:10:00.073,38.3
2026-07-05T12:15:00.074,38.0
2026-07-05T12:20:00.103,38.0
2026-07-05T12:25:00.080,38.0
2026-07-05T12:30:00.075,38.0
2026-07-05T15:57:00.081,50.2
2026-07-05T16:02:00.110,49.9
2026-07-05T16:07:00.079,48.9
2026-07-05T16:12:00.073,48.3
2026-07-05T16:17:00.111,47.7
2026-07-05T16:22:00.081,47.0
2026-07-05T16:27:00.073,46.4
2026-07-05T16:32:00.109,46.0
2026-07-05T16:37:00.080,45.7
2026-07-05T16:42:00.084,45.4
2026-07-05T16:47:00.114,45.1
2026-07-05T16:52:00.081,45.1
2026-07-05T16:57:00.075,44.8
2026-07-05T17:02:00.109,44.4
2026-07-05T17:07:00.083,44.4
2026-07-05T17:12:00.082,44.1
2026-07-05T17:17:00.111,44.1
2026-07-05T17:22:00.082,43.8
2026-07-05T17:27:00.108,43.8
2026-07-05T17:32:00.077,43.5
2026-07-05T17:37:00.081,43.5
2026-07-05T17:42:00.111,43.1
2026-07-05T17:47:00.080,42.8
2026-07-05T17:52:00.076,42.8
2026-07-05T17:57:00.103,42.5
2026-07-05T18:02:00.083,42.5
2026-07-05T18:07:00.079,42.2
2026-07-05T18:12:00.112,42.2
2026-07-05T18:17:00.081,41.9
2026-07-05T18:22:00.083,41.5
2026-07-05T18:27:00.113,41.5
2026-07-05T18:32:00.075,41.2
2026-07-05T18:37:00.078,41.2
2026-07-05T18:42:00.112,41.2
2026-07-05T18:47:00.076,40.9
2026-07-05T18:52:00.080,40.9
2026-07-05T18:57:00.111,40.9
2026-07-05T19:02:00.078,40.9
2026-07-05T19:07:00.103,40.9
2026-07-05T19:12:00.082,40.9
2026-07-05T19:17:00.082,40.9
2026-07-05T19:22:00.112,40.6
2026-07-05T19:27:00.082,40.6
2026-07-05T19:32:00.084,40.6
2026-07-05T19:37:00.110,40.6
2026-07-05T19:42:00.080,40.2
2026-07-05T19:47:00.077,40.2
2026-07-05T19:52:00.112,40.2
2026-07-05T19:57:00.080,40.2
2026-07-05T20:02:00.076,40.2
2026-07-05T20:07:00.112,39.9
2026-07-05T20:12:00.081,39.9
2026-07-05T20:17:00.082,39.9
2026-07-05T20:22:00.110,39.6
2026-07-05T20:27:00.077,39.6
2026-07-05T20:32:00.077,39.6
2026-07-05T20:37:00.114,39.6
2026-07-05T20:42:00.078,39.6
2026-07-05T20:47:00.114,39.9
2026-07-05T20:52:00.076,39.9
2026-07-05T20:57:00.081,40.2
2026-07-05T21:02:00.111,40.2
2026-07-05T21:07:00.081,40.2
2026-07-05T21:12:00.082,40.6
2026-07-05T21:17:00.111,40.6
2026-07-05T21:22:00.082,40.6
2026-07-05T21:27:00.075,40.6
2026-07-05T21:32:00.106,40.6
2026-07-05T21:37:00.078,40.6
2026-07-05T21:42:00.082,40.6
2026-07-05T21:47:00.113,40.2
2026-07-05T21:52:00.074,40.2
2026-07-05T21:57:00.080,40.2
2026-07-05T22:02:00.106,39.9
2026-07-05T22:07:00.084,39.9
2026-07-05T22:12:00.082,39.9
2026-07-05T22:17:00.109,39.6
2026-07-05T22:22:00.081,39.6
2026-07-05T22:27:00.113,39.6
2026-07-05T22:32:00.081,39.6
2026-07-05T22:37:00.080,39.6
2026-07-05T22:42:00.112,39.6
2026-07-05T22:47:00.081,39.6
2026-07-05T22:52:00.080,39.6
2026-07-05T22:57:00.114,39.6
2026-07-05T23:02:00.084,39.9
2026-07-05T23:07:00.075,39.6
2026-07-05T23:12:00.110,39.6
2026-07-05T23:17:00.078,39.6
2026-07-05T23:22:00.079,39.6
2026-07-05T23:27:00.114,39.3
2026-07-05T23:32:00.075,39.0
2026-07-05T23:37:00.082,38.6
2026-07-05T23:42:00.105,38.6
2026-07-05T23:47:00.084,38.6
2026-07-05T23:52:00.084,38.6
2026-07-05T23:57:00.113,38.6
2026-07-06T00:02:00.082,38.6
2026-07-06T00:07:00.108,38.6
2026-07-06T00:12:00.080,38.6
2026-07-06T00:17:00.080,38.6
2026-07-06T00:22:00.114,38.6
2026-07-06T00:27:00.076,38.6
2026-07-06T00:32:00.080,39.0
2026-07-06T00:37:00.108,39.0
2026-07-06T00:42:00.078,39.0
2026-07-06T00:47:00.076,39.0
2026-07-06T00:52:00.105,39.0
2026-07-06T00:57:00.077,39.0
2026-07-06T01:02:00.080,39.0
2026-07-06T01:07:00.104,39.0
2026-07-06T01:12:00.079,39.0
2026-07-06T01:17:00.078,38.6
2026-07-06T01:22:00.103,38.6
2026-07-06T01:27:00.078,38.6
2026-07-06T01:32:00.074,38.3
2026-07-06T01:37:00.104,38.3
2026-07-06T01:42:00.076,38.0
2026-07-06T01:47:00.108,38.0
2026-07-06T01:52:00.075,38.0
2026-07-06T01:57:00.082,37.7
2026-07-06T02:02:00.111,37.7
2026-07-06T02:07:00.075,37.7
2026-07-07T02:25:00.078,51.5
2026-07-07T02:30:00.103,50.9
2026-07-07T02:35:00.078,49.9
2026-07-07T02:40:00.072,49.6
2026-07-07T02:45:00.104,49.3
2026-07-07T02:50:00.073,48.6
2026-07-07T02:55:00.103,48.3
2026-07-07T03:00:00.077,48.0
2026-07-07T03:05:00.078,47.7
2026-07-07T03:10:00.107,47.7
2026-07-07T03:15:00.078,47.3
2026-07-07T03:20:00.082,47.0
2026-07-07T03:25:00.112,47.0
2026-07-07T03:30:00.078,46.7
2026-07-07T03:35:00.079,46.4
2026-07-07T03:40:00.110,46.4
2026-07-07T03:45:00.079,46.0
2026-07-07T03:50:00.078,45.7
2026-07-07T03:55:00.108,45.7
2026-07-07T04:00:00.080,45.4
2026-07-07T04:05:00.082,45.4
2026-07-07T04:10:00.108,45.1
2026-07-07T04:15:00.083,44.8
2026-07-07T04:20:00.075,44.8
2026-07-07T04:25:00.111,44.4
2026-07-07T04:30:00.080,44.1
2026-07-07T04:35:00.113,44.1
2026-07-07T04:40:00.076,43.8
2026-07-07T04:45:00.076,43.8
2026-07-07T04:50:00.111,43.8
2026-07-07T04:55:00.077,43.5
2026-07-07T05:00:00.083,43.5
2026-07-07T05:05:00.115,43.1
2026-07-07T05:10:00.081,43.1
2026-07-07T05:15:00.074,42.8
2026-07-07T05:20:00.106,42.8
2026-07-07T05:25:00.084,42.8
2026-07-07T05:30:00.078,42.8
2026-07-07T05:35:00.110,42.8
2026-07-07T05:40:00.080,42.8
2026-07-07T05:45:00.078,42.8
2026-07-07T05:50:00.108,42.8
2026-07-07T05:55:00.080,42.8
2026-07-07T06:00:00.107,42.8
2026-07-07T06:05:00.083,42.8
2026-07-07T06:10:00.083,42.8
2026-07-07T06:15:00.107,42.8
2026-07-07T06:20:00.082,43.1
2026-07-07T06:25:00.077,43.1
2026-07-07T06:30:00.110,43.1
2026-07-07T06:35:00.083,43.1
2026-07-07T06:40:00.081,43.1
2026-07-07T06:45:00.109,42.8
2026-07-07T06:50:00.079,42.8
2026-07-07T06:55:00.081,42.8
2026-07-07T07:00:00.108,42.8
2026-07-07T07:05:00.083,42.8
2026-07-07T07:10:00.075,42.5
2026-07-07T07:15:00.109,42.5
2026-07-07T07:20:00.080,42.2
2026-07-07T07:25:00.075,42.2
2026-07-07T07:30:00.111,42.2
2026-07-07T07:35:00.080,42.2
2026-07-07T07:40:00.107,42.2
2026-07-07T07:45:00.075,41.9
2026-07-07T07:50:00.079,41.9
2026-07-07T07:55:00.108,41.9
2026-07-07T08:00:00.084,41.9
2026-07-07T08:05:00.081,41.5
2026-07-07T08:10:00.109,41.5
2026-07-07T08:15:00.078,41.5
2026-07-07T08:20:00.085,41.2
2026-07-07T08:25:00.109,41.2
2026-07-07T08:30:00.085,41.2
2026-07-07T08:35:00.078,41.2
2026-07-07T08:40:00.103,40.9
2026-07-07T08:45:00.084,40.9
2026-07-07T08:50:00.078,40.9
2026-07-07T08:55:00.109,40.9
2026-07-07T09:00:00.079,40.6
2026-07-07T09:05:00.105,40.6
2026-07-07T09:10:00.079,40.6
2026-07-07T09:15:00.076,40.6
2026-07-07T09:20:00.110,40.2
2026-07-07T09:25:00.079,40.2
2026-07-07T09:30:00.080,40.2
2026-07-07T09:35:00.110,40.6
2026-07-07T09:40:00.078,40.6
2026-07-07T09:45:00.078,40.6
2026-07-07T09:50:00.110,40.9
2026-07-07T09:55:00.081,40.9
2026-07-07T10:00:00.079,40.9
2026-07-07T10:05:00.108,41.2
2026-07-07T10:10:00.075,41.2
2026-07-07T10:15:00.083,41.2
2026-07-07T10:20:00.114,41.2
2026-07-07T10:25:00.078,41.2
2026-07-07T10:30:00.110,41.5
2026-07-07T10:35:00.077,41.5
2026-07-07T10:40:00.082,41.5
2026-07-07T10:45:00.104,41.5
2026-07-07T10:50:00.080,41.5
2026-07-07T10:55:00.077,41.2
2026-07-07T11:00:00.106,40.9
2026-07-07T11:05:00.079,40.9
2026-07-07T11:10:00.080,40.6
2026-07-07T11:15:00.107,40.2
2026-07-07T11:20:00.079,40.2
2026-07-07T11:25:00.075,39.9
2026-07-07T11:30:00.111,39.9
2026-07-07T11:35:00.084,39.9
2026-07-07T11:40:00.076,39.9
2026-07-07T11:45:00.106,39.9
2026-07-07T11:50:00.078,39.6
2026-07-07T11:55:00.079,39.6
2026-07-07T12:00:00.106,39.6
2026-07-07T12:05:00.081,39.3
2026-07-07T12:10:00.104,39.3
2026-07-07T12:15:00.079,39.6
2026-07-07T12:20:00.076,39.3
2026-07-07T12:25:00.103,39.3
2026-07-07T12:30:00.076,39.6
2026-07-08T01:45:00.114,37.0
2026-07-08T01:55:00.803,37.3
2026-07-08T02:00:00.077,37.7
2026-07-08T02:05:00.080,37.7
2026-07-08T02:10:00.108,38.3
2026-07-08T02:15:00.077,39.0
2026-07-08T02:20:00.078,39.3
2026-07-08T02:25:00.106,39.3
2026-07-08T02:30:00.073,39.3
2026-07-08T02:35:00.072,39.6
2026-07-08T02:40:00.102,39.9
2026-07-08T02:45:00.082,39.9
2026-07-08T02:50:00.075,39.9
2026-07-08T02:55:00.106,39.9
2026-07-08T03:00:00.072,40.2
2026-07-08T03:05:00.102,40.2
2026-07-08T03:10:00.071,40.2
2026-07-08T03:15:00.076,40.6
2026-07-08T03:20:00.110,40.6
2026-07-08T03:25:00.075,40.9
2026-07-08T03:30:00.078,40.9
2026-07-08T03:35:00.104,40.9
2026-07-08T03:40:00.082,40.9
2026-07-08T03:45:00.077,41.2
2026-07-08T03:50:00.106,41.2
2026-07-08T03:55:00.079,41.2
2026-07-08T04:00:00.079,41.2
2026-07-08T04:05:00.107,41.2
2026-07-08T04:10:00.075,41.2
2026-07-08T04:15:00.081,41.5
2026-07-08T04:20:00.110,41.5
2026-07-08T04:25:00.084,41.5
2026-07-08T04:30:00.107,41.9
2026-07-08T04:35:00.077,41.9
2026-07-08T04:40:00.074,41.9
2026-07-08T04:45:00.109,41.9
2026-07-08T04:50:00.078,41.9
2026-07-08T04:55:00.076,41.9
2026-07-08T05:00:00.106,41.9
2026-07-08T05:05:00.077,41.9
2026-07-08T05:10:00.075,41.9
2026-07-08T05:15:00.105,41.9
2026-07-08T05:20:00.078,41.9
2026-07-08T05:25:00.081,41.9
2026-07-08T05:30:00.114,41.9
2026-07-08T05:35:00.078,41.9
2026-07-08T05:40:00.081,41.9
2026-07-08T05:45:00.111,41.5
2026-07-08T05:50:00.080,41.5
2026-07-08T05:55:00.082,41.2
2026-07-08T06:00:00.109,41.2
2026-07-08T06:05:00.084,41.2
2026-07-08T06:10:00.114,40.9
2026-07-08T06:15:00.076,40.9
2026-07-08T06:20:00.082,40.6
2026-07-08T06:25:00.109,40.6
2026-07-08T06:30:00.082,40.6
2026-07-08T06:35:00.081,40.6
2026-07-08T06:40:00.110,40.6
2026-07-08T06:45:00.079,40.6
2026-07-08T06:50:00.075,40.6
2026-07-08T06:55:00.113,40.6
2026-07-08T07:00:00.077,40.6
2026-07-08T07:05:00.077,40.6
2026-07-08T07:10:00.110,40.6
2026-07-08T07:15:00.077,40.6
2026-07-08T07:20:00.083,40.6
2026-07-08T07:25:00.113,40.2
2026-07-08T07:30:00.078,40.2
2026-07-08T07:35:00.111,40.2
2026-07-08T07:40:00.077,40.2
2026-07-08T07:45:00.080,39.9
2026-07-08T07:50:00.109,39.9
2026-07-08T07:55:00.084,39.9
2026-07-08T08:00:00.080,39.9
2026-07-08T08:05:00.108,39.6
2026-07-08T08:10:00.084,39.6
2026-07-08T08:15:00.084,39.6
2026-07-08T08:20:00.115,39.6
2026-07-08T08:25:00.081,39.6
2026-07-08T08:30:00.080,39.6
2026-07-08T08:35:00.105,39.3
2026-07-08T08:40:00.084,39.3
2026-07-08T08:45:00.084,39.3
2026-07-08T08:50:00.106,39.6
2026-07-08T08:55:00.078,39.6
2026-07-08T09:00:00.077,39.6
2026-07-08T09:05:00.112,39.6
2026-07-08T09:10:00.081,39.6
2026-07-08T09:15:00.106,39.9
2026-07-08T09:20:00.084,39.9
2026-07-08T09:25:00.081,39.9
2026-07-08T09:30:00.114,39.9
2026-07-08T09:35:00.079,39.9
2026-07-08T09:40:00.083,39.6
2026-07-08T09:45:00.112,39.6
2026-07-08T09:50:00.078,39.3
2026-07-08T09:55:00.077,39.3
2026-07-08T10:00:00.113,39.0
2026-07-08T10:05:00.080,39.0
2026-07-08T10:10:00.083,39.0
2026-07-08T10:15:00.104,39.0
2026-07-08T10:20:00.082,39.0
2026-07-08T10:25:00.079,39.0
2026-07-08T10:30:00.111,38.6
2026-07-08T10:35:00.081,38.6
2026-07-08T10:40:00.114,38.6
2026-07-08T10:45:00.076,39.0
2026-07-08T10:50:00.082,39.0
2026-07-08T10:55:00.107,38.6
2026-07-08T11:00:00.080,38.6
2026-07-08T11:05:00.075,38.6
2026-07-08T11:10:00.113,38.6
2026-07-08T11:15:00.078,38.3
2026-07-08T11:20:00.085,38.3
2026-07-08T11:25:00.112,38.3
2026-07-08T11:30:00.079,38.0
2026-07-08T11:35:00.079,38.0
2026-07-08T11:40:00.114,38.0
2026-07-08T11:45:00.084,38.0
2026-07-08T11:50:00.079,38.0
2026-07-08T11:55:00.107,37.7
2026-07-08T12:00:00.074,38.0
2026-07-08T12:05:00.073,38.0
2026-07-08T12:10:00.102,37.7
2026-07-08T12:15:00.081,38.0
2026-07-08T12:20:00.103,37.7
2026-07-08T12:25:00.072,37.7
2026-07-08T12:30:00.079,37.7
2026-07-09T02:30:00.076,41.2
2026-07-09T02:35:00.073,41.5
2026-07-09T02:40:00.104,41.2
2026-07-09T02:45:00.080,41.5
2026-07-09T02:50:00.077,41.9
2026-07-09T02:55:00.108,41.9
2026-07-09T03:00:00.071,42.2
2026-07-09T03:05:00.075,42.2
2026-07-09T03:10:00.105,42.5
2026-07-09T03:15:00.075,42.5
2026-07-09T03:20:00.077,42.8
2026-07-09T03:25:00.112,43.1
2026-07-09T03:30:00.077,43.1
2026-07-09T03:35:00.079,42.8
2026-07-09T03:40:00.109,42.5
2026-07-09T03:45:00.079,42.2
2026-07-09T03:50:00.111,42.2
2026-07-09T03:55:00.075,41.9
2026-07-09T04:00:00.080,41.5
2026-07-09T04:05:00.109,41.2
2026-07-09T04:10:00.075,41.2
2026-07-09T04:15:00.079,40.9
2026-07-09T04:20:00.109,40.9
2026-07-09T04:25:00.080,40.9
2026-07-09T04:30:00.084,40.6
2026-07-09T04:35:00.109,40.6
2026-07-09T04:40:00.076,40.6
2026-07-09T04:45:00.084,40.6
2026-07-09T04:50:00.111,40.6
2026-07-09T04:55:00.080,40.6
2026-07-09T05:00:00.081,40.2
2026-07-09T05:05:00.106,40.2
2026-07-09T05:10:00.080,40.2
2026-07-09T05:15:00.082,40.2
2026-07-09T05:20:00.114,39.9
2026-07-09T05:25:00.075,39.9
2026-07-09T05:30:00.107,39.9
2026-07-09T05:35:00.081,39.6
2026-07-09T05:40:00.084,39.9
2026-07-09T05:45:00.115,39.9
2026-07-09T05:50:00.078,40.2
2026-07-09T05:55:00.083,40.2
2026-07-09T06:00:00.114,40.2
2026-07-09T06:05:00.083,40.2
2026-07-09T06:10:00.077,40.2
2026-07-09T06:15:00.113,39.9
2026-07-09T06:20:00.080,39.9
2026-07-09T06:25:00.074,39.9
2026-07-09T06:30:00.112,39.9
2026-07-09T06:35:00.084,39.9
2026-07-09T06:40:00.081,39.9
2026-07-09T06:45:00.103,39.9
2026-07-09T06:50:00.083,39.9
2026-07-09T06:55:00.108,39.9
2026-07-09T07:00:00.081,39.9
2026-07-09T07:05:00.075,39.9
2026-07-09T07:10:00.107,39.9
2026-07-09T07:15:00.081,39.9
2026-07-09T07:20:00.076,39.6
2026-07-09T07:25:00.107,39.6
2026-07-09T07:30:00.077,39.6
2026-07-09T07:35:00.080,39.6
2026-07-09T07:40:00.105,39.6
2026-07-09T07:45:00.080,39.6
2026-07-09T07:50:00.084,39.6
2026-07-09T07:55:00.112,39.6
2026-07-09T08:00:00.082,39.6
2026-07-09T08:05:00.077,39.3
2026-07-09T08:10:00.112,39.3
2026-07-09T08:15:00.080,39.3
2026-07-09T08:20:00.111,39.0
2026-07-09T08:25:00.084,39.0
2026-07-09T08:30:00.081,39.0
2026-07-09T08:35:00.109,39.0
2026-07-09T08:40:00.077,39.0
2026-07-09T08:45:00.077,39.0
2026-07-09T08:50:00.106,39.0
2026-07-09T08:55:00.079,39.0
2026-07-09T09:00:00.082,39.3
2026-07-09T09:05:00.110,39.3
2026-07-09T09:10:00.078,39.3
2026-07-09T09:15:00.076,39.3
2026-07-09T09:20:00.112,39.3
2026-07-09T09:25:00.078,39.3
2026-07-09T09:30:00.077,39.3
2026-07-09T09:35:00.109,39.3
2026-07-09T09:40:00.075,39.3
2026-07-09T09:45:00.083,39.3
2026-07-09T09:50:00.111,39.6
2026-07-09T09:55:00.075,39.3
2026-07-09T10:00:00.102,39.3
2026-07-09T10:05:00.083,39.3
2026-07-09T10:10:00.074,39.3
2026-07-09T10:15:00.107,39.3
2026-07-09T10:20:00.078,39.3
2026-07-09T10:25:00.077,39.3
2026-07-09T10:30:00.103,39.0
2026-07-09T10:35:00.082,39.0
2026-07-09T10:40:00.082,39.0
2026-07-09T10:45:00.107,39.0
2026-07-09T10:50:00.075,38.6
2026-07-09T10:55:00.077,38.6
2026-07-09T11:00:00.113,38.3
2026-07-09T11:05:00.078,38.3
2026-07-09T11:10:00.083,38.0
2026-07-09T11:15:00.108,38.0
2026-07-09T11:20:00.083,37.7
2026-07-09T11:25:00.107,37.7
2026-07-09T11:30:00.082,37.7
2026-07-09T11:35:00.076,37.7
2026-07-09T11:40:00.110,37.7
2026-07-09T11:45:00.080,37.7
2026-07-09T11:50:00.078,37.7
2026-07-09T11:55:00.103,37.7
2026-07-09T12:00:00.078,37.7
2026-07-09T12:05:00.074,37.7
2026-07-09T12:10:00.106,37.7
2026-07-09T12:15:00.075,38.0
2026-07-09T12:20:00.078,38.0
2026-07-09T12:25:00.108,37.7
2026-07-09T12:30:00.073,37.7
2026-07-09T12:35:00.076,37.7
2026-07-10T02:25:00.072,52.2
2026-07-10T02:30:00.103,51.2
2026-07-10T02:35:00.077,49.9
2026-07-10T02:40:00.075,48.9
2026-07-10T02:45:00.110,48.0
2026-07-10T02:50:00.079,47.0
2026-07-10T02:55:00.079,46.0
2026-07-10T03:00:00.104,44.8
2026-07-10T03:05:00.071,43.8
2026-07-10T03:10:00.104,42.8
2026-07-10T03:15:00.078,42.2
2026-07-10T03:20:00.079,41.9
2026-07-10T03:25:00.106,41.5
2026-07-10T03:30:00.079,41.2
2026-07-10T03:35:00.079,41.2
2026-07-10T03:40:00.110,40.9
2026-07-10T03:45:00.079,40.9
2026-07-10T03:50:00.078,40.9
2026-07-10T03:55:00.113,40.9
2026-07-10T04:00:00.081,40.9
2026-07-10T04:05:00.075,40.9
2026-07-10T04:10:00.112,40.9
2026-07-10T04:15:00.078,40.9
2026-07-10T04:20:00.083,40.9
2026-07-10T04:25:00.107,41.2
2026-07-10T04:30:00.082,41.2
2026-07-10T04:35:00.105,41.2
2026-07-10T04:40:00.080,41.2
2026-07-10T04:45:00.075,41.5
2026-07-10T04:50:00.111,41.5
2026-07-10T04:55:00.080,41.9
2026-07-10T05:00:00.082,41.9
2026-07-10T05:05:00.110,42.2
2026-07-10T05:10:00.083,42.2
2026-07-10T05:15:00.082,42.5
2026-07-10T05:20:00.107,42.5
2026-07-10T05:25:00.079,42.5
2026-07-10T05:30:00.078,42.5
2026-07-10T05:35:00.106,42.2
2026-07-10T05:40:00.083,42.2
2026-07-10T05:45:00.081,41.5
2026-07-10T05:50:00.111,41.2
2026-07-10T05:55:00.080,40.6
2026-07-10T06:00:00.081,40.2
2026-07-10T06:05:00.109,39.6
2026-07-10T06:10:00.074,39.3
2026-07-10T06:15:00.107,39.0
2026-07-10T06:20:00.077,38.6
2026-07-10T06:25:00.077,38.6
2026-07-10T06:30:00.114,38.6
2026-07-10T06:35:00.078,38.3
2026-07-10T06:40:00.079,38.3
2026-07-10T06:45:00.107,38.3
2026-07-10T06:50:00.081,38.3
2026-07-10T06:55:00.080,38.6
2026-07-10T07:00:00.107,38.6
2026-07-10T07:05:00.082,38.6
2026-07-10T07:10:00.082,38.3
2026-07-10T07:15:00.109,38.3
2026-07-10T07:20:00.080,38.3
2026-07-10T07:25:00.082,38.3
2026-07-10T07:30:00.109,38.3
2026-07-10T07:35:00.078,38.3
2026-07-10T07:40:00.111,38.3
2026-07-10T07:45:00.081,38.3
2026-07-10T07:50:00.082,38.3
2026-07-10T07:55:00.111,38.3
2026-07-10T08:00:00.083,38.3
2026-07-10T08:05:00.082,38.3
2026-07-10T08:10:00.115,38.3
2026-07-10T08:15:00.076,38.3
2026-07-10T08:20:00.082,38.3
2026-07-10T08:25:00.108,38.3
2026-07-10T08:30:00.076,38.0
2026-07-10T08:35:00.079,38.0
2026-07-10T08:40:00.111,38.0
2026-07-10T08:45:00.075,38.0
2026-07-10T08:50:00.075,38.0
2026-07-10T08:55:00.111,38.0
2026-07-10T09:00:00.083,38.0
2026-07-10T09:05:00.079,38.0
2026-07-10T09:10:00.110,38.0
2026-07-10T09:15:00.083,38.0
2026-07-10T09:20:00.106,38.0
2026-07-10T09:25:00.075,38.0
2026-07-10T09:30:00.082,38.0
2026-07-10T09:35:00.114,38.0
2026-07-10T09:40:00.074,38.0
2026-07-10T09:45:00.079,38.0
2026-07-10T09:50:00.111,38.0
2026-07-10T09:55:00.075,38.0
2026-07-10T10:00:00.076,38.0
2026-07-10T10:05:00.115,38.0
2026-07-10T10:10:00.079,38.0
2026-07-10T10:15:00.085,38.0
2026-07-10T10:20:00.111,38.0
2026-07-10T10:25:00.084,38.0
2026-07-10T10:30:00.082,37.7
2026-07-10T10:35:00.107,37.7
2026-07-10T10:40:00.075,37.7
2026-07-10T10:45:00.109,37.3
2026-07-10T10:50:00.081,37.3
2026-07-10T10:55:00.075,37.3
2026-07-10T11:00:00.105,37.3
2026-07-10T11:05:00.075,37.3
2026-07-10T11:10:00.079,37.3
2026-07-10T11:15:00.109,37.3
2026-07-10T11:20:00.078,37.3
2026-07-10T11:25:00.077,37.0
2026-07-10T11:30:00.113,37.0
2026-07-10T11:35:00.075,37.0
2026-07-10T11:40:00.076,37.0
2026-07-10T11:45:00.109,37.0
2026-07-10T11:50:00.077,37.0
2026-07-10T11:55:00.080,37.0
2026-07-10T12:00:00.104,36.7
2026-07-10T12:05:00.079,36.7
2026-07-10T12:10:00.112,36.7
2026-07-10T12:15:00.073,36.7
2026-07-10T12:20:00.081,36.7
2026-07-10T12:25:00.105,36.4
2026-07-10T12:30:00.078,36.7
2026-07-10T15:57:00.080,50.6
2026-07-10T16:02:00.105,49.6
2026-07-10T16:07:00.078,49.6
2026-07-10T16:12:00.073,48.6
2026-07-10T16:17:00.103,48.3
2026-07-10T16:22:00.080,48.0
2026-07-10T16:27:00.077,47.7
2026-07-10T16:32:00.109,47.0
2026-07-10T16:37:00.073,47.0
2026-07-10T16:42:00.076,46.7
2026-07-10T16:47:00.109,46.4
2026-07-10T16:52:00.079,46.4
2026-07-10T16:57:00.076,46.0
2026-07-10T17:02:00.107,46.0
2026-07-10T17:07:00.079,45.7
2026-07-10T17:12:00.114,45.7
2026-07-10T17:17:00.080,45.4
2026-07-10T17:22:00.076,45.4
2026-07-10T17:27:00.106,45.1
2026-07-10T17:32:00.076,45.1
2026-07-10T17:37:00.076,44.8
2026-07-10T17:42:00.106,44.8
2026-07-10T17:47:00.083,44.4
2026-07-10T17:52:00.080,44.4
2026-07-10T17:57:00.113,44.4
2026-07-10T18:02:00.074,44.1
2026-07-10T18:07:00.076,43.8
2026-07-10T18:12:00.104,43.5
2026-07-10T18:17:00.077,43.5
2026-07-10T18:22:00.080,43.5
2026-07-10T18:27:00.107,43.1
2026-07-10T18:32:00.077,43.1
2026-07-10T18:37:00.077,43.1
2026-07-10T18:42:00.107,43.1
2026-07-10T18:47:00.078,43.1
2026-07-10T18:52:00.112,43.1
2026-07-10T18:57:00.082,43.1
2026-07-10T19:02:00.076,43.1
2026-07-10T19:07:00.109,43.1
2026-07-10T19:12:00.083,43.1
2026-07-10T19:17:00.081,43.1
2026-07-10T19:22:00.109,43.1
2026-07-10T19:27:00.084,43.1
2026-07-10T19:32:00.082,42.8
2026-07-10T19:37:00.114,42.8
2026-07-10T19:42:00.077,42.5
2026-07-10T19:47:00.078,42.2
2026-07-10T19:52:00.107,41.9
2026-07-10T19:57:00.080,41.5
2026-07-10T20:02:00.084,41.2
2026-07-10T20:07:00.106,40.9
2026-07-10T20:12:00.080,40.6
2026-07-10T20:17:00.081,40.2
2026-07-10T20:22:00.106,40.2
2026-07-10T20:27:00.081,40.2
2026-07-10T20:32:00.101,39.9
2026-07-10T20:37:00.083,39.9
2026-07-10T20:42:00.083,39.9
2026-07-10T20:47:00.105,39.9
2026-07-10T20:52:00.082,39.9
2026-07-10T20:57:00.083,39.9
2026-07-10T21:02:00.106,39.6
2026-07-10T21:07:00.083,39.6
2026-07-10T21:12:00.078,39.6
2026-07-10T21:17:00.113,39.6
2026-07-10T21:22:00.076,39.6
2026-07-10T21:27:00.077,39.6
2026-07-10T21:32:00.114,39.6
2026-07-10T21:37:00.084,39.6
2026-07-10T21:42:00.080,39.6
2026-07-10T21:47:00.112,39.6
2026-07-10T21:52:00.082,39.6
2026-07-10T21:57:00.080,39.6
2026-07-10T22:02:00.105,39.6
2026-07-10T22:07:00.083,39.6
2026-07-10T22:12:00.106,39.9
2026-07-10T22:17:00.079,39.9
2026-07-10T22:22:00.079,39.9
2026-07-10T22:27:00.111,39.9
2026-07-10T22:32:00.075,39.9
2026-07-10T22:37:00.075,39.9
2026-07-10T22:42:00.111,39.9
2026-07-10T22:47:00.082,39.9
2026-07-10T22:52:00.083,39.9
2026-07-10T22:57:00.110,39.9
2026-07-10T23:02:00.076,39.9
2026-07-10T23:07:00.080,39.9
2026-07-10T23:12:00.112,39.9
2026-07-10T23:17:00.080,39.6
2026-07-10T23:22:00.076,39.6
2026-07-10T23:27:00.107,39.3
2026-07-10T23:32:00.082,39.3
2026-07-10T23:37:00.078,39.3
2026-07-10T23:42:00.112,39.0
2026-07-10T23:47:00.080,39.0
2026-07-10T23:52:00.110,39.0
2026-07-10T23:57:00.080,39.0
2026-07-11T00:02:00.080,39.0
2026-07-11T00:07:00.110,39.0
2026-07-11T00:12:00.078,39.0
2026-07-11T00:17:00.077,39.0
2026-07-11T00:22:00.114,39.0
2026-07-11T00:27:00.082,39.0
2026-07-11T00:32:00.078,39.0
2026-07-11T00:37:00.109,39.0
2026-07-11T00:42:00.084,38.6
2026-07-11T00:47:00.082,38.6
2026-07-11T00:52:00.113,38.6
2026-07-11T00:57:00.074,38.6
2026-07-11T01:02:00.081,38.6
2026-07-11T01:07:00.112,38.6
2026-07-11T01:12:00.080,38.3
2026-07-11T01:17:00.079,38.3
2026-07-11T01:22:00.113,38.3
2026-07-11T01:27:00.078,38.3
2026-07-11T01:32:00.102,38.3
2026-07-11T01:37:00.080,38.3
2026-07-11T01:42:00.073,38.3
2026-07-11T01:47:00.112,38.3
2026-07-11T01:52:00.075,38.3
2026-07-11T01:57:00.074,38.3
2026-07-11T02:02:00.107,38.6
2026-07-12T02:15:00.104,38.6
2026-07-12T02:20:00.076,38.3
2026-07-12T02:25:00.073,38.3
2026-07-12T02:30:00.109,38.0
2026-07-12T02:35:00.081,38.0
2026-07-12T02:40:00.104,38.0
2026-07-12T02:45:00.078,38.0
2026-07-12T02:50:00.072,38.3
2026-07-12T02:55:00.105,38.3
2026-07-12T03:00:00.079,38.3
2026-07-12T03:05:00.076,38.3
2026-07-12T03:10:00.113,38.6
2026-07-12T03:15:00.078,39.0
2026-07-12T03:20:00.077,39.0
2026-07-12T03:25:00.107,39.3
2026-07-12T03:30:00.082,39.3
2026-07-12T03:35:00.077,39.6
2026-07-12T03:40:00.114,39.6
2026-07-12T03:45:00.085,39.6
2026-07-12T03:50:00.084,39.6
2026-07-12T03:55:00.111,39.6
2026-07-12T04:00:00.080,39.6
2026-07-12T04:05:00.113,39.3
2026-07-12T04:10:00.075,39.0
2026-07-12T04:15:00.075,38.3
2026-07-12T04:20:00.113,38.3
2026-07-12T04:25:00.081,38.3
2026-07-12T04:30:00.084,38.3
2026-07-12T04:35:00.110,38.6
2026-07-12T04:40:00.080,39.0
2026-07-12T04:45:00.076,39.3
2026-07-12T04:50:00.108,39.3
2026-07-12T04:55:00.082,39.6
2026-07-12T05:00:00.077,39.6
2026-07-12T05:05:00.107,39.6
2026-07-12T05:10:00.075,39.6
2026-07-12T05:15:00.078,39.9
2026-07-12T05:20:00.114,39.9
2026-07-12T05:25:00.076,39.9
2026-07-12T05:30:00.108,39.9
2026-07-12T05:35:00.075,39.9
2026-07-12T05:40:00.076,39.6
2026-07-12T05:45:00.112,39.6
2026-07-12T05:50:00.077,39.6
2026-07-12T05:55:00.081,39.3
2026-07-12T06:00:00.112,39.3
2026-07-12T06:05:00.077,39.3
2026-07-12T06:10:00.077,39.3
2026-07-12T06:15:00.113,39.3
2026-07-12T06:20:00.075,39.0
2026-07-12T06:25:00.082,38.6
2026-07-12T06:30:00.113,38.3
2026-07-12T06:35:00.076,38.6
2026-07-12T06:40:00.082,38.6
2026-07-12T06:45:00.104,38.6
2026-07-12T06:50:00.079,38.6
2026-07-12T06:55:00.078,39.0
2026-07-12T07:00:00.107,39.0
2026-07-12T07:05:00.080,39.0
2026-07-12T07:10:00.108,39.0
2026-07-12T07:15:00.081,39.0
2026-07-12T07:20:00.079,39.0
2026-07-12T07:25:00.106,38.6
2026-07-12T07:30:00.077,38.6
2026-07-12T07:35:00.083,38.3
2026-07-12T07:40:00.105,38.0
2026-07-12T07:45:00.078,38.0
2026-07-12T07:50:00.084,37.7
2026-07-12T07:55:00.112,37.7
2026-07-12T08:00:00.081,37.7
2026-07-12T08:05:00.078,37.7
2026-07-12T08:10:00.113,37.3
2026-07-12T08:15:00.077,37.3
2026-07-12T08:20:00.078,37.0
2026-07-12T08:25:00.107,37.0
2026-07-12T08:30:00.084,37.0
2026-07-12T08:35:00.114,36.7
2026-07-12T08:40:00.082,36.7
2026-07-12T08:45:00.080,36.7
2026-07-12T08:50:00.111,36.7
2026-07-12T08:55:00.085,36.7
2026-07-12T09:00:00.082,36.7
2026-07-12T09:05:00.103,37.0
2026-07-12T09:10:00.075,37.0
2026-07-12T09:15:00.075,37.0
2026-07-12T09:20:00.107,37.0
2026-07-12T09:25:00.076,37.3
2026-07-12T09:30:00.084,37.3
2026-07-12T09:35:00.105,37.3
2026-07-12T09:40:00.075,37.3
2026-07-12T09:45:00.079,37.3
2026-07-12T09:50:00.105,37.3
2026-07-12T09:55:00.077,37.3
2026-07-12T10:00:00.078,37.3
2026-07-12T10:05:00.104,37.3
2026-07-12T10:10:00.083,37.3
2026-07-12T10:15:00.103,37.3
2026-07-12T10:20:00.078,37.7
2026-07-12T10:25:00.078,37.7
2026-07-12T10:30:00.107,38.0
2026-07-12T10:35:00.077,37.7
2026-07-12T10:40:00.079,37.7
2026-07-12T10:45:00.114,37.3
2026-07-12T10:50:00.083,37.0
2026-07-12T10:55:00.084,37.0
2026-07-12T11:00:00.110,36.7
2026-07-12T11:05:00.077,36.7
2026-07-12T11:10:00.084,36.7
2026-07-12T11:15:00.106,36.4
2026-07-12T11:20:00.079,36.4
2026-07-12T11:25:00.078,36.0
2026-07-12T11:30:00.107,36.0
2026-07-12T11:35:00.079,35.7
2026-07-12T11:40:00.106,35.7
2026-07-12T11:45:00.075,35.7
2026-07-12T11:50:00.081,35.4
2026-07-12T11:55:00.103,35.4
2026-07-12T12:00:00.076,35.1
2026-07-12T12:05:00.074,35.1
2026-07-12T12:10:00.104,35.1
2026-07-12T12:15:00.076,35.1
2026-07-12T12:20:00.072,35.1
2026-07-12T12:25:00.109,35.1
2026-07-12T12:30:00.079,35.1
2026-07-12T12:35:00.079,35.1
2026-07-12T15:28:00.109,39.9
2026-07-12T15:33:00.079,39.6
2026-07-12T15:38:00.079,39.9
2026-07-12T15:43:00.110,39.6
2026-07-12T15:48:00.075,39.9
2026-07-12T15:53:00.109,39.6
2026-07-12T15:58:00.080,39.9
2026-07-12T16:03:00.074,39.9
2026-07-12T16:08:00.108,39.6
2026-07-12T16:13:00.078,39.3
2026-07-12T16:18:00.079,38.6
2026-07-12T16:23:00.104,38.3
2026-07-12T16:28:00.078,38.0
2026-07-12T16:33:00.080,37.7
2026-07-12T16:38:00.105,37.7
2026-07-12T16:43:00.076,37.3
2026-07-12T16:48:00.083,37.3
2026-07-12T16:53:00.114,37.3
2026-07-12T16:58:00.079,37.3
2026-07-12T17:03:00.078,37.3
2026-07-12T17:08:00.108,37.3
2026-07-12T17:13:00.080,37.3
2026-07-12T17:18:00.078,37.3
2026-07-12T17:23:00.110,37.7
2026-07-12T17:28:00.079,37.7
2026-07-12T17:33:00.114,38.0
2026-07-12T17:38:00.075,38.0
2026-07-12T17:43:00.081,38.0
2026-07-12T17:48:00.113,38.0
2026-07-12T17:53:00.082,38.0
2026-07-12T17:58:00.081,38.0
2026-07-12T18:03:00.108,38.3
2026-07-12T18:08:00.079,38.3
2026-07-12T18:13:00.076,38.6
2026-07-12T18:18:00.113,38.6
2026-07-12T18:23:00.078,38.6
2026-07-12T18:28:00.082,39.0
2026-07-12T18:33:00.104,39.0
2026-07-12T18:38:00.083,38.6
2026-07-12T18:43:00.078,38.6
2026-07-12T18:48:00.113,38.6
2026-07-12T18:53:00.079,38.6
2026-07-12T18:58:00.082,38.3
2026-07-12T19:03:00.110,38.0
2026-07-12T19:08:00.075,38.0
2026-07-12T19:13:00.105,37.7
2026-07-12T19:18:00.078,37.3
2026-07-12T19:23:00.077,37.0
2026-07-12T19:28:00.110,36.4
2026-07-12T19:33:00.082,36.4
2026-07-12T19:38:00.075,36.0
2026-07-12T19:43:00.111,35.7
2026-07-12T19:48:00.077,35.4
2026-07-12T19:53:00.079,35.4
2026-07-12T19:58:00.111,35.4
2026-07-12T20:03:00.084,35.4
2026-07-12T20:08:00.082,35.4
2026-07-12T20:13:00.107,35.4
2026-07-12T20:18:00.077,35.4
2026-07-12T20:23:00.082,35.4
2026-07-12T20:28:00.112,35.4
2026-07-12T20:33:00.082,35.4
2026-07-12T20:38:00.085,35.1
2026-07-12T20:43:00.111,35.1
2026-07-12T20:48:00.082,35.1
2026-07-12T20:53:00.081,35.1
2026-07-12T20:58:00.109,35.1
2026-07-12T21:03:00.081,35.1
2026-07-12T21:08:00.110,35.1
2026-07-12T21:13:00.080,35.1
2026-07-12T21:18:00.078,35.4
2026-07-12T21:23:00.110,35.4
2026-07-12T21:28:00.083,35.4
2026-07-12T21:33:00.081,35.4
2026-07-12T21:38:00.112,35.1
2026-07-12T21:43:00.078,35.1
2026-07-12T21:48:00.076,35.1
2026-07-12T21:53:00.108,35.4
2026-07-12T21:58:00.085,35.4
2026-07-12T22:03:00.084,35.4
2026-07-12T22:08:00.104,35.7
2026-07-12T22:13:00.083,35.7
2026-07-12T22:18:00.081,36.0
2026-07-12T22:23:00.109,36.0
2026-07-12T22:28:00.076,36.0
2026-07-12T22:33:00.079,36.4
2026-07-12T22:38:00.109,36.4
2026-07-12T22:43:00.076,36.4
2026-07-12T22:48:00.114,36.4
2026-07-12T22:53:00.075,36.4
2026-07-12T22:58:00.077,36.0
2026-07-12T23:03:00.109,35.7
2026-07-12T23:08:00.084,35.4
2026-07-12T23:13:00.077,35.1
2026-07-12T23:18:00.109,34.8
2026-07-12T23:23:00.079,34.4
2026-07-12T23:28:00.077,34.4
2026-07-12T23:33:00.114,34.1
2026-07-12T23:38:00.083,34.1
2026-07-12T23:43:00.081,34.1
2026-07-12T23:48:00.112,34.1
2026-07-12T23:53:00.084,33.8
2026-07-12T23:58:00.075,33.8
2026-07-13T00:03:00.105,33.8
2026-07-13T00:08:00.078,33.8
2026-07-13T00:13:00.084,34.1
2026-07-13T00:18:00.108,34.1
2026-07-13T00:23:00.080,34.1
2026-07-13T00:28:00.108,34.1
2026-07-13T00:33:00.081,34.1
2026-07-13T00:38:00.080,34.1
2026-07-13T00:43:00.110,34.1
2026-07-13T00:48:00.082,34.4
2026-07-13T00:53:00.077,34.4
2026-07-13T00:58:00.114,34.4
2026-07-13T01:03:00.079,34.4
2026-07-13T01:08:00.074,34.8
2026-07-13T01:13:00.105,34.8
2026-07-13T01:18:00.077,34.8
2026-07-13T01:23:00.085,34.8
2026-07-13T01:28:00.113,34.8
2026-07-13T01:33:00.078,34.8
2026-07-13T01:38:00.074,34.8
2026-07-13T01:43:00.104,34.8
2026-07-13T01:48:00.078,34.8
2026-07-13T01:53:00.074,34.8
2026-07-13T01:58:00.106,34.8
2026-07-13T02:03:00.075,35.1
2026-07-13T02:08:00.112,34.8
2026-07-13T02:13:00.078,35.1
2026-07-14T02:16:00.102,35.4
2026-07-14T02:21:00.082,35.7
2026-07-14T02:26:00.074,35.7
2026-07-14T02:31:00.102,35.7
2026-07-14T02:36:00.075,36.0
2026-07-14T02:41:00.107,36.0
2026-07-14T02:46:00.079,35.7
2026-07-14T02:51:00.074,36.0
2026-07-14T02:56:00.111,36.0
2026-07-14T03:01:00.078,36.0
2026-07-14T03:06:00.081,36.0
2026-07-14T03:11:00.113,36.0
2026-07-14T03:16:00.080,35.7
2026-07-14T03:21:00.081,35.7
2026-07-14T03:26:00.111,35.7
2026-07-14T03:31:00.078,35.7
2026-07-14T03:36:00.077,35.7
2026-07-14T03:41:00.108,35.4
2026-07-14T03:46:00.077,35.4
2026-07-14T03:51:00.084,35.4
2026-07-14T03:56:00.109,35.4
2026-07-14T04:01:00.077,35.4
2026-07-14T04:06:00.108,35.4
2026-07-14T04:11:00.077,35.4
2026-07-14T04:16:00.080,35.4
2026-07-14T04:21:00.113,35.4
2026-07-14T04:26:00.077,35.7
2026-07-14T04:31:00.080,35.7
2026-07-14T04:36:00.113,35.7
2026-07-14T04:41:00.075,35.7
2026-07-14T04:46:00.083,36.0
2026-07-14T04:51:00.108,36.0
2026-07-14T04:56:00.081,36.0
2026-07-14T05:01:00.076,36.0
2026-07-14T05:06:00.106,36.0
2026-07-14T05:11:00.082,36.4
2026-07-14T05:16:00.085,36.4
2026-07-14T05:21:00.109,36.4
2026-07-14T05:26:00.078,36.4
2026-07-14T05:31:00.077,36.4
2026-07-14T05:36:00.111,36.4
2026-07-14T05:41:00.076,36.4
2026-07-14T05:46:00.103,36.4
2026-07-14T05:51:00.076,36.4
2026-07-14T05:56:00.075,36.7
2026-07-14T06:01:00.110,36.7
2026-07-14T06:06:00.083,36.7
2026-07-14T06:11:00.077,37.0
2026-07-14T06:16:00.107,37.0
2026-07-14T06:21:00.077,37.0
2026-07-14T06:26:00.083,37.3
2026-07-14T06:31:00.114,37.3
2026-07-14T06:36:00.075,37.3
2026-07-14T06:41:00.076,37.7
2026-07-14T06:46:00.105,37.7
2026-07-14T06:51:00.082,37.7
2026-07-14T06:56:00.081,37.7
2026-07-14T07:01:00.112,37.3
2026-07-14T07:06:00.075,37.3
2026-07-14T07:11:00.111,37.3
2026-07-14T07:16:00.076,37.0
2026-07-14T07:21:00.084,37.0
2026-07-14T07:26:00.110,37.0
2026-07-14T07:31:00.075,37.0
2026-07-14T07:36:00.082,37.0
2026-07-14T07:41:00.113,37.0
2026-07-14T07:46:00.077,37.0
2026-07-14T07:51:00.085,36.7
2026-07-14T07:56:00.113,36.7
2026-07-14T08:01:00.080,36.7
2026-07-14T08:06:00.076,36.7
2026-07-14T08:11:00.107,36.7
2026-07-14T08:16:00.079,36.7
2026-07-14T08:21:00.081,36.7
2026-07-14T08:26:00.105,36.7
2026-07-14T08:31:00.078,36.7
2026-07-14T08:36:00.077,36.7
2026-07-14T08:41:00.108,36.7
2026-07-14T08:46:00.082,36.7
2026-07-14T08:51:00.114,36.7
2026-07-14T08:56:00.079,37.0
2026-07-14T09:01:00.080,37.0
2026-07-14T09:06:00.109,37.0
2026-07-14T09:11:00.077,37.0
2026-07-14T09:16:00.076,37.0
2026-07-14T09:21:00.114,37.0
2026-07-14T09:26:00.084,37.0
2026-07-14T09:31:00.076,37.0
2026-07-14T09:36:00.109,37.0
2026-07-14T09:41:00.083,37.0
2026-07-14T09:46:00.076,37.0
2026-07-14T09:51:00.110,37.0
2026-07-14T09:56:00.079,36.7
2026-07-14T10:01:00.076,37.0
2026-07-14T10:06:00.112,37.0
2026-07-14T10:11:00.083,37.0
2026-07-14T10:16:00.106,37.0
2026-07-14T10:21:00.077,37.0
2026-07-14T10:26:00.078,37.0
2026-07-14T10:31:00.114,37.0
2026-07-14T10:36:00.083,37.0
2026-07-14T10:41:00.083,37.0
2026-07-14T10:46:00.113,37.0
2026-07-14T10:51:00.076,37.0
2026-07-14T10:56:00.080,37.3
2026-07-14T11:01:00.113,37.3
2026-07-14T11:06:00.076,37.3
2026-07-14T11:11:00.082,37.3
2026-07-14T11:16:00.114,37.3
2026-07-14T11:21:00.084,37.3
2026-07-14T11:26:00.076,37.0
2026-07-14T11:31:00.109,37.0
2026-07-14T11:36:00.076,37.0
2026-07-14T11:41:00.078,37.0
2026-07-14T11:46:00.108,37.0
2026-07-14T11:51:00.079,36.7
2026-07-14T11:56:00.102,36.7
2026-07-14T12:01:00.072,36.7
2026-07-14T12:06:00.072,36.7
2026-07-14T12:11:00.110,36.7
2026-07-14T12:16:00.075,36.7
2026-07-14T12:21:00.079,36.7
2026-07-14T12:26:00.110,36.7
2026-07-14T12:31:00.081,36.7
2026-07-14T12:36:00.079,36.7
2026-07-15T02:26:00.105,48.9
2026-07-15T02:31:00.073,48.6
2026-07-15T02:36:00.077,48.0
2026-07-15T02:41:00.100,47.3
2026-07-15T02:46:00.081,47.0
2026-07-15T02:51:00.103,46.4
2026-07-15T02:56:00.075,46.4
2026-07-15T03:01:00.078,46.0
2026-07-15T03:06:00.106,45.7
2026-07-15T03:11:00.083,45.4
2026-07-15T03:16:00.084,45.4
2026-07-15T03:21:00.114,45.1
2026-07-15T03:26:00.079,45.1
2026-07-15T03:31:00.078,45.1
2026-07-15T03:36:00.109,45.1
2026-07-15T03:41:00.083,44.8
2026-07-15T03:46:00.079,44.1
2026-07-15T03:51:00.109,43.5
2026-07-15T03:56:00.084,42.8
2026-07-15T04:01:00.076,42.5
2026-07-15T04:06:00.113,42.2
2026-07-15T04:11:00.080,41.9
2026-07-15T04:16:00.105,41.9
2026-07-15T04:21:00.084,41.5
2026-07-15T04:26:00.079,41.5
2026-07-15T04:31:00.110,41.2
2026-07-15T04:36:00.082,41.2
2026-07-15T04:41:00.082,41.2
2026-07-15T04:46:00.111,41.2
2026-07-15T04:51:00.083,41.2
2026-07-15T04:56:00.083,41.2
2026-07-15T05:01:00.107,41.2
2026-07-15T05:06:00.077,41.2
2026-07-15T05:11:00.075,41.2
2026-07-15T05:16:00.108,41.2
2026-07-15T05:21:00.081,41.2
2026-07-15T05:26:00.077,41.2
2026-07-15T05:31:00.109,41.2
2026-07-15T05:36:00.080,41.2
2026-07-15T05:41:00.074,41.2
2026-07-15T05:46:00.110,41.2
2026-07-15T05:51:00.078,41.2
2026-07-15T05:56:00.110,40.9
2026-07-15T06:01:00.077,41.2
2026-07-15T06:06:00.077,41.2
2026-07-15T06:11:00.108,41.2
2026-07-15T06:16:00.080,41.2
2026-07-15T06:21:00.084,41.2
2026-07-15T06:26:00.111,41.2
2026-07-15T06:31:00.080,41.2
2026-07-15T06:36:00.083,41.2
2026-07-15T06:41:00.108,41.2
2026-07-15T06:46:00.079,41.2
2026-07-15T06:51:00.081,41.2
2026-07-15T06:56:00.114,41.2
2026-07-15T07:01:00.077,41.2
2026-07-15T07:06:00.076,41.2
2026-07-15T07:11:00.113,41.2
2026-07-15T07:16:00.083,41.2
2026-07-15T07:21:00.111,41.2
2026-07-15T07:26:00.081,40.9
2026-07-15T07:31:00.079,40.9
2026-07-15T07:36:00.111,40.9
2026-07-15T07:41:00.078,40.6
2026-07-15T07:46:00.077,40.6
2026-07-15T07:51:00.105,40.6
2026-07-15T07:56:00.078,40.6
2026-07-15T08:01:00.078,40.6
2026-07-15T08:06:00.105,40.6
2026-07-15T08:11:00.081,40.6
2026-07-15T08:16:00.075,40.6
2026-07-15T08:21:00.110,40.2
2026-07-15T08:26:00.076,40.2
2026-07-15T08:31:00.084,40.2
2026-07-15T08:36:00.113,39.9
2026-07-15T08:41:00.078,39.9
2026-07-15T08:46:00.077,39.9
2026-07-15T08:51:00.105,39.9
2026-07-15T08:56:00.076,39.6
2026-07-15T09:01:00.106,39.6
2026-07-15T09:06:00.084,39.6
2026-07-15T09:11:00.083,39.6
2026-07-15T09:16:00.113,39.6
2026-07-15T09:21:00.082,39.6
2026-07-15T09:26:00.079,39.6
2026-07-15T09:31:00.114,39.6
2026-07-15T09:36:00.084,39.3
2026-07-15T09:41:00.081,39.3
2026-07-15T09:46:00.105,39.3
2026-07-15T09:51:00.084,39.3
2026-07-15T09:56:00.076,39.3
2026-07-15T10:01:00.115,39.3
2026-07-15T10:06:00.082,39.3
2026-07-15T10:11:00.083,39.0
2026-07-15T10:16:00.113,39.0
2026-07-15T10:21:00.076,39.0
2026-07-15T10:26:00.111,39.0
2026-07-15T10:31:00.082,39.0
2026-07-15T10:36:00.079,39.0
2026-07-15T10:41:00.111,39.0
2026-07-15T10:46:00.075,39.0
2026-07-15T10:51:00.081,38.6
2026-07-15T10:56:00.111,38.6
2026-07-15T11:01:00.078,38.6
2026-07-15T11:06:00.075,38.6
2026-07-15T11:11:00.108,38.6
2026-07-15T11:16:00.076,38.6
2026-07-15T11:21:00.082,38.3
2026-07-15T11:26:00.106,38.3
2026-07-15T11:31:00.077,38.3
2026-07-15T11:36:00.082,38.3
2026-07-15T11:41:00.112,38.3
2026-07-15T11:46:00.076,38.0
2026-07-15T11:51:00.084,38.0
2026-07-15T11:56:00.109,38.0
2026-07-15T12:01:00.072,38.0
2026-07-15T12:06:00.103,38.0
2026-07-15T12:11:00.078,37.7
2026-07-15T12:16:00.072,37.7
2026-07-15T12:21:00.111,37.7
2026-07-15T12:26:00.073,37.7
2026-07-15T12:31:00.080,37.3
2026-07-15T12:36:00.108,37.0
2026-07-15T15:48:00.074,44.1
2026-07-15T15:53:00.111,43.8
2026-07-15T15:58:00.081,43.5
2026-07-15T16:03:00.077,43.1
2026-07-15T16:08:00.108,43.1
2026-07-15T16:13:00.078,42.8
2026-07-15T16:18:00.073,42.5
2026-07-15T16:23:00.103,42.2
2026-07-15T16:28:00.081,41.9
2026-07-15T16:33:00.075,41.9
2026-07-15T16:38:00.107,41.5
2026-07-15T16:43:00.077,41.5
2026-07-15T16:48:00.077,41.2
2026-07-15T16:53:00.113,40.9
2026-07-15T16:58:00.082,40.9
2026-07-15T17:03:00.081,40.6
2026-07-15T17:08:00.113,40.6
2026-07-15T17:13:00.081,40.6
2026-07-15T17:18:00.074,40.2
2026-07-15T17:23:00.106,40.2
2026-07-15T17:28:00.076,40.2
2026-07-15T17:33:00.109,40.2
2026-07-15T17:38:00.082,40.2
2026-07-15T17:43:00.078,40.2
2026-07-15T17:48:00.105,40.2
2026-07-15T17:53:00.076,40.2
2026-07-15T17:58:00.083,40.2
2026-07-15T18:03:00.109,40.2
2026-07-15T18:08:00.075,40.2
2026-07-15T18:13:00.081,40.2
2026-07-15T18:18:00.106,40.2
2026-07-15T18:23:00.083,40.2
2026-07-15T18:28:00.078,40.2
2026-07-15T18:33:00.106,40.2
2026-07-15T18:38:00.077,40.2
2026-07-15T18:43:00.084,40.2
2026-07-15T18:48:00.112,40.6
2026-07-15T18:53:00.076,40.6
2026-07-15T18:58:00.082,40.6
2026-07-15T19:03:00.112,40.2
2026-07-15T19:08:00.085,40.2
2026-07-15T19:13:00.108,40.2
2026-07-15T19:18:00.077,40.2
2026-07-15T19:23:00.077,40.2
2026-07-15T19:28:00.109,40.2
2026-07-15T19:33:00.082,40.2
2026-07-15T19:38:00.082,39.9
2026-07-15T19:43:00.103,39.9
2026-07-15T19:48:00.079,39.9
2026-07-15T19:53:00.075,39.9
2026-07-15T19:58:00.114,39.9
2026-07-15T20:03:00.077,39.9
2026-07-15T20:08:00.079,39.9
2026-07-15T20:13:00.112,39.9
2026-07-15T20:18:00.076,39.9
2026-07-15T20:23:00.078,39.9
2026-07-15T20:28:00.108,39.9
2026-07-15T20:33:00.076,39.9
2026-07-15T20:38:00.084,39.9
2026-07-15T20:43:00.106,39.9
2026-07-15T20:48:00.083,39.9
2026-07-15T20:53:00.112,39.9
2026-07-15T20:58:00.079,39.9
2026-07-15T21:03:00.084,39.9
2026-07-15T21:08:00.109,39.9
2026-07-15T21:13:00.084,39.9
2026-07-15T21:18:00.082,39.9
2026-07-15T21:23:00.106,39.9
2026-07-15T21:28:00.083,39.6
2026-07-15T21:33:00.078,39.6
2026-07-15T21:38:00.106,39.6
2026-07-15T21:43:00.075,39.6
2026-07-15T21:48:00.077,39.6
2026-07-15T21:53:00.105,39.6
2026-07-15T21:58:00.081,39.6
2026-07-15T22:03:00.084,39.9
2026-07-15T22:08:00.110,39.9
2026-07-15T22:13:00.084,39.9
2026-07-15T22:18:00.084,39.9
2026-07-15T22:23:00.110,39.6
2026-07-15T22:28:00.076,39.6
2026-07-15T22:33:00.107,39.6
2026-07-15T22:38:00.080,39.6
2026-07-15T22:43:00.078,39.3
2026-07-15T22:48:00.109,39.3
2026-07-15T22:53:00.084,39.3
2026-07-15T22:58:00.079,39.0
2026-07-15T23:03:00.110,39.0
2026-07-15T23:08:00.076,39.0
2026-07-15T23:13:00.079,39.0
2026-07-15T23:18:00.108,38.6
2026-07-15T23:23:00.077,38.6
2026-07-15T23:28:00.084,38.6
2026-07-15T23:33:00.111,38.6
2026-07-15T23:38:00.081,38.6
2026-07-15T23:43:00.084,38.6
2026-07-15T23:48:00.114,38.6
2026-07-15T23:53:00.080,38.3
2026-07-15T23:58:00.084,38.3
2026-07-16T00:03:00.109,38.0
2026-07-16T00:08:00.083,38.0
2026-07-16T00:13:00.079,38.0
2026-07-16T00:18:00.105,38.0
2026-07-16T00:23:00.080,38.0
2026-07-16T00:28:00.110,38.0
2026-07-16T00:33:00.083,37.7
2026-07-16T00:38:00.080,37.7
2026-07-16T00:43:00.112,37.7
2026-07-16T00:48:00.078,37.7
2026-07-16T00:53:00.079,37.7
2026-07-16T00:58:00.113,37.7
2026-07-16T01:03:00.077,37.7
2026-07-16T01:08:00.079,37.7
2026-07-16T01:13:00.112,37.7
2026-07-16T01:18:00.080,37.7
2026-07-16T01:23:00.076,37.3
2026-07-16T01:28:00.114,37.7
2026-07-16T01:33:00.083,37.7
2026-07-16T01:38:00.081,37.7
2026-07-16T01:43:00.109,37.7
2026-07-16T01:48:00.074,37.7
2026-07-16T01:53:00.072,37.7
2026-07-16T01:58:00.107,37.7
2026-07-16T02:03:00.075,37.7
2026-07-16T02:08:00.103,37.7
2026-07-16T02:13:00.080,37.7
2026-07-16T02:18:00.077,38.0
2026-07-16T02:23:00.103,37.7
2026-07-16T02:28:00.075,37.7
2026-07-17T02:01:00.103,38.0
2026-07-17T02:06:00.078,38.3
2026-07-17T02:11:00.075,38.0
2026-07-17T02:16:00.100,38.6
2026-07-17T02:21:00.072,38.0
2026-07-17T02:26:00.079,38.3
2026-07-17T02:31:00.111,38.3
2026-07-17T02:36:00.075,38.3
2026-07-17T02:41:00.080,38.3
2026-07-17T02:46:00.102,38.3
2026-07-17T02:51:00.072,38.3
2026-07-17T02:56:00.077,38.3
2026-07-17T03:01:00.106,38.3
2026-07-17T03:06:00.084,38.0
2026-07-17T03:11:00.077,38.0
2026-07-17T03:16:00.111,38.0
2026-07-17T03:21:00.076,38.0
2026-07-17T03:26:00.105,38.0
2026-07-17T03:31:00.084,37.7
2026-07-17T03:36:00.075,37.7
2026-07-17T03:41:00.109,37.7
2026-07-17T03:46:00.080,37.7
2026-07-17T03:51:00.082,37.7
2026-07-17T03:56:00.112,37.7
2026-07-17T04:01:00.078,37.7
2026-07-17T04:06:00.079,37.7
2026-07-17T04:11:00.106,37.7
2026-07-17T04:16:00.079,37.7
2026-07-17T04:21:00.078,37.7
2026-07-17T04:26:00.103,37.7
2026-07-17T04:31:00.078,37.7
2026-07-17T04:36:00.077,37.7
2026-07-17T04:41:00.113,37.7
2026-07-17T04:46:00.074,38.0
2026-07-17T04:51:00.112,37.7
2026-07-17T04:56:00.079,38.0
2026-07-17T05:01:00.078,38.0
2026-07-17T05:06:00.115,38.0
2026-07-17T05:11:00.081,38.0
2026-07-17T05:16:00.074,38.0
2026-07-17T05:21:00.112,38.0
2026-07-17T05:26:00.076,38.0
2026-07-17T05:31:00.084,38.0
2026-07-17T05:36:00.106,38.3
2026-07-17T05:41:00.082,38.3
2026-07-17T05:46:00.078,38.3
2026-07-17T05:51:00.113,38.3
2026-07-17T05:56:00.076,38.0
2026-07-17T06:01:00.083,38.0
2026-07-17T06:06:00.105,38.0
2026-07-17T06:11:00.080,38.0
2026-07-17T06:16:00.081,38.0
2026-07-17T06:21:00.107,38.0
2026-07-17T06:26:00.082,37.7
2026-07-17T06:31:00.110,37.7
2026-07-17T06:36:00.085,37.7
2026-07-17T06:41:00.082,37.7
2026-07-17T06:46:00.110,37.7
2026-07-17T06:51:00.078,37.7
2026-07-17T06:56:00.075,37.7
2026-07-17T07:01:00.109,37.7
2026-07-17T07:06:00.077,37.3
2026-07-17T07:11:00.079,37.3
2026-07-17T07:16:00.106,37.3
2026-07-17T07:21:00.083,37.3
2026-07-17T07:26:00.074,37.0
2026-07-17T07:31:00.105,37.0
2026-07-17T07:36:00.080,37.0
2026-07-17T07:41:00.076,36.7
2026-07-17T07:46:00.106,36.7
2026-07-17T07:51:00.081,36.7
2026-07-17T07:56:00.105,36.4
2026-07-17T08:01:00.078,36.4
2026-07-17T08:06:00.078,36.4
2026-07-17T08:11:00.108,36.4
2026-07-17T08:16:00.076,36.4
2026-07-17T08:21:00.084,36.4
2026-07-17T08:26:00.105,36.4
2026-07-17T08:31:00.076,36.4
2026-07-17T08:36:00.078,36.4
2026-07-17T08:41:00.110,36.0
2026-07-17T08:46:00.081,36.4
2026-07-17T08:51:00.079,36.4
2026-07-17T08:56:00.108,36.0
2026-07-17T09:01:00.076,36.4
2026-07-17T09:06:00.075,36.4
2026-07-17T09:11:00.105,36.4
2026-07-17T09:16:00.077,36.4
2026-07-17T09:21:00.078,36.4
2026-07-17T09:26:00.112,36.4
2026-07-17T09:31:00.083,36.4
2026-07-17T09:36:00.109,36.4
2026-07-17T09:41:00.077,36.4
2026-07-17T09:46:00.084,36.0
2026-07-17T09:51:00.109,36.0
2026-07-17T09:56:00.083,36.0
2026-07-20T02:26:00.111,44.8
2026-07-20T02:31:00.077,44.8
2026-07-20T02:36:00.077,44.4
2026-07-20T02:41:00.106,44.1
2026-07-20T02:46:00.074,43.8
2026-07-20T02:51:00.081,43.8
2026-07-20T02:56:00.103,43.5
2026-07-20T03:01:00.072,43.1
2026-07-20T03:06:00.080,42.8
2026-07-20T03:11:00.109,42.5
2026-07-20T03:16:00.076,42.5
2026-07-20T03:21:00.084,42.2
2026-07-20T03:26:00.105,42.2
2026-07-20T03:31:00.084,42.2
2026-07-20T03:36:00.081,41.9
2026-07-20T03:41:00.105,41.9
2026-07-20T03:46:00.081,41.9
2026-07-20T03:51:00.109,41.9
2026-07-20T03:56:00.075,41.9
2026-07-20T04:01:00.078,41.9
2026-07-20T04:06:00.111,41.9
2026-07-20T04:11:00.080,41.5
2026-07-20T04:16:00.085,41.2
2026-07-20T04:21:00.105,41.2
2026-07-20T04:26:00.075,41.2
2026-07-20T04:31:00.080,41.2
2026-07-20T04:36:00.111,41.2
2026-07-20T04:41:00.079,41.2
2026-07-20T04:46:00.083,41.2
2026-07-20T04:51:00.114,40.9
2026-07-20T04:56:00.080,40.9
2026-07-20T05:01:00.083,40.6
2026-07-20T05:06:00.105,40.6
2026-07-20T05:11:00.078,40.2
2026-07-20T05:16:00.111,40.2
2026-07-20T05:21:00.075,39.9
2026-07-20T05:26:00.077,39.6
2026-07-20T05:31:00.105,39.6
2026-07-20T05:36:00.081,39.3
2026-07-20T05:41:00.083,39.3
2026-07-20T05:46:00.107,39.3
2026-07-20T05:51:00.076,39.0
2026-07-20T05:56:00.075,38.6
2026-07-20T06:01:00.112,37.7
2026-07-20T06:06:00.081,37.0
2026-07-20T06:11:00.078,36.7
2026-07-20T06:16:00.108,36.4
2026-07-20T06:21:00.084,36.0
2026-07-20T06:26:00.080,36.0
2026-07-20T06:31:00.109,36.4
2026-07-20T06:36:00.077,36.4
2026-07-20T06:41:00.078,36.7
2026-07-20T06:46:00.109,37.0
2026-07-20T06:51:00.082,37.3
2026-07-20T06:56:00.109,37.3
2026-07-20T07:01:00.077,37.7
2026-07-20T07:06:00.077,38.0
2026-07-20T07:11:00.108,38.0
2026-07-20T07:16:00.076,38.3
2026-07-20T07:21:00.078,38.3
2026-07-20T07:26:00.112,38.3
2026-07-20T07:31:00.076,38.6
2026-07-20T07:36:00.080,38.6
2026-07-20T07:41:00.112,38.6
2026-07-20T07:46:00.078,38.6
2026-07-20T07:51:00.083,38.6
2026-07-20T07:56:00.106,38.6
2026-07-20T08:01:00.078,39.0
2026-07-20T08:06:00.078,39.0
2026-07-20T08:11:00.112,39.0
2026-07-20T08:16:00.077,39.0
2026-07-20T08:21:00.114,39.0
2026-07-20T08:26:00.080,39.0
2026-07-20T08:31:00.083,39.3
2026-07-20T08:36:00.113,39.3
2026-07-20T08:41:00.084,39.3
2026-07-20T08:46:00.077,39.3
2026-07-20T08:51:00.110,39.3
2026-07-20T08:56:00.077,39.3
2026-07-20T09:01:00.076,39.3
2026-07-20T09:06:00.113,39.3
2026-07-20T09:11:00.080,39.3
2026-07-20T09:16:00.080,39.0
2026-07-20T09:21:00.108,39.0
2026-07-20T09:26:00.076,39.0
2026-07-20T09:31:00.077,39.0
2026-07-20T09:36:00.109,39.0
2026-07-20T09:41:00.081,38.6
2026-07-20T09:46:00.080,38.6
2026-07-20T09:51:00.110,38.6
2026-07-20T09:56:00.083,38.6
2026-07-20T10:01:00.109,38.6
2026-07-20T10:06:00.076,38.6
2026-07-20T10:11:00.082,38.6
2026-07-20T10:16:00.104,38.6
2026-07-20T10:21:00.076,38.6
2026-07-20T10:26:00.080,38.6
2026-07-20T10:31:00.107,38.6
2026-07-20T10:36:00.084,38.6
2026-07-20T10:41:00.076,39.0
2026-07-20T10:46:00.105,39.0
2026-07-20T10:51:00.082,39.0
2026-07-20T10:56:00.077,38.6
2026-07-20T11:01:00.114,38.6
2026-07-20T11:06:00.083,38.6
2026-07-20T11:11:00.082,38.6
2026-07-20T11:16:00.111,38.3
2026-07-20T11:21:00.080,38.3
2026-07-20T11:26:00.109,38.3
2026-07-20T11:31:00.077,38.0
2026-07-20T11:36:00.075,38.0
2026-07-20T11:41:00.106,38.0
2026-07-20T11:46:00.080,37.7
2026-07-20T11:51:00.076,37.7
2026-07-20T11:56:00.105,37.7
2026-07-20T12:01:00.074,37.3
2026-07-20T12:06:00.074,37.0
2026-07-20T12:11:00.111,37.3
2026-07-20T12:16:00.074,37.0
2026-07-20T12:21:00.078,37.0
2026-07-20T12:26:00.108,37.0
2026-07-20T12:31:00.075,37.0
2026-07-20T12:36:00.081,36.7
2026-07-20T12:41:00.110,37.3
2026-07-20T16:09:00.107,44.8
2026-07-20T16:14:00.073,44.4
2026-07-20T16:19:00.077,44.1
2026-07-20T16:24:00.105,43.1
2026-07-20T16:29:00.072,42.5
2026-07-20T16:34:00.081,41.5
2026-07-20T16:39:00.104,40.9
2026-07-20T16:44:00.077,40.2
2026-07-20T16:49:00.084,39.9
2026-07-20T16:54:00.113,39.6
2026-07-20T16:59:00.078,39.3
2026-07-20T17:04:00.081,38.6
2026-07-20T17:09:00.111,38.6
2026-07-20T17:14:00.077,38.3
2026-07-20T17:19:00.075,38.0
2026-07-20T17:24:00.111,38.0
2026-07-20T17:29:00.084,37.7
2026-07-20T17:34:00.076,37.3
2026-07-20T17:39:00.111,37.3
2026-07-20T17:44:00.083,37.3
2026-07-20T17:49:00.113,37.0
2026-07-20T17:54:00.079,36.7
2026-07-20T17:59:00.077,36.7
2026-07-20T18:04:00.105,36.4
2026-07-20T18:09:00.083,36.7
2026-07-20T18:14:00.082,36.7
2026-07-20T18:19:00.107,36.7
2026-07-20T18:24:00.082,36.7
2026-07-20T18:29:00.075,37.0
2026-07-20T18:34:00.110,37.3
2026-07-20T18:39:00.082,37.3
2026-07-20T18:44:00.078,37.7
2026-07-20T18:49:00.110,37.7
2026-07-20T18:54:00.079,38.0
2026-07-20T18:59:00.075,38.0
2026-07-20T19:04:00.112,38.3
2026-07-20T19:09:00.083,38.3
2026-07-20T19:14:00.085,38.3
2026-07-20T19:19:00.112,38.0
2026-07-20T19:24:00.084,38.0
2026-07-20T19:29:00.112,38.0
2026-07-20T19:34:00.079,38.0
2026-07-20T19:39:00.079,37.7
2026-07-20T19:44:00.105,37.7
2026-07-20T19:49:00.079,37.7
2026-07-20T19:54:00.081,37.7
2026-07-20T19:59:00.108,37.7
2026-07-20T20:04:00.075,37.7
2026-07-20T20:09:00.082,37.3
2026-07-20T20:14:00.113,37.0
2026-07-20T20:19:00.083,37.0
2026-07-20T20:24:00.080,37.0
2026-07-20T20:29:00.110,36.7
2026-07-20T20:34:00.082,36.7
2026-07-20T20:39:00.081,36.4
2026-07-20T20:44:00.111,36.4
2026-07-20T20:49:00.081,36.4
2026-07-20T20:54:00.081,36.4
2026-07-20T20:59:00.109,36.0
2026-07-20T21:04:00.075,36.0
2026-07-20T21:09:00.081,36.4
2026-07-20T21:14:00.109,36.4
2026-07-20T21:19:00.076,36.4
2026-07-20T21:24:00.113,36.4
2026-07-20T21:29:00.076,36.4
2026-07-20T21:34:00.084,36.7
2026-07-20T21:39:00.109,36.7
2026-07-20T21:44:00.080,36.7
2026-07-20T21:49:00.078,37.0
2026-07-20T21:54:00.113,37.0
2026-07-20T21:59:00.075,37.0
2026-07-20T22:04:00.075,37.0
2026-07-20T22:09:00.105,36.7
2026-07-20T22:14:00.076,36.7
2026-07-20T22:19:00.079,36.7
2026-07-20T22:24:00.113,36.7
2026-07-20T22:29:00.078,36.7
2026-07-20T22:34:00.082,36.7
2026-07-20T22:39:00.113,36.4
2026-07-20T22:44:00.081,36.4
2026-07-20T22:49:00.078,36.0
2026-07-20T22:54:00.105,36.0
2026-07-20T22:59:00.084,35.7
2026-07-20T23:04:00.104,35.7
2026-07-20T23:09:00.082,35.7
2026-07-20T23:14:00.083,35.7
2026-07-20T23:19:00.106,35.7
2026-07-20T23:24:00.079,35.7
2026-07-20T23:29:00.077,35.7
2026-07-20T23:34:00.114,35.7
2026-07-20T23:39:00.081,35.7
2026-07-20T23:44:00.081,35.7
2026-07-20T23:49:00.109,35.7
2026-07-20T23:54:00.076,35.7
2026-07-20T23:59:00.077,35.7
2026-07-21T00:04:00.110,35.4
2026-07-21T00:09:00.083,35.7
2026-07-21T00:14:00.075,35.7
2026-07-21T00:19:00.109,35.7
2026-07-21T00:24:00.076,35.7
2026-07-21T00:29:00.081,35.7
2026-07-21T00:34:00.107,35.7
2026-07-21T00:39:00.083,35.7
2026-07-21T00:44:00.109,35.7
2026-07-21T00:49:00.078,35.7
2026-07-21T00:54:00.081,35.7
2026-07-21T00:59:00.114,35.7
2026-07-21T01:04:00.080,35.7
2026-07-21T01:09:00.081,35.4
2026-07-21T01:14:00.113,35.4
2026-07-21T01:19:00.078,35.4
2026-07-21T01:24:00.077,35.4
2026-07-21T01:29:00.106,35.4
2026-07-21T01:34:00.084,35.4
2026-07-21T01:39:00.077,35.4
2026-07-21T01:44:00.106,35.4
2026-07-21T01:49:00.079,35.4
2026-07-21T01:54:00.080,35.4
2026-07-21T01:59:00.108,35.7
2026-07-21T02:04:00.078,35.7
2026-07-21T02:09:00.075,35.7
2026-07-21T02:14:00.106,35.7
2026-07-21T02:19:00.078,35.7
2026-07-22T02:21:00.104,36.0
2026-07-22T02:26:00.077,36.4
2026-07-22T02:31:00.073,36.4
2026-07-22T02:36:00.108,36.4
2026-07-22T02:41:00.078,36.4
2026-07-22T02:46:00.080,36.4
2026-07-22T02:51:00.103,36.4
2026-07-22T02:56:00.078,36.4
2026-07-22T03:01:00.112,36.4
2026-07-22T03:06:00.080,36.4
2026-07-22T03:11:00.081,36.7
2026-07-22T03:16:00.106,36.7
2026-07-22T03:21:00.074,36.7
2026-07-22T03:26:00.085,36.7
2026-07-22T03:31:00.113,36.7
2026-07-22T03:36:00.082,36.7
2026-07-22T03:41:00.076,36.7
2026-07-22T03:46:00.105,36.7
2026-07-22T03:51:00.080,36.7
2026-07-22T03:56:00.084,36.7
2026-07-22T04:01:00.105,36.4
2026-07-22T04:06:00.084,36.4
2026-07-22T04:11:00.080,36.4
2026-07-22T04:16:00.113,36.4
2026-07-22T04:21:00.080,36.4
2026-07-22T04:26:00.076,36.4
2026-07-22T04:31:00.108,36.4
2026-07-22T04:36:00.081,36.4
2026-07-22T04:41:00.110,36.7
2026-07-22T04:46:00.078,36.7
2026-07-22T04:51:00.075,36.7
2026-07-22T04:56:00.109,36.7
2026-07-22T05:01:00.078,36.7
2026-07-22T05:06:00.079,36.7
2026-07-22T05:11:00.106,36.7
2026-07-22T05:16:00.079,37.0
2026-07-22T05:21:00.081,37.0
2026-07-22T05:26:00.106,37.0
2026-07-22T05:31:00.085,37.0
2026-07-22T05:36:00.080,37.0
2026-07-22T05:41:00.106,37.0
2026-07-22T05:46:00.083,37.0
2026-07-22T05:51:00.078,37.0
2026-07-22T05:56:00.113,36.7
2026-07-22T06:01:00.083,36.7
2026-07-22T06:06:00.110,36.7
2026-07-22T06:11:00.081,36.7
2026-07-22T06:16:00.078,36.7
2026-07-22T06:21:00.112,36.7
2026-07-22T06:26:00.077,36.7
2026-07-22T06:31:00.076,36.7
2026-07-22T06:36:00.113,36.7
2026-07-22T06:41:00.084,37.0
2026-07-22T06:46:00.080,37.0
2026-07-22T06:51:00.114,37.0
2026-07-22T06:56:00.083,37.0
2026-07-22T07:01:00.078,37.0
2026-07-22T07:06:00.114,37.0
2026-07-22T07:11:00.077,37.0
2026-07-22T07:16:00.081,37.0
2026-07-22T07:21:00.106,37.3
2026-07-22T07:26:00.080,37.3
2026-07-22T07:31:00.111,37.3
2026-07-22T07:36:00.077,37.3
2026-07-22T07:41:00.081,37.3
2026-07-22T07:46:00.107,37.3
2026-07-22T07:51:00.075,37.3
2026-07-22T07:56:00.078,37.3
2026-07-22T08:01:00.107,37.3
2026-07-22T08:06:00.082,37.3
2026-07-22T08:11:00.080,37.3
2026-07-22T08:16:00.106,37.0
2026-07-22T08:21:00.075,37.0
2026-07-22T08:26:00.082,37.0
2026-07-22T08:31:00.112,37.0
2026-07-22T08:36:00.084,37.0
2026-07-22T08:41:00.078,37.0
2026-07-22T08:46:00.112,36.7
2026-07-22T08:51:00.076,36.7
2026-07-22T08:56:00.079,36.7
2026-07-22T09:01:00.106,36.7
2026-07-22T09:06:00.077,36.7
2026-07-22T09:11:00.110,36.7
2026-07-22T09:16:00.079,36.7
2026-07-22T09:21:00.078,36.7
2026-07-22T09:26:00.110,36.4
2026-07-22T09:31:00.082,36.4
2026-07-22T09:36:00.083,36.4
2026-07-22T09:41:00.108,36.4
2026-07-22T09:46:00.079,36.4
2026-07-22T09:51:00.082,36.4
2026-07-22T09:56:00.108,36.4
2026-07-22T10:01:00.083,36.0
2026-07-22T10:06:00.084,36.0
2026-07-22T10:11:00.105,36.0
2026-07-22T10:16:00.075,36.0
2026-07-22T10:21:00.081,36.0
2026-07-22T10:26:00.114,36.0
2026-07-22T10:31:00.080,36.0
2026-07-22T10:36:00.107,36.0
2026-07-22T10:41:00.083,36.0
2026-07-22T10:46:00.076,36.0
2026-07-22T10:51:00.105,36.0
2026-07-22T10:56:00.082,36.0
2026-07-22T11:01:00.082,36.0
2026-07-22T11:06:00.106,36.0
2026-07-22T11:11:00.083,36.0
2026-07-22T11:16:00.083,36.4
2026-07-22T11:21:00.105,36.4
2026-07-22T11:26:00.081,36.4
2026-07-22T11:31:00.079,36.4
2026-07-22T11:36:00.113,36.4
2026-07-22T11:41:00.076,36.4
2026-07-22T11:46:00.080,36.4
2026-07-22T11:51:00.112,36.4
2026-07-22T11:56:00.083,36.4
2026-07-22T12:01:00.075,36.4
2026-07-22T12:06:00.103,36.0
2026-07-22T12:11:00.076,36.0
2026-07-22T12:16:00.111,36.0
2026-07-22T12:21:00.073,36.0
2026-07-22T12:26:00.074,36.0
2026-07-22T12:31:00.107,35.7
2026-07-22T12:36:00.077,36.0
2026-07-22T12:41:00.076,36.0
2026-07-22T16:07:00.082,49.3
2026-07-22T16:12:00.110,49.3
2026-07-22T16:17:00.076,48.3
2026-07-22T16:22:00.076,47.7
2026-07-22T16:27:00.105,47.0
2026-07-22T16:32:00.081,46.4
2026-07-22T16:37:00.073,46.0
2026-07-22T16:42:00.104,45.7
2026-07-22T16:47:00.076,45.4
2026-07-22T16:52:00.083,45.1
2026-07-22T16:57:00.108,44.8
2026-07-22T17:02:00.080,44.8
2026-07-22T17:07:00.075,44.4
2026-07-22T17:12:00.111,44.4
2026-07-22T17:17:00.077,44.1
2026-07-22T17:22:00.075,43.8
2026-07-22T17:27:00.107,43.8
2026-07-22T17:32:00.081,43.5
2026-07-22T17:37:00.107,43.1
2026-07-22T17:42:00.082,42.8
2026-07-22T17:47:00.085,42.5
2026-07-22T17:52:00.107,42.5
2026-07-22T17:57:00.083,42.5
2026-07-22T18:02:00.080,42.2
2026-07-22T18:07:00.106,42.2
2026-07-22T18:12:00.077,41.9
2026-07-22T18:17:00.083,41.9
2026-07-22T18:22:00.114,41.9
2026-07-22T18:27:00.076,41.9
2026-07-22T18:32:00.082,41.9
2026-07-22T18:37:00.113,41.5
2026-07-22T18:42:00.076,41.5
2026-07-22T18:47:00.084,41.5
2026-07-22T18:52:00.105,41.5
2026-07-22T18:57:00.076,41.2
2026-07-22T19:02:00.080,41.2
2026-07-22T19:07:00.107,41.2
2026-07-22T19:12:00.080,41.2
2026-07-22T19:17:00.105,41.2
2026-07-22T19:22:00.081,40.9
2026-07-22T19:27:00.077,40.9
2026-07-22T19:32:00.107,40.9
2026-07-22T19:37:00.078,40.9
2026-07-22T19:42:00.078,40.9
2026-07-22T19:47:00.107,40.9
2026-07-22T19:52:00.083,40.6
2026-07-22T19:57:00.080,40.6
2026-07-22T20:02:00.107,40.6
2026-07-22T20:07:00.076,40.6
2026-07-22T20:12:00.082,40.6
2026-07-22T20:17:00.110,40.6
2026-07-22T20:22:00.082,40.6
2026-07-22T20:27:00.082,40.2
2026-07-22T20:32:00.111,40.2
2026-07-22T20:37:00.077,40.2
2026-07-22T20:42:00.081,40.2
2026-07-22T20:47:00.111,40.2
2026-07-22T20:52:00.082,40.2
2026-07-22T20:57:00.084,40.2
2026-07-22T21:02:00.106,39.9
2026-07-22T21:07:00.078,39.9
2026-07-22T21:12:00.107,39.9
2026-07-22T21:17:00.077,39.6
2026-07-22T21:22:00.083,39.6
2026-07-22T21:27:00.113,39.6
2026-07-22T21:32:00.075,39.6
2026-07-22T21:37:00.079,39.6
2026-07-22T21:42:00.110,39.6
2026-07-22T21:47:00.076,39.3
2026-07-22T21:52:00.078,39.3
2026-07-22T21:57:00.113,39.3
2026-07-22T22:02:00.084,39.3
2026-07-22T22:07:00.078,39.3
2026-07-22T22:12:00.106,39.3
2026-07-22T22:17:00.084,39.3
2026-07-22T22:22:00.078,39.0
2026-07-22T22:27:00.109,39.0
2026-07-22T22:32:00.083,39.0
2026-07-22T22:37:00.083,39.0
2026-07-22T22:42:00.113,39.0
2026-07-22T22:47:00.084,39.0
2026-07-22T22:52:00.107,39.0
2026-07-22T22:57:00.077,39.0
2026-07-22T23:02:00.076,39.0
2026-07-22T23:07:00.109,39.0
2026-07-22T23:12:00.075,38.6
2026-07-22T23:17:00.079,38.6
2026-07-22T23:22:00.105,38.6
2026-07-22T23:27:00.081,38.6
2026-07-22T23:32:00.080,38.6
2026-07-22T23:37:00.108,38.6
2026-07-22T23:42:00.080,38.6
2026-07-22T23:47:00.078,38.6
2026-07-22T23:52:00.109,38.6
2026-07-22T23:57:00.079,38.6
2026-07-23T00:02:00.082,38.6
2026-07-23T00:07:00.112,38.6
2026-07-23T00:12:00.076,38.6
2026-07-23T00:17:00.075,38.6
2026-07-23T00:22:00.113,38.6
2026-07-23T00:27:00.081,38.6
2026-07-23T00:32:00.108,38.6
2026-07-23T00:37:00.080,38.6
2026-07-23T00:42:00.082,38.6
2026-07-23T00:47:00.111,38.6
2026-07-23T00:52:00.080,38.6
2026-07-23T00:57:00.079,38.6
2026-07-23T01:02:00.106,38.6
2026-07-23T01:07:00.078,38.3
2026-07-23T01:12:00.076,38.6
2026-07-23T01:17:00.106,38.3
2026-07-23T01:22:00.075,38.6
2026-07-23T01:27:00.084,38.6
2026-07-23T01:32:00.108,38.3
2026-07-23T01:37:00.078,38.6
2026-07-23T01:42:00.082,38.3
2026-07-23T01:47:00.105,38.3
2026-07-23T01:52:00.072,38.3
2026-07-23T01:57:00.078,38.0
2026-07-23T02:02:00.106,38.0
2026-07-23T02:07:00.071,38.0
2026-07-23T02:12:00.109,37.7
2026-07-23T02:17:00.077,38.0
2026-07-23T02:22:00.078,38.0
2026-07-23T02:27:00.106,37.7
2026-07-24T02:21:00.111,50.9
2026-07-24T02:26:00.077,50.6
2026-07-24T02:31:00.103,49.9
2026-07-24T02:36:00.080,49.3
2026-07-24T02:41:00.077,48.6
2026-07-24T02:46:00.102,48.3
2026-07-24T02:51:00.080,47.7
2026-07-24T02:56:00.074,47.3
2026-07-24T03:01:00.108,47.0
2026-07-24T03:06:00.081,47.0
2026-07-24T03:11:00.077,46.4
2026-07-24T03:16:00.107,46.4
2026-07-24T03:21:00.081,46.0
2026-07-24T03:26:00.075,45.7
2026-07-24T03:31:00.113,45.4
2026-07-24T03:36:00.080,45.4
2026-07-24T03:41:00.079,45.1
2026-07-24T03:46:00.110,45.1
2026-07-24T03:51:00.084,44.8
2026-07-24T03:56:00.112,44.8
2026-07-24T04:01:00.079,44.4
2026-07-24T04:06:00.082,44.4
2026-07-24T04:11:00.112,44.4
2026-07-24T04:16:00.075,44.1
2026-07-24T04:21:00.079,44.1
2026-07-24T04:26:00.108,44.1
2026-07-24T04:31:00.079,44.1
2026-07-24T04:36:00.074,44.1
2026-07-24T04:41:00.111,44.1
2026-07-24T04:46:00.077,44.1
2026-07-24T04:51:00.085,44.1
2026-07-24T04:56:00.107,44.4
2026-07-24T05:01:00.076,44.4
2026-07-24T05:06:00.081,44.4
2026-07-24T05:11:00.113,44.4
2026-07-24T05:16:00.083,44.4
2026-07-24T05:21:00.078,44.4
2026-07-24T05:26:00.110,44.4
2026-07-24T05:31:00.081,44.1
2026-07-24T05:36:00.108,44.1
2026-07-24T05:41:00.079,44.1
2026-07-24T05:46:00.083,44.1
2026-07-24T05:51:00.108,43.8
2026-07-24T05:56:00.077,43.8
2026-07-24T06:01:00.082,43.8
2026-07-24T06:06:00.112,43.5
2026-07-24T06:11:00.077,43.5
2026-07-24T06:16:00.084,43.5
2026-07-24T06:21:00.111,43.5
2026-07-24T06:26:00.080,43.5
2026-07-24T06:31:00.079,43.1
2026-07-24T06:36:00.112,43.1
2026-07-24T06:41:00.077,43.1
2026-07-24T06:46:00.075,43.1
2026-07-24T06:51:00.105,42.8
2026-07-24T06:56:00.081,42.8
2026-07-24T07:01:00.112,42.8
2026-07-24T07:06:00.081,42.8
2026-07-24T07:11:00.080,42.8
2026-07-24T07:16:00.105,42.8
2026-07-24T07:21:00.077,42.5
2026-07-24T07:26:00.081,42.5
2026-07-24T07:31:00.114,42.2
2026-07-24T07:36:00.080,42.2
2026-07-24T07:41:00.084,41.9
2026-07-24T07:46:00.105,41.9
2026-07-24T07:51:00.075,41.5
2026-07-24T07:56:00.080,41.5
2026-07-24T08:01:00.110,41.5
2026-07-24T08:06:00.082,41.2
2026-07-24T08:11:00.078,41.2
2026-07-24T08:16:00.109,41.2
2026-07-24T08:21:00.082,40.9
2026-07-24T08:26:00.082,40.9
2026-07-24T08:31:00.108,40.9
2026-07-24T08:36:00.077,40.9
2026-07-24T08:41:00.110,40.9
2026-07-24T08:46:00.084,40.9
2026-07-24T08:51:00.076,40.9
2026-07-24T08:56:00.112,40.9
2026-07-24T09:01:00.077,40.9
2026-07-24T09:06:00.078,40.9
2026-07-24T09:11:00.114,40.9
2026-07-24T09:16:00.082,40.9
2026-07-24T09:21:00.077,40.9
2026-07-24T09:26:00.114,40.6
2026-07-24T09:31:00.077,40.6
2026-07-24T09:36:00.083,40.6
2026-07-24T09:41:00.108,40.6
2026-07-24T09:46:00.076,40.6
2026-07-24T09:51:00.077,40.6
2026-07-24T09:56:00.112,40.6
2026-07-24T10:01:00.085,40.6
2026-07-24T10:06:00.106,40.6
2026-07-24T10:11:00.078,40.6
2026-07-24T10:16:00.079,40.6
2026-07-24T10:21:00.105,40.6
2026-07-24T10:26:00.077,40.6
2026-07-24T10:31:00.084,40.6
2026-07-24T10:36:00.110,40.6
2026-07-24T10:41:00.082,40.6
2026-07-24T10:46:00.075,40.6
2026-07-24T10:51:00.107,40.6
2026-07-24T10:56:00.078,40.9
2026-07-24T11:01:00.082,40.9
2026-07-24T11:06:00.112,40.9
2026-07-24T11:11:00.079,40.9
2026-07-24T11:16:00.078,40.6
2026-07-24T11:21:00.114,40.6
2026-07-24T11:26:00.085,40.6
2026-07-24T11:31:00.079,40.6
2026-07-24T11:36:00.104,40.6
2026-07-24T11:41:00.084,40.2
2026-07-24T11:46:00.114,40.2
2026-07-24T11:51:00.083,40.2
2026-07-24T11:56:00.084,40.2
2026-07-24T12:01:00.108,39.9
2026-07-24T12:06:00.074,39.9
2026-07-24T12:11:00.080,39.9
2026-07-24T12:16:00.110,39.6
2026-07-24T12:21:00.075,39.6
2026-07-24T12:26:00.077,39.6
2026-07-24T12:31:00.105,39.3
2026-07-24T12:36:00.082,39.3
2026-07-24T12:41:00.075,39.3
2026-07-25T02:11:00.079,46.4
2026-07-25T02:16:00.107,45.4
2026-07-25T02:21:00.075,44.8
2026-07-25T02:26:00.103,43.8
2026-07-25T02:31:00.079,43.5
2026-07-25T02:36:00.075,43.1
2026-07-25T02:41:00.104,42.8
2026-07-25T02:46:00.082,42.8
2026-07-25T02:51:00.081,42.8
2026-07-25T02:56:00.104,42.5
2026-07-25T03:01:00.078,42.8
2026-07-25T03:06:00.079,42.5
2026-07-25T03:11:00.106,42.5
2026-07-25T03:16:00.081,42.5
2026-07-25T03:21:00.075,42.5
2026-07-25T03:26:00.104,42.5
2026-07-25T03:31:00.083,42.5
2026-07-25T03:36:00.083,42.5
2026-07-25T03:41:00.113,42.2
2026-07-25T03:46:00.075,42.2
2026-07-25T03:51:00.108,42.5
2026-07-25T03:56:00.080,42.5
2026-07-25T04:01:00.078,42.5
2026-07-25T04:06:00.105,42.5
2026-07-25T04:11:00.079,42.5
2026-07-25T04:16:00.079,42.8
2026-07-25T04:21:00.113,42.8
2026-07-25T04:26:00.081,43.1
2026-07-25T04:31:00.083,43.1
2026-07-25T04:36:00.111,43.1
2026-07-25T04:41:00.083,43.5
2026-07-25T04:46:00.083,43.5
2026-07-25T04:51:00.110,43.5
2026-07-25T04:56:00.080,43.5
2026-07-25T05:01:00.076,43.5
2026-07-25T05:06:00.109,43.1
2026-07-25T05:11:00.080,43.1
2026-07-25T05:16:00.080,42.8
2026-07-25T05:21:00.112,42.8
2026-07-25T05:26:00.083,42.8
2026-07-25T05:31:00.114,42.8
2026-07-25T05:36:00.077,42.8
2026-07-25T05:41:00.081,42.8
2026-07-25T05:46:00.112,42.8
2026-07-25T05:51:00.077,42.8
2026-07-25T05:56:00.080,42.5
2026-07-25T06:01:00.113,42.5
2026-07-25T06:06:00.075,42.5
2026-07-25T06:11:00.081,42.5
2026-07-25T06:16:00.106,42.5
2026-07-25T06:21:00.081,42.5
2026-07-25T06:26:00.075,42.5
2026-07-25T06:31:00.111,42.5
2026-07-25T06:36:00.077,42.5
2026-07-25T06:41:00.080,42.5
2026-07-25T06:46:00.113,42.2
2026-07-25T06:51:00.079,42.2
2026-07-25T06:56:00.106,42.2
2026-07-25T07:01:00.079,41.9
2026-07-25T07:06:00.077,41.9
2026-07-25T07:11:00.103,41.9
2026-07-25T07:16:00.075,41.9
2026-07-25T07:21:00.081,41.9
2026-07-25T07:26:00.108,41.9
2026-07-25T07:31:00.078,41.9
2026-07-25T07:36:00.084,41.9
2026-07-25T07:41:00.112,41.9
2026-07-25T07:46:00.078,41.9
2026-07-25T07:51:00.079,41.9
2026-07-25T07:56:00.109,41.9
2026-07-25T08:01:00.081,41.5
2026-07-25T08:06:00.079,41.5
2026-07-25T08:11:00.108,41.5
2026-07-25T08:16:00.083,41.5
2026-07-25T08:21:00.114,41.2
2026-07-25T08:26:00.081,41.2
2026-07-25T08:31:00.079,40.9
2026-07-25T08:36:00.106,40.9
2026-07-25T08:41:00.082,40.9
2026-07-25T08:46:00.082,40.6
2026-07-25T08:51:00.106,40.6
2026-07-25T08:56:00.080,40.2
2026-07-25T09:01:00.081,40.2
2026-07-25T09:06:00.107,40.2
2026-07-25T09:11:00.078,40.2
2026-07-25T09:16:00.079,40.2
2026-07-25T09:21:00.108,40.2
2026-07-25T09:26:00.077,40.2
2026-07-25T09:31:00.079,40.2
2026-07-25T09:36:00.115,40.2
2026-07-25T09:41:00.080,40.2
2026-07-25T09:46:00.081,40.2
2026-07-25T09:51:00.114,40.2
2026-07-25T09:56:00.082,40.2
2026-07-25T10:01:00.107,39.9
2026-07-25T10:06:00.076,39.9
2026-07-25T10:11:00.075,39.9
2026-07-25T10:16:00.114,39.6
2026-07-25T10:21:00.083,39.6
2026-07-25T10:26:00.083,39.6
2026-07-25T10:31:00.112,39.6
2026-07-25T10:36:00.084,39.6
2026-07-25T10:41:00.077,39.6
2026-07-25T10:46:00.114,39.6
2026-07-25T10:51:00.076,39.6
2026-07-25T10:56:00.081,39.6
2026-07-25T11:01:00.106,39.6
2026-07-25T11:06:00.084,39.6
2026-07-25T11:11:00.077,39.6
2026-07-25T11:16:00.107,39.6
2026-07-25T11:21:00.080,39.6
2026-07-25T11:26:00.112,39.6
2026-07-25T11:31:00.075,39.3
2026-07-25T11:36:00.079,39.3
2026-07-25T11:41:00.114,39.3
2026-07-25T11:46:00.081,39.3
2026-07-25T11:51:00.079,39.3
2026-07-25T11:56:00.110,39.3
2026-07-25T12:01:00.075,39.3
2026-07-25T12:06:00.081,39.6
2026-07-25T12:11:00.110,39.3
2026-07-25T12:16:00.080,39.6
2026-07-25T12:21:00.082,39.6
2026-07-25T12:26:00.107,39.6
2026-07-25T12:31:00.074,39.6
2026-07-25T12:36:00.077,39.3
2026-07-25T12:41:00.110,39.3
2026-07-26T02:11:00.075,48.9
2026-07-26T02:16:00.103,48.3
2026-07-26T02:21:00.075,47.3
2026-07-26T02:26:00.080,46.4
2026-07-26T02:31:00.109,45.7
2026-07-26T02:36:00.076,44.8
2026-07-26T02:41:00.077,44.4
2026-07-26T02:46:00.107,43.8
2026-07-26T02:51:00.074,43.5
2026-07-26T02:56:00.076,43.1
2026-07-26T03:01:00.107,42.8
2026-07-26T03:06:00.079,41.9
2026-07-26T03:11:00.110,40.6
2026-07-26T03:16:00.075,39.9
2026-07-26T03:21:00.075,39.3
2026-07-26T03:26:00.106,39.3
2026-07-26T03:31:00.081,39.6
2026-07-26T03:36:00.081,39.6
2026-07-26T03:41:00.106,39.9
2026-07-26T03:46:00.079,39.9
2026-07-26T03:51:00.076,39.9
2026-07-26T03:56:00.108,39.9
2026-07-26T04:01:00.084,39.9
2026-07-26T04:06:00.083,39.9
2026-07-26T04:11:00.108,40.2
2026-07-26T04:16:00.075,40.2
2026-07-26T04:21:00.082,40.6
2026-07-26T04:26:00.105,40.6
2026-07-26T04:31:00.084,40.6
2026-07-26T04:36:00.109,40.6
2026-07-26T04:41:00.077,40.2
2026-07-26T04:46:00.079,39.6
2026-07-26T04:51:00.109,39.0
2026-07-26T04:56:00.075,38.3
2026-07-26T05:01:00.080,37.7
2026-07-26T05:06:00.114,37.0
2026-07-26T05:11:00.083,36.7
2026-07-26T05:16:00.076,36.7
2026-07-26T05:21:00.113,36.7
2026-07-26T05:26:00.084,36.4
2026-07-26T05:31:00.075,36.4
2026-07-26T05:36:00.114,36.4
2026-07-26T05:41:00.079,36.7
2026-07-26T05:46:00.084,37.0
2026-07-26T05:51:00.113,37.3
2026-07-26T05:56:00.079,38.0
2026-07-26T06:01:00.078,38.3
2026-07-26T06:06:00.112,38.6
2026-07-26T06:11:00.075,38.6
2026-07-26T06:16:00.106,39.0
2026-07-26T06:21:00.078,39.0
2026-07-26T06:26:00.082,39.0
2026-07-26T06:31:00.108,39.0
2026-07-26T06:36:00.082,39.0
2026-07-26T06:41:00.079,39.0
2026-07-26T06:46:00.111,39.0
2026-07-26T06:51:00.078,39.0
2026-07-26T06:56:00.076,39.0
2026-07-26T07:01:00.110,38.6
2026-07-26T07:06:00.082,38.3
2026-07-26T07:11:00.083,38.0
2026-07-26T07:16:00.106,38.0
2026-07-26T07:21:00.082,37.7
2026-07-26T07:26:00.079,37.7
2026-07-26T07:31:00.112,37.7
2026-07-26T07:36:00.077,37.7
2026-07-26T07:41:00.108,37.7
2026-07-26T07:46:00.080,37.7
2026-07-26T07:51:00.076,38.0
2026-07-26T07:56:00.105,38.0
2026-07-26T08:01:00.076,38.3
2026-07-26T08:06:00.078,38.3
2026-07-26T08:11:00.113,38.6
2026-07-26T08:16:00.076,39.0
2026-07-26T08:21:00.076,39.0
2026-07-26T08:26:00.109,39.3
2026-07-26T08:31:00.080,39.3
2026-07-26T08:36:00.077,39.6
2026-07-26T08:41:00.113,39.6
2026-07-26T08:46:00.080,39.6
2026-07-26T08:51:00.079,39.6
2026-07-26T08:56:00.108,39.6
2026-07-26T09:01:00.084,39.6
2026-07-26T09:06:00.079,39.6
2026-07-26T09:11:00.108,39.6
2026-07-26T09:16:00.077,39.6
2026-07-26T09:21:00.111,39.6
2026-07-26T09:26:00.080,39.6
2026-07-26T09:31:00.076,39.3
2026-07-26T09:36:00.114,39.3
2026-07-26T09:41:00.083,39.3
2026-07-26T09:46:00.082,39.0
2026-07-26T09:51:00.108,39.0
2026-07-26T09:56:00.084,38.6
2026-07-26T10:01:00.076,38.6
2026-07-26T10:06:00.113,38.3
2026-07-26T10:11:00.082,38.3
2026-07-26T10:16:00.078,38.3
2026-07-26T10:21:00.105,38.0
2026-07-26T10:26:00.073,38.0
2026-07-26T10:31:00.075,38.0
2026-07-26T10:36:00.113,37.7
2026-07-26T10:41:00.080,37.7
2026-07-26T10:46:00.110,37.7
2026-07-26T10:51:00.078,37.7
2026-07-26T10:56:00.078,37.3
2026-07-26T11:01:00.108,37.3
2026-07-26T11:06:00.084,37.3
2026-07-26T11:11:00.075,37.3
2026-07-26T11:16:00.109,37.0
2026-07-26T11:21:00.079,37.0
2026-07-26T11:26:00.077,37.0
2026-07-26T11:31:00.104,37.0
2026-07-26T11:36:00.077,37.0
2026-07-26T11:41:00.083,37.0
2026-07-26T11:46:00.108,37.0
2026-07-26T11:51:00.083,37.0
2026-07-26T11:56:00.079,37.0
2026-07-26T12:01:00.113,37.0
2026-07-26T12:06:00.081,37.3
2026-07-26T12:11:00.077,37.3
2026-07-26T12:16:00.106,37.3
2026-07-26T12:21:00.074,37.7
2026-07-26T12:26:00.110,37.7
2026-07-26T12:31:00.074,37.7
2026-07-26T12:36:00.081,37.7
2026-07-26T12:41:00.105,38.0
2026-07-26T12:46:00.073,37.7
2026-07-27T02:26:00.110,49.6
2026-07-27T02:31:00.081,48.9
2026-07-27T02:36:00.079,48.6
2026-07-27T02:41:00.106,48.3
2026-07-27T02:46:00.080,47.7
2026-07-27T02:51:00.074,47.3
2026-07-27T02:56:00.103,47.3
2026-07-27T03:01:00.080,47.0
2026-07-27T03:06:00.080,47.0
2026-07-27T03:11:00.114,46.7
2026-07-27T03:16:00.076,46.7
2026-07-27T03:21:00.107,46.4
2026-07-27T03:26:00.077,46.4
2026-07-27T03:31:00.084,46.0
2026-07-27T03:36:00.111,46.0
2026-07-27T03:41:00.078,46.0
2026-07-27T03:46:00.080,45.7
2026-07-27T03:51:00.112,45.7
2026-07-27T03:56:00.082,45.7
2026-07-27T04:01:00.083,45.4
2026-07-27T04:06:00.113,45.4
2026-07-27T04:11:00.078,45.4
2026-07-27T04:16:00.078,45.4
2026-07-27T04:21:00.107,45.1
2026-07-27T04:26:00.078,45.1
2026-07-27T04:31:00.083,45.1
2026-07-27T04:36:00.104,44.8
2026-07-27T04:41:00.074,44.4
2026-07-27T04:46:00.107,44.1
2026-07-27T04:51:00.075,43.8
2026-07-27T04:56:00.077,43.8
2026-07-27T05:01:00.111,43.5
2026-07-27T05:06:00.077,43.1
2026-07-27T05:11:00.083,43.1
2026-07-27T05:16:00.106,42.8
2026-07-27T05:21:00.081,42.8
2026-07-27T05:26:00.083,42.5
2026-07-27T05:31:00.114,42.5
2026-07-27T05:36:00.083,42.2
2026-07-27T05:41:00.081,42.2
2026-07-27T05:46:00.104,42.2
2026-07-27T05:51:00.077,42.2
2026-07-27T05:56:00.080,41.9
2026-07-27T06:01:00.108,41.9
2026-07-27T06:06:00.076,41.9
2026-07-27T06:11:00.082,41.9
2026-07-27T06:16:00.105,41.9
2026-07-27T06:21:00.081,41.9
2026-07-27T06:26:00.110,41.9
2026-07-27T06:31:00.084,41.9
2026-07-27T06:36:00.084,41.9
2026-07-27T06:41:00.108,41.9
2026-07-27T06:46:00.082,41.9
2026-07-27T06:51:00.077,41.9
2026-07-27T06:56:00.114,41.9
2026-07-27T07:01:00.074,41.9
2026-07-27T07:06:00.078,41.9
2026-07-27T07:11:00.110,41.5
2026-07-27T07:16:00.076,41.9
2026-07-27T07:21:00.081,41.9
2026-07-27T07:26:00.111,41.9
2026-07-27T07:31:00.074,41.9
2026-07-27T07:36:00.076,41.9
2026-07-27T07:41:00.109,41.5
2026-07-27T07:46:00.079,41.5
2026-07-27T07:51:00.101,41.5
2026-07-27T07:56:00.075,41.5
2026-07-27T08:01:00.078,41.5
2026-07-27T08:06:00.110,41.2
2026-07-27T08:11:00.082,41.2
2026-07-27T08:16:00.075,41.2
2026-07-27T08:21:00.115,41.2
2026-07-27T08:26:00.074,41.2
2026-07-27T08:31:00.084,40.9
2026-07-27T08:36:00.106,40.9
2026-07-27T08:41:00.083,40.9
2026-07-27T08:46:00.077,40.9
2026-07-27T08:51:00.109,40.9
2026-07-27T08:56:00.081,40.9
2026-07-27T09:01:00.078,40.9
2026-07-27T09:06:00.107,40.9
2026-07-27T09:11:00.084,40.9
2026-07-27T09:16:00.108,40.9
2026-07-27T09:21:00.076,40.9
2026-07-27T09:26:00.078,40.9
2026-07-27T09:31:00.108,40.6
2026-07-27T09:36:00.078,40.6
2026-07-27T09:41:00.081,40.6
2026-07-27T09:46:00.105,40.6
2026-07-27T09:51:00.081,40.6
2026-07-27T09:56:00.082,40.6
2026-07-27T10:01:00.106,40.6
2026-07-27T10:06:00.083,40.6
2026-07-27T10:11:00.078,40.6
2026-07-27T10:16:00.111,40.6
2026-07-27T10:21:00.076,40.6
2026-07-27T10:26:00.075,40.2
2026-07-27T10:31:00.105,40.2
2026-07-27T10:36:00.083,40.2
2026-07-27T10:41:00.083,39.9
2026-07-27T10:46:00.108,39.9
2026-07-27T10:51:00.083,39.9
2026-07-27T10:56:00.105,39.9
2026-07-27T11:01:00.082,39.9
2026-07-27T11:06:00.078,39.9
2026-07-27T11:11:00.106,39.6
2026-07-27T11:16:00.078,39.6
2026-07-27T11:21:00.084,39.6
2026-07-27T11:26:00.108,39.6
2026-07-27T11:31:00.075,39.3
2026-07-27T11:36:00.082,39.3
2026-07-27T11:41:00.105,39.3
2026-07-27T11:46:00.082,39.3
2026-07-27T11:51:00.083,39.0
2026-07-27T11:56:00.104,39.0
2026-07-27T12:01:00.083,39.0
2026-07-27T12:06:00.074,39.0
2026-07-27T12:11:00.106,39.0
2026-07-27T12:16:00.081,39.0
2026-07-27T12:21:00.102,39.0
2026-07-27T12:26:00.077,39.0
2026-07-27T12:31:00.072,39.0
2026-07-27T12:36:00.106,39.0
2026-07-27T12:41:00.081,39.0
2026-07-28T02:06:00.077,48.0
2026-07-28T02:11:00.081,48.0
2026-07-28T02:16:00.104,48.0
2026-07-28T02:21:00.081,47.7
2026-07-28T02:26:00.076,47.7
2026-07-28T02:31:00.109,47.7
2026-07-28T02:36:00.074,47.3
2026-07-28T02:41:00.107,46.7
2026-07-28T02:46:00.076,45.7
2026-07-28T02:51:00.080,44.8
2026-07-28T02:56:00.111,44.1
2026-07-28T03:01:00.078,43.5
2026-07-28T03:06:00.076,42.8
2026-07-28T03:11:00.112,42.5
2026-07-28T03:16:00.082,42.2
2026-07-28T03:21:00.082,42.2
2026-07-28T03:26:00.111,42.2
2026-07-28T03:31:00.083,42.2
2026-07-28T03:36:00.076,42.2
2026-07-28T03:41:00.107,42.2
2026-07-28T03:46:00.083,42.2
2026-07-28T03:51:00.080,42.2
2026-07-28T03:56:00.109,42.2
2026-07-28T04:01:00.080,42.2
2026-07-28T04:06:00.109,42.2
2026-07-28T04:11:00.075,42.2
2026-07-28T04:16:00.082,42.2
2026-07-28T04:21:00.114,42.2
2026-07-28T04:26:00.082,42.2
2026-07-28T04:31:00.080,42.2
2026-07-28T04:36:00.112,42.2
2026-07-28T04:41:00.084,42.2
2026-07-28T04:46:00.079,42.2
2026-07-28T04:51:00.105,42.2
2026-07-28T04:56:00.083,42.5
2026-07-28T05:01:00.080,42.5
2026-07-28T05:06:00.112,42.5
2026-07-28T05:11:00.075,42.5
2026-07-28T05:16:00.077,42.5
2026-07-28T05:21:00.111,42.8
2026-07-28T05:26:00.081,42.8
2026-07-28T05:31:00.079,42.8
2026-07-28T05:36:00.108,42.8
2026-07-28T05:41:00.076,42.8
2026-07-28T05:46:00.107,42.8
2026-07-28T05:51:00.079,42.8
2026-07-28T05:56:00.078,42.8
2026-07-28T06:01:00.111,42.8
2026-07-28T06:06:00.083,43.1
2026-07-28T06:11:00.084,42.8
2026-07-28T06:16:00.106,42.8
2026-07-28T06:21:00.074,42.8
2026-07-28T06:26:00.082,42.5
2026-07-28T06:31:00.106,42.5
2026-07-28T06:36:00.079,42.2
2026-07-28T06:41:00.083,41.9
2026-07-28T06:46:00.113,41.2
2026-07-28T06:51:00.075,40.6
2026-07-28T06:56:00.084,39.9
2026-07-28T07:01:00.109,39.3
2026-07-28T07:06:00.082,38.6
2026-07-28T07:11:00.113,38.0
2026-07-28T07:16:00.078,37.7
2026-07-28T07:21:00.080,37.3
2026-07-28T07:26:00.106,36.7
2026-07-28T07:31:00.083,36.4
2026-07-28T07:36:00.081,35.7
2026-07-28T07:41:00.109,35.4
2026-07-28T07:46:00.078,35.4
2026-07-28T07:51:00.081,35.1
2026-07-28T07:56:00.110,34.8
2026-07-28T08:01:00.080,34.4
2026-07-28T08:06:00.079,34.4
2026-07-28T08:11:00.106,34.4
2026-07-28T08:16:00.079,34.4
2026-07-28T08:21:00.083,34.4
2026-07-28T08:26:00.113,34.8
2026-07-28T08:31:00.084,35.1
2026-07-28T08:36:00.078,35.4
2026-07-28T08:41:00.107,35.4
2026-07-28T08:46:00.083,35.7
2026-07-28T08:51:00.110,35.7
2026-07-28T08:56:00.080,36.0
2026-07-28T09:01:00.085,36.4
2026-07-28T09:06:00.108,36.4
2026-07-28T09:11:00.082,36.4
2026-07-28T09:16:00.078,36.4
2026-07-28T09:21:00.105,36.0
2026-07-28T09:26:00.079,35.7
2026-07-28T09:31:00.078,35.4
2026-07-28T09:36:00.111,35.4
2026-07-28T09:41:00.082,35.4
2026-07-28T09:46:00.082,35.1
2026-07-28T09:51:00.111,35.1
2026-07-28T09:56:00.076,35.4
2026-07-28T10:01:00.079,35.4
2026-07-28T10:06:00.108,35.7
2026-07-28T10:11:00.079,35.7
2026-07-28T10:16:00.107,36.0
2026-07-28T10:21:00.082,36.4
2026-07-28T10:26:00.084,36.7
2026-07-28T10:31:00.110,37.0
2026-07-28T10:36:00.080,37.3
2026-07-28T10:41:00.084,37.3
2026-07-28T10:46:00.108,37.7
2026-07-28T10:51:00.083,37.7
2026-07-28T10:56:00.084,38.0
2026-07-28T11:01:00.107,38.0
2026-07-28T11:06:00.078,38.3
2026-07-28T11:11:00.082,38.3
2026-07-28T11:16:00.107,38.3
2026-07-28T11:21:00.083,38.3
2026-07-28T11:26:00.077,38.3
2026-07-28T11:31:00.113,38.3
2026-07-28T11:36:00.080,38.3
2026-07-28T11:41:00.081,38.3
2026-07-28T11:46:00.112,38.6
2026-07-28T11:51:00.076,38.3
2026-07-28T11:56:00.112,38.3
2026-07-28T12:01:00.083,38.0
2026-07-28T12:06:00.073,37.7
2026-07-28T12:11:00.107,37.7
2026-07-28T12:16:00.080,37.3
2026-07-28T12:21:00.074,37.3
2026-07-28T12:26:00.104,37.0
2026-07-28T12:31:00.078,37.0
2026-07-28T12:36:00.078,36.7
2026-07-28T12:41:00.105,36.4
2026-07-28T12:46:00.080,36.0
2026-07-28T12:51:00.078,36.0
2026-07-28T12:56:00.111,35.7
2026-07-29T02:21:00.075,48.3
2026-07-29T02:26:00.070,48.0
2026-07-29T02:31:00.101,47.3
2026-07-29T02:36:00.076,47.0
2026-07-29T02:41:00.076,46.7
2026-07-29T02:46:00.107,46.7
2026-07-29T02:51:00.072,46.4
2026-07-29T02:56:00.077,46.0
2026-07-29T03:01:00.110,46.0
2026-07-29T03:06:00.083,45.7
2026-07-29T03:11:00.074,45.7
2026-07-29T03:16:00.100,45.4
2026-07-29T03:21:00.080,45.4
2026-07-29T03:26:00.074,45.4
2026-07-29T03:31:00.110,45.1
2026-07-29T03:36:00.076,45.1
2026-07-29T03:41:00.105,45.1
2026-07-29T03:46:00.080,45.1
2026-07-29T03:51:00.073,45.1
2026-07-29T03:56:00.109,44.8
2026-07-29T04:01:00.083,44.8
2026-07-29T04:06:00.077,44.8
2026-07-29T04:11:00.111,44.8
2026-07-29T04:16:00.082,44.4
2026-07-29T04:21:00.082,44.4
2026-07-29T04:26:00.114,44.4
2026-07-29T04:31:00.082,44.4
2026-07-29T04:36:00.076,44.4
2026-07-29T04:41:00.102,44.1
2026-07-29T04:46:00.073,44.1
2026-07-29T04:51:00.080,44.1
2026-07-29T04:56:00.107,44.1
2026-07-29T05:01:00.077,44.1
2026-07-29T05:06:00.106,43.8
2026-07-29T05:11:00.079,43.8
2026-07-29T05:16:00.074,43.8
2026-07-29T05:21:00.111,43.8
2026-07-29T05:26:00.082,43.5
2026-07-29T05:31:00.078,43.5
2026-07-29T05:36:00.110,43.1
2026-07-29T05:41:00.082,43.1
2026-07-29T05:46:00.082,42.8
2026-07-29T05:51:00.103,42.8
2026-07-29T05:56:00.084,42.5
2026-07-29T06:01:00.077,42.5
2026-07-29T06:06:00.107,42.2
2026-07-29T06:11:00.075,42.2
2026-07-29T06:16:00.076,42.2
2026-07-29T06:21:00.104,41.9
2026-07-29T06:26:00.075,41.9
2026-07-29T06:31:00.075,41.9
2026-07-29T06:36:00.113,41.9
2026-07-29T06:41:00.083,41.5
2026-07-29T06:46:00.109,41.5
2026-07-29T06:51:00.074,41.5
2026-07-29T06:56:00.083,41.5
2026-07-29T07:01:00.105,41.2
2026-07-29T07:06:00.076,41.2
2026-07-29T07:11:00.078,41.2
2026-07-29T07:16:00.105,41.2
2026-07-29T07:21:00.082,40.9
2026-07-29T07:26:00.076,40.9
2026-07-29T07:31:00.104,40.9
2026-07-29T07:36:00.074,40.9
2026-07-29T07:41:00.076,40.6
2026-07-29T07:46:00.104,40.6
2026-07-29T07:51:00.083,40.6
2026-07-29T07:56:00.078,40.6
2026-07-29T08:01:00.111,40.6
2026-07-29T08:06:00.071,40.6
2026-07-29T08:11:00.105,40.6
2026-07-29T08:16:00.072,40.2
2026-07-29T08:21:00.078,40.2
2026-07-29T08:26:00.106,40.2
2026-07-29T08:31:00.082,40.2
2026-07-29T08:36:00.078,40.2
2026-07-29T08:41:00.111,40.2
2026-07-29T08:46:00.084,39.9
2026-07-29T08:51:00.072,39.9
2026-07-29T08:56:00.113,39.9
2026-07-29T09:01:00.074,39.9
2026-07-29T09:06:00.077,39.9
2026-07-29T09:11:00.101,39.9
2026-07-29T09:16:00.074,39.9
2026-07-29T09:21:00.080,39.9
2026-07-29T09:26:00.106,40.2
2026-07-29T09:31:00.076,40.2
2026-07-29T09:36:00.101,40.2
2026-07-29T09:41:00.073,39.9
2026-07-29T09:46:00.074,39.9
2026-07-29T09:51:00.110,39.9
2026-07-29T09:56:00.073,39.9
2026-07-29T10:01:00.081,39.9
2026-07-29T10:06:00.105,39.9
2026-07-29T10:11:00.082,39.6
2026-07-29T10:16:00.084,39.6
2026-07-29T10:21:00.107,39.6
2026-07-29T10:26:00.077,39.3
2026-07-29T10:31:00.075,39.3
2026-07-29T10:36:00.105,39.3
2026-07-29T10:41:00.082,39.3
2026-07-29T10:46:00.073,39.3
2026-07-29T10:51:00.114,39.0
2026-07-29T10:56:00.080,39.0
2026-07-29T11:01:00.078,39.0
2026-07-29T11:06:00.108,39.0
2026-07-29T11:11:00.080,39.3
2026-07-29T11:16:00.112,39.0
2026-07-29T11:21:00.075,39.3
2026-07-29T11:26:00.077,39.3
2026-07-29T11:31:00.104,39.3
2026-07-29T11:36:00.082,39.3
2026-07-29T11:41:00.071,39.3
2026-07-29T11:46:00.101,39.3
2026-07-29T11:51:00.076,39.0
2026-07-29T11:56:00.074,39.0
2026-07-29T12:01:00.106,39.0
2026-07-29T12:06:00.078,39.0
2026-07-29T12:11:00.077,39.0
2026-07-29T12:16:00.105,38.6
2026-07-29T12:21:00.077,39.0
2026-07-29T12:26:00.077,38.6
2026-07-29T12:31:00.105,39.0
2026-07-29T12:36:00.072,38.6
2026-07-29T12:41:00.104,38.6
2026-07-30T02:21:00.107,49.9
2026-07-30T02:26:00.076,49.3
2026-07-30T02:31:00.069,48.6
2026-07-30T02:36:00.102,48.3
2026-07-30T02:41:00.077,47.7
2026-07-30T02:46:00.079,47.3
2026-07-30T02:51:00.104,47.0
2026-07-30T02:56:00.081,46.7
2026-07-30T03:01:00.106,46.4
2026-07-30T03:06:00.082,46.4
2026-07-30T03:11:00.078,46.0
2026-07-30T03:16:00.110,46.0
2026-07-30T03:21:00.084,45.7
2026-07-30T03:26:00.078,45.7
2026-07-30T03:31:00.112,45.4
2026-07-30T03:36:00.083,45.4
2026-07-30T03:41:00.074,45.1
2026-07-30T03:46:00.106,45.1
2026-07-30T03:51:00.085,44.8
2026-07-30T03:56:00.084,44.8
2026-07-30T04:01:00.111,44.4
2026-07-30T04:06:00.080,44.4
2026-07-30T04:11:00.083,44.4
2026-07-30T04:16:00.112,44.4
2026-07-30T04:21:00.078,44.4
2026-07-30T04:26:00.098,44.4
2026-07-30T04:31:00.081,44.4
2026-07-30T04:36:00.076,44.4
2026-07-30T04:41:00.114,44.4
2026-07-30T04:46:00.080,44.4
2026-07-30T04:51:00.070,44.4
2026-07-30T04:56:00.108,44.4
2026-07-30T05:01:00.078,44.1
2026-07-30T05:06:00.080,44.1
2026-07-30T05:11:00.105,44.1
2026-07-30T05:16:00.076,44.1
2026-07-30T05:21:00.084,43.8
2026-07-30T05:26:00.109,43.8
2026-07-30T05:31:00.081,43.8
2026-07-30T05:36:00.080,43.5
2026-07-30T05:41:00.105,43.5
2026-07-30T05:46:00.083,43.5
2026-07-30T05:51:00.107,43.1
2026-07-30T05:56:00.076,43.1
2026-07-30T06:01:00.080,43.1
2026-07-30T06:06:00.112,42.8
2026-07-30T06:11:00.081,42.8
2026-07-30T06:16:00.076,42.8
2026-07-30T06:21:00.100,42.8
2026-07-30T06:26:00.080,42.8
2026-07-30T06:31:00.078,42.8
2026-07-30T06:36:00.105,42.5
2026-07-30T06:41:00.071,42.5
2026-07-30T06:46:00.076,42.5
2026-07-30T06:51:00.105,42.5
2026-07-30T06:56:00.081,42.5
2026-07-30T07:01:00.082,42.5
2026-07-30T07:06:00.106,42.5
2026-07-30T07:11:00.079,42.5
2026-07-30T07:16:00.077,42.5
2026-07-30T07:21:00.109,42.5
2026-07-30T07:26:00.080,42.5
2026-07-30T07:31:00.105,42.5
2026-07-30T07:36:00.076,42.5
2026-07-30T07:41:00.077,42.5
2026-07-30T07:46:00.109,42.2
2026-07-30T07:51:00.078,42.2
2026-07-30T07:56:00.085,42.2
2026-07-30T08:01:00.105,42.2
2026-07-30T08:06:00.080,42.2
2026-07-30T08:11:00.085,41.9
2026-07-30T08:16:00.108,41.9
2026-07-30T08:21:00.083,41.9
2026-07-30T08:26:00.085,41.9
2026-07-30T08:31:00.108,41.9
2026-07-30T08:36:00.083,41.5
2026-07-30T08:41:00.075,41.5
2026-07-30T08:46:00.105,41.5
2026-07-30T08:51:00.081,41.5
2026-07-30T08:56:00.107,41.5
2026-07-30T09:01:00.082,41.5
2026-07-30T09:06:00.081,41.5
2026-07-30T09:11:00.103,41.2
2026-07-30T09:16:00.081,41.2
2026-07-30T09:21:00.084,41.2
2026-07-30T09:26:00.105,41.2
2026-07-30T09:31:00.080,40.9
2026-07-30T09:36:00.074,40.9
2026-07-30T09:41:00.108,40.9
2026-07-30T09:46:00.080,40.9
2026-07-30T09:51:00.080,40.9
2026-07-30T09:56:00.113,40.9
2026-07-30T10:01:00.076,40.9
2026-07-30T10:06:00.077,40.6
2026-07-30T10:11:00.104,40.9
2026-07-30T10:16:00.082,40.6
2026-07-30T10:21:00.076,40.6
2026-07-30T10:26:00.110,40.6
2026-07-30T10:31:00.071,40.6
2026-07-30T10:36:00.112,40.6
2026-07-30T10:41:00.081,40.6
2026-07-30T10:46:00.077,40.6
2026-07-30T10:51:00.108,40.6
2026-07-30T10:56:00.079,40.6
2026-07-30T11:01:00.081,40.2
2026-07-30T11:06:00.105,40.2
2026-07-30T11:11:00.077,40.2
2026-07-30T11:16:00.077,40.2
2026-07-30T11:21:00.109,40.2
2026-07-30T11:26:00.073,39.9
2026-07-30T11:31:00.079,39.9
2026-07-30T11:36:00.110,39.9
2026-07-30T11:41:00.083,39.6
2026-07-30T11:46:00.078,39.6
2026-07-30T11:51:00.113,39.6
2026-07-30T11:56:00.079,39.6
2026-07-30T12:01:00.114,39.3
2026-07-30T12:06:00.080,39.0
2026-07-30T12:11:00.077,39.3
2026-07-30T12:16:00.106,39.0
2026-07-30T12:21:00.081,39.0
2026-07-30T12:26:00.073,39.0
2026-07-30T12:31:00.112,39.0
2026-07-30T12:36:00.076,39.0
2026-07-30T12:41:00.077,39.0
2026-07-30T12:46:00.107,38.6
2026-07-31T02:11:00.076,51.8
2026-07-31T02:16:00.102,51.5
2026-07-31T02:21:00.072,50.9
2026-07-31T02:26:00.072,50.2
2026-07-31T02:31:00.111,49.9
2026-07-31T02:36:00.072,49.3
2026-07-31T02:41:00.079,48.9
2026-07-31T02:46:00.108,48.6
2026-07-31T02:51:00.071,48.3
2026-07-31T02:56:00.111,48.3
2026-07-31T03:01:00.076,48.0
2026-07-31T03:06:00.073,47.7
2026-07-31T03:11:00.109,47.7
2026-07-31T03:16:00.081,47.3
2026-07-31T03:21:00.075,47.3
2026-07-31T03:26:00.107,47.0
2026-07-31T03:31:00.083,47.0
2026-07-31T03:36:00.083,46.7
2026-07-31T03:41:00.113,46.7
2026-07-31T03:46:00.072,46.7
2026-07-31T03:51:00.082,46.4
2026-07-31T03:56:00.105,46.4
2026-07-31T04:01:00.079,46.0
2026-07-31T04:06:00.078,46.0
2026-07-31T04:11:00.110,46.0
2026-07-31T04:16:00.076,46.0
2026-07-31T04:21:00.112,45.7
2026-07-31T04:26:00.074,45.7
2026-07-31T04:31:00.083,45.7
2026-07-31T04:36:00.109,45.7
2026-07-31T04:41:00.076,45.4
2026-07-31T04:46:00.077,45.1
2026-07-31T04:51:00.106,44.8
2026-07-31T04:56:00.082,44.4
2026-07-31T05:01:00.074,44.1
2026-07-31T05:06:00.114,44.1
2026-07-31T05:11:00.076,43.8
2026-07-31T05:16:00.074,43.8
2026-07-31T05:21:00.110,43.8
2026-07-31T05:26:00.081,43.5
2026-07-31T05:31:00.076,43.5
2026-07-31T05:36:00.106,43.5
2026-07-31T05:41:00.080,43.5
2026-07-31T05:46:00.075,43.5
2026-07-31T05:51:00.107,43.5
2026-07-31T05:56:00.074,43.5
2026-07-31T06:01:00.106,43.5
2026-07-31T06:06:00.081,43.5
2026-07-31T06:11:00.076,43.8
2026-07-31T06:16:00.110,43.8
2026-07-31T06:21:00.079,44.1
2026-07-31T06:26:00.078,44.1
2026-07-31T06:31:00.101,44.4
2026-07-31T06:36:00.075,44.4
2026-07-31T06:41:00.080,44.8
2026-07-31T06:46:00.113,44.8
2026-07-31T06:51:00.082,44.8
2026-07-31T06:56:00.075,44.4
2026-07-31T07:01:00.108,43.8
2026-07-31T07:06:00.077,42.8
2026-07-31T07:11:00.084,42.2
2026-07-31T07:16:00.108,41.9
2026-07-31T07:21:00.080,41.5
2026-07-31T07:26:00.096,41.5
2026-07-31T07:31:00.085,41.9
2026-07-31T07:36:00.082,41.9
2026-07-31T07:41:00.108,41.9
2026-07-31T07:46:00.083,41.9
2026-07-31T07:51:00.083,41.9
2026-07-31T07:56:00.106,41.9
2026-07-31T08:01:00.080,41.9
2026-07-31T08:06:00.081,41.9
2026-07-31T08:11:00.112,41.9
2026-07-31T08:16:00.084,41.9
2026-07-31T08:21:00.072,41.9
2026-07-31T08:26:00.113,41.9
2026-07-31T08:31:00.084,41.9
2026-07-31T08:36:00.080,41.9
2026-07-31T08:41:00.105,41.9
2026-07-31T08:46:00.082,41.9
2026-07-31T08:51:00.108,41.9
2026-07-31T08:56:00.080,41.9
2026-07-31T09:01:00.076,41.5
2026-07-31T09:06:00.104,41.5
2026-07-31T09:11:00.076,41.2
2026-07-31T09:16:00.075,40.9
2026-07-31T09:21:00.113,40.6
2026-07-31T09:26:00.081,40.2
2026-07-31T09:31:00.078,40.2
2026-07-31T09:36:00.110,40.2
2026-07-31T09:41:00.079,40.2
2026-07-31T09:46:00.074,40.2
2026-07-31T09:51:00.102,40.2
2026-07-31T09:56:00.078,40.2
2026-07-31T10:01:00.079,40.2
2026-07-31T10:06:00.106,40.2
2026-07-31T10:11:00.080,40.2
2026-07-31T10:16:00.083,40.2
2026-07-31T10:21:00.101,40.2
2026-07-31T10:26:00.080,40.2
2026-07-31T10:31:00.114,40.2
2026-07-31T10:36:00.078,40.2
2026-07-31T10:41:00.079,40.2
2026-07-31T10:46:00.109,40.2
2026-07-31T10:51:00.084,39.9
2026-07-31T10:56:00.071,39.9
2026-07-31T11:01:00.106,39.9
2026-07-31T11:06:00.075,39.9
2026-07-31T11:11:00.082,39.9
2026-07-31T11:16:00.109,39.9
2026-07-31T11:21:00.077,39.9
2026-07-31T11:26:00.082,39.9
2026-07-31T11:31:00.107,39.9
2026-07-31T11:36:00.077,39.9
2026-07-31T11:41:00.072,39.9
2026-07-31T11:46:00.105,39.9
2026-07-31T11:51:00.075,39.9
2026-07-31T11:56:00.109,39.9
2026-07-31T12:01:00.078,39.9
2026-07-31T12:06:00.080,39.9
2026-07-31T12:11:00.103,39.9
2026-07-31T12:16:00.071,40.2
2026-07-31T12:21:00.079,40.2
2026-07-31T12:26:00.103,40.2
2026-07-31T12:31:00.070,40.2
2026-07-31T12:36:00.072,40.2
2026-07-31T12:41:00.106,40.2
2026-07-31T12:46:00.075,40.2
2026-08-01T02:16:00.112,51.5
2026-08-01T02:21:00.072,51.2
2026-08-01T02:26:00.078,50.2
2026-08-01T02:31:00.105,49.9
2026-08-01T02:36:00.068,49.6
2026-08-01T02:41:00.075,49.3
2026-08-01T02:46:00.112,48.9
2026-08-01T02:51:00.079,48.3
2026-08-01T02:56:00.079,48.3
2026-08-01T03:01:00.113,48.0
2026-08-01T03:06:00.071,47.7
2026-08-01T03:11:00.080,47.7
2026-08-01T03:16:00.108,47.3
2026-08-01T03:21:00.084,47.0
2026-08-01T03:26:00.078,47.0
2026-08-01T03:31:00.113,46.7
2026-08-01T03:36:00.078,46.7
2026-08-01T03:41:00.107,46.4
2026-08-01T03:46:00.070,46.4
2026-08-01T03:51:00.075,46.0
2026-08-01T03:56:00.102,46.0
2026-08-01T04:01:00.075,45.7
2026-08-01T04:06:00.082,45.4
2026-08-01T04:11:00.106,45.1
2026-08-01T04:16:00.076,44.8
2026-08-01T04:21:00.075,44.4
2026-08-01T04:26:00.101,44.4
2026-08-01T04:31:00.076,44.1
2026-08-01T04:36:00.084,44.1
2026-08-01T04:41:00.109,43.8
2026-08-01T04:46:00.072,43.8
2026-08-01T04:51:00.082,43.8
2026-08-01T04:56:00.104,43.5
2026-08-01T05:01:00.079,43.5
2026-08-01T05:06:00.107,43.5
2026-08-01T05:11:00.077,43.1
2026-08-01T05:16:00.084,43.1
2026-08-01T05:21:00.115,43.1
2026-08-01T05:26:00.084,43.1
2026-08-01T05:31:00.075,43.1
2026-08-01T05:36:00.108,43.1
2026-08-01T05:41:00.084,43.1
2026-08-01T05:46:00.070,43.1
2026-08-01T05:51:00.108,42.8
2026-08-01T05:56:00.082,42.8
2026-08-01T06:01:00.076,42.8
2026-08-01T06:06:00.105,42.8
2026-08-01T06:11:00.076,42.8
2026-08-01T06:16:00.081,42.8
2026-08-01T06:21:00.101,42.8
2026-08-01T06:26:00.082,42.8
2026-08-01T06:31:00.105,42.8
2026-08-01T06:36:00.076,42.8
2026-08-01T06:41:00.076,42.8
2026-08-01T06:46:00.114,43.1
2026-08-01T06:51:00.077,43.1
2026-08-01T06:56:00.079,43.1
2026-08-01T07:01:00.110,43.1
2026-08-01T07:06:00.078,43.1
2026-08-01T07:11:00.079,43.1
2026-08-01T07:16:00.110,43.1
2026-08-01T07:21:00.080,43.1
2026-08-01T07:26:00.077,42.8
2026-08-01T07:31:00.100,42.8
2026-08-01T07:36:00.079,42.5
2026-08-01T07:41:00.077,42.5
2026-08-01T07:46:00.114,42.5
2026-08-01T07:51:00.078,42.5
2026-08-01T07:56:00.082,42.2
2026-08-01T08:01:00.110,42.2
2026-08-01T08:06:00.077,42.2
2026-08-01T08:11:00.112,42.2
2026-08-01T08:16:00.075,42.2
2026-08-01T08:21:00.075,42.2
2026-08-01T08:26:00.112,41.9
2026-08-01T08:31:00.080,41.9
2026-08-01T08:36:00.084,41.9
2026-08-01T08:41:00.105,41.5
2026-08-01T08:46:00.072,41.5
2026-08-01T08:51:00.082,41.5
2026-08-01T08:56:00.104,41.5
2026-08-01T09:01:00.072,41.2
2026-08-01T09:06:00.079,41.2
2026-08-01T09:11:00.102,41.2
2026-08-01T09:16:00.084,41.2
2026-08-01T09:21:00.077,40.9
2026-08-01T09:26:00.105,40.9
2026-08-01T09:31:00.076,40.9
2026-08-01T09:36:00.106,40.9
2026-08-01T09:41:00.075,40.9
2026-08-01T09:46:00.071,40.9
2026-08-01T09:51:00.108,40.9
2026-08-01T09:56:00.074,40.9
2026-08-01T10:01:00.074,40.6
2026-08-01T10:06:00.110,40.6
2026-08-01T10:11:00.084,40.6
2026-08-01T10:16:00.076,40.6
2026-08-01T10:21:00.112,40.6
2026-08-01T10:26:00.078,40.6
2026-08-01T10:31:00.083,40.6
2026-08-01T10:36:00.104,40.6
2026-08-01T10:41:00.080,40.6
2026-08-01T10:46:00.077,40.6
2026-08-01T10:51:00.108,40.6
2026-08-01T10:56:00.071,40.6
2026-08-01T11:01:00.078,40.6
2026-08-01T11:06:00.107,40.6
2026-08-01T11:11:00.076,40.6
2026-08-01T11:16:00.114,40.6
2026-08-01T11:21:00.077,40.6
2026-08-01T11:26:00.078,40.6
2026-08-01T11:31:00.105,40.2
2026-08-01T11:36:00.081,40.2
2026-08-01T11:41:00.074,40.2
2026-08-01T11:46:00.111,40.2
2026-08-01T11:51:00.077,40.2
2026-08-01T11:56:00.079,40.2
2026-08-01T12:01:00.112,40.6
2026-08-01T12:06:00.068,40.6
2026-08-01T12:11:00.081,40.2
2026-08-01T12:16:00.104,40.2
2026-08-01T12:21:00.079,40.2
2026-08-01T12:26:00.078,40.2
2026-08-01T12:31:00.111,40.6
2026-08-01T12:36:00.075,40.6
2026-08-01T12:41:00.106,40.6
2026-08-01T12:46:00.070,40.2
2026-08-01T12:51:00.074,39.9
2026-08-01T16:04:00.074,52.8
2026-08-01T16:09:00.101,51.8
2026-08-01T16:14:00.072,51.2
2026-08-01T16:19:00.080,50.9
2026-08-01T16:24:00.107,50.2
2026-08-01T16:29:00.074,49.6
2026-08-01T16:34:00.077,49.3
2026-08-01T16:39:00.103,48.6
2026-08-01T16:44:00.080,48.6
2026-08-01T16:49:00.110,48.3
2026-08-01T16:54:00.082,48.0
2026-08-01T16:59:00.081,47.3
2026-08-01T17:04:00.112,47.3
2026-08-01T17:09:00.080,47.0
2026-08-01T17:14:00.079,46.7
2026-08-01T17:19:00.105,46.4
2026-08-01T17:24:00.076,46.4
2026-08-01T17:29:00.080,46.0
2026-08-01T17:34:00.105,45.7
2026-08-01T17:39:00.081,45.7
2026-08-01T17:44:00.078,45.4
2026-08-01T17:49:00.106,45.1
2026-08-01T17:54:00.076,44.8
2026-08-01T17:59:00.079,44.4
2026-08-01T18:04:00.113,44.1
2026-08-01T18:09:00.076,43.8
2026-08-01T18:14:00.081,43.8
2026-08-01T18:19:00.108,43.8
2026-08-01T18:24:00.080,43.5
2026-08-01T18:29:00.109,43.5
2026-08-01T18:34:00.077,43.5
2026-08-01T18:39:00.082,43.1
2026-08-01T18:44:00.108,43.1
2026-08-01T18:49:00.084,43.1
2026-08-01T18:54:00.078,43.1
2026-08-01T18:59:00.107,43.1
2026-08-01T19:04:00.076,43.1
2026-08-01T19:09:00.084,43.1
2026-08-01T19:14:00.111,43.1
2026-08-01T19:19:00.078,43.1
2026-08-01T19:24:00.083,42.8
2026-08-01T19:29:00.108,42.8
2026-08-01T19:34:00.077,42.8
2026-08-01T19:39:00.076,42.8
2026-08-01T19:44:00.109,42.8
2026-08-01T19:49:00.080,42.8
2026-08-01T19:54:00.081,42.5
2026-08-01T19:59:00.108,42.5
2026-08-01T20:04:00.084,42.5
2026-08-01T20:09:00.108,42.5
2026-08-01T20:14:00.085,42.2
2026-08-01T20:19:00.081,42.2
2026-08-01T20:24:00.112,42.2
2026-08-01T20:29:00.083,42.2
2026-08-01T20:34:00.084,41.9
2026-08-01T20:39:00.106,41.9
2026-08-01T20:44:00.076,41.9
2026-08-01T20:49:00.082,41.9
2026-08-01T20:54:00.110,41.9
2026-08-01T20:59:00.076,41.9
2026-08-01T21:04:00.081,41.5
2026-08-01T21:09:00.111,41.5
2026-08-01T21:14:00.078,41.2
2026-08-01T21:19:00.080,41.2
2026-08-01T21:24:00.107,41.2
2026-08-01T21:29:00.076,41.2
2026-08-01T21:34:00.084,41.2
2026-08-01T21:39:00.112,41.5
2026-08-01T21:44:00.081,41.5
2026-08-01T21:49:00.112,41.5
2026-08-01T21:54:00.079,41.5
2026-08-01T21:59:00.085,41.9
2026-08-01T22:04:00.107,41.9
2026-08-01T22:09:00.080,41.9
2026-08-01T22:14:00.083,42.2
2026-08-01T22:19:00.114,42.2
2026-08-01T22:24:00.077,42.2
2026-08-01T22:29:00.085,42.5
2026-08-01T22:34:00.107,42.8
2026-08-01T22:39:00.074,43.1
2026-08-01T22:44:00.083,43.1
2026-08-01T22:49:00.112,43.5
2026-08-01T22:54:00.082,43.8
2026-08-01T22:59:00.084,43.8
2026-08-01T23:04:00.110,43.8
2026-08-01T23:09:00.083,43.8
2026-08-01T23:14:00.076,44.1
2026-08-01T23:19:00.112,44.1
2026-08-01T23:24:00.081,44.1
2026-08-01T23:29:00.113,44.1
2026-08-01T23:34:00.077,44.1
2026-08-01T23:39:00.082,44.1
2026-08-01T23:44:00.107,44.1
2026-08-01T23:49:00.082,44.1
2026-08-01T23:54:00.084,44.1
2026-08-01T23:59:00.110,43.8
2026-08-02T00:04:00.085,43.8
2026-08-02T00:09:00.080,43.5
2026-08-02T00:14:00.111,43.5
2026-08-02T00:19:00.080,43.1
2026-08-02T00:24:00.075,42.8
2026-08-02T00:29:00.110,42.5
2026-08-02T00:34:00.080,42.2
2026-08-02T00:39:00.076,41.9
2026-08-02T00:44:00.112,41.5
2026-08-02T00:49:00.082,41.2
2026-08-02T00:54:00.076,41.2
2026-08-02T00:59:00.109,40.9
2026-08-02T01:04:00.083,40.6
2026-08-02T01:09:00.114,40.6
2026-08-02T01:14:00.085,40.6
2026-08-02T01:19:00.082,40.6
2026-08-02T01:24:00.107,40.6
2026-08-02T01:29:00.079,40.6
2026-08-02T01:34:00.081,40.9
2026-08-02T01:39:00.113,40.9
2026-08-02T01:44:00.080,40.9
2026-08-02T01:49:00.079,41.2
2026-08-02T01:54:00.112,41.2
2026-08-02T01:59:00.079,41.5
2026-08-02T02:04:00.082,41.5
2026-08-02T02:09:00.105,41.5
2026-08-02T02:14:00.082,41.2
2026-08-02T02:19:00.079,40.9
2026-08-02T02:24:00.103,40.9
2026-08-02T02:29:00.072,40.6
2026-08-02T02:34:00.077,40.6
2026-08-02T02:39:00.102,40.2
2026-08-02T02:44:00.078,40.2
2026-08-03T02:21:00.106,51.5
2026-08-03T02:26:00.080,50.9
2026-08-03T02:31:00.075,50.6
2026-08-03T02:36:00.108,49.9
2026-08-03T02:41:00.076,49.6
2026-08-03T02:46:00.071,49.3
2026-08-03T02:51:00.105,48.9
2026-08-03T02:56:00.082,48.6
2026-08-03T03:01:00.076,48.3
2026-08-03T03:06:00.110,48.3
2026-08-03T03:11:00.078,48.0
2026-08-03T03:16:00.080,47.7
2026-08-03T03:21:00.113,47.7
2026-08-03T03:26:00.076,47.3
2026-08-03T03:31:00.080,47.3
2026-08-03T03:36:00.114,47.0
2026-08-03T03:41:00.075,46.7
2026-08-03T03:46:00.107,46.4
2026-08-03T03:51:00.083,46.0
2026-08-03T03:56:00.078,45.7
2026-08-03T04:01:00.105,45.7
2026-08-03T04:06:00.082,45.4
2026-08-03T04:11:00.085,45.1
2026-08-03T04:16:00.112,44.8
2026-08-03T04:21:00.082,44.8
2026-08-03T04:26:00.082,44.4
2026-08-03T04:31:00.112,44.1
2026-08-03T04:36:00.083,44.1
2026-08-03T04:41:00.083,44.1
2026-08-03T04:46:00.113,43.8
2026-08-03T04:51:00.083,44.1
2026-08-03T04:56:00.080,44.1
2026-08-03T05:01:00.105,44.1
2026-08-03T05:06:00.081,44.1
2026-08-03T05:11:00.107,44.4
2026-08-03T05:16:00.075,44.4
2026-08-03T05:21:00.083,44.4
2026-08-03T05:26:00.105,44.4
2026-08-03T05:31:00.075,44.4
2026-08-03T05:36:00.078,44.8
2026-08-03T05:41:00.112,44.8
2026-08-03T05:46:00.083,44.8
2026-08-03T05:51:00.078,44.8
2026-08-03T05:56:00.109,44.4
2026-08-03T06:01:00.077,44.4
2026-08-03T06:06:00.084,44.4
2026-08-03T06:11:00.113,44.4
2026-08-03T06:16:00.076,44.1
2026-08-03T06:21:00.082,44.1
2026-08-03T06:26:00.110,44.1
2026-08-03T06:31:00.075,44.1
2026-08-03T06:36:00.112,43.8
2026-08-03T06:41:00.083,43.8
2026-08-03T06:46:00.078,43.8
2026-08-03T06:51:00.105,43.8
2026-08-03T06:56:00.081,44.1
2026-08-03T07:01:00.078,44.1
2026-08-03T07:06:00.105,44.1
2026-08-03T07:11:00.080,44.1
2026-08-03T07:16:00.075,44.1
2026-08-03T07:21:00.107,44.1
2026-08-03T07:26:00.082,44.1
2026-08-03T07:31:00.079,44.1
2026-08-03T07:36:00.110,44.1
2026-08-03T07:41:00.082,43.8
2026-08-03T07:46:00.078,43.8
2026-08-03T07:51:00.113,43.8
2026-08-03T07:56:00.083,43.8
2026-08-03T08:01:00.078,43.5
2026-08-03T08:06:00.111,43.5
2026-08-03T08:11:00.077,43.1
2026-08-03T08:16:00.107,42.8
2026-08-03T08:21:00.078,42.8
2026-08-03T08:26:00.080,42.5
2026-08-03T08:31:00.107,42.5
2026-08-03T08:36:00.083,42.5
2026-08-03T08:41:00.079,42.5
2026-08-03T08:46:00.110,42.5
2026-08-03T08:51:00.081,42.2
2026-08-03T08:56:00.084,42.2
2026-08-03T09:01:00.110,42.2
2026-08-03T09:06:00.081,42.2
2026-08-03T09:11:00.079,42.2
2026-08-03T09:16:00.106,42.2
2026-08-03T09:21:00.082,42.2
2026-08-03T09:26:00.080,41.9
2026-08-03T09:31:00.110,41.9
2026-08-03T09:36:00.085,41.9
2026-08-03T09:41:00.115,41.9
2026-08-03T09:46:00.084,41.9
2026-08-03T09:51:00.080,41.9
2026-08-03T09:56:00.105,41.9
2026-08-03T10:01:00.082,41.9
2026-08-03T10:06:00.081,41.9
2026-08-03T10:11:00.108,42.2
2026-08-03T10:16:00.084,42.2
2026-08-03T10:21:00.080,42.2
2026-08-03T10:26:00.108,42.5
2026-08-03T10:31:00.083,42.5
2026-08-03T10:36:00.077,42.5
2026-08-03T10:41:00.114,42.2
2026-08-03T10:46:00.083,42.2
2026-08-03T10:51:00.077,42.2
2026-08-03T10:56:00.108,42.2
2026-08-03T11:01:00.082,41.9
2026-08-03T11:06:00.079,41.9
2026-08-03T11:11:00.108,41.9
2026-08-03T11:16:00.079,41.9
2026-08-03T11:21:00.113,41.5
2026-08-03T11:26:00.081,41.5
2026-08-03T11:31:00.082,41.2
2026-08-03T11:36:00.111,41.2
2026-08-03T11:41:00.082,41.2
2026-08-03T11:46:00.083,40.9
2026-08-03T11:51:00.106,40.9
2026-08-03T11:56:00.082,40.9
2026-08-03T12:01:00.083,40.9
2026-08-03T12:06:00.107,40.6
2026-08-03T12:11:00.078,40.6
2026-08-03T12:16:00.076,40.6
2026-08-03T12:21:00.108,40.6
2026-08-03T12:26:00.072,40.6
2026-08-03T12:31:00.079,40.6
2026-08-03T12:36:00.102,40.6
2026-08-03T12:41:00.074,40.6
2026-08-03T12:46:00.111,40.6
2026-08-04T01:36:00.102,47.3
2026-08-04T01:41:00.073,46.4
2026-08-04T01:46:00.078,45.7
2026-08-04T01:51:00.107,45.7
2026-08-04T01:56:00.075,45.7
2026-08-04T02:01:00.081,46.0
2026-08-04T02:06:00.104,45.7
2026-08-04T02:11:00.075,45.4
2026-08-04T02:16:00.106,44.8
2026-08-04T02:21:00.073,44.4
2026-08-04T02:26:00.075,43.8
2026-08-04T02:31:00.104,42.8
2026-08-04T02:36:00.076,41.9
2026-08-04T02:41:00.078,40.2
2026-08-04T02:46:00.107,39.3
2026-08-04T02:51:00.082,38.3
2026-08-04T02:56:00.076,37.3
2026-08-04T03:01:00.113,36.7
2026-08-04T03:06:00.076,36.4
2026-08-04T03:11:00.084,36.4
2026-08-04T03:16:00.113,36.7
2026-08-04T03:21:00.083,36.7
2026-08-04T03:26:00.078,37.0
2026-08-04T03:31:00.106,37.3
2026-08-04T03:36:00.076,37.0
2026-08-04T03:41:00.113,37.0
2026-08-04T03:46:00.083,37.0
2026-08-04T03:51:00.085,37.0
2026-08-04T03:56:00.106,37.0
2026-08-04T04:01:00.084,37.0
2026-08-04T04:06:00.075,37.0
2026-08-04T04:11:00.104,37.3
2026-08-04T04:16:00.077,37.3
2026-08-04T04:21:00.081,37.7
2026-08-04T04:26:00.110,37.3
2026-08-04T04:31:00.075,36.7
2026-08-04T04:36:00.082,36.0
2026-08-04T04:41:00.108,35.7
2026-08-04T04:46:00.075,35.4
2026-08-04T04:51:00.080,35.4
2026-08-04T04:56:00.105,35.4
2026-08-04T05:01:00.080,35.4
2026-08-04T05:06:00.075,35.4
2026-08-04T05:11:00.114,35.7
2026-08-04T05:16:00.078,35.7
2026-08-04T05:21:00.107,35.7
2026-08-04T05:26:00.079,36.0
2026-08-04T05:31:00.077,36.0
2026-08-04T05:36:00.108,36.0
2026-08-04T05:41:00.077,35.7
2026-08-04T05:46:00.082,35.7
2026-08-04T05:51:00.113,35.7
2026-08-04T05:56:00.077,35.7
2026-08-04T06:01:00.084,35.7
2026-08-04T06:06:00.108,35.7
2026-08-04T06:11:00.077,35.7
2026-08-04T06:16:00.074,35.7
2026-08-04T06:21:00.108,35.7
2026-08-04T06:26:00.080,35.7
2026-08-04T06:31:00.084,35.7
2026-08-04T06:36:00.105,35.7
2026-08-04T06:41:00.079,36.0
2026-08-04T06:46:00.114,36.0
2026-08-04T06:51:00.076,36.0
2026-08-04T06:56:00.084,35.7
2026-08-04T07:01:00.113,35.7
2026-08-04T07:06:00.075,35.7
2026-08-04T07:11:00.085,35.7
2026-08-04T07:16:00.105,36.0
2026-08-04T07:21:00.082,36.0
2026-08-04T07:26:00.081,36.0
2026-08-04T07:31:00.112,36.0
2026-08-04T07:36:00.075,36.0
2026-08-04T07:41:00.078,36.0
2026-08-04T07:46:00.106,35.7
2026-08-04T07:51:00.080,35.7
2026-08-04T07:56:00.081,35.7
2026-08-04T08:01:00.112,35.7
2026-08-04T08:06:00.084,35.7
2026-08-04T08:11:00.083,35.7
2026-08-04T08:16:00.112,35.7
2026-08-04T08:21:00.083,35.7
2026-08-04T08:26:00.109,35.7
2026-08-04T08:31:00.081,35.7
2026-08-04T08:36:00.076,35.7
2026-08-04T08:41:00.104,35.7
2026-08-04T08:46:00.078,35.7
2026-08-04T08:51:00.076,36.0
2026-08-04T08:56:00.105,36.0
2026-08-04T09:01:00.084,36.0
2026-08-04T09:06:00.077,36.4
2026-08-04T09:11:00.106,36.4
2026-08-04T09:16:00.078,36.4
2026-08-04T09:21:00.081,36.4
2026-08-04T09:26:00.104,36.7
2026-08-04T09:31:00.075,36.7
2026-08-04T09:36:00.077,36.7
2026-08-04T09:41:00.106,36.7
2026-08-04T09:46:00.076,36.7
2026-08-04T09:51:00.107,36.4
2026-08-04T09:56:00.081,36.4
2026-08-04T10:01:00.077,36.4
2026-08-04T10:06:00.108,36.4
2026-08-04T10:11:00.076,36.4
2026-08-04T10:16:00.078,36.4
2026-08-04T10:21:00.107,36.0
2026-08-04T10:26:00.083,36.0
2026-08-04T10:31:00.078,36.0
2026-08-04T10:36:00.111,36.4
2026-08-04T10:41:00.075,36.4
2026-08-04T10:46:00.076,36.4
2026-08-04T10:51:00.109,36.0
2026-08-04T10:56:00.079,36.0
2026-08-04T11:01:00.077,36.4
2026-08-04T11:06:00.113,36.4
2026-08-04T11:11:00.079,36.4
2026-08-04T11:16:00.082,36.0
2026-08-04T11:21:00.109,36.4
2026-08-04T11:26:00.079,36.0
2026-08-04T11:31:00.109,36.0
2026-08-04T11:36:00.084,35.7
2026-08-04T11:41:00.083,35.7
2026-08-04T11:46:00.106,35.7
2026-08-04T11:51:00.078,35.7
2026-08-04T11:56:00.082,35.4
2026-08-04T12:01:00.105,35.4
2026-08-04T12:06:00.079,35.1
2026-08-04T12:11:00.076,35.1
2026-08-04T12:16:00.103,35.1
2026-08-04T12:21:00.073,35.1
2026-08-04T12:26:00.078,35.1
2026-08-04T12:31:00.109,34.8
2026-08-04T12:36:00.080,34.8
2026-08-04T12:41:00.081,34.8
2026-08-04T12:46:00.106,34.8
2026-08-04T12:51:00.073,35.1
2026-08-05T02:11:00.081,48.3
2026-08-05T02:16:00.075,47.7
2026-08-05T02:21:00.111,47.3
2026-08-05T02:26:00.078,46.7
2026-08-05T02:31:00.074,46.0
2026-08-05T02:36:00.108,45.7
2026-08-05T02:41:00.074,45.4
2026-08-05T02:46:00.079,45.4
2026-08-05T02:51:00.108,44.8
2026-08-05T02:56:00.084,44.8
2026-08-05T03:01:00.083,44.8
2026-08-05T03:06:00.107,44.4
2026-08-05T03:11:00.078,44.4
2026-08-05T03:16:00.111,44.4
2026-08-05T03:21:00.079,44.4
2026-08-05T03:26:00.080,44.1
2026-08-05T03:31:00.106,44.1
2026-08-05T03:36:00.083,44.1
2026-08-05T03:41:00.075,44.1
2026-08-05T03:46:00.107,44.1
2026-08-05T03:51:00.078,43.8
2026-08-05T03:56:00.080,43.8
2026-08-05T04:01:00.108,43.8
2026-08-05T04:06:00.081,43.8
2026-08-05T04:11:00.076,43.8
2026-08-05T04:16:00.110,43.8
2026-08-05T04:21:00.084,43.8
2026-08-05T04:26:00.080,43.8
2026-08-05T04:31:00.110,43.8
2026-08-05T04:36:00.076,43.8
2026-08-05T04:41:00.108,43.8
2026-08-05T04:46:00.075,43.8
2026-08-05T04:51:00.083,43.8
2026-08-05T04:56:00.111,43.5
2026-08-05T05:01:00.079,43.5
2026-08-05T05:06:00.084,43.5
2026-08-05T05:11:00.106,43.5
2026-08-05T05:16:00.080,43.5
2026-08-05T05:21:00.082,43.5
2026-08-05T05:26:00.111,43.5
2026-08-05T05:31:00.077,43.5
2026-08-05T05:36:00.081,43.5
2026-08-05T05:41:00.105,43.5
2026-08-05T05:46:00.075,43.5
2026-08-05T05:51:00.080,43.5
2026-08-05T05:56:00.106,43.5
2026-08-05T06:01:00.075,43.5
2026-08-05T06:06:00.110,43.5
2026-08-05T06:11:00.080,43.5
2026-08-05T06:16:00.077,43.5
2026-08-05T06:21:00.105,43.5
2026-08-05T06:26:00.075,43.5
2026-08-05T06:31:00.076,43.5
2026-08-05T06:36:00.108,43.5
2026-08-05T06:41:00.077,43.5
2026-08-05T06:46:00.078,43.5
2026-08-05T06:51:00.114,43.5
2026-08-05T06:56:00.080,43.5
2026-08-05T07:01:00.075,43.1
2026-08-05T07:06:00.110,43.1
2026-08-05T07:11:00.078,43.1
2026-08-05T07:16:00.082,43.1
2026-08-05T07:21:00.111,43.1
2026-08-05T07:26:00.076,43.1
2026-08-05T07:31:00.083,42.8
2026-08-05T07:36:00.105,42.8
2026-08-05T07:41:00.082,42.8
2026-08-05T07:46:00.108,42.8
2026-08-05T07:51:00.080,42.5
2026-08-05T07:56:00.080,42.5
2026-08-05T08:01:00.104,42.5
2026-08-05T08:06:00.074,42.5
2026-08-05T08:11:00.077,42.2
2026-08-05T08:16:00.105,42.2
2026-08-05T08:21:00.077,41.9
2026-08-05T08:26:00.077,41.9
2026-08-05T08:31:00.107,41.5
2026-08-05T08:36:00.083,41.5
2026-08-05T08:41:00.084,41.2
2026-08-05T08:46:00.106,41.2
2026-08-05T08:51:00.078,40.9
2026-08-05T08:56:00.083,40.9
2026-08-05T09:01:00.109,40.6
2026-08-05T09:06:00.078,40.6
2026-08-05T09:11:00.113,40.6
2026-08-05T09:16:00.079,40.6
2026-08-05T09:21:00.078,40.6
2026-08-05T09:26:00.108,40.6
2026-08-05T09:31:00.082,40.6
2026-08-05T09:36:00.080,40.2
2026-08-05T09:41:00.110,40.2
2026-08-05T09:46:00.082,40.2
2026-08-05T09:51:00.081,40.2
2026-08-05T09:56:00.111,40.2
2026-08-05T10:01:00.078,40.2
2026-08-05T10:06:00.075,40.2
2026-08-05T10:11:00.111,39.9
2026-08-05T10:16:00.083,39.9
2026-08-05T10:21:00.078,39.9
2026-08-05T10:26:00.115,39.9
2026-08-05T10:31:00.076,39.6
2026-08-05T10:36:00.079,39.6
2026-08-05T10:41:00.104,39.6
2026-08-05T10:46:00.084,39.6
2026-08-05T10:51:00.106,39.3
2026-08-05T10:56:00.082,39.3
2026-08-05T11:01:00.076,39.3
2026-08-05T11:06:00.105,39.3
2026-08-05T11:11:00.081,39.3
2026-08-05T11:16:00.077,39.3
2026-08-05T11:21:00.107,39.0
2026-08-05T11:26:00.076,39.0
2026-08-05T11:31:00.081,39.0
2026-08-05T11:36:00.107,38.6
2026-08-05T11:41:00.081,38.6
2026-08-05T11:46:00.078,38.6
2026-08-05T11:51:00.107,38.6
2026-08-05T11:56:00.076,38.6
2026-08-05T12:01:00.076,38.6
2026-08-05T12:06:00.115,38.6
2026-08-05T12:11:00.076,38.3
2026-08-05T12:16:00.109,38.3
2026-08-05T12:21:00.074,38.3
2026-08-05T12:26:00.081,38.3
2026-08-05T12:31:00.109,38.3
2026-08-05T12:36:00.079,38.3
2026-08-05T12:41:00.073,38.3
2026-08-05T12:46:00.102,38.6
2026-08-06T02:11:00.103,48.6
2026-08-06T02:16:00.083,48.0
2026-08-06T02:21:00.078,47.3
2026-08-06T02:26:00.109,46.7
2026-08-06T02:31:00.082,46.0
2026-08-06T02:36:00.111,45.4
2026-08-06T02:41:00.079,44.4
2026-08-06T02:46:00.080,43.8
2026-08-06T02:51:00.111,43.1
2026-08-06T02:56:00.081,42.5
2026-08-06T03:01:00.085,42.5
2026-08-06T03:06:00.107,42.2
2026-08-06T03:11:00.085,41.9
2026-08-06T03:16:00.075,41.9
2026-08-06T03:21:00.106,41.5
2026-08-06T03:26:00.083,41.5
2026-08-06T03:31:00.083,41.5
2026-08-06T03:36:00.107,41.5
2026-08-06T03:41:00.078,41.5
2026-08-06T03:46:00.086,41.5
2026-08-06T03:51:00.112,41.5
2026-08-06T03:56:00.081,41.5
2026-08-06T04:01:00.113,41.5
2026-08-06T04:06:00.083,41.9
2026-08-06T04:11:00.083,41.9
2026-08-06T04:16:00.106,42.2
2026-08-06T04:21:00.076,42.2
2026-08-06T04:26:00.084,42.5
2026-08-06T04:31:00.110,42.5
2026-08-06T04:36:00.076,42.5
2026-08-06T04:41:00.074,42.2
2026-08-06T04:46:00.106,41.9
2026-08-06T04:51:00.080,40.9
2026-08-06T04:56:00.081,40.2
2026-08-06T05:01:00.104,39.9
2026-08-06T05:06:00.075,39.6
2026-08-06T05:11:00.077,39.3
2026-08-06T05:16:00.106,39.3
2026-08-06T05:21:00.079,38.6
2026-08-06T05:26:00.079,38.3
2026-08-06T05:31:00.109,37.7
2026-08-06T05:36:00.078,37.0
2026-08-06T05:41:00.109,36.7
2026-08-06T05:46:00.076,36.0
2026-08-06T05:51:00.080,36.0
2026-08-06T05:56:00.110,35.7
2026-08-06T06:01:00.083,35.4
2026-08-06T06:06:00.081,35.1
2026-08-06T06:11:00.110,34.8
2026-08-06T06:16:00.080,34.4
2026-08-06T06:21:00.080,34.4
2026-08-06T06:26:00.114,34.1
2026-08-06T06:31:00.084,33.8
2026-08-06T06:36:00.083,33.8
2026-08-06T06:41:00.105,33.8
2026-08-06T06:46:00.083,33.5
2026-08-06T06:51:00.078,33.5
2026-08-06T06:56:00.112,33.5
2026-08-06T07:01:00.081,33.1
2026-08-06T07:06:00.108,33.1
2026-08-06T07:11:00.084,33.1
2026-08-06T07:16:00.082,33.1
2026-08-06T07:21:00.111,33.1
2026-08-06T07:26:00.083,33.1
2026-08-06T07:31:00.084,33.1
2026-08-06T07:36:00.108,33.1
2026-08-06T07:41:00.081,33.1
2026-08-06T07:46:00.082,33.1
2026-08-06T07:51:00.108,33.1
2026-08-06T07:56:00.075,32.8
2026-08-06T08:01:00.080,32.8
2026-08-06T08:06:00.106,32.5
2026-08-06T08:11:00.081,32.5
2026-08-06T08:16:00.079,32.5
2026-08-06T08:21:00.105,32.5
2026-08-06T08:26:00.079,32.5
2026-08-06T08:31:00.082,32.5
2026-08-06T08:36:00.110,32.5
2026-08-06T08:41:00.083,32.5
2026-08-06T08:46:00.114,32.5
2026-08-06T08:51:00.080,32.8
2026-08-06T08:56:00.079,32.8
2026-08-06T09:01:00.105,33.1
2026-08-06T09:06:00.084,33.1
2026-08-06T09:11:00.081,33.5
2026-08-06T09:16:00.109,33.8
2026-08-06T09:21:00.078,34.1
2026-08-06T09:26:00.077,34.4
2026-08-06T09:31:00.110,34.8
2026-08-06T09:36:00.082,35.1
2026-08-06T09:41:00.084,35.4
2026-08-06T09:46:00.105,35.7
2026-08-06T09:51:00.078,36.0
2026-08-06T09:56:00.080,36.0
2026-08-06T10:01:00.111,36.4
2026-08-06T10:06:00.081,36.4
2026-08-06T10:11:00.107,36.4
2026-08-06T10:16:00.083,36.0
2026-08-06T10:21:00.077,36.0
2026-08-06T10:26:00.112,36.0
2026-08-06T10:31:00.082,36.0
2026-08-06T10:36:00.075,36.0
2026-08-06T10:41:00.110,36.0
2026-08-06T10:46:00.081,36.4
2026-08-06T10:51:00.086,36.4
2026-08-06T10:56:00.113,36.4
2026-08-06T11:01:00.075,36.4
2026-08-06T11:06:00.078,36.7
2026-08-06T11:11:00.109,36.7
2026-08-06T11:16:00.079,36.7
2026-08-06T11:21:00.081,37.0
2026-08-06T11:26:00.112,37.0
2026-08-06T11:31:00.080,37.0
2026-08-06T11:36:00.082,37.0
2026-08-06T11:41:00.110,37.0
2026-08-06T11:46:00.077,37.0
2026-08-06T11:51:00.106,37.0
2026-08-06T11:56:00.084,37.0
2026-08-06T12:01:00.079,37.0
2026-08-06T12:06:00.107,37.0
2026-08-06T12:11:00.078,36.7
2026-08-06T12:16:00.083,36.7
2026-08-06T12:21:00.106,36.4
2026-08-06T12:26:00.076,36.4
2026-08-06T12:31:00.079,36.0
2026-08-06T12:36:00.112,35.7
2026-08-06T12:41:00.072,36.0
2026-08-06T12:46:00.073,35.7
2026-08-06T12:51:00.103,35.4
2026-08-06T12:56:00.078,35.4
2026-08-06T13:01:00.075,35.7
2026-08-07T02:07:00.082,48.9
2026-08-07T02:12:00.110,48.3
2026-08-07T02:17:00.071,47.7
2026-08-07T02:22:00.110,47.0
2026-08-07T02:27:00.073,46.7
2026-08-07T02:32:00.073,46.0
2026-08-07T02:37:00.103,45.7
2026-08-07T02:42:00.078,45.1
2026-08-07T02:47:00.075,45.1
2026-08-07T02:52:00.114,44.8
2026-08-07T02:57:00.075,44.8
2026-08-07T03:02:00.082,44.4
2026-08-07T03:07:00.107,44.4
2026-08-07T03:12:00.076,44.1
2026-08-07T03:17:00.084,44.1
2026-08-07T03:22:00.111,43.8
2026-08-07T03:27:00.077,43.8
2026-08-07T03:32:00.083,43.5
2026-08-07T03:37:00.111,43.5
2026-08-07T03:42:00.080,43.5
2026-08-07T03:47:00.109,43.5
2026-08-07T03:52:00.081,43.1
2026-08-07T03:57:00.084,43.1
2026-08-07T04:02:00.112,43.1
2026-08-07T04:07:00.075,42.8
2026-08-07T04:12:00.083,42.8
2026-08-07T04:17:00.111,42.8
2026-08-07T04:22:00.078,42.5
2026-08-07T04:27:00.080,42.5
2026-08-07T04:32:00.109,42.2
2026-08-07T04:37:00.083,42.2
2026-08-07T04:42:00.081,42.2
2026-08-07T04:47:00.109,41.9
2026-08-07T04:52:00.082,41.9
2026-08-07T04:57:00.074,41.9
2026-08-07T05:02:00.106,41.9
2026-08-07T05:07:00.076,41.9
2026-08-07T05:12:00.082,41.5
2026-08-07T05:17:00.105,41.5
2026-08-07T05:22:00.077,41.5
2026-08-07T05:27:00.106,41.5
2026-08-07T05:32:00.076,41.2
2026-08-07T05:37:00.078,41.2
2026-08-07T05:42:00.109,41.2
2026-08-07T05:47:00.080,41.2
2026-08-07T05:52:00.077,40.9
2026-08-07T05:57:00.111,40.9
2026-08-07T06:02:00.081,41.2
2026-08-07T06:07:00.077,41.2
2026-08-07T06:12:00.105,41.2
2026-08-07T06:17:00.084,41.2
2026-08-07T06:22:00.079,41.2
2026-08-07T06:27:00.111,41.2
2026-08-07T06:32:00.082,41.2
2026-08-07T06:37:00.075,41.2
2026-08-07T06:42:00.108,41.2
2026-08-07T06:47:00.077,41.2
2026-08-07T06:52:00.106,41.2
2026-08-07T06:57:00.076,40.9
2026-08-07T07:02:00.075,40.9
2026-08-07T07:07:00.114,40.9
2026-08-07T07:12:00.077,40.9
2026-08-07T07:17:00.081,40.6
2026-08-07T07:22:00.105,40.6
2026-08-07T07:27:00.077,40.6
2026-08-07T07:32:00.076,40.6
2026-08-07T07:37:00.111,40.6
2026-08-07T07:42:00.078,40.2
2026-08-07T07:47:00.077,40.2
2026-08-07T07:52:00.105,40.6
2026-08-07T07:57:00.076,40.2
2026-08-07T08:02:00.079,40.2
2026-08-07T08:07:00.113,40.2
2026-08-07T08:12:00.084,39.9
2026-08-07T08:17:00.081,39.9
2026-08-07T08:22:00.107,39.6
2026-08-07T08:27:00.081,39.6
2026-08-07T08:32:00.106,39.3
2026-08-07T08:37:00.082,39.3
2026-08-07T08:42:00.082,39.3
2026-08-07T08:47:00.112,39.0
2026-08-07T08:52:00.083,39.0
2026-08-07T08:57:00.082,39.0
2026-08-07T09:02:00.107,39.0
2026-08-07T09:07:00.084,39.0
2026-08-07T09:12:00.084,39.0
2026-08-07T09:17:00.114,39.0
2026-08-07T09:22:00.080,39.0
2026-08-07T09:27:00.079,39.0
2026-08-07T09:32:00.108,39.0
2026-08-07T09:37:00.081,38.6
2026-08-07T09:42:00.077,38.6
2026-08-07T09:47:00.112,38.6
2026-08-07T09:52:00.077,38.6
2026-08-07T09:57:00.114,38.6
2026-08-07T10:02:00.075,38.3
2026-08-07T10:07:00.077,38.6
2026-08-07T10:12:00.113,38.3
2026-08-07T10:17:00.075,38.6
2026-08-07T10:22:00.079,38.3
2026-08-07T10:27:00.108,38.3
2026-08-07T10:32:00.085,38.3
2026-08-07T10:37:00.080,38.3
2026-08-07T10:42:00.112,38.3
2026-08-07T10:47:00.076,38.3
2026-08-07T10:52:00.080,38.3
2026-08-07T10:57:00.114,38.3
2026-08-07T11:02:00.081,38.3
2026-08-07T11:07:00.077,38.3
2026-08-07T11:12:00.110,38.3
2026-08-07T11:17:00.077,38.6
2026-08-07T11:22:00.113,38.6
2026-08-07T11:27:00.077,39.0
2026-08-07T11:32:00.075,39.0
2026-08-07T11:37:00.113,39.0
2026-08-07T11:42:00.075,39.0
2026-08-07T11:47:00.075,39.0
2026-08-07T11:52:00.105,39.0
2026-08-07T11:57:00.076,39.0
2026-08-07T12:02:00.081,39.0
2026-08-07T12:07:00.110,38.6
2026-08-07T12:12:00.079,38.6
2026-08-07T12:17:00.074,38.6
2026-08-07T12:22:00.108,38.3
2026-08-07T12:27:00.082,38.0
2026-08-07T12:32:00.076,38.0
2026-08-07T12:37:00.103,37.7
2026-08-07T12:42:00.081,37.7
2026-08-07T12:47:00.081,37.3
2026-08-07T15:56:00.073,49.3
2026-08-07T16:01:00.077,48.6
2026-08-07T16:06:00.105,48.0
2026-08-07T16:11:00.076,47.0
2026-08-07T16:16:00.077,46.4
2026-08-07T16:21:00.102,46.0
2026-08-07T16:26:00.076,45.4
2026-08-07T16:31:00.108,45.1
2026-08-07T16:36:00.075,45.1
2026-08-07T16:41:00.075,44.8
2026-08-07T16:46:00.105,44.4
2026-08-07T16:51:00.077,44.4
2026-08-07T16:56:00.077,44.1
2026-08-07T17:01:00.111,44.1
2026-08-07T17:06:00.074,44.1
2026-08-07T17:11:00.076,43.8
2026-08-07T17:16:00.112,43.8
2026-08-07T17:21:00.082,43.8
2026-08-07T17:26:00.081,43.8
2026-08-07T17:31:00.115,43.8
2026-08-07T17:36:00.076,43.8
2026-08-07T17:41:00.084,43.8
2026-08-07T17:46:00.109,43.8
2026-08-07T17:51:00.080,44.1
2026-08-07T17:56:00.075,44.1
2026-08-07T18:01:00.114,44.1
2026-08-07T18:06:00.076,44.1
2026-08-07T18:11:00.111,44.1
2026-08-07T18:16:00.077,44.1
2026-08-07T18:21:00.076,43.8
2026-08-07T18:26:00.113,43.8
2026-08-07T18:31:00.083,43.5
2026-08-07T18:36:00.078,43.5
2026-08-07T18:41:00.108,43.1
2026-08-07T18:46:00.080,43.1
2026-08-07T18:51:00.079,43.5
2026-08-07T18:56:00.106,43.5
2026-08-07T19:01:00.080,43.5
2026-08-07T19:06:00.081,43.8
2026-08-07T19:11:00.111,43.8
2026-08-07T19:16:00.076,43.8
2026-08-07T19:21:00.074,44.1
2026-08-07T19:26:00.105,43.8
2026-08-07T19:31:00.080,43.1
2026-08-07T19:36:00.080,42.5
2026-08-07T19:41:00.106,41.9
2026-08-07T19:46:00.084,41.9
2026-08-07T19:51:00.075,41.5
2026-08-07T19:56:00.108,41.5
2026-08-07T20:01:00.081,41.5
2026-08-07T20:06:00.108,41.5
2026-08-07T20:11:00.074,41.5
2026-08-07T20:16:00.083,41.5
2026-08-07T20:21:00.110,41.9
2026-08-07T20:26:00.082,41.9
2026-08-07T20:31:00.080,41.9
2026-08-07T20:36:00.112,41.9
2026-08-07T20:41:00.076,41.9
2026-08-07T20:46:00.081,41.9
2026-08-07T20:51:00.113,41.9
2026-08-07T20:56:00.080,41.9
2026-08-07T21:01:00.079,41.9
2026-08-07T21:06:00.111,41.9
2026-08-07T21:11:00.075,41.9
2026-08-07T21:16:00.084,42.2
2026-08-07T21:21:00.106,42.2
2026-08-07T21:26:00.074,42.2
2026-08-07T21:31:00.080,42.2
2026-08-07T21:36:00.113,42.5
2026-08-07T21:41:00.082,42.5
2026-08-07T21:46:00.110,42.5
2026-08-07T21:51:00.078,42.5
2026-08-07T21:56:00.082,42.5
2026-08-07T22:01:00.108,42.5
2026-08-07T22:06:00.078,42.5
2026-08-07T22:11:00.079,42.5
2026-08-07T22:16:00.108,42.5
2026-08-07T22:21:00.080,42.2
2026-08-07T22:26:00.081,42.2
2026-08-07T22:31:00.106,42.2
2026-08-07T22:36:00.080,42.2
2026-08-07T22:41:00.077,41.9
2026-08-07T22:46:00.111,41.9
2026-08-07T22:51:00.077,41.5
2026-08-07T22:56:00.084,41.2
2026-08-07T23:01:00.106,40.9
2026-08-07T23:06:00.076,40.6
2026-08-07T23:11:00.080,40.6
2026-08-07T23:16:00.106,40.2
2026-08-07T23:21:00.075,39.9
2026-08-07T23:26:00.113,39.9
2026-08-07T23:31:00.075,39.9
2026-08-07T23:36:00.084,39.9
2026-08-07T23:41:00.111,39.9
2026-08-07T23:46:00.082,39.9
2026-08-07T23:51:00.081,39.9
2026-08-07T23:56:00.109,39.9
2026-08-08T00:01:00.076,39.9
2026-08-08T00:06:00.084,40.2
2026-08-08T00:11:00.111,40.2
2026-08-08T00:16:00.078,40.2
2026-08-08T00:21:00.080,40.2
2026-08-08T00:26:00.105,40.2
2026-08-08T00:31:00.077,40.2
2026-08-08T00:36:00.077,39.9
2026-08-08T00:41:00.107,39.9
2026-08-08T00:46:00.079,40.2
2026-08-08T00:51:00.084,40.2
2026-08-08T00:56:00.108,40.2
2026-08-08T01:01:00.078,40.2
2026-08-08T01:06:00.105,40.2
2026-08-08T01:11:00.077,40.2
2026-08-08T01:16:00.083,39.9
2026-08-08T01:21:00.106,39.6
2026-08-08T01:26:00.082,39.6
2026-08-08T01:31:00.074,39.6
2026-08-08T01:36:00.105,39.3
2026-08-08T01:41:00.079,39.3
2026-08-08T01:46:00.078,39.3
2026-08-08T01:51:00.107,39.0
2026-08-08T01:56:00.079,39.0
2026-08-08T02:01:00.073,38.6
2026-08-08T02:06:00.109,38.6
2026-08-08T02:11:00.078,38.3
2026-08-08T02:16:00.078,38.3
2026-08-08T02:21:00.103,38.0
2026-08-08T02:26:00.080,38.0
2026-08-08T02:31:00.080,38.0
2026-08-08T02:36:00.106,38.0
2026-08-08T02:41:00.074,37.7
2026-08-09T02:08:00.079,49.6
2026-08-09T02:08:35.073,49.3
2026-08-09T02:13:00.074,48.9
2026-08-09T02:13:35.109,48.6
2026-08-09T02:18:00.080,48.3
2026-08-09T02:18:35.074,48.3
2026-08-09T02:23:00.072,48.0
2026-08-09T02:23:35.102,47.7
2026-08-09T02:28:00.075,47.3
2026-08-09T02:28:35.072,47.3
2026-08-09T02:33:00.078,47.0
2026-08-09T02:33:35.075,47.0
2026-08-09T02:38:00.105,46.7
2026-08-09T02:38:35.081,46.7
2026-08-09T02:43:00.077,46.4
2026-08-09T02:43:35.080,46.4
2026-08-09T02:48:00.084,46.0
2026-08-09T02:48:35.107,46.0
2026-08-09T02:53:00.082,46.0
2026-08-09T02:53:35.084,46.0
2026-08-09T02:58:00.083,45.7
2026-08-09T02:58:35.114,45.7
2026-08-09T03:03:00.081,45.7
2026-08-09T03:03:35.075,45.7
2026-08-09T03:08:00.083,45.4
2026-08-09T03:08:35.082,45.4
2026-08-09T03:13:00.114,45.4
2026-08-09T03:13:35.081,45.4
2026-08-09T03:18:00.079,45.4
2026-08-09T03:18:35.078,45.1
2026-08-09T03:23:00.077,45.1
2026-08-09T03:23:35.113,45.1
2026-08-09T03:28:00.082,45.1
2026-08-09T03:28:35.080,45.1
2026-08-09T03:33:00.078,45.1
2026-08-09T03:33:35.113,45.1
2026-08-09T03:38:00.081,44.8
2026-08-09T03:38:35.078,44.8
2026-08-09T03:43:00.083,44.8
2026-08-09T03:43:35.077,44.8
2026-08-09T03:48:00.110,44.8
2026-08-09T03:48:35.079,44.8
2026-08-09T03:53:00.076,44.4
2026-08-09T03:53:35.084,44.4
2026-08-09T03:58:00.084,44.4
2026-08-09T03:58:35.105,44.4
2026-08-09T04:03:00.078,44.1
2026-08-09T04:03:35.075,44.1
2026-08-09T04:08:00.081,44.1
2026-08-09T04:08:35.111,44.1
2026-08-09T04:13:00.075,43.8
2026-08-09T04:13:35.081,43.8
2026-08-09T04:18:00.078,43.8
2026-08-09T04:18:35.077,43.8
2026-08-09T04:23:00.108,43.5
2026-08-09T04:23:35.082,43.5
2026-08-09T04:28:00.082,43.5
2026-08-09T04:28:35.077,43.5
2026-08-09T04:33:00.076,43.1
2026-08-09T04:33:35.105,43.1
2026-08-09T04:38:00.076,42.8
2026-08-09T04:38:35.078,42.8
2026-08-09T04:43:00.077,42.8
2026-08-09T04:43:35.083,42.8
2026-08-09T04:48:00.113,42.5
2026-08-09T04:48:35.080,42.5
2026-08-09T04:53:00.082,42.5
2026-08-09T04:53:35.075,42.5
2026-08-09T04:58:00.103,42.5
2026-08-09T04:58:35.083,42.5
2026-08-09T05:03:00.081,42.2
2026-08-09T05:03:35.079,42.2
2026-08-09T05:08:00.077,42.2
2026-08-09T05:08:35.109,42.2
2026-08-09T05:13:00.083,42.2
2026-08-09T05:13:35.077,42.2
2026-08-09T05:18:00.078,41.9
2026-08-09T05:18:35.084,41.9
2026-08-09T05:23:00.112,41.9
2026-08-09T05:23:35.081,41.9
2026-08-09T05:28:00.081,41.9
2026-08-09T05:28:35.078,41.9
2026-08-09T05:33:00.081,41.9
2026-08-09T05:33:35.114,41.9
2026-08-09T05:38:00.075,41.9
2026-08-09T05:38:35.085,41.9
2026-08-09T05:43:00.077,41.9
2026-08-09T05:43:35.105,41.9
2026-08-09T05:48:00.084,41.9
2026-08-09T05:48:35.080,41.9
2026-08-09T05:53:00.076,41.9
2026-08-09T05:53:35.076,41.9
2026-08-09T05:58:00.106,41.9
2026-08-09T05:58:35.078,41.9
2026-08-09T06:03:00.076,41.9
2026-08-09T06:03:35.076,41.9
2026-08-09T06:08:00.081,41.9
2026-08-09T06:08:35.105,41.9
2026-08-09T06:13:00.076,41.9
2026-08-09T06:13:35.077,41.9
2026-08-09T06:18:00.075,41.9
2026-08-09T06:18:35.111,41.9
2026-08-09T06:23:00.076,41.9
2026-08-09T06:23:35.079,41.5
2026-08-09T06:28:00.083,41.5
2026-08-09T06:28:35.082,41.5
2026-08-09T06:33:00.111,41.5
2026-08-09T06:33:35.083,41.5
2026-08-09T06:38:00.084,41.5
2026-08-09T06:38:35.083,41.5
2026-08-09T06:43:00.081,41.2
2026-08-09T06:43:35.111,41.2
2026-08-09T06:48:00.081,41.2
2026-08-09T06:48:35.077,41.2
2026-08-09T06:53:00.083,40.9
2026-08-09T06:53:35.104,40.9
2026-08-09T06:58:00.079,40.9
2026-08-09T06:58:35.077,40.9
2026-08-09T07:03:00.079,40.9
2026-08-09T07:03:35.078,40.9
2026-08-09T07:08:00.110,40.9
2026-08-09T07:08:35.077,40.9
2026-08-09T07:13:00.077,40.6
2026-08-09T07:13:35.084,40.6
2026-08-09T07:18:00.076,40.6
2026-08-09T07:18:35.110,40.6
2026-08-09T07:23:00.085,40.6
2026-08-09T07:23:35.080,40.6
2026-08-09T07:28:00.076,40.6
2026-08-09T07:28:35.105,40.6
2026-08-09T07:33:00.079,40.6
2026-08-09T07:33:35.080,40.6
2026-08-09T07:38:00.081,40.6
2026-08-09T07:38:35.075,40.2
2026-08-09T07:43:00.108,40.2
2026-08-09T07:43:35.082,40.2
2026-08-09T07:48:00.085,40.2
2026-08-09T07:48:35.083,40.2
2026-08-09T07:53:00.078,40.2
2026-08-09T07:53:35.111,40.2
2026-08-09T07:58:00.082,40.2
2026-08-09T07:58:35.082,40.2
2026-08-09T08:03:00.080,40.2
2026-08-09T08:03:35.105,40.2
2026-08-09T08:08:00.079,40.2
2026-08-09T08:08:35.077,40.2
2026-08-09T08:13:00.084,39.9
2026-08-09T08:13:35.082,39.9
2026-08-09T08:18:00.108,39.9
2026-08-09T08:18:35.083,39.9
2026-08-09T08:23:00.080,39.9
2026-08-09T08:23:35.077,39.9
2026-08-09T08:28:00.079,39.9
2026-08-09T08:28:35.111,39.9
2026-08-09T08:33:00.085,39.9
2026-08-09T08:33:35.082,39.9
2026-08-09T08:38:00.079,39.9
2026-08-09T08:38:35.077,39.9
2026-08-09T08:43:00.108,39.9
2026-08-09T08:43:35.077,39.9
2026-08-09T08:48:00.076,40.2
2026-08-09T08:48:35.077,39.9
2026-08-09T08:53:00.108,39.9
2026-08-09T08:53:35.076,39.9
2026-08-09T08:58:00.077,39.9
2026-08-09T08:58:35.080,39.9
2026-08-09T09:03:00.078,39.9
2026-08-09T09:03:35.109,39.9
2026-08-09T09:08:00.079,39.9
2026-08-09T09:08:35.075,39.9
2026-08-09T09:13:00.076,39.9
2026-08-09T09:13:35.082,39.9
2026-08-09T09:18:00.112,39.9
2026-08-09T09:18:35.080,39.9
2026-08-09T09:23:00.079,39.9
2026-08-09T09:23:35.084,39.9
2026-08-09T09:28:00.108,39.9
2026-08-09T09:28:35.084,39.9
2026-08-09T09:33:00.082,39.9
2026-08-09T09:33:35.082,39.9
2026-08-09T09:38:00.084,39.6
2026-08-09T09:38:35.113,39.6
2026-08-09T09:43:00.076,39.6
2026-08-09T09:43:35.082,39.6
2026-08-09T09:48:00.078,39.6
2026-08-09T09:48:35.079,39.6
2026-08-09T09:53:00.111,39.6
2026-08-09T09:53:35.076,39.6
2026-08-09T09:58:00.077,39.6
2026-08-09T09:58:35.074,39.6
2026-08-09T10:03:00.082,39.6
2026-08-09T10:03:35.114,39.6
2026-08-09T10:08:00.083,39.6
2026-08-09T10:08:35.081,39.3
2026-08-09T10:13:00.080,39.3
2026-08-09T10:13:35.111,39.3
2026-08-09T10:18:00.078,39.0
2026-08-09T10:18:35.078,39.0
2026-08-09T10:23:00.076,39.0
2026-08-09T10:23:35.079,39.0
2026-08-09T10:28:00.112,38.6
2026-08-09T10:28:35.078,38.6
2026-08-09T10:33:00.080,38.6
2026-08-09T10:33:35.080,38.6
2026-08-09T10:38:00.075,38.3
2026-08-09T10:38:35.105,38.3
2026-08-09T10:43:00.076,38.3
2026-08-09T10:43:35.077,38.3
2026-08-09T10:48:00.083,38.3
2026-08-09T10:48:35.109,38.3
2026-08-09T10:53:00.078,38.3
2026-08-09T10:53:35.078,38.0
2026-08-09T10:58:00.077,38.0
2026-08-09T10:58:35.079,38.0
2026-08-09T11:03:00.115,38.0
2026-08-09T11:03:35.083,38.0
2026-08-09T11:08:00.084,38.0
2026-08-09T11:08:35.082,38.0
2026-08-09T11:13:00.075,38.0
2026-08-09T11:13:35.115,38.0
2026-08-09T11:18:00.083,38.0
2026-08-09T11:18:35.074,38.0
2026-08-09T11:23:00.081,37.7
2026-08-09T11:23:35.109,37.7
2026-08-09T11:28:00.078,37.7
2026-08-09T11:28:35.076,37.7
2026-08-09T11:33:00.081,37.7
2026-08-09T11:33:35.076,37.7
2026-08-09T11:38:00.110,37.7
2026-08-09T11:38:35.084,37.7
2026-08-09T11:43:00.083,37.7
2026-08-09T11:43:35.076,37.7
2026-08-09T11:48:00.077,37.7
2026-08-09T11:48:35.104,37.3
2026-08-09T11:53:00.084,37.3
2026-08-09T11:53:35.083,37.3
2026-08-09T11:58:00.080,37.3
2026-08-09T11:58:35.106,37.3
2026-08-09T12:03:00.080,37.0
2026-08-09T12:03:35.076,37.0
2026-08-09T12:08:00.079,37.0
2026-08-09T12:08:35.077,37.0
2026-08-09T12:13:00.111,36.7
2026-08-09T12:13:35.072,37.0
2026-08-09T12:18:00.074,36.7
2026-08-09T12:18:35.080,36.7
2026-08-09T12:23:00.079,36.7
2026-08-09T12:23:35.105,36.7
2026-08-09T12:28:00.075,36.4
2026-08-09T12:28:35.078,36.4
2026-08-09T12:33:00.080,36.4
2026-08-09T12:33:35.081,36.4
2026-08-09T12:38:00.109,36.4
2026-08-09T12:38:35.077,36.4
2026-08-09T12:43:00.077,36.4
2026-08-09T12:43:35.078,36.0
2026-08-09T12:48:00.110,36.0
2026-08-09T12:48:35.073,36.0
2026-08-09T12:53:00.074,36.0
2026-08-09T12:53:35.079,36.0
2026-08-10T02:03:00.112,43.5
2026-08-10T02:08:00.076,43.1
2026-08-10T02:13:00.076,43.1
2026-08-10T02:18:00.106,42.8
2026-08-10T02:23:00.074,42.8
2026-08-10T02:28:00.072,42.5
2026-08-10T02:33:00.102,42.5
2026-08-10T02:38:00.073,42.5
2026-08-10T02:43:00.080,42.2
2026-08-10T02:48:00.105,42.2
2026-08-10T02:53:00.083,42.2
2026-08-10T02:58:00.081,42.2
2026-08-10T03:03:00.113,42.2
2026-08-10T03:08:00.076,42.2
2026-08-10T03:13:00.076,42.2
2026-08-10T03:18:00.106,41.9
2026-08-10T03:23:00.077,41.9
2026-08-10T03:28:00.075,41.9
2026-08-10T03:33:00.106,41.9
2026-08-10T03:38:00.084,41.9
2026-08-10T03:43:00.104,41.9
2026-08-10T03:48:00.082,41.9
2026-08-10T03:53:00.080,41.9
2026-08-10T03:58:00.106,41.9
2026-08-10T04:03:00.081,42.2
2026-08-10T04:08:00.075,42.2
2026-08-10T04:13:00.113,42.2
2026-08-10T04:18:00.079,42.2
2026-08-10T04:23:00.075,41.9
2026-08-10T04:28:00.113,41.9
2026-08-10T04:33:00.082,41.9
2026-08-10T04:38:00.077,41.5
2026-08-10T04:43:00.113,41.5
2026-08-10T04:48:00.076,41.5
2026-08-10T04:53:00.077,41.5
2026-08-10T04:58:00.111,41.5
2026-08-10T05:03:00.079,41.5
2026-08-10T05:08:00.106,41.5
2026-08-10T05:13:00.080,41.5
2026-08-10T05:18:00.083,41.5
2026-08-10T05:23:00.108,41.5
2026-08-10T05:28:00.080,41.2
2026-08-10T05:33:00.075,41.2
2026-08-10T05:38:00.107,41.2
2026-08-10T05:43:00.077,41.2
2026-08-10T05:48:00.075,41.2
2026-08-10T05:53:00.109,41.2
2026-08-10T05:58:00.076,41.2
2026-08-10T06:03:00.081,40.9
2026-08-10T06:08:00.109,40.9
2026-08-10T06:13:00.083,40.9
2026-08-10T06:18:00.076,40.6
2026-08-10T06:23:00.107,40.6
2026-08-10T06:28:00.077,40.6
2026-08-10T06:33:00.078,40.2
2026-08-10T06:38:00.111,40.2
2026-08-10T06:43:00.074,40.2
2026-08-10T06:48:00.113,40.2
2026-08-10T06:53:00.082,39.9
2026-08-10T06:58:00.076,39.9
2026-08-10T07:03:00.112,39.9
2026-08-10T07:08:00.083,39.9
2026-08-10T07:13:00.080,39.9
2026-08-10T07:18:00.110,39.6
2026-08-10T07:23:00.084,39.6
2026-08-10T07:28:00.083,39.6
2026-08-10T07:33:00.109,39.6
2026-08-10T07:38:00.081,39.6
2026-08-10T07:43:00.078,39.6
2026-08-10T07:48:00.111,39.3
2026-08-10T07:53:00.079,39.3
2026-08-10T07:58:00.081,39.3
2026-08-10T08:03:00.109,39.3
2026-08-10T08:08:00.079,39.3
2026-08-10T08:13:00.109,39.3
2026-08-10T08:18:00.083,39.3
2026-08-10T08:23:00.077,39.0
2026-08-10T08:28:00.105,39.0
2026-08-10T08:33:00.078,39.0
2026-08-10T08:38:00.080,39.0
2026-08-10T08:43:00.105,38.6
2026-08-10T08:48:00.078,38.6
2026-08-10T08:53:00.075,38.3
2026-08-10T08:58:00.110,38.3
2026-08-10T09:03:00.084,38.3
2026-08-10T09:08:00.076,38.3
2026-08-10T09:13:00.107,38.0
2026-08-10T09:18:00.076,37.7
2026-08-10T09:23:00.084,37.7
2026-08-10T09:28:00.108,37.7
2026-08-10T09:33:00.079,37.3
2026-08-10T09:38:00.113,37.3
2026-08-10T09:43:00.081,37.3
2026-08-10T09:48:00.084,37.3
2026-08-10T09:53:00.111,37.3
2026-08-10T09:58:00.075,37.0
2026-08-10T10:03:00.082,37.0
2026-08-10T10:08:00.105,37.0
2026-08-10T10:13:00.078,36.7
2026-08-10T10:18:00.079,36.7
2026-08-10T10:23:00.108,36.7
2026-08-10T10:28:00.079,36.7
2026-08-10T10:33:00.082,36.4
2026-08-10T10:38:00.107,36.4
2026-08-10T10:43:00.081,36.4
2026-08-10T10:48:00.079,36.4
2026-08-10T10:53:00.107,36.4
2026-08-10T10:58:00.079,36.0
2026-08-10T11:03:00.079,36.0
2026-08-10T11:08:00.105,36.0
2026-08-10T11:13:00.077,36.0
2026-08-10T11:18:00.108,36.0
2026-08-10T11:23:00.081,36.0
2026-08-10T11:28:00.078,36.0
2026-08-10T11:33:00.109,36.0
2026-08-10T11:38:00.083,36.0
2026-08-10T11:43:00.080,36.4
2026-08-10T11:48:00.108,36.4
2026-08-10T11:53:00.085,36.4
2026-08-10T11:58:00.084,36.4
2026-08-10T12:03:00.107,36.4
2026-08-10T12:08:00.076,36.0
2026-08-10T12:13:00.079,36.0
2026-08-10T12:18:00.111,36.0
2026-08-10T12:23:00.072,36.0
2026-08-10T12:28:00.078,36.0
2026-08-10T12:33:00.110,36.0
2026-08-10T12:38:00.076,36.0
2026-08-10T12:43:00.110,36.0
2026-08-10T12:48:00.079,35.7
2026-08-10T12:53:00.080,36.0
2026-08-11T01:58:00.078,41.9
2026-08-11T02:03:00.081,42.2
2026-08-11T02:08:00.105,41.9
2026-08-11T02:13:00.073,41.5
2026-08-11T02:18:00.079,41.5
2026-08-11T02:23:00.103,41.2
2026-08-11T02:28:00.081,41.2
2026-08-11T02:33:00.073,41.2
2026-08-11T02:38:00.104,41.2
2026-08-11T02:43:00.078,41.2
2026-08-11T02:48:00.081,41.2
2026-08-11T02:53:00.115,41.2
2026-08-11T02:58:00.077,41.2
2026-08-11T03:03:00.113,41.2
2026-08-11T03:08:00.078,41.2
2026-08-11T03:13:00.078,41.2
2026-08-11T03:18:00.109,41.2
2026-08-11T03:23:00.076,41.2
2026-08-11T03:28:00.082,41.2
2026-08-11T03:33:00.111,40.9
2026-08-11T03:38:00.083,40.9
2026-08-11T03:43:00.079,40.9
2026-08-11T03:48:00.111,40.6
2026-08-11T03:53:00.076,40.6
2026-08-11T03:58:00.080,40.6
2026-08-11T04:03:00.105,40.6
2026-08-11T04:08:00.082,40.6
2026-08-11T04:13:00.077,40.6
2026-08-11T04:18:00.106,40.2
2026-08-11T04:23:00.075,40.2
2026-08-11T04:28:00.082,40.2
2026-08-11T04:33:00.115,40.2
2026-08-11T04:38:00.080,40.2
2026-08-11T04:43:00.115,40.2
2026-08-11T04:48:00.078,40.2
2026-08-11T04:53:00.078,40.2
2026-08-11T04:58:00.105,40.2
2026-08-11T05:03:00.076,40.2
2026-08-11T05:08:00.084,40.2
2026-08-11T05:13:00.114,40.2
2026-08-11T05:18:00.081,40.2
2026-08-11T05:23:00.075,40.2
2026-08-11T05:28:00.110,40.2
2026-08-11T05:33:00.080,39.9
2026-08-11T05:38:00.081,39.9
2026-08-11T05:43:00.111,39.9
2026-08-11T05:48:00.077,39.9
2026-08-11T05:53:00.075,39.9
2026-08-11T05:58:00.106,39.6
2026-08-11T06:03:00.083,39.6
2026-08-11T06:08:00.106,39.6
2026-08-11T06:13:00.083,39.6
2026-08-11T06:18:00.083,39.6
2026-08-11T06:23:00.109,39.6
2026-08-11T06:28:00.079,39.6
2026-08-11T06:33:00.076,39.6
2026-08-11T06:38:00.114,39.3
2026-08-11T06:43:00.075,39.3
2026-08-11T06:48:00.081,39.3
2026-08-11T06:53:00.105,39.3
2026-08-11T06:58:00.083,39.3
2026-08-11T07:03:00.082,39.3
2026-08-11T07:08:00.114,39.0
2026-08-11T07:13:00.081,39.0
2026-08-11T07:18:00.076,39.0
2026-08-11T07:23:00.107,38.6
2026-08-11T07:28:00.082,38.6
2026-08-11T07:33:00.078,38.6
2026-08-11T07:38:00.107,38.6
2026-08-11T07:43:00.080,38.6
2026-08-11T07:48:00.111,38.6
2026-08-11T07:53:00.077,38.6
2026-08-11T07:58:00.074,38.6
2026-08-11T08:03:00.105,38.6
2026-08-11T08:08:00.078,38.6
2026-08-11T08:13:00.079,38.6
2026-08-11T08:18:00.110,38.6
2026-08-11T08:23:00.081,38.6
2026-08-11T08:28:00.084,38.6
2026-08-11T08:33:00.115,38.6
2026-08-11T08:38:00.077,38.6
2026-08-11T08:43:00.083,38.6
2026-08-11T08:48:00.113,38.6
2026-08-11T08:53:00.078,38.6
2026-08-11T08:58:00.079,38.6
2026-08-11T09:03:00.106,38.6
2026-08-11T09:08:00.080,38.3
2026-08-11T09:13:00.112,38.3
2026-08-11T09:18:00.083,38.3
2026-08-11T09:23:00.075,38.3
2026-08-11T09:28:00.110,38.3
2026-08-11T09:33:00.077,38.3
2026-08-11T09:38:00.076,38.3
2026-08-11T09:43:00.106,38.6
2026-08-11T09:48:00.079,38.6
2026-08-11T09:53:00.084,38.3
2026-08-11T09:58:00.108,38.3
2026-08-11T10:03:00.074,38.0
2026-08-11T10:08:00.078,38.0
2026-08-11T10:13:00.111,38.0
2026-08-11T10:18:00.079,38.0
2026-08-11T10:23:00.078,38.0
2026-08-11T10:28:00.109,37.7
2026-08-11T10:33:00.077,37.3
2026-08-11T10:38:00.082,37.0
2026-08-11T10:43:00.111,36.7
2026-08-11T10:48:00.083,36.4
2026-08-11T10:53:00.108,36.0
2026-08-11T10:58:00.077,36.0
2026-08-11T11:03:00.080,36.0
2026-08-11T11:08:00.107,35.7
2026-08-11T11:13:00.076,35.7
2026-08-11T11:18:00.085,35.7
2026-08-11T11:23:00.115,35.7
2026-08-11T11:28:00.081,35.7
2026-08-11T11:33:00.077,35.7
2026-08-11T11:38:00.106,36.0
2026-08-11T11:43:00.077,36.0
2026-08-11T11:48:00.079,36.0
2026-08-11T11:53:00.109,36.0
2026-08-11T11:58:00.079,36.0
2026-08-11T12:03:00.083,36.0
2026-08-11T12:08:00.113,35.7
2026-08-11T12:13:00.081,35.7
2026-08-11T12:18:00.104,35.7
2026-08-11T12:23:00.080,35.4
2026-08-11T12:28:00.078,35.7
2026-08-11T12:33:00.108,35.4
2026-08-11T12:38:00.076,35.4
2026-08-11T12:43:00.079,35.4
2026-08-11T12:48:00.104,35.4
2026-08-12T02:12:00.111,47.0
2026-08-12T02:17:00.072,46.0
2026-08-12T02:22:00.080,45.7
2026-08-12T02:27:00.110,45.4
2026-08-12T02:32:00.077,45.1
2026-08-12T02:37:00.109,44.8
2026-08-12T02:42:00.072,44.8
2026-08-12T02:47:00.079,44.4
2026-08-12T02:52:00.108,44.4
2026-08-12T02:57:00.077,44.1
2026-08-12T03:02:00.078,44.1
2026-08-12T03:07:00.106,44.1
2026-08-12T03:12:00.081,43.8
2026-08-12T03:17:00.079,43.8
2026-08-12T03:22:00.113,43.5
2026-08-12T03:27:00.085,43.5
2026-08-12T03:32:00.084,43.1
2026-08-12T03:37:00.110,42.8
2026-08-12T03:42:00.079,42.5
2026-08-12T03:47:00.078,42.2
2026-08-12T03:52:00.107,41.9
2026-08-12T03:57:00.084,41.5
2026-08-12T04:02:00.110,41.2
2026-08-12T04:07:00.085,40.9
2026-08-12T04:12:00.076,40.6
2026-08-12T04:17:00.110,40.2
2026-08-12T04:22:00.083,40.2
2026-08-12T04:27:00.080,39.9
2026-08-12T04:32:00.105,39.9
2026-08-12T04:37:00.075,39.9
2026-08-12T04:42:00.084,39.9
2026-08-12T04:47:00.115,39.9
2026-08-12T04:52:00.080,39.9
2026-08-12T04:57:00.080,39.9
2026-08-12T05:02:00.112,40.2
2026-08-12T05:07:00.081,40.2
2026-08-12T05:12:00.083,40.2
2026-08-12T05:17:00.109,40.2
2026-08-12T05:22:00.084,40.2
2026-08-12T05:27:00.082,39.9
2026-08-12T05:32:00.112,39.9
2026-08-12T05:37:00.076,39.6
2026-08-12T05:42:00.112,39.3
2026-08-12T05:47:00.080,39.3
2026-08-12T05:52:00.081,39.0
2026-08-12T05:57:00.105,39.0
2026-08-12T06:02:00.084,38.6
2026-08-12T06:07:00.084,38.6
2026-08-12T06:12:00.110,38.3
2026-08-12T06:17:00.076,38.3
2026-08-12T06:22:00.078,38.3
2026-08-12T06:27:00.115,38.3
2026-08-12T06:32:00.080,38.3
2026-08-12T06:37:00.083,38.3
2026-08-12T06:42:00.105,38.3
2026-08-12T06:47:00.082,38.3
2026-08-12T06:52:00.080,38.3
2026-08-12T06:57:00.106,38.0
2026-08-12T07:02:00.075,38.0
2026-08-12T07:07:00.110,38.0
2026-08-12T07:12:00.082,38.0
2026-08-12T07:17:00.084,38.0
2026-08-12T07:22:00.112,38.0
2026-08-12T07:27:00.074,38.3
2026-08-12T07:32:00.079,38.3
2026-08-12T07:37:00.109,38.3
2026-08-12T07:42:00.080,38.3
2026-08-12T07:47:00.076,38.3
2026-08-12T07:52:00.106,38.3
2026-08-12T07:57:00.079,38.3
2026-08-12T08:02:00.076,38.3
2026-08-12T08:07:00.105,38.0
2026-08-12T08:12:00.082,38.0
2026-08-12T08:17:00.080,37.7
2026-08-12T08:22:00.105,37.7
2026-08-12T08:27:00.076,37.3
2026-08-12T08:32:00.077,37.0
2026-08-12T08:37:00.114,36.7
2026-08-12T08:42:00.078,36.4
2026-08-12T08:47:00.111,36.4
2026-08-12T08:52:00.082,36.0
2026-08-12T08:57:00.083,36.0
2026-08-12T09:02:00.106,36.0
2026-08-12T09:07:00.085,36.0
2026-08-12T09:12:00.084,36.0
2026-08-12T09:17:00.107,36.0
2026-08-12T09:22:00.078,36.0
2026-08-12T09:27:00.080,36.0
2026-08-12T09:32:00.111,36.0
2026-08-12T09:37:00.082,36.0
2026-08-12T09:42:00.084,36.0
2026-08-12T09:47:00.111,36.0
2026-08-12T09:52:00.080,35.7
2026-08-12T09:57:00.075,35.7
2026-08-12T10:02:00.113,35.4
2026-08-12T10:07:00.078,35.1
2026-08-12T10:12:00.109,35.1
2026-08-12T10:17:00.075,34.8
2026-08-12T10:22:00.083,34.8
2026-08-12T10:27:00.111,34.8
2026-08-12T10:32:00.085,34.8
2026-08-12T10:37:00.085,34.8
2026-08-12T10:42:00.110,34.8
2026-08-12T10:47:00.081,34.8
2026-08-12T10:52:00.084,34.8
2026-08-12T10:57:00.108,35.1
2026-08-12T11:02:00.076,35.1
2026-08-12T11:07:00.082,35.1
2026-08-12T11:12:00.109,35.1
2026-08-12T11:17:00.081,35.1
2026-08-12T11:22:00.081,35.1
2026-08-12T11:27:00.110,35.1
2026-08-12T11:32:00.083,35.1
2026-08-12T11:37:00.107,35.1
2026-08-12T11:42:00.084,35.1
2026-08-12T11:47:00.079,35.1
2026-08-12T11:52:00.112,35.1
2026-08-12T11:57:00.084,35.4
2026-08-12T12:02:00.079,35.4
2026-08-12T12:07:00.106,35.4
2026-08-12T12:12:00.076,35.4
2026-08-12T12:17:00.074,35.4
2026-08-12T12:22:00.104,35.4
2026-08-12T12:27:00.072,35.4
2026-08-12T12:32:00.078,35.4
2026-08-12T12:37:00.109,35.4
2026-08-12T12:42:00.077,35.4
2026-08-12T12:47:00.074,35.4
2026-08-12T12:52:00.107,35.7
2026-08-12T12:57:00.078,35.4
2026-08-13T01:57:00.075,42.2
2026-08-13T02:02:00.080,41.9
2026-08-13T02:07:00.107,41.9
2026-08-13T02:12:00.074,41.2
2026-08-13T02:17:00.075,41.2
2026-08-13T02:22:00.110,41.2
2026-08-13T02:27:00.079,40.9
2026-08-13T02:32:00.074,40.9
2026-08-13T02:37:00.102,40.9
2026-08-13T02:42:00.082,40.6
2026-08-13T02:47:00.078,40.6
2026-08-13T02:52:00.112,40.2
2026-08-13T02:57:00.077,40.6
2026-08-13T03:02:00.108,40.2
2026-08-13T03:07:00.079,40.2
2026-08-13T03:12:00.083,40.2
2026-08-13T03:17:00.113,40.2
2026-08-13T03:22:00.076,39.9
2026-08-13T03:27:00.084,39.9
2026-08-13T03:32:00.106,39.9
2026-08-13T03:37:00.081,39.9
2026-08-13T03:42:00.081,39.9
2026-08-13T03:47:00.108,39.9
2026-08-13T03:52:00.074,39.9
2026-08-13T03:57:00.082,39.9
2026-08-13T04:02:00.111,39.9
2026-08-13T04:07:00.081,40.2
2026-08-13T04:12:00.078,40.2
2026-08-13T04:17:00.111,39.9
2026-08-13T04:22:00.084,39.9
2026-08-13T04:27:00.113,39.9
2026-08-13T04:32:00.082,39.6
2026-08-13T04:37:00.076,39.3
2026-08-13T04:42:00.106,39.3
2026-08-13T04:47:00.075,39.3
2026-08-13T04:52:00.080,39.3
2026-08-13T04:57:00.108,39.3
2026-08-13T05:02:00.076,39.0
2026-08-13T05:07:00.077,39.0
2026-08-13T05:12:00.108,39.0
2026-08-13T05:17:00.075,39.0
2026-08-13T05:22:00.080,39.0
2026-08-13T05:27:00.107,39.0
2026-08-13T05:32:00.082,39.0
2026-08-13T05:37:00.081,39.0
2026-08-13T05:42:00.106,39.0
2026-08-13T05:47:00.081,39.0
2026-08-13T05:52:00.083,39.0
2026-08-13T05:57:00.112,39.3
2026-08-13T06:02:00.083,39.3
2026-08-13T06:07:00.106,39.3
2026-08-13T06:12:00.075,39.3
2026-08-13T06:17:00.074,39.3
2026-08-13T06:22:00.105,39.3
2026-08-13T06:27:00.082,39.3
2026-08-13T06:32:00.084,39.3
2026-08-13T06:37:00.112,39.6
2026-08-13T06:42:00.074,39.6
2026-08-13T06:47:00.082,39.6
2026-08-13T06:52:00.112,39.6
2026-08-13T06:57:00.076,39.3
2026-08-13T07:02:00.084,39.6
2026-08-13T07:07:00.107,39.3
2026-08-13T07:12:00.082,39.3
2026-08-13T07:17:00.083,39.3
2026-08-13T07:22:00.114,39.3
2026-08-13T07:27:00.080,39.3
2026-08-13T07:32:00.105,39.3
2026-08-13T07:37:00.076,39.6
2026-08-13T07:42:00.076,39.6
2026-08-13T07:47:00.109,39.6
2026-08-13T07:52:00.081,39.6
2026-08-13T07:57:00.082,39.3
2026-08-13T08:02:00.106,39.0
2026-08-13T08:07:00.085,38.6
2026-08-13T08:12:00.076,38.3
2026-08-13T08:17:00.107,38.3
2026-08-13T08:22:00.079,38.0
2026-08-13T08:27:00.079,37.7
2026-08-13T08:32:00.105,37.7
2026-08-13T08:37:00.077,37.3
2026-08-13T08:42:00.079,37.0
2026-08-13T08:47:00.106,37.0
2026-08-13T08:52:00.075,36.7
2026-08-13T08:57:00.079,36.7
2026-08-13T09:02:00.108,36.4
2026-08-13T09:07:00.076,36.4
2026-08-13T09:12:00.106,36.0
2026-08-13T09:17:00.084,35.7
2026-08-13T09:22:00.080,35.7
2026-08-13T09:27:00.107,35.4
2026-08-13T09:32:00.081,35.1
2026-08-13T09:37:00.078,35.1
2026-08-13T09:42:00.113,34.8
2026-08-13T09:47:00.076,34.4
2026-08-13T09:52:00.080,34.1
2026-08-13T09:57:00.111,33.8
2026-08-13T10:02:00.081,33.5
2026-08-13T10:07:00.077,33.5
2026-08-13T10:12:00.112,33.1
2026-08-13T10:17:00.085,33.1
2026-08-13T10:22:00.082,32.8
2026-08-13T10:27:00.111,32.8
2026-08-13T10:32:00.078,32.8
2026-08-13T10:37:00.101,32.5
2026-08-13T10:42:00.083,32.5
2026-08-13T10:47:00.080,32.8
2026-08-13T10:52:00.111,32.8
2026-08-13T10:57:00.080,32.8
2026-08-13T11:02:00.075,32.8
2026-08-13T11:07:00.114,33.1
2026-08-13T11:12:00.076,33.1
2026-08-13T11:17:00.082,33.1
2026-08-13T11:22:00.107,33.5
2026-08-13T11:27:00.083,33.5
2026-08-13T11:32:00.081,33.5
2026-08-13T11:37:00.108,33.8
2026-08-13T11:42:00.082,33.8
2026-08-13T11:47:00.077,33.8
2026-08-13T11:52:00.114,34.1
2026-08-13T11:57:00.074,34.1
2026-08-13T12:02:00.109,34.1
2026-08-13T12:07:00.084,34.4
2026-08-13T12:12:00.082,34.4
2026-08-13T12:17:00.108,34.4
2026-08-13T12:22:00.075,34.4
2026-08-13T12:27:00.076,34.4
2026-08-13T12:32:00.108,34.4
2026-08-13T12:37:00.076,34.1
2026-08-13T12:42:00.080,34.4
2026-08-13T12:47:00.109,34.1
2026-08-13T12:52:00.076,34.4
2026-08-14T01:53:00.077,37.7
2026-08-14T01:58:00.106,37.7
2026-08-14T02:03:00.076,37.3
2026-08-14T02:08:00.077,37.0
2026-08-14T02:13:00.103,37.0
2026-08-14T02:18:00.072,37.0
2026-08-14T02:23:00.079,37.0
2026-08-14T02:28:00.104,37.0
2026-08-14T02:33:00.079,37.0
2026-08-14T02:38:00.082,37.0
2026-08-14T02:43:00.111,37.0
2026-08-14T02:48:00.077,37.0
2026-08-14T02:53:00.108,37.0
2026-08-14T02:58:00.077,36.7
2026-08-14T03:03:00.081,36.7
2026-08-14T03:08:00.112,36.7
2026-08-14T03:13:00.083,36.7
2026-08-14T03:18:00.078,36.7
2026-08-14T03:23:00.109,36.7
2026-08-14T03:28:00.081,36.7
2026-08-14T03:33:00.083,36.7
2026-08-14T03:38:00.106,36.7
2026-08-14T03:43:00.084,36.7
2026-08-14T03:48:00.084,36.7
2026-08-14T03:53:00.107,36.7
2026-08-14T03:58:00.080,36.4
2026-08-14T04:03:00.078,36.4
2026-08-14T04:08:00.112,36.4
2026-08-14T04:13:00.082,36.4
2026-08-14T04:18:00.109,36.4
2026-08-14T04:23:00.080,36.4
2026-08-14T04:28:00.076,36.0
2026-08-14T04:33:00.109,36.0
2026-08-14T04:38:00.079,36.0
2026-08-14T04:43:00.080,36.0
2026-08-14T04:48:00.115,36.0
2026-08-14T04:53:00.079,36.0
2026-08-14T04:58:00.081,36.0
2026-08-14T05:03:00.109,36.0
2026-08-14T05:08:00.079,36.0
2026-08-14T05:13:00.077,36.0
2026-08-14T05:18:00.113,36.4
2026-08-14T05:23:00.078,36.4
2026-08-14T05:28:00.082,36.4
2026-08-14T05:33:00.110,36.4
2026-08-14T05:38:00.079,36.4
2026-08-14T05:43:00.114,36.4
2026-08-14T05:48:00.082,36.4
2026-08-14T05:53:00.081,36.4
2026-08-14T05:58:00.112,36.4
2026-08-14T06:03:00.075,36.4
2026-08-14T06:08:00.084,36.0
2026-08-14T06:13:00.112,36.0
2026-08-14T06:18:00.076,35.7
2026-08-14T06:23:00.082,35.7
2026-08-14T06:28:00.107,35.7
2026-08-14T06:33:00.075,35.7
2026-08-14T06:38:00.077,35.7
2026-08-14T06:43:00.107,35.7
2026-08-14T06:48:00.079,35.4
2026-08-14T06:53:00.075,35.4
2026-08-14T06:58:00.114,35.4
2026-08-14T07:03:00.077,35.4
2026-08-14T07:08:00.075,35.4
2026-08-14T07:13:00.105,35.4
2026-08-14T07:18:00.083,35.4
2026-08-14T07:23:00.103,35.4
2026-08-14T07:28:00.076,35.4
2026-08-14T07:33:00.082,35.4
2026-08-14T07:38:00.113,35.4
2026-08-14T07:43:00.076,35.4
2026-08-14T07:48:00.078,35.7
2026-08-14T07:53:00.110,35.7
2026-08-14T07:58:00.078,35.7
2026-08-14T08:03:00.081,35.7
2026-08-14T08:08:00.112,35.7
2026-08-14T08:13:00.075,35.7
2026-08-14T08:18:00.074,35.7
2026-08-14T08:23:00.110,36.0
2026-08-14T08:28:00.081,36.0
2026-08-14T08:33:00.079,36.0
2026-08-14T08:38:00.112,36.0
2026-08-14T08:43:00.078,36.0
2026-08-14T08:48:00.108,36.0
2026-08-14T08:53:00.082,36.0
2026-08-14T08:58:00.081,36.0
2026-08-14T09:03:00.109,36.0
2026-08-14T09:08:00.083,36.0
2026-08-14T09:13:00.085,36.0
2026-08-14T09:18:00.113,36.4
2026-08-14T09:23:00.081,36.4
2026-08-14T09:28:00.080,36.4
2026-08-14T09:33:00.112,36.4
2026-08-14T09:38:00.080,36.4
2026-08-14T09:43:00.075,36.4
2026-08-14T09:48:00.109,36.4
2026-08-14T09:53:00.080,36.4
2026-08-14T09:58:00.078,36.4
2026-08-14T10:03:00.114,36.4
2026-08-14T10:08:00.078,36.4
2026-08-14T10:13:00.075,36.4
2026-08-14T10:18:00.115,36.4
2026-08-14T10:23:00.083,36.4
2026-08-14T10:28:00.108,36.4
2026-08-14T10:33:00.081,36.4
2026-08-14T10:38:00.075,36.0
2026-08-14T10:43:00.111,36.0
2026-08-14T10:48:00.074,36.0
2026-08-14T10:53:00.074,35.7
2026-08-14T10:58:00.106,35.7
2026-08-14T11:03:00.081,36.0
2026-08-14T11:08:00.080,35.7
2026-08-14T11:13:00.108,35.7
2026-08-14T11:18:00.082,35.7
2026-08-14T11:23:00.079,35.7
2026-08-14T11:28:00.114,35.7
2026-08-14T11:33:00.078,35.7
2026-08-14T11:38:00.077,35.7
2026-08-14T11:43:00.113,35.7
2026-08-14T11:48:00.079,35.4
2026-08-14T11:53:00.115,35.4
2026-08-14T11:58:00.076,35.1
2026-08-14T12:03:00.076,35.1
2026-08-14T12:08:00.109,35.1
2026-08-14T12:13:00.078,34.8
2026-08-14T12:18:00.082,34.8
2026-08-14T12:23:00.101,34.8
2026-08-14T12:28:00.081,34.8
2026-08-14T12:33:00.082,34.8
2026-08-14T12:38:00.111,34.4
2026-08-14T12:43:00.078,34.4
2026-08-14T12:48:00.082,34.4
2026-08-14T12:53:00.106,34.8
2026-08-15T02:02:00.104,41.9
2026-08-15T02:07:00.081,41.5
2026-08-15T02:12:00.112,41.2
2026-08-15T02:17:00.073,40.9
2026-08-15T02:22:00.082,40.9
2026-08-15T02:27:00.109,40.6
2026-08-15T02:32:00.072,40.2
2026-08-15T02:37:00.076,39.9
2026-08-15T02:42:00.110,39.9
2026-08-15T02:47:00.078,39.9
2026-08-15T02:52:00.078,39.6
2026-08-15T02:57:00.113,39.6
2026-08-15T03:02:00.077,39.3
2026-08-15T03:07:00.080,39.3
2026-08-15T03:12:00.107,39.3
2026-08-15T03:17:00.084,39.3
2026-08-15T03:22:00.078,39.3
2026-08-15T03:27:00.112,39.3
2026-08-15T03:32:00.082,39.3
2026-08-15T03:37:00.080,39.3
2026-08-15T03:42:00.112,39.3
2026-08-15T03:47:00.080,39.3
2026-08-15T03:52:00.113,39.3
2026-08-15T03:57:00.076,39.0
2026-08-15T04:02:00.081,39.0
2026-08-15T04:07:00.109,39.0
2026-08-15T04:12:00.077,39.0
2026-08-15T04:17:00.078,39.0
2026-08-15T04:22:00.112,39.0
2026-08-15T04:27:00.076,39.0
2026-08-15T04:32:00.084,39.0
2026-08-15T04:37:00.113,38.6
2026-08-15T04:42:00.081,38.6
2026-08-15T04:47:00.083,38.6
2026-08-15T04:52:00.108,38.6
2026-08-15T04:57:00.077,38.6
2026-08-15T05:02:00.083,38.3
2026-08-15T05:07:00.106,38.3
2026-08-15T05:12:00.083,38.3
2026-08-15T05:17:00.111,38.3
2026-08-15T05:22:00.080,38.3
2026-08-15T05:27:00.079,38.0
2026-08-15T05:32:00.108,38.0
2026-08-15T05:37:00.078,37.7
2026-08-15T05:42:00.080,37.7
2026-08-15T05:47:00.110,37.7
2026-08-15T05:52:00.075,37.7
2026-08-15T05:57:00.084,37.7
2026-08-15T06:02:00.113,37.7
2026-08-15T06:07:00.077,37.7
2026-08-15T06:12:00.079,37.7
2026-08-15T06:17:00.114,37.3
2026-08-15T06:22:00.082,37.3
2026-08-15T06:27:00.081,37.3
2026-08-15T06:32:00.114,37.3
2026-08-15T06:37:00.075,37.3
2026-08-15T06:42:00.081,37.3
2026-08-15T06:47:00.112,37.3
2026-08-15T06:52:00.081,37.3
2026-08-15T06:57:00.113,37.7
2026-08-15T07:02:00.083,37.7
2026-08-15T07:07:00.085,37.7
2026-08-15T07:12:00.108,37.7
2026-08-15T07:17:00.083,37.7
2026-08-15T07:22:00.084,37.7
2026-08-15T07:27:00.110,37.7
2026-08-15T07:32:00.078,37.7
2026-08-15T07:37:00.080,37.7
2026-08-15T07:42:00.108,37.7
2026-08-15T07:47:00.079,37.7
2026-08-15T07:52:00.077,37.7
2026-08-15T07:57:00.112,37.3
2026-08-15T08:02:00.077,37.3
2026-08-15T08:07:00.080,37.3
2026-08-15T08:12:00.109,37.3
2026-08-15T08:17:00.076,37.3
2026-08-15T08:22:00.107,37.3
2026-08-15T08:27:00.083,37.3
2026-08-15T08:32:00.080,37.3
2026-08-15T08:37:00.111,37.3
2026-08-15T08:42:00.075,37.3
2026-08-15T08:47:00.078,37.3
2026-08-15T08:52:00.107,37.3
2026-08-15T08:57:00.085,37.3
2026-08-15T09:02:00.076,37.3
2026-08-15T09:07:00.114,37.3
2026-08-15T09:12:00.082,37.3
2026-08-15T09:17:00.076,37.3
2026-08-15T09:22:00.108,37.3
2026-08-15T09:27:00.077,37.3
2026-08-15T09:32:00.083,37.0
2026-08-15T09:37:00.113,37.0
2026-08-15T09:42:00.083,37.0
2026-08-15T09:47:00.106,37.0
2026-08-15T09:52:00.083,36.7
2026-08-15T09:57:00.074,36.7
2026-08-15T10:02:00.105,36.7
2026-08-15T10:07:00.077,36.4
2026-08-15T10:12:00.080,36.4
2026-08-15T10:17:00.113,36.4
2026-08-15T10:22:00.076,36.4
2026-08-15T10:27:00.082,36.0
2026-08-15T10:32:00.107,36.0
2026-08-15T10:37:00.081,36.0
2026-08-15T10:42:00.084,36.0
2026-08-15T10:47:00.106,36.0
2026-08-15T10:52:00.076,35.7
2026-08-15T10:57:00.080,35.7
2026-08-15T11:02:00.109,35.7
2026-08-15T11:07:00.076,35.7
2026-08-15T11:12:00.083,35.7
2026-08-15T11:17:00.110,35.7
2026-08-15T11:22:00.083,35.7
2026-08-15T11:27:00.109,35.7
2026-08-15T11:32:00.078,35.7
2026-08-15T11:37:00.078,35.7
2026-08-15T11:42:00.106,36.0
2026-08-15T11:47:00.077,36.0
2026-08-15T11:52:00.083,36.0
2026-08-15T11:57:00.112,36.0
2026-08-15T12:02:00.083,36.0
2026-08-15T12:07:00.084,36.0
2026-08-15T12:12:00.109,36.0
2026-08-15T12:17:00.077,36.0
2026-08-15T12:22:00.082,36.0
2026-08-15T12:27:00.112,36.0
2026-08-15T12:32:00.074,36.0
2026-08-15T12:37:00.082,36.0
2026-08-15T12:42:00.111,35.7
2026-08-15T12:47:00.081,35.7
2026-08-15T12:52:00.103,36.0
2026-08-16T02:02:00.080,45.4
2026-08-16T02:07:00.075,44.8
2026-08-16T02:12:00.109,44.4
2026-08-16T02:17:00.075,43.8
2026-08-16T02:22:00.104,43.5
2026-08-16T02:27:00.075,43.1
2026-08-16T02:32:00.078,42.8
2026-08-16T02:37:00.102,42.5
2026-08-16T02:42:00.081,42.2
2026-08-16T02:47:00.082,42.2
2026-08-16T02:52:00.106,41.9
2026-08-16T02:57:00.078,41.9
2026-08-16T03:02:00.080,41.5
2026-08-16T03:07:00.110,41.5
2026-08-16T03:12:00.075,41.5
2026-08-16T03:17:00.079,41.2
2026-08-16T03:22:00.105,41.2
2026-08-16T03:27:00.083,41.2
2026-08-16T03:32:00.076,41.2
2026-08-16T03:37:00.111,41.2
2026-08-16T03:42:00.077,40.9
2026-08-16T03:47:00.079,40.9
2026-08-16T03:52:00.110,40.9
2026-08-16T03:57:00.081,40.9
2026-08-16T04:02:00.109,40.9
2026-08-16T04:07:00.082,40.9
2026-08-16T04:12:00.075,40.9
2026-08-16T04:17:00.107,40.9
2026-08-16T04:22:00.079,40.6
2026-08-16T04:27:00.085,40.6
2026-08-16T04:32:00.109,40.9
2026-08-16T04:37:00.078,40.9
2026-08-16T04:42:00.084,40.9
2026-08-16T04:47:00.112,40.6
2026-08-16T04:52:00.079,40.6
2026-08-16T04:57:00.079,40.6
2026-08-16T05:02:00.107,40.6
2026-08-16T05:07:00.076,40.6
2026-08-16T05:12:00.076,40.6
2026-08-16T05:17:00.114,40.2
2026-08-16T05:22:00.079,40.2
2026-08-16T05:27:00.109,39.9
2026-08-16T05:32:00.081,39.9
2026-08-16T05:37:00.079,39.9
2026-08-16T05:42:00.114,39.6
2026-08-16T05:47:00.082,39.6
2026-08-16T05:52:00.079,39.3
2026-08-16T05:57:00.107,39.3
2026-08-16T06:02:00.080,39.0
2026-08-16T06:07:00.076,39.0
2026-08-16T06:12:00.112,39.0
2026-08-16T06:17:00.083,39.0
2026-08-16T06:22:00.081,39.0
2026-08-16T06:27:00.113,39.0
2026-08-16T06:32:00.078,39.0
2026-08-16T06:37:00.084,39.0
2026-08-16T06:42:00.106,39.0
2026-08-16T06:47:00.083,39.0
2026-08-16T06:52:00.078,39.0
2026-08-16T06:57:00.109,39.0
2026-08-16T07:02:00.083,39.0
2026-08-16T07:07:00.113,39.0
2026-08-16T07:12:00.078,38.6
2026-08-16T07:17:00.084,38.6
2026-08-16T07:22:00.113,38.6
2026-08-16T07:27:00.074,38.6
2026-08-16T07:32:00.078,38.6
2026-08-16T07:37:00.112,38.6
2026-08-16T07:42:00.082,38.6
2026-08-16T07:47:00.082,38.6
2026-08-16T07:52:00.109,38.6
2026-08-16T07:57:00.080,38.6
2026-08-16T08:02:00.078,38.6
2026-08-16T08:07:00.104,38.6
2026-08-16T08:12:00.082,38.3
2026-08-16T08:17:00.080,38.3
2026-08-16T08:22:00.106,38.0
2026-08-16T08:27:00.084,38.0
2026-08-16T08:32:00.106,37.7
2026-08-16T08:37:00.082,37.3
2026-08-16T08:42:00.077,37.3
2026-08-16T08:47:00.110,37.0
2026-08-16T08:52:00.082,37.0
2026-08-16T08:57:00.082,37.0
2026-08-16T09:02:00.107,37.0
2026-08-16T09:07:00.083,37.0
2026-08-16T09:12:00.081,37.0
2026-08-16T09:17:00.107,37.0
2026-08-16T09:22:00.075,37.0
2026-08-16T09:27:00.076,36.7
2026-08-16T09:32:00.112,36.7
2026-08-16T09:37:00.081,36.7
2026-08-16T09:42:00.083,36.7
2026-08-16T09:47:00.105,36.7
2026-08-16T09:52:00.083,36.7
2026-08-16T09:57:00.077,36.7
2026-08-16T10:02:00.105,36.7
2026-08-16T10:07:00.078,36.7
2026-08-16T10:12:00.105,36.7
2026-08-16T10:17:00.075,36.7
2026-08-16T10:22:00.080,36.7
2026-08-16T10:27:00.108,36.7
2026-08-16T10:32:00.081,37.0
2026-08-16T10:37:00.084,37.0
2026-08-16T10:42:00.107,37.0
2026-08-16T10:47:00.079,37.0
2026-08-16T10:52:00.077,37.0
2026-08-16T10:57:00.107,37.0
2026-08-16T11:02:00.076,37.0
2026-08-16T11:07:00.083,37.0
2026-08-16T11:12:00.105,37.0
2026-08-16T11:17:00.082,37.0
2026-08-16T11:22:00.081,37.0
2026-08-16T11:27:00.109,37.0
2026-08-16T11:32:00.081,37.0
2026-08-16T11:37:00.109,37.0
2026-08-16T11:42:00.081,37.0
2026-08-16T11:47:00.077,37.0
2026-08-16T11:52:00.107,37.0
2026-08-16T11:57:00.075,37.0
2026-08-16T12:02:00.076,37.0
2026-08-16T12:07:00.111,37.0
2026-08-16T12:12:00.080,37.0
2026-08-16T12:17:00.079,37.0
2026-08-16T12:22:00.105,36.7
2026-08-16T12:27:00.080,36.7
2026-08-16T12:32:00.080,36.4
2026-08-16T12:37:00.106,36.4
2026-08-16T12:42:00.080,36.0
2026-08-16T12:47:00.079,36.0
2026-08-16T12:52:00.108,36.4
2026-08-17T01:57:00.082,50.6
2026-08-17T02:02:00.075,49.9
2026-08-17T02:07:00.103,49.3
2026-08-17T02:12:00.076,48.6
2026-08-17T02:17:00.075,47.7
2026-08-17T02:22:00.109,47.3
2026-08-17T02:27:00.075,46.7
2026-08-17T02:32:00.111,46.4
2026-08-17T02:37:00.074,46.0
2026-08-17T02:42:00.081,45.7
2026-08-17T02:47:00.108,45.4
2026-08-17T02:52:00.084,45.4
2026-08-17T02:57:00.081,45.1
2026-08-17T03:02:00.105,44.8
2026-08-17T03:07:00.079,44.8
2026-08-17T03:12:00.077,44.4
2026-08-17T03:17:00.107,44.1
2026-08-17T03:22:00.076,43.8
2026-08-17T03:27:00.078,43.5
2026-08-17T03:32:00.113,43.1
2026-08-17T03:37:00.078,42.8
2026-08-17T03:42:00.083,42.8
2026-08-17T03:47:00.109,42.5
2026-08-17T03:52:00.080,42.5
2026-08-17T03:57:00.080,42.2
2026-08-17T04:02:00.110,42.2
2026-08-17T04:07:00.075,42.2
2026-08-17T04:12:00.104,41.9
2026-08-17T04:17:00.077,41.9
2026-08-17T04:22:00.078,41.9
2026-08-17T04:27:00.113,41.9
2026-08-17T04:32:00.075,41.9
2026-08-17T04:37:00.075,41.5
2026-08-17T04:42:00.107,41.5
2026-08-17T04:47:00.080,41.5
2026-08-17T04:52:00.075,41.5
2026-08-17T04:57:00.114,41.5
2026-08-17T05:02:00.078,41.5
2026-08-17T05:07:00.083,41.2
2026-08-17T05:12:00.107,41.2
2026-08-17T05:17:00.079,41.2
2026-08-17T05:22:00.075,41.2
2026-08-17T05:27:00.108,40.9
2026-08-17T05:32:00.081,40.9
2026-08-17T05:37:00.106,40.9
2026-08-17T05:42:00.079,40.9
2026-08-17T05:47:00.082,40.9
2026-08-17T05:52:00.108,40.9
2026-08-17T05:57:00.083,40.9
2026-08-17T06:02:00.082,40.9
2026-08-17T06:07:00.111,40.9
2026-08-17T06:12:00.079,40.9
2026-08-17T06:17:00.076,40.9
2026-08-17T06:22:00.110,40.9
2026-08-17T06:27:00.081,40.9
2026-08-17T06:32:00.082,40.9
2026-08-17T06:37:00.110,40.9
2026-08-17T06:42:00.082,40.9
2026-08-17T06:47:00.078,40.6
2026-08-17T06:52:00.105,40.6
2026-08-17T06:57:00.077,40.6
2026-08-17T07:02:00.079,40.6
2026-08-17T07:07:00.113,40.6
2026-08-17T07:12:00.074,40.6
2026-08-17T07:17:00.109,40.2
2026-08-17T07:22:00.076,40.2
2026-08-17T07:27:00.080,40.2
2026-08-17T07:32:00.111,40.2
2026-08-17T07:37:00.081,40.2
2026-08-17T07:42:00.082,40.2
2026-08-17T07:47:00.106,40.2
2026-08-17T07:52:00.078,40.2
2026-08-17T07:57:00.079,40.2
2026-08-17T08:02:00.112,40.2
2026-08-17T08:07:00.081,40.2
2026-08-17T08:12:00.082,40.2
2026-08-17T08:17:00.109,40.2
2026-08-17T08:22:00.085,40.2
2026-08-17T08:27:00.084,40.2
2026-08-17T08:32:00.110,40.2
2026-08-17T08:37:00.076,40.2
2026-08-17T08:42:00.110,40.2
2026-08-17T08:47:00.084,40.2
2026-08-17T08:52:00.084,39.9
2026-08-17T08:57:00.106,39.9
2026-08-17T09:02:00.084,39.9
2026-08-17T09:07:00.076,39.6
2026-08-17T09:12:00.105,39.6
2026-08-17T09:17:00.076,39.6
2026-08-17T09:22:00.082,39.6
2026-08-17T09:27:00.112,39.6
2026-08-17T09:32:00.083,39.6
2026-08-17T09:37:00.077,39.6
2026-08-17T09:42:00.107,39.6
2026-08-17T09:47:00.080,39.9
2026-08-17T09:52:00.076,39.9
2026-08-17T09:57:00.106,39.6
2026-08-17T10:02:00.084,39.6
2026-08-17T10:07:00.077,39.6
2026-08-17T10:12:00.104,39.6
2026-08-17T10:17:00.076,39.6
2026-08-17T10:22:00.110,39.3
2026-08-17T10:27:00.084,39.3
2026-08-17T10:32:00.081,39.3
2026-08-17T10:37:00.112,39.0
2026-08-17T10:42:00.082,39.0
2026-08-17T10:47:00.079,39.0
2026-08-17T10:52:00.110,39.0
2026-08-17T10:57:00.080,38.6
2026-08-17T11:02:00.076,38.6
2026-08-17T11:07:00.109,38.6
2026-08-17T11:12:00.078,39.0
2026-08-17T11:17:00.080,39.0
2026-08-17T11:22:00.111,39.0
2026-08-17T11:27:00.083,39.0
2026-08-17T11:32:00.078,39.0
2026-08-17T11:37:00.107,39.0
2026-08-17T11:42:00.084,39.0
2026-08-17T11:47:00.106,39.0
2026-08-17T11:52:00.075,39.0
2026-08-17T11:57:00.082,38.6
2026-08-17T12:02:00.114,38.6
2026-08-17T12:07:00.083,38.6
2026-08-17T12:12:00.084,38.6
2026-08-17T12:17:00.105,38.3
2026-08-17T12:22:00.077,38.3
2026-08-17T12:27:00.079,38.0
2026-08-17T12:32:00.108,38.0
2026-08-17T12:37:00.078,37.7
2026-08-17T12:42:00.075,37.7
2026-08-17T12:47:00.104,37.7
2026-08-17T12:52:00.074,37.7
2026-08-17T12:57:00.076,37.7
2026-08-18T01:57:00.080,52.2
2026-08-18T02:02:00.110,50.9
2026-08-18T02:07:00.079,49.9
2026-08-18T02:12:00.078,48.9
2026-08-18T02:17:00.104,48.0
2026-08-18T02:22:00.078,47.3
2026-08-18T02:27:00.073,46.7
2026-08-18T02:32:00.108,46.4
2026-08-18T02:37:00.072,45.7
2026-08-18T02:42:00.102,45.4
2026-08-18T02:47:00.080,45.1
2026-08-18T02:52:00.076,44.8
2026-08-18T02:57:00.109,44.8
2026-08-18T03:02:00.082,44.4
2026-08-18T03:07:00.080,44.4
2026-08-18T03:12:00.105,44.1
2026-08-18T03:17:00.080,44.1
2026-08-18T03:22:00.084,44.1
2026-08-18T03:27:00.114,43.8
2026-08-18T03:32:00.083,43.8
2026-08-18T03:37:00.083,43.8
2026-08-18T03:42:00.109,43.8
2026-08-18T03:47:00.081,43.5
2026-08-18T03:52:00.082,43.5
2026-08-18T03:57:00.107,43.5
2026-08-18T04:02:00.077,43.1
2026-08-18T04:07:00.108,43.1
2026-08-18T04:12:00.075,43.1
2026-08-18T04:17:00.085,42.8
2026-08-18T04:22:00.108,42.8
2026-08-18T04:27:00.077,42.8
2026-08-18T04:32:00.084,42.8
2026-08-18T04:37:00.108,42.8
2026-08-18T04:42:00.080,42.8
2026-08-18T04:47:00.081,42.8
2026-08-18T04:52:00.108,42.8
2026-08-18T04:57:00.082,43.1
2026-08-18T05:02:00.081,43.1
2026-08-18T05:07:00.107,43.1
2026-08-18T05:12:00.083,43.1
2026-08-18T05:17:00.079,43.1
2026-08-18T05:22:00.111,43.1
2026-08-18T05:27:00.080,42.8
2026-08-18T05:32:00.079,42.5
2026-08-18T05:37:00.109,42.5
2026-08-18T05:42:00.078,42.5
2026-08-18T05:47:00.107,42.2
2026-08-18T05:52:00.081,42.2
2026-08-18T05:57:00.076,42.2
2026-08-18T06:02:00.115,42.2
2026-08-18T06:07:00.075,42.2
2026-08-18T06:12:00.080,42.2
2026-08-18T06:17:00.108,42.5
2026-08-18T06:22:00.077,42.5
2026-08-18T06:27:00.078,42.5
2026-08-18T06:32:00.110,42.5
2026-08-18T06:37:00.075,42.2
2026-08-18T06:42:00.082,41.9
2026-08-18T06:47:00.108,41.9
2026-08-18T06:52:00.080,41.9
2026-08-18T06:57:00.075,41.5
2026-08-18T07:02:00.114,41.5
2026-08-18T07:07:00.082,41.2
2026-08-18T07:12:00.108,41.2
2026-08-18T07:17:00.082,41.2
2026-08-18T07:22:00.078,40.9
2026-08-18T07:27:00.113,41.2
2026-08-18T07:32:00.083,41.2
2026-08-18T07:37:00.081,41.2
2026-08-18T07:42:00.107,41.2
2026-08-18T07:47:00.082,40.9
2026-08-18T07:52:00.077,40.9
2026-08-18T07:57:00.109,40.6
2026-08-18T08:02:00.075,40.6
2026-08-18T08:07:00.078,40.2
2026-08-18T08:12:00.112,40.2
2026-08-18T08:17:00.076,40.2
2026-08-18T08:22:00.078,39.9
2026-08-18T08:27:00.112,40.2
2026-08-18T08:32:00.081,40.2
2026-08-18T08:37:00.084,40.2
2026-08-18T08:42:00.105,40.2
2026-08-18T08:47:00.081,39.9
2026-08-18T08:52:00.114,39.9
2026-08-18T08:57:00.083,39.9
2026-08-18T09:02:00.083,39.9
2026-08-18T09:07:00.108,39.9
2026-08-18T09:12:00.075,39.9
2026-08-18T09:17:00.083,39.6
2026-08-18T09:22:00.104,39.6
2026-08-18T09:27:00.081,39.6
2026-08-18T09:32:00.084,39.3
2026-08-18T09:37:00.111,39.3
2026-08-18T09:42:00.084,39.0
2026-08-18T09:47:00.079,38.6
2026-08-18T09:52:00.110,38.6
2026-08-18T09:57:00.078,38.6
2026-08-18T10:02:00.080,38.6
2026-08-18T10:07:00.109,38.6
2026-08-18T10:12:00.084,38.6
2026-08-18T10:17:00.110,38.6
2026-08-18T10:22:00.081,38.6
2026-08-18T10:27:00.083,39.0
2026-08-18T10:32:00.108,39.0
2026-08-18T10:37:00.084,39.0
2026-08-18T10:42:00.081,39.0
2026-08-18T10:47:00.113,39.3
2026-08-18T10:52:00.075,39.3
2026-08-18T10:57:00.079,39.3
2026-08-18T11:02:00.109,39.3
2026-08-18T11:07:00.082,39.6
2026-08-18T11:12:00.078,39.3
2026-08-18T11:17:00.108,39.3
2026-08-18T11:22:00.079,39.0
2026-08-18T11:27:00.080,39.0
2026-08-18T11:32:00.112,38.6
2026-08-18T11:37:00.078,38.6
2026-08-18T11:42:00.078,38.3
2026-08-18T11:47:00.112,38.3
2026-08-18T11:52:00.078,38.3
2026-08-18T11:57:00.108,38.0
2026-08-18T12:02:00.080,38.0
2026-08-18T12:07:00.083,37.7
2026-08-18T12:12:00.112,37.7
2026-08-18T12:17:00.084,37.3
2026-08-18T12:22:00.080,37.3
2026-08-18T12:27:00.110,37.0
2026-08-18T12:32:00.076,37.3
2026-08-18T12:37:00.079,37.3
2026-08-18T12:42:00.110,37.3
2026-08-18T12:47:00.072,37.3
2026-08-18T12:52:00.080,37.7
2026-08-18T12:57:00.110,37.7
2026-08-19T01:57:00.104,48.6
2026-08-19T02:02:00.077,48.0
2026-08-19T02:07:00.073,47.7
2026-08-19T02:12:00.103,47.0
2026-08-19T02:17:00.080,46.7
2026-08-19T02:22:00.074,46.0
2026-08-19T02:27:00.109,46.0
2026-08-19T02:32:00.074,45.7
2026-08-19T02:37:00.080,45.1
2026-08-19T02:42:00.112,45.1
2026-08-19T02:47:00.084,44.8
2026-08-19T02:52:00.107,44.4
2026-08-19T02:57:00.083,44.4
2026-08-19T03:02:00.082,44.1
2026-08-19T03:07:00.113,44.1
2026-08-19T03:12:00.077,43.8
2026-08-19T03:17:00.081,43.8
2026-08-19T03:22:00.111,43.8
2026-08-19T03:27:00.082,43.8
2026-08-19T03:32:00.075,43.8
2026-08-19T03:37:00.112,43.8
2026-08-19T03:42:00.085,43.8
2026-08-19T03:47:00.079,43.8
2026-08-19T03:52:00.113,43.8
2026-08-19T03:57:00.074,43.5
2026-08-19T04:02:00.081,43.5
2026-08-19T04:07:00.112,43.5
2026-08-19T04:12:00.083,43.5
2026-08-19T04:17:00.109,43.5
2026-08-19T04:22:00.084,43.8
2026-08-19T04:27:00.079,43.8
2026-08-19T04:32:00.108,43.8
2026-08-19T04:37:00.077,43.8
2026-08-19T04:42:00.082,43.8
2026-08-19T04:47:00.111,43.8
2026-08-19T04:52:00.084,43.8
2026-08-19T04:57:00.075,43.5
2026-08-19T05:02:00.107,43.5
2026-08-19T05:07:00.076,43.1
2026-08-19T05:12:00.082,43.1
2026-08-19T05:17:00.112,42.8
2026-08-19T05:22:00.080,42.8
2026-08-19T05:27:00.080,42.8
2026-08-19T05:32:00.105,42.5
2026-08-19T05:37:00.079,42.5
2026-08-19T05:42:00.077,42.5
2026-08-19T05:47:00.113,42.2
2026-08-19T05:52:00.075,42.2
2026-08-19T05:57:00.104,42.2
2026-08-19T06:02:00.079,41.9
2026-08-19T06:07:00.085,41.9
2026-08-19T06:12:00.109,41.9
2026-08-19T06:17:00.076,41.5
2026-08-19T06:22:00.083,41.5
2026-08-19T06:27:00.111,41.5
2026-08-19T06:32:00.075,41.5
2026-08-19T06:37:00.084,41.2
2026-08-19T06:42:00.108,41.2
2026-08-19T06:47:00.082,41.2
2026-08-19T06:52:00.083,41.2
2026-08-19T06:57:00.105,40.9
2026-08-19T07:02:00.078,40.9
2026-08-19T07:07:00.080,40.9
2026-08-19T07:12:00.106,40.9
2026-08-19T07:17:00.077,40.9
2026-08-19T07:22:00.104,40.9
2026-08-19T07:27:00.084,40.9
2026-08-19T07:32:00.075,40.9
2026-08-19T07:37:00.106,40.9
2026-08-19T07:42:00.080,40.9
2026-08-19T07:47:00.084,40.9
2026-08-19T07:52:00.105,40.9
2026-08-19T07:57:00.079,40.9
2026-08-19T08:02:00.082,40.9
2026-08-19T08:07:00.111,40.6
2026-08-19T08:12:00.082,40.6
2026-08-19T08:17:00.080,40.6
2026-08-19T08:22:00.107,40.6
2026-08-19T08:27:00.083,40.6
2026-08-19T08:32:00.083,40.2
2026-08-19T08:37:00.105,40.2
2026-08-19T08:42:00.079,39.9
2026-08-19T08:47:00.110,39.9
2026-08-19T08:52:00.075,39.6
2026-08-19T08:57:00.077,39.6
2026-08-19T09:02:00.114,39.6
2026-08-19T09:07:00.080,39.6
2026-08-19T09:12:00.080,39.6
2026-08-19T09:17:00.108,39.3
2026-08-19T09:22:00.077,39.3
2026-08-19T09:27:00.083,39.3
2026-08-19T09:32:00.114,39.3
2026-08-19T09:37:00.080,39.3
2026-08-19T09:42:00.078,39.3
2026-08-19T09:47:00.106,39.3
2026-08-19T09:52:00.075,39.3
2026-08-19T09:57:00.077,39.3
2026-08-19T10:02:00.103,39.3
2026-08-19T10:07:00.082,39.0
2026-08-19T10:12:00.082,39.0
2026-08-19T10:17:00.107,39.0
2026-08-19T10:22:00.078,39.0
2026-08-19T10:27:00.100,39.0
2026-08-19T10:32:00.084,39.0
2026-08-19T10:37:00.079,39.0
2026-08-19T10:42:00.110,39.0
2026-08-19T10:47:00.081,39.0
2026-08-19T10:52:00.081,39.0
2026-08-19T10:57:00.111,39.0
2026-08-19T11:02:00.081,38.6
2026-08-19T11:07:00.082,38.6
2026-08-19T11:12:00.115,38.6
2026-08-19T11:17:00.077,38.6
2026-08-19T11:22:00.078,38.6
2026-08-19T11:27:00.109,38.6
2026-08-19T11:32:00.076,38.6
2026-08-19T11:37:00.085,38.3
2026-08-19T11:42:00.111,38.3
2026-08-19T11:47:00.083,38.3
2026-08-19T11:52:00.109,38.3
2026-08-19T11:57:00.081,38.3
2026-08-19T12:02:00.078,38.0
2026-08-19T12:07:00.108,38.0
2026-08-19T12:12:00.078,38.0
2026-08-19T12:17:00.078,38.0
2026-08-19T12:22:00.104,37.7
2026-08-19T12:27:00.075,37.7
2026-08-19T12:32:00.075,37.7
2026-08-19T12:37:00.102,37.7
2026-08-19T12:42:00.072,37.7
2026-08-19T12:47:00.080,37.7
2026-08-19T12:52:00.111,37.7
2026-08-19T12:57:00.074,37.7
2026-08-20T01:17:00.108,39.0
2026-08-20T01:22:00.081,37.7
2026-08-20T01:27:00.079,36.4
2026-08-20T01:32:00.111,35.7
2026-08-20T01:37:00.080,34.8
2026-08-20T01:42:00.077,34.4
2026-08-20T01:47:00.109,34.1
2026-08-20T01:52:00.079,33.8
2026-08-20T01:57:00.078,33.8
2026-08-20T02:02:00.109,33.8
2026-08-20T02:07:00.073,33.8
2026-08-20T02:12:00.109,34.1
2026-08-20T02:17:00.079,34.4
2026-08-20T02:22:00.077,34.4
2026-08-20T02:27:00.113,34.4
2026-08-20T02:32:00.077,34.8
2026-08-20T02:37:00.081,34.8
2026-08-20T02:42:00.105,35.1
2026-08-20T02:47:00.078,35.1
2026-08-20T02:52:00.083,35.4
2026-08-20T02:57:00.113,35.4
2026-08-20T03:02:00.080,35.7
2026-08-20T03:07:00.078,36.0
2026-08-20T03:12:00.108,36.0
2026-08-20T03:17:00.078,36.4
2026-08-20T03:22:00.082,36.7
2026-08-20T03:27:00.110,36.7
2026-08-20T03:32:00.077,36.7
2026-08-20T03:37:00.077,37.0
2026-08-20T03:42:00.104,37.0
2026-08-20T03:47:00.077,37.0
2026-08-20T03:52:00.112,37.0
2026-08-20T03:57:00.080,37.0
2026-08-20T04:02:00.082,37.3
2026-08-20T04:07:00.108,37.3
2026-08-20T04:12:00.078,37.3
2026-08-20T04:17:00.080,37.3
2026-08-20T04:22:00.109,37.3
2026-08-20T04:27:00.077,37.3
2026-08-20T04:32:00.077,37.3
2026-08-20T04:37:00.111,37.3
2026-08-20T04:42:00.078,37.3
2026-08-20T04:47:00.077,37.0
2026-08-20T04:52:00.105,37.0
2026-08-20T04:57:00.081,37.0
2026-08-20T05:02:00.083,37.3
2026-08-20T05:07:00.112,37.3
2026-08-20T05:12:00.082,37.7
2026-08-20T05:17:00.111,37.7
2026-08-20T05:22:00.076,38.0
2026-08-20T05:27:00.081,38.0
2026-08-20T05:32:00.114,38.3
2026-08-20T05:37:00.083,38.3
2026-08-20T05:42:00.081,38.6
2026-08-20T05:47:00.110,38.6
2026-08-20T05:52:00.078,38.0
2026-08-20T05:57:00.085,37.7
2026-08-20T06:02:00.112,36.4
2026-08-20T06:07:00.078,35.7
2026-08-20T06:12:00.084,35.1
2026-08-20T06:17:00.106,34.8
2026-08-20T06:22:00.075,34.8
2026-08-20T06:27:00.083,34.4
2026-08-20T06:32:00.108,34.4
2026-08-20T06:37:00.075,34.4
2026-08-20T06:42:00.115,34.8
2026-08-20T06:47:00.083,34.8
2026-08-20T06:52:00.084,35.1
2026-08-20T06:57:00.113,35.1
2026-08-20T07:02:00.084,35.4
2026-08-20T07:07:00.084,35.7
2026-08-20T07:12:00.111,35.7
2026-08-20T07:17:00.084,36.0
2026-08-20T07:22:00.076,36.0
2026-08-20T07:27:00.107,36.4
2026-08-20T07:32:00.084,36.4
2026-08-20T07:37:00.084,36.4
2026-08-20T07:42:00.110,36.4
2026-08-20T07:47:00.083,36.7
2026-08-20T07:52:00.084,36.7
2026-08-20T07:57:00.105,36.7
2026-08-20T08:02:00.083,36.7
2026-08-20T08:07:00.083,36.7
2026-08-20T08:12:00.112,36.7
2026-08-20T08:17:00.082,36.7
2026-08-20T08:22:00.111,37.0
2026-08-20T08:27:00.075,37.0
2026-08-20T08:32:00.075,37.0
2026-08-20T08:37:00.111,37.0
2026-08-20T08:42:00.077,37.0
2026-08-20T08:47:00.077,37.0
2026-08-20T08:52:00.112,37.0
2026-08-20T08:57:00.079,37.0
2026-08-20T09:02:00.076,37.0
2026-08-20T09:07:00.108,37.0
2026-08-20T09:12:00.080,36.7
2026-08-20T09:17:00.078,36.7
2026-08-20T09:22:00.105,36.4
2026-08-20T09:27:00.085,36.4
2026-08-20T09:32:00.077,36.4
2026-08-20T09:37:00.112,36.0
2026-08-20T09:42:00.080,36.0
2026-08-20T09:47:00.076,36.0
2026-08-20T09:52:00.112,36.0
2026-08-20T09:57:00.075,36.0
2026-08-20T10:02:00.108,36.0
2026-08-20T10:07:00.075,36.0
2026-08-20T10:12:00.076,36.4
2026-08-20T10:17:00.113,36.0
2026-08-20T10:22:00.078,36.0
2026-08-20T10:27:00.084,36.0
2026-08-20T10:32:00.110,36.4
2026-08-20T10:37:00.082,36.4
2026-08-20T10:42:00.079,36.4
2026-08-20T10:47:00.108,36.4
2026-08-20T10:52:00.082,36.4
2026-08-20T10:57:00.082,36.4
2026-08-20T11:02:00.114,36.4
2026-08-20T11:07:00.076,36.4
2026-08-20T11:12:00.082,36.4
2026-08-20T11:17:00.105,36.4
2026-08-20T11:22:00.084,36.4
2026-08-20T11:27:00.105,36.0
2026-08-20T11:32:00.086,36.0
2026-08-20T11:37:00.078,36.0
2026-08-20T11:42:00.110,36.0
2026-08-20T11:47:00.080,36.0
2026-08-20T11:52:00.083,36.4
2026-08-20T11:57:00.112,36.4
2026-08-20T12:02:00.081,36.4
2026-08-20T12:07:00.078,36.4
2026-08-20T12:12:00.112,36.4
2026-08-20T12:17:00.081,36.4
2026-08-20T12:22:00.075,36.4
2026-08-20T12:27:00.111,36.4
2026-08-20T12:32:00.080,36.4
2026-08-20T12:37:00.073,36.0
2026-08-20T12:42:00.104,36.0
2026-08-20T12:47:00.079,36.0
2026-08-20T12:52:00.074,36.0
2026-08-20T12:57:00.108,35.7
2026-08-21T01:57:00.111,48.9
2026-08-21T02:02:00.075,48.3
2026-08-21T02:07:00.073,47.7
2026-08-21T02:12:00.109,47.0
2026-08-21T02:17:00.079,46.4
2026-08-21T02:22:00.077,45.7
2026-08-21T02:27:00.107,45.1
2026-08-21T02:32:00.074,44.8
2026-08-21T02:37:00.112,44.4
2026-08-21T02:42:00.080,44.1
2026-08-21T02:47:00.078,43.8
2026-08-21T02:52:00.114,43.5
2026-08-21T02:57:00.077,43.1
2026-08-21T03:02:00.080,43.1
2026-08-21T03:07:00.114,43.1
2026-08-21T03:12:00.076,42.8
2026-08-21T03:17:00.078,42.8
2026-08-21T03:22:00.108,42.5
2026-08-21T03:27:00.081,42.5
2026-08-21T03:32:00.082,42.2
2026-08-21T03:37:00.106,42.2
2026-08-21T03:42:00.082,41.9
2026-08-21T03:47:00.085,41.9
2026-08-21T03:52:00.111,41.5
2026-08-21T03:57:00.077,41.2
2026-08-21T04:02:00.108,41.2
2026-08-21T04:07:00.076,40.9
2026-08-21T04:12:00.075,40.9
2026-08-21T04:17:00.110,40.6
2026-08-21T04:22:00.079,40.6
2026-08-21T04:27:00.076,40.6
2026-08-21T04:32:00.112,40.2
2026-08-21T04:37:00.077,40.2
2026-08-21T04:42:00.079,40.2
2026-08-21T04:47:00.110,40.2
2026-08-21T04:52:00.077,40.2
2026-08-21T04:57:00.079,40.2
2026-08-21T05:02:00.112,40.2
2026-08-21T05:07:00.076,40.2
2026-08-21T05:12:00.085,40.2
2026-08-21T05:17:00.107,40.2
2026-08-21T05:22:00.075,40.2
2026-08-21T05:27:00.106,40.2
2026-08-21T05:32:00.075,39.9
2026-08-21T05:37:00.081,39.9
2026-08-21T05:42:00.114,39.9
2026-08-21T05:47:00.078,39.9
2026-08-21T05:52:00.077,39.9
2026-08-21T05:57:00.107,39.6
2026-08-21T06:02:00.081,39.6
2026-08-21T06:07:00.083,39.6
2026-08-21T06:12:00.112,39.3
2026-08-21T06:17:00.085,39.3
2026-08-21T06:22:00.082,39.3
2026-08-21T06:27:00.112,39.3
2026-08-21T06:32:00.079,39.0
2026-08-21T06:37:00.075,39.0
2026-08-21T06:42:00.113,39.0
2026-08-21T06:47:00.081,39.0
2026-08-21T06:52:00.083,39.0
2026-08-21T06:57:00.105,39.0
2026-08-21T07:02:00.075,39.0
2026-08-21T07:07:00.107,38.6
2026-08-21T07:12:00.085,38.6
2026-08-21T07:17:00.084,38.6
2026-08-21T07:22:00.113,38.6
2026-08-21T07:27:00.083,38.6
2026-08-21T07:32:00.084,38.6
2026-08-21T07:37:00.109,38.6
2026-08-21T07:42:00.082,38.6
2026-08-21T07:47:00.081,38.6
2026-08-21T07:52:00.113,38.6
2026-08-21T07:57:00.080,38.6
2026-08-21T08:02:00.079,38.6
2026-08-21T08:07:00.105,38.6
2026-08-21T08:12:00.078,38.3
2026-08-21T08:17:00.076,38.3
2026-08-21T08:22:00.107,38.3
2026-08-21T08:27:00.081,38.3
2026-08-21T08:32:00.112,38.3
2026-08-21T08:37:00.080,38.3
2026-08-21T08:42:00.080,38.0
2026-08-21T08:47:00.109,38.0
2026-08-21T08:52:00.078,38.0
2026-08-21T08:57:00.084,38.0
2026-08-21T09:02:00.113,38.0
2026-08-21T09:07:00.075,38.3
2026-08-21T09:12:00.081,38.0
2026-08-21T09:17:00.113,38.0
2026-08-21T09:22:00.083,38.0
2026-08-21T09:27:00.075,38.0
2026-08-21T09:32:00.105,38.0
2026-08-21T09:37:00.083,37.7
2026-08-21T09:42:00.082,37.7
2026-08-21T09:47:00.109,37.7
2026-08-21T09:52:00.076,37.7
2026-08-21T09:57:00.082,37.7
2026-08-21T10:02:00.107,37.3
2026-08-21T10:07:00.085,37.3
2026-08-21T10:12:00.113,37.3
2026-08-21T10:17:00.082,37.3
2026-08-21T10:22:00.079,37.3
2026-08-21T10:27:00.104,37.3
2026-08-21T10:32:00.079,37.3
2026-08-21T10:37:00.083,37.3
2026-08-21T10:42:00.104,37.3
2026-08-21T10:47:00.078,37.3
2026-08-21T10:52:00.076,37.3
2026-08-21T10:57:00.104,37.3
2026-08-21T11:02:00.084,37.3
2026-08-21T11:07:00.082,37.3
2026-08-21T11:12:00.107,37.3
2026-08-21T11:17:00.076,37.3
2026-08-21T11:22:00.080,37.3
2026-08-21T11:27:00.111,37.3
2026-08-21T11:32:00.085,37.3
2026-08-21T11:37:00.115,37.3
2026-08-21T11:42:00.082,37.3
2026-08-21T11:47:00.078,37.3
2026-08-21T11:52:00.105,37.3
2026-08-21T11:57:00.085,37.3
2026-08-21T12:02:00.082,37.3
2026-08-21T12:07:00.106,37.3
2026-08-21T12:12:00.083,37.3
2026-08-21T12:17:00.079,37.0
2026-08-21T12:22:00.107,37.0
2026-08-21T12:27:00.075,37.0
2026-08-21T12:32:00.083,37.0
2026-08-21T12:37:00.111,37.0
2026-08-21T12:42:00.073,37.0
2026-08-21T12:47:00.075,37.0
2026-08-21T12:52:00.106,37.0
2026-08-21T12:57:00.081,37.0
2026-08-22T01:47:00.102,43.5
2026-08-22T01:52:00.082,43.1
2026-08-22T01:57:00.107,43.1
2026-08-22T02:02:00.076,42.8
2026-08-22T02:07:00.074,42.5
2026-08-22T02:12:00.109,42.2
2026-08-22T02:17:00.073,42.2
2026-08-22T02:22:00.079,42.2
2026-08-22T02:27:00.107,41.9
2026-08-22T02:32:00.077,41.5
2026-08-22T02:37:00.085,41.5
2026-08-22T02:42:00.115,41.5
2026-08-22T02:47:00.081,41.5
2026-08-22T02:52:00.077,41.5
2026-08-22T02:57:00.109,41.5
2026-08-22T03:02:00.078,41.5
2026-08-22T03:07:00.084,41.2
2026-08-22T03:12:00.112,41.2
2026-08-22T03:17:00.077,41.2
2026-08-22T03:22:00.077,41.2
2026-08-22T03:27:00.111,40.9
2026-08-22T03:32:00.079,40.9
2026-08-22T03:37:00.105,40.9
2026-08-22T03:42:00.079,40.9
2026-08-22T03:47:00.077,40.9
2026-08-22T03:52:00.113,40.6
2026-08-22T03:57:00.075,40.6
2026-08-22T04:02:00.075,40.6
2026-08-22T04:07:00.106,40.6
2026-08-22T04:12:00.080,40.6
2026-08-22T04:17:00.081,40.6
2026-08-22T04:22:00.108,40.6
2026-08-22T04:27:00.075,40.6
2026-08-22T04:32:00.080,40.6
2026-08-22T04:37:00.106,40.6
2026-08-22T04:42:00.084,40.6
2026-08-22T04:47:00.079,40.6
2026-08-22T04:52:00.114,40.6
2026-08-22T04:57:00.082,40.6
2026-08-22T05:02:00.104,40.6
2026-08-22T05:07:00.075,40.6
2026-08-22T05:12:00.078,40.6
2026-08-22T05:17:00.113,40.6
2026-08-22T05:22:00.084,40.6
2026-08-22T05:27:00.084,40.6
2026-08-22T05:32:00.115,40.6
2026-08-22T05:37:00.076,40.6
2026-08-22T05:42:00.079,40.6
2026-08-22T05:47:00.110,40.2
2026-08-22T05:52:00.080,40.2
2026-08-22T05:57:00.076,40.2
2026-08-22T06:02:00.112,40.2
2026-08-22T06:07:00.082,40.2
2026-08-22T06:12:00.079,40.2
2026-08-22T06:17:00.108,40.6
2026-08-22T06:22:00.076,40.6
2026-08-22T06:27:00.114,40.6
2026-08-22T06:32:00.080,40.2
2026-08-22T06:37:00.082,39.9
2026-08-22T06:42:00.106,39.9
2026-08-22T06:47:00.077,39.6
2026-08-22T06:52:00.077,39.3
2026-08-22T06:57:00.110,39.3
2026-08-22T07:02:00.082,39.0
2026-08-22T07:07:00.081,39.0
2026-08-22T07:12:00.113,38.6
2026-08-22T07:17:00.084,38.6
2026-08-22T07:22:00.080,38.6
2026-08-22T07:27:00.110,38.6
2026-08-22T07:32:00.076,38.6
2026-08-22T07:37:00.076,38.3
2026-08-22T07:42:00.113,38.3
2026-08-22T07:47:00.082,38.3
2026-08-22T07:52:00.078,38.6
2026-08-22T07:57:00.113,38.3
2026-08-22T08:02:00.079,38.3
2026-08-22T08:07:00.113,38.3
2026-08-22T08:12:00.077,38.3
2026-08-22T08:17:00.078,38.0
2026-08-22T08:22:00.109,38.0
2026-08-22T08:27:00.077,38.0
2026-08-22T08:32:00.075,38.0
2026-08-22T08:37:00.107,38.0
2026-08-22T08:42:00.084,38.3
2026-08-22T08:47:00.075,38.3
2026-08-22T08:52:00.108,38.0
2026-08-22T08:57:00.084,38.0
2026-08-22T09:02:00.082,38.0
2026-08-22T09:07:00.108,38.0
2026-08-22T09:12:00.079,38.0
2026-08-22T09:17:00.083,38.3
2026-08-22T09:22:00.106,38.3
2026-08-22T09:27:00.076,38.3
2026-08-22T09:32:00.111,38.3
2026-08-22T09:37:00.075,38.0
2026-08-22T09:42:00.080,38.0
2026-08-22T09:47:00.110,38.0
2026-08-22T09:52:00.080,37.7
2026-08-22T09:57:00.081,37.7
2026-08-22T10:02:00.108,37.3
2026-08-22T10:07:00.076,37.3
2026-08-22T10:12:00.075,37.3
2026-08-22T10:17:00.114,37.3
2026-08-22T10:22:00.082,37.3
2026-08-22T10:27:00.077,37.0
2026-08-22T10:32:00.114,37.3
2026-08-22T10:37:00.076,37.0
2026-08-22T10:42:00.079,37.0
2026-08-22T10:47:00.113,37.0
2026-08-22T10:52:00.078,37.3
2026-08-22T10:57:00.082,37.3
2026-08-22T11:02:00.111,37.3
2026-08-22T11:07:00.080,37.3
2026-08-22T11:12:00.112,37.3
2026-08-22T11:17:00.079,37.3
2026-08-22T11:22:00.077,37.3
2026-08-22T11:27:00.111,37.3
2026-08-22T11:32:00.079,37.3
2026-08-22T11:37:00.076,37.3
2026-08-22T11:42:00.114,37.0
2026-08-22T11:47:00.082,37.0
2026-08-22T11:52:00.080,37.0
2026-08-22T11:57:00.114,37.0
2026-08-22T12:02:00.079,37.0
2026-08-22T12:07:00.082,37.3
2026-08-22T12:12:00.112,37.3
2026-08-22T12:17:00.084,37.7
2026-08-22T12:22:00.077,37.7
2026-08-22T12:27:00.107,38.0
2026-08-22T12:32:00.074,38.3
2026-08-22T12:37:00.103,38.3
2026-08-22T12:42:00.073,38.6
2026-08-22T12:47:00.081,38.3
2026-08-22T12:52:00.106,38.3
2026-08-22T12:57:00.080,38.0
2026-08-23T01:47:00.072,45.1
2026-08-23T01:52:00.077,44.8
2026-08-23T01:57:00.103,44.8
2026-08-23T02:02:00.076,44.8
2026-08-23T02:07:00.108,44.8
2026-08-23T02:12:00.074,44.8
2026-08-23T02:17:00.082,44.8
2026-08-23T02:22:00.104,45.1
2026-08-23T02:27:00.073,44.8
2026-08-23T02:32:00.083,44.8
2026-08-23T02:37:00.112,44.8
2026-08-23T02:42:00.077,44.8
2026-08-23T02:47:00.080,44.8
2026-08-23T02:52:00.111,44.8
2026-08-23T02:57:00.084,44.8
2026-08-23T03:02:00.083,44.4
2026-08-23T03:07:00.106,44.4
2026-08-23T03:12:00.075,44.1
2026-08-23T03:17:00.077,43.8
2026-08-23T03:22:00.115,43.8
2026-08-23T03:27:00.078,43.8
2026-08-23T03:32:00.079,43.8
2026-08-23T03:37:00.112,43.5
2026-08-23T03:42:00.078,43.5
2026-08-23T03:47:00.106,43.5
2026-08-23T03:52:00.080,43.5
2026-08-23T03:57:00.077,43.5
2026-08-23T04:02:00.104,43.1
2026-08-23T04:07:00.083,43.1
2026-08-23T04:12:00.079,43.1
2026-08-23T04:17:00.114,43.1
2026-08-23T04:22:00.076,43.1
2026-08-23T04:27:00.084,43.1
2026-08-23T04:32:00.115,43.1
2026-08-23T04:37:00.077,43.1
2026-08-23T04:42:00.080,43.1
2026-08-23T04:47:00.111,43.1
2026-08-23T04:52:00.078,43.5
2026-08-23T04:57:00.080,43.5
2026-08-23T05:02:00.110,43.5
2026-08-23T05:07:00.076,43.8
2026-08-23T05:12:00.106,43.8
2026-08-23T05:17:00.085,43.8
2026-08-23T05:22:00.081,43.8
2026-08-23T05:27:00.111,43.5
2026-08-23T05:32:00.075,43.5
2026-08-23T05:37:00.083,43.5
2026-08-23T05:42:00.105,43.5
2026-08-23T05:47:00.083,43.5
2026-08-23T05:52:00.076,43.5
2026-08-23T05:57:00.114,43.5
2026-08-23T06:02:00.080,43.1
2026-08-23T06:07:00.076,43.5
2026-08-23T06:12:00.106,43.5
2026-08-23T06:17:00.081,43.5
2026-08-23T06:22:00.075,43.5
2026-08-23T06:27:00.112,43.5
2026-08-23T06:32:00.076,43.5
2026-08-23T06:37:00.083,43.8
2026-08-23T06:42:00.112,43.8
2026-08-23T06:47:00.081,43.8
2026-08-23T06:52:00.107,44.1
2026-08-23T06:57:00.084,44.1
2026-08-23T07:02:00.077,44.1
2026-08-23T07:07:00.108,44.1
2026-08-23T07:12:00.081,44.1
2026-08-23T07:17:00.079,44.1
2026-08-23T07:22:00.113,44.1
2026-08-23T07:27:00.084,44.1
2026-08-23T07:32:00.081,44.1
2026-08-23T07:37:00.107,44.4
2026-08-23T07:42:00.080,44.4
2026-08-23T07:47:00.079,44.4
2026-08-23T07:52:00.112,44.4
2026-08-23T07:57:00.080,44.8
2026-08-23T08:02:00.080,44.8
2026-08-23T08:07:00.114,44.8
2026-08-23T08:12:00.084,44.4
2026-08-23T08:17:00.107,44.4
2026-08-23T08:22:00.080,44.4
2026-08-23T08:27:00.083,44.1
2026-08-23T08:32:00.105,43.8
2026-08-23T08:37:00.084,43.5
2026-08-23T08:42:00.083,42.8
2026-08-23T08:47:00.108,42.5
2026-08-23T08:52:00.083,42.2
2026-08-23T08:57:00.080,41.9
2026-08-23T09:02:00.106,41.5
2026-08-23T09:07:00.082,41.5
2026-08-23T09:12:00.081,41.2
2026-08-23T09:17:00.108,40.9
2026-08-23T09:22:00.083,40.9
2026-08-23T09:27:00.078,40.9
2026-08-23T09:32:00.105,41.2
2026-08-23T09:37:00.078,41.2
2026-08-23T09:42:00.078,41.2
2026-08-23T09:47:00.107,41.2
2026-08-23T09:52:00.081,41.2
2026-08-23T09:57:00.107,41.5
2026-08-23T10:02:00.083,41.5
2026-08-23T10:07:00.077,41.5
2026-08-23T10:12:00.110,41.5
2026-08-23T10:17:00.080,41.5
2026-08-23T10:22:00.076,41.5
2026-08-23T10:27:00.112,41.5
2026-08-23T10:32:00.081,41.9
2026-08-23T10:37:00.076,41.9
2026-08-23T10:42:00.107,41.9
2026-08-23T10:47:00.083,41.9
2026-08-23T10:52:00.075,41.9
2026-08-23T10:57:00.109,41.9
2026-08-23T11:02:00.080,41.5
2026-08-23T11:07:00.082,41.5
2026-08-23T11:12:00.113,41.2
2026-08-23T11:17:00.079,41.2
2026-08-23T11:22:00.111,41.2
2026-08-23T11:27:00.084,41.2
2026-08-23T11:32:00.082,41.2
2026-08-23T11:37:00.113,40.9
2026-08-23T11:42:00.083,40.9
2026-08-23T11:47:00.082,40.9
2026-08-23T11:52:00.115,40.6
2026-08-23T11:57:00.078,40.6
2026-08-23T12:02:00.077,40.6
2026-08-23T12:07:00.108,40.2
2026-08-23T12:12:00.084,40.2
2026-08-23T12:17:00.082,40.2
2026-08-23T12:22:00.109,39.9
2026-08-23T12:27:00.076,40.2
2026-08-23T12:32:00.081,40.2
2026-08-23T12:37:00.103,39.9
2026-08-23T12:42:00.077,39.9
2026-08-23T12:47:00.105,40.2
2026-08-23T12:52:00.074,40.2
2026-08-23T12:57:00.073,39.9
