UT,T
2026-07-19T03:25:25.000,46.4
2026-07-19T03:45:42.000,46.4
2026-07-19T03:50:42.000,46.0
2026-07-19T03:55:43.000,46.0
2026-07-19T04:00:43.000,46.0
2026-07-19T04:05:43.000,46.0
2026-07-19T04:10:43.000,46.0
2026-07-19T04:15:43.000,46.0
2026-07-19T04:20:43.000,46.0
2026-07-19T04:25:43.000,45.7
2026-07-19T04:30:43.000,45.7
2026-07-19T04:35:43.000,45.7
2026-07-19T04:40:43.000,45.7
2026-07-19T04:45:43.000,45.7
2026-07-19T04:50:44.000,45.7
2026-07-19T04:55:44.000,45.4
2026-07-19T05:00:44.000,45.4
2026-07-19T05:05:44.000,45.4
2026-07-19T05:10:44.000,45.4
2026-07-19T05:15:44.000,45.1
2026-07-19T05:20:44.000,45.1
2026-07-19T05:25:44.000,45.1
2026-07-19T05:30:44.000,44.8
2026-07-19T05:35:44.000,44.8
2026-07-19T05:40:44.000,44.8
2026-07-19T05:45:44.000,44.8
2026-07-19T05:50:45.000,44.8
2026-07-19T05:55:45.000,44.4
2026-07-19T06:00:45.000,44.4
2026-07-19T06:05:45.000,44.4
2026-07-19T06:10:45.000,44.1
2026-07-19T06:15:45.000,44.1
2026-07-19T06:20:45.000,44.1
2026-07-19T06:25:45.000,44.1
2026-07-19T06:30:45.000,43.8
2026-07-19T06:35:45.000,43.8
2026-07-19T06:40:45.000,43.8
2026-07-19T06:45:45.000,43.8
2026-07-19T06:50:46.000,43.5
2026-07-19T06:55:46.000,43.5
2026-07-19T07:00:46.000,43.5
2026-07-19T07:05:46.000,43.5
2026-07-19T07:10:46.000,43.5
2026-07-19T07:15:46.000,43.5
2026-07-19T07:20:46.000,43.5
2026-07-19T07:25:46.000,43.5
2026-07-19T07:30:46.000,43.5
2026-07-19T07:35:46.000,43.5
2026-07-19T07:40:46.000,43.5
2026-07-19T07:45:46.000,43.5
2026-07-19T07:50:47.000,43.5
2026-07-19T07:55:47.000,43.5
2026-07-19T08:00:47.000,43.5
2026-07-19T08:05:47.000,43.5
2026-07-19T08:10:47.000,43.5
2026-07-19T08:15:47.000,43.5
2026-07-19T08:20:47.000,43.5
2026-07-19T08:25:47.000,43.5
2026-07-19T08:30:47.000,43.5
2026-07-19T08:35:47.000,43.5
2026-07-19T08:40:47.000,43.5
2026-07-19T08:45:47.000,43.5
2026-07-19T08:50:48.000,43.1
2026-07-19T08:55:48.000,43.5
2026-07-19T09:00:48.000,43.1
2026-07-19T09:05:48.000,43.1
2026-07-19T09:10:48.000,43.1
2026-07-19T09:15:48.000,43.1
2026-07-19T09:20:48.000,43.1
2026-07-19T09:25:48.000,43.1
2026-07-19T09:30:48.000,43.1
2026-07-19T09:35:48.000,43.1
2026-07-19T09:40:48.000,43.1
2026-07-19T09:45:49.000,43.1
2026-07-19T09:50:49.000,43.1
2026-07-19T09:55:49.000,43.1
2026-07-19T10:00:49.000,43.1
2026-07-19T10:05:49.000,43.1
2026-07-19T10:10:49.000,43.1
2026-07-19T10:15:49.000,43.1
2026-07-19T10:20:49.000,43.1
2026-07-19T10:25:49.000,43.1
2026-07-19T10:30:49.000,43.1
2026-07-19T10:35:49.000,43.1
2026-07-19T10:40:49.000,43.1
2026-07-19T10:45:50.000,43.1
2026-07-19T10:50:50.000,43.1
2026-07-19T10:55:50.000,43.1
2026-07-19T11:00:50.000,43.1
2026-07-19T11:05:50.000,43.1
2026-07-19T11:10:50.000,43.1
2026-07-19T11:15:50.000,43.1
2026-07-19T11:20:50.000,43.1
2026-07-19T11:25:50.000,43.1
2026-07-19T11:30:50.000,43.1
2026-07-19T11:35:50.000,43.1
2026-07-19T11:40:50.000,43.1
2026-07-19T11:45:51.000,43.1
2026-07-19T11:50:51.000,43.1
2026-07-19T11:55:51.000,42.8
2026-07-19T12:00:51.000,42.8
2026-07-19T12:05:51.000,42.8
2026-07-19T12:10:51.000,42.8
2026-07-19T12:15:51.000,42.8
2026-07-19T12:20:51.000,42.5
2026-07-19T12:25:51.000,42.8
2026-07-19T12:30:51.000,42.5
2026-07-19T12:35:51.000,42.5
2026-07-19T12:40:51.000,42.5
2026-07-19T12:45:52.000,42.5
2026-07-19T12:50:52.000,42.8
2026-07-19T12:55:52.000,42.8
2026-07-19T13:00:52.000,42.5
2026-07-19T13:05:52.000,42.8
2026-07-19T13:10:52.000,42.8
2026-07-19T13:15:52.000,42.8
2026-07-19T13:20:52.000,42.8
2026-07-19T13:25:38.000,43.1
2026-07-19T13:26:12.000,42.8
2026-07-19T13:31:12.000,43.1
2026-07-19T13:36:12.000,43.1
2026-07-19T13:41:12.000,43.5
2026-07-19T13:46:12.000,44.1
2026-07-19T13:51:12.000,44.4
2026-07-19T13:56:12.000,44.8
2026-07-19T14:01:12.000,45.1
2026-07-19T14:06:12.000,45.4
2026-07-19T14:11:13.000,45.4
2026-07-19T14:16:13.000,45.7
2026-07-19T14:21:13.000,45.4
2026-07-19T14:26:13.000,45.7
2026-07-19T14:31:13.000,45.7
2026-07-19T14:36:13.000,46.0
2026-07-19T14:41:13.000,46.0
2026-07-19T14:46:13.000,46.0
2026-07-19T14:51:13.000,46.0
2026-07-19T14:56:13.000,46.0
2026-07-19T15:01:13.000,46.0
2026-07-19T15:06:13.000,46.0
2026-07-19T15:11:14.000,46.0
2026-07-19T15:16:14.000,46.4
2026-07-19T15:21:14.000,46.4
2026-07-19T15:26:14.000,46.7
2026-07-19T15:31:14.000,46.7
2026-07-19T15:36:14.000,46.7
2026-07-19T15:41:14.000,47.0
2026-07-19T15:46:14.000,47.0
2026-07-19T15:51:14.000,47.0
2026-07-19T15:56:14.000,47.0
2026-07-19T16:01:14.000,47.3
2026-07-19T16:06:14.000,47.3
2026-07-19T16:11:14.000,47.7
2026-07-19T16:16:15.000,48.0
2026-07-19T16:21:15.000,48.0
2026-07-19T16:26:15.000,48.3
2026-07-19T16:31:15.000,48.6
2026-07-19T16:36:15.000,48.9
2026-07-19T16:41:15.000,49.3
2026-07-19T16:45:50.000,49.6
2026-07-19T16:50:51.000,50.2
2026-07-19T16:55:51.000,50.6
2026-07-19T17:00:51.000,50.9
2026-07-19T17:05:51.000,51.5
2026-07-19T17:10:51.000,51.8
2026-07-19T17:15:51.000,51.8
2026-07-19T17:20:51.000,52.2
2026-07-19T17:25:51.000,52.5
2026-07-19T17:30:51.000,53.1
2026-07-19T17:35:51.000,54.4
2026-07-19T17:39:19.000,55.7
2026-07-19T17:44:19.000,56.7
2026-07-19T17:49:19.000,57.6
2026-07-19T17:54:19.000,58.6
2026-07-19T17:59:19.000,59.3
2026-07-19T18:04:20.000,59.6
2026-07-19T18:09:20.000,60.2
2026-07-19T18:14:20.000,60.5
2026-07-19T18:19:20.000,60.2
2026-07-19T18:24:20.000,60.2
2024-12-14T03:45:00.000,26.4
2024-12-14T04:00:02.000,26.1
2024-12-14T04:15:02.000,25.7
2024-12-14T04:30:02.000,25.4
2024-12-14T04:45:02.000,24.8
2024-12-14T05:00:02.000,24.8
2024-12-14T05:15:00.000,24.8
2024-12-14T05:30:00.000,24.4
2024-12-14T05:45:00.000,24.1
2024-12-14T06:00:00.000,24.1
2024-12-14T06:15:00.000,24.1
2024-12-14T06:30:00.000,23.8
2024-12-14T06:45:00.000,23.8
2024-12-14T07:00:00.000,23.5
2024-12-14T07:15:00.000,23.5
2024-12-14T07:30:00.000,23.2
2024-12-14T07:45:00.000,23.2
2024-12-14T08:00:00.000,22.8
2024-12-14T08:15:00.000,22.5
2024-12-14T08:30:00.000,22.2
2024-12-14T08:45:00.000,22.2
2024-12-14T09:00:00.000,22.2
2024-12-14T09:15:00.000,21.9
2024-12-14T09:30:00.000,21.9
2024-12-14T09:45:00.000,21.5
2024-12-14T10:00:00.000,21.2
2024-12-14T10:15:00.000,21.2
2024-12-14T10:30:00.000,20.9
2024-12-14T10:45:00.000,20.9
2024-12-14T11:00:00.000,20.6
2024-12-14T11:15:00.000,20.6
2024-12-14T11:30:00.000,20.3
2024-12-14T11:45:00.000,20.3
2024-12-14T12:00:00.000,20.3
2024-12-14T12:15:00.000,20.3
2024-12-14T12:30:00.000,20.3
2024-12-14T12:45:00.000,19.9
2024-12-14T13:00:00.000,19.9
2024-12-14T13:15:00.000,19.6
2024-12-14T13:30:01.000,19.6
2024-12-14T13:45:01.000,19.3
2024-12-14T14:00:01.000,19.6
2024-12-14T14:15:01.000,19.3
2024-12-14T14:30:01.000,19.3
2024-12-14T14:45:01.000,19.6
2024-12-14T15:00:01.000,19.9
2024-12-14T15:15:01.000,20.3
2024-12-14T15:30:01.000,20.9
2024-12-14T15:45:01.000,21.5
2024-12-14T16:00:01.000,22.8
2024-12-14T16:15:01.000,26.1
2024-12-14T16:30:01.000,29.6
2024-12-14T16:45:01.000,32.5
2024-12-14T17:00:01.000,34.8
2024-12-14T17:15:01.000,34.1
2024-12-14T17:30:01.000,32.5
2024-12-14T17:45:00.000,31.9
2024-12-14T18:00:01.000,31.9
2024-12-14T18:15:01.000,31.9
2024-12-14T18:30:01.000,32.5
2024-12-14T18:45:01.000,32.8
2024-12-14T19:00:01.000,33.5
2024-12-14T19:15:01.000,34.1
2024-12-14T19:30:01.000,34.8
2024-12-14T19:45:01.000,35.4
2024-12-14T20:00:01.000,36.4
2024-12-14T20:15:01.000,37
2024-12-14T20:30:01.000,39.6
2024-12-14T20:45:01.000,41.9
2024-12-14T21:00:01.000,43.1
2024-12-14T21:15:01.000,44.1
2024-12-14T21:30:01.000,44.4
2024-12-14T21:45:01.000,44.4
2024-12-14T22:00:01.000,44.4
2024-12-14T22:15:01.000,43.5
2024-12-14T22:30:01.000,42.8
2024-12-14T22:45:01.000,42.5
2024-12-14T23:00:01.000,41.9
2024-12-14T23:15:01.000,40.9
2024-12-14T23:30:01.000,40.2
2024-12-14T23:45:01.000,39.3
2024-12-15T00:00:01.000,38
2024-12-15T00:15:01.000,36.7
2024-12-15T00:30:01.000,35.7
2024-12-15T00:45:01.000,34.8
2024-12-15T01:00:01.000,34.1
2024-12-15T01:15:01.000,33.5
2024-12-15T01:30:01.000,32.8
2024-12-15T01:45:01.000,32.8
2024-12-15T02:00:01.000,32.5
2024-12-15T02:15:01.000,31.9
2024-12-15T02:30:01.000,31.5
2024-12-15T02:45:01.000,31.2
2024-12-15T03:00:01.000,30.6
2024-12-15T03:15:01.000,30.2
2024-12-15T03:30:01.000,29.9
2024-12-15T03:45:01.000,29.6
2024-12-15T04:00:01.000,29
2024-12-15T04:15:01.000,28.3
2024-12-15T04:30:01.000,28
2024-12-15T04:45:01.000,28
2024-12-15T05:00:01.000,27.7
2024-12-15T05:14:59.000,27.7
2024-12-15T05:29:59.000,27.3
2024-12-15T05:44:59.000,27.3
2024-12-15T05:59:59.000,27
2024-12-15T06:14:59.000,27
2024-12-15T06:29:59.000,26.7
2024-12-15T06:44:59.000,26.1
2024-12-15T06:59:59.000,25.7
2024-12-15T07:14:59.000,25.1
2024-12-15T07:29:59.000,24.8
2024-12-15T07:44:59.000,24.8
2024-12-15T07:59:59.000,24.4
2024-12-15T08:14:59.000,24.1
2024-12-15T08:29:59.000,24.1
2024-12-15T08:44:59.000,24.1
2024-12-15T08:59:59.000,23.8
2024-12-15T09:14:59.000,23.8
2024-12-15T09:29:59.000,23.8
2024-12-15T09:44:59.000,23.8
2024-12-15T09:59:59.000,23.5
2024-12-15T10:14:59.000,23.8
2024-12-15T10:29:59.000,23.8
2024-12-15T10:44:59.000,23.8
2024-12-15T10:59:59.000,23.5
2024-12-15T11:14:59.000,23.5
2024-12-15T11:29:59.000,23.2
2024-12-15T11:44:59.000,23.2
2024-12-15T11:59:59.000,23.2
2024-12-15T12:14:59.000,23.2
2024-12-15T12:29:59.000,22.8
2024-12-15T12:44:59.000,22.5
2024-12-15T12:59:59.000,22.2
2024-12-15T13:14:59.000,22.2
2024-12-15T13:29:59.000,21.9
2024-12-15T13:44:59.000,21.9
2024-12-15T13:59:59.000,21.9
2024-12-15T14:14:59.000,21.9
2024-12-15T14:29:59.000,21.9
2024-12-15T14:44:59.000,21.9
2024-12-15T14:59:59.000,21.9
2024-12-15T15:14:59.000,22.2
2024-12-15T15:29:59.000,22.5
2024-12-15T15:44:59.000,23.5
2024-12-15T15:59:59.000,24.4
2024-12-15T16:14:59.000,27.3
2024-12-15T16:29:59.000,30.6
2024-12-15T16:44:59.000,33.5
2024-12-15T16:59:59.000,35.7
2024-12-15T17:14:59.000,35.1
2024-12-15T17:29:59.000,33.5
2024-12-15T17:44:59.000,32.8
2024-12-15T17:59:59.000,32.8
2024-12-15T18:14:59.000,33.1
2024-12-15T18:29:59.000,33.5
2024-12-15T18:44:59.000,33.8
2024-12-15T18:59:59.000,34.4
2024-12-15T19:14:59.000,34.8
2024-12-15T19:29:59.000,35.4
2024-12-15T19:44:59.000,36
2024-12-15T19:59:59.000,36.4
2024-12-15T20:14:59.000,37
2024-12-15T20:29:59.000,39.3
2024-12-15T20:44:59.000,41.2
2024-12-15T20:59:59.000,42.2
2024-12-15T21:14:59.000,42.5
2024-12-15T21:29:59.000,42.5
2024-12-15T21:44:59.000,42.5
2024-12-15T21:59:59.000,42.2
2024-12-15T22:14:59.000,41.9
2024-12-15T22:29:59.000,41.2
2024-12-15T22:44:59.000,40.6
2024-12-15T22:59:59.000,40.2
2024-12-15T23:14:59.000,39.3
2024-12-15T23:29:59.000,38.6
2024-12-15T23:44:59.000,38
2024-12-15T23:59:59.000,37.3
2024-12-16T00:14:59.000,36
2024-12-16T00:29:59.000,34.8
2024-12-16T00:44:59.000,33.8
2024-12-16T00:59:59.000,33.1
2024-12-16T01:14:59.000,32.5
2024-12-16T01:29:59.000,31.9
2024-12-16T01:44:59.000,31.2
2024-12-16T01:59:59.000,30.6
2024-12-16T02:14:59.000,29.9
2024-12-16T02:29:59.000,29.3
2024-12-16T02:44:59.000,28.6
2024-12-16T02:59:59.000,28
2024-12-16T03:14:59.000,27.3
2024-12-16T03:29:59.000,27
2024-12-16T03:44:59.000,26.7
2024-12-16T03:59:59.000,26.4
2024-12-16T04:14:59.000,26.4
2024-12-16T04:29:59.000,26.1
2024-12-16T04:44:57.000,25.4
2024-12-16T04:59:57.000,25.1
2024-12-16T05:14:57.000,24.8
2024-12-16T05:29:57.000,24.4
2024-12-16T05:44:57.000,24.4
2024-12-16T05:59:57.000,24.1
2024-12-16T06:14:57.000,24.1
2024-12-16T06:29:57.000,24.1
2024-12-16T06:44:58.000,23.8
2024-12-16T06:59:57.000,23.5
2024-12-16T07:14:57.000,23.5
2024-12-16T07:29:57.000,23.5
2024-12-16T07:44:57.000,23.5
2024-12-16T07:59:57.000,23.2
2024-12-16T08:14:57.000,22.8
2024-12-16T08:29:57.000,22.8
2024-12-16T08:44:57.000,22.5
2024-12-16T08:59:57.000,22.2
2024-12-16T09:14:57.000,21.9
2024-12-16T09:29:57.000,21.9
2024-12-16T09:44:57.000,21.5
2024-12-16T09:59:57.000,21.5
2024-12-16T10:14:57.000,21.5
2024-12-16T10:29:57.000,21.5
2024-12-16T10:44:57.000,21.5
2024-12-16T10:59:57.000,20.9
2024-12-16T11:14:57.000,20.6
2024-12-16T11:29:57.000,20.3
2024-12-16T11:44:57.000,19.9
2024-12-16T11:59:57.000,19.6
2024-12-16T12:14:57.000,19.6
2024-12-16T12:29:57.000,19.3
2024-12-16T12:44:57.000,19.3
2024-12-16T12:59:57.000,19.3
2024-12-16T13:14:57.000,19.6
2024-12-16T13:29:57.000,19.3
2024-12-16T13:44:57.000,19.3
2024-12-16T13:59:57.000,19
2024-12-16T14:14:57.000,19
2024-12-16T14:29:57.000,18.6
2024-12-16T14:44:57.000,19
2024-12-16T14:59:58.000,19.3
2024-12-16T15:14:58.000,19.9
2024-12-16T15:29:58.000,20.6
2024-12-16T15:44:58.000,21.5
2024-12-16T15:59:58.000,22.5
2024-12-16T16:14:58.000,25.4
2024-12-16T16:29:58.000,28.6
2024-12-16T16:44:58.000,31.9
2024-12-16T16:59:58.000,33.8
2024-12-16T17:14:58.000,33.1
2024-12-16T17:29:58.000,31.9
2024-12-16T17:44:58.000,31.2
2024-12-16T17:59:58.000,31.5
2024-12-16T18:14:58.000,31.9
2024-12-16T18:29:58.000,32.5
2024-12-16T18:44:58.000,33.5
2024-12-16T18:59:58.000,34.1
2024-12-16T19:14:58.000,34.4
2024-12-16T19:29:58.000,35.1
2024-12-16T19:44:58.000,35.7
2024-12-16T19:59:58.000,36.4
2024-12-16T20:14:58.000,37.3
2024-12-16T20:29:58.000,40.2
2024-12-16T20:44:58.000,42.2
2024-12-16T20:59:58.000,43.1
2024-12-16T21:14:58.000,43.1
2024-12-16T21:29:58.000,43.8
2024-12-16T21:44:58.000,44.1
2024-12-16T21:59:58.000,44.8
2024-12-16T22:14:58.000,45.1
2024-12-16T22:29:58.000,44.8
2024-12-16T22:44:58.000,44.8
2024-12-16T22:59:58.000,43.8
2024-12-16T23:14:58.000,42.5
2024-12-16T23:29:58.000,41.5
2024-12-16T23:44:58.000,39.9
2024-12-16T23:59:58.000,39
2024-12-17T00:14:58.000,37.3
2024-12-17T00:29:58.000,36
2024-12-17T00:44:58.000,35.1
2024-12-17T00:59:58.000,34.1
2024-12-17T01:14:58.000,33.1
2024-12-17T01:29:58.000,32.8
2024-12-17T01:44:58.000,32.2
2024-12-17T01:59:58.000,31.5
2024-12-17T02:14:58.000,31.2
2024-12-17T02:29:58.000,30.9
2024-12-17T02:44:58.000,30.2
2024-12-17T02:59:58.000,29.9
2024-12-17T03:14:58.000,29.3
2024-12-17T03:29:58.000,29
2024-12-17T03:44:58.000,28.3
2024-12-17T03:59:58.000,28
2024-12-17T04:14:58.000,28
2024-12-17T04:29:58.000,27.7
2024-12-17T04:44:58.000,27.3
2024-12-17T04:59:58.000,27.3
2024-12-17T05:14:56.000,27
2024-12-17T05:29:56.000,26.7
2024-12-17T05:44:56.000,26.1
2024-12-17T05:59:56.000,25.7
2024-12-17T06:14:56.000,25.4
2024-12-17T06:29:56.000,25.1
2024-12-17T06:44:56.000,24.8
2024-12-17T06:59:56.000,24.4
2024-12-17T07:14:56.000,24.4
2024-12-17T07:29:56.000,24.1
2024-12-17T07:44:56.000,24.4
2024-12-17T07:59:56.000,24.4
2024-12-17T08:14:56.000,24.4
2024-12-17T08:29:56.000,24.1
2024-12-17T08:44:56.000,23.5
2024-12-17T08:59:56.000,23.2
2024-12-17T09:14:56.000,22.8
2024-12-17T09:29:56.000,22.8
2024-12-17T09:44:56.000,22.5
2024-12-17T09:59:56.000,22.5
2024-12-17T10:14:56.000,22.2
2024-12-17T10:29:56.000,21.9
2024-12-17T10:44:56.000,21.9
2024-12-17T10:59:56.000,22.2
2024-12-17T11:14:56.000,22.2
2024-12-17T11:29:56.000,22.5
2024-12-17T11:44:56.000,22.2
2024-12-17T11:59:56.000,21.5
2024-12-17T12:14:56.000,21.5
2024-12-17T12:29:56.000,21.2
2024-12-17T12:44:56.000,20.9
2024-12-17T12:59:56.000,20.9
2024-12-17T13:14:56.000,20.9
2024-12-17T13:29:56.000,20.9
2024-12-17T13:44:56.000,20.6
2024-12-17T13:59:56.000,20.6
2024-12-17T14:14:56.000,20.6
2024-12-17T14:29:56.000,20.6
2024-12-17T14:44:56.000,20.3
2024-12-17T14:59:56.000,20.9
2024-12-17T15:14:56.000,21.2
2024-12-17T15:29:56.000,21.9
2024-12-17T15:44:56.000,22.8
2024-12-17T15:59:56.000,23.5
2024-12-17T16:14:56.000,26.7
2024-12-17T16:29:56.000,29.9
2024-12-17T16:44:56.000,33.1
2024-12-17T16:59:56.000,35.4
2024-12-17T17:14:56.000,34.8
2024-12-17T17:29:56.000,33.5
2024-12-17T17:44:56.000,32.8
2024-12-17T17:59:56.000,32.8
2024-12-17T18:14:56.000,33.5
2024-12-17T18:29:56.000,34.1
2024-12-17T18:44:56.000,34.8
2024-12-17T18:59:56.000,35.1
2024-12-17T19:14:56.000,35.7
2024-12-17T19:29:56.000,36.7
2024-12-17T19:44:56.000,37
2024-12-17T19:59:56.000,37.7
2024-12-17T20:14:56.000,38.3
2024-12-17T20:29:56.000,40.6
2024-12-17T20:44:56.000,42.5
2024-12-17T20:59:56.000,44.1
2024-12-17T21:14:56.000,45.4
2024-12-17T21:29:56.000,45.4
2024-12-17T21:44:56.000,44.4
2024-12-17T21:59:56.000,43.5
2024-12-17T22:14:56.000,42.5
2024-12-17T22:29:56.000,42.2
2024-12-17T22:44:56.000,40.9
2024-12-17T22:59:56.000,39.6
2024-12-17T23:14:56.000,38
2024-12-17T23:29:56.000,37
2024-12-17T23:44:56.000,36
2024-12-17T23:59:56.000,35.4
2024-12-18T00:14:56.000,34.4
2024-12-18T00:29:56.000,33.5
2024-12-18T00:44:56.000,32.5
2024-12-18T00:59:56.000,32.2
2024-12-18T01:14:56.000,31.9
2024-12-18T01:29:56.000,31.5
2024-12-18T01:44:56.000,31.2
2024-12-18T01:59:56.000,30.9
2024-12-18T02:14:56.000,30.2
2024-12-18T02:29:56.000,29.6
2024-12-18T02:44:56.000,29
2024-12-18T02:59:56.000,28.3
2024-12-18T03:14:56.000,28
2024-12-18T03:29:56.000,28
2024-12-18T03:44:56.000,28
2024-12-18T03:59:56.000,27.7
2024-12-18T04:14:56.000,27.7
2024-12-18T04:29:56.000,27
2024-12-18T04:44:56.000,26.7
2024-12-18T04:59:56.000,26.1
2024-12-18T05:14:56.000,25.7
2024-12-18T05:29:54.000,25.7
2024-12-18T05:44:54.000,25.4
2024-12-18T05:59:54.000,25.1
2024-12-18T06:14:54.000,24.8
2024-12-18T06:29:54.000,24.1
2024-12-18T06:44:54.000,24.1
2024-12-18T06:59:54.000,24.1
2024-12-18T07:14:54.000,24.1
2024-12-18T07:29:54.000,23.8
2024-12-18T07:44:54.000,23.8
2024-12-18T07:59:54.000,23.5
2024-12-18T08:14:54.000,23.5
2024-12-18T08:29:54.000,23.2
2024-12-18T08:44:54.000,23.2
2024-12-18T08:59:54.000,22.8
2024-12-18T09:14:54.000,22.8
2024-12-18T09:29:54.000,22.8
2024-12-18T09:44:54.000,22.5
2024-12-18T09:59:54.000,22.2
2024-12-18T10:14:54.000,21.9
2024-12-18T10:29:54.000,21.5
2024-12-18T10:44:54.000,21.2
2024-12-18T10:59:54.000,21.2
2024-12-18T11:14:54.000,21.2
2024-12-18T11:29:54.000,21.2
2024-12-18T11:44:54.000,21.2
2024-12-18T11:59:54.000,20.9
2024-12-18T12:14:54.000,20.9
2024-12-18T12:29:54.000,20.9
2024-12-18T12:44:54.000,20.6
2024-12-18T12:59:54.000,20.3
2024-12-18T13:14:54.000,20.3
2024-12-18T13:29:54.000,20.3
2024-12-18T13:44:54.000,20.3
2024-12-18T13:59:54.000,19.9
2024-12-18T14:14:54.000,19.9
2024-12-18T14:29:54.000,19.6
2024-12-18T14:44:54.000,19.6
2024-12-18T14:59:54.000,20.3
2024-12-18T15:14:54.000,20.9
2024-12-18T15:29:54.000,21.5
2024-12-18T15:44:54.000,22.5
2024-12-18T15:59:54.000,23.5
2024-12-18T16:14:54.000,26.1
2024-12-18T16:29:54.000,29.3
2024-12-18T16:44:54.000,32.5
2024-12-18T16:59:54.000,35.1
2024-12-18T17:14:54.000,35.1
2024-12-18T17:29:54.000,33.8
2024-12-18T17:44:54.000,33.5
2024-12-18T17:59:54.000,33.5
2024-12-18T18:14:54.000,34.1
2024-12-18T18:29:54.000,35.1
2024-12-18T18:44:54.000,35.7
2024-12-18T18:59:54.000,36.4
2024-12-18T19:14:54.000,37.3
2024-12-18T19:29:54.000,38.3
2024-12-18T19:44:54.000,39.3
2024-12-18T19:59:54.000,40.2
2024-12-18T20:14:54.000,40.9
2024-12-18T20:29:54.000,43.1
2024-12-18T20:44:54.000,45.4
2024-12-18T20:59:54.000,46.7
2024-12-18T21:14:54.000,47
2024-12-18T21:29:54.000,47
2024-12-18T21:44:54.000,47.3
2024-12-18T21:59:54.000,47
2024-12-18T22:14:54.000,46.7
2024-12-18T22:29:54.000,46.4
2024-12-18T22:44:54.000,45.7
2024-12-18T22:59:54.000,45.1
2024-12-18T23:14:54.000,44.4
2024-12-18T23:29:54.000,43.8
2024-12-18T23:44:54.000,42.8
2024-12-18T23:59:54.000,42.2
2024-12-19T00:14:54.000,40.9
2024-12-19T00:29:54.000,39.6
2024-12-19T00:44:54.000,38.3
2024-12-19T00:59:54.000,37
2024-12-19T01:14:54.000,36
2024-12-19T01:29:54.000,34.8
2024-12-19T01:44:54.000,34.1
2024-12-19T01:59:54.000,33.1
2024-12-19T02:14:54.000,32.5
2024-12-19T02:29:54.000,31.5
2024-12-19T02:44:54.000,30.9
2024-12-19T02:59:54.000,30.2
2024-12-19T03:14:54.000,29.9
2024-12-19T03:29:54.000,29.6
2024-12-19T03:44:54.000,29.3
2024-12-19T03:59:54.000,29
2024-12-19T04:14:54.000,28.6
2024-12-19T04:29:54.000,28.3
2024-12-19T04:44:52.000,28.3
2024-12-19T04:59:52.000,28
2024-12-19T05:14:52.000,27.7
2024-12-19T05:29:52.000,27.7
2024-12-19T05:44:52.000,27.3
2024-12-19T05:59:52.000,27.3
2024-12-19T06:14:52.000,27
2024-12-19T06:29:52.000,26.7
2024-12-19T06:44:52.000,26.4
2024-12-19T06:59:52.000,26.1
2024-12-19T07:14:52.000,25.4
2024-12-19T07:29:52.000,25.4
2024-12-19T07:44:52.000,25.4
2024-12-19T07:59:52.000,25.1
2024-12-19T08:14:52.000,25.1
2024-12-19T08:29:52.000,24.8
2024-12-19T08:44:52.000,24.4
2024-12-19T08:59:52.000,24.1
2024-12-19T09:14:53.000,24.1
2024-12-19T09:29:52.000,24.4
2024-12-19T09:44:52.000,24.4
2024-12-19T09:59:52.000,24.1
2024-12-19T10:14:52.000,23.8
2024-12-19T10:29:52.000,23.8
2024-12-19T10:44:53.000,23.8
2024-12-19T10:59:53.000,23.8
2024-12-19T11:14:53.000,24.1
2024-12-19T11:29:53.000,24.4
2024-12-19T11:44:53.000,24.4
2024-12-19T11:59:53.000,24.4
2024-12-19T12:14:53.000,24.1
2024-12-19T12:29:53.000,23.8
2024-12-19T12:44:53.000,23.5
2024-12-19T12:59:53.000,23.5
2024-12-19T13:14:53.000,23.5
2024-12-19T13:29:53.000,23.2
2024-12-19T13:44:53.000,23.5
2024-12-19T13:59:53.000,23.8
2024-12-19T14:14:53.000,23.8
2024-12-19T14:29:53.000,24.1
2024-12-19T14:44:53.000,24.1
2024-12-19T14:59:53.000,24.4
2024-12-19T15:14:53.000,24.8
2024-12-19T15:29:53.000,25.7
2024-12-19T15:44:53.000,26.4
2024-12-19T15:59:53.000,27.3
2024-12-19T16:14:53.000,30.2
2024-12-19T16:29:53.000,33.1
2024-12-19T16:44:53.000,35.7
2024-12-19T16:59:53.000,37.7
2024-12-19T17:14:53.000,36.7
2024-12-19T17:29:53.000,35.4
2024-12-19T17:44:53.000,34.8
2024-12-19T17:59:53.000,34.8
2024-12-19T18:14:53.000,35.1
2024-12-19T18:29:53.000,35.4
2024-12-19T18:44:53.000,35.7
2024-12-19T18:59:53.000,36.4
2024-12-19T19:14:53.000,37
2024-12-19T19:29:53.000,37.7
2024-12-19T19:44:53.000,38
2024-12-19T19:59:53.000,38.6
2024-12-19T20:14:53.000,39.3
2024-12-19T20:29:53.000,41.5
2024-12-19T20:44:53.000,43.8
2024-12-19T20:59:53.000,45.4
2024-12-19T21:14:53.000,46
2024-12-19T21:29:53.000,46.4
2024-12-19T21:44:53.000,46.4
2024-12-19T21:59:53.000,46.7
2024-12-19T22:14:53.000,46.7
2024-12-19T22:29:53.000,46.4
2024-12-19T22:44:53.000,45.7
2024-12-19T22:59:53.000,45.1
2024-12-19T23:14:53.000,44.4
2024-12-19T23:29:53.000,44.1
2024-12-19T23:44:53.000,43.1
2024-12-19T23:59:53.000,42.2
2024-12-20T00:14:53.000,41.2
2024-12-20T00:29:53.000,39.6
2024-12-20T00:44:53.000,38.3
2024-12-20T00:59:53.000,37.3
2024-12-20T01:14:53.000,36.4
2024-12-20T01:29:53.000,35.4
2024-12-20T01:44:53.000,34.8
2024-12-20T01:59:53.000,34.1
2024-12-20T02:14:53.000,33.5
2024-12-20T02:29:53.000,32.8
2024-12-20T02:44:53.000,32.2
2024-12-20T02:59:53.000,31.5
2024-12-20T03:14:53.000,30.6
2024-12-20T03:29:53.000,29.6
2024-12-20T03:44:53.000,29
2024-12-20T03:59:53.000,28.6
2024-12-20T04:14:53.000,28.3
2024-12-20T04:29:53.000,28
2024-12-20T04:44:53.000,27.7
2024-12-20T04:59:53.000,27.3
2024-12-20T05:14:51.000,27
2024-12-20T05:29:51.000,27
2024-12-20T05:44:51.000,26.7
2024-12-20T05:59:51.000,26.7
2024-12-20T06:14:51.000,26.4
2024-12-20T06:29:51.000,26.1
2024-12-20T06:44:51.000,25.7
2024-12-20T06:59:51.000,25.7
2024-12-20T07:14:51.000,25.4
2024-12-20T07:29:51.000,25.1
2024-12-20T07:44:51.000,24.8
2024-12-20T07:59:51.000,24.4
2024-12-20T08:14:51.000,24.4
2024-12-20T08:29:51.000,24.8
2024-12-20T08:44:51.000,24.8
2024-12-20T08:59:51.000,24.4
2024-12-20T09:14:51.000,24.1
2024-12-20T09:29:51.000,24.1
2024-12-20T09:44:51.000,23.8
2024-12-20T09:59:51.000,23.5
2024-12-20T10:14:51.000,23.2
2024-12-20T10:29:51.000,23.2
2024-12-20T10:44:51.000,22.8
2024-12-20T10:59:51.000,22.8
2024-12-20T11:14:51.000,22.5
2024-12-20T11:29:51.000,22.5
2024-12-20T11:44:51.000,22.2
2024-12-20T11:59:51.000,22.2
2024-12-20T12:14:51.000,21.9
2024-12-20T12:29:51.000,21.9
2024-12-20T12:44:51.000,21.9
2024-12-20T12:59:51.000,21.5
2024-12-20T13:14:51.000,21.9
2024-12-20T13:29:51.000,21.9
2024-12-20T13:44:51.000,21.9
2024-12-20T13:59:51.000,21.5
2024-12-20T14:14:51.000,21.2
2024-12-20T14:29:51.000,20.9
2024-12-20T14:44:51.000,21.2
2024-12-20T14:59:51.000,21.2
2024-12-20T15:14:51.000,21.9
2024-12-20T15:29:51.000,22.8
2024-12-20T15:44:51.000,23.5
2024-12-20T15:59:51.000,24.1
2024-12-20T16:14:51.000,26.7
2024-12-20T16:29:51.000,30.2
2024-12-20T16:44:51.000,31.9
2024-12-20T16:59:51.000,35.1
2024-12-20T17:14:51.000,35.4
2024-12-20T17:29:51.000,34.8
2024-12-20T17:44:51.000,34.4
2024-12-20T17:59:51.000,34.4
2024-12-20T18:14:51.000,35.1
2024-12-20T18:29:51.000,35.4
2024-12-20T18:44:51.000,36.4
2024-12-20T18:59:51.000,37.3
2024-12-20T19:14:51.000,38
2024-12-20T19:29:51.000,38.6
2024-12-20T19:44:51.000,39.3
2024-12-20T19:59:51.000,39.6
2024-12-20T20:14:51.000,40.2
2024-12-20T20:29:51.000,42.2
2024-12-20T20:44:51.000,44.1
2024-12-20T20:59:51.000,46
2024-12-20T21:14:51.000,46.7
2024-12-20T21:29:51.000,47
2024-12-20T21:44:51.000,47.3
2024-12-20T21:59:51.000,47.3
2024-12-20T22:14:51.000,47
2024-12-20T22:29:51.000,46.4
2024-12-20T22:44:51.000,46
2024-12-20T22:59:51.000,45.1
2024-12-20T23:14:51.000,44.8
2024-12-20T23:29:51.000,43.5
2024-12-20T23:44:51.000,42.5
2024-12-20T23:59:51.000,41.5
2024-12-21T00:14:51.000,40.6
2024-12-21T00:29:51.000,39
2024-12-21T00:44:51.000,37.7
2024-12-21T00:59:51.000,36.4
2024-12-21T01:14:51.000,36
2024-12-21T01:29:51.000,35.4
2024-12-21T01:44:51.000,34.8
2024-12-21T01:59:51.000,34.1
2024-12-21T02:14:51.000,32.8
2024-12-21T02:29:51.000,31.9
2024-12-21T02:44:51.000,31.2
2024-12-21T02:59:51.000,30.2
2024-12-21T03:14:51.000,29.9
2024-12-21T03:29:51.000,29.3
2024-12-21T03:44:51.000,29
2024-12-21T03:59:51.000,28.6
2024-12-21T04:14:51.000,28.6
2024-12-21T04:29:51.000,28.6
2024-12-21T04:44:51.000,28.6
2024-12-21T04:59:51.000,28.6
2024-12-21T05:14:49.000,28.6
2024-12-21T05:29:49.000,29
2024-12-21T05:44:49.000,29
2024-12-21T05:59:49.000,28.6
2024-12-21T06:14:49.000,28.3
2024-12-21T06:29:49.000,28
2024-12-21T06:44:49.000,27.7
2024-12-21T06:59:49.000,27.3
2024-12-21T07:14:49.000,27
2024-12-21T07:29:49.000,26.4
2024-12-21T07:44:49.000,25.7
2024-12-21T07:59:49.000,25.1
2024-12-21T08:14:49.000,24.8
2024-12-21T08:29:49.000,24.1
2024-12-21T08:44:49.000,23.8
2024-12-21T08:59:49.000,23.2
2024-12-21T09:14:49.000,22.8
2024-12-21T09:29:49.000,22.8
2024-12-21T09:44:49.000,22.5
2024-12-21T09:59:49.000,22.5
2024-12-21T10:14:49.000,22.5
2024-12-21T10:29:49.000,22.5
2024-12-21T10:44:49.000,22.5
2024-12-21T10:59:49.000,22.2
2024-12-21T11:14:49.000,22.2
2024-12-21T11:29:49.000,22.2
2024-12-21T11:44:49.000,22.2
2024-12-21T11:59:49.000,21.9
2024-12-21T12:14:49.000,21.5
2024-12-21T12:29:49.000,21.2
2024-12-21T12:44:49.000,20.9
2024-12-21T12:59:49.000,20.6
2024-12-21T13:14:49.000,20.3
2024-12-21T13:29:49.000,19.9
2024-12-21T13:44:49.000,19.9
2024-12-21T13:59:49.000,19.6
2024-12-21T14:14:49.000,19.6
2024-12-21T14:29:49.000,19.3
2024-12-21T14:44:49.000,19.6
2024-12-21T14:59:49.000,20.6
2024-12-21T15:14:49.000,20.9
2024-12-21T15:29:49.000,21.2
2024-12-21T15:44:49.000,22.2
2024-12-21T15:59:49.000,23.2
2024-12-21T16:14:49.000,26.1
2024-12-21T16:29:49.000,29.9
2024-12-21T16:44:49.000,33.5
2024-12-21T16:59:49.000,35.7
2024-12-21T17:14:49.000,35.7
2024-12-21T17:29:49.000,34.1
2024-12-21T17:44:49.000,33.5
2024-12-21T17:59:49.000,33.1
2024-12-21T18:14:49.000,33.5
2024-12-21T18:29:49.000,33.8
2024-12-21T18:44:49.000,34.4
2024-12-21T18:59:49.000,35.1
2024-12-21T19:14:49.000,36
2024-12-21T19:29:49.000,36.7
2024-12-21T19:44:49.000,37.7
2024-12-21T19:59:49.000,38.3
2024-12-21T20:14:49.000,39
2024-12-21T20:29:49.000,41.2
2024-12-21T20:44:49.000,43.8
2024-12-21T20:59:49.000,45.4
2024-12-21T21:14:49.000,46.4
2024-12-21T21:29:49.000,46.7
2024-12-21T21:44:49.000,47
2024-12-21T21:59:49.000,47
2024-12-21T22:14:49.000,46.4
2024-12-21T22:29:49.000,45.7
2024-12-21T22:44:49.000,45.4
2024-12-21T22:59:49.000,44.4
2024-12-21T23:14:49.000,43.8
2024-12-21T23:29:50.000,43.1
2024-12-21T23:44:50.000,42.2
2024-12-21T23:59:50.000,41.5
2024-12-22T00:14:50.000,40.2
2024-12-22T00:29:50.000,39
2024-12-22T00:44:50.000,37.7
2024-12-22T00:59:50.000,36.4
2024-12-22T01:14:50.000,35.4
2024-12-22T01:29:50.000,34.8
2024-12-22T01:44:50.000,34.1
2024-12-22T01:59:50.000,33.5
2024-12-22T02:14:50.000,32.8
2024-12-22T02:29:50.000,32.5
2024-12-22T02:44:50.000,32.2
2024-12-22T02:59:50.000,31.9
2024-12-22T03:14:50.000,30.9
2024-12-22T03:29:50.000,29.9
2024-12-22T03:44:50.000,29.3
2024-12-22T03:59:50.000,29
2024-12-22T04:14:50.000,28.6
2024-12-22T04:29:50.000,28.3
2024-12-22T04:44:50.000,28
2024-12-22T04:59:50.000,27.7
2024-12-22T05:14:47.000,27
2024-12-22T05:29:47.000,26.4
2024-12-22T05:44:47.000,25.7
2024-12-22T05:59:47.000,25.7
2024-12-22T06:14:47.000,25.7
2024-12-22T06:29:47.000,25.7
2024-12-22T06:44:47.000,25.7
2024-12-22T06:59:47.000,25.4
2024-12-22T07:14:48.000,25.4
2024-12-22T07:29:48.000,25.4
2024-12-22T07:44:48.000,25.1
2024-12-22T07:59:48.000,24.8
2024-12-22T08:14:48.000,24.4
2024-12-22T08:29:48.000,24.4
2024-12-22T08:44:48.000,23.8
2024-12-22T08:59:48.000,23.8
2024-12-22T09:14:48.000,23.8
2024-12-22T09:29:48.000,23.5
2024-12-22T09:44:48.000,23.2
2024-12-22T09:59:48.000,22.8
2024-12-22T10:14:48.000,22.8
2024-12-22T10:29:48.000,22.5
2024-12-22T10:44:48.000,22.5
2024-12-22T10:59:48.000,22.2
2024-12-22T11:14:48.000,21.9
2024-12-22T11:29:48.000,21.5
2024-12-22T11:44:48.000,21.5
2024-12-22T11:59:48.000,21.2
2024-12-22T12:14:48.000,21.2
2024-12-22T12:29:48.000,21.2
2024-12-22T12:44:48.000,21.2
2024-12-22T12:59:48.000,21.2
2024-12-22T13:14:48.000,21.2
2024-12-22T13:29:48.000,20.9
2024-12-22T13:44:48.000,20.6
2024-12-22T13:59:48.000,20.3
2024-12-22T14:14:48.000,19.9
2024-12-22T14:29:48.000,19.9
2024-12-22T14:44:48.000,19.9
2024-12-22T14:59:48.000,20.3
2024-12-22T15:14:48.000,20.6
2024-12-22T15:29:48.000,20.9
2024-12-22T15:44:48.000,21.5
2024-12-22T15:59:48.000,22.8
2024-12-22T16:14:48.000,25.7
2024-12-22T16:29:48.000,29
2024-12-22T16:44:48.000,32.5
2024-12-22T16:59:48.000,35.1
2024-12-22T17:14:48.000,35.1
2024-12-22T17:29:48.000,33.5
2024-12-22T17:44:48.000,33.1
2024-12-22T17:59:48.000,32.8
2024-12-22T18:14:48.000,33.1
2024-12-22T18:29:48.000,33.5
2024-12-22T18:44:48.000,34.1
2024-12-22T18:59:48.000,34.8
2024-12-22T19:14:48.000,35.4
2024-12-22T19:29:48.000,35.7
2024-12-22T19:44:48.000,36.7
2024-12-22T19:59:48.000,37.3
2024-12-22T20:14:48.000,38
2024-12-22T20:29:48.000,40.2
2024-12-22T20:44:48.000,42.5
2024-12-22T20:59:48.000,44.1
2024-12-22T21:14:48.000,45.1
2024-12-22T21:29:48.000,45.4
2024-12-22T21:44:48.000,45.4
2024-12-22T21:59:48.000,45.4
2024-12-22T22:14:48.000,45.1
2024-12-22T22:29:48.000,44.4
2024-12-22T22:44:48.000,44.1
2024-12-22T22:59:48.000,43.1
2024-12-22T23:14:48.000,42.2
2024-12-22T23:29:48.000,41.5
2024-12-22T23:44:48.000,40.2
2024-12-22T23:59:48.000,39.3
2024-12-23T00:14:48.000,38.3
2024-12-23T00:29:48.000,37.3
2024-12-23T00:44:48.000,36
2024-12-23T00:59:48.000,35.4
2024-12-23T01:14:48.000,34.8
2024-12-23T01:29:48.000,34.1
2024-12-23T01:44:48.000,33.5
2024-12-23T01:59:48.000,32.8
2024-12-23T02:14:48.000,31.9
2024-12-23T02:29:48.000,31.2
2024-12-23T02:44:48.000,30.6
2024-12-23T02:59:48.000,30.2
2024-12-23T03:14:48.000,29.6
2024-12-23T03:29:48.000,29.3
2024-12-23T03:44:48.000,29.3
2024-12-23T03:59:48.000,29.3
2024-12-23T04:14:48.000,29.3
2024-12-23T04:29:48.000,29.6
2024-12-23T04:44:48.000,29.9
2024-12-23T04:59:48.000,29.9
2024-12-23T05:14:48.000,29.9
2024-12-23T05:29:46.000,29.3
2024-12-23T05:44:46.000,29
2024-12-23T05:59:46.000,28.6
2024-12-23T06:14:46.000,28.3
2024-12-23T06:29:46.000,28
2024-12-23T06:44:46.000,28
2024-12-23T06:59:46.000,28
2024-12-23T07:14:46.000,27.7
2024-12-23T07:29:46.000,27.3
2024-12-23T07:44:46.000,27.3
2024-12-23T07:59:46.000,27.3
2024-12-23T08:14:46.000,27.3
2024-12-23T08:29:46.000,27.7
2024-12-23T08:44:46.000,27.7
2024-12-23T08:59:46.000,27.3
2024-12-23T09:14:46.000,27.3
2024-12-23T09:29:46.000,27.3
2024-12-23T09:44:46.000,27.3
2024-12-23T09:59:46.000,27.7
2024-12-23T10:14:46.000,27.7
2024-12-23T10:29:46.000,28
2024-12-23T10:44:46.000,27.7
2024-12-23T10:59:46.000,27.7
2024-12-23T11:14:46.000,27.7
2024-12-23T11:29:46.000,27.7
2024-12-23T11:44:46.000,27.7
2024-12-23T11:59:46.000,28
2024-12-23T12:14:46.000,28.3
2024-12-23T12:29:46.000,28.3
2024-12-23T12:44:46.000,28.3
2024-12-23T12:59:46.000,28
2024-12-23T13:14:46.000,27.7
2024-12-23T13:29:46.000,27.7
2024-12-23T13:44:46.000,27.3
2024-12-23T13:59:46.000,27.3
2024-12-23T14:14:46.000,26.7
2024-12-23T14:29:46.000,26.1
2024-12-23T14:44:46.000,25.4
2024-12-23T14:59:46.000,25.4
2024-12-23T15:14:46.000,25.1
2024-12-23T15:29:46.000,26.1
2024-12-23T15:44:46.000,26.7
2024-12-23T15:59:46.000,27.3
2024-12-23T16:14:46.000,29.3
2024-12-23T16:29:46.000,32.5
2024-12-23T16:44:46.000,35.4
2024-12-23T16:59:46.000,37.7
2024-12-23T17:14:46.000,37
2024-12-23T17:29:46.000,35.4
2024-12-23T17:44:46.000,34.4
2024-12-23T17:59:46.000,34.4
2024-12-23T18:14:46.000,34.4
2024-12-23T18:29:46.000,34.8
2024-12-23T18:44:46.000,35.4
2024-12-23T18:59:46.000,35.7
2024-12-23T19:14:46.000,36.4
2024-12-23T19:29:46.000,36.7
2024-12-23T19:44:46.000,37.3
2024-12-23T19:59:46.000,38
2024-12-23T20:14:46.000,38
2024-12-23T20:29:46.000,39.9
2024-12-23T20:44:46.000,42.2
2024-12-23T20:59:46.000,43.5
2024-12-23T21:14:46.000,44.1
2024-12-23T21:29:46.000,44.4
2024-12-23T21:44:46.000,44.8
2024-12-23T21:59:46.000,44.4
2024-12-23T22:14:46.000,44.4
2024-12-23T22:29:46.000,43.8
2024-12-23T22:44:46.000,43.8
2024-12-23T22:59:46.000,43.5
2024-12-23T23:14:46.000,42.5
2024-12-23T23:29:46.000,41.5
2024-12-23T23:44:46.000,40.6
2024-12-23T23:59:46.000,39.6
2024-12-24T00:14:46.000,38.3
2024-12-24T00:29:46.000,37.3
2024-12-24T00:44:46.000,36.4
2024-12-24T00:59:46.000,35.4
2024-12-24T01:14:46.000,34.8
2024-12-24T01:29:46.000,34.1
2024-12-24T01:44:46.000,33.5
2024-12-24T01:59:46.000,33.1
2024-12-24T02:14:46.000,32.8
2024-12-24T02:29:46.000,32.5
2024-12-24T02:44:46.000,31.9
2024-12-24T02:59:46.000,31.5
2024-12-24T03:14:46.000,31.2
2024-12-24T03:29:46.000,31.2
2024-12-24T03:44:46.000,31.2
2024-12-24T03:59:46.000,31.2
2024-12-24T04:14:46.000,30.6
2024-12-24T04:29:46.000,30.2
2024-12-24T04:44:46.000,29.6
2024-12-24T04:59:46.000,29
2024-12-24T05:14:44.000,28.6
2024-12-24T05:29:44.000,28.3
2024-12-24T05:44:44.000,28.6
2024-12-24T05:59:44.000,28.6
2024-12-24T06:14:44.000,28.3
2024-12-24T06:29:44.000,28
2024-12-24T06:44:44.000,28
2024-12-24T06:59:44.000,27.3
2024-12-24T07:14:44.000,27
2024-12-24T07:29:44.000,26.7
2024-12-24T07:44:44.000,26.4
2024-12-24T07:59:44.000,26.1
2024-12-24T08:14:44.000,25.7
2024-12-24T08:29:44.000,25.7
2024-12-24T08:44:44.000,25.4
2024-12-24T08:59:44.000,25.4
2024-12-24T09:14:44.000,25.4
2024-12-24T09:29:44.000,25.1
2024-12-24T09:44:44.000,24.8
2024-12-24T09:59:44.000,24.8
2024-12-24T10:14:44.000,24.4
2024-12-24T10:29:44.000,24.4
2024-12-24T10:44:44.000,24.4
2024-12-24T10:59:44.000,24.1
2024-12-24T11:14:44.000,24.1
2024-12-24T11:29:44.000,24.1
2024-12-24T11:44:44.000,24.1
2024-12-24T11:59:44.000,23.8
2024-12-24T12:14:44.000,23.5
2024-12-24T12:29:44.000,23.2
2024-12-24T12:44:44.000,23.2
2024-12-24T12:59:44.000,22.8
2024-12-24T13:14:44.000,22.8
2024-12-24T13:29:44.000,22.5
2024-12-24T13:44:44.000,22.5
2024-12-24T13:59:44.000,22.2
2024-12-24T14:14:44.000,22.2
2024-12-24T14:29:44.000,21.9
2024-12-24T14:44:44.000,22.2
2024-12-24T14:59:44.000,22.5
2024-12-24T15:14:44.000,22.5
2024-12-24T15:29:44.000,23.5
2024-12-24T15:44:44.000,24.4
2024-12-24T15:59:44.000,25.4
2024-12-24T16:14:44.000,28
2024-12-24T16:29:44.000,31.2
2024-12-24T16:44:44.000,34.1
2024-12-24T16:59:44.000,36.4
2024-12-24T17:14:44.000,36
2024-12-24T17:29:44.000,34.4
2024-12-24T17:44:44.000,33.8
2024-12-24T17:59:44.000,33.5
2024-12-24T18:14:44.000,33.8
2024-12-24T18:29:44.000,34.4
2024-12-24T18:44:44.000,35.1
2024-12-24T18:59:44.000,36
2024-12-24T19:14:44.000,37
2024-12-24T19:29:44.000,37.3
2024-12-24T19:44:44.000,38
2024-12-24T19:59:44.000,38.3
2024-12-24T20:14:44.000,39
2024-12-24T20:29:44.000,40.6
2024-12-24T20:44:44.000,43.1
2024-12-24T20:59:44.000,44.4
2024-12-24T21:14:44.000,45.4
2024-12-24T21:29:44.000,45.7
2024-12-24T21:44:44.000,46
2024-12-24T21:59:44.000,45.7
2024-12-24T22:14:44.000,45.7
2024-12-24T22:29:44.000,45.1
2024-12-24T22:44:44.000,44.4
2024-12-24T22:59:44.000,43.5
2024-12-24T23:14:44.000,42.8
2024-12-24T23:29:44.000,42.2
2024-12-24T23:44:44.000,41.2
2024-12-24T23:59:45.000,40.6
2024-12-25T00:14:45.000,39.9
2024-12-25T00:29:45.000,38.3
2024-12-25T00:44:45.000,37
2024-12-25T00:59:45.000,35.7
2024-12-25T01:14:45.000,34.8
2024-12-25T01:29:45.000,34.1
2024-12-25T01:44:45.000,33.1
2024-12-25T01:59:45.000,32.5
2024-12-25T02:14:45.000,31.9
2024-12-25T02:29:45.000,31.5
2024-12-25T02:44:45.000,31.5
2024-12-25T02:59:45.000,31.5
2024-12-25T03:14:45.000,31.2
2024-12-25T03:29:45.000,30.9
2024-12-25T03:44:45.000,30.6
2024-12-25T03:59:45.000,30.2
2024-12-25T04:14:45.000,30.2
2024-12-25T04:29:45.000,30.2
2024-12-25T04:44:45.000,29.9
2024-12-25T04:59:45.000,29.9
2024-12-25T05:14:42.000,29.9
2024-12-25T05:29:42.000,30.2
2024-12-25T05:44:42.000,30.2
2024-12-25T05:59:42.000,29.9
2024-12-25T06:14:42.000,29.9
2024-12-25T06:29:42.000,29.9
2024-12-25T06:44:42.000,29.9
2024-12-25T06:59:42.000,29.9
2024-12-25T07:14:42.000,29.6
2024-12-25T07:29:42.000,29
2024-12-25T07:44:43.000,28.6
2024-12-25T07:59:42.000,28.3
2024-12-25T08:14:43.000,28
2024-12-25T08:29:43.000,28
2024-12-25T08:44:43.000,28
2024-12-25T08:59:43.000,27.7
2024-12-25T09:14:43.000,27
2024-12-25T09:29:43.000,27
2024-12-25T09:44:43.000,27
2024-12-25T09:59:43.000,26.4
2024-12-25T10:14:43.000,26.1
2024-12-25T10:29:43.000,25.7
2024-12-25T10:44:43.000,25.4
2024-12-25T10:59:43.000,25.1
2024-12-25T11:14:43.000,24.8
2024-12-25T11:29:43.000,24.4
2024-12-25T11:44:43.000,24.4
2024-12-25T11:59:43.000,24.8
2024-12-25T12:14:43.000,24.8
2024-12-25T12:29:43.000,24.8
2024-12-25T12:44:43.000,24.8
2024-12-25T12:59:43.000,24.8
2024-12-25T13:14:43.000,24.4
2024-12-25T13:29:43.000,24.4
2024-12-25T13:44:43.000,24.1
2024-12-25T13:59:43.000,23.8
2024-12-25T14:14:43.000,23.5
2024-12-25T14:29:43.000,23.5
2024-12-25T14:44:43.000,23.2
2024-12-25T14:59:43.000,23.2
2024-12-25T15:14:43.000,23.5
2024-12-25T15:29:43.000,24.1
2024-12-25T15:44:43.000,24.8
2024-12-25T15:59:43.000,25.4
2024-12-25T16:14:43.000,27.7
2024-12-25T16:29:43.000,30.9
2024-12-25T16:44:43.000,33.8
2024-12-25T16:59:43.000,36.4
2024-12-25T17:14:43.000,37
2024-12-25T17:29:43.000,35.7
2024-12-25T17:44:43.000,35.1
2024-12-25T17:59:43.000,34.8
2024-12-25T18:14:43.000,34.4
2024-12-25T18:29:43.000,34.1
2024-12-25T18:44:43.000,34.1
2024-12-25T18:59:43.000,34.4
2024-12-25T19:14:43.000,34.4
2024-12-25T19:29:43.000,34.8
2024-12-25T19:44:43.000,34.8
2024-12-25T19:59:43.000,35.1
2024-12-25T20:14:43.000,35.4
2024-12-25T20:29:43.000,37
2024-12-25T20:44:43.000,39.3
2024-12-25T20:59:43.000,40.2
2024-12-25T21:14:43.000,40.6
2024-12-25T21:29:43.000,40.6
2024-12-25T21:44:43.000,40.2
2024-12-25T21:59:43.000,40.2
2024-12-25T22:14:43.000,39.6
2024-12-25T22:29:43.000,39
2024-12-25T22:44:43.000,38.3
2024-12-25T22:59:43.000,37.7
2024-12-25T23:14:43.000,37
2024-12-25T23:29:43.000,36.4
2024-12-25T23:44:43.000,35.7
2024-12-25T23:59:43.000,35.4
2024-12-26T00:14:43.000,34.1
2024-12-26T00:29:43.000,33.1
2024-12-26T00:44:43.000,32.2
2024-12-26T00:59:43.000,31.5
2024-12-26T01:14:43.000,30.9
2024-12-26T01:29:43.000,30.6
2024-12-26T01:44:43.000,29.9
2024-12-26T01:59:43.000,29.6
2024-12-26T02:14:43.000,29
2024-12-26T02:29:43.000,28.6
2024-12-26T02:44:43.000,28
2024-12-26T02:59:43.000,27.7
2024-12-26T03:14:43.000,27
2024-12-26T03:29:43.000,27
2024-12-26T03:44:43.000,26.7
2024-12-26T03:59:43.000,26.7
2024-12-26T04:14:43.000,26.4
2024-12-26T04:29:43.000,26.1
2024-12-26T04:44:43.000,25.7
2024-12-26T04:59:41.000,25.7
2024-12-26T05:14:41.000,25.4
2024-12-26T05:29:41.000,25.1
2024-12-26T05:44:41.000,24.8
2024-12-26T05:59:41.000,24.4
2024-12-26T06:14:41.000,24.4
2024-12-26T06:29:41.000,24.4
2024-12-26T06:44:41.000,24.8
2024-12-26T06:59:41.000,24.8
2024-12-26T07:14:41.000,24.4
2024-12-26T07:29:41.000,24.1
2024-12-26T07:44:41.000,23.5
2024-12-26T07:59:41.000,23.2
2024-12-26T08:14:41.000,22.5
2024-12-26T08:29:41.000,22.2
2024-12-26T08:44:41.000,22.2
2024-12-26T08:59:41.000,21.9
2024-12-26T09:14:41.000,21.9
2024-12-26T09:29:41.000,21.5
2024-12-26T09:44:41.000,21.2
2024-12-26T09:59:41.000,21.2
2024-12-26T10:14:41.000,20.9
2024-12-26T10:29:41.000,20.9
2024-12-26T10:44:41.000,20.6
2024-12-26T10:59:41.000,20.6
2024-12-26T11:14:41.000,20.6
2024-12-26T11:29:41.000,20.6
2024-12-26T11:44:41.000,20.6
2024-12-26T11:59:41.000,20.6
2024-12-26T12:14:41.000,20.6
2024-12-26T12:29:41.000,20.3
2024-12-26T12:44:41.000,20.3
2024-12-26T12:59:41.000,20.6
2024-12-26T13:14:41.000,20.6
2024-12-26T13:29:41.000,20.6
2024-12-26T13:44:41.000,20.6
2024-12-26T13:59:41.000,20.6
2024-12-26T14:14:41.000,20.9
2024-12-26T14:29:41.000,21.2
2024-12-26T14:44:41.000,20.9
2024-12-26T14:59:41.000,20.9
2024-12-26T15:14:41.000,20.9
2024-12-26T15:29:41.000,21.2
2024-12-26T15:44:41.000,21.9
2024-12-26T15:59:41.000,22.5
2024-12-26T16:14:41.000,25.1
2024-12-26T16:29:41.000,28.3
2024-12-26T16:44:41.000,30.9
2024-12-26T16:59:41.000,33.1
2024-12-26T17:14:41.000,33.8
2024-12-26T17:29:41.000,33.1
2024-12-26T17:44:41.000,33.8
2024-12-26T17:59:41.000,34.1
2024-12-26T18:14:41.000,34.8
2024-12-26T18:29:41.000,35.1
2024-12-26T18:44:41.000,35.4
2024-12-26T18:59:41.000,35.7
2024-12-26T19:14:41.000,36
2024-12-26T19:29:41.000,37
2024-12-26T19:44:41.000,37.3
2024-12-26T19:59:41.000,37.7
2024-12-26T20:14:41.000,38
2024-12-26T20:29:41.000,38.3
2024-12-26T20:44:41.000,38.3
2024-12-26T20:59:41.000,38
2024-12-26T21:14:41.000,37.7
2024-12-26T21:29:41.000,37.7
2024-12-26T21:44:41.000,37.7
2024-12-26T21:59:41.000,37.3
2024-12-26T22:14:41.000,36.4
2024-12-26T22:29:41.000,36
2024-12-26T22:44:41.000,36
2024-12-26T22:59:41.000,35.7
2024-12-26T23:14:41.000,35.1
2024-12-26T23:29:41.000,34.4
2024-12-26T23:44:41.000,33.8
2024-12-26T23:59:41.000,33.8
2024-12-27T00:14:41.000,33.1
2024-12-27T00:29:41.000,31.9
2024-12-27T00:44:41.000,30.9
2024-12-27T00:59:41.000,30.2
2024-12-27T01:14:41.000,29.6
2024-12-27T01:29:41.000,29
2024-12-27T01:44:41.000,28.6
2024-12-27T01:59:41.000,28
2024-12-27T02:14:41.000,27.7
2024-12-27T02:29:41.000,27.3
2024-12-27T02:44:41.000,27
2024-12-27T02:59:41.000,26.4
2024-12-27T03:14:41.000,26.1
2024-12-27T03:29:41.000,25.7
2024-12-27T03:44:41.000,25.4
2024-12-27T03:59:41.000,25.1
2024-12-27T04:14:41.000,25.1
2024-12-27T04:29:41.000,24.8
2024-12-27T04:44:41.000,24.4
2024-12-27T04:59:41.000,24.1
2024-12-27T05:14:39.000,23.5
2024-12-27T05:29:39.000,23.2
2024-12-27T05:44:39.000,23.2
2024-12-27T05:59:39.000,23.2
2024-12-27T06:14:39.000,23.2
2024-12-27T06:29:39.000,22.8
2024-12-27T06:44:39.000,22.5
2024-12-27T06:59:39.000,22.2
2024-12-27T07:14:39.000,21.9
2024-12-27T07:29:39.000,21.5
2024-12-27T07:44:39.000,21.5
2024-12-27T07:59:39.000,21.2
2024-12-27T08:14:39.000,21.2
2024-12-27T08:29:39.000,21.2
2024-12-27T08:44:39.000,21.2
2024-12-27T08:59:39.000,20.9
2024-12-27T09:14:39.000,20.9
2024-12-27T09:29:39.000,20.9
2024-12-27T09:44:39.000,20.9
2024-12-27T09:59:39.000,21.2
2024-12-27T10:14:39.000,21.2
2024-12-27T10:29:39.000,21.2
2024-12-27T10:44:39.000,21.2
2024-12-27T10:59:39.000,21.2
2024-12-27T11:14:39.000,20.9
2024-12-27T11:29:39.000,20.9
2024-12-27T11:44:39.000,20.6
2024-12-27T11:59:39.000,20.6
2024-12-27T12:14:39.000,20.3
2024-12-27T12:29:39.000,20.3
2024-12-27T12:44:39.000,19.9
2024-12-27T12:59:39.000,19.9
2024-12-27T13:14:39.000,19.9
2024-12-27T13:29:39.000,19.9
2024-12-27T13:44:39.000,19.9
2024-12-27T13:59:39.000,20.3
2024-12-27T14:14:39.000,20.3
2024-12-27T14:29:39.000,20.6
2024-12-27T14:44:39.000,20.9
2024-12-27T14:59:39.000,21.5
2024-12-27T15:14:39.000,22.2
2024-12-27T15:29:39.000,22.8
2024-12-27T15:44:39.000,24.1
2024-12-27T15:59:39.000,24.8
2024-12-27T16:14:39.000,25.7
2024-12-27T16:29:39.000,27
2024-12-27T16:44:39.000,27.7
2024-12-27T16:59:39.000,28
2024-12-27T17:14:39.000,28
2024-12-27T17:29:39.000,28.3
2024-12-27T17:44:39.000,28.6
2024-12-27T17:59:39.000,28.6
2024-12-27T18:14:39.000,29.6
2024-12-27T18:29:39.000,29.9
2024-12-27T18:44:39.000,30.9
2024-12-27T18:59:39.000,31.5
2024-12-27T19:14:39.000,32.2
2024-12-27T19:29:39.000,32.8
2024-12-27T19:44:39.000,33.8
2024-12-27T19:59:39.000,34.8
2024-12-27T20:14:40.000,35.4
2024-12-27T20:29:40.000,36.7
2024-12-27T20:44:40.000,39
2024-12-27T20:59:40.000,40.2
2024-12-27T21:14:40.000,40.9
2024-12-27T21:29:40.000,40.2
2024-12-27T21:44:40.000,39.6
2024-12-27T21:59:40.000,39.6
2024-12-27T22:14:40.000,39
2024-12-27T22:29:40.000,39
2024-12-27T22:44:40.000,39
2024-12-27T22:59:40.000,38.6
2024-12-27T23:14:40.000,38.3
2024-12-27T23:29:40.000,37.7
2024-12-27T23:44:40.000,37.3
2024-12-27T23:59:40.000,36.4
2024-12-28T00:14:40.000,35.7
2024-12-28T00:29:40.000,34.8
2024-12-28T00:44:40.000,33.5
2024-12-28T00:59:40.000,32.8
2024-12-28T01:14:40.000,32.2
2024-12-28T01:29:40.000,31.5
2024-12-28T01:44:40.000,30.6
2024-12-28T01:59:40.000,30.2
2024-12-28T02:14:40.000,29.6
2024-12-28T02:29:40.000,29.6
2024-12-28T02:44:40.000,29.3
2024-12-28T02:59:40.000,28.6
2024-12-28T03:14:40.000,28.3
2024-12-28T03:29:40.000,28
2024-12-28T03:44:40.000,28
2024-12-28T03:59:40.000,28
2024-12-28T04:14:40.000,27.7
2024-12-28T04:29:40.000,27.3
2024-12-28T04:44:40.000,26.7
2024-12-28T04:59:40.000,26.1
2024-12-28T05:14:37.000,25.4
2024-12-28T05:29:37.000,25.4
2024-12-28T05:44:37.000,24.8
2024-12-28T05:59:38.000,24.4
2024-12-28T06:14:37.000,24.1
2024-12-28T06:29:38.000,23.8
2024-12-28T06:44:38.000,23.5
2024-12-28T06:59:38.000,23.5
2024-12-28T07:14:38.000,23.2
2024-12-28T07:29:38.000,23.2
2024-12-28T07:44:38.000,23.2
2024-12-28T07:59:38.000,22.8
2024-12-28T08:14:38.000,22.8
2024-12-28T08:29:38.000,22.8
2024-12-28T08:44:38.000,22.5
2024-12-28T08:59:38.000,22.2
2024-12-28T09:14:38.000,22.2
2024-12-28T09:29:38.000,21.9
2024-12-28T09:44:38.000,21.9
2024-12-28T09:59:38.000,21.5
2024-12-28T10:14:38.000,21.5
2024-12-28T10:29:38.000,21.5
2024-12-28T10:44:38.000,21.5
2024-12-28T10:59:38.000,21.5
2024-12-28T11:14:38.000,21.2
2024-12-28T11:29:38.000,20.9
2024-12-28T11:44:38.000,20.6
2024-12-28T11:59:38.000,20.6
2024-12-28T12:14:38.000,20.3
2024-12-28T12:29:38.000,20.3
2024-12-28T12:44:38.000,20.3
2024-12-28T12:59:38.000,20.3
2024-12-28T13:14:38.000,20.3
2024-12-28T13:29:38.000,20.3
2024-12-28T13:44:38.000,19.9
2024-12-28T13:59:38.000,19.9
2024-12-28T14:14:38.000,19.6
2024-12-28T14:29:38.000,19.6
2024-12-28T14:44:38.000,19.9
2024-12-28T14:59:38.000,20.6
2024-12-28T15:14:38.000,21.2
2024-12-28T15:29:38.000,22.2
2024-12-28T15:44:38.000,23.2
2024-12-28T15:59:38.000,23.8
2024-12-28T16:14:38.000,25.7
2024-12-28T16:29:38.000,28
2024-12-28T16:44:38.000,30.2
2024-12-28T16:59:38.000,32.5
2024-12-28T17:14:38.000,33.1
2024-12-28T17:29:38.000,32.5
2024-12-28T17:44:38.000,31.9
2024-12-28T17:59:38.000,31.9
2024-12-28T18:14:38.000,32.8
2024-12-28T18:29:38.000,33.5
2024-12-28T18:44:38.000,34.4
2024-12-28T18:59:38.000,35.4
2024-12-28T19:14:38.000,36.4
2024-12-28T19:29:38.000,36.7
2024-12-28T19:44:38.000,36.4
2024-12-28T19:59:38.000,36.7
2024-12-28T20:14:38.000,36.7
2024-12-28T20:29:38.000,37.7
2024-12-28T20:44:38.000,39.9
2024-12-28T20:59:38.000,41.2
2024-12-28T21:14:38.000,41.9
2024-12-28T21:29:38.000,41.9
2024-12-28T21:44:38.000,41.9
2024-12-28T21:59:38.000,41.2
2024-12-28T22:14:38.000,40.9
2024-12-28T22:29:38.000,39.9
2024-12-28T22:44:38.000,39
2024-12-28T22:59:38.000,38.3
2024-12-28T23:14:38.000,37.7
2024-12-28T23:29:38.000,37
2024-12-28T23:44:38.000,36.4
2024-12-28T23:59:38.000,35.7
2024-12-29T00:14:38.000,34.8
2024-12-29T00:29:38.000,33.8
2024-12-29T00:44:38.000,33.1
2024-12-29T00:59:38.000,32.5
2024-12-29T01:14:38.000,31.5
2024-12-29T01:29:38.000,31.2
2024-12-29T01:44:38.000,30.6
2024-12-29T01:59:38.000,30.2
2024-12-29T02:14:38.000,29.9
2024-12-29T02:29:38.000,29.3
2024-12-29T02:44:38.000,29
2024-12-29T02:59:38.000,28.6
2024-12-29T03:14:38.000,28.3
2024-12-29T03:29:38.000,28
2024-12-29T03:44:38.000,27.7
2024-12-29T03:59:38.000,27.3
2024-12-29T04:14:38.000,27
2024-12-29T04:29:38.000,26.7
2024-12-29T04:44:38.000,26.7
2024-12-29T04:59:38.000,26.4
2024-12-29T05:14:36.000,26.1
2024-12-29T05:29:36.000,25.7
2024-12-29T05:44:36.000,25.7
2024-12-29T05:59:36.000,25.4
2024-12-29T06:14:36.000,25.4
2024-12-29T06:29:36.000,25.1
2024-12-29T06:44:36.000,25.1
2024-12-29T06:59:36.000,24.8
2024-12-29T07:14:36.000,25.1
2024-12-29T07:29:36.000,25.1
2024-12-29T07:44:36.000,24.8
2024-12-29T07:59:36.000,24.4
2024-12-29T08:14:36.000,24.4
2024-12-29T08:29:36.000,24.1
2024-12-29T08:44:36.000,23.8
2024-12-29T08:59:36.000,23.5
2024-12-29T09:14:36.000,23.5
2024-12-29T09:29:36.000,23.5
2024-12-29T09:44:36.000,23.2
2024-12-29T09:59:36.000,23.2
2024-12-29T10:14:36.000,23.2
2024-12-29T10:29:36.000,23.2
2024-12-29T10:44:36.000,22.8
2024-12-29T10:59:36.000,22.8
2024-12-29T11:14:36.000,22.5
2024-12-29T11:29:36.000,22.5
2024-12-29T11:44:36.000,22.2
2024-12-29T11:59:36.000,22.2
2024-12-29T12:14:36.000,22.5
2024-12-29T12:29:36.000,22.5
2024-12-29T12:44:36.000,22.5
2024-12-29T12:59:36.000,22.2
2024-12-29T13:14:36.000,21.9
2024-12-29T13:29:36.000,21.5
2024-12-29T13:44:36.000,21.5
2024-12-29T13:59:36.000,21.2
2024-12-29T14:14:36.000,21.2
2024-12-29T14:29:36.000,20.9
2024-12-29T14:44:36.000,21.2
2024-12-29T14:59:36.000,21.2
2024-12-29T15:14:36.000,21.5
2024-12-29T15:29:36.000,22.2
2024-12-29T15:44:36.000,23.2
2024-12-29T15:59:36.000,23.8
2024-12-29T16:14:36.000,26.1
2024-12-29T16:29:36.000,29.6
2024-12-29T16:44:36.000,32.8
2024-12-29T16:59:36.000,35.7
2024-12-29T17:14:36.000,36
2024-12-29T17:29:36.000,34.4
2024-12-29T17:44:36.000,33.8
2024-12-29T17:59:36.000,33.5
2024-12-29T18:14:36.000,33.5
2024-12-29T18:29:36.000,34.1
2024-12-29T18:44:36.000,34.8
2024-12-29T18:59:36.000,35.4
2024-12-29T19:14:36.000,36
2024-12-29T19:29:36.000,36.7
2024-12-29T19:44:36.000,37
2024-12-29T19:59:36.000,38
2024-12-29T20:14:36.000,38
2024-12-29T20:29:36.000,39.6
2024-12-29T20:44:36.000,42.5
2024-12-29T20:59:36.000,44.1
2024-12-29T21:14:36.000,45.1
2024-12-29T21:29:36.000,45.4
2024-12-29T21:44:36.000,45.7
2024-12-29T21:59:36.000,45.4
2024-12-29T22:14:36.000,45.1
2024-12-29T22:29:36.000,44.8
2024-12-29T22:44:36.000,44.1
2024-12-29T22:59:36.000,43.1
2024-12-29T23:14:36.000,42.5
2024-12-29T23:29:36.000,41.9
2024-12-29T23:44:36.000,40.9
2024-12-29T23:59:36.000,40.2
2024-12-30T00:14:36.000,39.3
2024-12-30T00:29:36.000,38.3
2024-12-30T00:44:36.000,37
2024-12-30T00:59:36.000,35.7
2024-12-30T01:14:36.000,34.8
2024-12-30T01:29:36.000,34.1
2024-12-30T01:44:36.000,33.1
2024-12-30T01:59:36.000,32.5
2024-12-30T02:14:36.000,31.9
2024-12-30T02:29:36.000,31.2
2024-12-30T02:44:36.000,30.2
2024-12-30T02:59:36.000,29.9
2024-12-30T03:14:36.000,29.6
2024-12-30T03:29:36.000,29
2024-12-30T03:44:36.000,29
2024-12-30T03:59:36.000,28.6
2024-12-30T04:14:36.000,28
2024-12-30T04:29:36.000,27.3
2024-12-30T04:44:36.000,26.7
2024-12-30T04:59:36.000,26.4
2024-12-30T05:14:34.000,26.4
2024-12-30T05:29:34.000,26.4
2024-12-30T05:44:34.000,26.4
2024-12-30T05:59:34.000,26.4
2024-12-30T06:14:34.000,26.1
2024-12-30T06:29:34.000,25.7
2024-12-30T06:44:34.000,25.4
2024-12-30T06:59:34.000,25.1
2024-12-30T07:14:34.000,24.8
2024-12-30T07:29:34.000,24.8
2024-12-30T07:44:34.000,24.4
2024-12-30T07:59:34.000,24.4
2024-12-30T08:14:34.000,24.1
2024-12-30T08:29:34.000,23.8
2024-12-30T08:44:34.000,23.8
2024-12-30T08:59:34.000,23.8
2024-12-30T09:14:34.000,23.8
2024-12-30T09:29:34.000,23.5
2024-12-30T09:44:34.000,23.5
2024-12-30T09:59:34.000,23.2
2024-12-30T10:14:34.000,22.8
2024-12-30T10:29:34.000,22.8
2024-12-30T10:44:34.000,22.8
2024-12-30T10:59:34.000,22.5
2024-12-30T11:14:34.000,22.5
2024-12-30T11:29:34.000,22.2
2024-12-30T11:44:34.000,21.9
2024-12-30T11:59:34.000,21.9
2024-12-30T12:14:34.000,21.5
2024-12-30T12:29:34.000,21.5
2024-12-30T12:44:34.000,21.5
2024-12-30T12:59:34.000,21.2
2024-12-30T13:14:34.000,21.2
2024-12-30T13:29:34.000,21.2
2024-12-30T13:44:34.000,20.9
2024-12-30T13:59:34.000,20.9
2024-12-30T14:14:34.000,20.9
2024-12-30T14:29:34.000,20.9
2024-12-30T14:44:34.000,20.9
2024-12-30T14:59:34.000,20.9
2024-12-30T15:14:34.000,21.2
2024-12-30T15:29:34.000,21.9
2024-12-30T15:44:34.000,22.5
2024-12-30T15:59:34.000,23.5
2024-12-30T16:14:34.000,25.7
2024-12-30T16:29:34.000,29.3
2024-12-30T16:44:34.000,32.8
2024-12-30T16:59:34.000,35.1
2024-12-30T17:14:34.000,35.7
2024-12-30T17:29:34.000,34.1
2024-12-30T17:44:34.000,33.1
2024-12-30T17:59:34.000,32.8
2024-12-30T18:14:34.000,33.1
2024-12-30T18:29:34.000,33.1
2024-12-30T18:44:34.000,33.8
2024-12-30T18:59:34.000,34.4
2024-12-30T19:14:34.000,35.1
2024-12-30T19:29:34.000,35.4
2024-12-30T19:44:34.000,36
2024-12-30T19:59:34.000,36.7
2024-12-30T20:14:34.000,37
2024-12-30T20:29:34.000,38.6
2024-12-30T20:44:34.000,41.2
2024-12-30T20:59:34.000,42.5
2024-12-30T21:14:34.000,43.5
2024-12-30T21:29:34.000,43.5
2024-12-30T21:44:34.000,43.5
2024-12-30T21:59:34.000,43.5
2024-12-30T22:14:34.000,43.5
2024-12-30T22:29:34.000,42.8
2024-12-30T22:44:35.000,42.5
2024-12-30T22:59:34.000,41.9
2024-12-30T23:14:35.000,41.2
2024-12-30T23:29:35.000,40.9
2024-12-30T23:44:35.000,39.9
2024-12-30T23:59:35.000,39.3
2024-12-31T00:14:35.000,38.3
2024-12-31T00:29:35.000,37
2024-12-31T00:44:35.000,36
2024-12-31T00:59:34.000,34.8
2024-12-31T01:14:35.000,34.1
2024-12-31T01:29:35.000,33.8
2024-12-31T01:44:35.000,33.1
2024-12-31T01:59:35.000,32.2
2024-12-31T02:14:35.000,31.2
2024-12-31T02:29:35.000,30.9
2024-12-31T02:44:35.000,30.6
2024-12-31T02:59:35.000,29.9
2024-12-31T03:14:35.000,29.6
2024-12-31T03:29:35.000,29.3
2024-12-31T03:44:35.000,28.6
2024-12-31T03:59:35.000,28.3
2024-12-31T04:14:35.000,28
2024-12-31T04:29:35.000,27.7
2024-12-31T04:44:35.000,27.3
2024-12-31T04:59:35.000,27
2024-12-31T05:14:32.000,26.7
2024-12-31T05:29:32.000,26.4
2024-12-31T05:44:32.000,25.7
2024-12-31T05:59:33.000,25.4
2024-12-31T06:14:33.000,25.1
2024-12-31T06:29:33.000,24.8
2024-12-31T06:44:33.000,24.4
2024-12-31T06:59:33.000,24.4
2024-12-31T07:14:33.000,24.1
2024-12-31T07:29:33.000,24.1
2024-12-31T07:44:33.000,24.1
2024-12-31T07:59:33.000,24.1
2024-12-31T08:14:33.000,23.8
2024-12-31T08:29:33.000,23.5
2024-12-31T08:44:33.000,23.5
2024-12-31T08:59:33.000,22.8
2024-12-31T09:14:33.000,22.5
2024-12-31T09:29:33.000,22.2
2024-12-31T09:44:33.000,22.2
2024-12-31T09:59:33.000,22.5
2024-12-31T10:14:33.000,22.2
2024-12-31T10:29:33.000,22.2
2024-12-31T10:44:33.000,21.9
2024-12-31T10:59:33.000,21.5
2024-12-31T11:14:33.000,21.2
2024-12-31T11:29:33.000,21.2
2024-12-31T11:44:33.000,20.9
2024-12-31T11:59:33.000,20.9
2024-12-31T12:14:33.000,20.6
2024-12-31T12:29:33.000,20.6
2024-12-31T12:44:33.000,20.6
2024-12-31T12:59:33.000,20.6
2024-12-31T13:14:33.000,20.6
2024-12-31T13:29:33.000,20.3
2024-12-31T13:44:33.000,20.3
2024-12-31T13:59:33.000,20.3
2024-12-31T14:14:33.000,19.9
2024-12-31T14:29:33.000,19.9
2024-12-31T14:44:33.000,19.9
2024-12-31T14:59:33.000,20.3
2024-12-31T15:14:33.000,20.6
2024-12-31T15:29:33.000,21.5
2024-12-31T15:44:33.000,22.2
2024-12-31T15:59:33.000,23.5
2024-12-31T16:14:33.000,25.7
2024-12-31T16:29:33.000,29.3
2024-12-31T16:44:33.000,32.2
2024-12-31T16:59:33.000,34.4
2024-12-31T17:14:33.000,35.4
2024-12-31T17:29:33.000,34.1
2024-12-31T17:44:33.000,33.5
2024-12-31T17:59:33.000,32.8
2024-12-31T18:14:33.000,33.1
2024-12-31T18:29:33.000,33.1
2024-12-31T18:44:33.000,34.1
2024-12-31T18:59:33.000,35.4
2024-12-31T19:14:33.000,36
2024-12-31T19:29:33.000,37
2024-12-31T19:44:33.000,38
2024-12-31T19:59:33.000,38
2024-12-31T20:14:33.000,38.6
2024-12-31T20:29:33.000,39.6
2024-12-31T20:44:33.000,41.5
2024-12-31T20:59:33.000,42.5
2024-12-31T21:14:33.000,43.1
2024-12-31T21:29:33.000,43.1
2024-12-31T21:44:33.000,43.5
2024-12-31T21:59:33.000,43.1
2024-12-31T22:14:33.000,43.1
2024-12-31T22:29:33.000,42.8
2024-12-31T22:44:33.000,42.2
2024-12-31T22:59:33.000,41.5
2024-12-31T23:14:33.000,40.6
2024-12-31T23:29:33.000,39.9
2024-12-31T23:44:33.000,39
2024-12-31T23:59:33.000,38.3
2025-01-01T00:14:33.000,37.3
2025-01-01T00:29:33.000,36
2025-01-01T00:44:33.000,35.1
2025-01-01T00:59:33.000,33.8
2025-01-01T01:14:33.000,33.1
2025-01-01T01:29:33.000,32.2
2025-01-01T01:44:33.000,31.2
2025-01-01T01:59:33.000,30.6
2025-01-01T02:14:33.000,30.2
2025-01-01T02:29:33.000,29.9
2025-01-01T02:44:33.000,29.3
2025-01-01T02:59:33.000,28.6
2025-01-01T03:14:33.000,28.3
2025-01-01T03:29:33.000,27.7
2025-01-01T03:44:33.000,27
2025-01-01T03:59:33.000,26.7
2025-01-01T04:14:33.000,26.4
2025-01-01T04:29:33.000,26.1
2025-01-01T04:44:33.000,25.7
2025-01-01T04:59:33.000,25.4
2025-01-01T05:14:33.000,25.1
2025-01-01T05:29:31.000,24.8
2025-01-01T05:44:31.000,24.4
2025-01-01T05:59:31.000,24.1
2025-01-01T06:14:31.000,23.8
2025-01-01T06:29:31.000,23.5
2025-01-01T06:44:31.000,23.2
2025-01-01T06:59:31.000,22.8
2025-01-01T07:14:31.000,22.5
2025-01-01T07:29:31.000,22.5
2025-01-01T07:44:31.000,22.5
2025-01-01T07:59:31.000,22.5
2025-01-01T08:14:31.000,22.5
2025-01-01T08:29:31.000,22.5
2025-01-01T08:44:31.000,22.8
2025-01-01T08:59:31.000,22.5
2025-01-01T09:14:31.000,22.5
2025-01-01T09:29:31.000,22.5
2025-01-01T09:44:31.000,22.5
2025-01-01T09:59:31.000,22.5
2025-01-01T10:14:31.000,22.2
2025-01-01T10:29:31.000,21.9
2025-01-01T10:44:31.000,21.9
2025-01-01T10:59:31.000,21.5
2025-01-01T11:14:31.000,21.2
2025-01-01T11:29:31.000,21.2
2025-01-01T11:44:31.000,20.9
2025-01-01T11:59:31.000,20.6
2025-01-01T12:14:31.000,20.3
2025-01-01T12:29:31.000,19.9
2025-01-01T12:44:31.000,19.6
2025-01-01T12:59:31.000,19.6
2025-01-01T13:14:31.000,19.3
2025-01-01T13:29:31.000,19.3
2025-01-01T13:44:31.000,19
2025-01-01T13:59:31.000,19
2025-01-01T14:14:31.000,18.6
2025-01-01T14:29:31.000,18.6
2025-01-01T14:44:31.000,19
2025-01-01T14:59:31.000,19
2025-01-01T15:14:31.000,19.3
2025-01-01T15:29:31.000,19.9
2025-01-01T15:44:31.000,20.6
2025-01-01T15:59:31.000,21.5
2025-01-01T16:14:31.000,24.1
2025-01-01T16:29:31.000,27.7
2025-01-01T16:44:31.000,30.6
2025-01-01T16:59:31.000,33.1
2025-01-01T17:14:31.000,34.4
2025-01-01T17:29:31.000,32.8
2025-01-01T17:44:31.000,31.9
2025-01-01T17:59:31.000,31.5
2025-01-01T18:14:31.000,31.5
2025-01-01T18:29:31.000,31.9
2025-01-01T18:44:31.000,32.2
2025-01-01T18:59:31.000,32.8
2025-01-01T19:14:31.000,33.5
2025-01-01T19:29:31.000,34.1
2025-01-01T19:44:31.000,34.4
2025-01-01T19:59:31.000,35.1
2025-01-01T20:14:31.000,35.7
2025-01-01T20:29:31.000,37.7
2025-01-01T20:44:31.000,40.2
2025-01-01T20:59:31.000,41.9
2025-01-01T21:14:31.000,42.8
2025-01-01T21:29:31.000,43.1
2025-01-01T21:44:31.000,43.1
2025-01-01T21:59:31.000,42.8
2025-01-01T22:14:31.000,42.5
2025-01-01T22:29:31.000,42.2
2025-01-01T22:44:31.000,41.9
2025-01-01T22:59:31.000,41.2
2025-01-01T23:14:31.000,40.6
2025-01-01T23:29:31.000,39.9
2025-01-01T23:44:31.000,39
2025-01-01T23:59:31.000,38.6
2025-01-02T00:14:31.000,37.7
2025-01-02T00:29:31.000,36.4
2025-01-02T00:44:31.000,35.1
2025-01-02T00:59:31.000,33.5
2025-01-02T01:14:31.000,32.2
2025-01-02T01:29:31.000,31.5
2025-01-02T01:44:31.000,30.9
2025-01-02T01:59:31.000,30.2
2025-01-02T02:14:31.000,30.2
2025-01-02T02:29:31.000,29.9
2025-01-02T02:44:31.000,29.6
2025-01-02T02:59:32.000,29
2025-01-02T03:14:31.000,28
2025-01-02T03:29:31.000,27.3
2025-01-02T03:44:31.000,26.7
2025-01-02T03:59:31.000,26.4
2025-01-02T04:14:31.000,25.7
2025-01-02T04:29:31.000,25.4
2025-01-02T04:44:31.000,25.1
2025-01-02T04:59:31.000,24.8
2025-01-02T05:14:29.000,24.1
2025-01-02T05:29:29.000,24.1
2025-01-02T05:44:29.000,23.8
2025-01-02T05:59:29.000,23.5
2025-01-02T06:14:29.000,23.2
2025-01-02T06:29:29.000,23.2
2025-01-02T06:44:29.000,23.2
2025-01-02T06:59:29.000,23.2
2025-01-02T07:14:29.000,23.2
2025-01-02T07:29:29.000,22.8
2025-01-02T07:44:29.000,22.8
2025-01-02T07:59:29.000,22.8
2025-01-02T08:14:29.000,22.8
2025-01-02T08:29:29.000,22.8
2025-01-02T08:44:29.000,22.5
2025-01-02T08:59:29.000,22.5
2025-01-02T09:14:29.000,22.5
2025-01-02T09:29:29.000,22.5
2025-01-02T09:44:29.000,22.5
2025-01-02T09:59:29.000,22.2
2025-01-02T10:14:29.000,22.2
2025-01-02T10:29:29.000,22.5
2025-01-02T10:44:29.000,22.5
2025-01-02T10:59:29.000,22.2
2025-01-02T11:14:29.000,21.9
2025-01-02T11:29:29.000,21.5
2025-01-02T11:44:29.000,20.9
2025-01-02T11:59:29.000,20.6
2025-01-02T12:14:29.000,20.6
2025-01-02T12:29:29.000,20.6
2025-01-02T12:44:29.000,20.6
2025-01-02T12:59:29.000,20.6
2025-01-02T13:14:29.000,20.6
2025-01-02T13:29:29.000,20.3
2025-01-02T13:44:29.000,20.3
2025-01-02T13:59:29.000,19.9
2025-01-02T14:14:29.000,19.9
2025-01-02T14:29:29.000,19.6
2025-01-02T14:44:29.000,19.6
2025-01-02T14:59:29.000,19.3
2025-01-02T15:14:29.000,19.6
2025-01-02T15:29:29.000,20.6
2025-01-02T15:44:29.000,21.2
2025-01-02T15:59:29.000,22.2
2025-01-02T16:14:29.000,24.4
2025-01-02T16:29:29.000,28
2025-01-02T16:44:29.000,31.5
2025-01-02T16:59:29.000,34.4
2025-01-02T17:14:29.000,35.7
2025-01-02T17:29:29.000,34.1
2025-01-02T17:44:29.000,32.8
2025-01-02T17:59:29.000,31.9
2025-01-02T18:14:29.000,31.5
2025-01-02T18:29:29.000,31.9
2025-01-02T18:44:29.000,32.2
2025-01-02T18:59:29.000,32.8
2025-01-02T19:14:30.000,33.5
2025-01-02T19:29:30.000,34.1
2025-01-02T19:44:30.000,35.1
2025-01-02T19:59:30.000,35.7
2025-01-02T20:14:30.000,36.4
2025-01-02T20:29:30.000,38.3
2025-01-02T20:44:30.000,41.2
2025-01-02T20:59:30.000,42.8
2025-01-02T21:14:29.000,44.1
2025-01-02T21:29:30.000,44.1
2025-01-02T21:44:30.000,44.4
2025-01-02T21:59:30.000,44.1
2025-01-02T22:14:30.000,44.1
2025-01-02T22:29:30.000,43.8
2025-01-02T22:44:30.000,43.1
2025-01-02T22:59:30.000,42.5
2025-01-02T23:14:30.000,42.2
2025-01-02T23:29:30.000,41.5
2025-01-02T23:44:30.000,40.6
2025-01-02T23:59:30.000,39.9
2025-01-03T00:14:30.000,39.3
2025-01-03T00:29:30.000,38.3
2025-01-03T00:44:30.000,36.7
2025-01-03T00:59:30.000,35.4
2025-01-03T01:14:30.000,34.4
2025-01-03T01:29:30.000,33.8
2025-01-03T01:44:30.000,32.8
2025-01-03T01:59:30.000,32.5
2025-01-03T02:14:30.000,31.9
2025-01-03T02:29:30.000,31.2
2025-01-03T02:44:30.000,30.2
2025-01-03T02:59:30.000,30.2
2025-01-03T03:14:30.000,29.6
2025-01-03T03:29:30.000,29
2025-01-03T03:44:30.000,28.3
2025-01-03T03:59:30.000,27.7
2025-01-03T04:14:30.000,27.3
2025-01-03T04:29:30.000,27.3
2025-01-03T04:44:30.000,27.3
2025-01-03T04:59:30.000,27
2025-01-03T05:14:28.000,26.7
2025-01-03T05:29:28.000,26.4
2025-01-03T05:44:28.000,25.7
2025-01-03T05:59:28.000,25.7
2025-01-03T06:14:28.000,25.4
2025-01-03T06:29:28.000,25.1
2025-01-03T06:44:28.000,24.8
2025-01-03T06:59:28.000,24.4
2025-01-03T07:14:28.000,24.4
2025-01-03T07:29:28.000,24.4
2025-01-03T07:44:28.000,24.4
2025-01-03T07:59:28.000,24.1
2025-01-03T08:14:28.000,23.8
2025-01-03T08:29:28.000,23.5
2025-01-03T08:44:28.000,23.5
2025-01-03T08:59:28.000,23.2
2025-01-03T09:14:28.000,22.8
2025-01-03T09:29:28.000,22.8
2025-01-03T09:44:28.000,22.5
2025-01-03T09:59:28.000,22.5
2025-01-03T10:14:28.000,22.5
2025-01-03T10:29:28.000,22.5
2025-01-03T10:44:28.000,22.8
2025-01-03T10:59:28.000,22.5
2025-01-03T11:14:28.000,22.5
2025-01-03T11:29:28.000,22.2
2025-01-03T11:44:28.000,22.2
2025-01-03T11:59:28.000,22.2
2025-01-03T12:14:28.000,22.2
2025-01-03T12:29:28.000,21.9
2025-01-03T12:44:28.000,21.5
2025-01-03T12:59:28.000,21.2
2025-01-03T13:14:28.000,21.2
2025-01-03T13:29:28.000,20.9
2025-01-03T13:44:28.000,21.2
2025-01-03T13:59:28.000,20.9
2025-01-03T14:14:28.000,20.6
2025-01-03T14:29:28.000,20.6
2025-01-03T14:44:28.000,20.9
2025-01-03T14:59:28.000,21.5
2025-01-03T15:14:28.000,22.2
2025-01-03T15:29:28.000,23.5
2025-01-03T15:44:28.000,24.8
2025-01-03T15:59:28.000,26.4
2025-01-03T16:14:28.000,28.3
2025-01-03T16:29:28.000,30.9
2025-01-03T16:44:28.000,34.4
2025-01-03T16:59:28.000,36.7
2025-01-03T17:14:28.000,38
2025-01-03T17:29:28.000,37.3
2025-01-03T17:44:28.000,37
2025-01-03T17:59:28.000,37
2025-01-03T18:14:28.000,37
2025-01-03T18:29:28.000,38
2025-01-03T18:44:28.000,38.3
2025-01-03T18:59:28.000,39.6
2025-01-03T19:14:28.000,40.6
2025-01-03T19:29:28.000,41.5
2025-01-03T19:44:28.000,42.5
2025-01-03T19:59:28.000,43.1
2025-01-03T20:14:28.000,43.1
2025-01-03T20:29:28.000,44.8
2025-01-03T20:44:28.000,46.4
2025-01-03T20:59:28.000,47.3
2025-01-03T21:14:28.000,48
2025-01-03T21:29:28.000,48.3
2025-01-03T21:44:28.000,48.6
2025-01-03T21:59:28.000,48.6
2025-01-03T22:14:28.000,48.3
2025-01-03T22:29:28.000,47.7
2025-01-03T22:44:28.000,47.3
2025-01-03T22:59:28.000,46.7
2025-01-03T23:14:28.000,46
2025-01-03T23:29:28.000,44.8
2025-01-03T23:44:28.000,44.1
2025-01-03T23:59:28.000,43.1
2025-01-04T00:14:28.000,41.9
2025-01-04T00:29:28.000,40.6
2025-01-04T00:44:28.000,39.3
2025-01-04T00:59:28.000,38.3
2025-01-04T01:14:28.000,37
2025-01-04T01:29:29.000,36.4
2025-01-04T01:44:28.000,35.7
2025-01-04T01:59:28.000,35.1
2025-01-04T02:14:28.000,34.8
2025-01-04T02:29:28.000,34.1
2025-01-04T02:44:28.000,33.5
2025-01-04T02:59:28.000,33.1
2025-01-04T03:14:28.000,32.5
2025-01-04T03:29:28.000,31.9
2025-01-04T03:44:28.000,31.5
2025-01-04T03:59:28.000,31.2
2025-01-04T04:14:28.000,31.2
2025-01-04T04:29:28.000,31.2
2025-01-04T04:44:28.000,30.9
2025-01-04T04:59:28.000,30.6
2025-01-04T05:14:26.000,30.2
2025-01-04T05:29:26.000,29.9
2025-01-04T05:44:26.000,29.6
2025-01-04T05:59:26.000,29.3
2025-01-04T06:14:26.000,28.6
2025-01-04T06:29:26.000,28.3
2025-01-04T06:44:26.000,28
2025-01-04T06:59:26.000,27.7
2025-01-04T07:14:26.000,27.7
2025-01-04T07:29:26.000,27.7
2025-01-04T07:44:26.000,27.3
2025-01-04T07:59:26.000,27
2025-01-04T08:14:26.000,26.7
2025-01-04T08:29:26.000,26.7
2025-01-04T08:44:26.000,26.7
2025-01-04T08:59:26.000,27
2025-01-04T09:14:26.000,27.3
2025-01-04T09:29:26.000,27.3
2025-01-04T09:44:26.000,27
2025-01-04T09:59:26.000,27
2025-01-04T10:14:26.000,27
2025-01-04T10:29:26.000,27
2025-01-04T10:44:26.000,27
2025-01-04T10:59:26.000,26.7
2025-01-04T11:14:26.000,26.4
2025-01-04T11:29:26.000,26.4
2025-01-04T11:44:26.000,26.4
2025-01-04T11:59:26.000,26.7
2025-01-04T12:14:26.000,26.7
2025-01-04T12:29:26.000,26.4
2025-01-04T12:44:26.000,26.4
2025-01-04T12:59:26.000,26.1
2025-01-04T13:14:26.000,25.7
2025-01-04T13:29:26.000,25.4
2025-01-04T13:44:26.000,24.8
2025-01-04T13:59:26.000,24.4
2025-01-04T14:14:26.000,24.1
2025-01-04T14:29:26.000,24.1
2025-01-04T14:44:26.000,24.4
2025-01-04T14:59:26.000,24.1
2025-01-04T15:14:26.000,24.1
2025-01-04T15:29:26.000,24.4
2025-01-04T15:44:26.000,25.1
2025-01-04T15:59:26.000,26.4
2025-01-04T16:14:26.000,28.3
2025-01-04T16:29:26.000,31.5
2025-01-04T16:44:26.000,35.1
2025-01-04T16:59:26.000,37.7
2025-01-04T17:14:26.000,39
2025-01-04T17:29:26.000,37.3
2025-01-04T17:44:26.000,36
2025-01-04T17:59:26.000,35.1
2025-01-04T18:14:26.000,34.4
2025-01-04T18:29:26.000,34.8
2025-01-04T18:44:26.000,35.1
2025-01-04T18:59:26.000,35.7
2025-01-04T19:14:26.000,36
2025-01-04T19:29:26.000,36.7
2025-01-04T19:44:26.000,37.3
2025-01-04T19:59:26.000,37.7
2025-01-04T20:14:26.000,38.3
2025-01-04T20:29:26.000,39.6
2025-01-04T20:44:26.000,41.9
2025-01-04T20:59:26.000,43.1
2025-01-04T21:14:26.000,43.5
2025-01-04T21:29:26.000,43.5
2025-01-04T21:44:26.000,43.1
2025-01-04T21:59:26.000,42.8
2025-01-04T22:14:26.000,42.2
2025-01-04T22:29:26.000,41.9
2025-01-04T22:44:26.000,41.2
2025-01-04T22:59:26.000,40.9
2025-01-04T23:14:26.000,39.9
2025-01-04T23:29:26.000,39.3
2025-01-04T23:44:26.000,38.6
2025-01-04T23:59:26.000,38
2025-01-05T00:14:26.000,37
2025-01-05T00:29:26.000,35.7
2025-01-05T00:44:26.000,34.8
2025-01-05T00:59:26.000,34.1
2025-01-05T01:14:26.000,33.1
2025-01-05T01:29:26.000,32.8
2025-01-05T01:44:26.000,32.5
2025-01-05T01:59:26.000,31.9
2025-01-05T02:14:26.000,31.5
2025-01-05T02:29:26.000,31.2
2025-01-05T02:44:26.000,30.9
2025-01-05T02:59:26.000,30.6
2025-01-05T03:14:26.000,30.6
2025-01-05T03:29:27.000,30.2
2025-01-05T03:44:27.000,29.6
2025-01-05T03:59:27.000,29.3
2025-01-05T04:14:27.000,28.6
2025-01-05T04:29:27.000,28.3
2025-01-05T04:44:27.000,27.7
2025-01-05T04:59:27.000,27.3
2025-01-05T05:14:24.000,27
2025-01-05T05:29:24.000,26.7
2025-01-05T05:44:24.000,26.4
2025-01-05T05:59:24.000,26.1
2025-01-05T06:14:24.000,26.1
2025-01-05T06:29:24.000,25.7
2025-01-05T06:44:24.000,25.4
2025-01-05T06:59:24.000,25.1
2025-01-05T07:14:24.000,24.8
2025-01-05T07:29:24.000,24.4
2025-01-05T07:44:24.000,24.1
2025-01-05T07:59:24.000,23.8
2025-01-05T08:14:24.000,23.5
2025-01-05T08:29:24.000,22.8
2025-01-05T08:44:24.000,22.5
2025-01-05T08:59:24.000,22.2
2025-01-05T09:14:24.000,22.2
2025-01-05T09:29:24.000,22.5
2025-01-05T09:44:24.000,22.5
2025-01-05T09:59:24.000,22.5
2025-01-05T10:14:24.000,22.2
2025-01-05T10:29:24.000,22.2
2025-01-05T10:44:25.000,22.2
2025-01-05T10:59:25.000,21.5
2025-01-05T11:14:25.000,21.5
2025-01-05T11:29:25.000,21.2
2025-01-05T11:44:25.000,20.9
2025-01-05T11:59:25.000,20.6
2025-01-05T12:14:25.000,20.6
2025-01-05T12:29:25.000,20.6
2025-01-05T12:44:25.000,20.9
2025-01-05T12:59:25.000,20.9
2025-01-05T13:14:25.000,20.9
2025-01-05T13:29:25.000,20.6
2025-01-05T13:44:25.000,20.6
2025-01-05T13:59:25.000,20.6
2025-01-05T14:14:25.000,20.6
2025-01-05T14:29:25.000,20.3
2025-01-05T14:44:25.000,20.6
2025-01-05T14:59:25.000,20.6
2025-01-05T15:14:25.000,20.9
2025-01-05T15:29:25.000,21.2
2025-01-05T15:44:25.000,22.2
2025-01-05T15:59:25.000,23.8
2025-01-05T16:14:25.000,25.4
2025-01-05T16:29:25.000,28.3
2025-01-05T16:44:25.000,31.5
2025-01-05T16:59:25.000,34.4
2025-01-05T17:14:25.000,35.7
2025-01-05T17:29:25.000,34.1
2025-01-05T17:44:25.000,32.2
2025-01-05T17:59:25.000,31.5
2025-01-05T18:14:25.000,30.9
2025-01-05T18:29:25.000,30.9
2025-01-05T18:44:25.000,31.5
2025-01-05T18:59:25.000,32.2
2025-01-05T19:14:25.000,33.1
2025-01-05T19:29:25.000,33.1
2025-01-05T19:44:25.000,33.5
2025-01-05T19:59:25.000,33.8
2025-01-05T20:14:25.000,34.1
2025-01-05T20:29:25.000,35.7
2025-01-05T20:44:25.000,38
2025-01-05T20:59:25.000,39.6
2025-01-05T21:14:25.000,39.6
2025-01-05T21:29:25.000,39.6
2025-01-05T21:44:25.000,39
2025-01-05T21:59:25.000,39
2025-01-05T22:14:25.000,38.6
2025-01-05T22:29:25.000,38.6
2025-01-05T22:44:25.000,38.3
2025-01-05T22:59:25.000,38.3
2025-01-05T23:14:25.000,38
2025-01-05T23:29:25.000,37.3
2025-01-05T23:44:25.000,36.4
2025-01-05T23:59:25.000,35.7
2025-01-06T00:14:25.000,35.1
2025-01-06T00:29:25.000,34.1
2025-01-06T00:44:25.000,32.8
2025-01-06T00:59:25.000,32.2
2025-01-06T01:14:25.000,31.2
2025-01-06T01:29:25.000,30.6
2025-01-06T01:44:25.000,29.6
2025-01-06T01:59:25.000,29
2025-01-06T02:14:25.000,28.6
2025-01-06T02:29:25.000,28.3
2025-01-06T02:44:25.000,28.3
2025-01-06T02:59:25.000,28
2025-01-06T03:14:25.000,27.7
2025-01-06T03:29:25.000,27.3
2025-01-06T03:44:25.000,27
2025-01-06T03:59:25.000,26.4
2025-01-06T04:14:25.000,25.7
2025-01-06T04:29:25.000,25.1
2025-01-06T04:44:25.000,24.8
2025-01-06T04:59:25.000,24.4
2025-01-06T05:14:23.000,24.1
2025-01-06T05:29:23.000,24.1
2025-01-06T05:44:23.000,24.1
2025-01-06T05:59:23.000,23.8
2025-01-06T06:14:23.000,23.5
2025-01-06T06:29:23.000,23.2
2025-01-06T06:44:23.000,23.2
2025-01-06T06:59:23.000,22.8
2025-01-06T07:14:23.000,22.8
2025-01-06T07:29:23.000,22.5
2025-01-06T07:44:23.000,22.5
2025-01-06T07:59:23.000,22.5
2025-01-06T08:14:23.000,22.8
2025-01-06T08:29:23.000,22.5
2025-01-06T08:44:23.000,22.2
2025-01-06T08:59:23.000,21.9
2025-01-06T09:14:23.000,21.5
2025-01-06T09:29:23.000,21.2
2025-01-06T09:44:23.000,21.2
2025-01-06T09:59:23.000,20.9
2025-01-06T10:14:23.000,20.9
2025-01-06T10:29:23.000,20.6
2025-01-06T10:44:23.000,20.3
2025-01-06T10:59:23.000,19.9
2025-01-06T11:14:23.000,19.9
2025-01-06T11:29:23.000,19.6
2025-01-06T11:44:23.000,19.3
2025-01-06T11:59:23.000,19.3
2025-01-06T12:14:23.000,19.6
2025-01-06T12:29:23.000,19.6
2025-01-06T12:44:23.000,19.9
2025-01-06T12:59:23.000,19.9
2025-01-06T13:14:23.000,19.9
2025-01-06T13:29:23.000,19.6
2025-01-06T13:44:23.000,19.3
2025-01-06T13:59:23.000,19
2025-01-06T14:14:23.000,19
2025-01-06T14:29:23.000,19
2025-01-06T14:44:23.000,19
2025-01-06T14:59:23.000,19
2025-01-06T15:14:23.000,19
2025-01-06T15:29:23.000,19.3
2025-01-06T15:44:23.000,20.6
2025-01-06T15:59:23.000,22.2
2025-01-06T16:14:23.000,24.4
2025-01-06T16:29:23.000,27.7
2025-01-06T16:44:23.000,30.9
2025-01-06T16:59:23.000,32.8
2025-01-06T17:14:23.000,34.8
2025-01-06T17:29:23.000,33.8
2025-01-06T17:44:23.000,32.5
2025-01-06T17:59:23.000,32.8
2025-01-06T18:14:23.000,34.8
2025-01-06T18:29:23.000,36.7
2025-01-06T18:44:23.000,37.7
2025-01-06T18:59:23.000,38.3
2025-01-06T19:14:23.000,38.6
2025-01-06T19:29:23.000,38.3
2025-01-06T19:44:23.000,38
2025-01-06T19:59:23.000,37
2025-01-06T20:14:23.000,37
2025-01-06T20:29:23.000,38.3
2025-01-06T20:44:23.000,40.2
2025-01-06T20:59:23.000,41.5
2025-01-06T21:14:23.000,41.9
2025-01-06T21:29:23.000,42.2
2025-01-06T21:44:23.000,42.2
2025-01-06T21:59:23.000,41.9
2025-01-06T22:14:23.000,41.5
2025-01-06T22:29:23.000,41.2
2025-01-06T22:44:23.000,40.6
2025-01-06T22:59:23.000,39.6
2025-01-06T23:14:23.000,39.3
2025-01-06T23:29:23.000,38.3
2025-01-06T23:44:23.000,37.7
2025-01-06T23:59:23.000,37
2025-01-07T00:14:23.000,36.4
2025-01-07T00:29:23.000,35.1
2025-01-07T00:44:23.000,33.8
2025-01-07T00:59:23.000,32.8
2025-01-07T01:14:23.000,31.9
2025-01-07T01:29:23.000,31.2
2025-01-07T01:44:23.000,30.2
2025-01-07T01:59:23.000,29.6
2025-01-07T02:14:23.000,28.6
2025-01-07T02:29:23.000,27.7
2025-01-07T02:44:23.000,27.3
2025-01-07T02:59:23.000,27
2025-01-07T03:14:23.000,26.7
2025-01-07T03:29:24.000,26.1
2025-01-07T03:44:24.000,25.7
2025-01-07T03:59:24.000,25.7
2025-01-07T04:14:24.000,25.7
2025-01-07T04:29:24.000,25.7
2025-01-07T04:44:24.000,25.7
2025-01-07T04:59:24.000,25.4
2025-01-07T05:14:21.000,25.1
2025-01-07T05:29:21.000,24.8
2025-01-07T05:44:21.000,24.4
2025-01-07T05:59:21.000,24.1
2025-01-07T06:14:21.000,23.5
2025-01-07T06:29:21.000,23.2
2025-01-07T06:44:21.000,23.2
2025-01-07T06:59:21.000,23.2
2025-01-07T07:14:21.000,23.2
2025-01-07T07:29:22.000,23.2
2025-01-07T07:44:22.000,23.2
2025-01-07T07:59:22.000,23.2
2025-01-07T08:14:21.000,23.2
2025-01-07T08:29:22.000,23.2
2025-01-07T08:44:22.000,23.2
2025-01-07T08:59:22.000,22.5
2025-01-07T09:14:22.000,22.5
2025-01-07T09:29:22.000,22.2
2025-01-07T09:44:22.000,22.2
2025-01-07T09:59:22.000,22.2
2025-01-07T10:14:22.000,22.5
2025-01-07T10:29:22.000,22.5
2025-01-07T10:44:22.000,22.5
2025-01-07T10:59:22.000,22.5
2025-01-07T11:14:22.000,22.5
2025-01-07T11:29:22.000,22.5
2025-01-07T11:44:22.000,22.5
2025-01-07T11:59:22.000,22.5
2025-01-07T12:14:22.000,22.8
2025-01-07T12:29:22.000,23.2
2025-01-07T12:44:22.000,23.2
2025-01-07T12:59:22.000,23.2
2025-01-07T13:14:22.000,23.2
2025-01-07T13:29:22.000,23.5
2025-01-07T13:44:22.000,23.5
2025-01-07T13:59:22.000,23.5
2025-01-07T14:14:22.000,23.5
2025-01-07T14:29:22.000,23.8
2025-01-07T14:44:22.000,23.8
2025-01-07T14:59:22.000,24.1
2025-01-07T15:14:22.000,24.1
2025-01-07T15:29:22.000,24.8
2025-01-07T15:44:22.000,25.4
2025-01-07T15:59:22.000,25.7
2025-01-07T16:14:22.000,26.1
2025-01-07T16:29:22.000,27
2025-01-07T16:44:22.000,28
2025-01-07T16:59:22.000,29.3
2025-01-07T17:14:22.000,30.6
2025-01-07T17:29:22.000,31.9
2025-01-07T17:44:22.000,32.8
2025-01-07T17:59:22.000,34.1
2025-01-07T18:14:22.000,35.1
2025-01-07T18:29:22.000,36
2025-01-07T18:44:22.000,36.7
2025-01-07T18:59:22.000,37.7
2025-01-07T19:14:22.000,38.6
2025-01-07T19:29:22.000,39
2025-01-07T19:44:22.000,39.3
2025-01-07T19:59:22.000,39.3
2025-01-07T20:14:22.000,39.6
2025-01-07T20:29:22.000,40.2
2025-01-07T20:44:22.000,41.5
2025-01-07T20:59:22.000,43.5
2025-01-07T21:14:22.000,44.4
2025-01-07T21:29:22.000,44.4
2025-01-07T21:44:22.000,43.8
2025-01-07T21:59:22.000,42.5
2025-01-07T22:14:22.000,40.2
2025-01-07T22:29:22.000,39.6
2025-01-07T22:44:22.000,39
2025-01-07T22:59:22.000,39
2025-01-07T23:14:22.000,39.3
2025-01-07T23:29:22.000,39
2025-01-07T23:44:22.000,38.6
2025-01-07T23:59:22.000,38
2025-01-08T00:14:22.000,37.3
2025-01-08T00:29:22.000,36.4
2025-01-08T00:44:22.000,35.1
2025-01-08T00:59:22.000,33.8
2025-01-08T01:14:22.000,32.8
2025-01-08T01:29:22.000,31.9
2025-01-08T01:44:22.000,31.2
2025-01-08T01:59:22.000,30.2
2025-01-08T02:14:22.000,29.6
2025-01-08T02:29:22.000,29.6
2025-01-08T02:44:22.000,29.3
2025-01-08T02:59:22.000,29
2025-01-08T03:14:22.000,28.6
2025-01-08T03:29:22.000,28
2025-01-08T03:44:22.000,27.7
2025-01-08T03:59:22.000,27.3
2025-01-08T04:14:22.000,27
2025-01-08T04:29:22.000,27
2025-01-08T04:44:22.000,27
2025-01-08T04:59:22.000,27
2025-01-08T05:14:20.000,27.3
2025-01-08T05:29:20.000,27.7
2025-01-08T05:44:20.000,28
2025-01-08T05:59:20.000,28.3
2025-01-08T06:14:20.000,28.3
2025-01-08T06:29:20.000,28.3
2025-01-08T06:44:20.000,28.6
2025-01-08T06:59:20.000,29
2025-01-08T07:14:20.000,29.3
2025-01-08T07:29:20.000,29.6
2025-01-08T07:44:20.000,29.6
2025-01-08T07:59:20.000,29.9
2025-01-08T08:14:20.000,29.9
2025-01-08T08:29:20.000,29.9
2025-01-08T08:44:20.000,29.6
2025-01-08T08:59:20.000,29.3
2025-01-08T09:14:20.000,29
2025-01-08T09:29:20.000,29
2025-01-08T09:44:20.000,29.3
2025-01-08T09:59:20.000,29.3
2025-01-08T10:14:20.000,29.3
2025-01-08T10:29:20.000,29.3
2025-01-08T10:44:20.000,29.3
2025-01-08T10:59:20.000,29
2025-01-08T11:14:20.000,29
2025-01-08T11:29:20.000,28.6
2025-01-08T11:44:20.000,28.3
2025-01-08T11:59:20.000,28
2025-01-08T12:14:20.000,27.7
2025-01-08T12:29:20.000,27.3
2025-01-08T12:44:20.000,27
2025-01-08T12:59:20.000,27
2025-01-08T13:14:20.000,26.7
2025-01-08T13:29:21.000,26.7
2025-01-08T13:44:21.000,26.7
2025-01-08T13:59:21.000,26.4
2025-01-08T14:14:21.000,26.4
2025-01-08T14:29:21.000,26.1
2025-01-08T14:44:21.000,26.1
2025-01-08T14:59:21.000,26.1
2025-01-08T15:14:21.000,26.4
2025-01-08T15:29:21.000,26.7
2025-01-08T15:44:21.000,27
2025-01-08T15:59:21.000,27.7
2025-01-08T16:14:21.000,28
2025-01-08T16:29:21.000,28
2025-01-08T16:44:21.000,31.2
2025-01-08T16:59:21.000,34.1
2025-01-08T17:14:21.000,32.8
2025-01-08T17:29:21.000,32.8
2025-01-08T17:44:21.000,33.8
2025-01-08T17:59:21.000,34.1
2025-01-08T18:14:21.000,33.1
2025-01-08T18:29:21.000,32.5
2025-01-08T18:44:21.000,32.5
2025-01-08T18:59:21.000,32.2
2025-01-08T19:14:21.000,32.8
2025-01-08T19:29:21.000,32.8
2025-01-08T19:44:21.000,32.5
2025-01-08T19:59:21.000,32.2
2025-01-08T20:14:21.000,31.5
2025-01-08T20:29:21.000,31.5
2025-01-08T20:44:21.000,31.5
2025-01-08T20:59:21.000,31.2
2025-01-08T21:14:21.000,29.9
2025-01-08T21:29:21.000,29.9
2025-01-08T21:44:21.000,30.2
2025-01-08T21:59:21.000,29.9
2025-01-08T22:14:21.000,29.9
2025-01-08T22:29:21.000,29.6
2025-01-08T22:44:21.000,29
2025-01-08T22:59:21.000,28.3
2025-01-08T23:14:21.000,27.7
2025-01-08T23:29:21.000,27.3
2025-01-08T23:44:21.000,27
2025-01-08T23:59:21.000,26.7
2025-01-09T00:14:21.000,26.4
2025-01-09T00:29:21.000,25.7
2025-01-09T00:44:21.000,25.1
2025-01-09T00:59:21.000,24.4
2025-01-09T01:14:21.000,24.1
2025-01-09T01:29:21.000,23.8
2025-01-09T01:44:21.000,23.5
2025-01-09T01:59:21.000,23.5
2025-01-09T02:14:21.000,23.5
2025-01-09T02:29:21.000,23.5
2025-01-09T02:44:21.000,23.5
2025-01-09T02:59:21.000,23.2
2025-01-09T03:14:21.000,23.2
2025-01-09T03:29:21.000,23.2
2025-01-09T03:44:21.000,22.8
2025-01-09T03:59:21.000,22.8
2025-01-09T04:14:21.000,22.8
2025-01-09T04:29:21.000,22.5
2025-01-09T04:44:21.000,22.5
2025-01-09T04:59:21.000,22.5
2025-01-09T05:14:19.000,22.5
2025-01-09T05:29:19.000,22.5
2025-01-09T05:44:19.000,22.2
2025-01-09T05:59:19.000,22.2
2025-01-09T06:14:19.000,21.9
2025-01-09T06:29:19.000,21.5
2025-01-09T06:44:19.000,21.5
2025-01-09T06:59:19.000,21.5
2025-01-09T07:14:19.000,21.5
2025-01-09T07:29:19.000,21.2
2025-01-09T07:44:19.000,21.2
2025-01-09T07:59:19.000,20.9
2025-01-09T08:14:19.000,20.9
2025-01-09T08:29:19.000,20.6
2025-01-09T08:44:19.000,20.6
2025-01-09T08:59:19.000,20.3
2025-01-09T09:14:19.000,19.9
2025-01-09T09:29:19.000,19.6
2025-01-09T09:44:19.000,19.3
2025-01-09T09:59:19.000,19
2025-01-09T10:14:19.000,18.6
2025-01-09T10:29:19.000,18.6
2025-01-09T10:44:19.000,18.6
2025-01-09T10:59:19.000,18.6
2025-01-09T11:14:19.000,18.3
2025-01-09T11:29:19.000,18.3
2025-01-09T11:44:19.000,18
2025-01-09T11:59:19.000,18
2025-01-09T12:14:19.000,17.7
2025-01-09T12:29:19.000,17.7
2025-01-09T12:44:19.000,17.4
2025-01-09T12:59:19.000,17.4
2025-01-09T13:14:19.000,17.7
2025-01-09T13:29:19.000,17.7
2025-01-09T13:44:19.000,17.7
2025-01-09T13:59:19.000,17.7
2025-01-09T14:14:19.000,17.7
2025-01-09T14:29:19.000,17.7
2025-01-09T14:44:19.000,17.7
2025-01-09T14:59:19.000,18.3
2025-01-09T15:14:19.000,19.3
2025-01-09T15:29:19.000,19.9
2025-01-09T15:44:19.000,20.3
2025-01-09T15:59:19.000,21.2
2025-01-09T16:14:19.000,21.9
2025-01-09T16:29:19.000,23.8
2025-01-09T16:44:19.000,26.7
2025-01-09T16:59:19.000,29.3
2025-01-09T17:14:19.000,31.2
2025-01-09T17:29:19.000,30.9
2025-01-09T17:44:19.000,29
2025-01-09T17:59:19.000,27.7
2025-01-09T18:14:19.000,27.3
2025-01-09T18:29:19.000,26.7
2025-01-09T18:44:19.000,26.7
2025-01-09T18:59:19.000,27
2025-01-09T19:14:19.000,27.3
2025-01-09T19:29:19.000,27.3
2025-01-09T19:44:19.000,27.7
2025-01-09T19:59:19.000,27.7
2025-01-09T20:14:19.000,28
2025-01-09T20:29:19.000,29.6
2025-01-09T20:44:19.000,31.5
2025-01-09T20:59:19.000,32.8
2025-01-09T21:14:19.000,33.5
2025-01-09T21:29:19.000,33.8
2025-01-09T21:44:19.000,34.1
2025-01-09T21:59:20.000,34.1
2025-01-09T22:14:20.000,34.1
2025-01-09T22:29:20.000,33.5
2025-01-09T22:44:20.000,33.5
2025-01-09T22:59:20.000,33.5
2025-01-09T23:14:20.000,32.5
2025-01-09T23:29:20.000,31.9
2025-01-09T23:44:20.000,30.9
2025-01-09T23:59:20.000,29.9
2025-01-10T00:14:20.000,29.3
2025-01-10T00:29:20.000,28.6
2025-01-10T00:44:20.000,27.7
2025-01-10T00:59:20.000,27
2025-01-10T01:14:20.000,26.7
2025-01-10T01:29:20.000,26.4
2025-01-10T01:44:20.000,26.1
2025-01-10T01:59:20.000,25.4
2025-01-10T02:14:20.000,25.1
2025-01-10T02:29:20.000,24.8
2025-01-10T02:44:20.000,24.4
2025-01-10T02:59:20.000,24.1
2025-01-10T03:14:20.000,24.1
2025-01-10T03:29:20.000,23.8
2025-01-10T03:44:20.000,23.2
2025-01-10T03:59:20.000,22.5
2025-01-10T04:14:20.000,21.9
2025-01-10T04:29:20.000,21.5
2025-01-10T04:44:20.000,21.2
2025-01-10T04:59:20.000,21.2
2025-01-10T05:14:20.000,21.2
2025-01-10T05:29:18.000,21.5
2025-01-10T05:44:18.000,21.9
2025-01-10T05:59:18.000,22.2
2025-01-10T06:14:18.000,22.2
2025-01-10T06:29:18.000,22.5
2025-01-10T06:44:18.000,22.8
2025-01-10T06:59:18.000,22.5
2025-01-10T07:14:18.000,22.2
2025-01-10T07:29:18.000,21.9
2025-01-10T07:44:18.000,21.2
2025-01-10T07:59:18.000,20.9
2025-01-10T08:14:18.000,20.3
2025-01-10T08:29:18.000,20.3
2025-01-10T08:44:18.000,20.3
2025-01-10T08:59:18.000,19.9
2025-01-10T09:14:18.000,19.9
2025-01-10T09:29:18.000,19.6
2025-01-10T09:44:18.000,19.3
2025-01-10T09:59:18.000,19.3
2025-01-10T10:14:18.000,19.3
2025-01-10T10:29:18.000,19.3
2025-01-10T10:44:18.000,19
2025-01-10T10:59:18.000,19
2025-01-10T11:14:18.000,19
2025-01-10T11:29:18.000,19
2025-01-10T11:44:18.000,19
2025-01-10T11:59:18.000,18.6
2025-01-10T12:14:18.000,18.6
2025-01-10T12:29:18.000,18.6
2025-01-10T12:44:18.000,18.6
2025-01-10T12:59:18.000,18.6
2025-01-10T13:14:18.000,18.3
2025-01-10T13:29:18.000,18.3
2025-01-10T13:44:18.000,18
2025-01-10T13:59:18.000,17.7
2025-01-10T14:14:18.000,17.4
2025-01-10T14:29:18.000,17
2025-01-10T14:44:18.000,16.7
2025-01-10T14:59:18.000,16.7
2025-01-10T15:14:18.000,17
2025-01-10T15:29:18.000,18
2025-01-10T15:44:18.000,19.6
2025-01-10T15:59:18.000,21.5
2025-01-10T16:14:18.000,24.4
2025-01-10T16:29:18.000,27.7
2025-01-10T16:44:18.000,30.2
2025-01-10T16:59:18.000,32.5
2025-01-10T17:14:18.000,33.8
2025-01-10T17:29:18.000,33.1
2025-01-10T17:44:18.000,30.6
2025-01-10T17:59:18.000,29
2025-01-10T18:14:18.000,28
2025-01-10T18:29:18.000,27.7
2025-01-10T18:44:18.000,27.7
2025-01-10T18:59:18.000,27.7
2025-01-10T19:14:18.000,28
2025-01-10T19:29:18.000,28
2025-01-10T19:44:18.000,28.3
2025-01-10T19:59:18.000,28.3
2025-01-10T20:14:18.000,29
2025-01-10T20:29:18.000,30.6
2025-01-10T20:44:18.000,32.8
2025-01-10T20:59:18.000,34.4
2025-01-10T21:14:18.000,35.1
2025-01-10T21:29:18.000,35.4
2025-01-10T21:44:18.000,35.4
2025-01-10T21:59:18.000,35.7
2025-01-10T22:14:18.000,35.4
2025-01-10T22:29:18.000,35.4
2025-01-10T22:44:18.000,34.8
2025-01-10T22:59:18.000,34.4
2025-01-10T23:14:18.000,33.8
2025-01-10T23:29:18.000,33.1
2025-01-10T23:44:18.000,32.8
2025-01-10T23:59:18.000,32.2
2025-01-11T00:14:18.000,31.5
2025-01-11T00:29:18.000,30.9
2025-01-11T00:44:18.000,29.9
2025-01-11T00:59:18.000,28.3
2025-01-11T01:14:18.000,27.3
2025-01-11T01:29:18.000,26.7
2025-01-11T01:44:19.000,25.7
2025-01-11T01:59:18.000,25.1
2025-01-11T02:14:18.000,24.4
2025-01-11T02:29:19.000,24.1
2025-01-11T02:44:19.000,23.8
2025-01-11T02:59:19.000,23.5
2025-01-11T03:14:19.000,23.2
2025-01-11T03:29:18.000,22.8
2025-01-11T03:44:19.000,22.2
2025-01-11T03:59:19.000,21.9
2025-01-11T04:14:19.000,21.9
2025-01-11T04:29:19.000,21.5
2025-01-11T04:44:19.000,21.2
2025-01-11T04:59:19.000,20.9
2025-01-11T05:14:19.000,20.6
2025-01-11T05:29:16.000,20.6
2025-01-11T05:44:16.000,20.3
2025-01-11T05:59:16.000,20.3
2025-01-11T06:14:16.000,20.3
2025-01-11T06:29:16.000,20.3
2025-01-11T06:44:16.000,20.3
2025-01-11T06:59:17.000,19.9
2025-01-11T07:14:17.000,19.6
2025-01-11T07:29:17.000,19.6
2025-01-11T07:44:16.000,19.6
2025-01-11T07:59:17.000,19.3
2025-01-11T08:14:17.000,19.3
2025-01-11T08:29:17.000,19
2025-01-11T08:44:17.000,19
2025-01-11T08:59:17.000,18.6
2025-01-11T09:14:17.000,18.6
2025-01-11T09:29:17.000,18.6
2025-01-11T09:44:17.000,18.6
2025-01-11T09:59:17.000,18.6
2025-01-11T10:14:17.000,18.6
2025-01-11T10:29:17.000,18.6
2025-01-11T10:44:17.000,18.6
2025-01-11T10:59:17.000,18.3
2025-01-11T11:14:17.000,18
2025-01-11T11:29:17.000,17.7
2025-01-11T11:44:17.000,17.4
2025-01-11T11:59:17.000,17.4
2025-01-11T12:14:17.000,17.4
2025-01-11T12:29:17.000,17
2025-01-11T12:44:17.000,17
2025-01-11T12:59:17.000,17
2025-01-11T13:14:17.000,17
2025-01-11T13:29:17.000,16.7
2025-01-11T13:44:17.000,16.4
2025-01-11T13:59:17.000,16.1
2025-01-11T14:14:17.000,16.1
2025-01-11T14:29:17.000,16.1
2025-01-11T14:44:17.000,16.4
2025-01-11T14:59:17.000,16.7
2025-01-11T15:14:17.000,17.4
2025-01-11T15:29:17.000,18.6
2025-01-11T15:44:17.000,20.3
2025-01-11T15:59:17.000,22.5
2025-01-11T16:14:17.000,24.8
2025-01-11T16:29:17.000,27.7
2025-01-11T16:44:17.000,30.6
2025-01-11T16:59:17.000,32.8
2025-01-11T17:14:17.000,34.4
2025-01-11T17:29:17.000,34.1
2025-01-11T17:44:17.000,31.5
2025-01-11T17:59:17.000,29.6
2025-01-11T18:14:17.000,28.6
2025-01-11T18:29:17.000,28.3
2025-01-11T18:44:17.000,28.3
2025-01-11T18:59:17.000,28.6
2025-01-11T19:14:17.000,29
2025-01-11T19:29:17.000,29.3
2025-01-11T19:44:17.000,29.6
2025-01-11T19:59:17.000,30.2
2025-01-11T20:14:17.000,30.6
2025-01-11T20:29:17.000,32.5
2025-01-11T20:44:17.000,35.1
2025-01-11T20:59:17.000,36.4
2025-01-11T21:14:17.000,37
2025-01-11T21:29:17.000,37
2025-01-11T21:44:17.000,37
2025-01-11T21:59:17.000,36.7
2025-01-11T22:14:17.000,36.7
2025-01-11T22:29:17.000,36.4
2025-01-11T22:44:17.000,35.7
2025-01-11T22:59:17.000,35.1
2025-01-11T23:14:17.000,34.8
2025-01-11T23:29:17.000,34.1
2025-01-11T23:44:17.000,33.8
2025-01-11T23:59:17.000,32.8
2025-01-12T00:14:17.000,32.2
2025-01-12T00:29:17.000,31.5
2025-01-12T00:44:17.000,30.2
2025-01-12T00:59:17.000,29.3
2025-01-12T01:14:17.000,28.3
2025-01-12T01:29:17.000,27.7
2025-01-12T01:44:17.000,27.3
2025-01-12T01:59:17.000,26.7
2025-01-12T02:14:17.000,26.4
2025-01-12T02:29:17.000,26.1
2025-01-12T02:44:17.000,25.7
2025-01-12T02:59:17.000,25.7
2025-01-12T03:14:17.000,25.7
2025-01-12T03:29:17.000,25.4
2025-01-12T03:44:17.000,25.1
2025-01-12T03:59:17.000,24.8
2025-01-12T04:14:17.000,24.1
2025-01-12T04:29:17.000,24.1
2025-01-12T04:44:17.000,23.8
2025-01-12T04:59:18.000,22.8
2025-01-12T05:14:18.000,22.2
2025-01-12T05:29:15.000,21.5
2025-01-12T05:44:15.000,20.9
2025-01-12T05:59:15.000,20.6
2025-01-12T06:14:15.000,20.6
2025-01-12T06:29:15.000,20.6
2025-01-12T06:44:15.000,20.3
2025-01-12T06:59:15.000,20.3
2025-01-12T07:14:15.000,20.3
2025-01-12T07:29:15.000,19.9
2025-01-12T07:44:15.000,19.6
2025-01-12T07:59:15.000,19.3
2025-01-12T08:14:15.000,18.6
2025-01-12T08:29:15.000,18.3
2025-01-12T08:44:15.000,18
2025-01-12T08:59:16.000,17.7
2025-01-12T09:14:16.000,17.7
2025-01-12T09:29:16.000,17.7
2025-01-12T09:44:16.000,17.7
2025-01-12T09:59:16.000,17.4
2025-01-12T10:14:16.000,17.4
2025-01-12T10:29:16.000,17
2025-01-12T10:44:16.000,17
2025-01-12T10:59:16.000,17
2025-01-12T11:14:16.000,16.7
2025-01-12T11:29:16.000,16.4
2025-01-12T11:44:16.000,16.4
2025-01-12T11:59:16.000,16.4
2025-01-12T12:14:16.000,16.1
2025-01-12T12:29:16.000,16.1
2025-01-12T12:44:16.000,16.1
2025-01-12T12:59:16.000,16.1
2025-01-12T13:14:16.000,16.1
2025-01-12T13:29:16.000,16.1
2025-01-12T13:44:16.000,16.4
2025-01-12T13:59:16.000,16.4
2025-01-12T14:14:16.000,16.4
2025-01-12T14:29:16.000,16.4
2025-01-12T14:44:16.000,16.1
2025-01-12T14:59:16.000,15.7
2025-01-12T15:14:16.000,16.1
2025-01-12T15:29:16.000,17
2025-01-12T15:44:16.000,18.6
2025-01-12T15:59:16.000,20.6
2025-01-12T16:14:16.000,22.5
2025-01-12T16:29:16.000,25.4
2025-01-12T16:44:16.000,28.3
2025-01-12T16:59:16.000,30.6
2025-01-12T17:14:16.000,32.5
2025-01-12T17:29:16.000,32.5
2025-01-12T17:44:16.000,30.2
2025-01-12T17:59:16.000,28.3
2025-01-12T18:14:16.000,27.7
2025-01-12T18:29:16.000,27.7
2025-01-12T18:44:16.000,27.7
2025-01-12T18:59:16.000,28
2025-01-12T19:14:16.000,28.6
2025-01-12T19:29:16.000,29
2025-01-12T19:44:16.000,29.6
2025-01-12T19:59:16.000,29.9
2025-01-12T20:14:16.000,30.2
2025-01-12T20:29:16.000,32.5
2025-01-12T20:44:16.000,34.8
2025-01-12T20:59:16.000,36.7
2025-01-12T21:14:16.000,37.3
2025-01-12T21:29:16.000,37.7
2025-01-12T21:44:16.000,37.3
2025-01-12T21:59:16.000,37.3
2025-01-12T22:14:16.000,36.7
2025-01-12T22:29:16.000,36.4
2025-01-12T22:44:16.000,35.7
2025-01-12T22:59:16.000,35.1
2025-01-12T23:14:16.000,34.8
2025-01-12T23:29:16.000,34.1
2025-01-12T23:44:16.000,33.5
2025-01-12T23:59:16.000,32.5
2025-01-13T00:14:16.000,32.2
2025-01-13T00:29:16.000,31.2
2025-01-13T00:44:16.000,30.2
2025-01-13T00:59:16.000,29.3
2025-01-13T01:14:16.000,28.3
2025-01-13T01:29:16.000,27.7
2025-01-13T01:44:16.000,27
2025-01-13T01:59:16.000,26.4
2025-01-13T02:14:16.000,25.7
2025-01-13T02:29:16.000,25.1
2025-01-13T02:44:16.000,24.8
2025-01-13T02:59:16.000,24.1
2025-01-13T03:14:16.000,23.8
2025-01-13T03:29:16.000,23.2
2025-01-13T03:44:16.000,22.8
2025-01-13T03:59:16.000,22.5
2025-01-13T04:14:16.000,22.2
2025-01-13T04:29:16.000,21.5
2025-01-13T04:44:16.000,20.9
2025-01-13T04:59:16.000,20.6
2025-01-13T05:14:14.000,20.3
2025-01-13T05:29:14.000,19.6
2025-01-13T05:44:14.000,19.3
2025-01-13T05:59:14.000,19
2025-01-13T06:14:14.000,19
2025-01-13T06:29:14.000,18.6
2025-01-13T06:44:14.000,19
2025-01-13T06:59:14.000,18.6
2025-01-13T07:14:14.000,18.3
2025-01-13T07:29:14.000,18
2025-01-13T07:44:14.000,17.7
2025-01-13T07:59:14.000,17.7
2025-01-13T08:14:14.000,18
2025-01-13T08:29:14.000,18
2025-01-13T08:44:14.000,18
2025-01-13T08:59:14.000,18
2025-01-13T09:14:14.000,18.3
2025-01-13T09:29:14.000,18
2025-01-13T09:44:14.000,18
2025-01-13T09:59:14.000,17.7
2025-01-13T10:14:14.000,17.7
2025-01-13T10:29:14.000,17.4
2025-01-13T10:44:14.000,17
2025-01-13T10:59:14.000,16.7
2025-01-13T11:14:14.000,16.4
2025-01-13T11:29:14.000,16.4
2025-01-13T11:44:14.000,16.1
2025-01-13T11:59:14.000,16.1
2025-01-13T12:14:14.000,16.1
2025-01-13T12:29:14.000,16.1
2025-01-13T12:44:15.000,16.1
2025-01-13T12:59:15.000,16.1
2025-01-13T13:14:15.000,15.7
2025-01-13T13:29:15.000,15.4
2025-01-13T13:44:15.000,15.4
2025-01-13T13:59:15.000,14.8
2025-01-13T14:14:15.000,15.1
2025-01-13T14:29:15.000,15.4
2026-07-19T18:29:20.000,60.5
2026-07-19T18:30:00.000,60.5
2026-07-19T18:35:00.000,60.5
2026-07-19T18:40:00.000,60.9
2026-07-19T18:45:01.000,61.2
2026-07-19T18:50:01.000,61.2
2026-07-19T18:55:01.000,61.2
2026-07-19T19:00:01.000,61.5
2026-07-19T19:01:37.000,61.8
2026-07-19T19:06:37.000,61.8
2026-07-19T19:11:37.000,61.5
2026-07-19T19:16:37.000,61.8
2026-07-19T19:21:38.000,62.2
2026-07-19T19:23:31.000,62.2
2026-07-19T19:23:36.000,62.2
2026-07-19T19:24:13.000,62.2
2026-07-19T19:29:13.000,62.8
2026-07-19T19:34:13.000,63.1
2026-07-19T19:39:13.000,63.1
2026-07-19T19:44:13.000,63.4
2026-07-19T19:44:21.000,63.8
2026-07-19T19:45:07.000,63.8
2026-07-19T19:50:07.000,63.8
2026-07-19T19:55:07.000,64.1
2026-07-19T19:58:17.000,64.1
2026-07-19T20:03:04.000,64.4
2026-07-19T20:04:09.000,64.4
2026-07-19T20:09:09.000,63.8
2026-07-19T20:14:09.000,64.1
2026-07-19T20:19:09.000,64.7
2026-07-19T20:24:09.000,65.1
2026-07-19T20:29:09.000,64.7
2026-07-19T20:34:09.000,63.8
2026-07-19T20:39:09.000,62.5
2026-07-19T20:39:46.000,62.5
2026-07-19T20:44:46.000,62.2
2026-07-19T20:49:46.000,61.2
2026-07-19T20:54:46.000,60.9
2026-07-19T20:57:30.000,60.5
2026-07-19T21:02:30.000,60.2
2026-07-19T21:07:30.000,59.9
2026-07-19T21:12:30.000,59.9
2026-07-19T21:17:30.000,59.9
2026-07-19T21:21:52.000,59.6
2026-07-19T21:22:30.000,59.6
2026-07-19T21:27:30.000,59.6
2026-07-19T21:32:30.000,59.6
2026-07-19T21:37:30.000,59.3
2026-07-19T21:42:30.000,58.9
2026-07-19T21:44:23.000,58.9
2026-07-19T21:48:06.000,58.6
2026-07-19T21:48:16.000,58.9
2026-07-19T21:48:21.000,58.9
2026-07-19T21:53:21.000,58.6
2026-07-19T21:58:21.000,58.3
2026-07-19T22:03:21.000,58.3
2026-07-19T22:08:21.000,58.3
2026-07-19T22:13:21.000,58.3
2026-07-19T22:18:21.000,58.0
2026-07-19T22:23:21.000,58.0
2026-07-19T22:28:21.000,58.0
2026-07-19T22:33:21.000,57.6
2026-07-19T22:38:21.000,58.0
2026-07-19T22:43:22.000,58.3
2026-07-19T22:48:22.000,58.6
2026-07-19T22:53:22.000,58.6
2026-07-19T22:58:22.000,59.6
2026-07-19T23:03:22.000,60.2
2026-07-19T23:08:22.000,60.5
2026-07-19T23:13:22.000,60.9
2026-07-19T23:18:22.000,60.9
2026-07-19T23:23:22.000,60.2
2026-07-19T23:28:22.000,60.2
2026-07-19T23:33:22.000,60.5
2026-07-19T23:38:22.000,60.2
2026-07-19T23:40:47.000,59.9
2026-07-19T23:42:39.000,59.6
2026-07-19T23:44:08.000,59.6
2026-07-19T23:44:17.000,59.6
2026-07-19T23:49:17.000,59.6
2026-07-19T23:54:18.000,59.9
2026-07-19T23:59:18.000,60.5
2026-07-20T00:04:18.000,61.2
2026-07-20T00:09:18.000,61.5
2026-07-20T00:14:18.000,62.2
2026-07-20T00:16:25.000,62.2
2026-07-20T00:16:49.000,62.5
2026-07-20T00:21:49.000,62.8
2026-07-20T00:25:02.000,62.5
2026-07-20T00:30:02.000,62.2
2026-07-20T00:35:02.000,61.8
2026-07-20T00:40:02.000,61.5
2026-07-20T00:45:02.000,61.8
2026-07-20T00:50:03.000,61.5
2026-07-20T00:55:03.000,61.8
2026-07-20T01:00:03.000,61.5
2026-07-20T01:05:03.000,61.5
2026-07-20T01:10:03.000,60.9
2026-07-20T01:15:03.000,60.2
2026-07-20T01:20:03.000,59.3
2026-07-20T01:25:03.000,58.6
2026-07-20T01:30:03.000,58.0
2026-07-20T01:35:03.000,57.3
2026-07-20T01:40:03.000,56.4
2026-07-20T01:45:03.000,55.7
2026-07-20T01:50:04.000,55.4
2026-07-20T01:55:04.000,54.4
2026-07-20T02:00:04.000,53.8
2026-07-20T02:05:04.000,53.5
2026-07-20T02:10:04.000,53.1
2026-07-20T02:15:04.000,52.8
2026-07-20T02:20:04.000,52.2
2026-07-20T02:25:04.000,51.8
2026-07-20T02:30:04.000,51.5
2026-07-20T02:35:04.000,51.2
2026-07-20T02:40:04.000,50.6
2026-07-20T02:45:04.000,50.2
2026-07-20T02:50:04.000,49.9
2026-07-20T02:55:05.000,49.6
2026-07-20T03:00:05.000,49.6
2026-07-20T03:05:05.000,49.3
2026-07-20T03:10:05.000,48.9
2026-07-20T03:10:19.000,48.9
2026-07-20T03:15:19.000,48.9
2026-07-20T03:20:19.000,48.6
2026-07-20T03:25:20.000,48.6
2026-07-20T03:30:20.000,48.3
2026-07-20T03:35:20.000,48.3
2026-07-20T03:40:20.000,48.0
2026-07-20T03:45:20.000,48.0
2026-07-20T03:50:20.000,47.7
2026-07-20T03:55:20.000,47.7
2026-07-20T04:00:20.000,47.3
2026-07-20T04:05:20.000,47.3
2026-07-20T04:10:20.000,47.0
2026-07-20T04:11:53.000,47.0
2026-07-20T04:16:53.000,47.0
2026-07-20T04:22:16.000,46.7
2026-07-20T04:23:27.000,46.7
2026-07-20T04:28:27.000,46.7
2026-07-20T04:33:27.000,46.4
2026-07-20T04:38:27.000,46.4
2026-07-20T04:43:27.000,46.7
2026-07-20T04:48:28.000,46.7
2026-07-20T04:53:28.000,46.7
2026-07-20T04:58:28.000,46.7
2026-07-20T05:03:28.000,46.4
2026-07-20T05:08:28.000,46.4
2026-07-20T05:13:28.000,46.4
2026-07-20T05:18:28.000,46.0
2026-07-20T05:23:28.000,46.0
2026-07-20T05:28:28.000,46.0
2026-07-20T05:33:28.000,45.7
2026-07-20T05:38:28.000,45.7
2026-07-20T05:43:28.000,45.7
2026-07-20T05:48:29.000,45.4
2026-07-20T05:53:29.000,45.4
2026-07-20T05:58:29.000,45.1
2026-07-20T06:03:29.000,45.1
2026-07-20T06:08:29.000,44.8
2026-07-20T06:13:29.000,44.8
2026-07-20T06:18:29.000,44.8
2026-07-20T06:23:29.000,44.4
2026-07-20T06:28:29.000,44.4
2026-07-20T06:33:29.000,44.4
2026-07-20T06:38:29.000,44.1
2026-07-20T06:43:29.000,44.1
2026-07-20T06:48:30.000,43.8
2026-07-20T06:53:30.000,43.8
2026-07-20T06:58:30.000,43.8
2026-07-20T07:03:30.000,43.5
2026-07-20T07:08:30.000,43.5
2026-07-20T07:13:30.000,43.5
2026-07-20T07:18:30.000,43.5
2026-07-20T07:23:30.000,43.1
2026-07-20T07:28:30.000,43.1
2026-07-20T07:33:30.000,43.1
2026-07-20T07:38:30.000,43.1
2026-07-20T07:43:30.000,42.8
2026-07-20T07:48:31.000,43.1
2026-07-20T07:53:31.000,43.1
2026-07-20T07:58:31.000,43.1
2026-07-20T08:03:31.000,43.1
2026-07-20T08:08:31.000,43.1
2026-07-20T08:13:31.000,43.5
2026-07-20T08:18:31.000,43.5
2026-07-20T08:23:31.000,43.5
2026-08-01T07:00:06.000,48.6
2026-08-01T07:05:06.000,48.6
2026-08-01T07:10:06.000,48.3
2026-08-01T07:15:06.000,48.3
2026-08-01T07:20:06.000,48.0
2026-08-01T07:25:06.000,48.0
2026-08-01T07:30:06.000,48.0
2026-08-01T07:35:06.000,48.0
2026-08-01T07:40:06.000,48.0
2026-08-01T07:45:07.000,47.7
2026-08-01T07:50:07.000,47.7
2026-08-01T07:55:07.000,47.7
2026-08-01T08:00:07.000,47.7
2026-08-01T08:05:07.000,47.7
2026-08-01T08:10:07.000,47.3
2026-08-01T08:15:07.000,47.3
2026-08-01T08:20:07.000,47.3
2026-08-01T08:25:07.000,47.3
2026-08-01T08:30:07.000,47.3
2026-08-01T08:35:07.000,47.0
2026-08-01T08:40:07.000,47.0
2026-08-01T08:45:08.000,47.0
2026-08-01T08:50:08.000,47.0
2026-08-01T08:55:08.000,47.0
2026-08-01T09:00:08.000,47.0
2026-08-01T09:05:08.000,47.0
2026-08-01T09:10:08.000,47.0
2026-08-01T09:15:08.000,47.0
2026-08-01T09:20:08.000,47.0
2026-08-01T09:25:08.000,47.0
2026-08-01T09:30:08.000,46.7
2026-08-01T09:35:08.000,46.7
2026-08-01T09:40:08.000,46.7
2026-08-01T09:45:09.000,46.4
2026-08-01T09:50:09.000,46.4
2026-08-01T09:55:09.000,46.4
2026-08-01T10:00:09.000,46.4
2026-08-01T10:05:09.000,46.4
2026-08-01T10:10:09.000,46.0
2026-08-01T10:15:09.000,46.0
2026-08-01T10:20:09.000,46.0
2026-08-01T10:25:09.000,46.0
2026-08-01T10:30:09.000,46.0
2026-08-01T10:35:09.000,46.0
2026-08-01T10:40:09.000,46.0
2026-08-01T10:45:10.000,46.0
2026-08-01T10:50:10.000,46.0
2026-08-01T10:55:10.000,46.0
2026-08-01T11:00:10.000,46.0
2026-08-01T11:05:10.000,46.0
2026-08-01T11:10:10.000,45.7
2026-08-01T11:15:10.000,45.7
2026-08-01T11:20:10.000,45.7
2026-08-01T11:25:10.000,45.7
2026-08-01T11:30:10.000,45.4
2026-08-01T11:35:10.000,45.4
2026-08-01T11:40:10.000,45.4
2026-08-01T11:45:11.000,45.1
2026-08-01T11:50:11.000,45.4
2026-08-01T11:55:11.000,45.4
2026-08-01T12:00:11.000,45.4
2026-08-01T12:05:11.000,45.4
2026-08-01T12:10:11.000,45.4
2026-08-01T12:15:11.000,45.4
2026-08-01T12:20:11.000,45.4
2026-08-01T12:25:11.000,45.4
2026-08-01T12:30:11.000,45.4
2026-08-01T12:35:11.000,45.4
2026-08-01T12:40:11.000,45.4
2026-08-01T12:45:11.000,45.7
2026-08-01T12:50:12.000,45.7
2026-08-01T12:55:12.000,45.4
2026-08-01T13:00:12.000,45.7
2026-08-01T13:05:12.000,45.7
2026-08-01T13:10:12.000,45.4
2026-08-01T13:15:12.000,45.7
2026-08-01T13:20:07.000,45.7
2026-08-01T13:25:07.000,45.7
2026-08-01T13:30:07.000,46.0
2026-08-01T13:35:07.000,46.0
2026-08-01T13:40:07.000,46.0
2026-08-01T13:45:07.000,46.4
2026-08-01T13:50:08.000,46.4
2026-08-01T13:55:08.000,46.4
2026-08-01T14:00:08.000,46.7
2026-08-01T14:05:08.000,47.0
2026-08-01T14:10:08.000,47.3
2026-08-01T14:15:08.000,48.0
2026-08-01T14:20:08.000,48.6
2026-08-01T14:25:08.000,48.9
2026-08-01T14:30:08.000,49.3
2026-08-01T14:35:08.000,49.6
2026-08-01T14:40:08.000,50.2
2026-08-01T14:45:08.000,50.6
2026-08-01T14:50:08.000,51.2
2026-08-01T14:55:09.000,51.5
2026-08-01T15:00:09.000,52.2
2026-08-01T15:05:09.000,52.5
2026-08-01T15:10:09.000,52.8
2026-08-01T15:15:09.000,52.8
2026-08-01T15:20:09.000,53.1
2026-08-01T15:25:09.000,53.1
2026-08-01T15:30:09.000,53.5
2026-08-01T15:35:09.000,53.8
2026-08-01T15:40:09.000,53.8
2026-08-01T15:45:09.000,53.8
2026-08-01T15:50:09.000,54.1
2026-08-01T15:55:09.000,54.4
2026-08-01T16:00:10.000,54.4
2026-08-01T16:05:10.000,54.7
2026-08-01T16:10:10.000,54.7
2026-08-01T16:15:10.000,54.7
2026-08-01T16:20:10.000,55.1
2026-08-01T16:25:10.000,55.1
2026-08-01T16:30:10.000,55.1
2026-08-01T16:35:10.000,54.4
2026-08-01T16:40:10.000,54.4
2026-08-01T16:45:10.000,54.1
2026-08-01T16:50:10.000,54.4
2026-08-01T16:55:10.000,55.1
2026-08-01T17:00:11.000,56.0
2026-08-01T17:05:11.000,56.7
2026-08-01T17:10:11.000,57.0
2026-08-01T17:15:11.000,58.0
2026-08-01T17:20:11.000,58.6
2026-08-01T17:25:11.000,59.3
2026-08-01T17:30:11.000,60.2
2026-08-01T17:35:11.000,60.5
2026-08-01T17:40:11.000,60.9
2026-08-01T17:45:11.000,61.5
2026-08-01T17:50:11.000,61.8
2026-08-01T17:55:11.000,62.8
2026-08-01T18:00:11.000,63.4
2026-08-01T18:05:12.000,64.1
2026-08-01T18:10:12.000,64.1
2026-08-01T18:15:12.000,63.8
2026-08-01T18:20:12.000,63.4
2026-08-01T18:25:12.000,63.4
2026-08-01T18:30:12.000,63.4
2026-08-01T18:35:12.000,63.4
2026-08-01T18:40:12.000,62.8
2026-08-01T18:45:12.000,62.5
2026-08-01T18:50:12.000,61.8
2026-08-01T18:55:12.000,61.5
2026-08-01T19:00:12.000,61.2
2026-08-01T19:05:13.000,60.9
2026-08-01T19:10:13.000,60.5
2026-08-01T19:15:13.000,60.2
2026-08-01T19:20:13.000,60.2
2026-08-01T19:25:13.000,60.5
2026-08-01T19:30:13.000,60.9
2026-08-01T19:35:13.000,61.2
2026-08-01T19:40:13.000,61.2
2026-08-01T19:45:13.000,60.9
2026-08-01T19:50:13.000,61.2
2026-08-01T19:55:13.000,62.5
2026-08-01T20:00:13.000,63.1
2026-08-01T20:05:13.000,64.4
2026-08-01T20:10:14.000,65.4
2026-08-01T20:15:14.000,66.3
2026-08-01T20:20:14.000,67.3
2026-08-01T20:25:14.000,68.0
2026-08-01T20:30:14.000,68.6
2026-08-01T20:35:14.000,68.9
2026-08-01T20:40:14.000,68.9
2026-08-01T20:45:14.000,69.2
2026-08-01T20:50:14.000,69.2
2026-08-01T20:55:14.000,69.6
2026-08-01T21:00:14.000,69.9
2026-08-01T21:05:14.000,69.9
2026-08-01T21:10:14.000,69.9
2026-08-01T21:15:15.000,70.2
2026-08-01T21:20:15.000,70.5
2026-08-01T21:25:15.000,70.5
2026-08-01T21:30:15.000,70.9
2026-08-01T21:35:15.000,70.9
2026-08-01T21:40:15.000,70.2
2026-08-01T21:45:15.000,69.9
2026-08-01T21:50:15.000,69.9
2026-08-01T21:55:15.000,69.6
2026-08-01T22:00:15.000,69.9
2026-08-01T22:05:15.000,70.2
2026-08-01T22:10:15.000,70.2
2026-08-01T22:15:16.000,70.5
2026-08-01T22:20:16.000,70.5
2026-08-01T22:25:16.000,70.5
2026-08-01T22:30:16.000,70.5
2026-08-01T22:35:16.000,70.5
2026-08-01T22:40:16.000,70.2
2026-08-01T22:45:16.000,70.2
2026-08-01T22:50:16.000,70.2
2026-08-01T22:55:16.000,70.2
2026-08-01T23:00:16.000,70.2
2026-08-01T23:05:16.000,69.9
2026-08-01T23:10:16.000,69.9
2026-08-01T23:15:16.000,69.9
2026-08-01T23:20:17.000,69.9
2026-08-01T23:25:17.000,69.6
2026-08-01T23:30:17.000,69.6
2026-08-01T23:35:17.000,69.2
2026-08-01T23:40:17.000,69.2
2026-08-01T23:45:17.000,68.9
2026-08-01T23:50:17.000,68.9
2026-08-01T23:55:17.000,68.9
2026-08-02T00:00:17.000,68.9
2026-08-02T00:05:17.000,68.6
2026-08-02T00:10:17.000,68.6
2026-08-02T00:15:17.000,68.3
2026-08-02T00:20:18.000,68.3
2026-08-02T00:25:18.000,68.0
2026-08-02T00:30:18.000,67.6
2026-08-02T00:35:18.000,67.6
2026-08-02T00:40:18.000,67.3
2026-08-02T00:45:18.000,67.0
2026-08-02T00:50:18.000,66.7
2026-08-02T00:55:18.000,66.0
2026-08-02T01:00:18.000,65.4
2026-08-02T01:05:18.000,64.4
2026-08-02T01:10:18.000,63.8
2026-08-02T01:15:18.000,63.1
2026-08-02T01:20:18.000,62.2
2026-08-02T01:25:19.000,61.8
2026-08-02T01:30:19.000,61.2
2026-08-02T01:35:19.000,60.5
2026-08-02T01:40:19.000,60.2
2026-08-02T01:45:19.000,59.6
2026-08-02T01:50:19.000,58.9
2026-08-02T01:55:19.000,58.6
2026-08-02T02:00:19.000,58.0
2026-08-02T02:05:19.000,57.6
2026-08-02T02:10:19.000,57.0
2026-08-02T02:15:19.000,56.7
2026-08-02T02:20:19.000,56.0
2026-08-02T02:25:20.000,55.7
2026-08-02T02:30:20.000,55.4
2026-08-02T02:35:20.000,55.1
2026-08-02T02:40:20.000,54.4
2026-08-02T02:45:20.000,54.4
2026-08-02T02:50:20.000,54.1
2026-08-02T02:55:20.000,53.8
2026-08-02T03:00:20.000,53.5
2026-08-02T03:05:20.000,53.5
2026-08-02T03:10:20.000,53.1
2026-08-02T03:15:20.000,52.8
2026-08-02T03:20:20.000,52.8
2026-08-02T03:25:21.000,52.5
2026-08-02T03:30:21.000,52.5
2026-08-02T03:35:21.000,52.2
2026-08-02T03:40:21.000,52.2
2026-08-02T03:45:21.000,51.8
2026-08-02T03:50:21.000,51.8
2026-08-02T03:55:21.000,51.5
2026-08-02T04:00:21.000,51.5
2026-08-02T04:05:21.000,51.5
2026-08-02T04:10:21.000,51.2
2026-08-02T04:15:21.000,51.2
2026-08-02T04:20:21.000,50.9
2026-08-02T04:25:22.000,50.9
2026-08-02T04:30:22.000,50.6
2026-08-02T04:35:22.000,50.9
2026-08-02T04:40:22.000,50.6
2026-08-02T04:45:22.000,50.6
2026-08-02T04:50:22.000,50.6
2026-08-02T04:55:22.000,50.6
2026-08-02T05:00:22.000,50.6
2026-08-02T05:05:22.000,50.6
2026-08-02T05:10:22.000,50.2
2026-08-02T05:15:22.000,50.2
2026-08-02T05:20:22.000,50.2
2026-08-02T05:25:23.000,50.2
2026-08-02T05:30:23.000,50.2
2026-08-02T05:35:23.000,50.2
2026-08-02T05:40:23.000,50.6
2026-08-02T05:45:23.000,50.6
2026-08-02T05:50:23.000,50.6
2026-08-02T05:55:23.000,50.2
2026-08-02T06:00:23.000,50.2
2026-08-02T06:05:23.000,50.2
2026-08-02T06:10:23.000,49.9
2026-08-02T06:15:23.000,49.9
2026-08-02T06:20:23.000,49.9
2026-08-02T06:25:24.000,49.6
2026-08-02T06:30:24.000,49.6
2026-08-02T06:35:24.000,49.3
2026-08-02T06:40:24.000,49.3
2026-08-02T06:45:24.000,49.3
2026-08-02T06:50:24.000,49.3
2026-08-02T06:55:24.000,49.3
2026-08-02T07:00:24.000,49.3
2026-08-02T07:05:24.000,48.9
2026-08-02T07:10:24.000,49.3
2026-08-02T07:15:24.000,48.9
2026-08-02T07:20:24.000,48.9
2026-08-02T07:25:25.000,48.9
2026-08-02T07:30:25.000,48.9
2026-08-02T07:35:25.000,48.9
2026-08-02T07:40:25.000,48.9
2026-08-02T07:45:25.000,48.9
2026-08-02T07:50:25.000,48.9
2026-08-02T07:55:25.000,48.9
2026-08-02T08:00:25.000,48.9
2026-08-02T08:05:25.000,48.6
2026-08-02T08:10:25.000,48.6
2026-08-02T08:15:25.000,48.6
2026-08-02T08:20:25.000,48.6
2026-08-02T08:25:26.000,48.6
2026-08-02T08:30:26.000,48.6
2026-08-02T08:35:26.000,48.6
2026-08-02T08:40:26.000,48.6
2026-08-02T08:45:26.000,48.6
2026-08-02T08:50:26.000,48.6
2026-08-02T08:55:26.000,48.6
2026-08-02T09:00:26.000,48.3
2026-08-02T09:05:26.000,48.3
2026-08-02T09:10:26.000,48.3
2026-08-02T09:15:26.000,48.3
2026-08-02T09:20:26.000,48.3
2026-08-02T09:25:27.000,48.0
2026-08-02T09:30:27.000,48.0
2026-08-02T09:35:27.000,48.0
2026-08-02T09:40:27.000,48.0
2026-08-02T09:45:27.000,48.0
2026-08-02T09:50:27.000,47.7
2026-08-02T09:55:27.000,47.7
2026-08-02T10:00:27.000,47.7
2026-08-02T10:05:27.000,47.7
2026-08-02T10:10:27.000,47.7
2026-08-02T10:15:27.000,47.3
2026-08-02T10:20:27.000,47.3
2026-08-02T10:25:28.000,47.3
2026-08-02T10:30:28.000,47.3
2026-08-02T10:35:28.000,47.3
2026-08-02T10:40:28.000,47.0
2026-08-02T10:45:28.000,47.0
2026-08-02T10:50:28.000,47.0
2026-08-02T10:55:28.000,47.0
2026-08-02T11:00:28.000,46.7
2026-08-02T11:05:28.000,46.7
2026-08-02T11:10:28.000,46.7
2026-08-02T11:15:28.000,46.7
2026-08-02T11:20:28.000,46.7
2026-08-02T11:25:29.000,46.7
2026-08-02T11:30:29.000,46.4
2026-08-02T11:35:29.000,46.4
2026-08-02T11:40:29.000,46.4
2026-08-02T11:45:29.000,46.4
2026-08-02T11:50:29.000,46.4
2026-08-02T11:55:29.000,46.4
2026-08-02T12:00:29.000,46.4
2026-08-02T12:05:29.000,46.4
2026-08-02T12:10:29.000,46.4
2026-08-02T12:15:29.000,46.4
2026-08-02T12:20:29.000,46.4
2026-08-02T12:25:30.000,46.4
2026-08-02T12:30:30.000,46.4
2026-08-02T12:35:30.000,46.4
2026-08-02T12:40:30.000,46.4
2026-08-02T12:45:30.000,46.4
2026-08-02T12:50:30.000,46.4
2026-08-02T12:55:30.000,46.4
2026-08-02T13:00:30.000,46.4
2026-08-02T13:05:30.000,46.4
2026-08-02T13:10:30.000,46.7
2026-08-02T13:15:30.000,46.7
2026-08-02T13:20:30.000,47.0
2026-08-02T13:25:30.000,47.0
2026-08-02T13:30:31.000,47.7
2026-08-02T13:35:31.000,48.0
2026-08-02T13:40:31.000,48.3
2026-08-02T13:45:31.000,48.6
2026-08-02T13:50:31.000,49.3
2026-08-02T13:55:31.000,49.3
2026-08-02T14:00:31.000,50.2
2026-08-02T14:05:31.000,50.6
2026-08-02T14:10:31.000,50.6
2026-08-02T14:15:31.000,51.2
2026-08-02T14:20:31.000,51.2
2026-08-02T14:25:31.000,51.5
2026-08-02T14:30:32.000,51.5
2026-08-02T14:35:32.000,51.5
2026-08-02T14:40:32.000,51.2
2026-08-02T14:45:32.000,51.2
2026-08-02T14:50:32.000,51.2
2026-08-02T14:55:32.000,50.9
2026-08-02T15:00:32.000,51.2
2026-08-02T15:05:32.000,51.5
2026-08-02T15:10:32.000,51.5
2026-08-02T15:15:32.000,52.2
2026-08-02T15:20:32.000,52.2
2026-08-02T15:25:32.000,52.8
2026-08-02T15:30:32.000,53.1
2026-08-02T15:35:33.000,53.5
2026-08-02T15:40:33.000,53.8
2026-08-02T15:45:33.000,54.1
2026-08-02T15:50:33.000,54.4
2026-08-02T15:55:33.000,54.4
2026-08-02T16:00:33.000,54.7
2026-08-02T16:05:33.000,55.1
2026-08-02T16:10:33.000,55.1
2026-08-02T16:15:33.000,55.1
2026-08-02T16:20:33.000,54.7
2026-08-02T16:25:33.000,55.1
2026-08-02T16:30:33.000,55.1
2026-08-02T16:35:34.000,55.1
2026-08-02T16:40:34.000,55.1
2026-08-02T16:45:34.000,55.1
2026-08-02T16:50:34.000,55.4
2026-08-02T16:55:34.000,55.4
2026-08-02T17:00:34.000,55.4
2026-08-02T17:05:34.000,56.0
2026-08-02T17:10:34.000,56.7
2026-08-02T17:15:34.000,57.6
2026-08-02T17:20:34.000,58.9
2026-08-02T17:25:34.000,59.9
2026-08-02T17:30:34.000,60.5
2026-08-02T17:35:34.000,61.2
2026-08-02T17:40:35.000,61.5
2026-08-02T17:45:35.000,61.5
2026-08-02T17:50:35.000,61.8
2026-08-02T17:55:35.000,62.5
2026-08-02T18:00:35.000,63.1
2026-08-02T18:05:35.000,63.8
2026-08-02T18:10:35.000,64.4
2026-08-02T18:15:35.000,65.4
2026-08-02T18:20:35.000,66.0
2026-08-02T18:25:35.000,66.3
2026-08-02T18:30:35.000,66.3
2026-08-02T18:35:35.000,66.0
2026-08-02T18:40:36.000,65.1
2026-08-02T18:45:36.000,64.7
2026-08-02T18:50:36.000,64.7
2026-08-02T18:55:36.000,64.4
2026-08-02T19:00:36.000,64.1
2026-08-02T19:05:36.000,63.4
2026-08-02T19:10:36.000,64.1
2026-08-02T19:15:36.000,65.1
2026-08-02T19:20:36.000,64.7
2026-08-02T19:25:36.000,65.4
2026-08-02T19:30:36.000,66.3
2026-08-02T19:35:36.000,67.0
2026-08-02T19:40:36.000,67.6
2026-08-02T19:45:37.000,67.3
2026-08-02T19:50:37.000,66.3
2026-08-02T19:55:37.000,65.1
2026-08-02T20:00:37.000,63.8
2026-08-02T20:05:37.000,62.8
2026-08-02T20:10:37.000,62.2
2026-08-02T20:15:37.000,62.8
2026-08-02T20:20:37.000,63.8
2026-08-02T20:25:37.000,64.7
2026-08-02T20:30:37.000,65.7
2026-08-02T20:35:37.000,65.7
2026-08-02T20:40:37.000,66.3
2026-08-02T20:45:37.000,66.7
2026-08-02T20:50:38.000,67.3
2026-08-02T20:55:38.000,67.6
2026-08-02T21:00:38.000,68.0
2026-08-02T21:05:38.000,68.0
2026-08-02T21:10:38.000,68.3
2026-08-02T21:15:38.000,68.3
2026-08-02T21:20:38.000,68.6
2026-08-02T21:25:38.000,68.6
2026-08-02T21:30:38.000,68.9
2026-08-02T21:35:38.000,69.2
2026-08-02T21:40:38.000,69.2
2026-08-02T21:45:38.000,69.6
2026-08-02T21:50:39.000,69.6
2026-08-02T21:55:39.000,69.6
2026-08-02T22:00:39.000,69.6
2026-08-02T22:05:39.000,69.6
2026-08-02T22:10:39.000,69.9
2026-08-02T22:15:39.000,69.9
2026-08-02T22:20:39.000,69.9
2026-08-02T22:25:39.000,69.9
2026-08-02T22:30:39.000,69.9
2026-08-02T22:35:39.000,69.9
2026-08-02T22:40:39.000,69.9
2026-08-02T22:45:39.000,69.9
2026-08-02T22:50:39.000,69.9
2026-08-02T22:55:40.000,69.9
2026-08-02T23:00:40.000,69.9
2026-08-02T23:05:40.000,69.6
2026-08-02T23:10:40.000,69.9
2026-08-02T23:15:40.000,69.9
2026-08-02T23:20:40.000,69.9
2026-08-02T23:25:40.000,69.9
2026-08-02T23:30:40.000,69.6
2026-08-02T23:35:40.000,69.2
2026-08-02T23:40:40.000,69.2
2026-08-02T23:45:40.000,68.9
2026-08-02T23:50:40.000,68.9
2026-08-02T23:55:41.000,68.6
2026-08-03T00:00:41.000,68.3
2026-08-03T00:05:41.000,68.0
2026-08-03T00:10:41.000,68.0
2026-08-03T00:15:41.000,67.6
2026-08-03T00:20:41.000,67.6
2026-08-03T00:25:41.000,67.3
2026-08-03T00:30:41.000,67.0
2026-08-03T00:35:41.000,66.7
2026-08-03T00:40:41.000,66.7
2026-08-03T00:45:41.000,66.3
2026-08-03T00:50:41.000,66.0
2026-08-03T00:55:42.000,66.0
2026-08-03T01:00:42.000,65.4
2026-08-03T01:05:42.000,65.1
2026-08-03T01:10:42.000,64.7
2026-08-03T01:15:42.000,64.1
2026-08-03T01:20:42.000,63.4
2026-08-03T01:25:42.000,62.8
2026-08-03T01:30:42.000,62.2
2026-08-03T01:35:42.000,61.8
2026-08-03T01:40:42.000,60.9
2026-08-03T01:45:42.000,60.5
2026-08-03T01:50:42.000,59.6
2026-08-03T01:55:42.000,59.3
2026-08-03T02:00:43.000,58.6
2026-08-03T02:05:43.000,58.3
2026-08-03T02:10:43.000,57.6
2026-08-03T02:15:43.000,57.3
2026-08-03T02:20:43.000,56.7
2026-08-03T02:25:43.000,56.4
2026-08-03T02:30:43.000,55.7
2026-08-03T02:35:43.000,55.4
2026-08-03T02:40:43.000,55.1
2026-08-03T02:45:43.000,54.7
2026-08-03T02:50:43.000,54.4
2026-08-03T02:55:43.000,54.1
2026-08-03T03:00:44.000,54.1
2026-08-03T03:05:44.000,53.8
2026-08-03T03:10:44.000,53.5
2026-08-03T03:15:44.000,53.5
2026-08-03T03:20:44.000,53.1
2026-08-03T03:25:44.000,53.1
2026-08-03T03:30:44.000,52.8
2026-08-03T03:35:44.000,52.8
2026-08-03T03:40:44.000,52.5
2026-08-03T03:45:44.000,52.2
2026-08-03T03:50:44.000,52.2
2026-08-03T03:55:44.000,51.8
2026-08-03T04:00:45.000,51.8
2026-08-03T04:05:45.000,51.5
2026-08-03T04:10:45.000,51.5
2026-08-03T04:15:45.000,51.5
2026-08-03T04:20:45.000,51.2
2026-08-03T04:25:45.000,51.2
2026-08-03T04:30:45.000,50.9
2026-08-03T04:35:45.000,50.9
2026-08-03T04:40:45.000,50.6
2026-08-03T04:45:45.000,50.6
2026-08-03T04:50:45.000,50.6
2026-08-03T04:55:45.000,50.2
2026-08-03T05:00:46.000,50.2
2026-08-03T05:05:46.000,50.2
2026-08-03T05:10:46.000,50.2
2026-08-03T05:15:46.000,50.2
2026-08-03T05:20:46.000,50.2
2026-08-03T05:25:46.000,50.2
2026-08-03T05:30:46.000,50.2
2026-08-03T05:35:46.000,50.2
2026-08-03T05:40:46.000,50.2
2026-08-03T05:45:46.000,50.2
2026-08-03T05:50:46.000,50.2
2026-08-03T05:55:46.000,50.2
2026-08-03T06:00:47.000,50.2
2026-08-03T06:05:47.000,49.9
2026-08-03T06:10:47.000,49.9
2026-08-03T06:15:47.000,49.9
2026-08-03T06:20:47.000,49.9
2026-08-03T06:25:47.000,49.6
2026-08-03T06:30:47.000,49.6
2026-08-03T06:35:47.000,49.6
2026-08-03T06:40:47.000,49.6
2026-08-03T06:45:47.000,49.3
2026-08-03T06:50:47.000,49.3
2026-08-03T06:55:47.000,49.3
2026-08-03T07:00:47.000,49.3
2026-08-03T07:05:48.000,48.9
2026-08-03T07:10:48.000,48.9
2026-08-03T07:15:48.000,48.9
2026-08-03T07:20:48.000,48.9
2026-08-03T07:25:48.000,48.6
2026-08-03T07:30:48.000,48.6
2026-08-03T07:35:48.000,48.6
2026-08-03T07:40:48.000,48.6
2026-08-03T07:45:48.000,48.3
2026-08-03T07:50:48.000,48.3
2026-08-03T07:55:48.000,48.3
2026-08-03T08:00:49.000,48.3
2026-08-03T08:05:49.000,48.3
2026-08-03T08:10:49.000,48.3
2026-08-03T08:15:49.000,48.3
2026-08-03T08:20:49.000,48.3
2026-08-03T08:25:49.000,48.3
2026-08-03T08:30:49.000,48.3
2026-08-03T08:35:49.000,48.3
2026-08-03T08:40:49.000,48.3
2026-08-03T08:45:49.000,48.3
2026-08-03T08:50:49.000,48.3
2026-08-03T08:55:49.000,48.3
2026-08-03T09:00:50.000,48.3
2026-08-03T09:05:50.000,48.3
2026-08-03T09:10:50.000,48.3
2026-08-03T09:15:50.000,48.3
2026-08-03T09:20:50.000,48.3
2026-08-03T09:25:50.000,48.3
2026-08-03T09:30:50.000,48.3
2026-08-03T09:35:50.000,48.3
2026-08-03T09:40:50.000,48.3
2026-08-03T09:45:50.000,48.3
2026-08-03T09:50:50.000,48.3
2026-08-03T09:55:50.000,48.3
2026-08-03T10:00:51.000,48.3
2026-08-03T10:05:51.000,48.3
2026-08-03T10:10:51.000,48.0
2026-08-03T10:15:51.000,48.0
2026-08-03T10:20:51.000,48.0
2026-08-03T10:25:51.000,48.0
2026-08-03T10:30:51.000,48.0
2026-08-03T10:35:51.000,48.0
2026-08-03T10:40:51.000,47.7
2026-08-03T10:45:51.000,47.7
2026-08-03T10:50:51.000,47.7
2026-08-03T10:55:51.000,47.7
2026-08-03T11:00:51.000,47.3
2026-08-03T11:05:52.000,47.3
2026-08-03T11:10:52.000,47.3
2026-08-03T11:15:52.000,47.3
2026-08-03T11:20:52.000,47.0
2026-08-03T11:25:52.000,47.0
2026-08-03T11:30:52.000,47.0
2026-08-03T11:35:52.000,47.0
2026-08-03T11:40:52.000,47.0
2026-08-03T11:45:52.000,46.7
2026-08-03T11:50:52.000,46.7
2026-08-03T11:55:52.000,46.7
2026-08-03T12:00:53.000,46.7
2026-08-03T12:05:53.000,46.7
2026-08-03T12:10:53.000,46.4
2026-08-03T12:15:53.000,46.4
2026-08-03T12:20:53.000,46.4
2026-08-03T12:25:53.000,46.4
2026-08-03T12:30:53.000,46.4
2026-08-03T12:35:53.000,46.0
2026-08-03T12:40:53.000,46.0
2026-08-03T12:45:53.000,46.0
2026-08-03T12:50:53.000,46.0
2026-08-03T12:55:53.000,46.0
2026-08-03T13:00:53.000,46.0
2026-08-03T13:05:54.000,46.0
2026-08-03T13:10:54.000,46.0
2026-08-03T13:15:54.000,46.0
2026-08-03T13:20:54.000,46.4
2026-08-03T13:25:54.000,46.4
2026-08-03T13:30:54.000,46.4
2026-08-03T13:35:54.000,46.7
2026-08-03T13:40:54.000,47.0
2026-08-03T13:45:54.000,47.3
2026-08-03T13:50:54.000,48.0
2026-08-03T13:55:54.000,48.3
2026-08-03T14:00:54.000,48.6
2026-08-03T14:05:55.000,48.6
2026-08-03T14:10:55.000,48.6
2026-08-03T14:15:55.000,48.9
2026-08-03T14:20:55.000,48.9
2026-08-03T14:25:55.000,48.9
2026-08-03T14:30:55.000,49.3
2026-08-03T14:35:55.000,49.3
2026-08-03T14:40:55.000,49.6
2026-08-03T14:45:55.000,50.2
2026-08-03T14:50:55.000,50.6
2026-08-03T14:55:55.000,51.2
2026-08-03T15:00:55.000,51.8
2026-08-03T15:05:55.000,52.5
2026-08-03T15:10:56.000,52.8
2026-08-03T15:15:56.000,53.1
2026-08-03T15:20:56.000,53.8
2026-08-03T15:25:56.000,54.1
2026-08-03T15:30:56.000,54.7
2026-08-03T15:35:56.000,55.1
2026-08-03T15:40:56.000,55.4
2026-08-03T15:45:56.000,55.7
2026-08-03T15:50:56.000,55.7
2026-08-03T15:55:56.000,56.0
2026-08-03T16:00:56.000,56.4
2026-08-03T16:05:56.000,56.7
2026-08-03T16:10:57.000,56.7
2026-08-03T16:15:57.000,57.0
2026-08-03T16:20:57.000,57.0
2026-08-03T16:25:57.000,56.7
2026-08-03T16:30:57.000,57.0
2026-08-03T16:35:57.000,56.7
2026-08-03T16:40:57.000,56.4
2026-08-03T16:45:57.000,56.0
2026-08-03T16:50:57.000,56.0
2026-08-03T16:55:57.000,56.4
2026-08-03T17:00:57.000,57.0
2026-08-03T17:05:57.000,57.6
2026-08-03T17:10:57.000,58.3
2026-08-03T17:15:58.000,59.3
2026-08-03T17:20:58.000,59.6
2026-08-03T17:25:58.000,60.2
2026-08-03T17:30:58.000,60.5
2026-08-03T17:35:58.000,61.2
2026-08-03T17:40:58.000,61.5
2026-08-03T17:45:58.000,61.8
2026-08-03T17:50:58.000,61.8
2026-08-03T17:55:58.000,61.2
2026-08-03T18:00:58.000,60.9
2026-08-03T18:05:58.000,61.2
2026-08-03T18:10:58.000,61.8
2026-08-03T18:15:59.000,62.2
2026-08-03T18:20:59.000,62.2
2026-08-03T18:25:59.000,62.2
2026-08-03T18:30:59.000,62.5
2026-08-03T18:35:59.000,62.8
2026-08-03T18:40:59.000,62.8
2026-08-03T18:45:59.000,63.4
2026-08-03T18:50:59.000,63.4
2026-08-03T18:55:59.000,64.1
2026-08-03T19:00:59.000,64.4
2026-08-03T19:05:59.000,64.7
2026-08-03T19:10:59.000,65.4
2026-08-03T19:16:00.000,65.7
2026-08-03T19:21:00.000,66.0
2026-08-03T19:26:00.000,66.3
2026-08-03T19:31:00.000,66.7
2026-08-03T19:36:00.000,67.0
2026-08-03T19:41:00.000,67.0
2026-08-03T19:46:00.000,67.6
2026-08-03T19:51:00.000,67.6
2026-08-03T19:56:00.000,68.0
2026-08-03T20:01:00.000,68.0
2026-08-03T20:06:00.000,68.3
2026-08-03T20:11:00.000,68.3
2026-08-03T20:16:00.000,68.6
2026-08-03T20:21:01.000,68.6
2026-08-03T20:26:01.000,68.6
2026-08-03T20:31:01.000,68.9
2026-08-03T20:36:01.000,68.9
2026-08-03T20:41:01.000,69.2
2026-08-03T20:46:01.000,69.2
2026-08-03T20:51:01.000,69.2
2026-08-03T20:56:01.000,69.2
2026-08-03T21:01:01.000,69.6
2026-08-03T21:06:01.000,69.6
2026-08-03T21:11:01.000,69.9
2026-08-03T21:16:01.000,69.9
2026-08-03T21:21:01.000,69.9
2026-08-03T21:26:02.000,69.6
2026-08-03T21:31:02.000,69.6
2026-08-03T21:36:02.000,69.6
2026-08-03T21:41:02.000,69.6
2026-08-03T21:46:02.000,69.6
2026-08-03T21:51:02.000,69.9
2026-08-03T21:56:02.000,69.6
2026-08-03T22:01:02.000,69.6
2026-08-03T22:06:02.000,69.6
2026-08-03T22:11:02.000,69.6
2026-08-03T22:16:02.000,69.6
2026-08-03T22:21:02.000,69.6
2026-08-03T22:26:03.000,69.6
2026-08-03T22:31:03.000,69.6
2026-08-03T22:36:03.000,69.6
2026-08-03T22:41:03.000,69.6
2026-08-03T22:46:03.000,69.9
2026-08-03T22:51:03.000,69.9
2026-08-03T22:56:03.000,70.2
2026-08-03T23:01:03.000,70.5
2026-08-03T23:06:03.000,70.2
2026-08-03T23:11:03.000,69.9
2026-08-03T23:16:03.000,69.6
2026-08-03T23:21:03.000,69.6
2026-08-03T23:26:03.000,69.9
2026-08-03T23:31:04.000,69.9
2026-08-03T23:36:04.000,69.9
2026-08-03T23:41:04.000,69.2
2026-08-03T23:46:04.000,69.2
2026-08-03T23:51:04.000,68.9
2026-08-03T23:56:04.000,68.6
2026-08-04T00:01:04.000,68.3
2026-08-04T00:06:04.000,67.6
2026-08-04T00:11:04.000,67.6
2026-08-04T00:16:04.000,67.6
2026-08-04T00:21:04.000,67.3
2026-08-04T00:26:04.000,66.3
2026-08-04T00:31:05.000,65.4
2026-08-04T00:36:05.000,64.7
2026-08-04T00:41:05.000,63.8
2026-08-04T00:46:05.000,63.4
2026-08-04T00:51:05.000,62.5
2026-08-04T00:56:05.000,61.8
2026-08-04T01:01:05.000,61.2
2026-08-04T01:06:05.000,60.9
2026-08-04T01:11:05.000,60.2
2026-08-04T01:16:05.000,59.6
2026-08-04T01:21:05.000,58.9
2026-08-04T01:26:05.000,58.6
2026-08-04T01:31:05.000,58.0
2026-08-04T01:36:06.000,57.6
2026-08-04T01:41:06.000,57.3
2026-08-04T01:46:06.000,57.0
2026-08-04T01:51:06.000,56.7
2026-08-04T01:56:06.000,56.4
2026-08-04T02:01:06.000,55.7
2026-08-04T02:06:06.000,56.0
2026-08-04T02:11:06.000,55.7
2026-08-04T02:16:06.000,55.4
2026-08-04T02:21:06.000,55.1
2026-08-04T02:26:06.000,55.1
2026-08-04T02:31:06.000,54.7
2026-08-04T02:36:07.000,54.4
2026-08-04T02:41:07.000,53.8
2026-08-04T02:46:07.000,53.1
2026-08-04T02:51:07.000,52.2
2026-08-04T02:56:07.000,51.5
2026-08-04T03:01:07.000,51.2
2026-08-04T03:06:07.000,50.6
2026-08-04T03:11:07.000,49.9
2026-08-04T03:16:07.000,49.6
2026-08-04T03:21:07.000,48.9
2026-08-04T03:26:07.000,48.3
2026-08-04T03:31:07.000,47.7
2026-08-04T03:36:07.000,47.3
2026-08-04T03:41:08.000,47.0
2026-08-04T03:46:08.000,46.7
2026-08-04T03:51:08.000,46.4
2026-08-04T03:56:08.000,46.4
2026-08-04T04:01:08.000,46.0
2026-08-04T04:06:08.000,46.0
2026-08-04T04:11:08.000,45.7
2026-08-04T04:16:08.000,45.7
2026-08-04T04:21:08.000,45.7
2026-08-04T04:26:08.000,45.4
2026-08-04T04:31:08.000,45.4
2026-08-04T04:36:09.000,45.4
2026-08-04T04:41:09.000,45.1
2026-08-04T04:46:09.000,45.1
2026-08-04T04:51:09.000,45.1
2026-08-04T04:56:09.000,44.8
2026-08-04T05:01:09.000,44.8
2026-08-04T05:06:09.000,44.8
2026-08-04T05:11:09.000,45.1
2026-08-04T05:16:09.000,45.1
2026-08-04T05:21:09.000,44.8
2026-08-04T05:26:09.000,44.8
2026-08-04T05:31:09.000,44.8
2026-08-04T05:36:10.000,44.4
2026-08-04T05:41:10.000,44.1
2026-08-04T05:46:10.000,44.1
2026-08-04T05:51:10.000,44.1
2026-08-04T05:56:10.000,44.1
2026-08-04T06:01:10.000,44.1
2026-08-04T06:06:10.000,44.1
2026-08-04T06:11:10.000,43.8
2026-08-04T06:16:10.000,43.8
2026-08-04T06:21:10.000,43.5
2026-08-04T06:26:10.000,43.1
2026-08-04T06:31:10.000,43.1
2026-08-04T06:36:10.000,42.8
2026-08-04T06:41:11.000,42.8
2026-08-04T06:46:11.000,43.1
2026-08-04T06:51:11.000,43.1
2026-08-04T06:56:11.000,43.1
2026-08-04T07:01:11.000,43.1
2026-08-04T07:06:11.000,43.1
2026-08-04T07:11:11.000,43.1
2026-08-04T07:16:11.000,43.1
2026-08-04T07:21:11.000,43.1
2026-08-04T07:26:11.000,43.1
2026-08-04T07:31:11.000,43.5
2026-08-04T07:36:11.000,43.1
2026-08-04T07:41:12.000,43.5
2026-08-04T07:46:12.000,43.1
2026-08-04T07:51:12.000,43.1
2026-08-04T07:56:12.000,43.1
2026-08-04T08:01:12.000,43.1
2026-08-04T08:06:12.000,43.1
2026-08-04T08:11:12.000,43.1
2026-08-04T08:16:12.000,42.8
2026-08-04T08:21:12.000,42.8
2026-08-04T08:26:12.000,42.8
2026-08-04T08:31:12.000,42.8
2026-08-04T08:36:13.000,42.5
2026-08-04T08:41:13.000,42.5
2026-08-04T08:46:13.000,42.5
2026-08-04T08:51:13.000,42.5
2026-08-04T08:56:13.000,42.5
2026-08-04T09:01:13.000,42.5
2026-08-04T09:06:13.000,42.5
2026-08-04T09:11:13.000,42.5
2026-08-04T09:16:13.000,42.5
2026-08-04T09:21:13.000,42.5
2026-08-04T09:26:13.000,42.5
2026-08-04T09:31:13.000,42.5
2026-08-04T09:36:14.000,42.5
2026-08-04T09:41:14.000,42.5
2026-08-04T09:46:14.000,42.5
2026-08-04T09:51:14.000,42.5
2026-08-04T09:56:14.000,42.5
2026-08-04T10:01:14.000,42.5
2026-08-04T10:06:14.000,42.5
2026-08-04T10:11:14.000,42.5
2026-08-04T10:16:14.000,42.5
2026-08-04T10:21:14.000,42.5
2026-08-04T10:26:14.000,42.5
2026-08-04T10:31:14.000,42.2
2026-08-04T10:36:14.000,42.2
2026-08-04T10:41:15.000,42.5
2026-08-04T10:46:15.000,42.5
2026-08-04T10:51:15.000,42.5
2026-08-04T10:56:15.000,42.2
2026-08-04T11:01:15.000,42.2
2026-08-04T11:06:15.000,42.2
2026-08-04T11:11:15.000,42.2
2026-08-04T11:16:15.000,42.2
2026-08-04T11:21:15.000,42.2
2026-08-04T11:26:15.000,42.2
2026-08-04T11:31:15.000,42.2
2026-08-04T11:36:15.000,42.2
2026-08-04T11:41:16.000,42.2
2026-08-04T11:46:16.000,42.2
2026-08-04T11:51:16.000,42.2
2026-08-04T11:56:16.000,41.9
2026-08-04T12:01:16.000,42.2
2026-08-04T12:06:16.000,42.2
2026-08-04T12:11:16.000,41.9
2026-08-04T12:16:16.000,41.9
2026-08-04T12:21:16.000,41.9
2026-08-04T12:26:16.000,41.9
2026-08-04T12:31:16.000,41.9
2026-08-04T12:36:16.000,41.9
2026-08-04T12:41:17.000,41.5
2026-08-04T12:46:17.000,41.9
2026-08-04T12:51:17.000,41.9
2026-08-04T12:56:17.000,41.5
2026-08-04T13:01:17.000,41.9
2026-08-04T13:06:17.000,41.5
2026-08-04T13:11:17.000,41.5
2026-08-04T13:16:17.000,41.5
2026-08-04T13:21:17.000,41.9
2026-08-04T13:26:17.000,41.9
2026-08-04T13:31:17.000,42.2
2026-08-04T13:36:17.000,42.5
2026-08-04T13:41:18.000,42.8
2026-08-04T13:46:18.000,43.1
2026-08-04T13:51:18.000,43.5
2026-08-04T13:56:18.000,44.1
2026-08-04T14:01:18.000,44.4
2026-08-04T14:06:18.000,44.8
2026-08-04T14:11:18.000,45.1
2026-08-04T14:16:18.000,45.4
2026-08-04T14:21:18.000,46.0
2026-08-04T14:26:18.000,46.4
2026-08-04T14:31:18.000,47.0
2026-08-04T14:36:18.000,47.3
2026-08-04T14:41:18.000,47.7
2026-08-04T14:46:19.000,47.7
2026-08-04T14:51:19.000,48.0
2026-08-04T14:56:19.000,48.3
2026-08-04T15:01:19.000,48.3
2026-08-04T15:06:19.000,48.3
2026-08-04T15:11:19.000,48.6
2026-08-04T15:16:19.000,48.9
2026-08-04T15:21:19.000,48.9
2026-08-04T15:26:19.000,49.3
2026-08-04T15:31:19.000,49.6
2026-08-04T15:36:19.000,49.6
2026-08-04T15:41:19.000,49.9
2026-08-04T15:46:20.000,49.9
2026-08-04T15:51:20.000,50.6
2026-08-04T15:56:20.000,50.2
2026-08-04T16:01:20.000,50.9
2026-08-04T16:06:20.000,50.9
2026-08-04T16:11:20.000,51.2
2026-08-04T16:16:20.000,51.5
2026-08-04T16:21:20.000,51.5
2026-08-04T16:26:20.000,51.8
2026-08-04T16:31:20.000,52.2
2026-08-04T16:36:20.000,52.2
2026-08-04T16:41:20.000,52.5
2026-08-04T16:46:20.000,52.8
2026-08-04T16:51:21.000,52.8
2026-08-04T16:56:21.000,53.1
2026-08-04T17:01:21.000,53.5
2026-08-04T17:06:21.000,53.8
2026-08-04T17:11:21.000,54.4
2026-08-04T17:16:21.000,55.1
2026-08-04T17:21:21.000,55.4
2026-08-04T17:26:21.000,56.0
2026-08-04T17:31:21.000,56.4
2026-08-04T17:36:21.000,56.4
2026-08-04T17:41:21.000,57.0
2026-08-04T17:46:21.000,57.3
2026-08-04T17:51:22.000,58.0
2026-08-04T17:56:22.000,58.3
2026-08-04T18:01:22.000,58.6
2026-08-04T18:06:22.000,58.9
2026-08-04T18:11:22.000,59.3
2026-08-04T18:16:22.000,59.9
2026-08-04T18:21:22.000,60.2
2026-08-04T18:26:22.000,60.2
2026-08-04T18:31:22.000,60.5
2026-08-04T18:36:22.000,60.9
2026-08-04T18:41:22.000,61.2
2026-08-04T18:46:22.000,61.5
2026-08-04T18:51:22.000,61.8
2026-08-04T18:56:23.000,62.2
2026-08-04T19:01:23.000,62.2
2026-08-04T19:06:23.000,62.5
2026-08-04T19:11:23.000,62.5
2026-08-04T19:16:23.000,62.8
2026-08-04T19:21:23.000,63.1
2026-08-04T19:26:23.000,63.1
2026-08-04T19:31:23.000,63.1
2026-08-04T19:36:23.000,63.4
2026-08-04T19:41:23.000,63.4
2026-08-04T19:46:23.000,63.1
2026-08-04T19:51:23.000,62.8
2026-08-04T19:56:24.000,62.5
2026-08-04T20:01:24.000,62.8
2026-08-04T20:06:24.000,63.1
2026-08-04T20:11:24.000,63.4
2026-08-04T20:16:24.000,63.1
2026-08-04T20:21:24.000,63.4
2026-08-04T20:26:24.000,62.8
2026-08-04T20:31:24.000,63.1
2026-08-04T20:36:24.000,62.5
2026-08-04T20:41:24.000,61.8
2026-08-04T20:46:24.000,61.5
2026-08-04T20:51:24.000,61.8
2026-08-04T20:56:24.000,62.2
2026-08-04T21:01:25.000,62.5
2026-08-04T21:06:25.000,63.1
2026-08-04T21:11:25.000,63.4
2026-08-04T21:16:25.000,64.1
2026-08-04T21:21:25.000,64.1
2026-08-04T21:26:25.000,64.4
2026-08-04T21:31:25.000,64.7
2026-08-04T21:36:25.000,65.1
2026-08-04T21:41:25.000,65.1
2026-08-04T21:46:25.000,65.1
2026-08-04T21:51:25.000,65.1
2026-08-04T21:56:25.000,65.1
2026-08-04T22:01:26.000,65.4
2026-08-04T22:06:26.000,65.4
2026-08-04T22:11:26.000,65.4
2026-08-04T22:16:26.000,65.4
2026-08-04T22:21:26.000,65.4
2026-08-04T22:26:26.000,65.4
2026-08-04T22:31:26.000,65.4
2026-08-04T22:36:26.000,65.4
2026-08-04T22:41:26.000,65.4
2026-08-04T22:46:26.000,65.7
2026-08-04T22:51:26.000,65.7
2026-08-04T22:56:26.000,66.0
2026-08-04T23:01:26.000,66.0
2026-08-04T23:06:27.000,66.0
2026-08-04T23:11:27.000,66.3
2026-08-04T23:16:27.000,66.0
2026-08-04T23:21:27.000,66.0
2026-08-04T23:26:27.000,66.0
2026-08-04T23:31:27.000,66.0
2026-08-04T23:36:27.000,66.0
2026-08-04T23:41:27.000,66.0
2026-08-04T23:46:27.000,65.7
2026-08-04T23:51:27.000,65.7
2026-08-04T23:56:27.000,65.4
2026-08-05T00:01:27.000,65.4
2026-08-05T00:06:28.000,65.1
2026-08-05T00:11:28.000,65.1
2026-08-05T00:16:28.000,64.7
2026-08-05T00:21:28.000,64.7
2026-08-05T00:26:28.000,64.4
2026-08-05T00:31:28.000,64.4
2026-08-05T00:36:28.000,64.1
2026-08-05T00:41:28.000,64.1
2026-08-05T00:46:28.000,63.8
2026-08-05T00:51:28.000,63.4
2026-08-05T00:56:28.000,63.1
2026-08-05T01:01:28.000,62.5
2026-08-05T01:06:28.000,61.8
2026-08-05T01:11:29.000,61.2
2026-08-05T01:16:29.000,60.5
2026-08-05T01:21:29.000,59.6
2026-08-05T01:26:29.000,58.9
2026-08-05T01:31:29.000,58.3
2026-08-05T01:36:29.000,57.6
2026-08-05T01:41:29.000,57.0
2026-08-05T01:46:29.000,56.4
2026-08-05T01:51:29.000,56.0
2026-08-05T01:56:29.000,55.7
2026-08-05T02:01:29.000,55.1
2026-08-05T02:06:29.000,55.1
2026-08-05T02:11:30.000,54.4
2026-08-05T02:16:30.000,54.1
2026-08-05T02:21:30.000,53.8
2026-08-05T02:26:30.000,53.5
2026-08-05T02:31:30.000,53.1
2026-08-05T02:36:30.000,52.8
2026-08-05T02:41:30.000,52.8
2026-08-05T02:46:30.000,52.8
2026-08-05T02:51:30.000,52.5
2026-08-05T02:56:30.000,52.2
2026-08-05T03:01:30.000,52.2
2026-08-05T03:06:30.000,52.2
2026-08-05T03:11:31.000,51.8
2026-08-05T03:16:31.000,51.8
2026-08-05T03:21:31.000,51.5
2026-08-05T03:26:31.000,51.5
2026-08-05T03:31:31.000,51.5
2026-08-05T03:36:31.000,51.5
2026-08-05T03:41:31.000,51.5
2026-08-05T03:46:31.000,51.2
2026-08-05T03:51:31.000,51.2
2026-08-05T03:56:31.000,51.2
2026-08-05T04:01:31.000,51.2
2026-08-05T04:06:31.000,50.9
2026-08-05T04:11:32.000,50.9
2026-08-05T04:16:32.000,50.9
2026-08-05T04:21:32.000,50.6
2026-08-05T04:26:32.000,50.6
2026-08-05T04:31:32.000,50.6
2026-08-05T04:36:32.000,50.6
2026-08-05T04:41:32.000,50.2
2026-08-05T04:46:32.000,50.2
2026-08-05T04:51:32.000,50.2
2026-08-05T04:56:32.000,50.2
2026-08-05T05:01:32.000,49.9
2026-08-05T05:06:32.000,49.9
2026-08-05T05:11:33.000,49.9
2026-08-05T05:16:33.000,49.9
2026-08-05T05:21:33.000,49.9
2026-08-05T05:26:33.000,49.6
2026-08-05T05:31:33.000,49.6
2026-08-05T05:36:33.000,49.6
2026-08-05T05:41:33.000,49.6
2026-08-05T05:46:33.000,49.6
2026-08-05T05:51:33.000,49.6
2026-08-05T05:56:33.000,49.6
2026-08-05T06:01:33.000,49.3
2026-08-05T06:06:33.000,49.3
2026-08-05T06:11:33.000,49.3
2026-08-05T06:16:34.000,49.3
2026-08-05T06:21:34.000,49.3
2026-08-05T06:26:34.000,49.3
2026-08-05T06:31:34.000,49.3
2026-08-05T06:36:34.000,49.3
2026-08-05T06:41:34.000,49.3
2026-08-05T06:46:34.000,49.3
2026-08-05T06:51:34.000,49.3
2026-08-05T06:56:34.000,48.9
2026-08-05T07:01:34.000,48.9
2026-08-05T07:06:34.000,48.9
2026-08-05T07:11:35.000,48.9
2026-08-05T07:16:35.000,48.9
2026-08-05T07:21:35.000,48.9
2026-08-05T07:26:35.000,48.9
2026-08-05T07:31:35.000,48.9
2026-08-05T07:36:35.000,48.6
2026-08-05T07:41:35.000,48.6
2026-08-05T07:46:35.000,48.6
2026-08-05T07:51:35.000,48.6
2026-08-05T07:56:35.000,48.3
2026-08-05T08:01:35.000,48.3
2026-08-05T08:06:35.000,48.3
2026-08-05T08:11:36.000,48.3
2026-08-05T08:16:36.000,48.0
2026-08-05T08:21:36.000,48.0
2026-08-05T08:26:36.000,48.0
2026-08-05T08:31:36.000,48.0
2026-08-05T08:36:36.000,48.0
2026-08-05T08:41:36.000,47.7
2026-08-05T08:46:36.000,47.7
2026-08-05T08:51:36.000,47.7
2026-08-05T08:56:36.000,47.7
2026-08-05T09:01:36.000,47.7
2026-08-05T09:06:36.000,47.7
2026-08-05T09:11:36.000,47.3
2026-08-05T09:16:37.000,47.3
2026-08-05T09:21:37.000,47.3
2026-08-05T09:26:37.000,47.3
2026-08-05T09:31:37.000,47.3
2026-08-05T09:36:37.000,47.3
2026-08-05T09:41:37.000,47.3
2026-08-05T09:46:37.000,47.3
2026-08-05T09:51:37.000,47.3
2026-08-05T09:56:37.000,47.3
2026-08-05T10:01:37.000,47.3
2026-08-05T10:06:37.000,47.3
2026-08-05T10:11:37.000,47.3
2026-08-05T10:16:38.000,47.3
2026-08-05T10:21:38.000,47.0
2026-08-05T10:26:38.000,47.0
2026-08-05T10:31:38.000,47.0
2026-08-05T10:36:38.000,47.0
2026-08-05T10:41:38.000,47.0
2026-08-05T10:46:38.000,46.7
2026-08-05T10:51:38.000,46.7
2026-08-05T10:56:38.000,46.7
2026-08-05T11:01:38.000,46.7
2026-08-05T11:06:38.000,46.4
2026-08-05T11:11:38.000,46.4
2026-08-05T11:16:39.000,46.4
2026-08-05T11:21:39.000,46.4
2026-08-05T11:26:39.000,46.4
2026-08-05T11:31:39.000,46.4
2026-08-05T11:36:39.000,46.0
2026-08-05T11:41:39.000,46.0
2026-08-05T11:46:39.000,46.0
2026-08-05T11:51:39.000,46.0
2026-08-05T11:56:39.000,46.0
2026-08-05T12:01:39.000,46.0
2026-08-05T12:06:39.000,46.0
2026-08-05T12:11:39.000,46.0
2026-08-05T12:16:40.000,46.0
2026-08-05T12:21:40.000,46.0
2026-08-05T12:26:40.000,46.0
2026-08-05T12:31:40.000,46.0
2026-08-05T12:36:40.000,46.0
2026-08-05T12:41:40.000,46.0
2026-08-05T12:46:40.000,46.0
2026-08-05T12:51:40.000,46.0
2026-08-05T12:56:40.000,46.0
2026-08-05T13:01:40.000,46.0
2026-08-05T13:06:40.000,46.0
2026-08-05T13:11:40.000,46.0
2026-08-05T13:16:40.000,46.0
2026-08-05T13:21:41.000,46.0
2026-08-05T13:26:41.000,46.4
2026-08-05T13:31:41.000,46.4
2026-08-05T13:36:41.000,46.4
2026-08-05T13:41:41.000,46.7
2026-08-05T13:46:41.000,46.4
2026-08-05T13:51:41.000,46.7
2026-08-05T13:56:41.000,46.7
2026-08-05T14:01:41.000,46.7
2026-08-05T14:06:41.000,46.7
2026-08-05T14:11:41.000,46.7
2026-08-05T14:16:41.000,47.0
2026-08-05T14:21:42.000,47.0
2026-08-05T14:26:42.000,47.7
2026-08-05T14:31:42.000,48.0
2026-08-05T14:36:42.000,48.6
2026-08-05T14:41:42.000,49.3
2026-08-05T14:46:42.000,49.3
2026-08-05T14:51:42.000,49.6
2026-08-05T14:56:42.000,49.9
2026-08-05T15:01:42.000,50.2
2026-08-05T15:06:42.000,50.2
2026-08-05T15:11:42.000,50.6
2026-08-05T15:16:42.000,50.6
2026-08-05T15:21:42.000,50.9
2026-08-05T15:26:43.000,50.9
2026-08-05T15:31:43.000,50.9
2026-08-05T15:35:55.000,50.9
2026-08-05T15:40:55.000,50.9
2026-08-05T15:45:55.000,51.2
2026-08-05T15:50:55.000,51.2
2026-08-05T15:55:56.000,51.2
2026-08-05T16:00:56.000,51.2
2026-08-05T16:05:56.000,51.2
2026-08-05T16:10:56.000,51.5
2026-08-05T16:15:56.000,51.5
2026-08-05T16:20:56.000,51.5
2026-08-05T16:25:56.000,51.5
2026-08-05T16:30:56.000,51.8
2026-08-05T16:35:56.000,51.8
2026-08-05T16:40:56.000,52.2
2026-08-05T16:45:56.000,52.5
2026-08-05T16:50:56.000,52.8
2026-08-05T16:55:56.000,52.8
2026-08-05T17:00:57.000,53.1
2026-08-05T17:05:57.000,53.5
2026-08-05T17:10:57.000,53.8
2026-08-05T17:15:57.000,54.1
2026-08-05T17:20:57.000,54.4
2026-08-05T17:25:57.000,55.1
2026-08-05T17:30:57.000,55.4
2026-08-05T17:35:57.000,55.7
2026-08-05T17:40:57.000,56.0
2026-08-05T17:45:57.000,56.0
2026-08-05T17:50:57.000,56.4
2026-08-05T17:55:57.000,56.7
2026-08-05T18:00:57.000,57.0
2026-08-05T18:05:58.000,57.3
2026-08-05T18:10:58.000,57.6
2026-08-05T18:15:58.000,58.0
2026-08-05T18:20:58.000,58.3
2026-08-05T18:25:58.000,58.6
2026-08-05T18:30:58.000,58.6
2026-08-05T18:35:58.000,58.0
2026-08-05T18:40:58.000,57.0
2026-08-05T18:45:58.000,56.7
2026-08-05T18:50:58.000,57.3
2026-08-05T18:55:58.000,58.0
2026-08-05T19:00:58.000,58.6
2026-08-05T19:05:59.000,58.6
2026-08-05T19:10:59.000,58.3
2026-08-05T19:15:59.000,57.6
2026-08-05T19:20:59.000,58.3
2026-08-05T19:25:59.000,59.3
2026-08-05T19:30:59.000,59.3
2026-08-05T19:35:59.000,60.2
2026-08-05T19:40:59.000,60.2
2026-08-05T19:45:59.000,60.9
2026-08-05T19:50:59.000,61.2
2026-08-05T19:55:59.000,61.2
2026-08-05T20:00:59.000,60.9
2026-08-05T20:05:59.000,59.9
2026-08-05T20:11:00.000,60.5
2026-08-05T20:16:00.000,60.5
2026-08-05T20:21:00.000,61.2
2026-08-05T20:26:00.000,61.2
2026-08-05T20:31:00.000,61.8
2026-08-05T20:36:00.000,62.2
2026-08-05T20:41:00.000,62.5
2026-08-05T20:46:00.000,63.1
2026-08-05T20:51:00.000,63.8
2026-08-05T20:56:00.000,64.1
2026-08-05T21:01:00.000,64.4
2026-08-05T21:06:00.000,64.4
2026-08-05T21:11:01.000,64.7
2026-08-05T21:16:01.000,65.1
2026-08-05T21:21:01.000,65.4
2026-08-05T21:26:01.000,65.4
2026-08-05T21:31:01.000,65.7
2026-08-05T21:36:01.000,66.0
2026-08-05T21:41:01.000,66.0
2026-08-05T21:46:01.000,66.3
2026-08-05T21:51:01.000,66.7
2026-08-05T21:56:01.000,66.3
2026-08-05T22:01:01.000,66.3
2026-08-05T22:06:01.000,66.3
2026-08-05T22:11:01.000,66.3
2026-08-05T22:16:02.000,66.3
2026-08-05T22:21:02.000,66.7
2026-08-05T22:26:02.000,66.7
2026-08-05T22:31:02.000,66.7
2026-08-05T22:36:02.000,66.7
2026-08-05T22:41:02.000,66.7
2026-08-05T22:46:02.000,66.7
2026-08-05T22:51:02.000,66.3
2026-08-05T22:56:02.000,66.3
2026-08-05T23:01:02.000,66.7
2026-08-05T23:06:02.000,66.7
2026-08-05T23:11:02.000,66.7
2026-08-05T23:16:03.000,66.3
2026-08-05T23:21:03.000,66.3
2026-08-05T23:26:03.000,66.3
2026-08-05T23:31:03.000,66.3
2026-08-05T23:36:03.000,66.3
2026-08-05T23:41:03.000,66.0
2026-08-05T23:46:03.000,65.7
2026-08-05T23:51:03.000,65.7
2026-08-05T23:56:03.000,65.4
2026-08-06T00:01:03.000,65.7
2026-08-06T00:06:03.000,65.4
2026-08-06T00:11:03.000,65.4
2026-08-06T00:16:03.000,65.1
2026-08-06T00:21:04.000,64.7
2026-08-06T00:26:04.000,64.4
2026-08-06T00:31:04.000,64.4
2026-08-06T00:36:04.000,64.4
2026-08-06T00:41:04.000,64.1
2026-08-06T00:46:04.000,63.4
2026-08-06T00:51:04.000,63.4
2026-08-06T00:56:04.000,62.8
2026-08-06T01:01:04.000,62.2
2026-08-06T01:06:04.000,61.8
2026-08-06T01:11:04.000,61.2
2026-08-06T01:16:04.000,60.5
2026-08-06T01:21:05.000,59.6
2026-08-06T01:26:05.000,59.3
2026-08-06T01:31:05.000,58.6
2026-08-06T01:36:05.000,58.0
2026-08-06T01:41:05.000,57.3
2026-08-06T01:46:05.000,56.7
2026-08-06T01:51:05.000,56.0
2026-08-06T01:56:05.000,55.7
2026-08-06T02:01:05.000,55.1
2026-08-06T02:06:05.000,54.4
2026-08-06T02:11:05.000,54.1
2026-08-06T02:16:05.000,53.5
2026-08-06T02:21:05.000,53.1
2026-08-06T02:26:06.000,52.5
2026-08-06T02:31:06.000,52.5
2026-08-06T02:36:06.000,52.2
2026-08-06T02:41:06.000,51.8
2026-08-06T02:46:06.000,51.5
2026-08-06T02:51:06.000,51.5
2026-08-06T02:56:06.000,51.2
2026-08-06T03:01:06.000,50.9
2026-08-06T03:06:06.000,50.9
2026-08-06T03:11:06.000,50.9
2026-08-06T03:16:06.000,50.9
2026-08-06T03:21:06.000,50.6
2026-08-06T03:26:07.000,50.6
2026-08-06T03:31:07.000,50.6
2026-08-06T03:36:07.000,50.2
2026-08-06T03:41:07.000,50.2
2026-08-06T03:46:07.000,50.2
2026-08-06T03:51:07.000,50.2
2026-08-06T03:56:07.000,49.9
2026-08-06T04:01:07.000,49.9
2026-08-06T04:06:07.000,49.9
2026-08-06T04:11:07.000,49.9
2026-08-06T04:16:07.000,49.9
2026-08-06T04:21:07.000,49.6
2026-08-06T04:26:08.000,49.6
2026-08-06T04:31:08.000,49.6
2026-08-06T04:36:08.000,49.6
2026-08-06T04:41:08.000,49.6
2026-08-06T04:46:08.000,49.6
2026-08-06T04:51:08.000,49.3
2026-08-06T04:56:08.000,49.3
2026-08-06T05:01:08.000,49.3
2026-08-06T05:06:08.000,49.3
2026-08-06T05:11:08.000,49.3
2026-08-06T05:16:08.000,49.3
2026-08-06T05:21:08.000,49.3
2026-08-06T05:26:09.000,48.9
2026-08-06T05:31:09.000,48.6
2026-08-06T05:36:09.000,48.0
2026-08-06T05:41:09.000,47.3
2026-08-06T05:46:09.000,46.7
2026-08-06T05:51:09.000,46.0
2026-08-06T05:56:09.000,45.7
2026-08-06T06:01:09.000,45.7
2026-08-06T06:06:09.000,45.4
2026-08-06T06:11:09.000,45.4
2026-08-06T06:16:09.000,45.1
2026-08-06T06:21:09.000,44.4
2026-08-06T06:26:10.000,43.8
2026-08-06T06:31:10.000,42.8
2026-08-06T06:36:10.000,42.2
2026-08-06T06:41:10.000,41.5
2026-08-06T06:46:10.000,40.9
2026-08-06T06:51:10.000,40.6
2026-08-06T06:56:10.000,40.2
2026-08-06T07:01:10.000,39.9
2026-08-06T07:06:10.000,39.6
2026-08-06T07:11:10.000,39.3
2026-08-06T07:16:10.000,39.0
2026-08-06T07:21:10.000,39.0
2026-08-06T07:26:11.000,39.0
2026-08-06T07:31:11.000,38.6
2026-08-06T07:36:11.000,38.6
2026-08-06T07:41:11.000,38.6
2026-08-06T07:46:11.000,39.0
2026-08-06T07:51:11.000,39.0
2026-08-06T07:56:11.000,39.0
2026-08-06T08:01:11.000,39.0
2026-08-06T08:06:11.000,39.0
2026-08-06T08:11:11.000,39.0
2026-08-06T08:16:11.000,39.3
2026-08-06T08:21:11.000,39.3
2026-08-06T08:26:12.000,39.3
2026-08-06T08:31:12.000,39.6
2026-08-06T08:36:12.000,39.6
2026-08-06T08:41:12.000,39.3
2026-08-06T08:46:12.000,39.6
2026-08-06T08:51:12.000,39.6
2026-08-06T08:56:12.000,39.6
2026-08-06T09:01:12.000,39.6
2026-08-06T09:06:12.000,39.9
2026-08-06T09:11:12.000,39.9
2026-08-06T09:16:12.000,39.9
2026-08-06T09:21:12.000,39.9
2026-08-06T09:26:13.000,39.9
2026-08-06T09:31:13.000,39.9
2026-08-06T09:36:13.000,40.2
2026-08-06T09:41:13.000,40.2
2026-08-06T09:46:13.000,40.2
2026-08-06T09:51:13.000,40.2
2026-08-06T09:56:13.000,40.2
2026-08-06T10:01:13.000,40.2
2026-08-06T10:06:13.000,40.2
2026-08-06T10:11:13.000,40.2
2026-08-06T10:16:13.000,40.2
2026-08-06T10:21:13.000,40.2
2026-08-06T10:26:14.000,40.2
2026-08-06T10:31:14.000,40.2
2026-08-06T10:36:14.000,40.2
2026-08-06T10:41:14.000,40.2
2026-08-06T10:46:14.000,40.6
2026-08-06T10:51:14.000,40.6
2026-08-06T10:56:14.000,40.6
2026-08-06T11:01:14.000,40.6
2026-08-06T11:06:14.000,40.6
2026-08-06T11:11:14.000,40.6
2026-08-06T11:16:14.000,40.6
2026-08-06T11:21:14.000,40.6
2026-08-06T11:26:15.000,40.6
2026-08-06T11:31:15.000,40.6
2026-08-06T11:36:15.000,40.6
2026-08-06T11:41:15.000,40.6
2026-08-06T11:46:15.000,40.6
2026-08-06T11:51:15.000,40.6
2026-08-06T11:56:15.000,40.6
2026-08-06T12:01:15.000,40.6
2026-08-06T12:06:15.000,40.6
2026-08-06T12:11:15.000,40.6
2026-08-06T12:16:15.000,40.6
2026-08-06T12:21:15.000,40.6
2026-08-06T12:26:16.000,40.6
2026-08-06T12:31:16.000,40.6
2026-08-06T12:36:16.000,40.6
2026-08-06T12:41:16.000,40.6
2026-08-06T12:46:16.000,40.6
2026-08-06T12:51:16.000,40.6
2026-08-06T12:56:16.000,40.9
2026-08-06T13:01:16.000,40.6
2026-08-06T13:06:16.000,40.6
2026-08-06T13:11:16.000,40.9
2026-08-06T13:16:16.000,40.9
2026-08-06T13:21:16.000,40.9
2026-08-06T13:26:16.000,40.9
2026-08-06T13:31:17.000,41.2
2026-08-06T13:36:17.000,41.5
2026-08-06T13:41:17.000,41.9
2026-08-06T13:46:17.000,41.9
2026-08-06T13:51:17.000,42.2
2026-08-06T13:56:17.000,42.2
2026-08-06T14:01:17.000,42.5
2026-08-06T14:06:17.000,42.5
2026-08-06T14:11:17.000,42.5
2026-08-06T14:16:17.000,42.8
2026-08-06T14:21:17.000,42.8
2026-08-06T14:26:17.000,42.8
2026-08-06T14:31:17.000,43.1
2026-08-06T14:36:18.000,43.5
2026-08-06T14:41:18.000,44.1
2026-08-06T14:46:18.000,44.8
2026-08-06T14:51:18.000,45.1
2026-08-06T14:56:18.000,45.4
2026-08-06T15:01:18.000,45.7
2026-08-06T15:06:18.000,46.0
2026-08-06T15:11:18.000,46.4
2026-08-06T15:16:18.000,46.4
2026-08-06T15:21:18.000,46.7
2026-08-06T15:26:18.000,47.0
2026-08-06T15:31:18.000,47.3
2026-08-06T15:36:19.000,47.7
2026-08-06T15:41:19.000,48.0
2026-08-06T15:46:19.000,48.3
2026-08-06T15:51:19.000,48.3
2026-08-06T15:56:19.000,48.6
2026-08-06T16:01:19.000,48.9
2026-08-06T16:06:19.000,49.3
2026-08-06T16:11:19.000,49.3
2026-08-06T16:16:19.000,49.3
2026-08-06T16:21:19.000,49.6
2026-08-06T16:26:19.000,49.9
2026-08-06T16:31:19.000,49.9
2026-08-06T16:36:19.000,50.2
2026-08-06T16:41:20.000,50.2
2026-08-06T16:46:20.000,50.6
2026-08-06T16:51:20.000,50.9
2026-08-06T16:56:20.000,51.2
2026-08-06T17:01:20.000,51.8
2026-08-06T17:06:20.000,52.2
2026-08-06T17:11:20.000,52.2
2026-08-06T17:16:20.000,52.8
2026-08-06T17:21:20.000,53.5
2026-08-06T17:26:20.000,54.1
2026-08-06T17:31:20.000,54.7
2026-08-06T17:36:20.000,55.1
2026-08-06T17:41:21.000,55.7
2026-08-06T17:46:21.000,56.0
2026-08-06T17:51:21.000,56.7
2026-08-06T17:56:21.000,56.7
2026-08-06T18:01:21.000,57.3
2026-08-06T18:06:21.000,57.6
2026-08-06T18:11:21.000,58.0
2026-08-06T18:16:21.000,58.3
2026-08-06T18:21:21.000,58.6
2026-08-06T18:26:21.000,58.9
2026-08-06T18:31:21.000,59.3
2026-08-06T18:36:21.000,59.6
2026-08-06T18:41:21.000,59.9
2026-08-06T18:46:22.000,60.2
2026-08-06T18:51:22.000,60.5
2026-08-06T18:56:22.000,60.9
2026-08-06T19:01:22.000,61.2
2026-08-06T19:06:22.000,61.5
2026-08-06T19:11:22.000,61.8
2026-08-06T19:16:22.000,62.2
2026-08-06T19:21:22.000,62.5
2026-08-06T19:26:22.000,62.5
2026-08-06T19:31:22.000,62.5
2026-08-06T19:36:22.000,62.8
2026-08-06T19:41:22.000,62.8
2026-08-06T19:46:22.000,63.1
2026-08-06T19:51:23.000,63.4
2026-08-06T19:56:23.000,63.4
2026-08-06T20:01:23.000,63.8
2026-08-06T20:06:23.000,64.1
2026-08-06T20:11:23.000,64.4
2026-08-06T20:16:23.000,64.7
2026-08-06T20:21:23.000,65.1
2026-08-06T20:26:23.000,65.1
2026-08-06T20:31:23.000,65.4
2026-08-06T20:36:23.000,66.0
2026-08-06T20:41:23.000,66.0
2026-08-06T20:46:23.000,66.0
2026-08-06T20:51:24.000,66.0
2026-08-06T20:56:24.000,66.0
2026-08-06T21:01:24.000,66.3
2026-08-06T21:06:24.000,66.3
2026-08-06T21:11:24.000,66.3
2026-08-06T21:16:24.000,66.7
2026-08-06T21:21:24.000,66.7
2026-08-06T21:26:24.000,66.3
2026-08-06T21:31:24.000,66.3
2026-08-06T21:36:24.000,66.3
2026-08-06T21:41:24.000,66.3
2026-08-06T21:46:24.000,66.3
2026-08-06T21:51:24.000,66.7
2026-08-06T21:56:25.000,66.7
2026-08-06T22:01:25.000,67.0
2026-08-06T22:06:25.000,67.3
2026-08-06T22:11:25.000,67.3
2026-08-06T22:16:25.000,67.3
2026-08-06T22:21:25.000,67.3
2026-08-06T22:26:25.000,67.6
2026-08-06T22:31:25.000,67.6
2026-08-06T22:36:25.000,68.0
2026-08-06T22:41:25.000,67.6
2026-08-06T22:46:25.000,67.6
2026-08-06T22:51:25.000,67.6
2026-08-06T22:56:25.000,67.6
2026-08-06T23:01:26.000,67.6
2026-08-06T23:06:26.000,67.6
2026-08-06T23:11:26.000,67.3
2026-08-06T23:16:26.000,67.6
2026-08-06T23:21:26.000,67.6
2026-08-06T23:26:26.000,67.3
2026-08-06T23:31:26.000,67.3
2026-08-06T23:36:26.000,67.6
2026-08-06T23:41:26.000,67.3
2026-08-06T23:46:26.000,67.3
2026-08-06T23:51:26.000,67.3
2026-08-06T23:56:26.000,67.0
2026-08-07T00:01:27.000,67.0
2026-08-07T00:06:27.000,66.7
2026-08-07T00:11:27.000,66.3
2026-08-07T00:16:27.000,66.0
2026-08-07T00:21:27.000,65.7
2026-08-07T00:26:27.000,65.4
2026-08-07T00:31:27.000,65.1
2026-08-07T00:36:27.000,64.7
2026-08-07T00:41:27.000,64.4
2026-08-07T00:46:27.000,64.1
2026-08-07T00:51:27.000,63.4
2026-08-07T00:56:27.000,63.1
2026-08-07T01:01:27.000,62.5
2026-08-07T01:06:28.000,62.2
2026-08-07T01:11:28.000,61.5
2026-08-07T01:16:28.000,60.9
2026-08-07T01:21:28.000,60.2
2026-08-07T01:26:28.000,59.6
2026-08-07T01:31:28.000,58.9
2026-08-07T01:36:28.000,58.3
2026-08-07T01:41:28.000,58.0
2026-08-07T01:46:28.000,57.3
2026-08-07T01:51:28.000,56.4
2026-08-07T01:56:28.000,56.0
2026-08-07T02:01:28.000,55.4
2026-08-07T02:06:28.000,54.7
2026-08-07T02:11:29.000,54.4
2026-08-07T02:16:29.000,53.8
2026-08-07T02:21:29.000,53.5
2026-08-07T02:26:29.000,52.8
2026-08-07T02:31:29.000,52.5
2026-08-07T02:36:29.000,52.2
2026-08-07T02:41:29.000,51.8
2026-08-07T02:46:29.000,51.5
2026-08-07T02:51:29.000,50.9
2026-08-07T02:56:29.000,50.9
2026-08-07T03:01:29.000,50.6
2026-08-07T03:06:29.000,50.2
2026-08-07T03:11:29.000,49.9
2026-08-07T03:16:30.000,49.9
2026-08-07T03:21:30.000,49.6
2026-08-07T03:26:30.000,49.6
2026-08-07T03:31:30.000,49.3
2026-08-07T03:36:30.000,49.3
2026-08-07T03:41:30.000,49.3
2026-08-07T03:46:30.000,48.9
2026-08-07T03:51:30.000,48.9
2026-08-07T03:56:30.000,48.9
2026-08-07T04:01:30.000,48.6
2026-08-07T04:06:30.000,48.6
2026-08-07T04:11:30.000,48.6
2026-08-07T04:16:31.000,48.6
2026-08-07T04:21:31.000,48.6
2026-08-07T04:26:31.000,48.3
2026-08-07T04:31:31.000,48.3
2026-08-07T04:36:31.000,48.3
2026-08-07T04:41:31.000,48.3
2026-08-07T04:46:31.000,48.3
2026-08-07T04:51:31.000,48.3
2026-08-07T04:56:31.000,48.0
2026-08-07T05:01:31.000,48.0
2026-08-07T05:06:31.000,48.0
2026-08-07T05:11:31.000,48.0
2026-08-07T05:16:32.000,47.7
2026-08-07T05:21:32.000,47.7
2026-08-07T05:26:32.000,47.7
2026-08-07T05:31:32.000,47.7
2026-08-07T05:36:32.000,47.7
2026-08-07T05:41:32.000,47.3
2026-08-07T05:46:32.000,47.3
2026-08-07T05:51:32.000,47.3
2026-08-07T05:56:32.000,47.3
2026-08-07T06:01:32.000,47.3
2026-08-07T06:06:32.000,47.0
2026-08-07T06:11:32.000,47.0
2026-08-07T06:16:33.000,47.0
2026-08-07T06:21:33.000,47.0
2026-08-07T06:26:33.000,47.0
2026-08-07T06:31:33.000,47.0
2026-08-07T06:36:33.000,46.7
2026-08-07T06:41:33.000,46.7
2026-08-07T06:46:33.000,46.7
2026-08-07T06:51:33.000,46.7
2026-08-07T06:56:33.000,46.7
2026-08-07T07:01:33.000,46.7
2026-08-07T07:06:33.000,46.4
2026-08-07T07:11:33.000,46.4
2026-08-07T07:16:34.000,46.4
2026-08-07T07:21:34.000,46.4
2026-08-07T07:26:34.000,46.4
2026-08-07T07:31:34.000,46.4
2026-08-07T07:36:34.000,46.4
2026-08-07T07:41:34.000,46.0
2026-08-07T07:46:34.000,46.0
2026-08-07T07:51:34.000,46.0
2026-08-07T07:56:34.000,46.0
2026-08-07T08:01:34.000,46.0
2026-08-07T08:06:34.000,46.0
2026-08-07T08:11:34.000,45.7
2026-08-07T08:16:34.000,45.7
2026-08-07T08:21:35.000,45.7
2026-08-07T08:26:35.000,45.7
2026-08-07T08:31:35.000,45.7
2026-08-07T08:36:35.000,45.4
2026-08-07T08:41:35.000,45.4
2026-08-07T08:46:35.000,45.4
2026-08-07T08:51:35.000,45.4
2026-08-07T08:56:35.000,45.4
2026-08-07T09:01:35.000,45.4
2026-08-07T09:06:35.000,45.4
2026-08-07T09:11:35.000,45.4
2026-08-07T09:16:36.000,45.4
2026-08-07T09:21:36.000,45.4
2026-08-07T09:26:36.000,45.1
2026-08-07T09:31:36.000,45.1
2026-08-07T09:36:36.000,45.1
2026-08-07T09:41:36.000,45.1
2026-08-07T09:46:36.000,45.1
2026-08-07T09:51:36.000,44.8
2026-08-07T09:56:36.000,44.8
2026-08-07T10:01:36.000,44.8
2026-08-07T10:06:36.000,44.8
2026-08-07T10:11:36.000,44.8
2026-08-07T10:16:37.000,44.8
2026-08-07T10:21:37.000,44.4
2026-08-07T10:26:37.000,44.4
2026-08-07T10:31:37.000,44.4
2026-08-07T10:36:37.000,44.4
2026-08-07T10:41:37.000,44.4
2026-08-07T10:46:37.000,44.1
2026-08-07T10:51:37.000,44.1
2026-08-07T10:56:37.000,44.1
2026-08-07T11:01:37.000,44.1
2026-08-07T11:06:37.000,44.1
2026-08-07T11:11:37.000,44.1
2026-08-07T11:16:38.000,44.1
2026-08-07T11:21:38.000,44.1
2026-08-07T11:26:38.000,44.1
2026-08-07T11:31:38.000,44.1
2026-08-07T11:36:38.000,44.1
2026-08-07T11:41:38.000,44.1
2026-08-07T11:46:38.000,43.8
2026-08-07T11:51:38.000,43.8
2026-08-07T11:56:38.000,43.8
2026-08-07T12:01:38.000,43.8
2026-08-07T12:06:38.000,43.8
2026-08-07T12:11:38.000,43.8
2026-08-07T12:16:39.000,43.8
2026-08-07T12:21:39.000,43.8
2026-08-07T12:26:39.000,43.8
2026-08-07T12:31:39.000,43.5
2026-08-07T12:36:39.000,43.5
2026-08-07T12:41:39.000,43.5
2026-08-07T12:46:39.000,43.5
2026-08-07T12:51:39.000,43.5
2026-08-07T12:56:39.000,43.8
2026-08-07T13:01:39.000,43.5
2026-08-07T13:06:39.000,43.8
2026-08-07T13:11:39.000,43.8
2026-08-07T13:16:40.000,43.8
2026-08-07T13:21:40.000,43.8
2026-08-07T13:26:40.000,43.8
2026-08-07T13:31:40.000,43.8
2026-08-07T13:36:40.000,44.1
2026-08-07T13:41:40.000,44.1
2026-08-07T13:46:40.000,44.4
2026-08-07T13:51:40.000,44.4
2026-08-07T13:56:40.000,44.8
2026-08-07T14:01:40.000,45.1
2026-08-07T14:06:40.000,45.1
2026-08-07T14:11:40.000,45.4
2026-08-07T14:16:40.000,45.7
2026-08-07T14:21:41.000,46.0
2026-08-07T14:26:41.000,46.4
2026-08-07T14:31:41.000,46.4
2026-08-07T14:36:41.000,47.0
2026-08-07T14:41:41.000,47.3
2026-08-07T14:46:41.000,48.0
2026-08-07T14:51:41.000,48.3
2026-08-07T14:56:41.000,48.6
2026-08-07T15:01:41.000,48.9
2026-08-07T15:06:41.000,49.3
2026-08-07T15:11:41.000,49.3
2026-08-07T15:16:41.000,49.6
2026-08-07T15:21:42.000,49.9
2026-08-07T15:26:42.000,50.2
2026-08-07T15:31:42.000,50.2
2026-08-07T15:36:42.000,50.6
2026-08-07T15:41:42.000,50.6
2026-08-07T15:46:42.000,50.9
2026-08-07T15:51:42.000,51.2
2026-08-07T15:56:42.000,51.2
2026-08-07T16:01:42.000,51.5
2026-08-07T16:06:42.000,51.5
2026-08-07T16:11:42.000,51.8
2026-08-07T16:16:42.000,51.8
2026-08-07T16:21:42.000,52.2
2026-08-07T16:26:43.000,52.5
2026-08-07T16:31:43.000,52.5
2026-08-07T16:36:43.000,52.8
2026-08-07T16:41:43.000,53.1
2026-08-07T16:46:43.000,53.1
2026-08-07T16:51:43.000,53.5
2026-08-07T16:56:43.000,53.8
2026-08-07T17:01:43.000,54.1
2026-08-07T17:06:43.000,54.4
2026-08-07T17:11:43.000,54.7
2026-08-07T17:16:43.000,55.4
2026-08-07T17:21:43.000,55.7
2026-08-07T17:26:44.000,56.0
2026-08-07T17:31:44.000,56.7
2026-08-07T17:36:44.000,56.7
2026-08-07T17:41:44.000,57.3
2026-08-07T17:46:44.000,57.6
2026-08-07T17:51:44.000,58.0
2026-08-07T17:56:44.000,58.3
2026-08-07T18:01:44.000,58.9
2026-08-07T18:06:44.000,58.9
2026-08-07T18:11:44.000,59.6
2026-08-07T18:16:44.000,59.9
2026-08-07T18:21:44.000,60.2
2026-08-07T18:26:44.000,60.5
2026-08-07T18:31:45.000,60.9
2026-08-07T18:36:45.000,61.2
2026-08-07T18:41:45.000,61.8
2026-08-07T18:46:45.000,61.8
2026-08-07T18:51:45.000,62.2
2026-08-07T18:56:45.000,62.2
2026-08-07T19:01:45.000,62.5
2026-08-07T19:06:45.000,62.8
2026-08-07T19:11:45.000,62.8
2026-08-07T19:16:45.000,63.1
2026-08-07T19:21:45.000,63.1
2026-08-07T19:26:45.000,63.4
2026-08-07T19:31:45.000,63.8
2026-08-07T19:36:46.000,63.8
2026-08-07T19:41:46.000,63.8
2026-08-07T19:46:46.000,64.1
2026-08-07T19:51:46.000,64.1
2026-08-07T19:56:46.000,64.1
2026-08-07T20:01:46.000,64.4
2026-08-07T20:06:46.000,64.7
2026-08-07T20:11:46.000,64.7
2026-08-07T20:16:46.000,65.1
2026-08-07T20:21:46.000,65.1
2026-08-07T20:26:46.000,65.4
2026-08-07T20:31:46.000,65.4
2026-08-07T20:36:47.000,65.4
2026-08-07T20:41:47.000,65.4
2026-08-07T20:46:47.000,65.7
2026-08-07T20:51:47.000,66.0
2026-08-07T20:56:47.000,66.3
2026-08-07T21:01:47.000,66.7
2026-08-07T21:06:47.000,66.7
2026-08-07T21:11:47.000,66.7
2026-08-07T21:16:47.000,66.7
2026-08-07T21:21:47.000,67.0
2026-08-07T21:26:47.000,67.0
2026-08-07T21:31:47.000,67.0
2026-08-07T21:36:48.000,67.3
2026-08-07T21:41:48.000,67.3
2026-08-07T21:46:48.000,67.3
2026-08-07T21:51:48.000,67.6
2026-08-07T21:56:48.000,67.6
2026-08-07T22:01:48.000,68.0
2026-08-07T22:06:48.000,68.0
2026-08-07T22:11:48.000,68.0
2026-08-07T22:16:48.000,68.3
2026-08-07T22:21:48.000,68.3
2026-08-07T22:26:48.000,68.3
2026-08-07T22:31:48.000,68.9
2026-08-07T22:36:48.000,69.2
2026-08-07T22:41:49.000,69.6
2026-08-07T22:46:49.000,69.6
2026-08-07T22:51:49.000,69.2
2026-08-07T22:56:49.000,69.2
2026-08-07T23:01:49.000,68.9
2026-08-07T23:06:49.000,68.9
2026-08-07T23:11:49.000,69.2
2026-08-07T23:16:49.000,69.6
2026-08-07T23:21:49.000,69.6
2026-08-07T23:26:49.000,69.6
2026-08-07T23:31:49.000,69.6
2026-08-07T23:36:49.000,69.2
2026-08-07T23:41:50.000,69.2
2026-08-07T23:46:50.000,69.2
2026-08-07T23:51:50.000,68.9
2026-08-07T23:56:50.000,68.9
2026-08-08T00:01:50.000,68.9
2026-08-08T00:06:50.000,68.9
2026-08-08T00:11:50.000,68.6
2026-08-08T00:16:50.000,68.6
2026-08-08T00:21:50.000,68.3
2026-08-08T00:26:50.000,68.3
2026-08-08T00:31:50.000,68.0
2026-08-08T00:36:50.000,68.0
2026-08-08T00:41:51.000,67.6
2026-08-08T00:46:51.000,67.3
2026-08-08T00:51:51.000,66.7
2026-08-08T00:56:51.000,66.0
2026-08-08T01:01:51.000,65.4
2026-08-08T01:06:51.000,64.7
2026-08-08T01:11:51.000,63.8
2026-08-08T01:16:51.000,63.1
2026-08-08T01:21:51.000,62.2
2026-08-08T01:26:51.000,61.5
2026-08-08T01:31:51.000,60.5
2026-08-08T01:36:51.000,59.9
2026-08-08T01:41:51.000,58.9
2026-08-08T01:46:52.000,58.3
2026-08-08T01:51:52.000,57.3
2026-08-08T01:56:52.000,56.7
2026-08-08T02:01:52.000,56.0
2026-08-08T02:06:52.000,55.4
2026-08-08T02:11:52.000,55.1
2026-08-08T02:16:52.000,54.4
2026-08-08T02:21:52.000,54.1
2026-08-08T02:26:52.000,53.8
2026-08-08T02:31:52.000,53.5
2026-08-08T02:36:52.000,53.1
2026-08-08T02:41:52.000,52.8
2026-08-08T02:46:52.000,52.8
2026-08-08T02:51:53.000,52.5
2026-08-08T02:56:53.000,52.2
2026-08-08T03:01:53.000,52.2
2026-08-08T03:06:53.000,51.8
2026-08-08T03:11:53.000,51.8
2026-08-08T03:16:53.000,51.8
2026-08-08T03:21:53.000,51.5
2026-08-08T03:26:53.000,51.5
2026-08-08T03:31:53.000,51.5
2026-08-08T03:36:53.000,51.2
2026-08-08T03:41:53.000,51.2
2026-08-08T03:46:54.000,51.2
2026-08-08T03:51:54.000,51.2
2026-08-08T03:56:54.000,51.2
2026-08-08T04:01:54.000,51.2
2026-08-08T04:06:54.000,51.2
2026-08-08T04:11:54.000,50.9
2026-08-08T04:16:54.000,50.9
2026-08-08T04:21:54.000,50.9
2026-08-08T04:26:54.000,50.9
2026-08-08T04:31:54.000,50.9
2026-08-08T04:36:54.000,50.6
2026-08-08T04:41:54.000,50.6
2026-08-08T04:46:55.000,50.2
2026-08-08T04:51:55.000,50.2
2026-08-08T04:56:55.000,50.2
2026-08-08T05:01:55.000,49.9
2026-08-08T05:06:55.000,49.6
2026-08-08T05:11:55.000,49.3
2026-08-08T05:16:55.000,49.3
2026-08-08T05:21:55.000,49.3
2026-08-08T05:26:55.000,49.3
2026-08-08T05:31:55.000,49.3
2026-08-08T05:36:55.000,49.3
2026-08-08T05:41:55.000,49.3
2026-08-08T05:46:56.000,49.3
2026-08-08T05:51:56.000,49.3
2026-08-08T05:56:56.000,48.9
2026-08-08T06:01:56.000,48.9
2026-08-08T06:06:56.000,48.9
2026-08-08T06:11:56.000,48.9
2026-08-08T06:16:56.000,48.9
2026-08-08T06:21:56.000,48.9
2026-08-08T06:26:56.000,48.6
2026-08-08T06:31:56.000,48.6
2026-08-08T06:36:56.000,48.6
2026-08-08T06:41:56.000,48.6
2026-08-08T06:46:57.000,48.3
2026-08-08T06:51:57.000,48.3
2026-08-08T06:56:57.000,48.3
2026-08-08T07:01:57.000,48.3
2026-08-08T07:06:57.000,48.0
2026-08-08T07:11:57.000,48.0
2026-08-08T07:16:57.000,47.7
2026-08-08T07:21:57.000,47.3
2026-08-08T07:26:57.000,47.0
2026-08-08T07:31:57.000,47.0
2026-08-08T07:36:57.000,46.7
2026-08-08T07:41:57.000,46.7
2026-08-08T07:46:58.000,46.7
2026-08-08T07:51:58.000,46.4
2026-08-08T07:56:58.000,46.4
2026-08-08T08:01:58.000,46.4
2026-08-08T08:06:58.000,46.4
2026-08-08T08:11:58.000,46.4
2026-08-08T08:16:58.000,46.4
2026-08-08T08:21:58.000,46.4
2026-08-08T08:26:58.000,46.4
2026-08-08T08:31:58.000,46.7
2026-08-08T08:36:58.000,46.7
2026-08-08T08:41:58.000,46.7
2026-08-08T08:46:59.000,46.7
2026-08-08T08:51:59.000,46.7
2026-08-08T08:56:59.000,46.7
2026-08-08T09:01:59.000,46.7
2026-08-08T09:06:59.000,47.0
2026-08-08T09:11:59.000,47.0
2026-08-08T09:16:59.000,47.0
2026-08-08T09:21:59.000,47.0
2026-08-08T09:26:59.000,47.0
2026-08-08T09:31:59.000,47.0
2026-08-08T09:36:59.000,47.0
2026-08-08T09:41:59.000,47.0
2026-08-08T09:47:00.000,47.0
2026-08-08T09:52:00.000,47.0
2026-08-08T09:57:00.000,46.7
2026-08-08T10:02:00.000,46.4
2026-08-08T10:07:00.000,46.4
2026-08-08T10:12:00.000,46.4
2026-08-08T10:17:00.000,46.0
2026-08-08T10:22:00.000,46.0
2026-08-08T10:27:00.000,45.7
2026-08-08T10:32:00.000,45.7
2026-08-08T10:37:00.000,45.7
2026-08-08T10:42:00.000,45.4
2026-08-08T10:47:01.000,45.4
2026-08-08T10:52:01.000,45.4
2026-08-08T10:57:01.000,45.1
2026-08-08T11:02:01.000,45.1
2026-08-08T11:07:01.000,45.1
2026-08-08T11:12:01.000,44.8
2026-08-08T11:17:01.000,44.8
2026-08-08T11:22:01.000,44.8
2026-08-08T11:27:01.000,44.4
2026-08-08T11:32:01.000,44.4
2026-08-08T11:37:01.000,44.4
2026-08-08T11:42:01.000,44.1
2026-08-08T11:47:02.000,44.1
2026-08-08T11:52:02.000,43.8
2026-08-08T11:57:02.000,43.8
2026-08-08T12:02:02.000,43.8
2026-08-08T12:07:02.000,43.5
2026-08-08T12:12:02.000,43.5
2026-08-08T12:17:02.000,43.5
2026-08-08T12:22:02.000,43.5
2026-08-08T12:27:02.000,43.5
2026-08-08T12:32:02.000,43.5
2026-08-08T12:37:02.000,43.1
2026-08-08T12:42:02.000,43.1
2026-08-08T12:47:03.000,43.1
2026-08-08T12:52:03.000,42.8
2026-08-08T12:57:03.000,43.1
2026-08-08T13:02:03.000,42.8
2026-08-08T13:07:03.000,42.8
2026-08-08T13:12:03.000,43.1
2026-08-08T13:17:03.000,43.1
2026-08-08T13:22:03.000,43.1
2026-08-08T13:27:03.000,43.5
2026-08-08T13:32:03.000,43.5
2026-08-08T13:37:03.000,43.8
2026-08-08T13:42:03.000,44.1
2026-08-08T13:47:03.000,44.8
2026-08-08T13:52:04.000,44.8
2026-08-08T13:57:04.000,45.4
2026-08-08T14:02:04.000,45.7
2026-08-08T14:07:04.000,46.0
2026-08-08T14:12:04.000,46.4
2026-08-08T14:17:04.000,46.7
2026-08-08T14:22:04.000,47.0
2026-08-08T14:27:04.000,47.3
2026-08-08T14:32:04.000,47.7
2026-08-08T14:37:04.000,48.0
2026-08-08T14:42:04.000,48.3
2026-08-08T14:47:04.000,48.6
2026-08-08T14:52:05.000,48.9
2026-08-08T14:57:05.000,48.9
2026-08-08T15:02:05.000,49.3
2026-08-08T15:07:05.000,49.3
2026-08-08T15:12:05.000,49.6
2026-08-08T15:17:05.000,49.6
2026-08-08T15:22:05.000,49.9
2026-08-08T15:27:05.000,49.9
2026-08-08T15:32:05.000,49.9
2026-08-08T15:37:05.000,50.2
2026-08-08T15:42:05.000,50.2
2026-08-08T15:47:05.000,50.6
2026-08-08T15:52:05.000,50.6
2026-08-08T15:57:06.000,50.9
2026-08-08T16:02:06.000,50.9
2026-08-08T16:07:06.000,51.2
2026-08-08T16:12:06.000,51.2
2026-08-08T16:17:06.000,51.5
2026-08-08T16:22:06.000,51.5
2026-08-08T16:27:06.000,51.8
2026-08-08T16:32:06.000,52.2
2026-08-08T16:37:06.000,52.5
2026-08-08T16:42:06.000,52.5
2026-08-08T16:47:06.000,52.8
2026-08-08T16:52:06.000,53.1
2026-08-08T16:57:07.000,53.5
2026-08-08T17:02:07.000,53.8
2026-08-08T17:07:07.000,54.4
2026-08-08T17:12:07.000,54.7
2026-08-08T17:17:07.000,55.1
2026-08-08T17:22:07.000,55.7
2026-08-08T17:27:07.000,56.4
2026-08-08T17:32:07.000,56.7
2026-08-08T17:37:07.000,57.0
2026-08-08T17:42:07.000,57.3
2026-08-08T17:47:07.000,58.0
2026-08-08T17:52:07.000,58.0
2026-08-08T17:57:07.000,58.9
2026-08-08T18:02:08.000,59.3
2026-08-08T18:07:08.000,59.6
2026-08-08T18:12:08.000,60.2
2026-08-08T18:17:08.000,60.5
2026-08-08T18:22:08.000,61.2
2026-08-08T18:27:08.000,61.5
2026-08-08T18:32:08.000,61.8
2026-08-08T18:37:08.000,62.5
2026-08-08T18:42:08.000,62.8
2026-08-08T18:47:08.000,63.1
2026-08-08T18:52:08.000,63.8
2026-08-08T18:57:08.000,64.1
2026-08-08T19:02:09.000,64.4
2026-08-08T19:07:09.000,64.7
2026-08-08T19:12:09.000,64.7
2026-08-08T19:17:09.000,64.7
2026-08-08T19:22:09.000,65.4
2026-08-08T19:27:09.000,65.7
2026-08-08T19:32:09.000,66.0
2026-08-08T19:37:09.000,66.3
2026-08-08T19:42:09.000,66.3
2026-08-08T19:47:09.000,66.3
2026-08-08T19:52:09.000,66.7
2026-08-08T19:57:09.000,66.7
2026-08-08T20:02:09.000,67.0
2026-08-08T20:07:10.000,67.0
2026-08-08T20:12:10.000,67.3
2026-08-08T20:17:10.000,67.3
2026-08-08T20:22:10.000,67.3
2026-08-08T20:27:10.000,67.6
2026-08-08T20:32:10.000,68.0
2026-08-08T20:37:10.000,67.6
2026-08-08T20:42:10.000,67.6
2026-08-08T20:47:10.000,68.0
2026-08-08T20:52:10.000,68.3
2026-08-08T20:57:10.000,68.6
2026-08-08T21:02:10.000,68.9
2026-08-08T21:07:11.000,69.2
2026-08-08T21:12:11.000,69.6
2026-08-08T21:17:11.000,70.2
2026-08-08T21:22:11.000,70.2
2026-08-08T21:27:11.000,70.5
2026-08-08T21:32:11.000,70.5
2026-08-08T21:37:11.000,70.9
2026-08-08T21:42:11.000,70.9
2026-08-08T21:47:11.000,71.2
2026-08-08T21:52:11.000,71.2
2026-08-08T21:57:11.000,71.2
2026-08-08T22:02:11.000,71.5
2026-08-08T22:07:11.000,71.5
2026-08-08T22:12:12.000,71.8
2026-08-08T22:17:12.000,71.8
2026-08-08T22:22:12.000,71.8
2026-08-08T22:27:12.000,71.8
2026-08-08T22:32:12.000,71.8
2026-08-08T22:37:12.000,71.8
2026-08-08T22:42:12.000,71.8
2026-08-08T22:47:12.000,72.1
2026-08-08T22:52:12.000,72.1
2026-08-08T22:57:12.000,72.1
2026-08-08T23:02:12.000,72.1
2026-08-08T23:07:12.000,72.5
2026-08-08T23:12:13.000,72.5
2026-08-08T23:17:13.000,72.1
2026-08-08T23:22:13.000,72.1
2026-08-08T23:27:13.000,72.1
2026-08-08T23:32:13.000,72.1
2026-08-08T23:37:13.000,72.1
2026-08-08T23:42:13.000,72.1
2026-08-08T23:47:13.000,72.1
2026-08-08T23:52:13.000,72.1
2026-08-08T23:57:13.000,71.8
2026-08-09T00:02:13.000,71.5
2026-08-09T00:07:13.000,71.2
2026-08-09T00:12:14.000,71.2
2026-08-09T00:17:14.000,70.9
2026-08-09T00:22:14.000,70.5
2026-08-09T00:27:14.000,70.5
2026-08-09T00:32:14.000,69.9
2026-08-09T00:37:14.000,69.6
2026-08-09T00:42:14.000,69.2
2026-08-09T00:47:14.000,69.2
2026-08-09T00:52:14.000,68.9
2026-08-09T00:57:14.000,68.3
2026-08-09T01:02:14.000,68.0
2026-08-09T01:07:14.000,67.6
2026-08-09T01:12:14.000,67.0
2026-08-09T01:17:15.000,66.3
2026-08-09T01:22:15.000,66.0
2026-08-09T01:27:15.000,65.4
2026-08-09T01:32:15.000,64.7
2026-08-09T01:37:15.000,64.1
2026-08-09T01:42:15.000,63.1
2026-08-09T01:47:15.000,62.5
2026-08-09T01:52:15.000,61.8
2026-08-09T01:57:15.000,61.2
2026-08-09T02:02:15.000,60.2
2026-08-09T02:07:15.000,59.6
2026-08-09T02:12:15.000,58.6
2026-08-09T02:17:16.000,58.0
2026-08-09T02:22:16.000,57.3
2026-08-09T02:27:16.000,56.7
2026-08-09T02:32:16.000,56.0
2026-08-09T02:37:16.000,55.4
2026-08-09T02:42:16.000,55.1
2026-08-09T02:47:16.000,54.4
2026-08-09T02:52:16.000,54.1
2026-08-09T02:57:16.000,53.8
2026-08-09T03:02:16.000,53.5
2026-08-09T03:07:16.000,53.1
2026-08-09T03:12:16.000,52.8
2026-08-09T03:17:17.000,52.5
2026-08-09T03:22:17.000,52.5
2026-08-09T03:27:17.000,52.2
2026-08-09T03:32:17.000,52.2
2026-08-09T03:37:17.000,52.2
2026-08-09T03:42:17.000,51.8
2026-08-09T03:47:17.000,51.8
2026-08-09T03:52:17.000,51.8
2026-08-09T03:57:17.000,51.5
2026-08-09T04:02:17.000,51.5
2026-08-09T04:07:17.000,51.5
2026-08-09T04:12:17.000,51.2
2026-08-09T04:17:18.000,51.2
2026-08-09T04:22:18.000,50.9
2026-08-09T04:27:18.000,50.9
2026-08-09T04:32:18.000,50.6
2026-08-09T04:37:18.000,50.6
2026-08-09T04:42:18.000,50.6
2026-08-09T04:47:18.000,50.2
2026-08-09T04:52:18.000,50.2
2026-08-09T04:57:18.000,49.9
2026-08-09T05:02:18.000,49.9
2026-08-09T05:07:18.000,49.9
2026-08-09T05:12:18.000,49.6
2026-08-09T05:17:19.000,49.6
2026-08-09T05:22:19.000,49.6
2026-08-09T05:27:19.000,49.3
2026-08-09T05:32:19.000,49.3
2026-08-09T05:37:19.000,48.9
2026-08-09T05:42:19.000,48.9
2026-08-09T05:47:19.000,48.9
2026-08-09T05:52:19.000,48.6
2026-08-09T05:57:19.000,48.6
2026-08-09T06:02:19.000,48.6
2026-08-09T06:07:19.000,48.3
2026-08-09T06:12:19.000,48.3
2026-08-09T06:17:20.000,48.3
2026-08-09T06:22:20.000,48.3
2026-08-09T06:27:20.000,48.0
2026-08-09T06:32:20.000,48.0
2026-08-09T06:37:20.000,48.0
2026-08-09T06:42:20.000,48.0
2026-08-09T06:47:20.000,48.0
2026-08-09T06:52:20.000,48.0
2026-08-09T06:57:20.000,47.7
2026-08-09T07:02:20.000,47.7
2026-08-09T07:07:20.000,47.7
2026-08-09T07:12:20.000,47.7
2026-08-09T07:17:21.000,47.7
2026-08-09T07:22:21.000,47.7
2026-08-09T07:27:21.000,47.7
2026-08-09T07:32:21.000,47.7
2026-08-09T07:37:21.000,47.3
2026-08-09T07:42:21.000,47.3
2026-08-09T07:47:21.000,47.3
2026-08-09T07:52:21.000,47.3
2026-08-09T07:57:21.000,47.0
2026-08-09T08:02:21.000,47.0
2026-08-09T08:07:21.000,47.0
2026-08-09T08:12:21.000,47.0
2026-08-09T08:17:22.000,47.0
2026-08-09T08:22:22.000,47.0
2026-08-09T08:27:22.000,47.0
2026-08-09T08:32:22.000,47.0
2026-08-09T08:37:22.000,47.0
2026-08-09T08:42:22.000,47.0
2026-08-09T08:47:22.000,46.7
2026-08-09T08:52:22.000,46.7
2026-08-09T08:57:22.000,46.7
2026-08-09T09:02:22.000,46.7
2026-08-09T09:07:22.000,46.7
2026-08-09T09:12:22.000,46.7
2026-08-09T09:17:23.000,46.4
2026-08-09T09:22:23.000,46.4
2026-08-09T09:27:23.000,46.4
2026-08-09T09:32:23.000,46.4
2026-08-09T09:37:23.000,46.0
2026-08-09T09:42:23.000,46.0
2026-08-09T09:47:23.000,46.0
2026-08-09T09:52:23.000,45.7
2026-08-09T09:57:23.000,45.7
2026-08-09T10:02:23.000,45.7
2026-08-09T10:07:23.000,45.7
2026-08-09T10:12:23.000,45.4
2026-08-09T10:17:24.000,45.4
2026-08-09T10:22:24.000,45.4
2026-08-09T10:27:24.000,45.4
2026-08-09T10:32:24.000,45.1
2026-08-09T10:37:24.000,45.1
2026-08-09T10:42:24.000,45.1
2026-08-09T10:47:24.000,45.1
2026-08-09T10:52:24.000,45.1
2026-08-09T10:57:24.000,44.8
2026-08-09T11:02:24.000,44.8
2026-08-09T11:07:24.000,44.8
2026-08-09T11:12:24.000,44.8
2026-08-09T11:17:25.000,44.4
2026-08-09T11:22:25.000,44.4
2026-08-09T11:27:25.000,44.4
2026-08-09T11:32:25.000,44.4
2026-08-09T11:37:25.000,44.1
2026-08-09T11:42:25.000,44.1
2026-08-09T11:47:25.000,44.1
2026-08-09T11:52:25.000,44.1
2026-08-09T11:57:25.000,44.1
2026-08-09T12:02:25.000,43.8
2026-08-09T12:07:25.000,43.8
2026-08-09T12:12:25.000,43.8
2026-08-09T12:17:26.000,43.8
2026-08-09T12:22:26.000,43.5
2026-08-09T12:27:26.000,43.8
2026-08-09T12:32:26.000,43.5
2026-08-09T12:37:26.000,43.5
2026-08-09T12:42:26.000,43.5
2026-08-09T12:47:26.000,43.5
2026-08-09T12:52:26.000,43.5
2026-08-09T12:57:26.000,43.5
2026-08-09T13:02:26.000,43.5
2026-08-09T13:07:26.000,43.5
2026-08-09T13:12:26.000,43.5
2026-08-09T13:17:27.000,43.5
2026-08-09T13:22:27.000,43.8
2026-08-09T13:27:27.000,43.8
2026-08-09T13:32:27.000,44.1
2026-08-09T13:37:27.000,44.1
2026-08-09T13:42:27.000,44.8
2026-08-09T13:47:27.000,45.1
2026-08-09T13:52:27.000,45.1
2026-08-09T13:57:27.000,45.7
2026-08-09T14:02:27.000,46.0
2026-08-09T14:07:27.000,46.4
2026-08-09T14:12:27.000,46.7
2026-08-09T14:17:27.000,46.7
2026-08-09T14:22:28.000,47.3
2026-08-09T14:27:28.000,47.3
2026-08-09T14:32:28.000,47.7
2026-08-09T14:37:28.000,48.0
2026-08-09T14:42:28.000,48.3
2026-08-09T14:47:28.000,48.6
2026-08-09T14:52:28.000,48.6
2026-08-09T14:57:28.000,48.9
2026-08-09T15:02:28.000,49.3
2026-08-09T15:07:28.000,49.3
2026-08-09T15:12:28.000,49.6
2026-08-09T15:17:28.000,49.6
2026-08-09T15:22:29.000,49.6
2026-08-09T15:27:29.000,50.2
2026-08-09T15:32:29.000,50.2
2026-08-09T15:37:29.000,50.2
2026-08-09T15:42:29.000,50.6
2026-08-09T15:47:29.000,50.6
2026-08-09T15:52:29.000,50.9
2026-08-09T15:57:29.000,50.9
2026-08-09T16:02:29.000,51.2
2026-08-09T16:07:29.000,51.5
2026-08-09T16:12:29.000,51.5
2026-08-09T16:17:29.000,51.8
2026-08-09T16:22:29.000,52.2
2026-08-09T16:27:30.000,52.5
2026-08-09T16:32:30.000,52.8
2026-08-09T16:37:30.000,53.1
2026-08-09T16:42:30.000,53.1
2026-08-09T16:47:30.000,53.5
2026-08-09T16:52:30.000,53.8
2026-08-09T16:57:30.000,54.1
2026-08-09T17:02:30.000,54.4
2026-08-09T17:07:30.000,54.4
2026-08-09T17:12:30.000,55.1
2026-08-09T17:17:30.000,55.4
2026-08-09T17:22:30.000,55.7
2026-08-09T17:27:30.000,56.4
2026-08-09T17:32:31.000,57.0
2026-08-09T17:37:31.000,57.3
2026-08-09T17:42:31.000,57.6
2026-08-09T17:47:31.000,58.3
2026-08-09T17:52:31.000,58.6
2026-08-09T17:57:31.000,59.3
2026-08-09T18:02:31.000,59.6
2026-08-09T18:07:31.000,59.9
2026-08-09T18:12:31.000,60.5
2026-08-09T18:17:31.000,60.5
2026-08-09T18:22:31.000,61.2
2026-08-09T18:27:31.000,61.5
2026-08-09T18:32:32.000,62.2
2026-08-09T18:37:32.000,62.5
2026-08-09T18:42:32.000,62.8
2026-08-09T18:47:32.000,63.1
2026-08-09T18:52:32.000,63.8
2026-08-09T18:57:32.000,63.8
2026-08-09T19:02:32.000,64.1
2026-08-09T19:07:32.000,64.1
2026-08-09T19:12:32.000,64.1
2026-08-09T19:17:32.000,64.4
2026-08-09T19:22:32.000,65.1
2026-08-09T19:27:32.000,65.4
2026-08-09T19:32:33.000,65.4
2026-08-09T19:37:33.000,65.7
2026-08-09T19:42:33.000,66.0
2026-08-09T19:47:33.000,66.0
2026-08-09T19:52:33.000,66.3
2026-08-09T19:57:33.000,67.0
2026-08-09T20:02:33.000,67.3
2026-08-09T20:07:33.000,67.6
2026-08-09T20:12:33.000,68.0
2026-08-09T20:17:33.000,68.3
2026-08-09T20:22:33.000,68.9
2026-08-09T20:27:33.000,68.9
2026-08-09T20:32:33.000,69.2
2026-08-09T20:37:34.000,69.6
2026-08-09T20:42:34.000,69.9
2026-08-09T20:47:34.000,69.9
2026-08-09T20:52:34.000,70.2
2026-08-09T20:57:34.000,70.5
2026-08-09T21:02:34.000,70.9
2026-08-09T21:07:34.000,70.9
2026-08-09T21:12:34.000,71.2
2026-08-09T21:17:34.000,71.5
2026-08-09T21:22:34.000,71.5
2026-08-09T21:27:34.000,71.8
2026-08-09T21:32:34.000,72.1
2026-08-09T21:37:35.000,71.8
2026-08-09T21:42:35.000,71.8
2026-08-09T21:47:35.000,71.8
2026-08-09T21:52:35.000,71.5
2026-08-09T21:57:35.000,71.5
2026-08-09T22:02:35.000,71.5
2026-08-09T22:07:35.000,71.5
2026-08-09T22:12:35.000,71.5
2026-08-09T22:17:35.000,71.5
2026-08-09T22:22:35.000,71.2
2026-08-09T22:27:35.000,71.5
2026-08-09T22:32:35.000,71.5
2026-08-09T22:37:35.000,71.5
2026-08-09T22:42:36.000,71.5
2026-08-09T22:47:36.000,71.5
2026-08-09T22:52:36.000,71.5
2026-08-09T22:57:36.000,71.2
2026-08-09T23:02:36.000,71.2
2026-08-09T23:07:36.000,71.2
2026-08-09T23:12:36.000,70.9
2026-08-09T23:17:36.000,70.9
2026-08-09T23:22:36.000,70.5
2026-08-09T23:27:36.000,70.2
2026-08-09T23:32:36.000,70.2
2026-08-09T23:37:36.000,70.2
2026-08-09T23:42:37.000,70.5
2026-08-09T23:47:37.000,70.5
2026-08-09T23:52:37.000,70.2
2026-08-09T23:57:37.000,70.2
2026-08-10T00:02:37.000,69.9
2026-08-10T00:07:37.000,69.6
2026-08-10T00:12:37.000,69.6
2026-08-10T00:17:37.000,69.2
2026-08-10T00:22:37.000,68.3
2026-08-10T00:27:37.000,67.0
2026-08-10T00:32:37.000,65.4
2026-08-10T00:37:37.000,64.4
2026-08-10T00:42:38.000,63.1
2026-08-10T00:47:38.000,62.2
2026-08-10T00:52:38.000,60.9
2026-08-10T00:57:38.000,59.6
2026-08-10T01:02:38.000,57.6
2026-08-10T01:07:38.000,56.0
2026-08-10T01:12:38.000,54.1
2026-08-10T01:17:38.000,52.8
2026-08-10T01:22:38.000,51.8
2026-08-10T01:27:38.000,50.9
2026-08-10T01:32:38.000,50.2
2026-08-10T01:37:38.000,49.9
2026-08-10T01:42:38.000,49.6
2026-08-10T01:47:39.000,49.6
2026-08-10T01:52:39.000,49.6
2026-08-10T01:57:39.000,49.6
2026-08-10T02:02:39.000,49.6
2026-08-10T02:07:39.000,49.6
2026-08-10T02:12:39.000,49.3
2026-08-10T02:17:39.000,49.3
2026-08-10T02:22:39.000,49.3
2026-08-10T02:27:39.000,49.3
2026-08-10T02:32:39.000,48.9
2026-08-10T02:37:39.000,48.9
2026-08-10T02:42:39.000,48.9
2026-08-10T02:47:39.000,48.6
2026-08-10T02:52:40.000,48.6
2026-08-10T02:57:40.000,48.3
2026-08-10T03:02:40.000,48.0
2026-08-10T03:07:40.000,48.0
2026-08-10T03:12:40.000,48.0
2026-08-10T03:17:40.000,47.7
2026-08-10T03:22:40.000,47.7
2026-08-10T03:27:40.000,47.7
2026-08-10T03:32:40.000,47.3
2026-08-10T03:37:40.000,47.3
2026-08-10T03:42:40.000,47.3
2026-08-10T03:47:41.000,47.0
2026-08-10T03:52:41.000,47.0
2026-08-10T03:57:41.000,47.0
2026-08-10T04:02:41.000,46.7
2026-08-10T04:07:41.000,46.7
2026-08-10T04:12:41.000,46.4
2026-08-10T04:17:41.000,46.4
2026-08-10T04:22:41.000,46.4
2026-08-10T04:27:41.000,46.4
2026-08-10T04:32:41.000,46.4
2026-08-10T04:37:41.000,46.0
2026-08-10T04:42:41.000,46.0
2026-08-10T04:47:42.000,46.0
2026-08-10T04:52:42.000,46.0
2026-08-10T04:57:42.000,46.0
2026-08-10T05:02:42.000,46.0
2026-08-10T05:07:42.000,46.0
2026-08-10T05:12:42.000,46.0
2026-08-10T05:17:42.000,46.0
2026-08-10T05:22:42.000,46.4
2026-08-10T05:27:42.000,46.4
2026-08-10T05:32:42.000,46.4
2026-08-10T05:37:42.000,46.4
2026-08-10T05:42:42.000,46.0
2026-08-10T05:47:43.000,46.0
2026-08-10T05:52:43.000,46.0
2026-08-10T05:57:43.000,45.7
2026-08-10T06:02:43.000,45.7
2026-08-10T06:07:43.000,45.4
2026-08-10T06:12:43.000,45.4
2026-08-10T06:17:43.000,45.4
2026-08-10T06:22:43.000,45.4
2026-08-10T06:27:43.000,45.4
2026-08-10T06:32:43.000,45.1
2026-08-10T06:37:43.000,45.1
2026-08-10T06:42:43.000,45.1
2026-08-10T06:47:44.000,45.1
2026-08-10T06:52:44.000,45.1
2026-08-10T06:57:44.000,45.1
2026-08-10T07:02:44.000,45.1
2026-08-10T07:07:44.000,44.8
2026-08-10T07:12:44.000,44.8
2026-08-10T07:17:44.000,44.8
2026-08-10T07:22:44.000,44.8
2026-08-10T07:27:44.000,44.4
2026-08-10T07:32:44.000,44.4
2026-08-10T07:37:44.000,44.4
2026-08-10T07:42:44.000,44.4
2026-08-10T07:47:45.000,44.1
2026-08-10T07:52:45.000,44.1
2026-08-10T07:57:45.000,44.1
2026-08-10T08:02:45.000,44.1
2026-08-10T08:07:45.000,43.8
2026-08-10T08:12:45.000,43.8
2026-08-10T08:17:45.000,43.8
2026-08-10T08:22:45.000,43.8
2026-08-10T08:27:45.000,43.8
2026-08-10T08:32:45.000,43.8
2026-08-10T08:37:45.000,43.8
2026-08-10T08:42:45.000,43.5
2026-08-10T08:47:45.000,43.5
2026-08-10T08:52:46.000,43.5
2026-08-10T08:57:46.000,43.5
2026-08-10T09:02:46.000,43.5
2026-08-10T09:07:46.000,43.1
2026-08-10T09:12:46.000,43.1
2026-08-10T09:17:46.000,43.1
2026-08-10T09:22:46.000,43.1
2026-08-10T09:27:46.000,43.1
2026-08-10T09:32:46.000,42.8
2026-08-10T09:37:46.000,42.8
2026-08-10T09:42:46.000,42.8
2026-08-10T09:47:46.000,42.8
2026-08-10T09:52:47.000,42.8
2026-08-10T09:57:47.000,42.5
2026-08-10T10:02:47.000,42.5
2026-08-10T10:07:47.000,42.5
2026-08-10T10:12:47.000,42.5
2026-08-10T10:17:47.000,42.5
2026-08-10T10:22:47.000,42.2
2026-08-10T10:27:47.000,42.2
2026-08-10T10:32:47.000,42.2
2026-08-10T10:37:47.000,42.2
2026-08-10T10:42:47.000,42.2
2026-08-10T10:47:47.000,41.9
2026-08-10T10:52:48.000,41.9
2026-08-10T10:57:48.000,41.9
2026-08-10T11:02:48.000,41.9
2026-08-10T11:07:48.000,41.9
2026-08-10T11:12:48.000,41.9
2026-08-10T11:17:48.000,41.9
2026-08-10T11:22:48.000,41.9
2026-08-10T11:27:48.000,41.9
2026-08-10T11:32:48.000,41.9
2026-08-10T11:37:48.000,41.9
2026-08-10T11:42:48.000,41.9
2026-08-10T11:47:49.000,41.5
2026-08-10T11:52:49.000,41.5
2026-08-10T11:57:49.000,41.5
2026-08-10T12:02:49.000,41.5
2026-08-10T12:07:49.000,41.5
2026-08-10T12:12:49.000,41.5
2026-08-10T12:17:49.000,41.5
2026-08-10T12:22:49.000,41.2
2026-08-10T12:27:49.000,41.2
2026-08-10T12:32:49.000,41.2
2026-08-10T12:37:49.000,41.2
2026-08-10T12:42:49.000,41.2
2026-08-10T12:47:50.000,41.2
2026-08-10T12:52:50.000,41.2
2026-08-10T12:57:50.000,41.2
2026-08-10T13:02:50.000,41.2
2026-08-10T13:07:50.000,41.5
2026-08-10T13:12:50.000,41.2
2026-08-10T13:17:50.000,41.5
2026-08-10T13:22:50.000,41.5
2026-08-10T13:27:50.000,41.9
2026-08-10T13:32:50.000,42.2
2026-08-10T13:37:50.000,42.5
2026-08-10T13:42:50.000,42.8
2026-08-10T13:47:51.000,43.1
2026-08-10T13:52:51.000,43.5
2026-08-10T13:57:51.000,43.8
2026-08-10T14:02:51.000,44.1
2026-08-10T14:07:51.000,44.4
2026-08-10T14:12:51.000,44.8
2026-08-10T14:17:51.000,45.1
2026-08-10T14:22:51.000,45.4
2026-08-10T14:27:51.000,45.7
2026-08-10T14:32:51.000,45.7
2026-08-10T14:37:51.000,46.4
2026-08-10T14:42:51.000,46.4
2026-08-10T14:47:51.000,46.7
2026-08-10T14:52:52.000,47.0
2026-08-10T14:57:52.000,47.0
2026-08-10T15:02:52.000,47.3
2026-08-10T15:07:52.000,47.7
2026-08-10T15:12:52.000,47.7
2026-08-10T15:17:52.000,48.0
2026-08-10T15:22:52.000,48.3
2026-08-10T15:27:52.000,48.3
2026-08-10T15:32:52.000,48.6
2026-08-10T15:37:52.000,48.9
2026-08-10T15:42:52.000,48.9
2026-08-10T15:47:52.000,49.3
2026-08-10T15:52:53.000,49.3
2026-08-10T15:57:53.000,49.3
2026-08-10T16:02:53.000,49.6
2026-08-10T16:07:53.000,49.6
2026-08-10T16:12:53.000,50.2
2026-08-10T16:17:53.000,50.2
2026-08-10T16:22:53.000,50.6
2026-08-10T16:27:53.000,50.9
2026-08-10T16:32:53.000,51.2
2026-08-10T16:37:53.000,51.2
2026-08-10T16:42:53.000,51.5
2026-08-10T16:47:53.000,51.8
2026-08-10T16:52:54.000,52.2
2026-08-10T16:57:54.000,52.5
2026-08-10T17:02:54.000,52.8
2026-08-10T17:07:54.000,53.1
2026-08-10T17:12:54.000,53.5
2026-08-10T17:17:54.000,54.1
2026-08-10T17:22:54.000,54.7
2026-08-10T17:27:54.000,55.1
2026-08-10T17:32:54.000,55.7
2026-08-10T17:37:54.000,56.0
2026-08-10T17:42:54.000,56.7
2026-08-10T17:47:54.000,57.0
2026-08-10T17:52:55.000,57.6
2026-08-10T17:57:55.000,58.0
2026-08-10T18:02:55.000,58.6
2026-08-10T18:07:55.000,58.9
2026-08-10T18:12:55.000,59.3
2026-08-10T18:17:55.000,59.6
2026-08-10T18:22:55.000,59.9
2026-08-10T18:27:55.000,60.5
2026-08-10T18:32:55.000,60.9
2026-08-10T18:37:55.000,61.2
2026-08-10T18:42:55.000,61.5
2026-08-10T18:47:55.000,61.8
2026-08-10T18:52:55.000,61.8
2026-08-10T18:57:56.000,62.5
2026-08-10T19:02:56.000,62.5
2026-08-10T19:07:56.000,62.8
2026-08-10T19:12:56.000,62.8
2026-08-10T19:17:56.000,63.1
2026-08-10T19:22:56.000,63.4
2026-08-10T19:27:56.000,63.8
2026-08-10T19:32:56.000,64.1
2026-08-10T19:37:56.000,64.1
2026-08-10T19:42:56.000,64.4
2026-08-10T19:47:56.000,64.4
2026-08-10T19:52:56.000,64.7
2026-08-10T19:57:57.000,65.1
2026-08-10T20:02:57.000,65.1
2026-08-10T20:07:57.000,65.4
2026-08-10T20:12:57.000,65.7
2026-08-10T20:17:57.000,66.0
2026-08-10T20:22:57.000,66.0
2026-08-10T20:27:57.000,66.3
2026-08-10T20:32:57.000,66.0
2026-08-10T20:37:57.000,66.3
2026-08-10T20:42:57.000,66.3
2026-08-10T20:47:57.000,66.7
2026-08-10T20:52:57.000,66.7
2026-08-10T20:57:57.000,66.7
2026-08-10T21:02:58.000,66.7
2026-08-10T21:07:58.000,66.7
2026-08-10T21:12:58.000,66.7
2026-08-10T21:17:58.000,67.0
2026-08-10T21:22:58.000,67.0
2026-08-10T21:27:58.000,67.0
2026-08-10T21:32:58.000,67.3
2026-08-10T21:37:58.000,67.3
2026-08-10T21:42:58.000,67.3
2026-08-10T21:47:58.000,67.3
2026-08-10T21:52:58.000,67.3
2026-08-10T21:57:58.000,67.3
2026-08-10T22:02:59.000,67.6
2026-08-10T22:07:59.000,67.6
2026-08-10T22:12:59.000,67.6
2026-08-10T22:17:59.000,67.6
2026-08-10T22:22:59.000,68.0
2026-08-10T22:27:59.000,67.6
2026-08-10T22:32:59.000,67.6
2026-08-10T22:37:59.000,67.3
2026-08-10T22:42:59.000,67.3
2026-08-10T22:47:59.000,67.6
2026-08-10T22:52:59.000,67.6
2026-08-10T22:57:59.000,67.3
2026-08-10T23:03:00.000,67.3
2026-08-10T23:08:00.000,67.3
2026-08-10T23:13:00.000,67.3
2026-08-10T23:18:00.000,67.0
2026-08-10T23:23:00.000,67.0
2026-08-10T23:28:00.000,67.0
2026-08-10T23:33:00.000,67.3
2026-08-10T23:38:00.000,67.0
2026-08-10T23:43:00.000,67.0
2026-08-10T23:48:00.000,67.0
2026-08-10T23:53:00.000,66.7
2026-08-10T23:58:00.000,66.7
2026-08-11T00:03:00.000,66.7
2026-08-11T00:08:01.000,66.7
2026-08-11T00:13:01.000,66.3
2026-08-11T00:18:01.000,66.3
2026-08-11T00:23:01.000,66.3
2026-08-11T00:28:01.000,66.0
2026-08-11T00:33:01.000,65.7
2026-08-11T00:38:01.000,65.4
2026-08-11T00:43:01.000,64.7
2026-08-11T00:48:01.000,64.4
2026-08-11T00:53:01.000,63.4
2026-08-11T00:58:01.000,62.8
2026-08-11T01:03:01.000,61.8
2026-08-11T01:08:02.000,61.2
2026-08-11T01:13:02.000,60.2
2026-08-11T01:18:02.000,58.9
2026-08-11T01:23:02.000,58.3
2026-08-11T01:28:02.000,57.0
2026-08-11T01:33:02.000,56.4
2026-08-11T01:38:02.000,55.4
2026-08-11T01:43:02.000,54.4
2026-08-11T01:48:02.000,53.8
2026-08-11T01:53:02.000,53.1
2026-08-11T01:58:02.000,52.8
2026-08-11T02:03:02.000,52.2
2026-08-11T02:08:02.000,51.8
2026-08-11T02:13:03.000,51.5
2026-08-11T02:18:03.000,51.5
2026-08-11T02:23:03.000,51.2
2026-08-11T02:28:03.000,50.6
2026-08-11T02:33:03.000,50.2
2026-08-11T02:38:03.000,49.9
2026-08-11T02:43:03.000,49.6
2026-08-11T02:48:03.000,49.3
2026-08-11T02:53:03.000,48.6
2026-08-11T02:58:03.000,48.0
2026-08-11T03:03:03.000,47.7
2026-08-11T03:08:03.000,47.3
2026-08-11T03:13:04.000,47.3
2026-08-11T03:18:04.000,47.3
2026-08-11T03:23:04.000,47.0
2026-08-11T03:28:04.000,47.0
2026-08-11T03:33:04.000,47.0
2026-08-11T03:38:04.000,47.0
2026-08-11T03:43:04.000,47.0
2026-08-11T03:48:04.000,47.0
2026-08-11T03:53:04.000,47.0
2026-08-11T03:58:04.000,46.7
2026-08-11T04:03:04.000,46.7
2026-08-11T04:08:04.000,46.7
2026-08-11T04:13:05.000,46.7
2026-08-11T04:18:05.000,46.7
2026-08-11T04:23:05.000,46.7
2026-08-11T04:28:05.000,46.4
2026-08-11T04:33:05.000,46.4
2026-08-11T04:38:05.000,46.4
2026-08-11T04:43:05.000,46.0
2026-08-11T04:48:05.000,46.0
2026-08-11T04:53:05.000,46.0
2026-08-11T04:58:05.000,45.7
2026-08-11T05:03:05.000,45.7
2026-08-11T05:08:05.000,45.7
2026-08-11T05:13:06.000,45.4
2026-08-11T05:18:06.000,45.4
2026-08-11T05:23:06.000,45.4
2026-08-11T05:28:06.000,45.4
2026-08-11T05:33:06.000,45.1
2026-08-11T05:38:06.000,45.1
2026-08-11T05:43:06.000,45.1
2026-08-11T05:48:06.000,45.1
2026-08-11T05:53:06.000,45.1
2026-08-11T05:58:06.000,45.1
2026-08-11T06:03:06.000,45.1
2026-08-11T06:08:06.000,45.1
2026-08-11T06:13:07.000,45.1
2026-08-11T06:18:07.000,45.1
2026-08-11T06:23:07.000,45.1
2026-08-11T06:28:07.000,45.4
2026-08-11T06:33:07.000,45.4
2026-08-11T06:38:07.000,45.4
2026-08-11T06:43:07.000,45.4
2026-08-11T06:48:07.000,45.4
2026-08-11T06:53:07.000,45.4
2026-08-11T06:58:07.000,45.4
2026-08-11T07:03:07.000,45.4
2026-08-11T07:08:07.000,45.4
2026-08-11T07:13:08.000,45.4
2026-08-11T07:18:08.000,45.4
2026-08-11T07:23:08.000,45.4
2026-08-11T07:28:08.000,45.4
2026-08-11T07:33:08.000,45.4
2026-08-11T07:38:08.000,45.4
2026-08-11T07:43:08.000,45.4
2026-08-11T07:48:08.000,45.4
2026-08-11T07:53:08.000,45.1
2026-08-11T07:58:08.000,45.1
2026-08-11T08:03:08.000,45.1
2026-08-11T08:08:08.000,45.1
2026-08-11T08:13:09.000,45.1
2026-08-11T08:18:09.000,45.1
2026-08-11T08:23:09.000,45.1
2026-08-11T08:28:09.000,45.1
2026-08-11T08:33:09.000,45.1
2026-08-11T08:38:09.000,45.1
2026-08-11T08:43:09.000,44.8
2026-08-11T08:48:09.000,44.8
2026-08-11T08:53:09.000,44.8
2026-08-11T08:58:09.000,44.8
2026-08-11T09:03:09.000,44.8
2026-08-11T09:08:09.000,44.8
2026-08-11T09:13:10.000,44.8
2026-08-11T09:18:10.000,44.8
2026-08-11T09:23:10.000,44.8
2026-08-11T09:28:10.000,44.8
2026-08-11T09:33:10.000,44.8
2026-08-11T09:38:10.000,44.8
2026-08-11T09:43:10.000,44.4
2026-08-11T09:48:10.000,44.4
2026-08-11T09:53:10.000,44.4
2026-08-11T09:58:10.000,44.4
2026-08-11T10:03:10.000,44.4
2026-08-11T10:08:10.000,44.4
2026-08-11T10:13:11.000,44.4
2026-08-11T10:18:11.000,44.4
2026-08-11T10:23:11.000,44.1
2026-08-11T10:28:11.000,44.1
2026-08-11T10:33:11.000,44.1
2026-08-11T10:38:11.000,44.1
2026-08-11T10:43:11.000,44.1
2026-08-11T10:48:11.000,44.1
2026-08-11T10:53:11.000,44.1
2026-08-11T10:58:11.000,44.1
2026-08-11T11:03:11.000,44.1
2026-08-11T11:08:11.000,43.8
2026-08-11T11:13:12.000,43.8
2026-08-11T11:18:12.000,43.8
2026-08-11T11:23:12.000,43.8
2026-08-11T11:28:12.000,43.8
2026-08-11T11:33:12.000,43.5
2026-08-11T11:38:12.000,43.5
2026-08-11T11:43:12.000,43.5
2026-08-11T11:48:12.000,43.5
2026-08-11T11:53:12.000,43.5
2026-08-11T11:58:12.000,43.1
2026-08-11T12:03:12.000,43.1
2026-08-11T12:08:12.000,43.1
2026-08-11T12:13:13.000,43.1
2026-08-11T12:18:13.000,43.1
2026-08-11T12:23:13.000,43.1
2026-08-11T12:28:13.000,42.8
2026-08-11T12:33:13.000,42.8
2026-08-11T12:38:13.000,42.8
2026-08-11T12:43:13.000,42.8
2026-08-11T12:48:13.000,42.5
2026-08-11T12:53:13.000,42.8
2026-08-11T12:58:13.000,42.5
2026-08-11T13:03:13.000,42.8
2026-08-11T13:08:13.000,42.8
2026-08-11T13:13:13.000,42.8
2026-08-11T13:18:14.000,43.1
2026-08-11T13:23:14.000,43.5
2026-08-11T13:28:14.000,43.8
2026-08-11T13:33:14.000,43.8
2026-08-11T13:38:14.000,44.1
2026-08-11T13:43:14.000,44.1
2026-08-11T13:48:14.000,44.4
2026-08-11T13:53:52.000,44.8
2026-08-11T13:58:52.000,44.8
2026-08-11T14:03:52.000,44.8
2026-08-11T14:08:52.000,44.8
2026-08-11T14:13:52.000,44.8
2026-08-11T14:18:53.000,44.8
2026-08-11T14:23:53.000,44.8
2026-08-11T14:28:53.000,44.8
2026-08-11T14:33:53.000,45.1
2026-08-11T14:38:53.000,45.1
2026-08-11T14:43:53.000,45.1
2026-08-11T14:48:53.000,45.1
2026-08-11T14:53:53.000,45.1
2026-08-11T14:58:53.000,45.4
2026-08-11T15:03:53.000,45.4
2026-08-11T15:08:53.000,45.7
2026-08-11T15:13:53.000,45.7
2026-08-11T15:18:53.000,46.0
2026-08-11T15:23:54.000,45.7
2026-08-11T15:28:54.000,46.0
2026-08-11T15:33:54.000,46.4
2026-08-11T15:38:54.000,46.4
2026-08-11T15:43:54.000,46.4
2026-08-11T15:48:54.000,46.4
2026-08-11T15:53:54.000,46.7
2026-08-11T15:58:54.000,46.7
2026-08-11T16:03:54.000,47.0
2026-08-11T16:08:54.000,47.0
2026-08-11T16:13:54.000,47.3
2026-08-11T16:18:54.000,47.3
2026-08-11T16:23:55.000,47.7
2026-08-11T16:28:55.000,47.7
2026-08-11T16:33:55.000,48.0
2026-08-11T16:38:55.000,48.3
2026-08-11T16:43:55.000,48.6
2026-08-11T16:48:55.000,48.6
2026-08-11T16:53:55.000,48.9
2026-08-11T16:58:55.000,49.3
2026-08-11T17:03:55.000,49.6
2026-08-11T17:08:55.000,49.6
2026-08-11T17:13:55.000,50.2
2026-08-11T17:18:55.000,50.2
2026-08-11T17:23:55.000,50.9
2026-08-11T17:28:56.000,51.2
2026-08-11T17:33:56.000,51.8
2026-08-11T17:38:56.000,52.2
2026-08-11T17:43:56.000,52.5
2026-08-11T17:48:56.000,53.1
2026-08-11T17:53:56.000,53.5
2026-08-11T17:58:56.000,53.8
2026-08-11T18:03:56.000,54.1
2026-08-11T18:08:56.000,54.4
2026-08-11T18:13:56.000,54.7
2026-08-11T18:18:56.000,55.1
2026-08-11T18:23:56.000,55.7
2026-08-11T18:28:57.000,56.0
2026-08-11T18:33:57.000,56.4
2026-08-11T18:38:57.000,57.0
2026-08-11T18:43:57.000,57.0
2026-08-11T18:48:57.000,57.6
2026-08-11T18:53:57.000,58.0
2026-08-11T18:58:57.000,58.3
2026-08-11T19:03:57.000,58.6
2026-08-11T19:06:06.000,58.9
2026-08-11T19:11:06.000,58.9
2026-08-11T19:16:06.000,59.3
2026-08-11T19:21:06.000,59.3
2026-08-11T19:26:07.000,59.6
2026-08-11T19:31:07.000,59.9
2026-08-11T19:36:07.000,60.5
2026-08-11T19:41:07.000,60.9
2026-08-11T19:46:07.000,60.9
2026-08-11T19:51:07.000,61.2
2026-08-11T19:56:07.000,61.5
2026-08-11T20:01:07.000,61.5
2026-08-11T20:06:07.000,62.2
2026-08-11T20:11:07.000,62.2
2026-08-11T20:16:07.000,62.2
2026-08-11T20:21:07.000,62.5
2026-08-11T20:26:07.000,62.5
2026-08-11T20:31:08.000,62.5
2026-08-11T20:36:08.000,62.8
2026-08-11T20:41:08.000,63.1
2026-08-11T20:46:08.000,63.1
2026-08-11T20:51:08.000,63.4
2026-08-11T20:56:08.000,63.8
2026-08-11T21:01:08.000,63.8
2026-08-11T21:06:08.000,63.8
2026-08-11T21:11:08.000,63.8
2026-08-11T21:16:08.000,64.1
2026-08-11T21:21:08.000,64.1
2026-08-11T21:26:08.000,64.1
2026-08-11T21:31:09.000,64.1
2026-08-11T21:36:09.000,64.1
2026-08-11T21:41:09.000,64.1
2026-08-11T21:46:09.000,64.4
2026-08-11T21:51:09.000,64.1
2026-08-11T21:56:09.000,64.4
2026-08-11T22:01:09.000,64.4
2026-08-11T22:06:09.000,64.4
2026-08-11T22:11:09.000,64.1
2026-08-11T22:16:09.000,64.1
2026-08-11T22:21:09.000,64.1
2026-08-11T22:26:09.000,64.1
2026-08-11T22:31:09.000,64.1
2026-08-11T22:36:10.000,64.1
2026-08-11T22:41:10.000,64.1
2026-08-11T22:46:10.000,64.4
2026-08-11T22:51:10.000,64.1
2026-08-11T22:56:10.000,63.8
2026-08-11T23:01:10.000,64.1
2026-08-11T23:06:10.000,63.8
2026-08-11T23:11:10.000,64.1
2026-08-11T23:16:10.000,63.8
2026-08-11T23:21:10.000,63.8
2026-08-11T23:26:10.000,63.4
2026-08-11T23:31:10.000,63.4
2026-08-11T23:36:11.000,63.4
2026-08-11T23:41:11.000,63.1
2026-08-11T23:46:11.000,63.1
2026-08-11T23:51:11.000,62.8
2026-08-11T23:56:11.000,62.8
2026-08-12T00:01:11.000,62.5
2026-08-12T00:06:11.000,62.5
2026-08-12T00:11:11.000,62.2
2026-08-12T00:16:11.000,62.2
2026-08-12T00:21:11.000,61.8
2026-08-12T00:26:11.000,61.5
2026-08-12T00:31:11.000,61.2
2026-08-12T00:36:11.000,60.9
2026-08-12T00:41:12.000,60.5
2026-08-12T00:46:12.000,60.2
2026-08-12T00:51:12.000,59.9
2026-08-12T00:56:12.000,59.3
2026-08-12T01:01:12.000,58.9
2026-08-12T01:06:12.000,58.6
2026-08-12T01:11:12.000,58.3
2026-08-12T01:16:12.000,57.6
2026-08-12T01:21:12.000,56.7
2026-08-12T01:26:12.000,56.4
2026-08-12T01:31:12.000,55.7
2026-08-12T01:36:12.000,55.4
2026-08-12T01:41:13.000,54.7
2026-08-12T01:46:13.000,54.1
2026-08-12T01:51:13.000,53.8
2026-08-12T01:56:13.000,53.1
2026-08-12T02:01:13.000,52.8
2026-08-12T02:06:13.000,52.2
2026-08-12T02:11:13.000,51.5
2026-08-12T02:16:13.000,51.2
2026-08-12T02:21:13.000,50.9
2026-08-12T02:26:13.000,50.6
2026-08-12T02:31:13.000,50.2
2026-08-12T02:36:13.000,49.6
2026-08-12T02:41:13.000,49.6
2026-08-12T02:46:14.000,49.3
2026-08-12T02:51:14.000,49.3
2026-08-12T02:56:14.000,48.9
2026-08-12T03:01:14.000,48.6
2026-08-12T03:06:14.000,48.6
2026-08-12T03:11:14.000,48.6
2026-08-12T03:16:14.000,48.3
2026-08-12T03:21:14.000,48.3
2026-08-12T03:26:14.000,48.0
2026-08-12T03:31:14.000,48.0
2026-08-12T03:36:14.000,47.7
2026-08-12T03:41:14.000,47.7
2026-08-12T03:46:15.000,47.7
2026-08-12T03:51:15.000,47.3
2026-08-12T03:56:15.000,47.3
2026-08-12T04:01:15.000,47.3
2026-08-12T04:06:15.000,47.0
2026-08-12T04:11:15.000,47.0
2026-08-12T04:16:15.000,47.0
2026-08-12T04:21:15.000,47.0
2026-08-12T04:26:15.000,46.7
2026-08-12T04:31:15.000,46.7
2026-08-12T04:36:15.000,46.7
2026-08-12T04:41:15.000,46.7
2026-08-12T04:46:16.000,46.4
2026-08-12T04:51:16.000,46.4
2026-08-12T04:56:16.000,46.4
2026-08-12T05:01:16.000,46.4
2026-08-12T05:06:16.000,46.4
2026-08-12T05:11:16.000,46.0
2026-08-12T05:16:16.000,46.0
2026-08-12T05:21:16.000,46.0
2026-08-12T05:26:16.000,46.0
2026-08-12T05:31:16.000,46.0
2026-08-12T05:36:16.000,46.0
2026-08-12T05:41:16.000,46.0
2026-08-12T05:46:17.000,46.0
2026-08-12T05:51:17.000,46.0
2026-08-12T05:56:17.000,45.7
2026-08-12T06:01:17.000,45.7
2026-08-12T06:06:17.000,45.7
2026-08-12T06:11:17.000,46.0
2026-08-12T06:16:17.000,46.0
2026-08-12T06:21:17.000,46.0
2026-08-12T06:26:17.000,46.0
2026-08-12T06:31:17.000,46.0
2026-08-12T06:36:17.000,46.0
2026-08-12T06:41:17.000,46.0
2026-08-12T06:46:18.000,46.0
2026-08-12T06:51:18.000,45.7
2026-08-12T06:56:18.000,45.4
2026-08-12T07:01:18.000,45.1
2026-08-12T07:06:18.000,45.1
2026-08-12T07:11:18.000,44.8
2026-08-12T07:16:18.000,44.4
2026-08-12T07:21:18.000,44.4
2026-08-12T07:26:18.000,44.1
2026-08-12T07:31:18.000,44.1
2026-08-12T07:36:18.000,44.1
2026-08-12T07:41:18.000,43.8
2026-08-12T07:46:19.000,43.8
2026-08-12T07:51:19.000,43.5
2026-08-12T07:56:19.000,43.5
2026-08-12T08:01:19.000,43.5
2026-08-12T08:06:19.000,43.1
2026-08-12T08:11:19.000,43.1
2026-08-12T08:16:19.000,43.1
2026-08-12T08:21:19.000,43.1
2026-08-12T08:26:19.000,43.1
2026-08-12T08:31:19.000,43.1
2026-08-12T08:36:19.000,43.1
2026-08-12T08:41:19.000,43.1
2026-08-12T08:46:20.000,43.1
2026-08-12T08:51:20.000,43.1
2026-08-12T08:56:20.000,43.1
2026-08-12T09:01:20.000,43.1
2026-08-12T09:06:20.000,43.1
2026-08-12T09:11:20.000,43.1
2026-08-12T09:16:20.000,43.1
2026-08-12T09:21:20.000,43.1
2026-08-12T09:26:20.000,43.1
2026-08-12T09:31:20.000,43.1
2026-08-12T09:36:20.000,43.1
2026-08-12T09:41:20.000,43.1
2026-08-12T09:46:21.000,43.1
2026-08-12T09:51:21.000,43.1
2026-08-12T09:56:21.000,43.1
2026-08-12T10:01:21.000,42.8
2026-08-12T10:06:21.000,42.8
2026-08-12T10:11:21.000,42.8
2026-08-12T10:16:21.000,42.8
2026-08-12T10:21:21.000,42.8
2026-08-12T10:26:21.000,42.8
2026-08-12T10:31:21.000,42.8
2026-08-12T10:36:21.000,42.8
2026-08-12T10:41:21.000,42.8
2026-08-12T10:46:22.000,42.8
2026-08-12T10:51:22.000,42.8
2026-08-12T10:56:22.000,42.5
2026-08-12T11:01:22.000,42.5
2026-08-12T11:06:22.000,42.5
2026-08-12T11:11:22.000,42.2
2026-08-12T11:16:22.000,42.2
2026-08-12T11:21:22.000,42.2
2026-08-12T11:26:22.000,42.2
2026-08-12T11:31:22.000,42.2
2026-08-12T11:36:22.000,42.2
2026-08-12T11:41:22.000,42.2
2026-08-12T11:46:23.000,42.2
2026-08-12T11:51:23.000,41.9
2026-08-12T11:56:23.000,41.9
2026-08-12T12:01:23.000,41.9
2026-08-12T12:06:23.000,41.9
2026-08-12T12:11:23.000,41.9
2026-08-12T12:16:23.000,41.9
2026-08-12T12:21:23.000,41.9
2026-08-12T12:26:23.000,41.5
2026-08-12T12:31:23.000,41.5
2026-08-12T12:36:23.000,41.5
2026-08-12T12:41:23.000,41.5
2026-08-12T12:46:24.000,41.5
2026-08-12T12:51:24.000,41.5
2026-08-12T12:56:24.000,41.5
2026-08-12T13:01:24.000,41.5
2026-08-12T13:06:24.000,41.5
2026-08-12T13:11:24.000,41.5
2026-08-12T13:16:24.000,41.5
2026-08-12T13:21:24.000,41.9
2026-08-12T13:26:24.000,41.5
2026-08-12T13:31:24.000,41.9
2026-08-12T13:36:24.000,41.9
2026-08-12T13:41:24.000,41.9
2026-08-12T13:46:24.000,42.2
2026-08-12T13:51:25.000,42.2
2026-08-12T13:56:25.000,42.5
2026-08-12T14:01:25.000,42.8
2026-08-12T14:06:25.000,42.8
2026-08-12T14:11:25.000,43.1
2026-08-12T14:16:25.000,43.1
2026-08-12T14:21:25.000,43.5
2026-08-12T14:26:25.000,43.5
2026-08-12T14:31:25.000,43.5
2026-08-12T14:36:25.000,43.5
2026-08-12T14:41:25.000,43.8
2026-08-12T14:46:25.000,43.8
2026-08-12T14:51:26.000,43.8
2026-08-12T14:56:26.000,43.8
2026-08-12T15:01:26.000,44.1
2026-08-12T15:06:26.000,44.1
2026-08-12T15:11:26.000,44.4
2026-08-12T15:16:26.000,44.8
2026-08-12T15:21:26.000,45.1
2026-08-12T15:26:26.000,45.1
2026-08-12T15:31:26.000,45.4
2026-08-12T15:36:26.000,45.7
2026-08-12T15:41:26.000,46.0
2026-08-12T15:46:26.000,46.4
2026-08-12T15:51:26.000,46.4
2026-08-12T15:56:27.000,46.7
2026-08-12T16:01:27.000,47.0
2026-08-12T16:06:27.000,47.3
2026-08-12T16:11:27.000,47.3
2026-08-12T16:16:27.000,48.0
2026-08-12T16:21:27.000,48.0
2026-08-12T16:26:27.000,48.3
2026-08-12T16:31:27.000,48.9
2026-08-12T16:36:27.000,48.9
2026-08-12T16:41:27.000,49.3
2026-08-12T16:46:27.000,49.6
2026-08-12T16:51:27.000,49.9
2026-08-12T16:56:28.000,49.9
2026-08-12T17:01:28.000,49.9
2026-08-12T17:06:28.000,50.2
2026-08-12T17:11:28.000,50.2
2026-08-12T17:16:28.000,50.2
2026-08-12T17:21:28.000,50.6
2026-08-12T17:26:28.000,50.9
2026-08-12T17:31:28.000,51.2
2026-08-12T17:36:28.000,51.2
2026-08-12T17:41:28.000,51.8
2026-08-12T17:46:28.000,52.2
2026-08-12T17:51:28.000,52.2
2026-08-12T17:56:29.000,52.5
2026-08-12T18:01:29.000,52.5
2026-08-12T18:06:29.000,52.5
2026-08-12T18:11:29.000,52.5
2026-08-12T18:16:29.000,52.2
2026-08-12T18:21:29.000,52.2
2026-08-12T18:26:29.000,52.2
2026-08-12T18:31:29.000,52.2
2026-08-12T18:36:29.000,52.2
2026-08-12T18:41:29.000,52.2
2026-08-12T18:46:29.000,52.2
2026-08-12T18:51:29.000,52.5
2026-08-12T18:56:29.000,52.8
2026-08-12T19:01:30.000,52.8
2026-08-12T19:06:30.000,52.8
2026-08-12T19:11:30.000,53.1
2026-08-12T19:16:30.000,53.1
2026-08-12T19:21:30.000,54.4
2026-08-12T19:26:30.000,56.0
2026-08-12T19:31:30.000,57.0
2026-08-12T19:36:30.000,57.6
2026-08-12T19:41:30.000,58.0
2026-08-12T19:46:30.000,58.6
2026-08-12T19:51:30.000,58.9
2026-08-12T19:56:30.000,59.3
2026-08-12T20:01:30.000,59.6
2026-08-12T20:06:31.000,59.9
2026-08-12T20:11:31.000,59.9
2026-08-12T20:16:31.000,60.2
2026-08-12T20:21:31.000,60.2
2026-08-12T20:26:31.000,60.5
2026-08-12T20:31:31.000,61.2
2026-08-12T20:36:31.000,62.2
2026-08-12T20:41:31.000,62.8
2026-08-12T20:46:31.000,63.4
2026-08-12T20:51:31.000,63.8
2026-08-12T20:56:31.000,63.8
2026-08-12T21:01:31.000,63.1
2026-08-12T21:06:32.000,62.8
2026-08-12T21:11:32.000,62.8
2026-08-12T21:16:32.000,63.1
2026-08-12T21:21:32.000,63.8
2026-08-12T21:26:32.000,64.4
2026-08-12T21:31:32.000,65.1
2026-08-12T21:36:32.000,65.4
2026-08-12T21:41:32.000,65.7
2026-08-12T21:46:32.000,66.0
2026-08-12T21:51:32.000,66.7
2026-08-12T21:56:32.000,67.0
2026-08-12T22:01:32.000,67.3
2026-08-12T22:06:32.000,67.6
2026-08-12T22:11:33.000,67.6
2026-08-12T22:16:33.000,67.0
2026-08-12T22:21:33.000,67.0
2026-08-12T22:26:33.000,66.7
2026-08-12T22:31:33.000,66.0
2026-08-12T22:36:33.000,65.1
2026-08-12T22:41:33.000,64.1
2026-08-12T22:46:33.000,62.8
2026-08-12T22:51:33.000,61.8
2026-08-12T22:56:33.000,60.5
2026-08-12T23:01:33.000,59.9
2026-08-12T23:06:33.000,58.9
2026-08-12T23:11:34.000,58.3
2026-08-12T23:16:34.000,57.6
2026-08-12T23:21:34.000,57.3
2026-08-12T23:26:34.000,56.7
2026-08-12T23:31:34.000,56.4
2026-08-12T23:36:34.000,56.0
2026-08-12T23:41:34.000,55.7
2026-08-12T23:46:34.000,55.1
2026-08-12T23:51:34.000,55.1
2026-08-12T23:56:34.000,55.1
2026-08-13T00:01:34.000,54.7
2026-08-13T00:06:34.000,55.1
2026-08-13T00:11:34.000,54.7
2026-08-13T00:16:35.000,54.7
2026-08-13T00:21:35.000,54.4
2026-08-13T00:26:35.000,54.4
2026-08-13T00:31:35.000,53.8
2026-08-13T00:36:35.000,53.8
2026-08-13T00:41:35.000,53.5
2026-08-13T00:46:35.000,53.1
2026-08-13T00:51:35.000,52.8
2026-08-13T00:56:35.000,52.5
2026-08-13T01:01:35.000,52.2
2026-08-13T01:06:35.000,51.8
2026-08-13T01:11:35.000,51.5
2026-08-13T01:16:36.000,50.6
2026-08-13T01:21:36.000,49.6
2026-08-13T01:26:36.000,48.3
2026-08-13T01:31:36.000,47.0
2026-08-13T01:36:36.000,45.7
2026-08-13T01:41:36.000,44.4
2026-08-13T01:46:36.000,43.5
2026-08-13T01:51:36.000,42.5
2026-08-13T01:56:36.000,42.2
2026-08-13T02:01:36.000,41.5
2026-08-13T02:06:36.000,41.5
2026-08-13T02:11:36.000,41.5
2026-08-13T02:16:37.000,41.2
2026-08-13T02:21:37.000,41.2
2026-08-13T02:26:37.000,41.5
2026-08-13T02:31:37.000,41.5
2026-08-13T02:36:37.000,41.5
2026-08-13T02:41:37.000,41.9
2026-08-13T02:46:37.000,41.9
2026-08-13T02:51:37.000,41.9
2026-08-13T02:56:37.000,41.9
2026-08-13T03:01:37.000,42.2
2026-08-13T03:06:37.000,42.2
2026-08-13T03:11:37.000,42.2
2026-08-13T03:16:37.000,42.2
2026-08-13T03:21:38.000,42.2
2026-08-13T03:26:38.000,42.2
2026-08-13T03:31:38.000,42.2
2026-08-13T03:36:38.000,42.2
2026-08-13T03:41:38.000,42.2
2026-08-13T03:46:38.000,42.2
2026-08-13T03:51:38.000,42.2
2026-08-13T03:56:38.000,42.2
2026-08-13T04:01:38.000,42.2
2026-08-13T04:06:38.000,42.2
2026-08-13T04:11:38.000,42.2
2026-08-13T04:16:38.000,42.2
2026-08-13T04:21:39.000,42.2
2026-08-13T04:26:39.000,42.2
2026-08-13T04:31:39.000,42.2
2026-08-13T04:36:39.000,41.9
2026-08-13T04:41:39.000,41.9
2026-08-13T04:46:39.000,41.5
2026-08-13T04:51:39.000,41.5
2026-08-13T04:56:39.000,41.5
2026-08-13T05:01:39.000,41.2
2026-08-13T05:06:39.000,41.2
2026-08-13T05:11:39.000,41.2
2026-08-13T05:16:40.000,41.2
2026-08-13T05:21:40.000,41.2
2026-08-13T05:26:40.000,41.5
2026-08-13T05:31:40.000,41.5
2026-08-13T05:36:40.000,41.5
2026-08-13T05:41:40.000,41.5
2026-08-13T05:46:40.000,41.5
2026-08-13T05:51:40.000,41.5
2026-08-13T05:56:40.000,41.5
2026-08-13T06:01:40.000,41.5
2026-08-13T06:06:40.000,41.2
2026-08-13T06:11:40.000,41.2
2026-08-13T06:16:41.000,41.2
2026-08-13T06:21:41.000,41.2
2026-08-13T06:26:41.000,40.9
2026-08-13T06:31:41.000,40.9
2026-08-13T06:36:41.000,40.6
2026-08-13T06:41:41.000,40.6
2026-08-13T06:46:41.000,40.6
2026-08-13T06:51:41.000,40.6
2026-08-13T06:56:41.000,40.2
2026-08-13T07:01:41.000,40.2
2026-08-13T07:06:41.000,40.2
2026-08-13T07:11:41.000,40.2
2026-08-13T07:16:41.000,40.2
2026-08-13T07:21:42.000,40.2
2026-08-13T07:26:42.000,40.2
2026-08-13T07:31:42.000,39.9
2026-08-13T07:36:42.000,39.6
2026-08-13T07:41:42.000,39.3
2026-08-13T07:46:42.000,39.0
2026-08-13T07:51:42.000,38.3
2026-08-13T07:56:42.000,38.0
2026-08-13T08:01:42.000,37.7
2026-08-13T08:06:42.000,37.3
2026-08-13T08:11:42.000,37.3
2026-08-13T08:16:42.000,37.0
2026-08-13T08:21:43.000,36.7
2026-08-13T08:26:43.000,36.7
2026-08-13T08:31:43.000,36.7
2026-08-13T08:36:43.000,36.4
2026-08-13T08:41:43.000,36.4
2026-08-13T08:46:43.000,36.4
2026-08-13T08:51:43.000,36.4
2026-08-13T08:56:43.000,36.4
2026-08-13T09:01:43.000,36.4
2026-08-13T09:06:43.000,36.4
2026-08-13T09:11:43.000,36.4
2026-08-13T09:16:43.000,36.4
2026-08-13T09:21:44.000,36.4
2026-08-13T09:26:44.000,36.4
2026-08-13T09:31:44.000,36.4
2026-08-13T09:36:44.000,36.4
2026-08-13T09:41:44.000,36.4
2026-08-13T09:46:44.000,36.4
2026-08-13T09:51:44.000,36.4
2026-08-13T09:56:44.000,36.4
2026-08-13T10:01:44.000,36.4
2026-08-13T10:06:44.000,36.4
2026-08-13T10:11:44.000,36.4
2026-08-13T10:16:44.000,36.4
2026-08-13T10:21:45.000,36.4
2026-08-13T10:26:45.000,36.4
2026-08-13T10:31:45.000,36.4
2026-08-13T10:36:45.000,36.4
2026-08-13T10:41:45.000,36.4
2026-08-13T10:46:45.000,36.4
2026-08-13T10:51:45.000,36.4
2026-08-13T10:56:45.000,36.4
2026-08-13T11:01:45.000,36.4
2026-08-13T11:06:45.000,36.4
2026-08-13T11:11:45.000,36.4
2026-08-13T11:16:45.000,36.4
2026-08-13T11:21:46.000,36.4
2026-08-13T11:26:46.000,36.4
2026-08-13T11:31:46.000,36.7
2026-08-13T11:36:46.000,36.7
2026-08-13T11:41:46.000,36.7
2026-08-13T11:46:46.000,36.7
2026-08-13T11:51:46.000,36.7
2026-08-13T11:56:46.000,36.7
2026-08-13T12:01:46.000,36.7
2026-08-13T12:06:46.000,36.7
2026-08-13T12:11:46.000,36.7
2026-08-13T12:16:46.000,36.7
2026-08-13T12:21:47.000,36.7
2026-08-13T12:26:47.000,36.7
2026-08-13T12:31:47.000,36.7
2026-08-13T12:36:47.000,36.7
2026-08-13T12:41:47.000,37.0
2026-08-13T12:46:47.000,36.7
2026-08-13T12:51:47.000,37.0
2026-08-13T12:56:47.000,37.0
2026-08-13T13:01:47.000,37.0
2026-08-13T13:06:47.000,37.0
2026-08-13T13:11:47.000,37.0
2026-08-13T13:16:47.000,37.0
2026-08-13T13:21:48.000,37.3
2026-08-13T13:26:48.000,37.3
2026-08-13T13:31:48.000,37.3
2026-08-13T13:36:48.000,37.3
2026-08-13T13:41:48.000,37.7
2026-08-13T13:46:48.000,37.7
2026-08-13T13:51:48.000,37.7
2026-08-13T13:56:48.000,38.0
2026-08-13T14:01:48.000,38.3
2026-08-13T14:06:48.000,38.6
2026-08-13T14:11:48.000,38.6
2026-08-13T14:16:48.000,39.0
2026-08-13T14:21:48.000,39.3
2026-08-13T14:26:49.000,39.6
2026-08-13T14:31:49.000,40.2
2026-08-13T14:36:49.000,40.2
2026-08-13T14:41:49.000,40.6
2026-08-13T14:46:49.000,41.2
2026-08-13T14:51:49.000,41.5
2026-08-13T14:56:49.000,41.5
2026-08-13T15:01:49.000,41.9
2026-08-13T15:06:49.000,41.9
2026-08-13T15:11:49.000,42.2
2026-08-13T15:16:49.000,42.5
2026-08-13T15:21:49.000,42.5
2026-08-13T15:26:50.000,42.8
2026-08-13T15:31:50.000,42.5
2026-08-13T15:36:50.000,42.8
2026-08-13T15:41:50.000,43.1
2026-08-13T15:46:50.000,43.5
2026-08-13T15:51:50.000,43.8
2026-08-13T15:56:50.000,44.1
2026-08-13T16:01:50.000,44.1
2026-08-13T16:06:50.000,44.1
2026-08-13T16:11:50.000,44.1
2026-08-13T16:16:50.000,44.1
2026-08-13T16:21:50.000,44.4
2026-08-13T16:26:50.000,44.8
2026-08-13T16:31:51.000,44.8
2026-08-13T16:36:51.000,44.8
2026-08-13T16:41:51.000,44.8
2026-08-13T16:46:51.000,44.8
2026-08-13T16:51:51.000,45.1
2026-08-13T16:56:51.000,45.1
2026-08-13T17:01:51.000,45.4
2026-08-13T17:06:51.000,45.7
2026-08-13T17:11:51.000,46.0
2026-08-13T17:16:51.000,46.0
2026-08-13T17:21:51.000,46.7
2026-08-13T17:26:51.000,47.0
2026-08-13T17:31:51.000,47.7
2026-08-13T17:36:52.000,48.3
2026-08-13T17:41:52.000,48.6
2026-08-13T17:46:52.000,49.3
2026-08-13T17:51:52.000,49.9
2026-08-13T17:56:52.000,50.2
2026-08-13T18:01:52.000,50.9
2026-08-13T18:06:52.000,51.2
2026-08-13T18:11:52.000,51.5
2026-08-13T18:16:52.000,51.5
2026-08-13T18:21:52.000,51.8
2026-08-13T18:26:52.000,52.5
2026-08-13T18:31:52.000,53.1
2026-08-13T18:36:53.000,53.5
2026-08-13T18:41:53.000,54.1
2026-08-13T18:46:53.000,54.7
2026-08-13T18:51:53.000,55.4
2026-08-13T18:56:53.000,55.7
2026-08-13T19:01:53.000,56.0
2026-08-13T19:06:53.000,56.7
2026-08-13T19:11:53.000,57.3
2026-08-13T19:16:53.000,58.0
2026-08-13T19:21:53.000,58.3
2026-08-13T19:26:53.000,58.6
2026-08-13T19:31:53.000,58.9
2026-08-13T19:36:54.000,59.3
2026-08-13T19:41:54.000,58.9
2026-08-13T19:46:54.000,59.3
2026-08-13T19:51:54.000,58.0
2026-08-13T19:56:54.000,57.6
2026-08-13T20:01:54.000,57.6
2026-08-13T20:06:54.000,58.3
2026-08-13T20:11:54.000,58.9
2026-08-13T20:16:54.000,59.3
2026-08-13T20:21:54.000,58.9
2026-08-13T20:26:54.000,59.3
2026-08-13T20:31:54.000,59.6
2026-08-13T20:36:54.000,60.2
2026-08-13T20:41:55.000,60.9
2026-08-13T20:46:55.000,61.2
2026-08-13T20:51:55.000,62.2
2026-08-13T20:56:55.000,62.5
2026-08-13T21:01:55.000,62.8
2026-08-13T21:06:55.000,63.1
2026-08-13T21:11:55.000,63.8
2026-08-13T21:16:55.000,64.1
2026-08-13T21:21:55.000,64.1
2026-08-13T21:26:55.000,64.1
2026-08-13T21:31:55.000,64.1
2026-08-13T21:36:55.000,63.8
2026-08-13T21:41:56.000,63.1
2026-08-13T21:46:56.000,62.2
2026-08-13T21:51:56.000,60.9
2026-08-13T21:56:56.000,59.9
2026-08-13T22:01:56.000,58.9
2026-08-13T22:06:56.000,57.3
2026-08-13T22:11:56.000,56.7
2026-08-13T22:16:56.000,57.3
2026-08-13T22:21:56.000,57.3
2026-08-13T22:26:56.000,56.4
2026-08-13T22:31:56.000,55.7
2026-08-13T22:36:56.000,55.4
2026-08-13T22:41:56.000,55.4
2026-08-13T22:46:57.000,55.7
2026-08-13T22:51:57.000,56.7
2026-08-13T22:56:57.000,58.3
2026-08-13T23:01:57.000,59.9
2026-08-13T23:06:57.000,61.2
2026-08-13T23:11:57.000,61.8
2026-08-13T23:16:57.000,62.5
2026-08-13T23:21:57.000,62.8
2026-08-13T23:26:57.000,63.4
2026-08-13T23:31:57.000,63.8
2026-08-13T23:36:57.000,64.1
2026-08-13T23:41:57.000,64.4
2026-08-13T23:46:58.000,64.1
2026-08-13T23:51:58.000,63.1
2026-08-13T23:56:58.000,61.8
2026-08-14T00:01:58.000,60.9
2026-08-14T00:06:58.000,60.5
2026-08-14T00:11:58.000,60.5
2026-08-14T00:16:58.000,60.2
2026-08-14T00:21:58.000,59.6
2026-08-14T00:26:58.000,58.3
2026-08-14T00:31:58.000,57.0
2026-08-14T00:36:58.000,56.0
2026-08-14T00:41:58.000,55.1
2026-08-14T00:46:58.000,54.1
2026-08-14T00:51:59.000,53.8
2026-08-14T00:56:59.000,53.5
2026-08-14T01:01:59.000,52.8
2026-08-14T01:06:59.000,51.8
2026-08-14T01:11:59.000,51.2
2026-08-14T01:16:59.000,50.9
2026-08-14T01:21:59.000,50.2
2026-08-14T01:26:59.000,49.6
2026-08-14T01:31:59.000,48.9
2026-08-14T01:36:59.000,48.6
2026-08-14T01:41:59.000,48.0
2026-08-14T01:46:59.000,47.7
2026-08-14T01:52:00.000,47.0
2026-08-14T01:57:00.000,46.7
2026-08-14T02:02:00.000,46.4
2026-08-14T02:07:00.000,45.7
2026-08-14T02:12:00.000,45.7
2026-08-14T02:17:00.000,45.1
2026-08-14T02:22:00.000,44.8
2026-08-14T02:27:00.000,44.1
2026-08-14T02:32:00.000,43.8
2026-08-14T02:37:00.000,43.5
2026-08-14T02:42:00.000,42.8
2026-08-14T02:47:00.000,42.8
2026-08-14T02:52:00.000,42.5
2026-08-14T02:57:01.000,42.5
2026-08-14T03:02:01.000,42.2
2026-08-14T03:07:01.000,42.2
2026-08-14T03:12:01.000,42.2
2026-08-14T03:17:01.000,42.2
2026-08-14T03:22:01.000,42.2
2026-08-14T03:27:01.000,42.2
2026-08-14T03:32:01.000,42.2
2026-08-14T03:37:01.000,42.2
2026-08-14T03:42:01.000,42.2
2026-08-14T03:47:01.000,42.2
2026-08-14T03:52:01.000,42.2
2026-08-14T03:57:02.000,42.2
2026-08-14T04:02:02.000,42.2
2026-08-14T04:07:02.000,42.2
2026-08-14T04:12:02.000,42.2
2026-08-14T04:17:02.000,42.2
2026-08-14T04:22:02.000,42.2
2026-08-14T04:27:02.000,42.2
2026-08-14T04:32:02.000,42.2
2026-08-14T04:37:02.000,41.9
2026-08-14T04:42:02.000,41.9
2026-08-14T04:47:02.000,41.9
2026-08-14T04:52:03.000,41.9
2026-08-14T04:57:03.000,41.9
2026-08-14T05:02:03.000,41.9
2026-08-14T05:07:03.000,41.5
2026-08-14T05:12:03.000,41.5
2026-08-14T05:17:03.000,41.9
2026-08-14T05:22:03.000,41.5
2026-08-14T05:27:03.000,41.9
2026-08-14T05:32:03.000,41.9
2026-08-14T05:37:03.000,41.9
2026-08-14T05:42:03.000,41.5
2026-08-14T05:47:03.000,41.5
2026-08-14T05:52:03.000,41.5
2026-08-14T05:57:04.000,41.5
2026-08-14T06:02:04.000,41.2
2026-08-14T06:07:04.000,41.2
2026-08-14T06:12:04.000,41.2
2026-08-14T06:17:04.000,41.2
2026-08-14T06:22:04.000,40.9
2026-08-14T06:27:04.000,40.9
2026-08-14T06:32:04.000,40.9
2026-08-14T06:37:04.000,40.9
2026-08-14T06:42:04.000,40.9
2026-08-14T06:47:04.000,40.9
2026-08-14T06:52:04.000,40.6
2026-08-14T06:57:05.000,40.6
2026-08-14T07:02:05.000,40.6
2026-08-14T07:07:05.000,40.6
2026-08-14T07:12:05.000,40.6
2026-08-14T07:17:05.000,40.6
2026-08-14T07:22:05.000,40.6
2026-08-14T07:27:05.000,40.6
2026-08-14T07:32:05.000,40.6
2026-08-14T07:37:05.000,40.6
2026-08-14T07:42:05.000,40.6
2026-08-14T07:47:05.000,40.6
2026-08-14T07:52:06.000,40.6
2026-08-14T07:57:06.000,40.6
2026-08-14T08:02:06.000,40.6
2026-08-14T08:07:06.000,40.6
2026-08-14T08:12:06.000,40.6
2026-08-14T08:17:06.000,40.6
2026-08-14T08:22:06.000,40.6
2026-08-14T08:27:06.000,40.6
2026-08-14T08:32:06.000,40.6
2026-08-14T08:37:06.000,40.6
2026-08-14T08:42:06.000,40.6
2026-08-14T08:47:06.000,40.6
2026-08-14T08:52:07.000,40.6
2026-08-14T08:57:07.000,40.6
2026-08-14T09:02:07.000,40.6
2026-08-14T09:07:07.000,40.6
2026-08-14T09:12:07.000,40.6
2026-08-14T09:17:07.000,40.6
2026-08-14T09:22:07.000,40.6
2026-08-14T09:27:07.000,40.6
2026-08-14T09:32:07.000,40.6
2026-08-14T09:37:07.000,40.6
2026-08-14T09:42:07.000,40.6
2026-08-14T09:47:07.000,40.2
2026-08-14T09:52:07.000,40.2
2026-08-14T09:57:08.000,40.2
2026-08-14T10:02:08.000,40.2
2026-08-14T10:07:08.000,40.2
2026-08-14T10:12:08.000,40.2
2026-08-14T10:17:08.000,40.2
2026-08-14T10:22:08.000,40.2
2026-08-14T10:27:08.000,40.2
2026-08-14T10:32:08.000,40.2
2026-08-14T10:37:08.000,40.2
2026-08-14T10:42:08.000,40.2
2026-08-14T10:47:08.000,40.2
2026-08-14T10:52:09.000,40.2
2026-08-14T10:57:09.000,40.2
2026-08-14T11:02:09.000,40.2
2026-08-14T11:07:09.000,40.2
2026-08-14T11:12:09.000,40.2
2026-08-14T11:17:09.000,40.2
2026-08-14T11:22:09.000,40.2
2026-08-14T11:27:09.000,40.2
2026-08-14T11:32:09.000,40.2
2026-08-14T11:37:09.000,40.2
2026-08-14T11:42:09.000,40.2
2026-08-14T11:47:09.000,40.2
2026-08-14T11:52:09.000,40.2
2026-08-14T11:57:10.000,40.2
2026-08-14T12:02:10.000,40.2
2026-08-14T12:07:10.000,40.2
2026-08-14T12:12:10.000,40.2
2026-08-14T12:17:10.000,39.9
2026-08-14T12:22:10.000,39.9
2026-08-14T12:27:10.000,39.9
2026-08-14T12:32:10.000,39.9
2026-08-14T12:37:10.000,39.6
2026-08-14T12:42:10.000,39.6
2026-08-14T12:47:10.000,39.6
2026-08-14T12:52:10.000,39.6
2026-08-14T12:57:10.000,39.6
2026-08-14T13:02:11.000,39.6
2026-08-14T13:07:11.000,39.6
2026-08-14T13:12:11.000,39.6
2026-08-14T13:17:11.000,39.6
2026-08-14T13:22:11.000,39.6
2026-08-14T13:27:11.000,39.9
2026-08-14T13:32:11.000,39.9
2026-08-14T13:37:11.000,40.6
2026-08-14T13:42:11.000,40.9
2026-08-14T13:47:11.000,41.2
2026-08-14T13:52:11.000,41.9
2026-08-14T13:57:11.000,42.2
2026-08-14T14:02:12.000,42.8
2026-08-14T14:07:12.000,43.1
2026-08-14T14:12:12.000,43.8
2026-08-14T14:17:12.000,44.1
2026-08-14T14:22:12.000,44.4
2026-08-14T14:27:12.000,44.8
2026-08-14T14:32:12.000,44.8
2026-08-14T14:37:12.000,45.1
2026-08-14T14:42:12.000,45.1
2026-08-14T14:47:12.000,45.4
2026-08-14T14:52:12.000,45.4
2026-08-14T14:57:12.000,45.7
2026-08-14T15:02:12.000,45.7
2026-08-14T15:07:13.000,45.7
2026-08-14T15:12:13.000,45.7
2026-08-14T15:17:13.000,46.0
2026-08-14T15:22:13.000,46.0
2026-08-14T15:27:13.000,46.4
2026-08-14T15:32:13.000,46.7
2026-08-14T15:37:13.000,47.0
2026-08-14T15:42:13.000,47.0
2026-08-14T15:47:13.000,47.3
2026-08-14T15:52:13.000,47.7
2026-08-14T15:57:13.000,48.0
2026-08-14T16:02:13.000,48.0
2026-08-14T16:07:14.000,48.3
2026-08-14T16:12:14.000,48.6
2026-08-14T16:17:14.000,48.9
2026-08-14T16:22:14.000,48.9
2026-08-14T16:27:14.000,49.3
2026-08-14T16:32:14.000,49.3
2026-08-14T16:37:14.000,49.6
2026-08-14T16:42:14.000,49.9
2026-08-14T16:47:14.000,50.2
2026-08-14T16:52:14.000,50.6
2026-08-14T16:57:14.000,50.9
2026-08-14T17:02:14.000,51.2
2026-08-14T17:07:14.000,51.5
2026-08-14T17:12:15.000,51.8
2026-08-14T17:17:15.000,52.2
2026-08-14T17:22:15.000,52.5
2026-08-14T17:27:15.000,53.1
2026-08-14T17:32:15.000,53.5
2026-08-14T17:37:15.000,54.1
2026-08-14T17:42:15.000,54.7
2026-08-14T17:47:15.000,55.1
2026-08-14T17:52:15.000,55.4
2026-08-14T17:57:15.000,56.0
2026-08-14T18:02:15.000,56.4
2026-08-14T18:07:15.000,57.0
2026-08-14T18:12:16.000,57.0
2026-08-14T18:17:16.000,57.3
2026-08-14T18:22:16.000,57.3
2026-08-14T18:27:16.000,57.6
2026-08-14T18:32:16.000,58.0
2026-08-14T18:37:16.000,58.6
2026-08-14T18:42:16.000,58.9
2026-08-14T18:47:16.000,58.9
2026-08-14T18:52:16.000,59.6
2026-08-14T18:57:16.000,59.9
2026-08-14T19:02:16.000,60.2
2026-08-14T19:07:16.000,60.5
2026-08-14T19:12:16.000,60.9
2026-08-14T19:17:17.000,60.9
2026-08-14T19:22:17.000,61.2
2026-08-14T19:27:17.000,61.5
2026-08-14T19:32:17.000,61.8
2026-08-14T19:37:17.000,62.2
2026-08-14T19:42:17.000,62.2
2026-08-14T19:47:17.000,62.2
2026-08-14T19:52:17.000,62.5
2026-08-14T19:57:17.000,62.8
2026-08-14T20:02:17.000,63.1
2026-08-14T20:07:17.000,63.4
2026-08-14T20:12:17.000,63.8
2026-08-14T20:17:18.000,64.1
2026-08-14T20:22:18.000,64.4
2026-08-14T20:27:18.000,65.1
2026-08-14T20:32:18.000,65.4
2026-08-14T20:37:18.000,65.4
2026-08-14T20:42:18.000,65.4
2026-08-14T20:47:18.000,65.4
2026-08-14T20:52:18.000,65.4
2026-08-14T20:57:18.000,65.7
2026-08-14T21:02:18.000,66.0
2026-08-14T21:07:18.000,66.3
2026-08-14T21:12:18.000,66.3
2026-08-14T21:17:18.000,66.3
2026-08-14T21:22:19.000,66.3
2026-08-14T21:27:19.000,66.3
2026-08-14T21:32:19.000,66.0
2026-08-14T21:37:19.000,66.0
2026-08-14T21:42:19.000,65.4
2026-08-14T21:47:19.000,64.1
2026-08-14T21:52:19.000,63.4
2026-08-14T21:57:19.000,62.8
2026-08-14T22:02:19.000,62.5
2026-08-14T22:07:19.000,62.8
2026-08-14T22:12:19.000,63.1
2026-08-14T22:17:19.000,63.8
2026-08-14T22:22:20.000,64.4
2026-08-14T22:27:20.000,64.7
2026-08-14T22:32:20.000,65.1
2026-08-14T22:37:20.000,64.7
2026-08-14T22:42:20.000,64.4
2026-08-14T22:47:20.000,63.4
2026-08-14T22:52:20.000,62.2
2026-08-14T22:57:20.000,61.5
2026-08-14T23:02:20.000,61.2
2026-08-14T23:07:20.000,60.5
2026-08-14T23:12:20.000,59.9
2026-08-14T23:17:20.000,59.3
2026-08-14T23:22:21.000,58.6
2026-08-14T23:27:21.000,58.3
2026-08-14T23:32:21.000,58.3
2026-08-14T23:37:21.000,58.0
2026-08-14T23:42:21.000,58.3
2026-08-14T23:47:21.000,58.6
2026-08-14T23:52:21.000,58.6
2026-08-14T23:57:21.000,58.6
2026-08-15T00:02:21.000,58.3
2026-08-15T00:07:21.000,57.6
2026-08-15T00:12:21.000,58.0
2026-08-15T00:17:21.000,58.0
2026-08-15T00:22:21.000,58.3
2026-08-15T00:27:22.000,58.6
2026-08-15T00:32:22.000,58.3
2026-08-15T00:37:22.000,58.3
2026-08-15T00:42:22.000,58.6
2026-08-15T00:47:22.000,58.6
2026-08-15T00:52:22.000,58.6
2026-08-15T00:57:22.000,58.6
2026-08-15T01:02:22.000,58.6
2026-08-15T01:07:22.000,58.3
2026-08-15T01:12:22.000,58.3
2026-08-15T01:17:22.000,57.6
2026-08-15T01:22:22.000,57.0
2026-08-15T01:27:23.000,56.0
2026-08-15T01:32:23.000,55.1
2026-08-15T01:37:23.000,54.4
2026-08-15T01:42:23.000,53.8
2026-08-15T01:47:23.000,53.1
2026-08-15T01:52:23.000,52.5
2026-08-15T01:57:23.000,51.8
2026-08-15T02:02:23.000,51.5
2026-08-15T02:07:23.000,50.9
2026-08-15T02:12:23.000,50.6
2026-08-15T02:17:23.000,50.2
2026-08-15T02:22:23.000,49.6
2026-08-15T02:27:23.000,49.3
2026-08-15T02:32:24.000,48.9
2026-08-15T02:37:24.000,48.6
2026-08-15T02:42:24.000,48.3
2026-08-15T02:47:24.000,48.0
2026-08-15T02:52:24.000,47.7
2026-08-15T02:57:24.000,47.7
2026-08-15T03:02:24.000,47.3
2026-08-15T03:07:24.000,47.3
2026-08-15T03:12:24.000,47.0
2026-08-15T03:17:24.000,47.0
2026-08-15T03:22:24.000,46.7
2026-08-15T03:27:24.000,46.7
2026-08-15T03:32:25.000,46.4
2026-08-15T03:37:25.000,46.4
2026-08-15T03:42:25.000,46.4
2026-08-15T03:47:25.000,46.0
2026-08-15T03:52:25.000,46.0
2026-08-15T03:57:25.000,45.7
2026-08-15T04:02:25.000,45.7
2026-08-15T04:07:25.000,45.7
2026-08-15T04:12:25.000,45.4
2026-08-15T04:17:25.000,45.4
2026-08-15T04:22:25.000,45.4
2026-08-15T04:27:25.000,45.1
2026-08-15T04:32:26.000,45.1
2026-08-15T04:37:26.000,45.1
2026-08-15T04:42:26.000,45.1
2026-08-15T04:47:26.000,44.8
2026-08-15T04:52:26.000,44.8
2026-08-15T04:57:26.000,44.8
2026-08-15T05:02:26.000,44.4
2026-08-15T05:07:26.000,44.4
2026-08-15T05:12:26.000,44.4
2026-08-15T05:17:26.000,44.4
2026-08-15T05:22:26.000,44.1
2026-08-15T05:27:26.000,44.1
2026-08-15T05:32:27.000,44.1
2026-08-15T05:37:27.000,44.1
2026-08-15T05:42:27.000,44.1
2026-08-15T05:47:27.000,44.1
2026-08-15T05:52:27.000,43.8
2026-08-15T05:57:27.000,43.8
2026-08-15T06:02:27.000,43.8
2026-08-15T06:07:27.000,43.8
2026-08-15T06:12:27.000,43.8
2026-08-15T06:17:27.000,43.5
2026-08-15T06:22:27.000,43.5
2026-08-15T06:27:27.000,43.5
2026-08-15T06:32:28.000,43.5
2026-08-15T06:37:28.000,43.1
2026-08-15T06:42:28.000,43.1
2026-08-15T06:47:28.000,43.1
2026-08-15T06:52:28.000,43.1
2026-08-15T06:57:28.000,43.1
2026-08-15T07:02:28.000,42.8
2026-08-15T07:07:28.000,42.8
2026-08-15T07:12:28.000,42.8
2026-08-15T07:17:28.000,42.8
2026-08-15T07:22:28.000,42.8
2026-08-15T07:27:28.000,42.8
2026-08-15T07:32:29.000,42.8
2026-08-15T07:37:29.000,43.1
2026-08-15T07:42:29.000,42.8
2026-08-15T07:47:29.000,43.1
2026-08-15T07:52:29.000,43.1
2026-08-15T07:57:29.000,43.1
2026-08-15T08:02:29.000,43.1
2026-08-15T08:07:29.000,43.1
2026-08-15T08:12:29.000,43.1
2026-08-15T08:17:29.000,43.1
2026-08-15T08:22:29.000,43.1
2026-08-15T08:27:29.000,43.1
2026-08-15T08:32:30.000,43.1
2026-08-15T08:37:30.000,43.1
2026-08-15T08:42:30.000,42.8
2026-08-15T08:47:30.000,42.8
2026-08-15T08:52:30.000,42.8
2026-08-15T08:57:30.000,42.8
2026-08-15T09:02:30.000,42.5
2026-08-15T09:07:30.000,42.5
2026-08-15T09:12:30.000,42.5
2026-08-15T09:17:30.000,42.2
2026-08-15T09:22:30.000,42.2
2026-08-15T09:27:30.000,42.2
2026-08-15T09:32:31.000,42.2
2026-08-15T09:37:31.000,41.9
2026-08-15T09:42:31.000,41.9
2026-08-15T09:47:31.000,41.9
2026-08-15T09:52:31.000,41.9
2026-08-15T09:57:31.000,41.9
2026-08-15T10:02:31.000,41.9
2026-08-15T10:07:31.000,41.5
2026-08-15T10:12:31.000,41.5
2026-08-15T10:17:31.000,41.5
2026-08-15T10:22:31.000,41.5
2026-08-15T10:27:31.000,41.2
2026-08-15T10:32:32.000,41.2
2026-08-15T10:37:32.000,41.2
2026-08-15T10:42:32.000,41.2
2026-08-15T10:47:32.000,41.2
2026-08-15T10:52:32.000,41.2
2026-08-15T10:57:32.000,40.9
2026-08-15T11:02:32.000,40.9
2026-08-15T11:07:32.000,40.9
2026-08-15T11:12:32.000,40.9
2026-08-15T11:17:32.000,40.9
2026-08-15T11:22:32.000,40.9
2026-08-15T11:27:32.000,40.6
2026-08-15T11:32:33.000,40.6
2026-08-15T11:37:33.000,40.6
2026-08-15T11:42:33.000,40.6
2026-08-15T11:47:33.000,40.6
2026-08-15T11:52:33.000,40.6
2026-08-15T11:57:33.000,40.2
2026-08-15T12:02:33.000,40.2
2026-08-15T12:07:33.000,40.2
2026-08-15T12:12:33.000,40.2
2026-08-15T12:17:33.000,39.9
2026-08-15T12:22:33.000,39.9
2026-08-15T12:27:33.000,39.9
2026-08-15T12:32:34.000,39.9
2026-08-15T12:37:34.000,39.6
2026-08-15T12:42:34.000,39.6
2026-08-15T12:47:34.000,39.6
2026-08-15T12:52:34.000,39.6
2026-08-15T12:57:34.000,39.6
2026-08-15T13:02:34.000,39.3
2026-08-15T13:07:34.000,39.6
2026-08-15T13:12:34.000,39.6
2026-08-15T13:17:34.000,39.6
2026-08-15T13:22:34.000,39.6
2026-08-15T13:27:34.000,39.9
2026-08-15T13:32:35.000,39.9
2026-08-15T13:37:35.000,40.6
2026-08-15T13:42:35.000,40.9
2026-08-15T13:47:35.000,41.2
2026-08-15T13:52:35.000,41.2
2026-08-15T13:57:35.000,41.5
2026-08-15T14:02:35.000,42.2
2026-08-15T14:07:35.000,42.5
2026-08-15T14:12:35.000,42.8
2026-08-15T14:17:35.000,43.1
2026-08-15T14:22:35.000,43.8
2026-08-15T14:27:35.000,44.1
2026-08-15T14:32:35.000,44.4
2026-08-15T14:37:36.000,44.8
2026-08-15T14:42:36.000,45.4
2026-08-15T14:47:36.000,45.7
2026-08-15T14:52:36.000,46.0
2026-08-15T14:57:36.000,46.0
2026-08-15T15:02:36.000,46.7
2026-08-15T15:07:36.000,46.7
2026-08-15T15:12:36.000,47.0
2026-08-15T15:17:36.000,47.0
2026-08-15T15:22:36.000,47.3
2026-08-15T15:27:36.000,47.3
2026-08-15T15:32:36.000,47.7
2026-08-15T15:37:36.000,47.7
2026-08-15T15:42:37.000,48.0
2026-08-15T15:47:37.000,48.0
2026-08-15T15:52:37.000,48.3
2026-08-15T15:57:37.000,48.3
2026-08-15T16:02:37.000,48.3
2026-08-15T16:07:37.000,48.6
2026-08-15T16:12:37.000,48.6
2026-08-15T16:17:37.000,48.9
2026-08-15T16:22:37.000,49.3
2026-08-15T16:27:37.000,49.3
2026-08-15T16:32:37.000,49.3
2026-08-15T16:37:37.000,49.3
2026-08-15T16:42:38.000,50.2
2026-08-15T16:47:38.000,50.2
2026-08-15T16:52:38.000,50.2
2026-08-15T16:57:38.000,50.9
2026-08-15T17:02:38.000,51.2
2026-08-15T17:07:38.000,51.5
2026-08-15T17:12:38.000,51.8
2026-08-15T17:17:38.000,51.8
2026-08-15T17:22:38.000,52.5
2026-08-15T17:27:38.000,52.8
2026-08-15T17:32:38.000,53.5
2026-08-15T17:37:38.000,54.1
2026-08-15T17:42:39.000,54.4
2026-08-15T17:47:39.000,54.7
2026-08-15T17:52:39.000,55.4
2026-08-15T17:57:39.000,56.0
2026-08-15T18:02:39.000,56.7
2026-08-15T18:07:39.000,57.0
2026-08-15T18:12:39.000,57.3
2026-08-15T18:17:39.000,57.6
2026-08-15T18:22:39.000,58.0
2026-08-15T18:27:39.000,58.6
2026-08-15T18:32:39.000,59.3
2026-08-15T18:37:39.000,59.6
2026-08-15T18:42:39.000,59.9
2026-08-15T18:47:40.000,60.2
2026-08-15T18:52:40.000,60.5
2026-08-15T18:57:40.000,60.9
2026-08-15T19:02:40.000,61.2
2026-08-15T19:07:40.000,61.5
2026-08-15T19:12:40.000,62.2
2026-08-15T19:17:40.000,62.5
2026-08-15T19:22:40.000,62.5
2026-08-15T19:27:40.000,62.8
2026-08-15T19:32:40.000,63.1
2026-08-15T19:37:40.000,63.8
2026-08-15T19:42:40.000,63.8
2026-08-15T19:47:41.000,64.1
2026-08-15T19:52:41.000,63.8
2026-08-15T19:57:41.000,64.4
2026-08-15T20:02:41.000,64.7
2026-08-15T20:07:41.000,65.1
2026-08-15T20:12:41.000,65.4
2026-08-15T20:17:41.000,65.7
2026-08-15T20:22:41.000,66.0
2026-08-15T20:27:41.000,66.0
2026-08-15T20:32:41.000,66.0
2026-08-15T20:37:41.000,66.0
2026-08-15T20:42:41.000,66.0
2026-08-15T20:47:41.000,66.3
2026-08-15T20:52:42.000,66.7
2026-08-15T20:57:42.000,67.0
2026-08-15T21:02:42.000,67.3
2026-08-15T21:07:42.000,67.6
2026-08-15T21:12:42.000,67.6
2026-08-15T21:17:42.000,67.6
2026-08-15T21:22:42.000,67.6
2026-08-15T21:27:42.000,68.0
2026-08-15T21:32:42.000,68.0
2026-08-15T21:37:42.000,68.0
2026-08-15T21:42:42.000,67.3
2026-08-15T21:47:42.000,66.7
2026-08-15T21:52:42.000,66.3
2026-08-15T21:57:43.000,66.0
2026-08-15T22:02:43.000,66.0
2026-08-15T22:07:43.000,66.3
2026-08-15T22:12:43.000,66.7
2026-08-15T22:17:43.000,67.0
2026-08-15T22:22:43.000,67.6
2026-08-15T22:27:43.000,68.0
2026-08-15T22:32:43.000,68.3
2026-08-15T22:37:43.000,68.3
2026-08-15T22:42:43.000,68.3
2026-08-15T22:47:43.000,68.3
2026-08-15T22:52:43.000,68.6
2026-08-15T22:57:44.000,68.3
2026-08-15T23:02:44.000,68.3
2026-08-15T23:07:44.000,68.3
2026-08-15T23:12:44.000,68.3
2026-08-15T23:17:44.000,68.3
2026-08-15T23:22:44.000,68.3
2026-08-15T23:27:44.000,68.3
2026-08-15T23:32:44.000,68.0
2026-08-15T23:37:44.000,68.0
2026-08-15T23:42:44.000,67.6
2026-08-15T23:47:44.000,67.3
2026-08-15T23:52:44.000,67.3
2026-08-15T23:57:44.000,67.3
2026-08-16T00:02:45.000,67.3
2026-08-16T00:07:45.000,67.0
2026-08-16T00:12:45.000,67.0
2026-08-16T00:17:45.000,66.3
2026-08-16T00:22:45.000,66.0
2026-08-16T00:27:45.000,65.4
2026-08-16T00:32:45.000,65.4
2026-08-16T00:37:45.000,65.4
2026-08-16T00:42:45.000,65.1
2026-08-16T00:47:45.000,64.4
2026-08-16T00:52:45.000,63.4
2026-08-16T00:57:45.000,63.1
2026-08-16T01:02:46.000,62.5
2026-08-16T01:07:46.000,62.2
2026-08-16T01:12:46.000,61.8
2026-08-16T01:17:46.000,61.5
2026-08-16T01:22:46.000,60.9
2026-08-16T01:27:46.000,60.2
2026-08-16T01:32:46.000,59.3
2026-08-16T01:37:46.000,58.6
2026-08-16T01:42:46.000,57.6
2026-08-16T01:47:46.000,57.0
2026-08-16T01:52:46.000,56.0
2026-08-16T01:57:46.000,55.4
2026-08-16T02:02:46.000,54.7
2026-08-16T02:07:47.000,53.8
2026-08-16T02:12:47.000,53.5
2026-08-16T02:17:47.000,52.8
2026-08-16T02:22:47.000,52.2
2026-08-16T02:27:47.000,51.8
2026-08-16T02:32:47.000,51.5
2026-08-16T02:37:47.000,51.2
2026-08-16T02:42:47.000,50.9
2026-08-16T02:47:47.000,50.6
2026-08-16T02:52:47.000,50.2
2026-08-16T02:57:47.000,49.9
2026-08-16T03:02:47.000,49.9
2026-08-16T03:07:48.000,49.6
2026-08-16T03:12:48.000,49.3
2026-08-16T03:17:48.000,49.3
2026-08-16T03:22:48.000,48.9
2026-08-16T03:27:48.000,48.9
2026-08-16T03:32:48.000,48.6
2026-08-16T03:37:48.000,48.3
2026-08-16T03:42:48.000,48.3
2026-08-16T03:47:48.000,48.0
2026-08-16T03:52:48.000,48.0
2026-08-16T03:57:48.000,47.7
2026-08-16T04:02:48.000,47.7
2026-08-16T04:07:49.000,47.3
2026-08-16T04:12:49.000,47.3
2026-08-16T04:17:49.000,47.3
2026-08-16T04:22:49.000,47.0
2026-08-16T04:27:49.000,47.0
2026-08-16T04:32:49.000,46.7
2026-08-16T04:37:49.000,46.7
2026-08-16T04:42:49.000,46.7
2026-08-16T04:47:49.000,46.4
2026-08-16T04:52:49.000,46.4
2026-08-16T04:57:49.000,46.4
2026-08-16T05:02:49.000,46.0
2026-08-16T05:07:50.000,46.0
2026-08-16T05:12:50.000,45.7
2026-08-16T05:17:50.000,45.7
2026-08-16T05:22:50.000,45.7
2026-08-16T05:27:50.000,45.4
2026-08-16T05:32:50.000,45.4
2026-08-16T05:37:50.000,45.4
2026-08-16T05:42:50.000,45.1
2026-08-16T05:47:50.000,45.1
2026-08-16T05:52:50.000,44.8
2026-08-16T05:57:50.000,44.8
2026-08-16T06:02:50.000,44.8
2026-08-16T06:07:51.000,44.8
2026-08-16T06:12:51.000,44.4
2026-08-16T06:17:51.000,44.4
2026-08-16T06:22:51.000,44.1
2026-08-16T06:27:51.000,44.1
2026-08-16T06:32:51.000,44.1
2026-08-16T06:37:51.000,44.1
2026-08-16T06:42:51.000,43.8
2026-08-16T06:47:51.000,43.8
2026-08-16T06:52:51.000,43.8
2026-08-16T06:57:51.000,43.5
2026-08-16T07:02:51.000,43.5
2026-08-16T07:07:52.000,43.5
2026-08-16T07:12:52.000,43.1
2026-08-16T07:17:52.000,43.1
2026-08-16T07:22:52.000,43.1
2026-08-16T07:27:52.000,42.8
2026-08-16T07:32:52.000,42.8
2026-08-16T07:37:52.000,42.8
2026-08-16T07:42:52.000,42.5
2026-08-16T07:47:52.000,42.8
2026-08-16T07:52:52.000,42.5
2026-08-16T07:57:52.000,42.5
2026-08-16T08:02:52.000,42.5
2026-08-16T08:07:53.000,42.5
2026-08-16T08:12:53.000,42.5
2026-08-16T08:17:53.000,42.5
2026-08-16T08:22:53.000,42.2
2026-08-16T08:27:53.000,42.2
2026-08-16T08:32:53.000,42.2
2026-08-16T08:37:53.000,42.2
2026-08-16T08:42:53.000,42.2
2026-08-16T08:47:53.000,42.2
2026-08-16T08:52:53.000,42.2
2026-08-16T08:57:53.000,42.2
2026-08-16T09:02:53.000,42.2
2026-08-16T09:07:54.000,41.9
2026-08-16T09:12:54.000,41.9
2026-08-16T09:17:54.000,41.9
2026-08-16T09:22:54.000,41.9
2026-08-16T09:27:54.000,41.5
2026-08-16T09:32:54.000,41.5
2026-08-16T09:37:54.000,41.5
2026-08-16T09:42:54.000,41.5
2026-08-16T09:47:54.000,41.5
2026-08-16T09:52:54.000,41.5
2026-08-16T09:57:54.000,41.2
2026-08-16T10:02:54.000,41.2
2026-08-16T10:07:55.000,41.2
2026-08-16T10:12:55.000,41.5
2026-08-16T10:17:55.000,41.5
2026-08-16T10:22:55.000,41.5
2026-08-16T10:27:55.000,41.2
2026-08-16T10:32:55.000,41.2
2026-08-16T10:37:55.000,41.2
2026-08-16T10:42:55.000,41.2
2026-08-16T10:47:55.000,41.2
2026-08-16T10:52:55.000,41.2
2026-08-16T10:57:55.000,41.2
2026-08-16T11:02:55.000,40.9
2026-08-16T11:07:56.000,40.9
2026-08-16T11:12:56.000,40.9
2026-08-16T11:17:56.000,40.9
2026-08-16T11:22:56.000,40.9
2026-08-16T11:27:56.000,40.6
2026-08-16T11:32:56.000,40.6
2026-08-16T11:37:56.000,40.6
2026-08-16T11:42:56.000,40.6
2026-08-16T11:47:56.000,40.2
2026-08-16T11:52:56.000,40.2
2026-08-16T11:57:56.000,40.2
2026-08-16T12:02:56.000,40.2
2026-08-16T12:07:57.000,40.2
2026-08-16T12:12:57.000,39.9
2026-08-16T12:17:57.000,39.9
2026-08-16T12:22:57.000,39.9
2026-08-16T12:27:57.000,39.9
2026-08-16T12:32:57.000,39.9
2026-08-16T12:37:57.000,39.9
2026-08-16T12:42:57.000,39.9
2026-08-16T12:47:57.000,39.9
2026-08-16T12:52:57.000,39.9
2026-08-16T12:57:57.000,39.9
2026-08-16T13:02:57.000,39.9
2026-08-16T13:07:58.000,40.2
2026-08-16T13:12:58.000,39.9
2026-08-16T13:17:58.000,40.2
2026-08-16T13:22:58.000,40.2
2026-08-16T13:27:58.000,40.2
2026-08-16T13:32:58.000,40.2
2026-08-16T13:37:58.000,40.9
2026-08-16T13:42:58.000,40.9
2026-08-16T13:47:58.000,41.2
2026-08-16T13:52:58.000,41.5
2026-08-16T13:57:58.000,42.5
2026-08-16T14:02:58.000,42.8
2026-08-16T14:07:58.000,43.1
2026-08-16T14:12:59.000,43.5
2026-08-16T14:17:59.000,43.8
2026-08-16T14:22:59.000,44.1
2026-08-16T14:27:59.000,44.4
2026-08-16T14:32:59.000,44.8
2026-08-16T14:37:59.000,45.4
2026-08-16T14:42:59.000,45.7
2026-08-16T14:47:59.000,45.7
2026-08-16T14:52:59.000,46.4
2026-08-16T14:57:59.000,46.7
2026-08-16T15:02:59.000,46.7
2026-08-16T15:07:59.000,47.0
2026-08-16T15:13:00.000,47.0
2026-08-16T15:18:00.000,47.3
2026-08-16T15:23:00.000,47.3
2026-08-16T15:28:00.000,47.3
2026-08-16T15:33:00.000,47.7
2026-08-16T15:38:00.000,48.0
2026-08-16T15:43:00.000,48.0
2026-08-16T15:48:00.000,48.0
2026-08-16T15:53:00.000,48.3
2026-08-16T15:58:00.000,48.6
2026-08-16T16:03:00.000,48.6
2026-08-16T16:08:00.000,48.6
2026-08-16T16:13:01.000,48.9
2026-08-16T16:18:01.000,49.3
2026-08-16T16:23:01.000,49.6
2026-08-16T16:28:01.000,49.9
2026-08-16T16:33:01.000,50.6
2026-08-16T16:38:01.000,50.9
2026-08-16T16:43:01.000,51.5
2026-08-16T16:48:01.000,52.2
2026-08-16T16:53:01.000,52.5
2026-08-16T16:58:01.000,52.5
2026-08-16T17:03:01.000,52.8
2026-08-16T17:08:01.000,53.1
2026-08-16T17:13:01.000,53.5
2026-08-16T17:18:02.000,53.8
2026-08-16T17:23:02.000,54.4
2026-08-16T17:28:02.000,55.4
2026-08-16T17:33:02.000,55.7
2026-08-16T17:38:02.000,56.4
2026-08-16T17:43:02.000,57.0
2026-08-16T17:48:02.000,57.6
2026-08-16T17:53:02.000,58.0
2026-08-16T17:58:02.000,58.6
2026-08-16T18:03:02.000,58.9
2026-08-16T18:08:02.000,59.3
2026-08-16T18:13:02.000,59.6
2026-08-16T18:18:02.000,59.9
2026-08-16T18:23:03.000,59.9
2026-08-16T18:28:03.000,59.9
2026-08-16T18:33:03.000,60.2
2026-08-16T18:38:03.000,60.9
2026-08-16T18:43:03.000,61.2
2026-08-16T18:48:03.000,60.9
2026-08-16T18:53:03.000,60.9
2026-08-16T18:58:03.000,60.9
2026-08-16T19:03:03.000,60.9
2026-08-16T19:08:03.000,60.9
2026-08-16T19:13:03.000,61.2
2026-08-16T19:18:03.000,60.9
2026-08-16T19:23:04.000,60.5
2026-08-16T19:28:04.000,60.9
2026-08-16T19:33:04.000,61.2
2026-08-16T19:38:04.000,61.8
2026-08-16T19:43:04.000,62.5
2026-08-16T19:48:04.000,62.8
2026-08-16T19:53:04.000,63.4
2026-08-16T19:58:04.000,63.8
2026-08-16T20:03:04.000,64.4
2026-08-16T20:08:04.000,64.7
2026-08-16T20:13:04.000,65.1
2026-08-16T20:18:04.000,65.1
2026-08-16T20:23:04.000,64.7
2026-08-16T20:28:05.000,64.4
2026-08-16T20:33:05.000,64.1
2026-08-16T20:38:05.000,64.1
2026-08-16T20:43:05.000,63.4
2026-08-16T20:48:05.000,63.1
2026-08-16T20:53:05.000,62.5
2026-08-16T20:58:05.000,62.5
2026-08-16T21:03:05.000,62.2
2026-08-16T21:08:05.000,62.2
2026-08-16T21:13:05.000,62.2
2026-08-16T21:18:05.000,62.2
2026-08-16T21:23:05.000,62.2
2026-08-16T21:28:06.000,62.2
2026-08-16T21:33:06.000,61.8
2026-08-16T21:38:06.000,61.8
2026-08-16T21:43:06.000,62.5
2026-08-16T21:48:06.000,62.5
2026-08-16T21:53:06.000,62.5
2026-08-16T21:58:06.000,62.5
2026-08-16T22:03:06.000,62.5
2026-08-16T22:08:06.000,62.2
2026-08-16T22:13:06.000,61.5
2026-08-16T22:18:06.000,61.2
2026-08-16T22:23:06.000,60.9
2026-08-16T22:28:07.000,60.5
2026-08-16T22:33:07.000,60.2
2026-08-16T22:38:07.000,59.9
2026-08-16T22:43:07.000,60.2
2026-08-16T22:48:07.000,60.5
2026-08-16T22:53:07.000,60.9
2026-08-16T22:58:07.000,61.2
2026-08-16T23:03:07.000,61.2
2026-08-16T23:08:07.000,61.2
2026-08-16T23:13:07.000,61.2
2026-08-16T23:18:07.000,61.2
2026-08-16T23:23:07.000,61.2
2026-08-16T23:28:07.000,61.5
2026-08-16T23:33:08.000,62.2
2026-08-16T23:38:08.000,63.1
2026-08-16T23:43:08.000,63.8
2026-08-16T23:48:08.000,64.4
2026-08-16T23:53:08.000,65.1
2026-08-16T23:58:08.000,65.4
2026-08-17T00:03:08.000,65.1
2026-08-17T00:08:08.000,64.4
2026-08-17T00:13:08.000,63.8
2026-08-17T00:18:08.000,63.4
2026-08-17T00:23:08.000,62.8
2026-08-17T00:28:08.000,62.2
2026-08-17T00:33:09.000,61.8
2026-08-17T00:38:09.000,61.8
2026-08-17T00:43:09.000,61.5
2026-08-17T00:48:09.000,61.8
2026-08-17T00:53:09.000,62.2
2026-08-17T00:58:09.000,62.2
2026-08-17T01:03:09.000,61.8
2026-08-17T01:08:09.000,61.5
2026-08-17T01:13:09.000,61.5
2026-08-17T01:18:09.000,61.2
2026-08-17T01:23:09.000,60.9
2026-08-17T01:28:09.000,60.2
2026-08-17T01:33:09.000,59.9
2026-08-17T01:38:10.000,59.6
2026-08-17T01:43:10.000,58.9
2026-08-17T01:48:10.000,58.6
2026-08-17T01:53:10.000,57.6
2026-08-17T01:58:10.000,57.3
2026-08-17T02:03:10.000,56.7
2026-08-17T02:08:10.000,55.7
2026-08-17T02:13:10.000,55.1
2026-08-17T02:18:10.000,54.4
2026-08-17T02:23:10.000,53.8
2026-08-17T02:28:10.000,53.1
2026-08-17T02:33:10.000,52.8
2026-08-17T02:38:11.000,52.2
2026-08-17T02:43:11.000,51.5
2026-08-17T02:48:11.000,51.2
2026-08-17T02:53:11.000,50.9
2026-08-17T02:58:11.000,50.6
2026-08-17T03:03:11.000,50.2
2026-08-17T03:08:11.000,49.9
2026-08-17T03:13:11.000,49.6
2026-08-17T03:18:11.000,49.6
2026-08-17T03:23:11.000,49.3
2026-08-17T03:28:11.000,48.9
2026-08-17T03:33:11.000,48.9
2026-08-17T03:38:11.000,48.6
2026-08-17T03:43:12.000,48.3
2026-08-17T03:48:12.000,48.3
2026-08-17T03:53:12.000,48.0
2026-08-17T03:58:12.000,48.0
2026-08-17T04:03:12.000,47.7
2026-08-17T04:08:12.000,47.7
2026-08-17T04:13:12.000,47.7
2026-08-17T04:18:12.000,47.3
2026-08-17T04:23:12.000,47.3
2026-08-17T04:28:12.000,47.0
2026-08-17T04:33:12.000,47.0
2026-08-17T04:38:12.000,47.0
2026-08-17T04:43:13.000,46.7
2026-08-17T04:48:13.000,46.7
2026-08-17T04:53:13.000,46.4
2026-08-17T04:58:13.000,46.4
2026-08-17T05:03:13.000,46.0
2026-08-17T05:08:13.000,46.0
2026-08-17T05:13:13.000,45.7
2026-08-17T05:18:13.000,45.7
2026-08-17T05:23:13.000,45.4
2026-08-17T05:28:13.000,45.4
2026-08-17T05:33:13.000,45.4
2026-08-17T05:38:13.000,45.1
2026-08-17T05:43:14.000,45.1
2026-08-17T05:48:14.000,44.8
2026-08-17T05:53:14.000,44.8
2026-08-17T05:58:14.000,44.4
2026-08-17T06:03:14.000,44.4
2026-08-17T06:08:14.000,44.4
2026-08-17T06:13:14.000,44.4
2026-08-17T06:18:14.000,44.4
2026-08-17T06:23:14.000,44.1
2026-08-17T06:28:14.000,44.1
2026-08-17T06:33:14.000,44.1
2026-08-17T06:38:14.000,43.8
2026-08-17T06:43:15.000,43.8
2026-08-17T06:48:15.000,43.8
2026-08-17T06:53:15.000,43.8
2026-08-17T06:58:15.000,43.5
2026-08-17T07:03:15.000,43.5
2026-08-17T07:08:15.000,43.5
2026-08-17T07:13:15.000,43.5
2026-08-17T07:18:15.000,43.1
2026-08-17T07:23:15.000,43.1
2026-08-17T07:28:15.000,43.1
2026-08-17T07:33:15.000,43.1
2026-08-17T07:38:15.000,43.1
2026-08-17T07:43:16.000,43.1
2026-08-17T07:48:16.000,43.1
2026-08-17T07:53:16.000,43.1
2026-08-17T07:58:16.000,43.1
2026-08-17T08:03:16.000,43.1
2026-08-17T08:08:16.000,43.1
2026-08-17T08:13:16.000,43.1
2026-08-17T08:18:16.000,43.1
2026-08-17T08:23:16.000,43.1
2026-08-17T08:28:16.000,43.1
2026-08-17T08:33:16.000,43.1
2026-08-17T08:38:16.000,43.1
2026-08-17T08:43:17.000,42.8
2026-08-17T08:48:17.000,42.8
2026-08-17T08:53:17.000,42.8
2026-08-17T08:58:17.000,42.8
2026-08-17T09:03:17.000,42.8
2026-08-17T09:08:17.000,42.8
2026-08-17T09:13:17.000,42.8
2026-08-17T09:18:17.000,42.5
2026-08-17T09:23:17.000,42.5
2026-08-17T09:28:17.000,42.5
2026-08-17T09:33:17.000,42.5
2026-08-17T09:38:17.000,42.2
2026-08-17T09:43:18.000,42.2
2026-08-17T09:48:18.000,42.2
2026-08-17T09:53:18.000,42.2
2026-08-17T09:58:18.000,41.9
2026-08-17T10:03:18.000,41.9
2026-08-17T10:08:18.000,41.9
2026-08-17T10:13:18.000,41.9
2026-08-17T10:18:18.000,41.9
2026-08-17T10:23:18.000,41.9
2026-08-17T10:28:18.000,41.9
2026-08-17T10:33:18.000,41.9
2026-08-17T10:38:18.000,41.9
2026-08-17T10:43:19.000,41.9
2026-08-17T10:48:19.000,41.9
2026-08-17T10:53:19.000,41.9
2026-08-17T10:58:19.000,41.9
2026-08-17T11:03:19.000,41.9
2026-08-17T11:08:19.000,41.5
2026-08-17T11:13:19.000,41.5
2026-08-17T11:18:19.000,41.5
2026-08-17T11:23:19.000,41.5
2026-08-17T11:28:19.000,41.2
2026-08-17T11:33:19.000,41.2
2026-08-17T11:38:19.000,41.2
2026-08-17T11:43:20.000,40.9
2026-08-17T11:48:20.000,40.9
2026-08-17T11:53:20.000,40.9
2026-08-17T11:58:20.000,40.9
2026-08-17T12:03:20.000,40.6
2026-08-17T12:08:20.000,40.6
2026-08-17T12:13:20.000,40.6
2026-08-17T12:18:20.000,40.2
2026-08-17T12:23:20.000,40.2
2026-08-17T12:28:20.000,40.2
2026-08-17T12:33:20.000,40.6
2026-08-17T12:38:20.000,40.2
2026-08-17T12:43:21.000,40.2
2026-08-17T12:48:21.000,40.2
2026-08-17T12:53:21.000,40.2
2026-08-17T12:58:21.000,40.2
2026-08-17T13:03:21.000,40.2
2026-08-17T13:08:21.000,40.2
2026-08-17T13:13:21.000,40.2
2026-08-17T13:18:21.000,40.2
2026-08-17T13:23:21.000,40.2
2026-08-17T13:28:21.000,40.6
2026-08-17T13:33:21.000,40.9
2026-08-17T13:38:21.000,40.9
2026-08-17T13:43:22.000,41.2
2026-08-17T13:48:22.000,41.5
2026-08-17T13:53:22.000,41.9
2026-08-17T13:58:22.000,42.2
2026-08-17T14:03:22.000,42.8
2026-08-17T14:08:22.000,43.1
2026-08-17T14:13:22.000,43.8
2026-08-17T14:18:22.000,44.1
2026-08-17T14:23:22.000,44.8
2026-08-17T14:28:22.000,45.1
2026-08-17T14:33:22.000,45.4
2026-08-17T14:38:22.000,45.7
2026-08-17T14:43:22.000,46.0
2026-08-17T14:48:23.000,46.4
2026-08-17T14:53:23.000,46.7
2026-08-17T14:58:23.000,47.0
2026-08-17T15:03:23.000,47.3
2026-08-17T15:08:23.000,47.3
2026-08-17T15:13:23.000,47.7
2026-08-17T15:18:23.000,48.0
2026-08-17T15:23:23.000,48.3
2026-08-17T15:28:23.000,48.3
2026-08-17T15:33:23.000,48.6
2026-08-17T15:38:23.000,48.6
2026-08-17T15:43:23.000,48.9
2026-08-17T15:48:24.000,49.3
2026-08-17T15:53:24.000,49.3
2026-08-17T15:58:24.000,49.3
2026-08-17T16:03:24.000,49.6
2026-08-17T16:08:24.000,49.6
2026-08-17T16:13:24.000,49.9
2026-08-17T16:18:24.000,49.9
2026-08-17T16:23:24.000,50.2
2026-08-17T16:28:24.000,50.6
2026-08-17T16:33:24.000,50.9
2026-08-17T16:38:24.000,51.2
2026-08-17T16:43:24.000,51.2
2026-08-17T16:48:24.000,51.8
2026-08-17T16:53:25.000,52.2
2026-08-17T16:58:25.000,52.5
2026-08-17T17:03:25.000,52.8
2026-08-17T17:08:25.000,53.1
2026-08-17T17:13:25.000,53.8
2026-08-17T17:18:25.000,54.1
2026-08-17T17:23:25.000,54.4
2026-08-17T17:28:25.000,55.1
2026-08-17T17:33:25.000,55.4
2026-08-17T17:38:25.000,56.4
2026-08-17T17:43:25.000,57.0
2026-08-17T17:48:25.000,57.6
2026-08-17T17:53:26.000,58.0
2026-08-17T17:58:26.000,58.6
2026-08-17T18:03:26.000,59.3
2026-08-17T18:08:26.000,59.6
2026-08-17T18:13:26.000,59.9
2026-08-17T18:18:26.000,60.5
2026-08-17T18:23:26.000,60.9
2026-08-17T18:28:26.000,61.5
2026-08-17T18:33:26.000,61.8
2026-08-17T18:38:26.000,61.8
2026-08-17T18:43:26.000,62.5
2026-08-17T18:48:26.000,62.8
2026-08-17T18:53:26.000,62.8
2026-08-17T18:58:27.000,63.4
2026-08-17T19:03:27.000,63.4
2026-08-17T19:08:27.000,63.8
2026-08-17T19:13:27.000,64.1
2026-08-17T19:18:27.000,64.4
2026-08-17T19:23:27.000,64.7
2026-08-17T19:28:27.000,65.4
2026-08-17T19:33:27.000,65.4
2026-08-17T19:38:27.000,66.0
2026-08-17T19:43:27.000,66.7
2026-08-17T19:48:27.000,66.7
2026-08-17T19:53:27.000,67.0
2026-08-17T19:58:28.000,67.3
2026-08-17T20:03:28.000,67.6
2026-08-17T20:08:28.000,68.0
2026-08-17T20:13:28.000,68.0
2026-08-17T20:18:28.000,68.0
2026-08-17T20:23:28.000,68.3
2026-08-17T20:28:28.000,68.6
2026-08-17T20:33:28.000,68.6
2026-08-17T20:38:28.000,68.9
2026-08-17T20:43:28.000,68.9
2026-08-17T20:48:28.000,69.2
2026-08-17T20:53:28.000,69.2
2026-08-17T20:58:28.000,69.2
2026-08-17T21:03:29.000,69.6
2026-08-17T21:08:29.000,69.9
2026-08-17T21:13:29.000,69.9
2026-08-17T21:18:29.000,70.2
2026-08-17T21:23:29.000,70.5
2026-08-17T21:28:29.000,70.5
2026-08-17T21:33:29.000,70.5
2026-08-17T21:38:29.000,70.9
2026-08-17T21:43:29.000,70.5
2026-08-17T21:48:29.000,70.5
2026-08-17T21:53:29.000,70.5
2026-08-17T21:58:29.000,70.5
2026-08-17T22:03:30.000,70.2
2026-08-17T22:08:30.000,70.5
2026-08-17T22:13:30.000,70.5
2026-08-17T22:18:30.000,70.9
2026-08-17T22:23:30.000,70.9
2026-08-17T22:28:30.000,70.5
2026-08-17T22:33:30.000,70.5
2026-08-17T22:38:30.000,70.9
2026-08-17T22:43:30.000,70.9
2026-08-17T22:48:30.000,71.5
2026-08-17T22:53:30.000,71.5
2026-08-17T22:58:30.000,71.5
2026-08-17T23:03:30.000,71.5
2026-08-17T23:08:31.000,71.8
2026-08-17T23:13:31.000,71.5
2026-08-17T23:18:31.000,71.2
2026-08-17T23:23:31.000,70.9
2026-08-17T23:28:31.000,70.5
2026-08-17T23:33:31.000,70.5
2026-08-17T23:38:31.000,70.5
2026-08-17T23:43:31.000,70.9
2026-08-17T23:48:31.000,70.9
2026-08-17T23:53:31.000,70.9
2026-08-17T23:58:31.000,70.9
2026-08-18T00:03:31.000,70.9
2026-08-18T00:08:32.000,70.9
2026-08-18T00:13:32.000,71.2
2026-08-18T00:18:32.000,71.2
2026-08-18T00:23:32.000,71.2
2026-08-18T00:28:32.000,70.9
2026-08-18T00:33:32.000,71.2
2026-08-18T00:38:32.000,71.2
2026-08-18T00:43:32.000,71.2
2026-08-18T00:48:32.000,70.9
2026-08-18T00:53:32.000,70.5
2026-08-18T00:58:32.000,70.5
2026-08-18T01:03:32.000,69.9
2026-08-18T01:08:33.000,68.9
2026-08-18T01:13:33.000,68.0
2026-08-18T01:18:33.000,66.7
2026-08-18T01:23:33.000,65.4
2026-08-18T01:28:33.000,64.1
2026-08-18T01:33:33.000,62.8
2026-08-18T01:38:33.000,61.5
2026-08-18T01:43:33.000,60.5
2026-08-18T01:48:33.000,59.6
2026-08-18T01:53:33.000,58.9
2026-08-18T01:58:33.000,58.0
2026-08-18T02:03:33.000,57.3
2026-08-18T02:08:33.000,56.7
2026-08-18T02:13:34.000,56.0
2026-08-18T02:18:34.000,55.4
2026-08-18T02:23:34.000,54.7
2026-08-18T02:28:34.000,54.4
2026-08-18T02:33:34.000,53.8
2026-08-18T02:38:34.000,53.5
2026-08-18T02:43:34.000,53.1
2026-08-18T02:48:34.000,52.8
2026-08-18T02:53:34.000,52.8
2026-08-18T02:58:34.000,52.5
2026-08-18T03:03:34.000,52.5
2026-08-18T03:08:34.000,52.2
2026-08-18T03:13:35.000,52.2
2026-08-18T03:18:35.000,51.8
2026-08-18T03:23:35.000,51.8
2026-08-18T03:28:35.000,51.5
2026-08-18T03:33:35.000,51.2
2026-08-18T03:38:35.000,51.2
2026-08-18T03:43:35.000,50.9
2026-08-18T03:48:35.000,50.6
2026-08-18T03:53:35.000,50.6
2026-08-18T03:58:35.000,50.2
2026-08-18T04:03:35.000,50.2
2026-08-18T04:08:35.000,49.9
2026-08-18T04:13:36.000,49.9
2026-08-18T04:18:36.000,49.6
2026-08-18T04:23:36.000,49.6
2026-08-18T04:28:36.000,49.6
2026-08-18T04:33:36.000,49.6
2026-08-18T04:38:36.000,49.3
2026-08-18T04:43:36.000,49.3
2026-08-18T04:48:36.000,48.9
2026-08-18T04:53:36.000,48.9
2026-08-18T04:58:36.000,48.9
2026-08-18T05:03:36.000,48.6
2026-08-18T05:08:36.000,48.6
2026-08-18T05:13:37.000,48.6
2026-08-18T05:18:37.000,48.3
2026-08-18T05:23:37.000,48.3
2026-08-18T05:28:37.000,48.3
2026-08-18T05:33:37.000,48.0
2026-08-18T05:38:37.000,48.0
2026-08-18T05:43:37.000,48.0
2026-08-18T05:48:37.000,48.0
2026-08-18T05:53:37.000,48.0
2026-08-18T05:58:37.000,47.7
2026-08-18T06:03:37.000,47.7
2026-08-18T06:08:37.000,47.7
2026-08-18T06:13:38.000,47.3
2026-08-18T06:18:38.000,47.3
2026-08-18T06:23:38.000,47.3
2026-08-18T06:28:38.000,47.0
2026-08-18T06:33:38.000,47.0
2026-08-18T06:38:38.000,46.7
2026-08-18T06:43:38.000,46.7
2026-08-18T06:48:38.000,46.4
2026-08-18T06:53:38.000,46.4
2026-08-18T06:58:38.000,46.4
2026-08-18T07:03:38.000,46.0
2026-08-18T07:08:38.000,46.0
2026-08-18T07:13:39.000,45.7
2026-08-18T07:18:39.000,45.7
2026-08-18T07:23:39.000,45.7
2026-08-18T07:28:39.000,45.7
2026-08-18T07:33:39.000,45.4
2026-08-18T07:38:39.000,45.4
2026-08-18T07:43:39.000,45.4
2026-08-18T07:48:39.000,45.1
2026-08-18T07:53:39.000,45.1
2026-08-18T07:58:39.000,45.1
2026-08-18T08:03:39.000,44.8
2026-08-18T08:08:39.000,44.8
2026-08-18T08:13:40.000,44.4
2026-08-18T08:18:40.000,44.4
2026-08-18T08:23:40.000,44.4
2026-08-18T08:28:40.000,44.4
2026-08-18T08:33:40.000,44.4
2026-08-18T08:38:40.000,44.4
2026-08-18T08:43:40.000,44.4
2026-08-18T08:48:40.000,44.1
2026-08-18T08:53:40.000,44.1
2026-08-18T08:58:40.000,44.1
2026-08-18T09:03:40.000,44.1
2026-08-18T09:08:40.000,44.1
2026-08-18T09:13:41.000,44.1
2026-08-18T09:18:41.000,44.1
2026-08-18T09:23:41.000,44.1
2026-08-18T09:28:41.000,44.1
2026-08-18T09:33:41.000,44.1
2026-08-18T09:38:41.000,43.8
2026-08-18T09:43:41.000,43.8
2026-08-18T09:48:41.000,43.8
2026-08-18T09:53:41.000,43.8
2026-08-18T09:58:41.000,43.8
2026-08-18T10:03:41.000,43.8
2026-08-18T10:08:41.000,43.8
2026-08-18T10:13:42.000,43.8
2026-08-18T10:18:42.000,43.8
2026-08-18T10:23:42.000,43.8
2026-08-18T10:28:42.000,43.8
2026-08-18T10:33:42.000,43.8
2026-08-18T10:38:42.000,43.8
2026-08-18T10:43:42.000,43.8
2026-08-18T10:48:42.000,43.8
2026-08-18T10:53:42.000,43.5
2026-08-18T10:58:42.000,43.5
2026-08-18T11:03:42.000,43.5
2026-08-18T11:08:42.000,43.8
2026-08-18T11:13:43.000,43.8
2026-08-18T11:18:43.000,43.8
2026-08-18T11:23:43.000,43.8
2026-08-18T11:28:43.000,43.8
2026-08-18T11:33:43.000,43.8
2026-08-18T11:38:43.000,43.8
2026-08-18T11:43:43.000,43.8
2026-08-18T11:48:43.000,44.1
2026-08-18T11:53:43.000,44.1
2026-08-18T11:58:43.000,44.1
2026-08-18T12:03:43.000,44.1
2026-08-18T12:08:43.000,44.1
2026-08-18T12:13:44.000,44.1
2026-08-18T12:18:44.000,44.1
2026-08-18T12:23:44.000,44.1
2026-08-18T12:28:44.000,44.1
2026-08-18T12:33:44.000,43.8
2026-08-18T12:38:44.000,43.8
2026-08-18T12:43:44.000,43.8
2026-08-18T12:48:44.000,43.8
2026-08-18T12:53:44.000,43.8
2026-08-18T12:58:44.000,43.8
2026-08-18T13:03:44.000,43.8
2026-08-18T13:08:44.000,44.1
2026-08-18T13:13:44.000,44.1
2026-08-18T13:18:45.000,44.1
2026-08-18T13:23:45.000,44.1
2026-08-18T13:28:45.000,44.1
2026-08-18T13:33:45.000,44.1
2026-08-18T13:38:45.000,44.4
2026-08-18T13:43:45.000,44.8
2026-08-18T13:48:45.000,44.8
2026-08-18T13:53:45.000,45.1
2026-08-18T13:58:45.000,45.4
2026-08-18T14:03:45.000,45.7
2026-08-18T14:08:45.000,46.0
2026-08-18T14:13:45.000,46.4
2026-08-18T14:18:46.000,46.7
2026-08-18T14:23:46.000,47.0
2026-08-18T14:28:46.000,47.3
2026-08-18T14:33:46.000,47.3
2026-08-18T14:38:46.000,47.7
2026-08-18T14:43:46.000,47.7
2026-08-18T14:48:46.000,48.0
2026-08-18T14:53:46.000,48.3
2026-08-18T14:58:46.000,48.6
2026-08-18T15:03:46.000,48.6
2026-08-18T15:08:46.000,48.9
2026-08-18T15:13:46.000,49.3
2026-08-18T15:18:47.000,49.6
2026-08-18T15:23:47.000,49.6
2026-08-18T15:28:47.000,50.2
2026-08-18T15:33:47.000,49.9
2026-08-18T15:38:47.000,50.2
2026-08-18T15:43:47.000,50.6
2026-08-18T15:48:47.000,50.6
2026-08-18T15:53:47.000,50.6
2026-08-18T15:58:47.000,50.9
2026-08-18T16:03:47.000,51.2
2026-08-18T16:08:47.000,51.2
2026-08-18T16:13:47.000,51.2
2026-08-18T16:18:47.000,51.5
2026-08-18T16:23:48.000,51.5
2026-08-18T16:28:48.000,51.8
2026-08-18T16:33:48.000,52.2
2026-08-18T16:38:48.000,52.2
2026-08-18T16:43:48.000,52.5
2026-08-18T16:48:48.000,52.8
2026-08-18T16:53:48.000,53.1
2026-08-18T16:58:48.000,53.5
2026-08-18T17:03:48.000,53.5
2026-08-18T17:08:48.000,53.8
2026-08-18T17:13:48.000,54.1
2026-08-18T17:18:48.000,54.4
2026-08-18T17:23:49.000,55.1
2026-08-18T17:28:49.000,55.4
2026-08-18T17:33:49.000,56.0
2026-08-18T17:38:49.000,56.4
2026-08-18T17:43:49.000,57.0
2026-08-18T17:48:49.000,57.6
2026-08-18T17:53:49.000,58.3
2026-08-18T17:58:49.000,58.6
2026-08-18T18:03:49.000,58.9
2026-08-18T18:08:49.000,59.6
2026-08-18T18:13:49.000,59.9
2026-08-18T18:18:49.000,60.2
2026-08-18T18:23:49.000,60.9
2026-08-18T18:28:50.000,61.2
2026-08-18T18:33:50.000,61.5
2026-08-18T18:38:50.000,61.8
2026-08-18T18:43:50.000,62.2
2026-08-18T18:48:50.000,62.5
2026-08-18T18:53:50.000,62.8
2026-08-18T18:58:50.000,63.4
2026-08-18T19:03:50.000,63.8
2026-08-18T19:08:50.000,64.1
2026-08-18T19:13:50.000,64.4
2026-08-18T19:18:50.000,64.7
2026-08-18T19:23:50.000,65.1
2026-08-18T19:28:51.000,65.4
2026-08-18T19:33:51.000,65.4
2026-08-18T19:38:51.000,65.7
2026-08-18T19:43:51.000,66.0
2026-08-18T19:48:51.000,66.3
2026-08-18T19:53:51.000,66.7
2026-08-18T19:58:51.000,67.0
2026-08-18T20:03:51.000,67.0
2026-08-18T20:08:51.000,67.3
2026-08-18T20:13:51.000,67.6
2026-08-18T20:18:51.000,68.0
2026-08-18T20:23:51.000,68.0
2026-08-18T20:28:51.000,67.6
2026-08-18T20:33:52.000,68.0
2026-08-18T20:38:52.000,68.3
2026-08-18T20:43:52.000,68.3
2026-08-18T20:48:52.000,68.9
2026-08-18T20:53:52.000,68.9
2026-08-18T20:58:52.000,69.6
2026-08-18T21:03:52.000,69.6
2026-08-18T21:08:52.000,70.2
2026-08-18T21:13:52.000,70.5
2026-08-18T21:18:52.000,70.5
2026-08-18T21:23:52.000,70.5
2026-08-18T21:28:52.000,70.9
2026-08-18T21:33:53.000,70.2
2026-08-18T21:38:53.000,69.6
2026-08-18T21:43:53.000,69.2
2026-08-18T21:48:53.000,68.9
2026-08-18T21:53:53.000,69.2
2026-08-18T21:58:53.000,69.6
2026-08-18T22:03:53.000,70.2
2026-08-18T22:08:53.000,70.9
2026-08-18T22:13:53.000,71.2
2026-08-18T22:18:53.000,71.5
2026-08-18T22:23:53.000,71.5
2026-08-18T22:28:53.000,72.1
2026-08-18T22:33:53.000,72.1
2026-08-18T22:38:54.000,71.5
2026-08-18T22:43:54.000,70.5
2026-08-18T22:48:54.000,69.9
2026-08-18T22:53:54.000,69.9
2026-08-18T22:58:54.000,70.2
2026-08-18T23:03:54.000,70.5
2026-08-18T23:08:54.000,71.2
2026-08-18T23:13:54.000,71.2
2026-08-18T23:18:54.000,70.9
2026-08-18T23:23:54.000,69.9
2026-08-18T23:28:54.000,69.2
2026-08-18T23:33:54.000,68.6
2026-08-18T23:38:55.000,67.6
2026-08-18T23:43:55.000,67.0
2026-08-18T23:48:55.000,66.7
2026-08-18T23:53:55.000,67.0
2026-08-18T23:58:55.000,67.6
2026-08-19T00:03:55.000,68.0
2026-08-19T00:08:55.000,68.6
2026-08-19T00:13:55.000,68.6
2026-08-19T00:18:55.000,68.9
2026-08-19T00:23:55.000,69.2
2026-08-19T00:28:55.000,69.2
2026-08-19T00:33:55.000,69.2
2026-08-19T00:38:56.000,69.2
2026-08-19T00:43:56.000,68.6
2026-08-19T00:48:56.000,67.6
2026-08-19T00:53:56.000,66.7
2026-08-19T00:58:56.000,65.7
2026-08-19T01:03:56.000,65.1
2026-08-19T01:08:56.000,64.7
2026-08-19T01:13:56.000,64.7
2026-08-19T01:18:56.000,64.4
2026-08-19T01:23:56.000,64.4
2026-08-19T01:28:56.000,64.1
2026-08-19T01:33:56.000,63.8
2026-08-19T01:38:56.000,63.4
2026-08-19T01:43:57.000,62.8
2026-08-19T01:48:57.000,62.2
2026-08-19T01:53:57.000,61.2
2026-08-19T01:58:57.000,60.5
2026-08-19T02:03:57.000,59.6
2026-08-19T02:08:57.000,58.6
2026-08-19T02:13:57.000,58.0
2026-08-19T02:18:57.000,57.3
2026-08-19T02:23:57.000,56.4
2026-08-19T02:28:57.000,56.0
2026-08-19T02:33:57.000,55.4
2026-08-19T02:38:57.000,55.1
2026-08-19T02:43:58.000,54.4
2026-08-19T02:48:58.000,54.1
2026-08-19T02:53:58.000,53.8
2026-08-19T02:58:58.000,53.5
2026-08-19T03:03:58.000,53.1
2026-08-19T03:08:58.000,52.8
2026-08-19T03:13:58.000,52.5
2026-08-19T03:18:58.000,52.2
2026-08-19T03:23:58.000,52.2
2026-08-19T03:28:58.000,51.8
2026-08-19T03:33:58.000,51.5
2026-08-19T03:38:58.000,51.5
2026-08-19T03:43:59.000,51.2
2026-08-19T03:48:59.000,51.2
2026-08-19T03:53:59.000,51.2
2026-08-19T03:58:59.000,50.9
2026-08-19T04:03:59.000,50.9
2026-08-19T04:08:59.000,50.9
2026-08-19T04:13:59.000,50.6
2026-08-19T04:18:59.000,50.6
2026-08-19T04:23:59.000,50.2
2026-08-19T04:28:59.000,50.2
2026-08-19T04:33:59.000,50.2
2026-08-19T04:38:59.000,49.9
2026-08-19T04:44:00.000,49.9
2026-08-19T04:49:00.000,49.6
2026-08-19T04:54:00.000,49.6
2026-08-19T04:59:00.000,49.6
2026-08-19T05:04:00.000,49.6
2026-08-19T05:09:00.000,49.6
2026-08-19T05:14:00.000,49.3
2026-08-19T05:19:00.000,49.3
2026-08-19T05:24:00.000,49.3
2026-08-19T05:29:00.000,49.3
2026-08-19T05:34:00.000,48.9
2026-08-19T05:39:00.000,48.9
2026-08-19T05:44:01.000,48.9
2026-08-19T05:49:01.000,48.6
2026-08-19T05:54:01.000,48.6
2026-08-19T05:59:01.000,48.6
2026-08-19T06:04:01.000,48.6
2026-08-19T06:09:01.000,48.6
2026-08-19T06:14:01.000,48.6
2026-08-19T06:19:01.000,48.6
2026-08-19T06:24:01.000,48.6
2026-08-19T06:29:01.000,48.6
2026-08-19T06:34:01.000,48.3
2026-08-19T06:39:01.000,48.3
2026-08-19T06:44:02.000,48.3
2026-08-19T06:49:02.000,48.0
2026-08-19T06:54:02.000,48.0
2026-08-19T06:59:02.000,48.0
2026-08-19T07:04:02.000,48.0
2026-08-19T07:09:02.000,48.0
2026-08-19T07:14:02.000,47.7
2026-08-19T07:19:02.000,47.7
2026-08-19T07:24:02.000,47.7
2026-08-19T07:29:02.000,47.7
2026-08-19T07:34:02.000,47.7
2026-08-19T07:39:02.000,47.3
2026-08-19T07:44:03.000,47.3
2026-08-19T07:49:03.000,47.3
2026-08-19T07:54:03.000,47.3
2026-08-19T07:59:03.000,47.0
2026-08-19T08:04:03.000,47.0
2026-08-19T08:09:03.000,47.0
2026-08-19T08:14:03.000,47.0
2026-08-19T08:19:03.000,47.0
2026-08-19T08:24:03.000,46.7
2026-08-19T08:29:03.000,46.7
2026-08-19T08:34:03.000,46.7
2026-08-19T08:39:03.000,46.4
2026-08-19T08:44:04.000,46.4
2026-08-19T08:49:04.000,46.4
2026-08-19T08:54:04.000,46.4
2026-08-19T08:59:04.000,46.4
2026-08-19T09:04:04.000,46.4
2026-08-19T09:09:04.000,46.0
2026-08-19T09:14:04.000,46.0
2026-08-19T09:19:04.000,46.0
2026-08-19T09:24:04.000,46.0
2026-08-19T09:29:04.000,46.0
2026-08-19T09:34:04.000,46.0
2026-08-19T09:39:04.000,46.0
2026-08-19T09:44:05.000,46.0
2026-08-19T09:49:05.000,46.0
2026-08-19T09:54:05.000,46.0
2026-08-19T09:59:05.000,46.0
2026-08-19T10:04:05.000,45.7
2026-08-19T10:09:05.000,45.7
2026-08-19T10:14:05.000,45.7
2026-08-19T10:19:05.000,45.7
2026-08-19T10:24:05.000,45.7
2026-08-19T10:29:05.000,45.7
2026-08-19T10:34:05.000,45.7
2026-08-19T10:39:05.000,45.7
2026-08-19T10:44:06.000,45.4
2026-08-19T10:49:06.000,45.4
2026-08-19T10:54:06.000,45.4
2026-08-19T10:59:06.000,45.4
2026-08-19T11:04:06.000,45.4
2026-08-19T11:09:06.000,45.4
2026-08-19T11:14:06.000,45.4
2026-08-19T11:19:06.000,45.1
2026-08-19T11:24:06.000,45.1
2026-08-19T11:29:06.000,45.1
2026-08-19T11:34:06.000,45.1
2026-08-19T11:39:06.000,45.1
2026-08-19T11:44:07.000,45.1
2026-08-19T11:49:07.000,45.1
2026-08-19T11:54:07.000,45.1
2026-08-19T11:59:07.000,44.8
2026-08-19T12:04:07.000,44.8
2026-08-19T12:09:07.000,44.8
2026-08-19T12:14:07.000,44.8
2026-08-19T12:19:07.000,44.4
2026-08-19T12:24:07.000,44.4
2026-08-19T12:29:07.000,44.4
2026-08-19T12:34:07.000,44.4
2026-08-19T12:39:07.000,44.4
2026-08-19T12:44:08.000,44.4
2026-08-19T12:49:08.000,44.4
2026-08-19T12:54:08.000,44.4
2026-08-19T12:59:08.000,44.4
2026-08-19T13:04:08.000,44.1
2026-08-19T13:09:08.000,44.1
2026-08-19T13:14:08.000,44.1
2026-08-19T13:19:08.000,44.1
2026-08-19T13:24:08.000,44.4
2026-08-19T13:29:08.000,44.4
2026-08-19T13:34:08.000,44.4
2026-08-19T13:39:08.000,44.8
2026-08-19T13:44:09.000,44.8
2026-08-19T13:49:09.000,45.4
2026-08-19T13:54:09.000,45.7
2026-08-19T13:59:09.000,46.0
2026-08-19T14:04:09.000,46.4
2026-08-19T14:09:09.000,46.7
2026-08-19T14:14:09.000,47.0
2026-08-19T14:19:09.000,47.3
2026-08-19T14:24:09.000,47.7
2026-08-19T14:29:09.000,48.0
2026-08-19T14:34:09.000,48.0
2026-08-19T14:39:09.000,48.3
2026-08-19T14:44:09.000,48.3
2026-08-19T14:49:10.000,48.6
2026-08-19T14:54:10.000,48.6
2026-08-19T14:59:10.000,48.9
2026-08-19T15:04:10.000,49.3
2026-08-19T15:09:10.000,49.3
2026-08-19T15:14:10.000,49.3
2026-08-19T15:19:10.000,49.3
2026-08-19T15:24:10.000,49.6
2026-08-19T15:29:10.000,49.6
2026-08-19T15:34:10.000,49.6
2026-08-19T15:39:10.000,49.9
2026-08-19T15:44:10.000,49.9
2026-08-19T15:49:11.000,49.9
2026-08-19T15:54:11.000,49.9
2026-08-19T15:59:11.000,50.2
2026-08-19T16:04:11.000,50.6
2026-08-19T16:09:11.000,50.2
2026-08-19T16:14:11.000,50.6
2026-08-19T16:19:11.000,50.9
2026-08-19T16:24:11.000,50.9
2026-08-19T16:29:11.000,50.9
2026-08-19T16:34:11.000,51.2
2026-08-19T16:39:11.000,51.2
2026-08-19T16:44:11.000,51.5
2026-08-19T16:49:11.000,51.5
2026-08-19T16:54:12.000,51.8
2026-08-19T16:59:12.000,52.2
2026-08-19T17:04:12.000,52.5
2026-08-19T17:09:12.000,52.8
2026-08-19T17:14:12.000,52.8
2026-08-19T17:19:12.000,53.1
2026-08-19T17:24:12.000,53.5
2026-08-19T17:29:12.000,53.5
2026-08-19T17:34:12.000,53.8
2026-08-19T17:39:12.000,54.4
2026-08-19T17:44:12.000,55.1
2026-08-19T17:49:12.000,55.4
2026-08-19T17:54:13.000,56.0
2026-08-19T17:59:13.000,56.4
2026-08-19T18:04:13.000,57.0
2026-08-19T18:09:13.000,57.3
2026-08-19T18:14:13.000,57.6
2026-08-19T18:19:13.000,58.0
2026-08-19T18:24:13.000,58.3
2026-08-19T18:29:13.000,58.6
2026-08-19T18:34:13.000,58.9
2026-08-19T18:39:13.000,58.9
2026-08-19T18:44:13.000,59.3
2026-08-19T18:49:13.000,59.6
2026-08-19T18:54:13.000,59.9
2026-08-19T18:59:14.000,60.2
2026-08-19T19:04:14.000,60.9
2026-08-19T19:09:14.000,61.2
2026-08-19T19:14:14.000,61.2
2026-08-19T19:19:14.000,61.5
2026-08-19T19:24:14.000,61.8
2026-08-19T19:29:14.000,61.8
2026-08-19T19:34:14.000,62.5
2026-08-19T19:39:14.000,62.8
2026-08-19T19:44:14.000,62.8
2026-08-19T19:49:14.000,62.8
2026-08-19T19:54:14.000,63.1
2026-08-19T19:59:15.000,63.1
2026-08-19T20:04:15.000,63.4
2026-08-19T20:09:15.000,63.8
2026-08-19T20:14:15.000,64.1
2026-08-19T20:19:15.000,64.1
2026-08-19T20:24:15.000,64.4
2026-08-19T20:29:15.000,64.7
2026-08-19T20:34:15.000,65.1
2026-08-19T20:39:15.000,65.4
2026-08-19T20:44:15.000,65.4
2026-08-19T20:49:15.000,65.7
2026-08-19T20:54:15.000,65.4
2026-08-19T20:59:15.000,65.7
2026-08-19T21:04:16.000,65.7
2026-08-19T21:09:16.000,66.0
2026-08-19T21:14:16.000,66.0
2026-08-19T21:19:16.000,66.3
2026-08-19T21:24:16.000,66.3
2026-08-19T21:29:16.000,66.7
2026-08-19T21:34:16.000,66.7
2026-08-19T21:39:16.000,66.7
2026-08-19T21:44:16.000,67.0
2026-08-19T21:49:16.000,67.0
2026-08-19T21:54:16.000,67.0
2026-08-19T21:59:16.000,67.3
2026-08-19T22:04:17.000,67.3
2026-08-19T22:09:17.000,67.3
2026-08-19T22:14:17.000,67.0
2026-08-19T22:19:17.000,67.0
2026-08-19T22:24:17.000,66.7
2026-08-19T22:29:17.000,66.3
2026-08-19T22:34:17.000,66.3
2026-08-19T22:39:17.000,66.0
2026-08-19T22:44:17.000,65.7
2026-08-19T22:49:17.000,65.4
2026-08-19T22:54:17.000,64.7
2026-08-19T22:59:17.000,64.4
2026-08-19T23:04:17.000,63.4
2026-08-19T23:09:18.000,62.8
2026-08-19T23:14:18.000,62.2
2026-08-19T23:19:18.000,61.2
2026-08-19T23:24:18.000,60.2
2026-08-19T23:29:18.000,59.9
2026-08-19T23:34:18.000,59.3
2026-08-19T23:39:18.000,58.3
2026-08-19T23:44:18.000,58.3
2026-08-19T23:49:18.000,57.6
2026-08-19T23:54:18.000,57.3
2026-08-19T23:59:18.000,57.0
2026-08-20T00:04:18.000,57.0
2026-08-20T00:09:19.000,56.7
2026-08-20T00:14:19.000,56.4
2026-08-20T00:19:19.000,56.0
2026-08-20T00:24:19.000,56.0
2026-08-20T00:29:19.000,56.0
2026-08-20T00:34:19.000,56.0
2026-08-20T00:39:19.000,56.4
2026-08-20T00:44:19.000,56.4
2026-08-20T00:49:19.000,56.7
2026-08-20T00:54:19.000,57.0
2026-08-20T00:59:19.000,57.3
2026-08-20T01:04:19.000,57.3
2026-08-20T01:09:19.000,57.3
2026-08-20T01:14:20.000,56.7
2026-08-20T01:19:20.000,56.0
2026-08-20T01:24:20.000,55.4
2026-08-20T01:29:20.000,55.1
2026-08-20T01:34:20.000,54.4
2026-08-20T01:39:20.000,54.1
2026-08-20T01:44:20.000,53.5
2026-08-20T01:49:20.000,52.5
2026-08-20T01:54:20.000,51.8
2026-08-20T01:59:20.000,50.9
2026-08-20T02:04:20.000,49.9
2026-08-20T02:09:20.000,48.9
2026-08-20T02:14:21.000,48.0
2026-08-20T02:19:21.000,47.7
2026-08-20T02:24:21.000,47.0
2026-08-20T02:29:21.000,46.4
2026-08-20T02:34:21.000,45.7
2026-08-20T02:39:21.000,45.1
2026-08-20T02:44:21.000,44.4
2026-08-20T02:49:21.000,44.1
2026-08-20T02:54:21.000,43.5
2026-08-20T02:59:21.000,43.5
2026-08-20T03:04:21.000,43.1
2026-08-20T03:09:21.000,43.1
2026-08-20T03:14:22.000,42.8
2026-08-20T03:19:22.000,43.1
2026-08-20T03:24:22.000,43.1
2026-08-20T03:29:22.000,43.1
2026-08-20T03:34:22.000,43.1
2026-08-20T03:39:22.000,43.1
2026-08-20T03:44:22.000,43.5
2026-08-20T03:49:22.000,43.1
2026-08-20T03:54:22.000,43.1
2026-08-20T03:59:22.000,43.1
2026-08-20T04:04:22.000,43.1
2026-08-20T04:09:22.000,43.1
2026-08-20T04:14:23.000,43.1
2026-08-20T04:19:23.000,43.1
2026-08-20T04:24:23.000,43.1
2026-08-20T04:29:23.000,43.5
2026-08-20T04:34:23.000,43.5
2026-08-20T04:39:23.000,43.5
2026-08-20T04:44:23.000,43.5
2026-08-20T04:49:23.000,43.5
2026-08-20T04:54:23.000,43.5
2026-08-20T04:59:23.000,43.5
2026-08-20T05:04:23.000,43.5
2026-08-20T05:09:23.000,43.5
2026-08-20T05:14:24.000,43.5
2026-08-20T05:19:24.000,43.5
2026-08-20T05:24:24.000,43.5
2026-08-20T05:29:24.000,43.5
2026-08-20T05:34:24.000,43.5
2026-08-20T05:39:24.000,43.5
2026-08-20T05:44:24.000,43.8
2026-08-20T05:49:24.000,43.8
2026-08-20T05:54:24.000,43.8
2026-08-20T05:59:24.000,44.1
2026-08-20T06:04:24.000,44.1
2026-08-20T06:09:24.000,44.1
2026-08-20T06:14:25.000,44.1
2026-08-20T06:19:25.000,44.1
2026-08-20T06:24:25.000,44.1
2026-08-20T06:29:25.000,43.8
2026-08-20T06:34:25.000,43.5
2026-08-20T06:39:25.000,43.5
2026-08-20T06:44:25.000,43.5
2026-08-20T06:49:25.000,43.1
2026-08-20T06:54:25.000,43.1
2026-08-20T06:59:25.000,42.8
2026-08-20T07:04:25.000,42.8
2026-08-20T07:09:25.000,42.5
2026-08-20T07:14:26.000,42.5
2026-08-20T07:19:26.000,42.5
2026-08-20T07:24:26.000,42.2
2026-08-20T07:29:26.000,42.2
2026-08-20T07:34:26.000,42.2
2026-08-20T07:39:26.000,42.2
2026-08-20T07:44:26.000,42.2
2026-08-20T07:49:26.000,42.2
2026-08-20T07:54:26.000,42.2
2026-08-20T07:59:26.000,42.2
2026-08-20T08:04:26.000,42.5
2026-08-20T08:09:26.000,42.5
2026-08-20T08:14:27.000,42.5
2026-08-20T08:19:27.000,42.5
2026-08-20T08:24:27.000,42.8
2026-08-20T08:29:27.000,42.8
2026-08-20T08:34:27.000,42.8
2026-08-20T08:39:27.000,42.8
2026-08-20T08:44:27.000,42.8
2026-08-20T08:49:27.000,42.8
2026-08-20T08:54:27.000,42.8
2026-08-20T08:59:27.000,42.8
2026-08-20T09:04:27.000,42.8
2026-08-20T09:09:27.000,42.8
2026-08-20T09:14:28.000,42.8
2026-08-20T09:19:28.000,42.5
2026-08-20T09:24:28.000,42.5
2026-08-20T09:29:28.000,42.5
2026-08-20T09:34:28.000,42.5
2026-08-20T09:39:28.000,42.5
2026-08-20T09:44:28.000,42.8
2026-08-20T09:49:28.000,42.8
2026-08-20T09:54:28.000,42.8
2026-08-20T09:59:28.000,43.1
2026-08-20T10:04:28.000,43.1
2026-08-20T10:09:28.000,43.1
2026-08-20T10:14:29.000,43.5
2026-08-20T10:19:29.000,43.5
2026-08-20T10:24:29.000,43.5
2026-08-20T10:29:29.000,43.5
2026-08-20T10:34:29.000,43.5
2026-08-20T10:39:29.000,43.5
2026-08-20T10:44:29.000,43.5
2026-08-20T10:49:29.000,43.5
2026-08-20T10:54:29.000,43.5
2026-08-20T10:59:29.000,43.1
2026-08-20T11:04:29.000,43.1
2026-08-20T11:09:29.000,42.8
2026-08-20T11:14:30.000,42.8
2026-08-20T11:19:30.000,42.5
2026-08-20T11:24:30.000,42.5
2026-08-20T11:29:30.000,42.5
2026-08-20T11:34:30.000,42.2
2026-08-20T11:39:30.000,42.2
2026-08-20T11:44:30.000,42.2
2026-08-20T11:49:30.000,42.2
2026-08-20T11:54:30.000,41.9
2026-08-20T11:59:30.000,41.9
2026-08-20T12:04:30.000,41.9
2026-08-20T12:09:30.000,41.5
2026-08-20T12:14:31.000,41.5
2026-08-20T12:19:31.000,41.2
2026-08-20T12:24:31.000,41.2
2026-08-20T12:29:31.000,41.2
2026-08-20T12:34:31.000,41.2
2026-08-20T12:39:31.000,41.2
2026-08-20T12:44:31.000,41.2
2026-08-20T12:49:31.000,40.9
2026-08-20T12:54:31.000,40.9
2026-08-20T12:59:31.000,40.9
2026-08-20T13:04:31.000,41.2
2026-08-20T13:09:31.000,41.2
2026-08-20T13:14:32.000,40.9
2026-08-20T13:19:32.000,40.9
2026-08-20T13:24:32.000,40.9
2026-08-20T13:29:32.000,41.2
2026-08-20T13:34:32.000,41.2
2026-08-20T13:39:32.000,41.5
2026-08-20T13:44:32.000,41.9
2026-08-20T13:49:32.000,42.2
2026-08-20T13:54:32.000,42.8
2026-08-20T13:59:32.000,43.1
2026-08-20T14:04:32.000,43.5
2026-08-20T14:09:32.000,43.8
2026-08-20T14:14:32.000,44.1
2026-08-20T14:19:33.000,44.8
2026-08-20T14:24:33.000,45.1
2026-08-20T14:29:33.000,45.4
2026-08-20T14:34:33.000,45.7
2026-08-20T14:39:33.000,45.7
2026-08-20T14:44:33.000,46.0
2026-08-20T14:49:33.000,46.4
2026-08-20T14:54:33.000,46.7
2026-08-20T14:59:33.000,46.7
2026-08-20T15:04:33.000,46.7
2026-08-20T15:09:33.000,47.0
2026-08-20T15:14:33.000,47.3
2026-08-20T15:19:34.000,47.3
2026-08-20T15:24:34.000,47.3
2026-08-20T15:29:34.000,47.3
2026-08-20T15:34:34.000,47.7
2026-08-20T15:39:34.000,47.7
2026-08-20T15:44:34.000,47.7
2026-08-20T15:49:34.000,47.7
2026-08-20T15:54:34.000,48.0
2026-08-20T15:59:34.000,48.3
2026-08-20T16:04:34.000,48.3
2026-08-20T16:09:34.000,48.6
2026-08-20T16:14:34.000,48.6
2026-08-20T16:19:34.000,48.6
2026-08-20T16:24:35.000,48.9
2026-08-20T16:29:35.000,48.9
2026-08-20T16:34:35.000,49.3
2026-08-20T16:39:35.000,49.6
2026-08-20T16:44:35.000,49.6
2026-08-20T16:49:35.000,49.9
2026-08-20T16:54:35.000,50.2
2026-08-20T16:59:35.000,50.2
2026-08-20T17:04:35.000,50.6
2026-08-20T17:09:35.000,50.9
2026-08-20T17:14:35.000,50.9
2026-08-20T17:19:35.000,51.2
2026-08-20T17:24:36.000,51.5
2026-08-20T17:29:36.000,51.8
2026-08-20T17:34:36.000,52.2
2026-08-20T17:39:36.000,52.8
2026-08-20T17:44:36.000,53.5
2026-08-20T17:49:36.000,53.8
2026-08-20T17:54:36.000,54.4
2026-08-20T17:59:36.000,54.7
2026-08-20T18:04:36.000,55.4
2026-08-20T18:09:36.000,55.4
2026-08-20T18:14:36.000,55.7
2026-08-20T18:19:36.000,56.0
2026-08-20T18:24:37.000,56.4
2026-08-20T18:29:37.000,56.7
2026-08-20T18:34:37.000,57.0
2026-08-20T18:39:37.000,57.3
2026-08-20T18:44:37.000,57.6
2026-08-20T18:49:37.000,58.0
2026-08-20T18:54:37.000,58.3
2026-08-20T18:59:37.000,58.6
2026-08-20T19:04:37.000,58.6
2026-08-20T19:09:37.000,58.9
2026-08-20T19:14:37.000,59.3
2026-08-20T19:19:37.000,59.6
2026-08-20T19:24:37.000,59.9
2026-08-20T19:29:38.000,59.9
2026-08-20T19:34:38.000,60.2
2026-08-20T19:39:38.000,60.5
2026-08-20T19:44:38.000,60.9
2026-08-20T19:49:38.000,60.9
2026-08-20T19:54:38.000,61.2
2026-08-20T19:59:38.000,61.5
2026-08-20T20:04:38.000,61.8
2026-08-20T20:09:38.000,62.2
2026-08-20T20:14:38.000,62.5
2026-08-20T20:19:38.000,62.8
2026-08-20T20:24:38.000,62.8
2026-08-20T20:29:39.000,63.1
2026-08-20T20:34:39.000,63.4
2026-08-20T20:39:39.000,63.4
2026-08-20T20:44:39.000,63.8
2026-08-20T20:49:39.000,64.1
2026-08-20T20:54:39.000,64.1
2026-08-20T20:59:39.000,64.4
2026-08-20T21:04:39.000,64.4
2026-08-20T21:09:39.000,64.4
2026-08-20T21:14:39.000,64.4
2026-08-20T21:19:39.000,65.1
2026-08-20T21:24:39.000,65.1
2026-08-20T21:29:39.000,64.7
2026-08-20T21:34:40.000,65.1
2026-08-20T21:39:40.000,65.4
2026-08-20T21:44:40.000,65.4
2026-08-20T21:49:40.000,65.4
2026-08-20T21:54:40.000,65.4
2026-08-20T21:59:40.000,65.7
2026-08-20T22:04:40.000,65.7
2026-08-20T22:09:40.000,66.0
2026-08-20T22:14:40.000,66.0
2026-08-20T22:19:40.000,66.0
2026-08-20T22:24:40.000,66.3
2026-08-20T22:29:40.000,66.0
2026-08-20T22:34:41.000,66.0
2026-08-20T22:39:41.000,66.0
2026-08-20T22:44:41.000,66.0
2026-08-20T22:49:41.000,66.0
2026-08-20T22:54:41.000,66.0
2026-08-20T22:59:41.000,66.0
2026-08-20T23:04:41.000,66.0
2026-08-20T23:09:41.000,66.0
2026-08-20T23:14:41.000,66.0
2026-08-20T23:19:41.000,66.0
2026-08-20T23:24:41.000,66.0
2026-08-20T23:29:41.000,66.0
2026-08-20T23:34:41.000,66.0
2026-08-20T23:39:42.000,65.7
2026-08-20T23:44:42.000,65.7
2026-08-20T23:49:42.000,65.7
2026-08-20T23:54:42.000,65.7
2026-08-20T23:59:42.000,65.4
2026-08-21T00:04:42.000,65.4
2026-08-21T00:09:42.000,64.7
2026-08-21T00:14:42.000,65.1
2026-08-21T00:19:42.000,64.7
2026-08-21T00:24:42.000,64.7
2026-08-21T00:29:42.000,64.4
2026-08-21T00:34:42.000,64.1
2026-08-21T00:39:42.000,63.8
2026-08-21T00:44:43.000,63.4
2026-08-21T00:49:43.000,63.1
2026-08-21T00:54:43.000,62.8
2026-08-21T00:59:43.000,62.2
2026-08-21T01:04:43.000,61.5
2026-08-21T01:09:43.000,60.5
2026-08-21T01:14:43.000,59.9
2026-08-21T01:19:43.000,59.3
2026-08-21T01:24:43.000,58.6
2026-08-21T01:29:43.000,58.3
2026-08-21T01:34:43.000,57.6
2026-08-21T01:39:43.000,57.3
2026-08-21T01:44:44.000,56.7
2026-08-21T01:49:44.000,56.4
2026-08-21T01:54:44.000,55.7
2026-08-21T01:59:44.000,55.1
2026-08-21T02:04:44.000,54.4
2026-08-21T02:09:44.000,53.8
2026-08-21T02:14:44.000,53.1
2026-08-21T02:19:44.000,52.8
2026-08-21T02:24:44.000,52.5
2026-08-21T02:29:44.000,51.8
2026-08-21T02:34:44.000,51.5
2026-08-21T02:39:44.000,51.2
2026-08-21T02:44:44.000,50.9
2026-08-21T02:49:45.000,50.6
2026-08-21T02:54:45.000,50.6
2026-08-21T02:59:45.000,50.2
2026-08-21T03:04:45.000,49.9
2026-08-21T03:09:45.000,49.9
2026-08-21T03:14:45.000,49.6
2026-08-21T03:19:45.000,49.6
2026-08-21T03:24:45.000,49.3
2026-08-21T03:29:45.000,49.3
2026-08-21T03:34:45.000,48.9
2026-08-21T03:39:45.000,48.9
2026-08-21T03:44:46.000,48.6
2026-08-21T03:49:46.000,48.6
2026-08-21T03:54:46.000,48.6
2026-08-21T03:59:46.000,48.3
2026-08-21T04:04:46.000,48.3
2026-08-21T04:09:46.000,48.3
2026-08-21T04:14:46.000,48.3
2026-08-21T04:19:46.000,48.3
2026-08-21T04:24:46.000,48.3
2026-08-21T04:29:46.000,48.3
2026-08-21T04:34:46.000,48.3
2026-08-21T04:39:46.000,48.0
2026-08-21T04:44:47.000,48.0
2026-08-21T04:49:47.000,48.0
2026-08-21T04:54:47.000,48.0
2026-08-21T04:59:47.000,48.0
2026-08-21T05:04:47.000,48.0
2026-08-21T05:09:47.000,48.0
2026-08-21T05:14:47.000,48.0
2026-08-21T05:19:47.000,47.7
2026-08-21T05:24:47.000,47.7
2026-08-21T05:29:47.000,47.7
2026-08-21T05:34:47.000,47.7
2026-08-21T05:39:47.000,47.7
2026-08-21T05:44:47.000,47.7
2026-08-21T05:49:48.000,47.3
2026-08-21T05:54:48.000,47.3
2026-08-21T05:59:48.000,47.3
2026-08-21T06:04:48.000,47.0
2026-08-21T06:09:48.000,47.0
2026-08-21T06:14:48.000,47.0
2026-08-21T06:19:48.000,46.7
2026-08-21T06:24:48.000,46.7
2026-08-21T06:29:48.000,46.4
2026-08-21T06:34:48.000,46.4
2026-08-21T06:39:48.000,46.0
2026-08-21T06:44:48.000,46.0
2026-08-21T06:49:49.000,45.7
2026-08-21T06:54:49.000,45.7
2026-08-21T06:59:49.000,45.4
2026-08-21T07:04:49.000,45.4
2026-08-21T07:09:49.000,45.4
2026-08-21T07:14:49.000,45.1
2026-08-21T07:19:49.000,45.1
2026-08-21T07:24:49.000,45.1
2026-08-21T07:29:49.000,45.1
2026-08-21T07:34:49.000,44.8
2026-08-21T07:39:49.000,44.8
2026-08-21T07:44:50.000,44.8
2026-08-21T07:49:50.000,44.8
2026-08-21T07:54:50.000,44.8
2026-08-21T07:59:50.000,44.8
2026-08-21T08:04:50.000,44.4
2026-08-21T08:09:50.000,44.4
2026-08-21T08:14:50.000,44.4
2026-08-21T08:19:50.000,44.1
2026-08-21T08:24:50.000,44.1
2026-08-21T08:29:50.000,44.1
2026-08-21T08:34:50.000,43.8
2026-08-21T08:39:50.000,43.8
2026-08-21T08:44:50.000,43.8
2026-08-21T08:49:51.000,43.5
2026-08-21T08:54:51.000,43.5
2026-08-21T08:59:51.000,43.5
2026-08-21T09:04:51.000,43.1
2026-08-21T09:09:51.000,43.1
2026-08-21T09:14:51.000,43.1
2026-08-21T09:19:51.000,42.8
2026-08-21T09:24:51.000,42.8
2026-08-21T09:29:51.000,42.8
2026-08-21T09:34:51.000,42.8
2026-08-21T09:39:51.000,42.5
2026-08-21T09:44:51.000,42.5
2026-08-21T09:49:52.000,42.5
2026-08-21T09:54:52.000,42.8
2026-08-21T09:59:52.000,42.8
2026-08-21T10:04:52.000,42.8
2026-08-21T10:09:52.000,42.8
2026-08-21T10:14:52.000,42.8
2026-08-21T10:19:52.000,42.8
2026-08-21T10:24:52.000,42.5
2026-08-21T10:29:52.000,42.5
2026-08-21T10:34:52.000,42.5
2026-08-21T10:39:52.000,42.5
2026-08-21T10:44:52.000,42.5
2026-08-21T10:49:53.000,42.5
2026-08-21T10:54:53.000,42.5
2026-08-21T10:59:53.000,42.5
2026-08-21T11:04:53.000,42.2
2026-08-21T11:09:53.000,42.2
2026-08-21T11:14:53.000,42.2
2026-08-21T11:19:53.000,42.2
2026-08-21T11:24:53.000,42.2
2026-08-21T11:29:53.000,42.2
2026-08-21T11:34:53.000,42.2
2026-08-21T11:39:53.000,42.2
2026-08-21T11:44:54.000,42.2
2026-08-21T11:49:54.000,42.2
2026-08-21T11:54:54.000,41.9
2026-08-21T11:59:54.000,41.9
2026-08-21T12:04:54.000,41.9
2026-08-21T12:09:54.000,41.9
2026-08-21T12:14:54.000,41.9
2026-08-21T12:19:54.000,41.9
2026-08-21T12:24:54.000,41.5
2026-08-21T12:29:54.000,41.9
2026-08-21T12:34:54.000,41.9
2026-08-21T12:39:54.000,41.5
2026-08-21T12:44:54.000,41.5
2026-08-21T12:49:55.000,41.5
2026-08-21T12:54:55.000,41.9
2026-08-21T12:59:55.000,41.5
2026-08-21T13:04:55.000,41.5
2026-08-21T13:09:55.000,41.5
2026-08-21T13:14:55.000,41.5
2026-08-21T13:19:55.000,41.5
2026-08-21T13:24:55.000,41.9
2026-08-21T13:29:55.000,41.9
2026-08-21T13:34:55.000,41.9
2026-08-21T13:39:55.000,42.2
2026-08-21T13:44:55.000,42.5
2026-08-21T13:49:56.000,42.8
2026-08-21T13:54:56.000,43.5
2026-08-21T13:59:56.000,43.8
2026-08-21T14:04:56.000,44.1
2026-08-21T14:09:56.000,44.4
2026-08-21T14:14:56.000,45.1
2026-08-21T14:19:56.000,45.1
2026-08-21T14:24:56.000,45.7
2026-08-21T14:29:56.000,45.7
2026-08-21T14:34:56.000,46.0
2026-08-21T14:39:56.000,46.4
2026-08-21T14:44:56.000,46.7
2026-08-21T14:49:56.000,46.7
2026-08-21T14:54:57.000,47.0
2026-08-21T14:59:57.000,47.3
2026-08-21T15:04:57.000,47.7
2026-08-21T15:09:57.000,47.7
2026-08-21T15:14:57.000,48.0
2026-08-21T15:19:57.000,48.0
2026-08-21T15:24:57.000,48.0
2026-08-21T15:29:57.000,48.3
2026-08-21T15:34:57.000,48.6
2026-08-21T15:39:57.000,48.6
2026-08-21T15:44:57.000,48.6
2026-08-21T15:49:57.000,48.9
2026-08-21T15:54:58.000,49.3
2026-08-21T15:59:58.000,49.3
2026-08-21T16:04:58.000,49.6
2026-08-21T16:09:58.000,49.6
2026-08-21T16:14:58.000,49.9
2026-08-21T16:19:58.000,49.9
2026-08-21T16:24:58.000,50.2
2026-08-21T16:29:58.000,50.6
2026-08-21T16:34:58.000,50.9
2026-08-21T16:39:58.000,50.9
2026-08-21T16:44:58.000,51.2
2026-08-21T16:49:58.000,51.5
2026-08-21T16:54:59.000,51.8
2026-08-21T16:59:59.000,52.2
2026-08-21T17:04:59.000,52.5
2026-08-21T17:09:59.000,52.8
2026-08-21T17:14:59.000,53.5
2026-08-21T17:19:59.000,53.8
2026-08-21T17:24:59.000,54.1
2026-08-21T17:29:59.000,54.4
2026-08-21T17:34:59.000,55.1
2026-08-21T17:39:59.000,55.4
2026-08-21T17:44:59.000,56.0
2026-08-21T17:49:59.000,56.7
2026-08-21T17:54:59.000,57.3
2026-08-21T18:00:00.000,57.6
2026-08-21T18:05:00.000,58.3
2026-08-21T18:10:00.000,58.6
2026-08-21T18:15:00.000,58.9
2026-08-21T18:20:00.000,59.3
2026-08-21T18:25:00.000,59.6
2026-08-21T18:30:00.000,60.2
2026-08-21T18:35:00.000,60.5
2026-08-21T18:40:00.000,60.9
2026-08-21T18:45:00.000,61.2
2026-08-21T18:50:00.000,61.5
2026-08-21T18:55:00.000,62.2
2026-08-21T19:00:01.000,62.5
2026-08-21T19:05:01.000,62.8
2026-08-21T19:10:01.000,63.1
2026-08-21T19:15:01.000,63.4
2026-08-21T19:20:01.000,63.8
2026-08-21T19:25:01.000,64.1
2026-08-21T19:30:01.000,64.4
2026-08-21T19:35:01.000,64.4
2026-08-21T19:40:01.000,65.1
2026-08-21T19:45:01.000,65.1
2026-08-21T19:50:01.000,65.4
2026-08-21T19:55:01.000,65.7
2026-08-21T20:00:01.000,66.0
2026-08-21T20:05:02.000,66.3
2026-08-21T20:10:02.000,66.7
2026-08-21T20:15:02.000,67.0
2026-08-21T20:20:02.000,67.0
2026-08-21T20:25:02.000,67.0
2026-08-21T20:30:02.000,66.7
2026-08-21T20:35:02.000,65.7
2026-08-21T20:40:02.000,65.1
2026-08-21T20:45:02.000,64.4
2026-08-21T20:50:02.000,63.8
2026-08-21T20:55:02.000,63.1
2026-08-21T21:00:02.000,62.5
2026-08-21T21:05:03.000,62.2
2026-08-21T21:10:03.000,61.8
2026-08-21T21:15:03.000,61.8
2026-08-21T21:20:03.000,62.2
2026-08-21T21:25:03.000,62.5
2026-08-21T21:30:03.000,62.8
2026-08-21T21:35:03.000,62.8
2026-08-21T21:40:03.000,63.4
2026-08-21T21:45:03.000,63.8
2026-08-21T21:50:03.000,64.1
2026-08-21T21:55:03.000,64.4
2026-08-21T22:00:03.000,64.4
2026-08-21T22:05:03.000,64.7
2026-08-21T22:10:04.000,64.7
2026-08-21T22:15:04.000,65.1
2026-08-21T22:20:04.000,66.0
2026-08-21T22:25:04.000,66.7
2026-08-21T22:30:04.000,67.3
2026-08-21T22:35:04.000,68.0
2026-08-21T22:40:04.000,68.6
2026-08-21T22:45:04.000,68.9
2026-08-21T22:50:04.000,68.9
2026-08-21T22:55:04.000,68.6
2026-08-21T23:00:04.000,68.6
2026-08-21T23:05:04.000,68.0
2026-08-21T23:10:05.000,67.3
2026-08-21T23:15:05.000,66.3
2026-08-21T23:20:05.000,65.1
2026-08-21T23:25:05.000,63.8
2026-08-21T23:30:05.000,62.5
2026-08-21T23:35:05.000,60.9
2026-08-21T23:40:05.000,59.3
2026-08-21T23:45:05.000,58.0
2026-08-21T23:50:05.000,56.7
2026-08-21T23:55:05.000,55.1
2026-08-22T00:00:05.000,52.5
2026-08-22T00:05:05.000,50.2
2026-08-22T00:10:05.000,48.3
2026-08-22T00:15:06.000,46.4
2026-08-22T00:20:06.000,45.1
2026-08-22T00:25:06.000,44.1
2026-08-22T00:30:06.000,43.5
2026-08-22T00:35:06.000,43.1
2026-08-22T00:40:06.000,43.1
2026-08-22T00:45:06.000,42.8
2026-08-22T00:50:06.000,42.8
2026-08-22T00:55:06.000,43.1
2026-08-22T01:00:06.000,42.8
2026-08-22T01:05:06.000,42.8
2026-08-22T01:10:06.000,42.8
2026-08-22T01:15:07.000,42.8
2026-08-22T01:20:07.000,42.8
2026-08-22T01:25:07.000,42.8
2026-08-22T01:30:07.000,42.8
2026-08-22T01:35:07.000,43.1
2026-08-22T01:40:07.000,42.8
2026-08-22T01:45:07.000,43.1
2026-08-22T01:50:07.000,42.8
2026-08-22T01:55:07.000,43.1
2026-08-22T02:00:07.000,43.1
2026-08-22T02:05:07.000,43.1
2026-08-22T02:10:07.000,43.1
2026-08-22T02:15:08.000,43.1
2026-08-22T02:20:08.000,43.1
2026-08-22T02:25:08.000,43.1
2026-08-22T02:30:08.000,43.1
2026-08-22T02:35:08.000,43.1
2026-08-22T02:40:08.000,43.1
2026-08-22T02:45:08.000,43.1
2026-08-22T02:50:08.000,43.1
2026-08-22T02:55:08.000,42.8
2026-08-22T03:00:08.000,42.8
2026-08-22T03:05:08.000,42.8
2026-08-22T03:10:08.000,42.8
2026-08-22T03:15:08.000,42.8
2026-08-22T03:20:09.000,42.8
2026-08-22T03:25:09.000,42.5
2026-08-22T03:30:09.000,42.5
2026-08-22T03:35:09.000,42.5
2026-08-22T03:40:09.000,42.5
2026-08-22T03:45:09.000,42.5
2026-08-22T03:50:09.000,42.5
2026-08-22T03:55:09.000,42.5
2026-08-22T04:00:09.000,42.5
2026-08-22T04:05:09.000,42.5
2026-08-22T04:10:09.000,42.5
2026-08-22T04:15:09.000,42.5
2026-08-22T04:20:10.000,42.5
2026-08-22T04:25:10.000,42.5
2026-08-22T04:30:10.000,42.5
2026-08-22T04:35:10.000,42.5
2026-08-22T04:40:10.000,42.5
2026-08-22T04:45:10.000,42.5
2026-08-22T04:50:10.000,42.5
2026-08-22T04:55:10.000,42.5
2026-08-22T05:00:10.000,42.2
2026-08-22T05:05:10.000,42.2
2026-08-22T05:10:10.000,42.2
2026-08-22T05:15:11.000,42.2
2026-08-22T05:20:11.000,42.2
2026-08-22T05:25:11.000,42.2
2026-08-22T05:30:11.000,41.9
2026-08-22T05:35:11.000,41.9
2026-08-22T05:40:11.000,41.9
2026-08-22T05:45:11.000,41.9
2026-08-22T05:50:11.000,41.9
2026-08-22T05:55:11.000,41.5
2026-08-22T06:00:11.000,41.5
2026-08-22T06:05:11.000,41.5
2026-08-22T06:10:11.000,41.2
2026-08-22T06:15:12.000,41.2
2026-08-22T06:20:12.000,41.2
2026-08-22T06:25:12.000,41.2
2026-08-22T06:30:12.000,41.2
2026-08-22T06:35:12.000,41.2
2026-08-22T06:40:12.000,41.2
2026-08-22T06:45:12.000,41.2
2026-08-22T06:50:12.000,41.2
2026-08-22T06:55:12.000,41.2
2026-08-22T07:00:12.000,41.2
2026-08-22T07:05:12.000,41.2
2026-08-22T07:10:12.000,40.9
2026-08-22T07:15:12.000,40.9
2026-08-22T07:20:13.000,40.9
2026-08-22T07:25:13.000,40.9
2026-08-22T07:30:13.000,40.9
2026-08-22T07:35:13.000,40.9
2026-08-22T07:40:13.000,40.9
2026-08-22T07:45:13.000,40.6
2026-08-22T07:50:13.000,40.6
2026-08-22T07:55:13.000,40.6
2026-08-22T08:00:13.000,40.6
2026-08-22T08:05:13.000,40.9
2026-08-22T08:10:13.000,40.9
2026-08-22T08:15:13.000,40.9
2026-08-22T08:20:14.000,40.9
2026-08-22T08:25:14.000,40.9
2026-08-22T08:30:14.000,40.9
2026-08-22T08:35:14.000,40.9
2026-08-22T08:40:14.000,40.9
2026-08-22T08:45:14.000,40.6
2026-08-22T08:50:14.000,40.6
2026-08-22T08:55:14.000,40.6
2026-08-22T09:00:14.000,40.6
2026-08-22T09:05:14.000,40.2
2026-08-22T09:10:14.000,40.2
2026-08-22T09:15:14.000,40.2
2026-08-22T09:20:15.000,40.2
2026-08-22T09:25:15.000,40.2
2026-08-22T09:30:15.000,40.2
2026-08-22T09:35:15.000,40.2
2026-08-22T09:40:15.000,40.2
2026-08-22T09:45:15.000,40.2
2026-08-22T09:50:15.000,40.2
2026-08-22T09:55:15.000,40.2
2026-08-22T10:00:15.000,40.2
2026-08-22T10:05:15.000,40.2
2026-08-22T10:10:15.000,40.2
2026-08-22T10:15:15.000,40.2
2026-08-22T10:20:16.000,40.2
2026-08-22T10:25:16.000,40.2
2026-08-22T10:30:16.000,40.2
2026-08-22T10:35:16.000,40.2
2026-08-22T10:40:16.000,40.2
2026-08-22T10:45:16.000,39.9
2026-08-22T10:50:16.000,39.9
2026-08-22T10:55:16.000,39.9
2026-08-22T11:00:16.000,39.9
2026-08-22T11:05:16.000,39.6
2026-08-22T11:10:16.000,39.6
2026-08-22T11:15:16.000,39.6
2026-08-22T11:20:17.000,39.6
2026-08-22T11:25:17.000,39.6
2026-08-22T11:30:17.000,39.6
2026-08-22T11:35:17.000,39.6
2026-08-22T11:40:17.000,39.6
2026-08-22T11:45:17.000,39.6
2026-08-22T11:50:17.000,39.6
2026-08-22T11:55:17.000,39.6
2026-08-22T12:00:17.000,39.3
2026-08-22T12:05:17.000,39.3
2026-08-22T12:10:17.000,39.3
2026-08-22T12:15:17.000,39.3
2026-08-22T12:20:18.000,39.3
2026-08-22T12:25:18.000,39.6
2026-08-22T12:30:18.000,39.6
2026-08-22T12:35:18.000,39.6
2026-08-22T12:40:18.000,39.3
2026-08-22T12:45:18.000,39.6
2026-08-22T12:50:18.000,39.6
2026-08-22T12:55:18.000,39.6
2026-08-22T13:00:18.000,39.6
2026-08-22T13:05:18.000,39.6
2026-08-22T13:10:18.000,39.6
2026-08-22T13:15:18.000,39.6
2026-08-22T13:20:19.000,39.6
2026-08-22T13:25:19.000,39.9
2026-08-22T13:30:19.000,39.9
2026-08-22T13:35:19.000,40.2
2026-08-22T13:40:19.000,40.2
2026-08-22T13:45:19.000,40.9
2026-08-22T13:50:19.000,41.2
2026-08-22T13:55:19.000,41.5
2026-08-22T14:00:19.000,42.2
2026-08-22T14:05:19.000,42.5
2026-08-22T14:10:19.000,42.8
2026-08-22T14:15:19.000,42.8
2026-08-22T14:20:20.000,43.5
2026-08-22T14:25:20.000,43.8
2026-08-22T14:30:20.000,44.1
2026-08-22T14:35:20.000,44.4
2026-08-22T14:40:20.000,44.8
2026-08-22T14:45:20.000,45.1
2026-08-22T14:50:20.000,45.1
2026-08-22T14:55:20.000,45.4
2026-08-22T15:00:20.000,45.4
2026-08-22T15:05:20.000,45.7
2026-08-22T15:10:20.000,45.7
2026-08-22T15:15:20.000,46.0
2026-08-22T15:20:20.000,46.0
2026-08-22T15:25:21.000,46.0
2026-08-22T15:30:21.000,46.7
2026-08-22T15:35:21.000,46.7
2026-08-22T15:40:21.000,46.7
2026-08-22T15:45:21.000,47.0
2026-08-22T15:50:21.000,47.0
2026-08-22T15:55:21.000,47.3
2026-08-22T16:00:21.000,47.3
2026-08-22T16:05:21.000,47.3
2026-08-22T16:10:21.000,48.0
2026-08-22T16:15:21.000,48.0
2026-08-22T16:20:21.000,48.3
2026-08-22T16:25:22.000,48.3
2026-08-22T16:30:22.000,48.9
2026-08-22T16:35:22.000,48.9
2026-08-22T16:40:22.000,49.3
2026-08-22T16:45:22.000,49.6
2026-08-22T16:50:22.000,49.6
2026-08-22T16:55:22.000,50.2
2026-08-22T17:00:22.000,50.6
2026-08-22T17:05:22.000,50.9
2026-08-22T17:10:22.000,50.9
2026-08-22T17:15:22.000,51.8
2026-08-22T17:20:22.000,51.8
2026-08-22T17:25:22.000,52.2
2026-08-22T17:30:23.000,52.8
2026-08-22T17:35:23.000,53.1
2026-08-22T17:40:23.000,53.8
2026-08-22T17:45:23.000,54.4
2026-08-22T17:50:23.000,55.1
2026-08-22T17:55:23.000,55.7
2026-08-22T18:00:23.000,56.4
2026-08-22T18:05:23.000,57.0
2026-08-22T18:10:23.000,57.6
2026-08-22T18:15:23.000,57.6
2026-08-22T18:20:23.000,58.3
2026-08-22T18:25:23.000,58.9
2026-08-22T18:30:24.000,59.3
2026-08-22T18:35:24.000,59.9
2026-08-22T18:40:24.000,60.2
2026-08-22T18:45:24.000,60.5
2026-08-22T18:50:24.000,61.2
2026-08-22T18:55:24.000,61.2
2026-08-22T19:00:24.000,61.5
2026-08-22T19:05:24.000,62.2
2026-08-22T19:10:24.000,62.2
2026-08-22T19:15:24.000,62.5
2026-08-22T19:20:24.000,63.1
2026-08-22T19:25:24.000,63.4
2026-08-22T19:30:24.000,63.8
2026-08-22T19:35:25.000,64.1
2026-08-22T19:40:25.000,64.4
2026-08-22T19:45:25.000,65.1
2026-08-22T19:50:25.000,65.4
2026-08-22T19:55:25.000,65.7
2026-08-22T20:00:25.000,66.0
2026-08-22T20:05:25.000,66.3
2026-08-22T20:10:25.000,66.7
2026-08-22T20:15:25.000,67.0
2026-08-22T20:20:25.000,67.3
2026-08-22T20:25:25.000,67.3
2026-08-22T20:30:25.000,67.6
2026-08-22T20:35:26.000,68.0
2026-08-22T20:40:26.000,68.3
2026-08-22T20:45:26.000,68.6
2026-08-22T20:50:26.000,68.6
2026-08-22T20:55:26.000,68.9
2026-08-22T21:00:26.000,68.9
2026-08-22T21:05:26.000,69.2
2026-08-22T21:10:26.000,69.6
2026-08-22T21:15:26.000,69.9
2026-08-22T21:20:26.000,69.9
2026-08-22T21:25:26.000,69.9
2026-08-22T21:30:26.000,70.2
2026-08-22T21:35:27.000,70.5
2026-08-22T21:40:27.000,70.2
2026-08-22T21:45:27.000,70.5
2026-08-22T21:50:27.000,70.5
2026-08-22T21:55:27.000,70.9
2026-08-22T22:00:27.000,70.9
2026-08-22T22:05:27.000,71.2
2026-08-22T22:10:27.000,71.5
2026-08-22T22:15:27.000,71.2
2026-08-22T22:20:27.000,70.2
2026-08-22T22:25:27.000,68.9
2026-08-22T22:30:27.000,68.9
2026-08-22T22:35:27.000,68.9
2026-08-22T22:40:28.000,68.6
2026-08-22T22:45:28.000,68.3
2026-08-22T22:50:28.000,67.6
2026-08-22T22:55:28.000,66.7
2026-08-22T23:00:28.000,65.7
2026-08-22T23:05:28.000,65.1
2026-08-22T23:10:28.000,64.4
2026-08-22T23:15:28.000,63.8
2026-08-22T23:20:28.000,63.4
2026-08-22T23:25:28.000,62.8
2026-08-22T23:30:28.000,62.8
2026-08-22T23:35:28.000,62.8
2026-08-22T23:40:29.000,62.5
2026-08-22T23:45:29.000,61.8
2026-08-22T23:50:29.000,61.5
2026-08-22T23:55:29.000,60.9
2026-08-23T00:00:29.000,60.5
2026-08-23T00:05:29.000,60.2
2026-08-23T00:10:29.000,59.6
2026-08-23T00:15:29.000,59.3
2026-08-23T00:20:29.000,58.9
2026-08-23T00:25:29.000,58.3
2026-08-23T00:30:29.000,58.0
2026-08-23T00:35:29.000,57.6
2026-08-23T00:40:29.000,57.3
2026-08-23T00:45:30.000,57.0
2026-08-23T00:50:30.000,56.4
2026-08-23T00:55:30.000,56.0
2026-08-23T01:00:30.000,55.7
2026-08-23T01:05:30.000,55.1
2026-08-23T01:10:30.000,54.7
2026-08-23T01:15:30.000,54.4
2026-08-23T01:20:30.000,54.1
2026-08-23T01:25:30.000,53.8
2026-08-23T01:30:30.000,53.5
2026-08-23T01:35:30.000,53.1
2026-08-23T01:40:30.000,52.8
2026-08-23T01:45:31.000,52.5
2026-08-23T01:50:31.000,52.2
2026-08-23T01:55:31.000,51.8
2026-08-23T02:00:31.000,51.8
2026-08-23T02:05:31.000,51.5
2026-08-23T02:10:31.000,51.2
2026-08-23T02:15:31.000,51.2
2026-08-23T02:20:31.000,50.9
2026-08-23T02:25:31.000,50.9
2026-08-23T02:30:31.000,50.6
2026-08-23T02:35:31.000,50.6
2026-08-23T02:40:31.000,50.2
2026-08-23T02:45:31.000,50.2
2026-08-23T02:50:32.000,49.9
2026-08-23T02:55:32.000,49.9
2026-08-23T03:00:32.000,49.9
2026-08-23T03:05:32.000,49.6
2026-08-23T03:10:32.000,49.6
2026-08-23T03:15:32.000,49.6
2026-08-23T03:20:32.000,49.6
2026-08-23T03:25:32.000,49.6
2026-08-23T03:30:32.000,49.6
2026-08-23T03:35:32.000,49.6
2026-08-23T03:40:32.000,49.6
2026-08-23T03:45:32.000,49.3
2026-08-23T03:50:33.000,49.3
2026-08-23T03:55:33.000,49.3
2026-08-23T04:00:33.000,48.9
2026-08-23T04:05:33.000,49.3
2026-08-23T04:10:33.000,48.9
2026-08-23T04:15:33.000,48.9
2026-08-23T04:20:33.000,48.9
2026-08-23T04:25:33.000,48.9
2026-08-23T04:30:33.000,48.9
2026-08-23T04:35:33.000,48.9
2026-08-23T04:40:33.000,48.9
2026-08-23T04:45:33.000,48.6
2026-08-23T04:50:34.000,48.6
2026-08-23T04:55:34.000,48.6
2026-08-23T05:00:34.000,48.6
2026-08-23T05:05:34.000,48.3
2026-08-23T05:10:34.000,48.3
2026-08-23T05:15:34.000,48.3
2026-08-23T05:20:34.000,48.0
2026-08-23T05:25:34.000,48.0
2026-08-23T05:30:34.000,47.7
2026-08-23T05:35:34.000,47.7
2026-08-23T05:40:34.000,47.7
2026-08-23T05:45:34.000,47.7
2026-08-23T05:50:35.000,47.7
2026-08-23T05:55:35.000,47.7
2026-08-23T06:00:35.000,47.7
2026-08-23T06:05:35.000,47.7
2026-08-23T06:10:35.000,47.3
2026-08-23T06:15:35.000,47.3
2026-08-23T06:20:35.000,47.3
2026-08-23T06:25:35.000,47.3
2026-08-23T06:30:35.000,47.0
2026-08-23T06:35:35.000,47.0
2026-08-23T06:40:35.000,47.0
2026-08-23T06:45:35.000,47.0
2026-08-23T06:50:36.000,47.0
2026-08-23T06:55:36.000,47.0
2026-08-23T07:00:36.000,47.0
2026-08-23T07:05:36.000,47.0
2026-08-23T07:10:36.000,46.7
2026-08-23T07:15:36.000,47.0
2026-08-23T07:20:36.000,47.0
2026-08-23T07:25:36.000,47.0
2026-08-23T07:30:36.000,47.0
2026-08-23T07:35:36.000,47.0
2026-08-23T07:40:36.000,47.0
2026-08-23T07:45:36.000,47.0
2026-08-23T07:50:37.000,47.0
2026-08-23T07:55:37.000,47.0
2026-08-23T08:00:37.000,47.0
2026-08-23T08:05:37.000,47.0
2026-08-23T08:10:37.000,47.0
2026-08-23T08:15:37.000,47.0
2026-08-23T08:20:37.000,47.0
2026-08-23T08:25:37.000,47.0
2026-08-23T08:30:37.000,47.0
2026-08-23T08:35:37.000,47.0
2026-08-23T08:40:37.000,47.0
2026-08-23T08:45:37.000,47.0
2026-08-23T08:50:38.000,46.7
2026-08-23T08:55:38.000,46.7
2026-08-23T09:00:38.000,46.7
2026-08-23T09:05:38.000,46.7
2026-08-23T09:10:38.000,46.4
2026-08-23T09:15:38.000,46.4
2026-08-23T09:20:38.000,46.4
2026-08-23T09:25:38.000,46.0
2026-08-23T09:30:38.000,46.0
2026-08-23T09:35:38.000,46.0
2026-08-23T09:40:38.000,45.7
2026-08-23T09:45:38.000,45.7
2026-08-23T09:50:39.000,45.7
2026-08-23T09:55:39.000,45.7
2026-08-23T10:00:39.000,45.7
2026-08-23T10:05:39.000,45.7
2026-08-23T10:10:39.000,45.7
2026-08-23T10:15:39.000,45.4
2026-08-23T10:20:39.000,45.4
2026-08-23T10:25:39.000,45.4
2026-08-23T10:30:39.000,45.4
2026-08-23T10:35:39.000,45.1
2026-08-23T10:40:39.000,45.1
2026-08-23T10:45:39.000,45.1
2026-08-23T10:50:40.000,45.1
2026-08-23T10:55:40.000,45.1
2026-08-23T11:00:40.000,45.1
2026-08-23T11:05:40.000,45.1
2026-08-23T11:10:40.000,44.8
2026-08-23T11:15:40.000,44.8
2026-08-23T11:20:40.000,44.8
2026-08-23T11:25:40.000,44.8
2026-08-23T11:30:40.000,44.8
2026-08-23T11:35:40.000,44.8
2026-08-23T11:40:40.000,44.8
2026-08-23T11:45:40.000,44.4
2026-08-23T11:50:41.000,44.4
2026-08-23T11:55:41.000,44.4
2026-08-23T12:00:41.000,44.4
2026-08-23T12:05:41.000,44.4
2026-08-23T12:10:41.000,44.4
2026-08-23T12:15:41.000,44.4
2026-08-23T12:20:41.000,44.4
2026-08-23T12:25:41.000,44.4
2026-08-23T12:30:41.000,44.4
2026-08-23T12:35:41.000,44.1
2026-08-23T12:40:41.000,44.1
2026-08-23T12:45:41.000,44.1
2026-08-23T12:50:42.000,43.8
2026-08-23T12:55:42.000,43.8
2026-08-23T13:00:42.000,43.8
2026-08-23T13:05:42.000,43.5
2026-08-23T13:10:42.000,43.5
2026-08-23T13:15:42.000,43.8
2026-08-23T13:20:42.000,43.5
2026-08-23T13:25:42.000,43.8
2026-08-23T13:30:42.000,43.8
2026-08-23T13:35:42.000,44.1
2026-08-23T13:40:42.000,44.1
2026-08-23T13:45:42.000,44.1
2026-08-23T13:50:42.000,44.4
2026-08-23T13:55:43.000,44.4
2026-08-23T14:00:43.000,44.4
2026-08-23T14:05:43.000,44.8
2026-08-23T14:10:43.000,45.1
2026-08-23T14:15:43.000,45.7
2026-08-23T14:20:43.000,46.0
2026-08-23T14:25:43.000,46.7
2026-08-23T14:30:43.000,47.3
2026-08-23T14:35:43.000,48.0
2026-08-23T14:40:43.000,48.3
2026-08-23T14:45:43.000,48.6
2026-08-23T14:50:43.000,48.6
2026-08-23T14:55:43.000,49.3
2026-08-23T15:00:44.000,49.6
2026-08-23T15:05:44.000,49.6
2026-08-23T15:10:44.000,49.9
2026-08-23T15:15:44.000,49.6
2026-08-23T15:20:44.000,49.6
2026-08-23T15:25:44.000,49.6
2026-08-23T15:30:44.000,49.6
2026-08-23T15:35:44.000,49.9
2026-08-23T15:40:44.000,49.9
2026-08-23T15:45:44.000,50.2
2026-08-23T15:50:44.000,50.2
2026-08-23T15:55:44.000,50.6
2026-08-23T16:00:45.000,50.6
2026-08-23T16:05:45.000,50.9
2026-08-23T16:10:45.000,50.9
2026-08-23T16:15:45.000,50.9
2026-08-23T16:20:45.000,51.2
2026-08-23T16:25:45.000,51.5
2026-08-23T16:30:45.000,51.8
2026-08-23T16:35:45.000,52.2
2026-08-23T16:40:45.000,52.8
2026-08-23T16:45:45.000,53.5
2026-08-23T16:50:45.000,53.8
2026-08-23T16:55:45.000,54.4
2026-08-23T17:00:45.000,54.7
2026-08-23T17:05:46.000,55.1
2026-08-23T17:10:46.000,55.1
2026-08-23T17:15:46.000,55.4
2026-08-23T17:20:46.000,55.7
2026-08-23T17:25:46.000,55.7
2026-08-23T17:30:46.000,56.0
2026-08-23T17:35:46.000,56.4
2026-08-23T17:40:46.000,56.7
2026-08-23T17:45:46.000,57.0
2026-08-23T17:50:46.000,57.6
2026-08-23T17:55:46.000,58.3
2026-08-23T18:00:46.000,58.9
2026-08-23T18:05:47.000,59.3
2026-08-23T18:10:47.000,59.6
2026-08-23T18:15:47.000,59.9
2026-08-23T18:20:47.000,60.2
2026-08-23T18:25:47.000,60.5
2026-08-23T18:30:47.000,60.9
2026-08-23T18:35:47.000,60.9
2026-08-23T18:40:47.000,61.5
2026-08-23T18:45:47.000,61.8
2026-08-23T18:50:47.000,62.2
2026-08-23T18:55:47.000,62.5
2026-08-23T19:00:47.000,62.8
2026-08-23T19:05:47.000,63.1
2026-08-23T19:10:48.000,63.4
2026-08-23T19:15:48.000,63.8
2026-08-23T19:20:48.000,63.8
2026-08-23T19:25:48.000,64.4
2026-08-23T19:30:48.000,64.7
2026-08-23T19:35:48.000,65.1
2026-08-23T19:40:48.000,65.1
2026-08-23T19:45:48.000,65.4
2026-08-23T19:50:48.000,65.7
2026-08-23T19:55:48.000,66.0
2026-08-23T20:00:48.000,66.3
2026-08-23T20:05:48.000,66.7
2026-08-23T20:10:49.000,67.0
2026-08-23T20:15:49.000,67.0
2026-08-23T20:20:49.000,67.3
2026-08-23T20:25:49.000,67.3
2026-08-23T20:30:49.000,67.6
2026-08-23T20:35:49.000,67.6
2026-08-23T20:40:49.000,68.3
2026-08-23T20:45:49.000,68.3
2026-08-23T20:50:49.000,68.3
2026-08-23T20:55:49.000,68.3
2026-08-23T21:00:49.000,68.3
2026-08-23T21:05:49.000,68.3
2026-08-23T21:10:50.000,68.3
2026-08-23T21:15:50.000,68.3
2026-08-23T21:20:50.000,68.3
2026-08-23T21:25:50.000,68.6
2026-08-23T21:30:50.000,68.6
2026-08-23T21:35:50.000,68.6
2026-08-23T21:40:50.000,68.6
2026-08-23T21:45:50.000,68.9
2026-08-23T21:50:50.000,68.6
2026-08-23T21:55:50.000,68.9
2026-08-23T22:00:50.000,68.6
2026-08-23T22:05:50.000,68.9
2026-08-23T22:10:50.000,68.6
2026-08-23T22:15:51.000,68.6
2026-08-23T22:20:51.000,68.6
2026-08-23T22:25:51.000,68.6
2026-08-23T22:30:51.000,68.9
2026-08-23T22:35:51.000,68.9
2026-08-23T22:40:51.000,68.6
2026-08-23T22:45:51.000,68.6
2026-08-23T22:50:51.000,68.6
2026-08-23T22:55:51.000,68.3
2026-08-23T23:00:51.000,68.3
2026-08-23T23:05:51.000,68.3
2026-08-23T23:10:51.000,68.3
2026-08-23T23:15:51.000,68.3
2026-08-23T23:20:52.000,68.0
2026-08-23T23:25:52.000,68.0
2026-08-23T23:30:52.000,68.0
2026-08-23T23:35:52.000,67.6
2026-08-23T23:40:52.000,67.6
2026-08-23T23:45:52.000,67.6
2026-08-23T23:50:52.000,67.6
2026-08-23T23:55:52.000,67.3
2026-08-24T00:00:52.000,67.3
2026-08-24T00:05:52.000,67.3
2026-08-24T00:10:52.000,67.3
2026-08-24T00:15:52.000,66.7
2026-08-24T00:20:53.000,66.7
2026-08-24T00:25:53.000,65.7
2026-08-24T00:30:53.000,64.7
2026-08-24T00:35:53.000,63.1
2026-08-24T00:40:53.000,61.5
2026-08-24T00:45:53.000,59.9
2026-08-24T00:50:53.000,58.3
2026-08-24T00:55:53.000,57.3
2026-08-24T01:00:53.000,56.4
2026-08-24T01:05:53.000,55.7
2026-08-24T01:10:53.000,54.7
2026-08-24T01:15:53.000,54.1
2026-08-24T01:20:54.000,53.8
2026-08-24T01:25:54.000,53.1
2026-08-24T01:30:54.000,52.5
2026-08-24T01:35:54.000,52.2
2026-08-24T01:40:54.000,51.5
2026-08-24T01:45:54.000,51.2
2026-08-24T01:50:54.000,50.6
2026-08-24T01:55:54.000,50.2
2026-08-24T02:00:54.000,49.9
2026-08-24T02:05:54.000,49.6
2026-08-24T02:10:54.000,49.6
2026-08-24T02:15:54.000,49.3
2026-08-24T02:20:54.000,49.3
2026-08-24T02:25:55.000,49.3
2026-08-24T02:30:55.000,48.9
2026-08-24T02:35:55.000,48.9
2026-08-24T02:40:55.000,48.9
2026-08-24T02:45:55.000,48.9
2026-08-24T02:50:55.000,48.6
2026-08-24T02:55:55.000,48.6
2026-08-24T03:00:55.000,48.6
2026-08-24T03:05:55.000,48.3
2026-08-24T03:10:55.000,48.3
2026-08-24T03:15:55.000,48.3
2026-08-24T03:20:55.000,48.0
2026-08-24T03:25:56.000,48.0
2026-08-24T03:30:56.000,47.7
2026-08-24T03:35:56.000,47.7
2026-08-24T03:40:56.000,47.3
2026-08-24T03:45:56.000,47.3
2026-08-24T03:50:56.000,47.3
2026-08-24T03:55:56.000,47.3
2026-08-24T04:00:56.000,47.0
2026-08-24T04:05:56.000,47.0
2026-08-24T04:10:56.000,47.0
2026-08-24T04:15:56.000,46.7
2026-08-24T04:20:56.000,46.4
2026-08-24T04:25:57.000,46.4
2026-08-24T04:30:57.000,46.0
2026-08-24T04:35:57.000,46.0
2026-08-24T04:40:57.000,46.0
2026-08-24T04:45:57.000,45.7
2026-08-24T04:50:57.000,45.7
2026-08-24T04:55:57.000,45.7
2026-08-24T05:00:57.000,45.4
2026-08-24T05:05:57.000,45.4
2026-08-24T05:10:57.000,45.4
2026-08-24T05:15:57.000,45.4
2026-08-24T05:20:57.000,45.1
2026-08-24T05:25:58.000,45.1
2026-08-24T05:30:58.000,45.1
2026-08-24T05:35:58.000,45.1
2026-08-24T05:40:58.000,45.1
2026-08-24T05:45:58.000,44.8
2026-08-24T05:50:58.000,44.8
2026-08-24T05:55:58.000,44.8
2026-08-24T06:00:58.000,44.8
2026-08-24T06:05:58.000,44.8
2026-08-24T06:10:58.000,44.8
2026-08-24T06:15:58.000,44.8
2026-08-24T06:20:58.000,44.4
2026-08-24T06:25:59.000,44.4
2026-08-24T06:30:59.000,44.4
2026-08-24T06:35:59.000,44.4
2026-08-24T06:40:59.000,44.4
2026-08-24T06:45:59.000,44.4
2026-08-24T06:50:59.000,44.4
2026-08-24T06:55:59.000,44.4
2026-08-24T07:00:59.000,44.4
2026-08-24T07:05:59.000,44.1
2026-08-24T07:10:59.000,44.4
2026-08-24T07:15:59.000,44.4
2026-08-24T07:20:59.000,44.1
2026-08-24T07:26:00.000,44.1
2026-08-24T07:31:00.000,44.1
2026-08-24T07:36:00.000,44.1
2026-08-24T07:41:00.000,44.1
2026-08-24T07:46:00.000,44.1
2026-08-24T07:51:00.000,44.1
2026-08-24T07:56:00.000,44.1
2026-08-24T08:01:00.000,44.1
2026-08-24T08:06:00.000,43.8
2026-08-24T08:11:00.000,43.8
2026-08-24T08:16:00.000,43.8
2026-08-24T08:21:00.000,43.8
2026-08-24T08:26:01.000,43.8
2026-08-24T08:31:01.000,43.8
2026-08-24T08:36:01.000,43.8
2026-08-24T08:41:01.000,43.8
2026-08-24T08:46:01.000,43.5
2026-08-24T08:51:01.000,43.5
2026-08-24T08:56:01.000,43.5
2026-08-24T09:01:01.000,43.5
2026-08-24T09:06:01.000,43.5
2026-08-24T09:11:01.000,43.5
2026-08-24T09:16:01.000,43.5
2026-08-24T09:21:01.000,43.5
2026-08-24T09:26:02.000,43.5
2026-08-24T09:31:02.000,43.1
2026-08-24T09:36:02.000,43.1
2026-08-24T09:41:02.000,43.1
2026-08-24T09:46:02.000,43.1
2026-08-24T09:51:02.000,42.8
2026-08-24T09:56:02.000,42.8
2026-08-24T10:01:02.000,42.8
2026-08-24T10:06:02.000,42.8
2026-08-24T10:11:02.000,42.5
2026-08-24T10:16:02.000,42.5
2026-08-24T10:21:02.000,42.5
2026-08-24T10:26:03.000,42.5
2026-08-24T10:31:03.000,42.5
2026-08-24T10:36:03.000,42.5
2026-08-24T10:41:03.000,42.5
2026-08-24T10:46:03.000,42.5
2026-08-24T10:51:03.000,42.5
2026-08-24T10:56:03.000,42.5
2026-08-24T11:01:03.000,42.5
2026-08-24T11:06:03.000,42.2
2026-08-24T11:11:03.000,42.2
2026-08-24T11:16:03.000,42.2
2026-08-24T11:21:03.000,42.2
2026-08-24T11:26:04.000,42.2
2026-08-24T11:31:04.000,42.2
2026-08-24T11:36:04.000,42.2
2026-08-24T11:41:04.000,42.2
2026-08-24T11:46:04.000,41.9
2026-08-24T11:51:04.000,41.9
2026-08-24T11:56:04.000,41.9
2026-08-24T12:01:04.000,41.9
2026-08-24T12:06:04.000,41.5
2026-08-24T12:11:04.000,41.5
2026-08-24T12:16:04.000,41.2
2026-08-24T12:21:04.000,41.2
2026-08-24T12:26:05.000,41.2
2026-08-24T12:31:05.000,41.2
2026-08-24T12:36:05.000,40.9
2026-08-24T12:41:05.000,40.9
2026-08-24T12:46:05.000,40.9
2026-08-24T12:51:05.000,40.6
2026-08-24T12:56:05.000,40.6
2026-08-24T13:01:05.000,40.6
2026-08-24T13:06:05.000,40.6
2026-08-24T13:11:05.000,40.6
2026-08-24T13:16:05.000,40.2
2026-08-24T13:21:05.000,40.6
2026-08-24T13:26:06.000,40.6
2026-08-24T13:31:06.000,40.6
2026-08-24T13:36:06.000,40.9
2026-08-24T13:41:06.000,41.2
2026-08-24T13:46:06.000,41.5
2026-08-24T13:51:06.000,41.5
2026-08-24T13:56:06.000,42.2
2026-08-24T14:01:06.000,42.5
2026-08-24T14:06:06.000,43.1
2026-08-24T14:11:06.000,43.5
2026-08-24T14:16:06.000,43.8
2026-08-24T14:21:06.000,44.1
2026-08-24T14:26:06.000,44.4
2026-08-24T14:31:07.000,44.4
2026-08-24T14:36:07.000,44.8
2026-08-24T14:41:07.000,45.1
2026-08-24T14:46:07.000,45.4
2026-08-24T14:51:07.000,46.0
2026-08-24T14:56:07.000,46.0
2026-08-24T15:01:07.000,46.4
2026-08-24T15:06:07.000,46.7
2026-08-24T15:11:07.000,46.7
2026-08-24T15:16:07.000,47.0
2026-08-24T15:21:07.000,47.0
2026-08-24T15:26:07.000,47.3
2026-08-24T15:31:08.000,47.3
2026-08-24T15:36:08.000,47.7
2026-08-24T15:41:08.000,47.7
2026-08-24T15:46:08.000,48.0
2026-08-24T15:51:08.000,48.0
2026-08-24T15:56:08.000,48.0
2026-08-24T16:01:08.000,48.3
2026-08-24T16:06:08.000,48.3
2026-08-24T16:11:08.000,48.3
2026-08-24T16:16:08.000,48.6
2026-08-24T16:21:08.000,48.6
2026-08-24T16:26:08.000,48.6
2026-08-24T16:31:09.000,48.9
2026-08-24T16:36:09.000,48.9
2026-08-24T16:41:09.000,49.3
2026-08-24T16:46:09.000,49.6
2026-08-24T16:51:09.000,49.9
2026-08-24T16:56:09.000,50.2
2026-08-24T17:01:09.000,50.6
2026-08-24T17:06:09.000,50.9
2026-08-24T17:11:09.000,51.2
2026-08-24T17:16:09.000,51.5
2026-08-24T17:21:09.000,51.8
2026-08-24T17:26:09.000,52.5
2026-08-24T17:31:09.000,52.8
2026-08-24T17:36:10.000,53.5
2026-08-24T17:41:10.000,54.1
2026-08-24T17:46:10.000,54.7
2026-08-24T17:51:10.000,55.7
2026-08-24T17:56:10.000,56.7
2026-08-24T18:01:10.000,57.3
2026-08-24T18:06:10.000,58.0
2026-08-24T18:11:10.000,58.6
2026-08-24T18:16:10.000,58.9
2026-08-24T18:21:10.000,59.3
2026-08-24T18:26:10.000,59.6
2026-08-24T18:31:10.000,59.9
2026-08-24T18:36:11.000,60.2
2026-08-24T18:41:11.000,60.5
2026-08-24T18:46:11.000,60.9
2026-08-24T18:51:11.000,60.9
2026-08-24T18:56:11.000,61.2
2026-08-24T19:01:11.000,61.5
2026-08-24T19:06:11.000,61.8
2026-08-24T19:11:11.000,62.2
2026-08-24T19:16:11.000,62.5
2026-08-24T19:21:11.000,62.5
2026-08-24T19:26:11.000,62.5
2026-08-24T19:31:11.000,62.8
2026-08-24T19:36:11.000,63.1
2026-08-24T19:41:12.000,63.4
2026-08-24T19:46:12.000,63.4
2026-08-24T19:51:12.000,63.4
2026-08-24T19:56:12.000,63.8
2026-08-24T20:01:12.000,64.1
2026-08-24T20:06:12.000,64.1
2026-08-24T20:11:12.000,64.4
2026-08-24T20:16:12.000,64.7
2026-08-24T20:21:12.000,65.1
2026-08-24T20:26:12.000,65.1
2026-08-24T20:31:12.000,65.4
2026-08-24T20:36:12.000,65.7
2026-08-24T20:41:13.000,66.0
2026-08-24T20:46:13.000,66.0
2026-08-24T20:51:13.000,66.0
2026-08-24T20:56:13.000,66.0
2026-08-24T21:01:13.000,66.0
2026-08-24T21:06:13.000,66.3
2026-08-24T21:11:13.000,66.3
2026-08-24T21:16:13.000,66.0
2026-08-24T21:21:13.000,66.0
2026-08-24T21:26:13.000,66.0
2026-08-24T21:31:13.000,66.0
2026-08-24T21:36:13.000,66.0
2026-08-24T21:41:13.000,66.0
2026-08-24T21:46:14.000,65.7
2026-08-24T21:51:14.000,65.7
2026-08-24T21:56:14.000,66.0
2026-08-24T22:01:14.000,66.0
2026-08-24T22:06:14.000,65.7
2026-08-24T22:11:14.000,65.7
2026-08-24T22:16:14.000,65.7
2026-08-24T22:21:14.000,65.7
2026-08-24T22:26:14.000,65.4
2026-08-24T22:31:14.000,65.4
2026-08-24T22:36:14.000,65.4
2026-08-24T22:41:14.000,65.4
2026-08-24T22:46:15.000,65.1
2026-08-24T22:51:15.000,65.1
2026-08-24T22:56:15.000,65.1
2026-08-24T23:01:15.000,65.1
2026-08-24T23:06:15.000,64.7
2026-08-24T23:11:15.000,64.7
2026-08-24T23:16:15.000,65.1
2026-08-24T23:21:15.000,64.7
2026-08-24T23:26:15.000,64.7
2026-08-24T23:31:15.000,64.7
2026-08-24T23:36:15.000,64.7
2026-08-24T23:41:15.000,64.4
2026-08-24T23:46:15.000,64.4
2026-08-24T23:51:16.000,64.4
2026-08-24T23:56:16.000,64.1
2026-08-25T00:01:16.000,64.1
2026-08-25T00:06:16.000,63.8
2026-08-25T00:11:16.000,63.4
2026-08-25T00:16:16.000,63.4
2026-08-25T00:21:16.000,63.1
2026-08-25T00:26:16.000,62.8
2026-08-25T00:31:16.000,62.5
2026-08-25T00:36:16.000,62.2
2026-08-25T00:41:16.000,61.8
2026-08-25T00:46:16.000,61.5
2026-08-25T00:51:17.000,61.2
2026-08-25T00:56:17.000,60.5
2026-08-25T01:01:17.000,59.6
2026-08-25T01:06:17.000,58.6
2026-08-25T01:11:17.000,57.6
2026-08-25T01:16:17.000,57.0
2026-08-25T01:21:17.000,56.7
2026-08-25T01:26:17.000,56.0
2026-08-25T01:31:17.000,56.0
2026-08-25T01:36:17.000,55.7
2026-08-25T01:41:17.000,55.1
2026-08-25T01:46:17.000,54.7
2026-08-25T01:51:17.000,54.1
2026-08-25T01:56:18.000,53.8
2026-08-25T02:01:18.000,52.8
2026-08-25T02:06:18.000,52.5
2026-08-25T02:11:18.000,51.8
2026-08-25T02:16:18.000,51.5
2026-08-25T02:21:18.000,51.2
2026-08-25T02:26:18.000,50.9
2026-08-25T02:31:18.000,50.6
2026-08-25T02:36:18.000,50.2
2026-08-25T02:41:18.000,49.9
2026-08-25T02:46:18.000,49.6
2026-08-25T02:51:18.000,49.3
2026-08-25T02:56:19.000,49.3
2026-08-25T03:01:19.000,48.9
2026-08-25T03:06:19.000,48.9
2026-08-25T03:11:19.000,48.6
2026-08-25T03:16:19.000,48.6
2026-08-25T03:21:19.000,48.3
2026-08-25T03:26:19.000,48.3
2026-08-25T03:31:19.000,48.3
2026-08-25T03:36:19.000,48.0
2026-08-25T03:41:19.000,48.0
2026-08-25T03:46:19.000,48.0
2026-08-25T03:51:19.000,48.0
2026-08-25T03:56:20.000,48.0
2026-08-25T04:01:20.000,47.7
2026-08-25T04:06:20.000,47.7
2026-08-25T04:11:20.000,47.7
2026-08-25T04:16:20.000,47.7
2026-08-25T04:21:20.000,47.3
2026-08-25T04:26:20.000,47.3
2026-08-25T04:31:20.000,47.3
2026-08-25T04:36:20.000,47.0
2026-08-25T04:41:20.000,47.0
2026-08-25T04:46:20.000,47.0
2026-08-25T04:51:20.000,46.7
2026-08-25T04:56:21.000,46.7
2026-08-25T05:01:21.000,46.7
2026-08-25T05:06:21.000,46.7
2026-08-25T05:11:21.000,46.4
2026-08-25T05:16:21.000,46.4
2026-08-25T05:21:21.000,46.4
2026-08-25T05:26:21.000,46.0
2026-08-25T05:31:21.000,46.0
2026-08-25T05:36:21.000,46.0
2026-08-25T05:41:21.000,45.7
2026-08-25T05:46:21.000,45.7
2026-08-25T05:51:21.000,45.7
2026-08-25T05:56:22.000,45.7
2026-08-25T06:01:22.000,45.7
2026-08-25T06:06:22.000,45.7
2026-08-25T06:11:22.000,45.4
2026-08-25T06:16:22.000,45.4
2026-08-25T06:21:22.000,45.4
2026-08-25T06:26:22.000,45.4
2026-08-25T06:31:22.000,45.1
2026-08-25T06:36:22.000,45.1
2026-08-25T06:41:22.000,45.1
2026-08-25T06:46:22.000,45.1
2026-08-25T06:51:22.000,45.1
2026-08-25T06:56:23.000,44.8
2026-08-25T07:01:23.000,44.8
2026-08-25T07:06:23.000,44.8
2026-08-25T07:11:23.000,44.4
2026-08-25T07:16:23.000,44.4
2026-08-25T07:21:23.000,44.4
2026-08-25T07:26:23.000,44.4
2026-08-25T07:31:23.000,44.1
2026-08-25T07:36:23.000,44.1
2026-08-25T07:41:23.000,44.1
2026-08-25T07:46:23.000,43.8
2026-08-25T07:51:23.000,43.8
2026-08-25T07:56:24.000,43.5
2026-08-25T08:01:24.000,43.5
2026-08-25T08:06:24.000,43.5
2026-08-25T08:11:24.000,43.5
2026-08-25T08:16:24.000,43.1
2026-08-25T08:21:24.000,43.1
2026-08-25T08:26:24.000,43.1
2026-08-25T08:31:24.000,42.8
2026-08-25T08:36:24.000,42.8
2026-08-25T08:41:24.000,42.8
2026-08-25T08:46:24.000,42.5
2026-08-25T08:51:24.000,42.5
2026-08-25T08:56:25.000,42.5
2026-08-25T09:01:25.000,42.2
2026-08-25T09:06:25.000,42.2
2026-08-25T09:11:25.000,42.2
2026-08-25T09:16:25.000,42.2
2026-08-25T09:21:25.000,41.9
2026-08-25T09:26:25.000,41.9
2026-08-25T09:31:25.000,41.9
2026-08-25T09:36:25.000,41.9
2026-08-25T09:41:25.000,41.5
2026-08-25T09:46:25.000,41.5
2026-08-25T09:51:25.000,41.5
2026-08-25T09:56:26.000,41.5
2026-08-25T10:01:26.000,41.5
2026-08-25T10:06:26.000,41.5
2026-08-25T10:11:26.000,41.5
2026-08-25T10:16:26.000,41.5
2026-08-25T10:21:26.000,41.5
2026-08-25T10:26:26.000,41.5
2026-08-25T10:31:26.000,41.5
2026-08-25T10:36:26.000,41.2
2026-08-25T10:41:26.000,41.2
2026-08-25T10:46:26.000,41.2
2026-08-25T10:51:26.000,41.2
2026-08-25T10:56:27.000,41.2
2026-08-25T11:01:27.000,41.2
2026-08-25T11:06:27.000,41.2
2026-08-25T11:11:27.000,41.2
2026-08-25T11:16:27.000,41.2
2026-08-25T11:21:27.000,40.9
2026-08-25T11:26:27.000,40.9
2026-08-25T11:31:27.000,40.9
2026-08-25T11:36:27.000,40.9
2026-08-25T11:41:27.000,40.9
2026-08-25T11:46:27.000,40.9
2026-08-25T11:51:27.000,40.9
2026-08-25T11:56:28.000,40.9
2026-08-25T12:01:28.000,40.9
2026-08-25T12:06:28.000,40.9
2026-08-25T12:11:28.000,40.9
2026-08-25T12:16:28.000,41.2
2026-08-25T12:21:28.000,41.2
2026-08-25T12:26:28.000,41.2
2026-08-25T12:31:28.000,40.9
2026-08-25T12:36:28.000,40.9
2026-08-25T12:41:28.000,40.9
2026-08-25T12:46:28.000,41.2
2026-08-25T12:51:28.000,41.2
2026-08-25T12:56:29.000,41.2
2026-08-25T13:01:29.000,41.2
2026-08-25T13:06:29.000,41.2
2026-08-25T13:11:29.000,41.2
2026-08-25T13:16:29.000,40.9
2026-08-25T13:21:29.000,41.2
2026-08-25T13:26:29.000,41.2
2026-08-25T13:31:29.000,41.5
2026-08-25T13:36:29.000,41.5
2026-08-25T13:41:29.000,41.5
2026-08-25T13:46:29.000,41.9
2026-08-25T13:51:29.000,41.9
2026-08-25T13:56:29.000,42.2
2026-08-25T14:01:30.000,42.5
2026-08-25T14:06:30.000,42.8
2026-08-25T14:11:30.000,43.5
2026-08-25T14:16:30.000,43.8
2026-08-25T14:21:30.000,44.1
2026-08-25T14:26:30.000,44.4
2026-08-25T14:31:30.000,44.8
2026-08-25T14:36:30.000,45.1
2026-08-25T14:41:30.000,45.7
2026-08-25T14:46:30.000,45.7
2026-08-25T14:51:30.000,46.0
2026-08-25T14:56:30.000,46.4
2026-08-25T15:01:31.000,46.7
2026-08-25T15:06:31.000,47.0
2026-08-25T15:11:31.000,47.0
2026-08-25T15:16:31.000,47.3
2026-08-25T15:21:31.000,47.7
2026-08-25T15:26:31.000,47.7
2026-08-25T15:31:31.000,48.0
2026-08-25T15:36:31.000,48.3
2026-08-25T15:41:31.000,48.3
2026-08-25T15:46:31.000,48.6
2026-08-25T15:51:31.000,48.6
2026-08-25T15:56:31.000,48.9
2026-08-25T16:01:32.000,49.3
2026-08-25T16:06:32.000,49.3
2026-08-25T16:11:32.000,49.6
2026-08-25T16:16:32.000,49.6
2026-08-25T16:21:32.000,49.9
2026-08-25T16:26:32.000,49.9
2026-08-25T16:31:32.000,50.2
2026-08-25T16:36:32.000,50.6
2026-08-25T16:41:32.000,50.9
2026-08-25T16:46:32.000,51.2
2026-08-25T16:51:32.000,51.5
2026-08-25T16:56:32.000,51.5
2026-08-25T17:01:32.000,51.8
2026-08-25T17:06:33.000,52.2
2026-08-25T17:11:33.000,52.5
2026-08-25T17:16:33.000,52.8
2026-08-25T17:21:33.000,53.1
2026-08-25T17:26:33.000,53.8
2026-08-25T17:31:33.000,54.1
2026-08-25T17:36:33.000,54.4
2026-08-25T17:41:33.000,55.1
2026-08-25T17:46:33.000,55.4
2026-08-25T17:51:33.000,56.0
2026-08-25T17:56:33.000,56.7
2026-08-25T18:01:33.000,57.3
2026-08-25T18:06:34.000,57.6
2026-08-25T18:11:34.000,58.0
2026-08-25T18:16:34.000,58.6
2026-08-25T18:21:34.000,58.9
2026-08-25T18:26:34.000,59.6
2026-08-25T18:31:34.000,59.9
2026-08-25T18:36:34.000,59.9
2026-08-25T18:41:34.000,60.2
2026-08-25T18:46:34.000,60.5
2026-08-25T18:51:34.000,61.2
2026-08-25T18:56:34.000,61.5
2026-08-25T19:01:34.000,61.8
2026-08-25T19:06:34.000,62.5
2026-08-25T19:11:35.000,62.8
2026-08-25T19:16:35.000,63.1
2026-08-25T19:21:35.000,63.8
2026-08-25T19:26:35.000,64.1
2026-08-25T19:31:35.000,64.4
2026-08-25T19:36:35.000,64.7
2026-08-25T19:41:35.000,64.7
2026-08-25T19:46:35.000,65.1
2026-08-25T19:51:35.000,65.4
2026-08-25T19:56:35.000,65.7
2026-08-25T20:01:35.000,66.0
2026-08-25T20:06:35.000,66.3
2026-08-25T20:11:36.000,66.3
2026-08-25T20:16:36.000,66.7
2026-08-25T20:21:36.000,67.0
2026-08-25T20:26:36.000,67.0
2026-08-25T20:31:36.000,67.3
2026-08-25T20:36:36.000,66.7
2026-08-25T20:41:36.000,66.3
2026-08-25T20:46:36.000,66.3
2026-08-25T20:51:36.000,66.0
2026-08-25T20:56:36.000,65.7
2026-08-25T21:01:36.000,65.4
2026-08-25T21:06:36.000,64.7
2026-08-25T21:11:36.000,64.7
2026-08-25T21:16:37.000,64.7
2026-08-25T21:21:37.000,65.1
2026-08-25T21:26:37.000,65.7
2026-08-25T21:31:37.000,66.7
2026-08-25T21:36:37.000,67.0
2026-08-25T21:41:37.000,67.3
2026-08-25T21:46:37.000,67.6
2026-08-25T21:51:37.000,67.3
2026-08-25T21:56:37.000,66.7
2026-08-25T22:01:37.000,66.3
2026-08-25T22:06:37.000,66.0
2026-08-25T22:11:37.000,65.7
2026-08-25T22:16:38.000,65.4
2026-08-25T22:21:38.000,66.0
2026-08-25T22:26:38.000,66.3
2026-08-25T22:31:38.000,66.7
2026-08-25T22:36:38.000,67.0
2026-08-25T22:41:38.000,67.3
2026-08-25T22:46:38.000,67.3
2026-08-25T22:51:38.000,67.6
2026-08-25T22:56:38.000,68.0
2026-08-25T23:01:38.000,68.0
2026-08-25T23:06:38.000,68.0
2026-08-25T23:11:38.000,68.0
2026-08-25T23:16:38.000,67.3
2026-08-25T23:21:39.000,66.3
2026-08-25T23:26:39.000,65.7
2026-08-25T23:31:39.000,65.4
2026-08-25T23:36:39.000,65.1
2026-08-25T23:41:39.000,64.4
2026-08-25T23:46:39.000,63.8
2026-08-25T23:51:39.000,63.8
2026-08-25T23:56:39.000,63.8
2026-08-26T00:01:39.000,64.1
2026-08-26T00:06:39.000,64.1
2026-08-26T00:11:39.000,64.1
2026-08-26T00:16:39.000,64.1
2026-08-26T00:21:40.000,64.1
2026-08-26T00:26:40.000,64.1
2026-08-26T00:31:40.000,64.1
2026-08-26T00:36:40.000,64.1
2026-08-26T00:41:40.000,63.8
2026-08-26T00:46:40.000,63.8
2026-08-26T00:51:40.000,63.4
2026-08-26T00:56:40.000,63.1
2026-08-26T01:01:40.000,62.8
2026-08-26T01:06:40.000,62.5
2026-08-26T01:11:40.000,62.2
2026-08-26T01:16:40.000,61.5
2026-08-26T01:21:40.000,61.2
2026-08-26T01:26:41.000,60.9
2026-08-26T01:31:41.000,60.2
2026-08-26T01:36:41.000,59.6
2026-08-26T01:41:41.000,58.9
2026-08-26T01:46:41.000,58.3
2026-08-26T01:51:41.000,57.6
2026-08-26T01:56:41.000,57.0
2026-08-26T02:01:41.000,56.4
2026-08-26T02:06:41.000,55.7
2026-08-26T02:11:41.000,55.4
2026-08-26T02:16:41.000,54.7
2026-08-26T02:21:42.000,54.1
2026-08-26T02:26:42.000,53.8
2026-08-26T02:31:42.000,53.5
2026-08-26T02:36:42.000,53.1
2026-08-26T02:41:42.000,52.8
2026-08-26T02:46:42.000,52.5
2026-08-26T02:51:42.000,52.2
2026-08-26T02:56:42.000,51.8
2026-08-26T03:01:42.000,51.5
2026-08-26T03:06:42.000,51.5
2026-08-26T03:11:42.000,51.2
2026-08-26T03:16:42.000,51.2
2026-08-26T03:21:43.000,50.9
2026-08-26T03:26:43.000,50.9
2026-08-26T03:31:43.000,50.6
2026-08-26T03:36:43.000,50.6
2026-08-26T03:41:43.000,50.2
2026-08-26T03:46:43.000,50.2
2026-08-26T03:51:43.000,50.2
2026-08-26T03:56:43.000,49.9
2026-08-26T04:01:43.000,49.9
2026-08-26T04:06:43.000,49.6
2026-08-26T04:11:43.000,49.6
2026-08-26T04:16:43.000,49.3
2026-08-26T04:21:44.000,49.3
2026-08-26T04:26:44.000,49.3
2026-08-26T04:31:44.000,48.9
2026-08-26T04:36:44.000,48.9
2026-08-26T04:41:44.000,48.9
2026-08-26T04:46:44.000,48.6
2026-08-26T04:51:44.000,48.6
2026-08-26T04:56:44.000,48.6
2026-08-26T05:01:44.000,48.3
2026-08-26T05:06:44.000,48.3
2026-08-26T05:11:44.000,48.3
2026-08-26T05:16:44.000,48.0
2026-08-26T05:21:45.000,48.0
2026-08-26T05:26:45.000,48.0
2026-08-26T05:31:45.000,48.0
2026-08-26T05:36:45.000,48.0
2026-08-26T05:41:45.000,47.7
2026-08-26T05:46:45.000,47.7
2026-08-26T05:51:45.000,47.7
2026-08-26T05:56:45.000,47.7
2026-08-26T06:01:45.000,47.7
2026-08-26T06:06:45.000,47.3
2026-08-26T06:11:45.000,47.3
2026-08-26T06:16:45.000,47.3
2026-08-26T06:21:46.000,47.0
2026-08-26T06:26:46.000,47.0
2026-08-26T06:31:46.000,47.0
2026-08-26T06:36:46.000,47.0
2026-08-26T06:41:46.000,46.7
2026-08-26T06:46:46.000,46.7
2026-08-26T06:51:46.000,46.7
2026-08-26T06:56:46.000,46.4
2026-08-26T07:01:46.000,46.4
2026-08-26T07:06:46.000,46.4
2026-08-26T07:11:46.000,46.0
2026-08-26T07:16:46.000,46.0
2026-08-26T07:21:47.000,46.0
2026-08-26T07:26:47.000,46.0
2026-08-26T07:31:47.000,46.0
2026-08-26T07:36:47.000,45.7
2026-08-26T07:41:47.000,45.7
2026-08-26T07:46:47.000,45.4
2026-08-26T07:51:47.000,45.4
2026-08-26T07:56:47.000,45.4
2026-08-26T08:01:47.000,45.1
2026-08-26T08:06:47.000,44.8
2026-08-26T08:11:47.000,44.8
2026-08-26T08:16:47.000,44.8
2026-08-26T08:21:48.000,44.4
2026-08-26T08:26:48.000,44.4
2026-08-26T08:31:48.000,44.4
2026-08-26T08:36:48.000,44.1
2026-08-26T08:41:48.000,44.1
2026-08-26T08:46:48.000,44.1
2026-08-26T08:51:48.000,44.1
2026-08-26T08:56:48.000,44.1
2026-08-26T09:01:48.000,43.8
2026-08-26T09:06:48.000,43.8
2026-08-26T09:11:48.000,43.8
2026-08-26T09:16:48.000,43.8
2026-08-26T09:21:49.000,43.8
2026-08-26T09:26:49.000,43.5
2026-08-26T09:31:49.000,43.5
2026-08-26T09:36:49.000,43.5
2026-08-26T09:41:49.000,43.1
2026-08-26T09:46:49.000,43.1
2026-08-26T09:51:49.000,43.1
2026-08-26T09:56:49.000,43.1
2026-08-26T10:01:49.000,42.8
2026-08-26T10:06:49.000,42.8
2026-08-26T10:11:49.000,42.8
2026-08-26T10:16:49.000,42.5
2026-08-26T10:21:50.000,42.5
2026-08-26T10:26:50.000,42.5
2026-08-26T10:31:50.000,42.5
2026-08-26T10:36:50.000,42.5
2026-08-26T10:41:50.000,42.2
2026-08-26T10:46:50.000,42.2
2026-08-26T10:51:50.000,42.2
2026-08-26T10:56:50.000,42.2
2026-08-26T11:01:50.000,41.9
2026-08-26T11:06:50.000,41.9
2026-08-26T11:11:50.000,41.9
2026-08-26T11:16:50.000,41.9
2026-08-26T11:21:51.000,41.9
2026-08-26T11:26:51.000,41.5
2026-08-26T11:31:51.000,41.5
2026-08-26T11:36:51.000,41.5
2026-08-26T11:41:51.000,41.5
2026-08-26T11:46:51.000,41.5
2026-08-26T11:51:51.000,41.5
2026-08-26T11:56:51.000,41.5
2026-08-26T12:01:51.000,41.5
2026-08-26T12:06:51.000,41.2
2026-08-26T12:11:51.000,41.2
2026-08-26T12:16:51.000,41.2
2026-08-26T12:21:52.000,41.2
2026-08-26T12:26:52.000,40.9
2026-08-26T12:31:52.000,40.9
2026-08-26T12:36:52.000,40.9
2026-08-26T12:41:52.000,40.9
2026-08-26T12:46:52.000,40.9
2026-08-26T12:51:52.000,40.9
2026-08-26T12:56:52.000,40.9
2026-08-26T13:01:52.000,40.9
2026-08-26T13:06:52.000,40.9
2026-08-26T13:11:52.000,40.9
2026-08-26T13:16:52.000,40.9
2026-08-26T13:21:53.000,41.2
2026-08-26T13:26:53.000,41.2
2026-08-26T13:31:53.000,41.5
2026-08-26T13:36:53.000,41.5
2026-08-26T13:41:53.000,41.9
2026-08-26T13:46:53.000,42.5
2026-08-26T13:51:53.000,42.5
2026-08-26T13:55:19.000,42.8
2026-08-26T14:00:20.000,43.1
2026-08-26T14:05:20.000,43.5
2026-08-26T14:10:20.000,43.8
2026-08-26T14:15:20.000,44.1
2026-08-26T14:20:20.000,44.4
2026-08-26T14:25:20.000,45.1
2026-08-26T14:30:20.000,45.4
2026-08-26T14:35:20.000,45.4
2026-08-26T14:40:20.000,45.7
2026-08-26T14:45:20.000,46.0
2026-08-26T14:50:20.000,46.4
2026-08-26T14:55:20.000,46.7
2026-08-26T15:00:21.000,46.7
2026-08-26T15:05:21.000,47.0
2026-08-26T15:10:21.000,47.3
2026-08-26T15:15:21.000,47.7
2026-08-26T15:20:21.000,48.0
2026-08-26T15:25:21.000,48.0
2026-08-26T15:30:21.000,48.6
2026-08-26T15:35:21.000,48.6
2026-08-26T15:40:21.000,48.9
2026-08-26T15:45:21.000,48.9
2026-08-26T15:50:21.000,49.3
2026-08-26T15:55:21.000,49.6
2026-08-26T16:00:21.000,49.9
2026-08-26T16:05:22.000,50.2
2026-08-26T16:10:22.000,50.2
2026-08-26T16:15:22.000,50.9
2026-08-26T16:20:22.000,51.2
2026-08-26T16:25:22.000,51.2
2026-08-26T16:30:22.000,51.5
2026-08-26T16:35:22.000,51.5
2026-08-26T16:40:22.000,51.5
2026-08-26T16:45:22.000,51.8
2026-08-26T16:50:22.000,51.8
2026-08-26T16:55:22.000,52.2
2026-08-26T17:00:22.000,52.5
2026-08-26T17:05:23.000,53.1
2026-08-26T17:10:23.000,53.5
2026-08-26T17:15:23.000,53.8
2026-08-26T17:20:23.000,54.4
2026-08-26T17:25:23.000,54.7
2026-08-26T17:30:23.000,55.1
2026-08-26T17:35:23.000,55.7
2026-08-26T17:40:23.000,56.0
2026-08-26T17:45:23.000,56.7
2026-08-26T17:50:23.000,57.3
2026-08-26T17:55:23.000,58.0
2026-08-26T18:00:23.000,58.9
2026-08-26T18:05:24.000,59.3
2026-08-26T18:10:24.000,59.3
2026-08-26T18:15:24.000,59.6
2026-08-26T18:20:24.000,60.5
2026-08-26T18:25:24.000,61.2
2026-08-26T18:30:24.000,61.5
2026-08-26T18:35:24.000,61.8
2026-08-26T18:40:24.000,61.8
2026-08-26T18:45:24.000,61.8
2026-08-26T18:50:24.000,62.2
2026-08-26T18:55:24.000,62.5
2026-08-26T19:00:24.000,63.4
2026-08-26T19:05:24.000,64.4
2026-08-26T19:10:25.000,65.4
2026-08-26T19:15:25.000,66.0
2026-08-26T19:20:25.000,66.7
2026-08-26T19:25:25.000,67.3
2026-08-26T19:30:25.000,68.0
2026-08-26T19:35:25.000,68.6
2026-08-26T19:40:25.000,68.6
2026-08-26T19:45:25.000,69.2
2026-08-26T19:50:25.000,69.9
2026-08-26T19:55:25.000,70.2
2026-08-26T20:00:25.000,70.9
2026-08-26T20:05:25.000,71.2
2026-08-26T20:10:25.000,71.5
2026-08-26T20:15:26.000,71.2
2026-08-26T20:20:26.000,70.2
2026-08-26T20:25:26.000,69.9
2026-08-26T20:30:26.000,70.2
2026-08-26T20:35:26.000,70.5
2026-08-26T20:40:26.000,71.2
2026-08-26T20:45:26.000,71.5
2026-08-26T20:50:26.000,71.8
2026-08-26T20:55:26.000,72.1
2026-08-26T21:00:26.000,71.2
2026-08-26T21:05:26.000,70.5
2026-08-26T21:10:26.000,69.6
2026-08-26T21:15:27.000,68.9
2026-08-26T21:20:27.000,68.6
2026-08-26T21:25:27.000,68.3
2026-08-26T21:30:27.000,68.6
2026-08-26T21:35:27.000,68.6
2026-08-26T21:40:27.000,68.9
2026-08-26T21:45:27.000,69.2
2026-08-26T21:50:27.000,69.6
2026-08-26T21:55:27.000,69.6
2026-08-26T22:00:27.000,69.2
2026-08-26T22:05:27.000,69.6
2026-08-26T22:10:27.000,69.6
2026-08-26T22:15:28.000,69.9
2026-08-26T22:20:28.000,69.9
2026-08-26T22:25:28.000,70.2
2026-08-26T22:30:28.000,70.5
2026-08-26T22:35:28.000,70.5
2026-08-26T22:40:28.000,70.9
2026-08-26T22:45:28.000,70.5
2026-08-26T22:50:28.000,70.5
2026-08-26T22:55:28.000,70.5
2026-08-26T23:00:28.000,70.5
2026-08-26T23:05:28.000,70.5
2026-08-26T23:10:28.000,70.5
2026-08-26T23:15:28.000,70.2
2026-08-26T23:20:29.000,70.2
2026-08-26T23:25:29.000,69.9
2026-08-26T23:30:29.000,69.6
2026-08-26T23:35:29.000,69.6
2026-08-26T23:40:29.000,69.6
2026-08-26T23:45:29.000,69.6
2026-08-26T23:50:29.000,68.9
2026-08-26T23:55:29.000,68.6
2026-08-27T00:00:29.000,68.3
2026-08-27T00:05:29.000,68.0
2026-08-27T00:10:29.000,68.0
2026-08-27T00:15:29.000,67.6
2026-08-27T00:20:30.000,67.6
2026-08-27T00:25:30.000,67.3
2026-08-27T00:30:30.000,67.3
2026-08-27T00:35:30.000,67.3
2026-08-27T00:40:30.000,67.0
2026-08-27T00:45:30.000,66.7
2026-08-27T00:50:30.000,66.3
2026-08-27T00:55:30.000,66.0
2026-08-27T01:00:30.000,65.4
2026-08-27T01:05:30.000,65.1
2026-08-27T01:10:30.000,64.1
2026-08-27T01:15:30.000,63.4
2026-08-27T01:20:31.000,63.1
2026-08-27T01:25:31.000,62.5
2026-08-27T01:30:31.000,61.8
2026-08-27T01:35:31.000,61.2
2026-08-27T01:40:31.000,60.5
2026-08-27T01:45:31.000,59.6
2026-08-27T01:50:31.000,58.9
2026-08-27T01:55:31.000,58.3
2026-08-27T02:00:31.000,57.6
2026-08-27T02:05:31.000,57.0
2026-08-27T02:10:31.000,56.4
2026-08-27T02:15:31.000,55.7
2026-08-27T02:20:31.000,55.4
2026-08-27T02:25:32.000,54.7
2026-08-27T02:30:32.000,54.4
2026-08-27T02:35:32.000,54.1
2026-08-27T02:40:32.000,53.8
2026-08-27T02:45:32.000,53.5
2026-08-27T02:50:32.000,53.1
2026-08-27T02:55:32.000,52.8
2026-08-27T03:00:32.000,52.5
2026-08-27T03:05:32.000,52.5
2026-08-27T03:10:32.000,52.2
2026-08-27T03:15:32.000,51.8
2026-08-27T03:20:32.000,51.8
2026-08-27T03:25:33.000,51.5
2026-08-27T03:30:33.000,51.2
2026-08-27T03:35:33.000,51.2
2026-08-27T03:40:33.000,50.9
2026-08-27T03:45:33.000,50.6
2026-08-27T03:50:33.000,50.6
2026-08-27T03:55:33.000,50.2
2026-08-27T04:00:33.000,50.2
2026-08-27T04:05:33.000,49.9
2026-08-27T04:10:33.000,49.9
2026-08-27T04:15:33.000,49.9
2026-08-27T04:20:33.000,49.9
2026-08-27T04:25:34.000,49.6
2026-08-27T04:30:34.000,49.6
2026-08-27T04:35:34.000,49.6
2026-08-27T04:40:34.000,49.6
2026-08-27T04:45:34.000,49.6
2026-08-27T04:50:34.000,49.3
2026-08-27T04:55:34.000,49.3
2026-08-27T05:00:34.000,49.3
2026-08-27T05:05:34.000,49.3
2026-08-27T05:10:34.000,49.3
2026-08-27T05:15:34.000,49.3
2026-08-27T05:20:34.000,49.3
2026-08-27T05:25:35.000,48.9
2026-08-27T05:30:35.000,48.9
2026-08-27T05:35:35.000,48.9
2026-08-27T05:40:35.000,48.9
2026-08-27T05:45:35.000,48.6
2026-08-27T05:50:35.000,48.6
2026-08-27T05:55:35.000,48.3
2026-08-27T06:00:35.000,48.3
2026-08-27T06:05:35.000,48.3
2026-08-27T06:10:35.000,48.0
2026-08-27T06:15:35.000,48.0
2026-08-27T06:20:35.000,48.0
2026-08-27T06:25:36.000,48.0
2026-08-27T06:30:36.000,47.7
2026-08-27T06:35:36.000,47.7
2026-08-27T06:40:36.000,47.7
2026-08-27T06:45:36.000,47.7
2026-08-27T06:50:36.000,47.7
2026-08-27T06:55:36.000,47.7
2026-08-27T07:00:36.000,47.3
2026-08-27T07:05:36.000,47.3
2026-08-27T07:10:36.000,47.3
2026-08-27T07:15:36.000,47.3
2026-08-27T07:20:37.000,47.0
2026-08-27T07:25:37.000,47.0
2026-08-27T07:30:37.000,46.7
2026-08-27T07:35:37.000,46.4
2026-08-27T07:40:37.000,46.4
2026-08-27T07:45:37.000,46.0
2026-08-27T07:50:37.000,46.0
2026-08-27T07:55:37.000,45.7
2026-08-27T08:00:37.000,45.7
2026-08-27T08:05:37.000,45.4
2026-08-27T08:10:37.000,45.4
2026-08-27T08:15:37.000,45.1
2026-08-27T08:20:38.000,45.1
2026-08-27T08:25:38.000,45.1
2026-08-27T08:30:38.000,44.8
2026-08-27T08:35:38.000,44.8
2026-08-27T08:40:38.000,44.8
2026-08-27T08:45:38.000,44.4
2026-08-27T08:50:38.000,44.4
2026-08-27T08:55:38.000,44.4
2026-08-27T09:00:38.000,44.4
2026-08-27T09:05:38.000,44.4
2026-08-27T09:10:38.000,44.4
2026-08-27T09:15:38.000,44.4
2026-08-27T09:20:39.000,44.1
2026-08-27T09:25:39.000,44.1
2026-08-27T09:30:39.000,44.1
2026-08-27T09:35:39.000,44.1
2026-08-27T09:40:39.000,43.8
2026-08-27T09:45:39.000,43.8
2026-08-27T09:50:39.000,43.8
2026-08-27T09:55:39.000,43.5
2026-08-27T10:00:39.000,43.5
2026-08-27T10:05:39.000,43.5
2026-08-27T10:10:39.000,43.1
2026-08-27T10:15:39.000,43.1
2026-08-27T10:20:40.000,43.1
2026-08-27T10:25:40.000,43.1
2026-08-27T10:30:40.000,42.8
2026-08-27T10:35:40.000,42.8
2026-08-27T10:40:40.000,42.8
2026-08-27T10:45:40.000,42.8
2026-08-27T10:50:40.000,42.5
2026-08-27T10:55:40.000,42.5
2026-08-27T11:00:40.000,42.5
2026-08-27T11:05:40.000,42.5
2026-08-27T11:10:40.000,42.2
2026-08-27T11:15:40.000,42.2
2026-08-27T11:20:41.000,42.2
2026-08-27T11:25:41.000,41.9
2026-08-27T11:30:41.000,41.9
2026-08-27T11:35:41.000,41.9
2026-08-27T11:40:41.000,41.9
2026-08-27T11:45:41.000,41.9
2026-08-27T11:50:41.000,41.5
2026-08-27T11:55:41.000,41.5
2026-08-27T12:00:41.000,41.5
2026-08-27T12:05:41.000,41.5
2026-08-27T12:10:41.000,41.5
2026-08-27T12:15:41.000,41.5
2026-08-27T12:20:42.000,41.5
2026-08-27T12:25:42.000,41.5
2026-08-27T12:30:42.000,41.2
2026-08-27T12:35:42.000,41.2
2026-08-27T12:40:42.000,41.5
2026-08-27T12:45:42.000,41.2
2026-08-27T12:50:42.000,41.2
2026-08-27T12:55:42.000,41.2
2026-08-27T13:00:42.000,41.5
2026-08-27T13:05:42.000,41.2
2026-08-27T13:10:42.000,41.5
2026-08-27T13:15:42.000,41.5
2026-08-27T13:20:43.000,41.2
2026-08-27T13:25:43.000,41.5
2026-08-27T13:30:43.000,41.9
2026-08-27T13:35:43.000,41.9
2026-08-27T13:40:43.000,42.2
2026-08-27T13:45:43.000,42.5
2026-08-27T13:50:43.000,42.5
2026-08-27T13:55:43.000,42.8
2026-08-27T14:00:43.000,43.1
2026-08-27T14:05:43.000,43.1
2026-08-27T14:10:43.000,43.1
2026-08-27T14:15:43.000,43.5
2026-08-27T14:20:43.000,43.8
2026-08-27T14:25:44.000,43.8
2026-08-27T14:30:44.000,44.4
2026-08-27T14:35:44.000,44.8
2026-08-27T14:40:44.000,45.1
2026-08-27T14:45:44.000,45.4
2026-08-27T14:50:44.000,46.0
2026-08-27T14:55:44.000,46.4
2026-08-27T15:00:44.000,46.7
2026-08-27T15:05:44.000,47.0
2026-08-27T15:10:44.000,47.3
2026-08-27T15:15:44.000,48.0
2026-08-27T15:20:44.000,48.0
2026-08-27T15:25:45.000,48.3
2026-08-27T15:30:45.000,48.3
2026-08-27T15:35:45.000,48.3
2026-08-27T15:40:45.000,48.3
2026-08-27T15:45:45.000,48.3
2026-08-27T15:50:45.000,48.3
2026-08-27T15:55:45.000,48.6
2026-08-27T16:00:45.000,48.6
2026-08-27T16:05:45.000,48.9
2026-08-27T16:10:45.000,49.3
2026-08-27T16:15:45.000,49.6
2026-08-27T16:20:45.000,49.9
2026-08-27T16:25:45.000,49.9
2026-08-27T16:30:46.000,50.2
2026-08-27T16:35:46.000,50.6
2026-08-27T16:40:46.000,50.9
2026-08-27T16:45:46.000,51.2
2026-08-27T16:50:46.000,51.5
2026-08-27T16:55:46.000,51.8
2026-08-27T17:00:46.000,52.2
2026-08-27T17:05:46.000,52.2
2026-08-27T17:10:46.000,52.8
2026-08-27T17:15:46.000,52.8
2026-08-27T17:20:46.000,53.5
2026-08-27T17:25:46.000,53.5
2026-08-27T17:30:47.000,53.8
2026-08-27T17:35:47.000,54.1
2026-08-27T17:40:47.000,54.7
2026-08-27T17:45:47.000,55.1
2026-08-27T17:50:47.000,55.4
2026-08-27T17:55:47.000,56.0
2026-08-27T18:00:47.000,56.7
2026-08-27T18:05:47.000,57.3
2026-08-27T18:10:47.000,58.0
2026-08-27T18:15:47.000,58.3
2026-08-27T18:20:47.000,58.9
2026-08-27T18:25:47.000,59.3
2026-08-27T18:30:47.000,59.6
2026-08-27T18:35:48.000,59.9
2026-08-27T18:40:48.000,60.5
2026-08-27T18:45:48.000,60.9
2026-08-27T18:50:48.000,61.5
2026-08-27T18:55:48.000,61.8
2026-08-27T19:00:48.000,62.2
2026-08-27T19:05:48.000,62.2
2026-08-27T19:10:48.000,62.5
2026-08-27T19:15:48.000,62.8
2026-08-27T19:20:48.000,63.1
2026-08-27T19:25:48.000,63.8
2026-08-27T19:30:48.000,64.1
2026-08-27T19:35:49.000,64.4
2026-08-27T19:40:49.000,64.7
2026-08-27T19:45:49.000,65.1
2026-08-27T19:50:49.000,65.4
2026-08-27T19:55:49.000,65.7
2026-08-27T20:00:49.000,65.7
2026-08-27T20:05:49.000,66.0
2026-08-27T20:10:49.000,66.3
2026-08-27T20:15:49.000,66.7
2026-08-27T20:20:49.000,67.0
2026-08-27T20:25:49.000,67.0
2026-08-27T20:30:49.000,67.3
2026-08-27T20:35:49.000,67.6
2026-08-27T20:40:50.000,68.0
2026-08-27T20:45:50.000,68.3
2026-08-27T20:50:50.000,68.6
2026-08-27T20:55:50.000,68.6
2026-08-27T21:00:50.000,68.6
2026-08-27T21:05:50.000,68.9
2026-08-27T21:10:50.000,68.9
2026-08-27T21:15:50.000,68.9
2026-08-27T21:20:50.000,68.9
2026-08-27T21:25:50.000,68.9
2026-08-27T21:30:50.000,68.9
2026-08-27T21:35:50.000,69.2
2026-08-27T21:40:51.000,69.2
2026-08-27T21:45:51.000,69.6
2026-08-27T21:50:51.000,69.9
2026-08-27T21:55:51.000,70.2
2026-08-27T22:00:51.000,70.2
2026-08-27T22:05:51.000,70.5
2026-08-27T22:10:51.000,70.5
2026-08-27T22:15:51.000,70.5
2026-08-27T22:20:51.000,70.9
2026-08-27T22:25:51.000,70.9
2026-08-27T22:30:51.000,71.2
2026-08-27T22:35:51.000,71.5
2026-08-27T22:40:51.000,71.5
2026-08-27T22:45:52.000,72.1
2026-08-27T22:50:52.000,72.1
2026-08-27T22:55:52.000,72.5
2026-08-27T23:00:52.000,72.1
2026-08-27T23:05:52.000,72.1
2026-08-27T23:10:52.000,72.1
2026-08-27T23:15:52.000,72.1
2026-08-27T23:20:52.000,72.1
2026-08-27T23:25:52.000,72.1
2026-08-27T23:30:52.000,72.1
2026-08-27T23:35:52.000,71.8
2026-08-27T23:40:52.000,71.2
2026-08-27T23:45:53.000,70.5
2026-08-27T23:50:53.000,69.9
2026-08-27T23:55:53.000,69.6
2026-08-28T00:00:53.000,69.2
2026-08-28T00:05:53.000,69.2
2026-08-28T00:10:53.000,68.9
2026-08-28T00:15:53.000,68.6
2026-08-28T00:20:53.000,68.6
2026-08-28T00:25:53.000,68.6
2026-08-28T00:30:53.000,68.3
2026-08-28T00:35:53.000,68.0
2026-08-28T00:40:53.000,67.6
2026-08-28T00:45:54.000,67.6
2026-08-28T00:50:54.000,67.0
2026-08-28T00:55:54.000,67.0
2026-08-28T01:00:54.000,66.3
2026-08-28T01:05:54.000,65.1
2026-08-28T01:10:54.000,63.8
2026-08-28T01:15:54.000,62.8
2026-08-28T01:20:54.000,61.5
2026-08-28T01:25:54.000,60.5
2026-08-28T01:30:54.000,59.9
2026-08-28T01:35:54.000,58.6
2026-08-28T01:40:54.000,57.6
2026-08-28T01:45:54.000,56.4
2026-08-28T01:50:55.000,55.4
2026-08-28T01:55:55.000,54.1
2026-08-28T02:00:55.000,53.1
2026-08-28T02:05:55.000,52.5
2026-08-28T02:10:55.000,51.5
2026-08-28T02:15:55.000,50.9
2026-08-28T02:20:55.000,50.6
2026-08-28T02:25:55.000,50.2
2026-08-28T02:30:55.000,50.2
2026-08-28T02:35:55.000,49.9
2026-08-28T02:40:55.000,49.9
2026-08-28T02:45:55.000,49.9
2026-08-28T02:50:56.000,49.9
2026-08-28T02:55:56.000,49.9
2026-08-28T03:00:56.000,49.9
2026-08-28T03:05:56.000,49.9
2026-08-28T03:10:56.000,49.9
2026-08-28T03:15:56.000,49.6
2026-08-28T03:20:56.000,49.9
2026-08-28T03:25:56.000,49.9
2026-08-28T03:30:56.000,49.9
2026-08-28T03:35:56.000,49.9
2026-08-28T03:40:56.000,49.9
2026-08-28T03:45:56.000,49.6
2026-08-28T03:50:57.000,49.6
2026-08-28T03:55:57.000,49.6
2026-08-28T04:00:57.000,49.6
2026-08-28T04:05:57.000,49.6
2026-08-28T04:10:57.000,49.6
2026-08-28T04:15:57.000,49.6
2026-08-28T04:20:57.000,49.6
2026-08-28T04:25:57.000,49.3
2026-08-28T04:30:57.000,49.3
2026-08-28T04:35:57.000,48.9
2026-08-28T04:40:57.000,48.9
2026-08-28T04:45:57.000,48.9
2026-08-28T04:50:58.000,48.9
2026-08-28T04:55:58.000,48.6
2026-08-28T05:00:58.000,48.6
2026-08-28T05:05:58.000,48.6
2026-08-28T05:10:58.000,48.6
2026-08-28T05:15:58.000,48.6
2026-08-28T05:20:58.000,48.6
2026-08-28T05:25:58.000,48.6
2026-08-28T05:30:58.000,48.6
2026-08-28T05:35:58.000,48.6
2026-08-28T05:40:58.000,48.6
2026-08-28T05:45:58.000,48.6
2026-08-28T05:50:59.000,48.6
2026-08-28T05:55:59.000,48.3
2026-08-28T06:00:59.000,48.6
2026-08-28T06:05:59.000,48.6
2026-08-28T06:10:59.000,48.6
2026-08-28T06:15:59.000,48.3
2026-08-28T06:20:59.000,48.3
2026-08-28T06:25:59.000,48.3
2026-08-28T06:30:59.000,48.3
2026-08-28T06:35:59.000,48.3
2026-08-28T06:40:59.000,48.3
2026-08-28T06:45:59.000,48.3
2026-08-28T06:51:00.000,48.3
2026-08-28T06:56:00.000,48.3
2026-08-28T07:01:00.000,48.3
2026-08-28T07:06:00.000,48.0
2026-08-28T07:11:00.000,48.3
2026-08-28T07:16:00.000,48.0
2026-08-28T07:21:00.000,48.3
2026-08-28T07:26:00.000,48.3
2026-08-28T07:31:00.000,48.3
2026-08-28T07:36:00.000,48.0
2026-08-28T07:41:00.000,48.0
2026-08-28T07:46:00.000,48.0
2026-08-28T07:51:01.000,48.0
2026-08-28T07:56:01.000,48.0
2026-08-28T08:01:01.000,47.7
2026-08-28T08:06:01.000,47.7
2026-08-28T08:11:01.000,47.7
2026-08-28T08:16:01.000,47.7
2026-08-28T08:21:01.000,47.7
2026-08-28T08:26:01.000,47.7
2026-08-28T08:31:01.000,47.7
2026-08-28T08:36:01.000,47.7
2026-08-28T08:41:01.000,47.7
2026-08-28T08:46:01.000,47.7
2026-08-28T08:51:02.000,47.7
2026-08-28T08:56:02.000,47.3
2026-08-28T09:01:02.000,47.3
2026-08-28T09:06:02.000,47.3
2026-08-28T09:11:02.000,47.3
2026-08-28T09:16:02.000,47.3
2026-08-28T09:21:02.000,47.3
2026-08-28T09:26:02.000,47.3
2026-08-28T09:31:02.000,47.0
2026-08-28T09:36:02.000,47.0
2026-08-28T09:41:02.000,47.0
2026-08-28T09:46:02.000,47.0
2026-08-28T09:51:03.000,47.0
2026-08-28T09:56:03.000,46.7
2026-08-28T10:01:03.000,46.7
2026-08-28T10:06:03.000,46.7
2026-08-28T10:11:03.000,46.7
2026-08-28T10:16:03.000,46.7
2026-08-28T10:21:03.000,46.4
2026-08-28T10:26:03.000,46.4
2026-08-28T10:31:03.000,46.4
2026-08-28T10:36:03.000,46.4
2026-08-28T10:41:03.000,46.4
2026-08-28T10:46:03.000,46.4
2026-08-28T10:51:04.000,46.0
2026-08-28T10:56:04.000,46.0
2026-08-28T11:01:04.000,46.0
2026-08-28T11:06:04.000,46.0
2026-08-28T11:11:04.000,46.0
2026-08-28T11:16:04.000,46.0
2026-08-28T11:21:04.000,46.0
2026-08-28T11:26:04.000,46.0
2026-08-28T11:31:04.000,46.0
2026-08-28T11:36:04.000,46.0
2026-08-28T11:41:04.000,46.0
2026-08-28T11:46:04.000,46.0
2026-08-28T11:51:05.000,46.0
2026-08-28T11:56:05.000,46.0
2026-08-28T12:01:05.000,46.0
2026-08-28T12:06:05.000,46.0
2026-08-28T12:11:05.000,46.0
2026-08-28T12:16:05.000,46.0
2026-08-28T12:21:05.000,46.0
2026-08-28T12:26:05.000,46.0
2026-08-28T12:31:05.000,45.7
2026-08-28T12:36:05.000,45.7
2026-08-28T12:41:05.000,45.7
2026-08-28T12:46:05.000,45.7
2026-08-28T12:51:06.000,45.4
2026-08-28T12:56:06.000,45.7
2026-08-28T13:01:06.000,45.4
2026-08-28T13:06:06.000,45.4
2026-08-28T13:11:06.000,45.4
2026-08-28T13:16:06.000,45.4
2026-08-28T13:21:06.000,45.7
2026-08-28T13:26:06.000,45.4
2026-08-28T13:31:06.000,45.7
2026-08-28T13:36:06.000,45.7
2026-08-28T13:41:06.000,46.0
2026-08-28T13:46:06.000,46.0
2026-08-28T13:51:07.000,46.0
2026-08-28T13:56:07.000,46.0
2026-08-28T14:01:07.000,46.0
2026-08-28T14:06:07.000,46.4
2026-08-28T14:11:07.000,46.4
2026-08-28T14:16:07.000,46.4
2026-08-28T14:21:07.000,46.4
2026-08-28T14:26:07.000,46.4
2026-08-28T14:31:07.000,46.4
2026-08-28T14:36:07.000,46.4
2026-08-28T14:41:07.000,46.4
2026-08-28T14:46:07.000,46.4
2026-08-28T14:51:07.000,46.7
2026-08-28T14:56:08.000,46.4
2026-08-28T15:01:08.000,47.0
2026-08-28T15:06:08.000,47.0
2026-08-28T15:11:08.000,47.3
2026-08-28T15:16:08.000,47.7
2026-08-28T15:21:08.000,48.0
2026-08-28T15:26:08.000,48.3
2026-08-28T15:31:08.000,48.6
2026-08-28T15:36:08.000,48.9
2026-08-28T15:41:08.000,49.3
2026-08-28T15:46:08.000,49.6
2026-08-28T15:51:08.000,49.9
2026-08-28T15:56:09.000,50.2
2026-08-28T16:01:09.000,50.6
2026-08-28T16:06:09.000,50.9
2026-08-28T16:11:09.000,50.9
2026-08-28T16:16:09.000,51.2
2026-08-28T16:21:09.000,51.2
2026-08-28T16:26:09.000,51.5
2026-08-28T16:31:09.000,51.8
2026-08-28T16:36:09.000,52.2
2026-08-28T16:41:09.000,52.8
2026-08-28T16:46:09.000,53.1
2026-08-28T16:51:09.000,53.5
2026-08-28T16:56:10.000,53.8
2026-08-28T17:01:10.000,54.4
2026-08-28T17:06:10.000,54.7
2026-08-28T17:11:10.000,55.1
2026-08-28T17:16:10.000,55.7
2026-08-28T17:21:10.000,55.7
2026-08-28T17:26:10.000,56.0
2026-08-28T17:31:10.000,56.0
2026-08-28T17:36:10.000,56.0
2026-08-28T17:41:10.000,56.4
2026-08-28T17:46:10.000,56.4
2026-08-28T17:51:10.000,56.7
2026-08-28T17:56:10.000,56.7
2026-08-28T18:01:11.000,57.0
2026-08-28T18:06:11.000,57.3
2026-08-28T18:11:11.000,58.0
2026-08-28T18:16:11.000,58.9
2026-08-28T18:21:11.000,59.6
2026-08-28T18:26:11.000,60.9
2026-08-28T18:31:11.000,61.2
2026-08-28T18:36:11.000,61.8
2026-08-28T18:41:11.000,62.5
2026-08-28T18:46:11.000,62.8
2026-08-28T18:51:11.000,63.1
2026-08-28T18:56:11.000,63.4
2026-08-28T19:01:12.000,63.8
2026-08-28T19:06:12.000,64.1
2026-08-28T19:11:12.000,64.4
2026-08-28T19:16:12.000,64.7
2026-08-28T19:21:12.000,65.1
2026-08-28T19:26:12.000,65.1
2026-08-28T19:31:12.000,65.4
2026-08-28T19:36:12.000,65.7
2026-08-28T19:41:12.000,66.3
2026-08-28T19:46:12.000,66.3
2026-08-28T19:51:12.000,66.7
2026-08-28T19:56:12.000,67.0
2026-08-28T20:01:13.000,67.3
2026-08-28T20:06:13.000,67.6
2026-08-28T20:11:13.000,68.0
2026-08-28T20:16:13.000,68.0
2026-08-28T20:21:13.000,68.3
2026-08-28T20:26:13.000,68.3
2026-08-28T20:31:13.000,68.6
2026-08-28T20:36:13.000,68.9
2026-08-28T20:41:13.000,68.9
2026-08-28T20:46:13.000,69.2
2026-08-28T20:51:13.000,69.2
2026-08-28T20:56:13.000,69.2
2026-08-28T21:01:14.000,69.6
2026-08-28T21:06:14.000,69.9
2026-08-28T21:11:14.000,70.2
2026-08-28T21:16:14.000,70.2
2026-08-28T21:21:14.000,70.2
2026-08-28T21:26:14.000,69.9
2026-08-28T21:31:14.000,69.9
2026-08-28T21:36:14.000,69.9
2026-08-28T21:41:14.000,69.9
2026-08-28T21:46:14.000,70.2
2026-08-28T21:51:14.000,70.5
2026-08-28T21:56:14.000,70.5
2026-08-28T22:01:14.000,70.9
2026-08-28T22:06:15.000,70.5
2026-08-28T22:11:15.000,70.5
2026-08-28T22:16:15.000,70.9
2026-08-28T22:21:15.000,70.9
2026-08-28T22:26:15.000,70.5
2026-08-28T22:31:15.000,70.5
2026-08-28T22:36:15.000,70.9
2026-08-28T22:41:15.000,70.9
2026-08-28T22:46:15.000,70.9
2026-08-28T22:51:15.000,71.2
2026-08-28T22:56:15.000,71.5
2026-08-28T23:01:15.000,71.5
2026-08-28T23:06:16.000,71.2
2026-08-28T23:11:16.000,71.2
2026-08-28T23:16:16.000,71.2
2026-08-28T23:21:16.000,70.9
2026-08-28T23:26:16.000,70.5
2026-08-28T23:31:16.000,70.2
2026-08-28T23:36:16.000,69.9
2026-08-28T23:41:16.000,69.6
2026-08-28T23:46:16.000,69.2
2026-08-28T23:51:16.000,68.9
2026-08-28T23:56:16.000,68.6
2026-08-29T00:01:16.000,68.6
2026-08-29T00:06:17.000,68.3
2026-08-29T00:11:17.000,68.3
2026-08-29T00:16:17.000,68.3
2026-08-29T00:21:17.000,68.0
2026-08-29T00:26:17.000,67.6
2026-08-29T00:31:17.000,67.3
2026-08-29T00:36:17.000,67.0
2026-08-29T00:41:17.000,66.7
2026-08-29T00:46:17.000,66.3
2026-08-29T00:51:17.000,65.7
2026-08-29T00:56:17.000,65.4
2026-08-29T01:01:17.000,65.1
2026-08-29T01:06:18.000,64.4
2026-08-29T01:11:18.000,63.8
2026-08-29T01:16:18.000,63.1
2026-08-29T01:21:18.000,62.5
2026-08-29T01:26:18.000,61.8
2026-08-29T01:31:18.000,60.9
2026-08-29T01:36:18.000,60.2
2026-08-29T01:41:18.000,59.6
2026-08-29T01:46:18.000,58.9
2026-08-29T01:51:18.000,58.0
2026-08-29T01:56:18.000,57.3
2026-08-29T02:01:18.000,56.7
2026-08-29T02:06:18.000,56.0
2026-08-29T02:11:19.000,55.7
2026-08-29T02:16:19.000,55.1
2026-08-29T02:21:19.000,54.7
2026-08-29T02:26:19.000,54.4
2026-08-29T02:31:19.000,54.1
2026-08-29T02:36:19.000,54.1
2026-08-29T02:41:19.000,53.8
2026-08-29T02:46:19.000,53.5
2026-08-29T02:51:19.000,53.5
2026-08-29T02:56:19.000,53.1
2026-08-29T03:01:19.000,53.1
2026-08-29T03:06:20.000,52.8
2026-08-29T03:11:20.000,52.8
2026-08-29T03:16:20.000,52.8
2026-08-29T03:21:20.000,52.8
2026-08-29T03:26:20.000,52.5
2026-08-29T03:31:20.000,52.5
2026-08-29T03:36:20.000,52.2
2026-08-29T03:41:20.000,52.2
2026-08-29T03:46:20.000,51.8
2026-08-29T03:51:20.000,51.5
2026-08-29T03:56:20.000,51.2
2026-08-29T04:01:20.000,50.6
2026-08-29T04:06:21.000,49.6
2026-08-29T04:11:21.000,48.9
2026-08-29T04:16:21.000,48.0
2026-08-29T04:21:21.000,47.3
2026-08-29T04:26:21.000,46.7
2026-08-29T04:31:21.000,46.7
2026-08-29T04:36:21.000,46.4
2026-08-29T04:41:21.000,46.4
2026-08-29T04:46:21.000,46.7
2026-08-29T04:51:21.000,46.7
2026-08-29T04:56:21.000,46.7
2026-08-29T05:01:21.000,46.7
2026-08-29T05:06:22.000,47.0
2026-08-29T05:11:22.000,47.0
2026-08-29T05:16:22.000,47.0
2026-08-29T05:21:22.000,47.3
2026-08-29T05:26:22.000,47.3
2026-08-29T05:31:22.000,47.3
2026-08-29T05:36:22.000,47.3
2026-08-29T05:41:22.000,47.3
2026-08-29T05:46:22.000,47.3
2026-08-29T05:51:22.000,47.3
2026-08-29T05:56:22.000,47.3
2026-08-29T06:01:22.000,47.3
2026-08-29T06:06:23.000,47.3
2026-08-29T06:11:23.000,47.3
2026-08-29T06:16:23.000,47.3
2026-08-29T06:21:23.000,47.0
2026-08-29T06:26:23.000,47.0
2026-08-29T06:31:23.000,47.0
2026-08-29T06:36:23.000,46.7
2026-08-29T06:41:23.000,46.7
2026-08-29T06:46:23.000,46.7
2026-08-29T06:51:23.000,46.7
2026-08-29T06:56:23.000,46.4
2026-08-29T07:01:24.000,46.4
2026-08-29T07:06:24.000,46.4
2026-08-29T07:11:24.000,46.4
2026-08-29T07:16:24.000,46.4
2026-08-29T07:21:24.000,46.0
2026-08-29T07:26:24.000,46.0
2026-08-29T07:31:24.000,46.0
2026-08-29T07:36:24.000,45.7
2026-08-29T07:41:24.000,45.7
2026-08-29T07:46:24.000,45.4
2026-08-29T07:51:24.000,45.4
2026-08-29T07:56:24.000,45.1
2026-08-29T08:01:25.000,45.1
2026-08-29T08:06:25.000,45.1
2026-08-29T08:11:25.000,44.8
2026-08-29T08:16:25.000,44.8
2026-08-29T08:21:25.000,44.8
2026-08-29T08:26:25.000,44.8
2026-08-29T08:31:25.000,44.8
2026-08-29T08:36:25.000,44.8
2026-08-29T08:41:25.000,44.8
2026-08-29T08:46:25.000,44.8
2026-08-29T08:51:25.000,44.4
2026-08-29T08:56:25.000,44.4
2026-08-29T09:01:26.000,44.4
2026-08-29T09:06:26.000,44.4
2026-08-29T09:11:26.000,44.4
2026-08-29T09:16:26.000,44.4
2026-08-29T09:21:26.000,44.4
2026-08-29T09:26:26.000,44.4
2026-08-29T09:31:26.000,44.4
2026-08-29T09:36:26.000,44.4
2026-08-29T09:41:26.000,44.4
2026-08-29T09:46:26.000,44.1
2026-08-29T09:51:26.000,44.1
2026-08-29T09:56:26.000,44.1
2026-08-29T10:01:27.000,44.1
2026-08-29T10:06:27.000,44.1
2026-08-29T10:11:27.000,44.1
2026-08-29T10:16:27.000,44.1
2026-08-29T10:21:27.000,43.8
2026-08-29T10:26:27.000,43.8
2026-08-29T10:31:27.000,43.8
2026-08-29T10:36:27.000,43.8
2026-08-29T10:41:27.000,43.8
2026-08-29T10:46:27.000,43.5
2026-08-29T10:51:27.000,43.5
2026-08-29T10:56:27.000,43.5
2026-08-29T11:01:28.000,43.5
2026-08-29T11:06:28.000,43.5
2026-08-29T11:11:28.000,43.5
2026-08-29T11:16:28.000,43.5
2026-08-29T11:21:28.000,43.5
2026-08-29T11:26:28.000,43.5
2026-08-29T11:31:28.000,43.1
2026-08-29T11:36:28.000,43.1
2026-08-29T11:41:28.000,43.1
2026-08-29T11:46:28.000,43.1
2026-08-29T11:51:28.000,43.1
2026-08-29T11:56:29.000,43.1
2026-08-29T12:01:29.000,43.1
2026-08-29T12:06:29.000,42.8
2026-08-29T12:11:29.000,42.8
2026-08-29T12:16:29.000,42.8
2026-08-29T12:21:29.000,42.8
2026-08-29T12:26:29.000,42.8
2026-08-29T12:31:29.000,42.8
2026-08-29T12:36:29.000,42.8
2026-08-29T12:41:29.000,42.5
2026-08-29T12:46:29.000,42.8
2026-08-29T12:51:29.000,42.5
2026-08-29T12:56:29.000,42.5
2026-08-29T13:01:30.000,42.5
2026-08-29T13:06:30.000,42.5
2026-08-29T13:11:30.000,42.5
2026-08-29T13:16:30.000,42.2
2026-08-29T13:21:30.000,42.8
2026-08-29T13:26:30.000,42.5
2026-08-29T13:31:30.000,42.8
2026-08-29T13:36:30.000,42.8
2026-08-29T13:41:30.000,43.1
2026-08-29T13:46:30.000,43.5
2026-08-29T13:51:30.000,43.8
2026-08-29T13:56:30.000,44.1
2026-08-29T14:01:31.000,44.4
2026-08-29T14:06:31.000,44.8
2026-08-29T14:11:31.000,45.1
2026-08-29T14:16:31.000,45.4
2026-08-29T14:21:31.000,45.7
2026-08-29T14:26:31.000,46.0
2026-08-29T14:31:31.000,46.7
2026-08-29T14:36:31.000,46.7
2026-08-29T14:41:31.000,47.0
2026-08-29T14:46:31.000,47.3
2026-08-29T14:51:31.000,47.7
2026-08-29T14:56:31.000,48.0
2026-08-29T15:01:32.000,48.3
2026-08-29T15:06:32.000,48.3
2026-08-29T15:11:32.000,48.6
2026-08-29T15:16:32.000,48.9
2026-08-29T15:21:32.000,48.9
2026-08-29T15:26:32.000,49.3
2026-08-29T15:31:32.000,49.3
2026-08-29T15:36:32.000,49.6
2026-08-29T15:41:32.000,49.9
2026-08-29T15:46:32.000,49.9
2026-08-29T15:51:32.000,50.2
2026-08-29T15:56:32.000,50.2
2026-08-29T16:01:33.000,50.6
2026-08-29T16:06:33.000,50.6
2026-08-29T16:11:33.000,50.9
2026-08-29T16:16:33.000,50.9
2026-08-29T16:21:33.000,51.2
2026-08-29T16:26:33.000,51.2
2026-08-29T16:31:33.000,51.5
2026-08-29T16:36:33.000,51.5
2026-08-29T16:41:33.000,51.8
2026-08-29T16:46:33.000,52.2
2026-08-29T16:51:33.000,52.5
2026-08-29T16:56:33.000,52.8
2026-08-29T17:01:34.000,52.8
2026-08-29T17:06:34.000,53.1
2026-08-29T17:11:34.000,53.5
2026-08-29T17:16:34.000,53.8
2026-08-29T17:21:34.000,54.1
2026-08-29T17:26:34.000,54.4
2026-08-29T17:31:34.000,55.1
2026-08-29T17:36:34.000,55.4
2026-08-29T17:41:34.000,55.7
2026-08-29T17:46:34.000,56.0
2026-08-29T17:51:34.000,56.4
2026-08-29T17:56:34.000,57.0
2026-08-29T18:01:34.000,57.3
2026-08-29T18:06:35.000,57.6
2026-08-29T18:11:35.000,58.6
2026-08-29T18:16:35.000,59.3
2026-08-29T18:21:35.000,59.6
2026-08-29T18:26:35.000,59.9
2026-08-29T18:31:35.000,60.2
2026-08-29T18:36:35.000,60.9
2026-08-29T18:41:35.000,60.9
2026-08-29T18:46:35.000,61.2
2026-08-29T18:51:35.000,61.8
2026-08-29T18:56:35.000,62.2
2026-08-29T19:01:35.000,62.5
2026-08-29T19:06:36.000,62.8
2026-08-29T19:11:36.000,63.1
2026-08-29T19:16:36.000,63.4
2026-08-29T19:21:36.000,63.8
2026-08-29T19:26:36.000,64.1
2026-08-29T19:31:36.000,64.4
2026-08-29T19:36:36.000,64.7
2026-08-29T19:41:36.000,65.1
2026-08-29T19:46:36.000,65.4
2026-08-29T19:51:36.000,65.7
2026-08-29T19:56:36.000,66.0
2026-08-29T20:01:36.000,66.3
2026-08-29T20:06:37.000,67.0
2026-08-29T20:11:37.000,67.3
2026-08-29T20:16:37.000,67.6
2026-08-29T20:21:37.000,67.6
2026-08-29T20:26:37.000,68.0
2026-08-29T20:31:37.000,68.0
2026-08-29T20:36:37.000,68.0
2026-08-29T20:41:37.000,68.3
2026-08-29T20:46:37.000,68.3
2026-08-29T20:51:37.000,68.6
2026-08-29T20:56:37.000,68.0
2026-08-29T21:01:37.000,68.0
2026-08-29T21:06:37.000,68.0
2026-08-29T21:11:38.000,68.3
2026-08-29T21:16:38.000,68.3
2026-08-29T21:21:38.000,68.6
2026-08-29T21:26:38.000,68.3
2026-08-29T21:31:38.000,68.6
2026-08-29T21:36:38.000,68.6
2026-08-29T21:41:38.000,68.0
2026-08-29T21:46:38.000,67.6
2026-08-29T21:51:38.000,67.0
2026-08-29T21:56:38.000,66.0
2026-08-29T22:01:38.000,65.4
2026-08-29T22:06:38.000,65.1
2026-08-29T22:11:39.000,64.1
2026-08-29T22:16:39.000,63.4
2026-08-29T22:21:39.000,63.1
2026-08-29T22:26:39.000,62.2
2026-08-29T22:31:39.000,61.2
2026-08-29T22:36:39.000,60.5
2026-08-29T22:41:39.000,59.9
2026-08-29T22:46:39.000,59.6
2026-08-29T22:51:39.000,58.6
2026-08-29T22:56:39.000,58.3
2026-08-29T23:01:39.000,57.6
2026-08-29T23:06:39.000,57.3
2026-08-29T23:11:39.000,56.7
2026-08-29T23:16:40.000,56.0
2026-08-29T23:21:40.000,55.1
2026-08-29T23:26:40.000,53.8
2026-08-29T23:31:40.000,53.1
2026-08-29T23:36:40.000,52.5
2026-08-29T23:41:40.000,52.2
2026-08-29T23:46:40.000,52.2
2026-08-29T23:51:40.000,51.8
2026-08-29T23:56:40.000,51.5
2026-08-30T00:01:40.000,51.5
2026-08-30T00:06:40.000,51.2
2026-08-30T00:11:40.000,51.2
2026-08-30T00:16:41.000,51.2
2026-08-30T00:21:41.000,50.9
2026-08-30T00:26:41.000,50.6
2026-08-30T00:31:41.000,50.2
2026-08-30T00:36:41.000,49.6
2026-08-30T00:41:41.000,49.3
2026-08-30T00:46:41.000,48.9
2026-08-30T00:51:41.000,48.6
2026-08-30T00:56:41.000,48.6
2026-08-30T01:01:41.000,48.6
2026-08-30T01:06:41.000,48.6
2026-08-30T01:11:41.000,48.0
2026-08-30T01:16:42.000,47.3
2026-08-30T01:21:42.000,46.7
2026-08-30T01:26:42.000,45.7
2026-08-30T01:31:42.000,45.4
2026-08-30T01:36:42.000,44.8
2026-08-30T01:41:42.000,44.8
2026-08-30T01:46:42.000,44.4
2026-08-30T01:51:42.000,44.4
2026-08-30T01:56:42.000,44.4
2026-08-30T02:01:42.000,44.4
2026-08-30T02:06:42.000,44.4
2026-08-30T02:11:42.000,44.4
2026-08-30T02:16:43.000,44.4
2026-08-30T02:21:43.000,44.4
2026-08-30T02:26:43.000,44.4
2026-08-30T02:31:43.000,44.4
2026-08-30T02:36:43.000,44.8
2026-08-30T02:41:43.000,44.8
2026-08-30T02:46:43.000,44.8
2026-08-30T02:51:43.000,44.8
2026-08-30T02:56:43.000,44.8
2026-08-30T03:01:43.000,44.8
2026-08-30T03:06:43.000,45.1
2026-08-30T03:11:43.000,45.1
2026-08-30T03:16:44.000,45.1
2026-08-30T03:21:44.000,45.1
2026-08-30T03:26:44.000,45.1
2026-08-30T03:31:44.000,45.4
2026-08-30T03:36:44.000,45.4
2026-08-30T03:41:44.000,45.4
2026-08-30T03:46:44.000,45.4
2026-08-30T03:51:44.000,45.4
2026-08-30T03:56:44.000,45.4
2026-08-30T04:01:44.000,45.4
2026-08-30T04:06:44.000,45.4
2026-08-30T04:11:44.000,45.4
2026-08-30T04:16:45.000,45.4
2026-08-30T04:21:45.000,45.4
2026-08-30T04:26:45.000,45.4
2026-08-30T04:31:45.000,45.1
2026-08-30T04:36:45.000,45.1
2026-08-30T04:41:45.000,45.1
2026-08-30T04:46:45.000,45.1
2026-08-30T04:51:45.000,44.8
2026-08-30T04:56:45.000,44.8
2026-08-30T05:01:45.000,44.8
2026-08-30T05:06:45.000,44.4
2026-08-30T05:11:45.000,44.4
2026-08-30T05:16:46.000,44.4
2026-08-30T05:21:46.000,44.4
2026-08-30T05:26:46.000,44.4
2026-08-30T05:31:46.000,44.4
2026-08-30T05:36:46.000,44.4
2026-08-30T05:41:46.000,44.4
2026-08-30T05:46:46.000,44.4
2026-08-30T05:51:46.000,44.4
2026-08-30T05:56:46.000,44.4
2026-08-30T06:01:46.000,44.4
2026-08-30T06:06:46.000,44.4
2026-08-30T06:11:46.000,44.4
2026-08-30T06:16:47.000,44.4
2026-08-30T06:21:47.000,44.4
2026-08-30T06:26:47.000,44.4
2026-08-30T06:31:47.000,44.4
2026-08-30T06:36:47.000,44.4
2026-08-30T06:41:47.000,44.4
2026-08-30T06:46:47.000,44.4
2026-08-30T06:51:47.000,44.4
2026-08-30T06:56:47.000,44.4
2026-08-30T07:01:47.000,44.4
2026-08-30T07:06:47.000,44.4
2026-08-30T07:11:47.000,44.4
2026-08-30T07:16:48.000,44.4
2026-08-30T07:21:48.000,44.4
2026-08-30T07:26:48.000,44.4
2026-08-30T07:31:48.000,44.4
2026-08-30T07:36:48.000,44.1
2026-08-30T07:41:48.000,44.1
2026-08-30T07:46:48.000,44.1
2026-08-30T07:51:48.000,44.1
2026-08-30T07:56:48.000,44.1
2026-08-30T08:01:48.000,44.1
2026-08-30T08:06:48.000,43.8
2026-08-30T08:11:49.000,43.8
2026-08-30T08:16:49.000,43.8
2026-08-30T08:21:49.000,43.8
2026-08-30T08:26:49.000,43.8
2026-08-30T08:31:49.000,43.5
2026-08-30T08:36:49.000,43.5
2026-08-30T08:41:49.000,43.5
2026-08-30T08:46:49.000,43.5
2026-08-30T08:51:49.000,43.5
2026-08-30T08:56:49.000,43.1
2026-08-30T09:01:49.000,43.1
2026-08-30T09:06:49.000,43.1
2026-08-30T09:11:50.000,43.1
2026-08-30T09:16:50.000,43.1
2026-08-30T09:21:50.000,43.1
2026-08-30T09:26:50.000,43.1
2026-08-30T09:31:50.000,43.1
2026-08-30T09:36:50.000,43.5
2026-08-30T09:41:50.000,43.5
2026-08-30T09:46:50.000,43.5
2026-08-30T09:51:50.000,43.5
2026-08-30T09:56:50.000,43.5
2026-08-30T10:01:50.000,43.8
2026-08-30T10:06:50.000,43.8
2026-08-30T10:11:51.000,43.8
2026-08-30T10:16:51.000,43.8
2026-08-30T10:21:51.000,43.8
2026-08-30T10:26:51.000,44.1
2026-08-30T10:31:51.000,44.1
2026-08-30T10:36:51.000,44.1
2026-08-30T10:41:51.000,44.1
2026-08-30T10:46:51.000,44.1
2026-08-30T10:51:51.000,44.1
2026-08-30T10:56:51.000,44.1
2026-08-30T11:01:51.000,44.1
2026-08-30T11:06:51.000,44.1
2026-08-30T11:11:52.000,44.1
2026-08-30T11:16:52.000,44.1
2026-08-30T11:21:52.000,44.1
2026-08-30T11:26:52.000,44.1
2026-08-30T11:31:52.000,44.1
2026-08-30T11:36:52.000,44.1
2026-08-30T11:41:52.000,44.1
2026-08-30T11:46:52.000,43.8
2026-08-30T11:51:52.000,44.1
2026-08-30T11:56:52.000,44.1
2026-08-30T12:01:52.000,44.1
2026-08-30T12:06:53.000,44.1
2026-08-30T12:11:53.000,44.1
2026-08-30T12:16:53.000,43.8
2026-08-30T12:21:53.000,43.8
2026-08-30T12:26:53.000,43.8
2026-08-30T12:31:53.000,43.8
2026-08-30T12:36:53.000,43.8
2026-08-30T12:41:53.000,43.5
2026-08-30T12:46:53.000,43.5
2026-08-30T12:51:53.000,43.5
2026-08-30T12:56:53.000,43.5
2026-08-30T13:01:53.000,43.1
2026-08-30T13:06:53.000,43.1
2026-08-30T13:11:54.000,43.1
2026-08-30T13:16:54.000,43.1
2026-08-30T13:21:54.000,43.1
2026-08-30T13:26:54.000,43.1
2026-08-30T13:31:54.000,43.1
2026-08-30T13:36:54.000,43.1
2026-08-30T13:41:54.000,43.5
2026-08-30T13:46:54.000,43.5
2026-08-30T13:51:54.000,43.5
2026-08-30T13:56:54.000,43.5
2026-08-30T14:01:54.000,43.8
2026-08-30T14:06:54.000,43.8
2026-08-30T14:11:55.000,43.8
2026-08-30T14:16:55.000,44.1
2026-08-30T14:21:55.000,44.1
2026-08-30T14:26:55.000,44.4
2026-08-30T14:31:55.000,44.8
2026-08-30T14:36:55.000,45.1
2026-08-30T14:41:55.000,45.4
2026-08-30T14:46:55.000,45.4
2026-08-30T14:51:55.000,45.7
2026-08-30T14:56:55.000,46.0
2026-08-30T15:01:55.000,46.0
2026-08-30T15:06:55.000,46.0
2026-08-30T15:11:56.000,46.0
2026-08-30T15:16:56.000,46.7
2026-08-30T15:21:56.000,46.7
2026-08-30T15:26:56.000,46.7
2026-08-30T15:31:56.000,47.0
2026-08-30T15:36:56.000,47.3
2026-08-30T15:41:56.000,47.7
2026-08-30T15:46:56.000,47.7
2026-08-30T15:51:56.000,48.0
2026-08-30T15:56:56.000,48.0
2026-08-30T16:01:56.000,48.0
2026-08-30T16:06:56.000,48.0
2026-08-30T16:11:56.000,48.3
2026-08-30T16:16:57.000,48.3
2026-08-30T16:21:57.000,48.3
2026-08-30T16:26:57.000,48.3
2026-08-30T16:31:57.000,48.6
2026-08-30T16:36:57.000,48.6
2026-08-30T16:41:57.000,48.6
2026-08-30T16:46:57.000,48.9
2026-08-30T16:51:57.000,48.9
2026-08-30T16:56:57.000,49.3
2026-08-30T17:01:57.000,49.6
2026-08-30T17:06:57.000,49.9
2026-08-30T17:11:57.000,49.9
2026-08-30T17:16:58.000,50.2
2026-08-30T17:21:58.000,50.2
2026-08-30T17:26:58.000,50.9
2026-08-30T17:31:58.000,51.5
2026-08-30T17:36:58.000,51.8
2026-08-30T17:41:58.000,52.5
2026-08-30T17:46:58.000,53.1
2026-08-30T17:51:58.000,53.8
2026-08-30T17:56:58.000,54.4
2026-08-30T18:01:58.000,55.4
2026-08-30T18:06:58.000,56.4
2026-08-30T18:11:58.000,57.0
2026-08-30T18:16:58.000,58.0
2026-08-30T18:21:59.000,58.3
2026-08-30T18:26:59.000,58.9
2026-08-30T18:31:59.000,59.3
2026-08-30T18:36:59.000,59.6
2026-08-30T18:41:59.000,59.9
2026-08-30T18:46:59.000,60.2
2026-08-30T18:51:59.000,60.5
2026-08-30T18:56:59.000,61.2
2026-08-30T19:01:59.000,61.2
2026-08-30T19:06:59.000,61.5
2026-08-30T19:11:59.000,61.8
2026-08-30T19:16:59.000,62.5
2026-08-30T19:22:00.000,62.8
2026-08-30T19:27:00.000,63.1
2026-08-30T19:32:00.000,63.4
2026-08-30T19:37:00.000,63.8
2026-08-30T19:42:00.000,64.1
2026-08-30T19:47:00.000,64.4
2026-08-30T19:52:00.000,64.1
2026-08-30T19:57:00.000,64.7
2026-08-30T20:02:00.000,64.7
2026-08-30T20:07:00.000,65.4
2026-08-30T20:12:00.000,65.4
2026-08-30T20:17:00.000,66.0
2026-08-30T20:22:00.000,66.0
2026-08-30T20:27:01.000,66.0
2026-08-30T20:32:01.000,66.3
2026-08-30T20:37:01.000,66.3
2026-08-30T20:42:01.000,66.7
2026-08-30T20:47:01.000,67.0
2026-08-30T20:52:01.000,67.0
2026-08-30T20:57:01.000,67.3
2026-08-30T21:02:01.000,67.3
2026-08-30T21:07:01.000,67.6
2026-08-30T21:12:01.000,67.6
2026-08-30T21:17:01.000,68.0
2026-08-30T21:22:01.000,67.6
2026-08-30T21:27:02.000,66.7
2026-08-30T21:32:02.000,66.0
2026-08-30T21:37:02.000,65.7
2026-08-30T21:42:02.000,66.0
2026-08-30T21:47:02.000,66.3
2026-08-30T21:52:02.000,66.7
2026-08-30T21:57:02.000,67.0
2026-08-30T22:02:02.000,67.3
2026-08-30T22:07:02.000,67.3
2026-08-30T22:12:02.000,67.6
2026-08-30T22:17:02.000,68.0
2026-08-30T22:22:02.000,68.3
2026-08-30T22:27:02.000,68.3
2026-08-30T22:32:03.000,68.3
2026-08-30T22:37:03.000,68.0
2026-08-30T22:42:03.000,67.6
2026-08-30T22:47:03.000,67.3
2026-08-30T22:52:03.000,67.3
2026-08-30T22:57:03.000,67.6
2026-08-30T23:02:03.000,67.6
2026-08-30T23:07:03.000,67.0
2026-08-30T23:12:03.000,66.0
2026-08-30T23:17:03.000,65.1
2026-08-30T23:22:03.000,64.7
2026-08-30T23:27:03.000,64.7
2026-08-30T23:32:04.000,64.1
2026-08-30T23:37:04.000,63.1
2026-08-30T23:42:04.000,62.2
2026-08-30T23:47:04.000,60.9
2026-08-30T23:52:04.000,59.6
2026-08-30T23:57:04.000,58.9
2026-08-31T00:02:04.000,58.0
2026-08-31T00:07:04.000,57.0
2026-08-31T00:12:04.000,56.4
2026-08-31T00:17:04.000,55.7
2026-08-31T00:22:04.000,55.4
2026-08-31T00:27:04.000,54.7
2026-08-31T00:32:04.000,54.4
2026-08-31T00:37:05.000,54.1
2026-08-31T00:42:05.000,53.8
2026-08-31T00:47:05.000,53.5
2026-08-31T00:52:05.000,53.1
2026-08-31T00:57:05.000,52.8
2026-08-31T01:02:05.000,52.5
2026-08-31T01:07:05.000,52.2
2026-08-31T01:12:05.000,52.2
2026-08-31T01:17:05.000,51.8
2026-08-31T01:22:05.000,51.5
2026-08-31T01:27:06.000,51.2
2026-08-31T01:32:06.000,51.2
2026-08-31T01:37:06.000,50.9
2026-08-31T01:42:06.000,50.9
2026-08-31T01:47:06.000,50.6
2026-08-31T01:52:06.000,50.6
2026-08-31T01:57:06.000,50.2
2026-08-31T02:02:06.000,50.2
2026-08-31T02:07:06.000,50.2
2026-08-31T02:12:06.000,49.9
2026-08-31T02:17:06.000,49.9
2026-08-31T02:22:06.000,49.6
2026-08-31T02:27:07.000,49.6
2026-08-31T02:32:07.000,49.3
2026-08-31T02:37:07.000,49.3
2026-08-31T02:42:07.000,48.9
2026-08-31T02:47:07.000,48.6
2026-08-31T02:52:07.000,48.6
2026-08-31T02:57:07.000,48.3
2026-08-31T03:02:07.000,48.3
2026-08-31T03:07:07.000,48.0
2026-08-31T03:12:07.000,47.7
2026-08-31T03:17:07.000,47.7
2026-08-31T03:22:07.000,47.7
2026-08-31T03:27:07.000,47.3
2026-08-31T03:32:08.000,47.3
2026-08-31T03:37:08.000,47.0
2026-08-31T03:42:08.000,47.0
2026-08-31T03:47:08.000,47.0
2026-08-31T03:52:08.000,46.7
2026-08-31T03:57:08.000,46.7
2026-08-31T04:02:08.000,46.7
2026-08-31T04:07:08.000,46.7
2026-08-31T04:12:08.000,46.4
2026-08-31T04:17:08.000,46.4
2026-08-31T04:22:08.000,46.4
2026-08-31T04:27:08.000,46.4
2026-08-31T04:32:09.000,46.4
2026-08-31T04:37:09.000,46.4
2026-08-31T04:42:09.000,46.4
2026-08-31T04:47:09.000,46.4
2026-08-31T04:52:09.000,46.0
2026-08-31T04:57:09.000,46.0
2026-08-31T05:02:09.000,46.0
2026-08-31T05:07:09.000,46.0
2026-08-31T05:12:09.000,46.0
2026-08-31T05:17:09.000,45.7
2026-08-31T05:22:09.000,45.7
2026-08-31T05:27:09.000,45.7
2026-08-31T05:32:10.000,45.7
2026-08-31T05:37:10.000,45.7
2026-08-31T05:42:10.000,45.7
2026-08-31T05:47:10.000,45.7
2026-08-31T05:52:10.000,45.4
2026-08-31T05:57:10.000,45.4
2026-08-31T06:02:10.000,45.4
2026-08-31T06:07:10.000,45.4
2026-08-31T06:12:10.000,45.4
2026-08-31T06:17:10.000,45.4
2026-08-31T06:22:10.000,45.1
2026-08-31T06:27:10.000,45.1
2026-08-31T06:32:11.000,45.1
2026-08-31T06:37:11.000,45.4
2026-08-31T06:42:11.000,45.4
2026-08-31T06:47:11.000,45.4
2026-08-31T06:52:11.000,45.1
2026-08-31T06:57:11.000,45.1
2026-08-31T07:02:11.000,45.1
2026-08-31T07:07:11.000,45.1
2026-08-31T07:12:11.000,45.1
2026-08-31T07:17:11.000,45.1
2026-08-31T07:22:11.000,45.1
2026-08-31T07:27:11.000,45.1
2026-08-31T07:32:11.000,45.1
2026-08-31T07:37:12.000,44.8
2026-08-31T07:42:12.000,44.8
2026-08-31T07:47:12.000,44.4
2026-08-31T07:52:12.000,44.4
2026-08-31T07:57:12.000,44.4
2026-08-31T08:02:12.000,44.1
2026-08-31T08:07:12.000,44.1
2026-08-31T08:12:12.000,43.8
2026-08-31T08:17:12.000,43.8
2026-08-31T08:22:12.000,43.8
2026-08-31T08:27:12.000,43.8
2026-08-31T08:32:12.000,43.5
2026-08-31T08:37:13.000,43.5
2026-08-31T08:42:13.000,43.5
2026-08-31T08:47:13.000,43.5
2026-08-31T08:52:13.000,43.5
2026-08-31T08:57:13.000,43.5
2026-08-31T09:02:13.000,43.5
2026-08-31T09:07:13.000,43.1
2026-08-31T09:12:13.000,43.1
2026-08-31T09:17:13.000,43.1
2026-08-31T09:22:13.000,43.1
2026-08-31T09:27:13.000,43.1
2026-08-31T09:32:13.000,42.8
2026-08-31T09:37:14.000,42.8
2026-08-31T09:42:14.000,42.8
2026-08-31T09:47:14.000,42.8
2026-08-31T09:52:14.000,43.1
2026-08-31T09:57:14.000,43.1
2026-08-31T10:02:14.000,43.1
2026-08-31T10:07:14.000,43.1
2026-08-31T10:12:14.000,43.5
2026-08-31T10:17:14.000,43.5
2026-08-31T10:22:14.000,43.5
2026-08-31T10:27:14.000,43.5
2026-08-31T10:32:14.000,43.5
2026-08-31T10:37:15.000,43.5
2026-08-31T10:42:15.000,43.8
2026-08-31T10:47:15.000,43.8
2026-08-31T10:52:15.000,43.5
2026-08-31T10:57:15.000,43.8
2026-08-31T11:02:15.000,43.8
2026-08-31T11:07:15.000,43.5
2026-08-31T11:12:15.000,43.5
2026-08-31T11:17:15.000,43.5
2026-08-31T11:22:15.000,43.1
2026-08-31T11:27:15.000,42.8
2026-08-31T11:32:15.000,41.9
2026-08-31T11:37:16.000,41.2
2026-08-31T11:42:16.000,40.2
2026-08-31T11:47:16.000,39.6
2026-08-31T11:52:16.000,39.0
2026-08-31T11:57:16.000,38.6
2026-08-31T12:02:16.000,38.0
2026-08-31T12:07:16.000,37.7
2026-08-31T12:12:16.000,37.3
2026-08-31T12:17:16.000,37.0
2026-08-31T12:22:16.000,37.0
2026-08-31T12:27:16.000,36.7
2026-08-31T12:32:16.000,36.7
2026-08-31T12:37:17.000,36.4
2026-08-31T12:42:17.000,36.4
2026-08-31T12:47:17.000,36.0
2026-08-31T12:52:17.000,36.0
2026-08-31T12:57:17.000,35.7
2026-08-31T13:02:17.000,35.7
2026-08-31T13:07:17.000,35.7
2026-08-31T13:12:17.000,35.7
2026-08-31T13:17:17.000,35.7
2026-08-31T13:22:17.000,35.7
2026-08-31T13:27:17.000,35.7
2026-08-31T13:32:17.000,35.7
2026-08-31T13:37:17.000,36.0
2026-08-31T13:42:18.000,36.4
2026-08-31T13:47:18.000,36.7
2026-08-31T13:52:18.000,36.7
2026-08-31T13:57:18.000,37.0
2026-08-31T14:02:18.000,37.0
2026-08-31T14:07:18.000,37.3
2026-08-31T14:12:18.000,37.3
2026-08-31T14:17:18.000,37.7
2026-08-31T14:22:18.000,37.7
2026-08-31T14:27:18.000,38.0
2026-08-31T14:32:18.000,38.0
2026-08-31T14:37:18.000,38.0
2026-08-31T14:42:19.000,38.3
2026-08-31T14:47:19.000,38.6
2026-08-31T14:52:19.000,39.0
2026-08-31T14:57:19.000,39.6
2026-08-31T15:02:19.000,39.6
2026-08-31T15:07:19.000,39.9
2026-08-31T15:12:19.000,39.9
2026-08-31T15:17:19.000,40.2
2026-08-31T15:22:19.000,40.6
2026-08-31T15:27:19.000,40.9
2026-08-31T15:32:19.000,41.5
2026-08-31T15:37:19.000,41.9
2026-08-31T15:42:19.000,42.2
2026-08-31T15:47:20.000,42.5
2026-08-31T15:52:20.000,42.5
2026-08-31T15:57:20.000,42.8
2026-08-31T16:02:20.000,43.1
2026-08-31T16:07:20.000,42.8
2026-08-31T16:12:20.000,42.8
2026-08-31T16:17:20.000,42.8
2026-08-31T16:22:20.000,42.5
2026-08-31T16:27:20.000,42.5
2026-08-31T16:32:20.000,42.2
2026-08-31T16:37:20.000,41.9
2026-08-31T16:42:20.000,41.9
2026-08-31T16:47:21.000,41.5
2026-08-31T16:52:21.000,41.2
2026-08-31T16:57:21.000,40.9
2026-08-31T17:02:21.000,40.6
2026-08-31T17:07:21.000,39.6
2026-08-31T17:12:21.000,39.3
2026-08-31T17:17:21.000,39.3
2026-08-31T17:22:21.000,38.6
2026-08-31T17:27:21.000,38.3
2026-08-31T17:32:21.000,38.0
2026-08-31T17:37:21.000,37.3
2026-08-31T17:42:21.000,37.3
2026-08-31T17:47:22.000,37.0
2026-08-31T17:52:22.000,36.7
2026-08-31T17:57:22.000,36.4
2026-08-31T18:02:22.000,36.0
2026-08-31T18:07:22.000,36.0
2026-08-31T18:12:22.000,35.7
2026-08-31T18:17:22.000,35.7
2026-08-31T18:22:22.000,35.7
2026-08-31T18:27:22.000,35.4
2026-08-31T18:32:22.000,35.7
2026-08-31T18:37:22.000,35.7
2026-08-31T18:42:22.000,35.7
2026-08-31T18:47:22.000,35.7
2026-08-31T18:52:23.000,35.7
2026-08-31T18:57:23.000,35.7
2026-08-31T19:02:23.000,35.7
2026-08-31T19:07:23.000,35.7
2026-08-31T19:12:23.000,36.0
2026-08-31T19:17:23.000,36.0
2026-08-31T19:22:23.000,36.0
2026-08-31T19:27:23.000,36.0
2026-08-31T19:32:23.000,36.4
2026-08-31T19:37:23.000,36.4
2026-08-31T19:42:23.000,36.7
2026-08-31T19:47:23.000,36.4
2026-08-31T19:52:23.000,36.4
2026-08-31T19:57:24.000,36.4
2026-08-31T20:02:24.000,36.7
2026-08-31T20:07:24.000,36.7
2026-08-31T20:12:24.000,36.7
2026-08-31T20:17:24.000,36.7
2026-08-31T20:22:24.000,36.7
2026-08-31T20:27:24.000,36.7
2026-08-31T20:32:24.000,36.7
2026-08-31T20:37:24.000,37.0
2026-08-31T20:42:24.000,37.0
2026-08-31T20:47:24.000,36.7
2026-08-31T20:52:24.000,37.0
2026-08-31T20:57:25.000,37.0
2026-08-31T21:02:25.000,37.0
2026-08-31T21:07:25.000,37.3
2026-08-31T21:12:25.000,37.7
2026-08-31T21:17:25.000,38.3
2026-08-31T21:22:25.000,38.6
2026-08-31T21:27:25.000,39.6
2026-08-31T21:32:25.000,40.9
2026-08-31T21:37:25.000,42.8
2026-08-31T21:42:25.000,44.8
2026-08-31T21:47:25.000,46.4
2026-08-31T21:52:25.000,47.7
2026-08-31T21:57:25.000,48.6
2026-08-31T22:02:26.000,49.3
2026-08-31T22:07:26.000,49.9
2026-08-31T22:12:26.000,50.6
2026-08-31T22:17:26.000,50.9
2026-08-31T22:22:26.000,50.6
2026-08-31T22:27:26.000,50.6
2026-08-31T22:32:26.000,50.9
2026-08-31T22:37:26.000,51.5
2026-08-31T22:42:26.000,51.8
2026-08-31T22:47:26.000,52.2
2026-08-31T22:52:26.000,52.8
2026-08-31T22:57:26.000,52.8
2026-08-31T23:02:27.000,52.8
2026-08-31T23:07:27.000,53.1
2026-08-31T23:12:27.000,52.8
2026-08-31T23:17:27.000,52.8
2026-08-31T23:22:27.000,52.5
2026-08-31T23:27:27.000,52.2
2026-08-31T23:32:27.000,51.5
2026-08-31T23:37:27.000,51.2
2026-08-31T23:42:27.000,51.2
2026-08-31T23:47:27.000,51.2
2026-08-31T23:52:27.000,51.2
2026-08-31T23:57:27.000,51.5
2026-09-01T00:02:28.000,51.8
2026-09-01T00:07:28.000,51.2
2026-09-01T00:12:28.000,50.6
2026-09-01T00:17:28.000,49.9
2026-09-01T00:22:28.000,49.3
2026-09-01T00:27:28.000,48.6
2026-09-01T00:32:28.000,48.3
2026-09-01T00:37:28.000,47.3
2026-09-01T00:42:28.000,47.3
2026-09-01T00:47:28.000,46.7
2026-09-01T00:52:28.000,46.0
2026-09-01T00:57:28.000,45.7
2026-09-01T01:02:28.000,45.1
2026-09-01T01:07:29.000,44.8
2026-09-01T01:12:29.000,44.4
2026-09-01T01:17:29.000,43.8
2026-09-01T01:22:29.000,43.5
2026-09-01T01:27:29.000,43.1
2026-09-01T01:32:29.000,43.1
2026-09-01T01:37:29.000,42.8
2026-09-01T01:42:29.000,42.5
2026-09-01T01:47:29.000,42.5
2026-09-01T01:52:29.000,42.2
2026-09-01T01:57:29.000,42.2
2026-09-01T02:02:29.000,41.9
2026-09-01T02:07:30.000,41.9
2026-09-01T02:12:30.000,41.9
2026-09-01T02:17:30.000,41.5
2026-09-01T02:22:30.000,41.5
2026-09-01T02:27:30.000,41.2
2026-09-01T02:32:30.000,41.2
2026-09-01T02:37:30.000,41.2
2026-09-01T02:42:30.000,40.9
2026-09-01T02:47:30.000,40.9
2026-09-01T02:52:30.000,40.9
2026-09-01T02:57:30.000,40.9
2026-09-01T03:02:30.000,40.9
2026-09-01T03:07:30.000,40.6
2026-09-01T03:12:31.000,40.6
2026-09-01T03:17:31.000,40.6
2026-09-01T03:22:31.000,40.6
2026-09-01T03:27:31.000,40.6
2026-09-01T03:32:31.000,40.6
2026-09-01T03:37:31.000,40.2
2026-09-01T03:42:31.000,40.2
2026-09-01T03:47:31.000,40.2
2026-09-01T03:52:31.000,40.2
2026-09-01T03:57:31.000,40.2
2026-09-01T04:02:31.000,39.9
2026-09-01T04:07:31.000,39.9
2026-09-01T04:12:32.000,39.9
2026-09-01T04:17:32.000,39.9
2026-09-01T04:22:32.000,39.9
2026-09-01T04:27:32.000,39.9
2026-09-01T04:32:32.000,39.9
2026-09-01T04:37:32.000,39.9
2026-09-01T04:42:32.000,39.9
2026-09-01T04:47:32.000,39.6
2026-09-01T04:52:32.000,39.6
2026-09-01T04:57:32.000,39.6
2026-09-01T05:02:32.000,39.6
2026-09-01T05:07:33.000,39.6
2026-09-01T05:12:33.000,39.6
2026-09-01T05:17:33.000,39.6
2026-09-01T05:22:33.000,39.6
2026-09-01T05:27:33.000,39.6
2026-09-01T05:32:33.000,39.6
2026-09-01T05:37:33.000,39.6
2026-09-01T05:42:33.000,39.6
2026-09-01T05:47:33.000,39.3
2026-09-01T05:52:33.000,39.3
2026-09-01T05:57:33.000,39.3
2026-09-01T06:02:33.000,39.3
2026-09-01T06:07:33.000,39.3
2026-09-01T06:12:34.000,39.3
2026-09-01T06:17:34.000,39.3
2026-09-01T06:22:34.000,39.3
2026-09-01T06:27:34.000,39.3
2026-09-01T06:32:34.000,39.3
2026-09-01T06:37:34.000,39.3
2026-09-01T06:42:34.000,39.3
2026-09-01T06:47:34.000,39.0
2026-09-01T06:52:34.000,39.0
