UT,T
2025-11-01T00:51:01.000,21.23
2025-11-01T01:01:20.000,21.19
2025-11-01T01:11:34.000,20.86
2025-11-01T01:21:51.000,20.51
2025-11-01T01:32:13.000,20.34
2025-11-01T01:42:29.000,20.08
2025-11-01T02:33:59.000,22.04
2025-11-01T03:26:07.000,19.5
2025-11-01T04:01:40.000,21.76
2025-11-01T04:12:14.000,19.61
2025-11-01T04:22:27.000,17.78
2025-11-01T04:43:09.000,16.58
2025-11-01T05:03:51.000,18.45
2025-11-01T19:26:43.000,51.28
2025-11-01T19:36:52.000,38.35
2025-11-02T00:54:54.000,18.0
2025-11-02T01:05:09.000,17.49
2025-11-02T01:15:23.000,16.89
2025-11-02T01:25:36.000,15.76
2025-11-02T01:35:49.000,15.12
2025-11-02T01:46:04.000,14.58
2025-11-02T01:56:17.000,14.59
2025-11-02T02:06:31.000,14.47
2025-11-02T02:16:45.000,15.1
2025-11-02T02:26:59.000,14.26
2025-11-02T02:37:13.000,13.85
2025-11-02T02:47:26.000,13.7
2025-11-02T03:07:54.000,13.54
2025-11-02T03:18:08.000,13.7
2025-11-02T03:28:22.000,14.0
2025-11-02T03:38:37.000,13.81
2025-11-02T03:48:51.000,13.47
2025-11-02T03:59:05.000,13.17
2025-11-02T04:09:19.000,13.33
2025-11-02T04:19:33.000,13.18
2025-11-02T04:29:47.000,13.41
2025-11-02T04:40:01.000,13.33
2025-11-02T04:50:15.000,13.19
2025-11-02T05:00:29.000,12.8
2025-11-02T05:10:43.000,12.6
2025-11-02T05:20:58.000,12.84
2025-11-02T05:31:12.000,12.51
2025-11-02T05:41:28.000,12.4
2025-11-02T05:51:42.000,12.38
2025-11-02T06:01:57.000,12.13
2025-11-02T06:12:11.000,12.17
2025-11-02T06:22:25.000,11.26
2025-11-02T06:32:39.000,11.4
2025-11-02T06:42:54.000,11.21
2025-11-02T06:53:08.000,11.05
2025-11-02T07:03:22.000,10.1
2025-11-02T07:13:38.000,10.03
2025-11-02T07:23:52.000,9.45
2025-11-02T07:34:06.000,9.85
2025-11-02T07:44:20.000,9.66
2025-11-02T07:54:34.000,9.68
2025-11-02T08:04:48.000,9.5
2025-11-02T08:15:02.000,9.26
2025-11-02T08:25:16.000,9.32
2025-11-02T08:35:30.000,9.36
2025-11-02T08:45:44.000,9.3
2025-11-02T08:55:58.000,9.5
2025-11-02T09:06:13.000,9.66
2025-11-02T09:16:28.000,9.64
2025-11-02T09:26:42.000,9.31
2025-11-02T09:36:56.000,9.13
2025-11-02T09:47:10.000,8.93
2025-11-02T09:57:25.000,8.67
2025-11-02T10:07:39.000,9.07
2025-11-02T10:17:54.000,9.31
2025-11-02T10:28:08.000,9.15
2025-11-02T10:38:22.000,9.13
2025-11-02T10:48:36.000,9.16
2025-11-02T10:58:50.000,9.18
2025-11-02T11:09:04.000,9.62
2025-11-02T11:19:18.000,10.79
2025-11-02T11:29:33.000,11.42
2025-11-02T11:39:47.000,10.69
2025-11-02T11:50:01.000,9.88
2025-11-02T12:00:15.000,9.95
2025-11-02T12:10:29.000,9.77
2025-11-02T12:20:44.000,9.91
2025-11-02T12:30:58.000,9.26
2025-11-02T12:41:12.000,9.5
2025-11-02T12:51:26.000,9.68
2025-11-02T13:01:41.000,9.8
2025-11-02T13:11:55.000,9.53
2025-11-03T00:51:52.000,16.17
2025-11-03T01:02:05.000,16.68
2025-11-03T01:23:04.000,17.1
2025-11-03T01:33:19.000,17.84
2025-11-03T01:43:34.000,17.39
2025-11-03T01:53:48.000,17.07
2025-11-03T02:04:02.000,16.55
2025-11-03T02:14:16.000,16.45
2025-11-03T02:24:30.000,16.32
2025-11-03T02:34:44.000,15.95
2025-11-03T02:44:58.000,15.61
2025-11-03T02:55:13.000,15.44
2025-11-03T03:05:27.000,15.38
2025-11-03T03:15:41.000,15.59
2025-11-03T03:25:57.000,15.65
2025-11-03T03:36:12.000,15.34
2025-11-03T03:46:25.000,14.75
2025-11-03T03:56:39.000,14.66
2025-11-03T04:06:53.000,14.61
2025-11-03T04:17:07.000,14.61
2025-11-03T04:27:21.000,14.44
2025-11-03T04:37:35.000,14.21
2025-11-03T04:47:49.000,14.21
2025-11-03T04:58:04.000,13.89
2025-11-03T05:08:18.000,12.93
2025-11-03T05:18:34.000,12.42
2025-11-03T05:28:48.000,12.21
2025-11-03T05:39:03.000,12.77
2025-11-03T05:49:17.000,12.84
2025-11-03T05:59:31.000,12.59
2025-11-03T06:09:45.000,12.16
2025-11-03T06:19:59.000,11.97
2025-11-03T06:30:13.000,12.5
2025-11-03T06:40:27.000,11.97
2025-11-03T06:50:41.000,11.83
2025-11-03T07:00:55.000,11.7
2025-11-03T07:11:09.000,12.13
2025-11-03T07:21:24.000,11.85
2025-11-03T07:31:38.000,11.64
2025-11-03T07:41:52.000,11.24
2025-11-03T07:52:06.000,11.67
2025-11-03T08:02:20.000,11.54
2025-11-03T08:12:34.000,11.5
2025-11-03T08:22:49.000,11.43
2025-11-03T08:33:02.000,10.97
2025-11-03T08:43:16.000,10.32
2025-11-03T08:53:30.000,10.1
2025-11-03T09:03:45.000,10.33
2025-11-03T09:13:59.000,10.44
2025-11-03T09:24:14.000,10.16
2025-11-03T09:34:28.000,10.04
2025-11-03T09:44:42.000,10.19
2025-11-03T09:54:57.000,10.23
2025-11-03T10:05:11.000,10.01
2025-11-03T10:15:25.000,10.1
2025-11-03T10:25:40.000,10.06
2025-11-03T10:35:54.000,10.0
2025-11-03T10:46:09.000,10.0
2025-11-03T10:56:23.000,9.59
2025-11-03T11:06:36.000,9.42
2025-11-03T11:16:51.000,9.54
2025-11-03T11:27:05.000,10.11
2025-11-03T11:37:20.000,9.79
2025-11-03T11:47:34.000,10.42
2025-11-03T11:57:49.000,10.93
2025-11-03T12:08:03.000,11.29
2025-11-03T12:18:17.000,11.29
2025-11-03T12:28:32.000,12.0
2025-11-03T12:38:46.000,12.49
2025-11-03T12:49:00.000,13.32
2025-11-03T12:59:15.000,12.45
2025-11-03T13:09:29.000,11.37
2025-11-03T13:19:42.000,10.76
2025-11-04T00:51:54.000,17.78
2025-11-04T01:02:09.000,18.78
2025-11-04T01:12:23.000,19.31
2025-11-04T01:22:37.000,19.31
2025-11-04T01:32:52.000,19.43
2025-11-04T01:43:05.000,18.45
2025-11-04T01:53:19.000,17.79
2025-11-04T02:03:33.000,17.49
2025-11-04T02:13:47.000,17.1
2025-11-04T02:24:01.000,17.34
2025-11-04T02:34:16.000,17.51
2025-11-04T02:44:30.000,17.57
2025-11-04T02:54:44.000,17.52
2025-11-04T03:04:57.000,16.09
2025-11-04T03:15:11.000,15.99
2025-11-04T03:25:27.000,15.43
2025-11-04T03:35:40.000,15.1
2025-11-04T03:45:54.000,14.63
2025-11-04T03:56:08.000,14.29
2025-11-04T04:06:22.000,14.28
2025-11-04T04:16:36.000,13.82
2025-11-04T04:26:50.000,13.44
2025-11-04T04:37:04.000,13.59
2025-11-04T04:47:19.000,13.41
2025-11-04T04:57:33.000,12.97
2025-11-04T05:07:47.000,12.5
2025-11-04T05:18:00.000,11.83
2025-11-04T05:28:14.000,11.83
2025-11-04T05:38:29.000,12.02
2025-11-04T05:48:43.000,11.84
2025-11-04T05:58:58.000,11.79
2025-11-04T06:09:12.000,11.73
2025-11-04T06:19:26.000,11.66
2025-11-04T06:29:41.000,11.81
2025-11-04T06:39:55.000,11.77
2025-11-04T06:50:09.000,12.54
2025-11-04T07:00:24.000,12.73
2025-11-04T07:10:38.000,12.73
2025-11-04T07:20:52.000,12.64
2025-11-04T07:31:06.000,12.72
2025-11-04T07:41:20.000,12.16
2025-11-04T07:51:34.000,11.7
2025-11-04T08:01:48.000,12.22
2025-11-04T08:12:02.000,11.99
2025-11-04T08:22:16.000,11.85
2025-11-04T08:32:30.000,11.9
2025-11-04T08:42:44.000,11.86
2025-11-04T08:52:58.000,12.13
2025-11-04T09:03:13.000,13.79
2025-11-04T09:13:29.000,14.06
2025-11-04T09:23:43.000,13.0
2025-11-04T09:33:56.000,11.95
2025-11-04T09:44:10.000,11.61
2025-11-04T09:54:23.000,11.27
2025-11-04T10:04:37.000,10.64
2025-11-04T10:14:51.000,10.75
2025-11-04T10:40:29.000,12.44
2025-11-04T10:50:42.000,11.63
2025-11-04T11:00:56.000,11.32
2025-11-04T11:11:10.000,10.75
2025-11-04T11:21:24.000,10.58
2025-11-04T11:31:38.000,10.66
2025-11-04T11:41:54.000,10.74
2025-11-04T11:52:09.000,12.75
2025-11-04T12:02:24.000,12.25
2025-11-04T12:12:39.000,11.9
2025-11-04T12:22:52.000,11.5
2025-11-04T12:33:06.000,11.08
2025-11-04T12:43:20.000,10.72
2025-11-04T12:53:34.000,10.13
2025-11-04T13:03:47.000,9.74
2025-11-04T13:14:01.000,9.77
2025-11-05T00:58:03.000,16.81
2025-11-05T01:08:23.000,17.01
2025-11-05T01:18:36.000,16.33
2025-11-05T01:28:50.000,16.09
2025-11-05T01:39:04.000,16.01
2025-11-05T01:49:18.000,15.95
2025-11-05T01:59:32.000,15.81
2025-11-05T02:09:46.000,15.72
2025-11-05T02:20:01.000,15.63
2025-11-05T02:30:15.000,15.21
2025-11-05T02:40:29.000,14.63
2025-11-05T02:50:43.000,13.56
2025-11-05T03:00:57.000,13.18
2025-11-05T03:11:11.000,13.51
2025-11-05T03:21:25.000,13.75
2025-11-05T03:31:40.000,13.77
2025-11-05T03:41:54.000,13.93
2025-11-05T03:52:08.000,14.0
2025-11-05T04:02:22.000,12.52
2025-11-05T04:12:36.000,11.91
2025-11-05T04:22:50.000,11.6
2025-11-05T04:33:04.000,11.8
2025-11-05T04:43:19.000,12.07
2025-11-05T04:53:33.000,12.11
2025-11-05T05:03:48.000,11.96
2025-11-05T05:14:02.000,12.19
2025-11-05T05:24:16.000,11.83
2025-11-05T05:34:31.000,12.18
2025-11-05T05:44:45.000,12.24
2025-11-05T05:55:00.000,12.21
2025-11-05T06:05:14.000,11.58
2025-11-05T06:15:27.000,11.5
2025-11-05T06:25:42.000,11.55
2025-11-05T06:35:56.000,12.24
2025-11-05T06:46:11.000,12.11
2025-11-05T06:56:25.000,12.34
2025-11-05T07:06:38.000,11.88
2025-11-05T07:16:52.000,11.46
2025-11-05T07:27:06.000,11.22
2025-11-05T07:37:22.000,11.97
2025-11-05T07:47:37.000,11.53
2025-11-05T07:57:51.000,10.93
2025-11-05T08:08:05.000,10.63
2025-11-05T08:18:20.000,11.26
2025-11-05T08:28:34.000,11.62
2025-11-05T08:38:48.000,11.68
2025-11-05T08:49:02.000,11.67
2025-11-05T08:59:17.000,12.01
2025-11-05T09:09:31.000,12.47
2025-11-05T09:19:45.000,11.72
2025-11-05T09:29:59.000,11.04
2025-11-05T09:40:13.000,10.59
2025-11-05T09:50:27.000,10.12
2025-11-05T10:00:41.000,9.99
2025-11-05T10:10:55.000,10.64
2025-11-05T10:21:09.000,10.48
2025-11-05T10:51:52.000,10.12
2025-11-05T11:02:06.000,10.04
2025-11-05T11:12:20.000,10.0
2025-11-05T11:22:34.000,10.12
2025-11-05T11:32:48.000,10.17
2025-11-05T11:43:02.000,10.13
2025-11-05T11:53:16.000,10.07
2025-11-05T12:03:32.000,10.37
2025-11-05T12:13:46.000,10.62
2025-11-05T12:24:00.000,10.85
2025-11-05T12:34:14.000,10.42
2025-11-05T12:44:28.000,10.03
2025-11-05T12:54:42.000,10.47
2025-11-05T13:05:00.000,10.1
2025-11-05T13:15:14.000,9.7
2025-11-06T00:52:06.000,16.31
2025-11-06T01:02:21.000,16.71
2025-11-06T01:12:35.000,16.44
2025-11-06T01:22:49.000,16.58
2025-11-06T01:33:02.000,16.4
2025-11-06T01:43:16.000,16.57
2025-11-06T01:53:31.000,16.8
2025-11-06T02:03:45.000,16.68
2025-11-06T02:13:59.000,16.67
2025-11-06T02:24:13.000,16.76
2025-11-06T02:34:27.000,15.79
2025-11-06T02:44:41.000,15.02
2025-11-06T02:54:54.000,14.87
2025-11-06T03:05:09.000,15.19
2025-11-06T03:15:23.000,15.12
2025-11-06T03:25:37.000,14.89
2025-11-06T03:35:51.000,14.73
2025-11-06T03:46:05.000,14.41
2025-11-06T03:56:19.000,14.09
2025-11-06T04:06:33.000,13.99
2025-11-06T04:16:47.000,13.49
2025-11-06T04:27:01.000,13.43
2025-11-06T04:37:15.000,14.24
2025-11-06T04:47:30.000,15.07
2025-11-06T04:57:45.000,15.79
2025-11-06T05:07:59.000,15.42
2025-11-06T05:18:13.000,15.63
2025-11-06T05:28:27.000,15.36
2025-11-06T05:38:41.000,15.55
2025-11-06T05:48:55.000,14.96
2025-11-06T05:59:09.000,13.64
2025-11-06T06:09:23.000,13.12
2025-11-06T06:19:37.000,12.47
2025-11-06T06:29:51.000,12.09
2025-11-06T06:40:05.000,12.0
2025-11-06T06:50:19.000,11.74
2025-11-06T07:00:35.000,11.49
2025-11-06T07:10:49.000,11.28
2025-11-06T07:21:03.000,11.51
2025-11-06T07:31:17.000,11.59
2025-11-06T07:41:32.000,12.07
2025-11-06T07:51:46.000,11.66
2025-11-06T08:02:00.000,11.79
2025-11-06T08:12:14.000,11.75
2025-11-06T08:22:28.000,11.93
2025-11-06T08:32:42.000,11.6
2025-11-06T08:42:56.000,11.48
2025-11-06T08:53:11.000,10.98
2025-11-06T09:03:25.000,11.26
2025-11-06T09:13:39.000,10.88
2025-11-06T09:23:54.000,10.86
2025-11-06T09:34:08.000,10.65
2025-11-06T09:44:22.000,10.13
2025-11-06T09:54:36.000,9.96
2025-11-06T10:04:50.000,10.11
2025-11-06T10:15:04.000,9.91
2025-11-06T10:25:18.000,9.6
2025-11-06T10:35:32.000,9.49
2025-11-06T10:45:47.000,9.52
2025-11-06T10:56:01.000,10.21
2025-11-06T11:06:17.000,10.61
2025-11-06T11:16:31.000,10.67
2025-11-06T11:26:46.000,10.74
2025-11-06T11:37:00.000,10.72
2025-11-06T11:47:14.000,10.21
2025-11-06T11:57:29.000,10.13
2025-11-06T12:07:42.000,9.54
2025-11-06T12:17:57.000,9.31
2025-11-06T12:28:11.000,9.04
2025-11-06T12:38:25.000,8.79
2025-11-06T12:48:39.000,8.71
2025-11-06T12:58:53.000,8.45
2025-11-06T13:09:07.000,8.56
2025-11-06T13:19:21.000,8.33
2025-11-07T00:51:04.000,17.23
2025-11-07T01:01:19.000,16.81
2025-11-07T01:11:33.000,16.24
2025-11-07T01:21:47.000,17.23
2025-11-07T01:32:02.000,16.64
2025-11-07T01:42:15.000,15.19
2025-11-07T01:52:29.000,14.43
2025-11-07T02:02:43.000,14.13
2025-11-07T02:12:57.000,13.75
2025-11-07T02:23:11.000,13.58
2025-11-07T02:33:25.000,13.25
2025-11-07T02:43:39.000,12.82
2025-11-07T02:53:53.000,12.85
2025-11-07T03:04:08.000,13.13
2025-11-07T03:14:22.000,13.06
2025-11-07T03:24:37.000,13.15
2025-11-07T03:34:51.000,12.87
2025-11-07T03:45:05.000,12.69
2025-11-07T03:55:19.000,12.59
2025-11-07T04:05:33.000,12.49
2025-11-07T04:15:48.000,12.51
2025-11-07T04:26:02.000,12.53
2025-11-07T04:36:16.000,12.48
2025-11-07T04:46:31.000,12.39
2025-11-07T04:56:45.000,12.25
2025-11-07T05:06:59.000,12.41
2025-11-07T05:17:13.000,11.57
2025-11-07T05:27:27.000,11.4
2025-11-07T05:37:40.000,10.53
2025-11-07T05:47:55.000,10.5
2025-11-07T05:58:09.000,10.15
2025-11-07T06:08:23.000,10.82
2025-11-07T06:18:38.000,11.03
2025-11-07T06:28:52.000,10.89
2025-11-07T06:39:06.000,10.83
2025-11-07T06:49:20.000,9.86
2025-11-07T06:59:34.000,9.43
2025-11-07T07:09:48.000,9.34
2025-11-07T07:20:03.000,9.65
2025-11-07T07:30:17.000,9.66
2025-11-07T07:40:31.000,9.23
2025-11-07T07:50:46.000,9.03
2025-11-07T08:01:01.000,8.57
2025-11-07T08:11:15.000,8.39
2025-11-07T08:21:29.000,8.19
2025-11-07T08:31:43.000,8.3
2025-11-07T08:41:57.000,8.34
2025-11-07T08:52:11.000,8.35
2025-11-07T09:02:25.000,8.45
2025-11-07T09:12:39.000,8.04
2025-11-07T09:22:53.000,8.25
2025-11-07T09:33:07.000,7.59
2025-11-07T09:43:21.000,7.69
2025-11-07T09:53:36.000,7.77
2025-11-07T10:03:50.000,7.55
2025-11-07T10:14:04.000,7.63
2025-11-07T10:24:19.000,7.56
2025-11-07T10:34:34.000,7.25
2025-11-07T10:44:48.000,7.36
2025-11-07T10:55:04.000,7.77
2025-11-07T11:05:19.000,7.33
2025-11-07T11:15:34.000,7.31
2025-11-07T11:25:49.000,7.54
2025-11-07T11:36:03.000,7.77
2025-11-07T11:46:18.000,7.64
2025-11-07T11:56:32.000,7.17
2025-11-07T12:06:46.000,6.63
2025-11-07T12:27:14.000,7.48
2025-11-07T12:37:28.000,6.95
2025-11-07T12:47:42.000,7.51
2025-11-07T12:57:57.000,7.56
2025-11-07T13:08:11.000,7.13
2025-11-07T13:18:25.000,6.35
2025-11-08T00:50:31.000,15.06
2025-11-08T01:00:46.000,14.97
2025-11-08T01:11:00.000,15.09
2025-11-08T01:21:14.000,14.67
2025-11-08T01:31:27.000,14.33
2025-11-08T01:41:41.000,13.78
2025-11-08T01:51:55.000,14.01
2025-11-08T02:02:10.000,14.04
2025-11-08T02:12:24.000,13.59
2025-11-08T02:22:38.000,13.62
2025-11-08T02:32:53.000,13.38
2025-11-08T02:43:07.000,13.36
2025-11-08T02:53:21.000,13.39
2025-11-08T03:03:37.000,13.69
2025-11-08T03:13:51.000,13.63
2025-11-08T03:24:05.000,13.31
2025-11-08T03:34:19.000,12.81
2025-11-08T03:44:33.000,12.57
2025-11-08T03:54:47.000,12.45
2025-11-08T04:05:01.000,12.28
2025-11-08T04:15:16.000,12.2
2025-11-08T04:25:31.000,12.14
2025-11-08T04:35:45.000,12.13
2025-11-08T04:45:59.000,11.96
2025-11-08T04:56:13.000,12.24
2025-11-08T05:06:28.000,12.27
2025-11-08T05:16:43.000,12.48
2025-11-08T05:26:57.000,11.72
2025-11-08T05:37:11.000,11.26
2025-11-08T05:47:25.000,11.05
2025-11-08T05:57:39.000,11.23
2025-11-08T06:07:54.000,11.63
2025-11-08T06:18:09.000,12.73
2025-11-08T06:28:23.000,12.16
2025-11-08T06:38:38.000,12.7
2025-11-08T06:48:52.000,12.39
2025-11-08T06:59:06.000,13.0
2025-11-08T07:09:21.000,13.69
2025-11-08T07:19:36.000,13.48
2025-11-08T07:29:52.000,13.7
2025-11-08T07:40:06.000,13.58
2025-11-08T07:50:20.000,12.93
2025-11-08T08:00:33.000,12.39
2025-11-08T08:10:46.000,10.4
2025-11-08T08:20:59.000,9.93
2025-11-08T08:31:13.000,9.83
2025-11-08T08:41:27.000,9.06
2025-11-08T08:51:41.000,8.89
2025-11-08T09:01:56.000,9.33
2025-11-08T09:12:10.000,8.94
2025-11-08T09:22:24.000,9.13
2025-11-08T09:32:38.000,9.2
2025-11-08T09:42:54.000,9.32
2025-11-08T09:53:07.000,8.39
2025-11-08T10:03:21.000,8.71
2025-11-08T10:13:36.000,8.86
2025-11-08T10:23:50.000,9.27
2025-11-08T10:34:06.000,8.97
2025-11-08T10:44:20.000,9.01
2025-11-08T10:54:34.000,8.61
2025-11-08T11:04:48.000,8.75
2025-11-08T11:15:02.000,8.82
2025-11-08T11:25:16.000,8.89
2025-11-08T11:35:30.000,9.26
2025-11-08T11:45:45.000,10.14
2025-11-08T11:56:00.000,10.32
2025-11-08T12:06:14.000,9.32
2025-11-08T12:16:28.000,9.2
2025-11-08T12:26:42.000,9.46
2025-11-08T12:36:58.000,9.08
2025-11-08T12:47:12.000,8.86
2025-11-08T12:57:26.000,8.7
2025-11-08T13:07:40.000,9.65
2025-11-08T13:17:54.000,9.75
2025-11-09T00:49:40.000,17.48
2025-11-09T00:59:54.000,17.28
2025-11-09T01:10:09.000,16.18
2025-11-09T01:20:23.000,15.55
2025-11-09T01:30:37.000,14.95
2025-11-09T01:40:50.000,14.71
2025-11-09T01:51:05.000,14.48
2025-11-09T02:01:20.000,14.83
2025-11-09T02:11:35.000,16.29
2025-11-09T02:21:50.000,16.57
2025-11-09T02:32:05.000,16.43
2025-11-09T02:42:18.000,14.85
2025-11-09T02:52:32.000,13.96
2025-11-09T03:02:47.000,13.35
2025-11-09T03:13:01.000,13.12
2025-11-09T03:23:17.000,12.66
2025-11-09T03:33:31.000,12.48
2025-11-09T03:43:45.000,12.44
2025-11-09T03:53:59.000,12.31
2025-11-09T04:04:13.000,12.15
2025-11-09T04:14:28.000,12.1
2025-11-09T04:24:43.000,11.89
2025-11-09T04:34:57.000,12.11
2025-11-09T04:45:12.000,12.11
2025-11-09T04:55:26.000,11.86
2025-11-09T05:05:40.000,11.98
2025-11-09T05:15:55.000,12.37
2025-11-09T05:26:09.000,12.59
2025-11-09T05:36:24.000,11.96
2025-11-09T05:46:39.000,11.24
2025-11-09T05:56:53.000,10.57
2025-11-09T06:07:07.000,10.47
2025-11-09T06:17:21.000,9.85
2025-11-09T06:27:35.000,10.2
2025-11-09T06:37:49.000,10.79
2025-11-09T06:48:04.000,10.82
2025-11-09T06:58:18.000,10.32
2025-11-09T07:08:32.000,10.27
2025-11-09T07:18:46.000,9.61
2025-11-09T07:34:18.000,10.31
2025-11-09T07:44:40.000,10.55
2025-11-09T07:54:53.000,9.73
2025-11-09T08:05:06.000,9.48
2025-11-09T08:15:20.000,8.92
2025-11-09T08:25:34.000,9.21
2025-11-09T08:35:48.000,8.87
2025-11-09T08:46:03.000,9.03
2025-11-09T08:56:17.000,9.04
2025-11-09T09:06:32.000,9.04
2025-11-09T09:16:49.000,9.07
2025-11-09T09:27:04.000,9.44
2025-11-09T09:37:19.000,9.96
2025-11-09T09:47:33.000,9.01
2025-11-09T09:57:47.000,8.28
2025-11-09T10:08:01.000,8.47
2025-11-09T10:18:15.000,8.99
2025-11-09T10:28:30.000,8.86
2025-11-09T10:38:44.000,8.53
2025-11-09T10:48:58.000,8.69
2025-11-09T10:59:13.000,8.46
2025-11-09T11:09:27.000,8.02
2025-11-09T11:19:41.000,8.11
2025-11-09T11:29:55.000,8.11
2025-11-09T11:40:09.000,8.66
2025-11-09T11:50:24.000,8.55
2025-11-09T12:00:39.000,8.35
2025-11-09T12:10:54.000,8.2
2025-11-09T12:21:08.000,7.75
2025-11-09T12:31:22.000,7.36
2025-11-09T12:41:36.000,7.01
2025-11-09T12:51:50.000,7.13
2025-11-09T13:02:04.000,6.53
2025-11-09T13:12:19.000,6.5
2025-11-09T13:22:34.000,7.05
2025-11-10T00:49:01.000,17.05
2025-11-10T00:59:16.000,17.27
2025-11-10T01:09:31.000,17.77
2025-11-10T01:19:45.000,17.71
2025-11-10T01:30:00.000,18.34
2025-11-10T01:40:14.000,18.71
2025-11-10T01:50:29.000,19.36
2025-11-10T02:00:43.000,18.74
2025-11-10T02:10:57.000,19.15
2025-11-10T02:21:11.000,18.59
2025-11-10T02:36:44.000,19.38
2025-11-10T02:47:03.000,18.43
2025-11-10T02:57:17.000,17.18
2025-11-10T03:07:31.000,16.89
2025-11-10T03:17:46.000,16.52
2025-11-10T03:27:59.000,15.8
2025-11-10T03:38:13.000,15.99
2025-11-10T03:48:27.000,16.07
2025-11-10T03:58:43.000,15.91
2025-11-10T04:19:14.000,16.5
2025-11-10T04:29:28.000,17.18
2025-11-10T04:39:42.000,16.92
2025-11-10T04:49:56.000,16.72
2025-11-10T05:00:10.000,16.49
2025-11-10T05:10:25.000,16.57
2025-11-10T05:20:39.000,16.63
2025-11-10T05:30:53.000,16.54
2025-11-10T05:41:07.000,16.09
2025-11-10T05:51:21.000,16.63
2025-11-10T06:01:36.000,16.2
2025-11-10T06:11:49.000,15.72
2025-11-10T06:22:03.000,15.44
2025-11-10T06:32:17.000,15.63
2025-11-10T06:42:31.000,15.28
2025-11-10T06:52:45.000,15.33
2025-11-10T07:02:59.000,15.42
2025-11-10T07:13:13.000,15.2
2025-11-10T07:23:28.000,15.47
2025-11-10T07:33:42.000,15.4
2025-11-10T07:43:56.000,15.05
2025-11-10T07:54:11.000,15.29
2025-11-10T08:04:24.000,15.3
2025-11-10T08:14:38.000,14.9
2025-11-10T08:24:53.000,15.25
2025-11-10T08:35:07.000,15.08
2025-11-10T08:45:21.000,14.94
2025-11-10T08:55:35.000,14.63
2025-11-10T09:05:50.000,14.5
2025-11-10T09:16:04.000,14.53
2025-11-10T09:26:18.000,14.54
2025-11-10T09:36:32.000,13.81
2025-11-10T09:46:46.000,13.29
2025-11-10T09:57:00.000,13.44
2025-11-10T10:07:15.000,13.98
2025-11-10T10:17:29.000,14.24
2025-11-10T10:27:43.000,14.23
2025-11-10T10:37:58.000,14.68
2025-11-10T10:48:13.000,15.21
2025-11-10T10:58:28.000,15.55
2025-11-10T11:08:42.000,14.96
2025-11-10T11:18:57.000,14.83
2025-11-10T11:29:11.000,14.68
2025-11-10T11:39:26.000,14.42
2025-11-10T11:49:40.000,14.8
2025-11-10T11:59:54.000,14.74
2025-11-10T12:10:08.000,14.42
2025-11-10T12:20:24.000,14.35
2025-11-10T12:30:38.000,14.74
2025-11-10T12:40:53.000,14.7
2025-11-10T12:51:07.000,14.41
2025-11-10T13:01:21.000,14.85
2025-11-10T13:11:35.000,14.43
2025-11-10T13:21:50.000,14.69
2025-11-11T00:44:18.000,15.11
2025-11-11T00:54:33.000,15.29
2025-11-11T01:04:48.000,14.75
2025-11-11T01:15:02.000,13.65
2025-11-11T01:25:16.000,14.0
2025-11-11T01:35:30.000,14.54
2025-11-11T01:45:46.000,14.78
2025-11-11T01:56:00.000,15.42
2025-11-11T02:06:15.000,14.69
2025-11-11T02:16:29.000,14.44
2025-11-11T02:26:47.000,13.78
2025-11-11T02:37:01.000,13.44
2025-11-11T02:47:15.000,13.12
2025-11-11T02:57:30.000,13.04
2025-11-11T03:07:44.000,12.92
2025-11-11T03:17:58.000,12.88
2025-11-11T03:28:13.000,12.54
2025-11-11T03:38:29.000,12.72
2025-11-11T03:48:43.000,12.61
2025-11-11T03:58:58.000,12.27
2025-11-11T04:09:12.000,11.92
2025-11-11T04:24:44.000,13.09
2025-11-11T04:35:05.000,13.65
2025-11-11T04:45:18.000,13.76
2025-11-11T04:55:33.000,14.05
2025-11-11T05:05:47.000,14.42
2025-11-11T05:16:03.000,14.3
2025-11-11T05:26:18.000,13.97
2025-11-11T05:36:32.000,13.59
2025-11-11T05:46:46.000,13.42
2025-11-11T05:57:00.000,12.88
2025-11-11T06:07:15.000,13.47
2025-11-11T06:17:29.000,14.63
2025-11-11T06:27:44.000,15.19
2025-11-11T06:37:59.000,15.96
2025-11-11T06:48:14.000,15.68
2025-11-11T06:58:28.000,15.02
2025-11-11T07:08:42.000,14.99
2025-11-11T07:18:57.000,15.34
2025-11-11T07:29:11.000,15.62
2025-11-11T07:39:25.000,15.32
2025-11-11T07:49:41.000,15.83
2025-11-11T07:59:56.000,15.99
2025-11-11T08:10:10.000,15.64
2025-11-11T08:20:24.000,16.11
2025-11-11T08:30:38.000,16.37
2025-11-11T08:40:53.000,15.68
2025-11-11T08:51:07.000,14.86
2025-11-11T09:01:21.000,13.9
2025-11-11T09:11:35.000,13.62
2025-11-11T09:21:49.000,13.16
2025-11-11T09:32:03.000,12.95
2025-11-11T09:42:17.000,13.32
2025-11-11T09:52:32.000,13.7
2025-11-11T10:02:47.000,13.34
2025-11-11T10:13:00.000,12.87
2025-11-11T10:23:14.000,12.23
2025-11-11T10:33:28.000,12.13
2025-11-11T10:43:41.000,11.37
2025-11-11T10:53:55.000,10.82
2025-11-11T11:04:10.000,11.62
2025-11-11T11:14:24.000,11.85
2025-11-11T11:24:38.000,10.74
2025-11-11T11:34:53.000,10.21
2025-11-11T11:45:07.000,10.73
2025-11-11T11:55:21.000,10.13
2025-11-11T12:05:35.000,9.82
2025-11-11T12:15:50.000,9.51
2025-11-11T12:26:04.000,9.57
2025-11-11T12:36:18.000,9.34
2025-11-11T12:46:32.000,9.6
2025-11-11T12:56:46.000,10.81
2025-11-11T13:07:02.000,9.96
2025-11-11T13:17:16.000,9.3
2025-11-11T13:27:30.000,9.51
2025-11-12T00:45:04.000,17.6
2025-11-12T00:55:18.000,17.49
2025-11-12T01:05:32.000,16.53
2025-11-12T01:15:46.000,16.34
2025-11-12T01:26:00.000,15.73
2025-11-12T01:36:14.000,15.39
2025-11-12T01:46:27.000,14.99
2025-11-12T01:56:42.000,14.42
2025-11-12T02:06:56.000,14.02
2025-11-12T02:17:10.000,13.8
2025-11-12T02:27:24.000,13.42
2025-11-12T02:37:38.000,13.23
2025-11-12T02:47:53.000,13.49
2025-11-12T02:58:07.000,13.22
2025-11-12T03:08:22.000,13.31
2025-11-12T03:18:37.000,13.06
2025-11-12T03:28:51.000,13.11
2025-11-12T03:39:05.000,12.81
2025-11-12T03:49:19.000,12.73
2025-11-12T03:59:34.000,12.74
2025-11-12T04:09:48.000,12.83
2025-11-12T04:20:02.000,12.7
2025-11-12T04:30:16.000,12.89
2025-11-12T04:40:30.000,12.91
2025-11-12T04:50:45.000,12.49
2025-11-12T05:00:59.000,12.67
2025-11-12T05:11:13.000,12.58
2025-11-12T05:21:28.000,12.79
2025-11-12T05:31:42.000,13.43
2025-11-12T05:41:57.000,13.19
2025-11-12T05:52:12.000,12.75
2025-11-12T06:02:25.000,11.84
2025-11-12T06:12:39.000,11.24
2025-11-12T06:22:55.000,10.42
2025-11-12T06:33:09.000,10.28
2025-11-12T06:43:24.000,10.19
2025-11-12T06:53:38.000,10.38
2025-11-12T07:03:53.000,9.89
2025-11-12T07:14:06.000,9.33
2025-11-12T07:24:20.000,9.52
2025-11-12T07:34:35.000,9.36
2025-11-12T07:44:49.000,9.31
2025-11-12T07:55:03.000,9.27
2025-11-12T08:05:19.000,10.67
2025-11-12T08:15:34.000,11.47
2025-11-12T08:25:48.000,10.98
2025-11-12T08:36:02.000,10.15
2025-11-12T08:46:17.000,9.94
2025-11-12T08:56:31.000,9.29
2025-11-12T09:06:45.000,9.7
2025-11-12T09:17:00.000,9.8
2025-11-12T09:27:14.000,10.12
2025-11-12T09:37:28.000,10.82
2025-11-12T09:47:43.000,11.48
2025-11-12T09:57:58.000,11.32
2025-11-12T10:08:12.000,11.45
2025-11-12T10:18:26.000,12.34
2025-11-12T10:28:41.000,11.61
2025-11-12T10:38:55.000,11.32
2025-11-12T10:49:09.000,11.27
2025-11-12T10:59:24.000,11.75
2025-11-12T11:09:39.000,11.59
2025-11-12T11:19:54.000,11.34
2025-11-12T11:30:08.000,11.48
2025-11-12T11:40:22.000,11.95
2025-11-12T11:50:36.000,11.43
2025-11-12T12:00:51.000,11.19
2025-11-12T12:11:05.000,11.44
2025-11-12T12:21:20.000,10.89
2025-11-12T12:31:34.000,10.91
2025-11-12T12:41:50.000,10.94
2025-11-12T12:52:04.000,11.03
2025-11-12T13:02:19.000,10.72
2025-11-12T13:12:33.000,11.04
2025-11-12T13:22:48.000,10.6
2025-11-13T00:41:59.000,18.34
2025-11-13T00:52:13.000,18.78
2025-11-13T01:02:27.000,18.88
2025-11-13T01:12:42.000,19.62
2025-11-13T01:22:56.000,18.69
2025-11-13T01:33:10.000,17.82
2025-11-13T01:43:25.000,16.65
2025-11-13T01:53:40.000,15.78
2025-11-13T02:03:53.000,15.24
2025-11-13T02:14:07.000,14.94
2025-11-13T02:24:23.000,15.18
2025-11-13T02:34:37.000,15.56
2025-11-13T02:44:53.000,15.34
2025-11-13T02:55:07.000,14.98
2025-11-13T03:05:21.000,14.86
2025-11-13T03:15:35.000,14.8
2025-11-13T03:25:50.000,14.63
2025-11-13T03:36:04.000,14.63
2025-11-13T03:46:18.000,14.71
2025-11-13T03:56:33.000,14.44
2025-11-13T04:06:47.000,14.14
2025-11-13T04:17:01.000,13.95
2025-11-13T04:27:15.000,13.85
2025-11-13T04:37:30.000,13.59
2025-11-13T04:47:44.000,13.46
2025-11-13T04:57:59.000,13.39
2025-11-13T05:08:14.000,13.35
2025-11-13T05:18:28.000,13.07
2025-11-13T05:28:43.000,12.75
2025-11-13T05:38:57.000,12.77
2025-11-13T05:49:11.000,12.5
2025-11-13T05:59:25.000,12.39
2025-11-13T06:09:39.000,12.03
2025-11-13T06:19:53.000,11.67
2025-11-13T06:30:08.000,11.58
2025-11-13T06:40:22.000,11.93
2025-11-13T06:50:37.000,11.68
2025-11-13T07:00:51.000,11.53
2025-11-13T07:11:05.000,11.53
2025-11-13T07:21:19.000,11.72
2025-11-13T07:31:34.000,12.23
2025-11-13T07:41:49.000,12.11
2025-11-13T07:52:03.000,12.68
2025-11-13T08:02:17.000,13.92
2025-11-13T08:12:35.000,14.53
2025-11-13T08:22:50.000,15.52
2025-11-13T08:33:04.000,15.41
2025-11-13T08:43:19.000,15.45
2025-11-13T08:53:33.000,14.85
2025-11-13T09:03:46.000,13.86
2025-11-13T09:14:01.000,13.11
2025-11-13T09:24:14.000,12.39
2025-11-13T09:34:29.000,12.37
2025-11-13T09:44:44.000,12.84
2025-11-13T09:54:58.000,12.74
2025-11-13T10:05:12.000,12.91
2025-11-13T10:15:26.000,12.99
2025-11-13T10:25:41.000,13.03
2025-11-14T12:21:09.000,8.96
2025-11-14T12:31:24.000,9.04
2025-11-14T12:41:39.000,9.06
2025-11-14T12:51:54.000,9.21
2025-11-14T13:02:09.000,8.98
2025-11-14T13:12:24.000,8.79
2025-11-14T13:22:39.000,8.47
2025-11-15T00:44:00.000,17.39
2025-11-15T00:54:15.000,17.84
2025-11-15T01:04:30.000,17.71
2025-11-15T01:14:44.000,17.63
2025-11-15T01:24:58.000,17.55
2025-11-15T01:35:12.000,17.26
2025-11-15T01:45:26.000,16.52
2025-11-15T01:55:40.000,15.88
2025-11-15T02:05:55.000,16.18
2025-11-15T02:16:10.000,15.5
2025-11-15T02:26:24.000,15.87
2025-11-15T02:36:38.000,15.94
2025-11-15T02:46:53.000,15.72
2025-11-15T02:57:07.000,15.35
2025-11-15T03:07:21.000,15.45
2025-11-15T03:17:36.000,15.49
2025-11-15T03:27:50.000,15.3
2025-11-15T03:38:04.000,14.91
2025-11-15T03:48:19.000,14.41
2025-11-15T03:58:33.000,14.06
2025-11-15T04:08:47.000,13.37
2025-11-15T04:19:00.000,13.11
2025-11-15T04:29:14.000,12.95
2025-11-15T04:39:29.000,13.58
2025-11-15T04:49:44.000,13.32
2025-11-15T04:59:58.000,13.76
2025-11-15T05:10:13.000,13.58
2025-11-15T05:20:29.000,12.8
2025-11-15T05:30:44.000,12.36
2025-11-15T05:40:59.000,11.99
2025-11-15T05:51:13.000,12.15
2025-11-15T06:01:27.000,12.31
2025-11-15T06:11:42.000,12.22
2025-11-15T06:21:56.000,12.67
2025-11-15T06:32:10.000,12.96
2025-11-15T06:42:24.000,12.25
2025-11-15T06:52:38.000,11.85
2025-11-15T07:02:52.000,11.67
2025-11-15T07:13:07.000,11.17
2025-11-15T07:23:20.000,10.43
2025-11-15T07:33:35.000,9.97
2025-11-15T07:43:50.000,9.9
2025-11-15T07:54:04.000,9.31
2025-11-15T08:04:18.000,9.7
2025-11-15T08:14:32.000,9.86
2025-11-15T08:24:48.000,10.31
2025-11-15T08:35:02.000,10.16
2025-11-15T08:45:17.000,10.44
2025-11-15T08:55:32.000,10.11
2025-11-15T09:05:46.000,10.39
2025-11-15T09:16:00.000,10.03
2025-11-15T09:26:14.000,9.71
2025-11-15T09:36:29.000,9.68
2025-11-15T09:46:44.000,10.71
2025-11-15T09:56:58.000,11.94
2025-11-15T10:07:13.000,11.51
2025-11-15T10:17:28.000,10.9
2025-11-15T10:27:42.000,11.39
2025-11-15T10:37:57.000,11.69
2025-11-15T10:48:12.000,11.14
2025-11-15T10:58:26.000,11.37
2025-11-15T11:08:41.000,11.02
2025-11-15T11:18:54.000,10.45
2025-11-15T11:29:08.000,10.13
2025-11-15T11:39:23.000,10.54
2025-11-15T11:49:37.000,12.33
2025-11-15T11:59:52.000,11.86
2025-11-15T12:10:06.000,11.67
2025-11-15T12:20:20.000,12.09
2025-11-15T12:30:34.000,11.46
2025-11-15T12:40:48.000,11.24
2025-11-15T12:51:02.000,11.04
2025-11-15T13:01:17.000,11.13
2025-11-15T13:11:31.000,11.57
2025-11-15T13:21:46.000,12.04
2025-11-15T13:32:00.000,11.93
2025-11-16T00:44:57.000,18.42
2025-11-16T00:55:11.000,18.37
2025-11-16T01:05:25.000,17.92
2025-11-16T01:15:39.000,17.43
2025-11-16T01:25:53.000,16.69
2025-11-16T01:36:06.000,16.76
2025-11-16T01:46:20.000,17.07
2025-11-16T01:56:34.000,16.64
2025-11-16T02:06:49.000,16.41
2025-11-16T02:17:04.000,15.86
2025-11-16T02:27:18.000,16.79
2025-11-16T02:37:33.000,18.37
2025-11-16T02:47:48.000,18.97
2025-11-16T02:58:03.000,18.47
2025-11-16T03:08:18.000,17.43
2025-11-16T03:18:32.000,17.31
2025-11-16T03:28:46.000,16.05
2025-11-16T03:39:00.000,15.55
2025-11-16T03:49:14.000,15.73
2025-11-16T03:59:28.000,15.95
2025-11-16T04:09:42.000,15.96
2025-11-16T04:19:57.000,16.13
2025-11-16T04:30:11.000,16.25
2025-11-16T04:40:25.000,15.96
2025-11-16T04:50:39.000,15.99
2025-11-16T05:00:54.000,16.22
2025-11-16T05:11:08.000,15.72
2025-11-16T05:21:22.000,15.05
2025-11-16T05:31:36.000,14.74
2025-11-16T05:41:50.000,14.23
2025-11-16T05:52:05.000,14.08
2025-11-16T06:02:19.000,13.85
2025-11-16T06:12:33.000,14.22
2025-11-16T06:22:47.000,14.05
2025-11-16T06:33:01.000,15.03
2025-11-16T06:43:16.000,15.75
2025-11-16T06:53:31.000,15.78
2025-11-16T07:03:45.000,14.25
2025-11-16T07:13:59.000,13.63
2025-11-16T07:24:14.000,13.73
2025-11-16T07:34:28.000,13.54
2025-11-16T07:44:42.000,13.84
2025-11-16T07:54:57.000,13.99
2025-11-16T08:05:12.000,13.69
2025-11-16T08:15:26.000,14.63
2025-11-16T08:25:41.000,14.67
2025-11-16T08:35:55.000,15.43
2025-11-16T08:46:09.000,14.76
2025-11-16T08:56:24.000,14.66
2025-11-16T09:06:38.000,15.43
2025-11-16T09:16:52.000,15.69
2025-11-16T09:27:06.000,15.83
2025-11-16T09:37:20.000,14.93
2025-11-16T09:47:34.000,14.49
2025-11-16T09:57:49.000,13.99
2025-11-16T10:08:03.000,12.96
2025-11-16T10:18:17.000,13.65
2025-11-16T10:28:32.000,13.59
2025-11-16T10:38:46.000,14.18
2025-11-16T10:49:00.000,14.74
2025-11-16T10:59:16.000,15.97
2025-11-16T11:09:30.000,15.1
2025-11-16T11:19:45.000,16.36
2025-11-16T11:30:00.000,16.72
2025-11-16T11:40:14.000,15.56
2025-11-16T11:50:27.000,13.8
2025-11-16T12:00:42.000,13.76
2025-11-16T12:10:56.000,15.11
2025-11-16T12:21:11.000,13.86
2025-11-16T12:31:24.000,13.0
2025-11-16T12:41:38.000,12.92
2025-11-16T12:51:52.000,12.93
2025-11-16T13:02:06.000,12.9
2025-11-16T13:12:22.000,12.96
2025-11-16T13:32:50.000,13.02
2025-11-17T00:45:08.000,10.47
2025-11-17T00:55:22.000,10.61
2025-11-17T01:05:36.000,10.61
2025-11-17T01:15:51.000,10.9
2025-11-17T01:26:05.000,11.01
2025-11-17T01:36:19.000,10.35
2025-11-17T01:46:35.000,9.85
2025-11-17T01:56:48.000,10.16
2025-11-17T02:07:02.000,10.03
2025-11-17T02:17:16.000,10.38
2025-11-17T02:27:30.000,9.82
2025-11-17T02:37:45.000,9.47
2025-11-17T02:48:00.000,9.37
2025-11-17T02:58:15.000,9.24
2025-11-17T03:08:29.000,9.42
2025-11-17T03:18:44.000,9.16
2025-11-17T03:28:58.000,8.64
2025-11-17T03:39:12.000,8.2
2025-11-17T03:49:27.000,7.69
2025-11-17T03:59:42.000,8.43
2025-11-17T04:09:57.000,8.33
2025-11-17T04:20:11.000,8.03
2025-11-17T04:30:25.000,8.26
2025-11-17T04:40:40.000,8.32
2025-11-17T04:50:53.000,8.1
2025-11-17T05:01:07.000,7.6
2025-11-17T05:11:21.000,7.47
2025-11-17T05:21:39.000,7.39
2025-11-17T05:31:54.000,7.5
2025-11-17T05:42:08.000,6.82
2025-11-17T05:52:22.000,6.9
2025-11-17T06:02:36.000,6.7
2025-11-17T06:12:50.000,6.46
2025-11-17T06:23:04.000,6.51
2025-11-17T06:33:19.000,7.32
2025-11-17T06:43:33.000,7.69
2025-11-17T06:53:48.000,7.51
2025-11-17T07:04:02.000,7.09
2025-11-17T07:14:16.000,7.29
2025-11-17T07:24:30.000,7.37
2025-11-17T07:34:44.000,7.08
2025-11-17T07:44:58.000,6.27
2025-11-17T07:55:12.000,5.88
2025-11-17T08:10:44.000,6.24
2025-11-17T08:21:05.000,6.39
2025-11-17T08:31:18.000,5.88
2025-11-17T08:41:32.000,5.65
2025-11-17T08:51:46.000,5.28
2025-11-17T09:02:00.000,5.07
2025-11-17T09:12:14.000,5.03
2025-11-17T09:22:28.000,4.89
2025-11-17T09:32:42.000,5.01
2025-11-17T09:42:56.000,4.88
2025-11-17T09:53:10.000,4.73
2025-11-17T10:03:24.000,4.76
2025-11-17T10:13:38.000,4.45
2025-11-17T10:23:52.000,4.49
2025-11-17T10:34:06.000,4.44
2025-11-17T10:44:21.000,4.21
2025-11-17T10:54:36.000,4.23
2025-11-17T11:04:50.000,4.73
2025-11-17T11:15:05.000,4.81
2025-11-17T11:25:19.000,4.7
2025-11-17T11:35:33.000,4.33
2025-11-17T11:45:47.000,4.61
2025-11-17T11:56:01.000,4.75
2025-11-17T12:06:16.000,4.58
2025-11-17T12:16:30.000,4.85
2025-11-17T12:26:44.000,5.26
2025-11-17T12:36:58.000,5.38
2025-11-17T12:47:13.000,5.3
2025-11-17T12:57:27.000,5.15
2025-11-17T13:07:41.000,5.33
2025-11-17T13:17:55.000,4.7
2025-11-17T13:28:09.000,4.15
2025-11-18T00:42:21.000,10.09
2025-11-18T00:52:35.000,10.81
2025-11-18T01:02:50.000,10.57
2025-11-18T01:13:05.000,10.75
2025-11-18T01:23:19.000,11.33
2025-11-18T01:33:33.000,11.34
2025-11-18T01:43:47.000,10.92
2025-11-18T01:54:02.000,10.43
2025-11-18T02:04:16.000,9.83
2025-11-18T02:14:29.000,9.32
2025-11-18T02:24:43.000,8.85
2025-11-18T02:34:58.000,8.67
2025-11-18T02:45:12.000,8.92
2025-11-18T02:55:27.000,9.31
2025-11-18T03:05:41.000,9.07
2025-11-18T03:15:55.000,8.99
2025-11-18T03:26:09.000,8.55
2025-11-18T03:36:23.000,8.66
2025-11-18T03:46:37.000,8.65
2025-11-18T03:56:53.000,8.64
2025-11-18T04:07:07.000,8.53
2025-11-18T04:17:22.000,8.23
2025-11-18T04:27:36.000,8.47
2025-11-18T04:37:50.000,8.11
2025-11-18T04:48:05.000,7.76
2025-11-18T04:58:19.000,8.04
2025-11-18T05:08:34.000,7.69
2025-11-18T05:18:48.000,7.59
2025-11-18T05:29:02.000,7.87
2025-11-18T05:39:17.000,8.03
2025-11-18T05:49:32.000,7.58
2025-11-18T05:59:46.000,7.46
2025-11-18T06:10:00.000,7.91
2025-11-18T06:20:15.000,8.1
2025-11-18T06:30:29.000,7.99
2025-11-18T06:40:44.000,8.04
2025-11-18T06:50:59.000,8.0
2025-11-18T07:01:13.000,7.79
2025-11-18T07:11:27.000,7.95
2025-11-18T07:21:41.000,7.87
2025-11-18T07:31:55.000,8.43
2025-11-18T07:42:11.000,8.54
2025-11-18T07:52:26.000,8.77
2025-11-18T08:02:41.000,9.22
2025-11-18T08:12:57.000,9.71
2025-11-18T08:23:12.000,10.22
2025-11-18T08:33:26.000,10.44
2025-11-18T08:43:40.000,10.09
2025-11-18T08:53:54.000,9.9
2025-11-18T09:04:09.000,10.52
2025-11-18T09:14:23.000,9.63
2025-11-18T09:24:37.000,9.4
2025-11-18T09:34:51.000,9.68
2025-11-18T09:45:05.000,9.89
2025-11-18T09:55:19.000,10.06
2025-11-18T10:05:35.000,9.53
2025-11-18T10:15:50.000,9.21
2025-11-18T10:26:05.000,9.42
2025-11-18T10:36:19.000,9.38
2025-11-18T10:46:33.000,9.41
2025-11-18T10:56:47.000,9.29
2025-11-18T11:07:01.000,9.21
2025-11-18T11:17:16.000,9.29
2025-11-18T11:27:30.000,9.08
2025-11-18T11:37:45.000,8.66
2025-11-18T11:47:59.000,8.78
2025-11-18T11:58:14.000,8.76
2025-11-18T12:08:28.000,8.64
2025-11-18T12:18:42.000,8.8
2025-11-18T12:28:57.000,9.83
2025-11-18T12:39:12.000,10.65
2025-11-18T12:49:27.000,10.68
2025-11-18T12:59:43.000,10.46
2025-11-18T13:09:58.000,11.03
2025-11-18T13:20:12.000,11.41
2025-11-18T13:30:26.000,11.62
2025-11-18T13:40:41.000,11.52
2025-11-19T00:41:27.000,14.23
2025-11-19T00:51:42.000,14.44
2025-11-19T01:01:56.000,14.27
2025-11-19T01:12:10.000,14.45
2025-11-19T01:22:24.000,14.33
2025-11-19T01:32:38.000,14.38
2025-11-19T01:42:53.000,14.2
2025-11-19T01:53:07.000,13.95
2025-11-19T02:03:22.000,14.18
2025-11-19T02:13:37.000,13.89
2025-11-19T02:23:51.000,13.7
2025-11-19T02:34:06.000,13.45
2025-11-19T02:44:20.000,13.58
2025-11-19T02:54:37.000,13.76
2025-11-19T03:04:50.000,13.7
2025-11-19T03:15:04.000,13.75
2025-11-19T03:25:20.000,13.87
2025-11-19T03:35:34.000,14.29
2025-11-19T03:45:49.000,13.68
2025-11-19T03:56:02.000,13.04
2025-11-19T04:06:16.000,12.17
2025-11-19T04:16:30.000,12.21
2025-11-19T04:26:44.000,12.25
2025-11-19T04:37:00.000,11.53
2025-11-19T04:47:14.000,11.41
2025-11-19T04:57:28.000,11.08
2025-11-19T05:07:42.000,10.69
2025-11-19T05:17:56.000,10.24
2025-11-19T05:28:09.000,10.44
2025-11-19T05:38:25.000,10.24
2025-11-19T05:48:40.000,10.49
2025-11-19T05:58:54.000,10.84
2025-11-19T06:09:09.000,11.15
2025-11-19T06:19:24.000,10.2
2025-11-19T06:29:37.000,9.79
2025-11-19T06:39:53.000,10.1
2025-11-19T06:50:07.000,9.99
2025-11-19T07:00:23.000,10.41
2025-11-19T07:10:37.000,10.49
2025-11-19T07:20:52.000,10.96
2025-11-19T07:31:06.000,10.52
2025-11-19T07:41:22.000,11.23
2025-11-19T07:51:36.000,11.28
2025-11-19T08:01:52.000,11.37
2025-11-19T08:12:07.000,11.1
2025-11-19T08:22:22.000,11.68
2025-11-19T08:32:36.000,11.28
2025-11-19T08:42:50.000,10.75
2025-11-19T08:53:04.000,10.74
2025-11-19T09:03:19.000,10.96
2025-11-19T09:13:35.000,10.87
2025-11-19T09:23:50.000,11.24
2025-11-19T09:34:04.000,11.04
2025-11-19T09:44:19.000,10.84
2025-11-19T09:54:34.000,10.71
2025-11-19T10:04:48.000,11.29
2025-11-19T10:15:03.000,11.31
2025-11-19T10:25:18.000,11.21
2025-11-19T10:35:32.000,11.14
2025-11-19T10:45:46.000,10.95
2025-11-19T10:56:00.000,10.78
2025-11-19T11:06:14.000,10.71
2025-11-19T11:16:28.000,10.83
2025-11-19T11:26:42.000,10.53
2025-11-19T11:36:56.000,10.52
2025-11-19T11:47:11.000,10.76
2025-11-19T11:57:25.000,10.51
2025-11-19T12:07:40.000,10.59
2025-11-19T12:17:55.000,10.87
2025-11-19T12:28:09.000,10.26
2025-11-19T12:38:23.000,9.78
2025-11-19T12:48:37.000,9.61
2025-11-19T12:58:51.000,8.66
2025-11-19T13:09:06.000,8.98
2025-11-19T13:19:20.000,8.84
2025-11-19T13:29:34.000,9.46
2025-11-19T13:39:49.000,10.09
2025-11-20T00:41:30.000,11.77
2025-11-20T00:51:45.000,11.58
2025-11-20T01:02:00.000,11.07
2025-11-20T01:12:14.000,11.9
2025-11-20T01:22:28.000,10.97
2025-11-20T01:32:42.000,10.01
2025-11-20T01:42:56.000,9.5
2025-11-20T01:53:10.000,9.47
2025-11-20T02:03:25.000,9.65
2025-11-20T02:13:40.000,9.64
2025-11-20T02:23:54.000,10.79
2025-11-20T02:34:09.000,10.85
2025-11-20T02:44:23.000,10.72
2025-11-20T02:54:38.000,10.61
2025-11-20T03:04:52.000,9.86
2025-11-20T03:15:07.000,10.15
2025-11-20T03:25:22.000,9.64
2025-11-20T03:35:36.000,8.87
2025-11-20T03:45:49.000,9.04
2025-11-20T03:56:04.000,9.95
2025-11-20T04:06:18.000,9.83
2025-11-20T04:16:32.000,9.89
2025-11-20T04:26:48.000,10.19
2025-11-20T04:37:02.000,9.75
2025-11-20T04:47:16.000,9.81
2025-11-20T04:57:30.000,9.82
2025-11-20T05:07:44.000,9.85
2025-11-20T05:17:58.000,9.72
2025-11-20T05:28:12.000,10.36
2025-11-20T05:38:27.000,10.71
2025-11-20T05:48:41.000,10.81
2025-11-20T05:58:55.000,10.93
2025-11-20T06:09:10.000,10.93
2025-11-20T06:19:24.000,9.93
2025-11-20T06:29:38.000,8.55
2025-11-20T06:39:52.000,8.25
2025-11-20T06:50:06.000,8.01
2025-11-20T07:00:20.000,8.22
2025-11-20T07:10:36.000,8.42
2025-11-20T07:20:49.000,8.11
2025-11-20T07:31:03.000,8.11
2025-11-20T07:41:17.000,8.01
2025-11-20T07:51:31.000,7.49
2025-11-20T08:01:45.000,7.81
2025-11-20T08:11:59.000,8.1
2025-11-20T08:22:13.000,8.14
2025-11-20T08:32:29.000,7.75
2025-11-20T08:42:44.000,7.6
2025-11-20T08:52:58.000,7.78
2025-11-20T09:03:12.000,7.59
2025-11-20T09:13:26.000,7.58
2025-11-20T09:23:40.000,7.51
2025-11-20T09:33:54.000,7.22
2025-11-20T09:44:09.000,6.27
2025-11-20T09:54:23.000,5.66
2025-11-20T10:04:36.000,5.16
2025-11-20T10:14:50.000,4.9
2025-11-20T10:25:04.000,4.57
2025-11-20T10:35:18.000,4.29
2025-11-20T10:45:33.000,4.97
2025-11-20T10:55:47.000,5.69
2025-11-20T11:06:01.000,6.28
2025-11-20T11:16:16.000,5.86
2025-11-20T11:26:30.000,6.29
2025-11-20T11:36:44.000,6.4
2025-11-20T11:46:59.000,6.32
2025-11-20T11:57:13.000,6.49
2025-11-20T12:07:27.000,6.64
2025-11-20T12:17:41.000,6.65
2025-11-20T12:27:55.000,6.67
2025-11-20T12:38:11.000,6.67
2025-11-20T12:48:25.000,6.62
2025-11-20T12:58:40.000,6.6
2025-11-20T13:08:54.000,6.64
2025-11-20T13:19:09.000,6.69
2025-11-20T13:29:23.000,6.73
2025-11-20T13:39:37.000,6.79
2025-11-21T00:44:28.000,5.18
2025-11-21T00:54:42.000,5.67
2025-11-21T01:04:57.000,5.51
2025-11-21T01:15:11.000,5.6
2025-11-21T01:25:25.000,5.72
2025-11-21T01:35:39.000,5.59
2025-11-21T01:45:53.000,5.49
2025-11-21T01:56:08.000,5.87
2025-11-21T02:06:23.000,5.07
2025-11-21T02:16:37.000,4.85
2025-11-21T02:26:51.000,4.93
2025-11-21T02:37:05.000,4.44
2025-11-21T02:47:19.000,3.71
2025-11-21T03:02:36.000,4.06
2025-11-21T03:12:56.000,3.85
2025-11-21T03:23:09.000,2.91
2025-11-21T03:33:23.000,2.81
2025-11-21T03:43:37.000,2.62
2025-11-21T03:53:51.000,2.42
2025-11-21T04:04:06.000,3.02
2025-11-21T04:14:20.000,3.22
2025-11-21T04:24:34.000,3.2
2025-11-21T04:34:48.000,3.81
2025-11-21T04:45:04.000,3.39
2025-11-21T04:55:18.000,2.94
2025-11-21T05:05:32.000,3.23
2025-11-21T05:21:05.000,3.61
2025-11-21T05:31:26.000,3.31
2025-11-21T05:41:39.000,2.26
2025-11-21T05:51:52.000,1.71
2025-11-21T06:02:06.000,1.63
2025-11-21T06:12:20.000,1.31
2025-11-21T06:22:34.000,1.07
2025-11-21T06:32:49.000,1.72
2025-11-21T06:43:04.000,1.88
2025-11-21T06:53:21.000,2.31
2025-11-21T07:03:35.000,2.8
2025-11-21T07:13:49.000,2.83
2025-11-21T07:24:03.000,1.92
2025-11-21T07:34:17.000,2.14
2025-11-21T07:44:32.000,2.93
2025-11-21T07:54:46.000,2.89
2025-11-21T08:05:00.000,2.82
2025-11-21T08:15:14.000,3.51
2025-11-21T08:25:28.000,3.52
2025-11-21T08:35:42.000,3.34
2025-11-21T08:45:56.000,3.25
2025-11-21T08:56:11.000,3.07
2025-11-21T09:06:26.000,3.23
2025-11-21T09:16:42.000,3.2
2025-11-21T09:26:56.000,3.25
2025-11-21T09:37:09.000,3.4
2025-11-21T09:47:24.000,2.98
2025-11-21T09:57:39.000,3.54
2025-11-21T10:07:53.000,3.25
2025-11-21T10:18:07.000,3.35
2025-11-21T10:28:21.000,3.03
2025-11-21T10:38:35.000,2.77
2025-11-21T10:48:50.000,2.65
2025-11-21T10:59:04.000,3.65
2025-11-21T11:09:18.000,4.79
2025-11-21T11:19:33.000,4.87
2025-11-21T11:29:48.000,4.61
2025-11-21T11:40:04.000,4.03
2025-11-21T11:50:18.000,4.44
2025-11-21T12:00:31.000,3.95
2025-11-21T12:10:45.000,4.3
2025-11-21T12:21:00.000,4.17
2025-11-21T12:31:14.000,4.59
2025-11-21T12:41:29.000,4.21
2025-11-21T12:51:43.000,4.24
2025-11-21T13:01:58.000,4.47
2025-11-21T13:12:12.000,5.39
2025-11-21T13:22:27.000,6.34
2025-11-21T13:32:42.000,6.37
2025-11-22T00:41:19.000,8.36
2025-11-22T00:51:33.000,8.88
2025-11-22T01:01:49.000,8.23
2025-11-22T01:12:02.000,7.75
2025-11-22T01:22:16.000,7.61
2025-11-22T01:32:30.000,7.29
2025-11-22T01:42:44.000,6.81
2025-11-22T01:52:58.000,7.22
2025-11-22T02:03:14.000,6.81
2025-11-22T02:13:28.000,6.61
2025-11-22T02:23:42.000,6.34
2025-11-22T02:33:57.000,6.18
2025-11-22T02:44:10.000,6.08
2025-11-22T02:54:24.000,5.91
2025-11-22T03:04:38.000,5.85
2025-11-22T03:14:54.000,5.53
2025-11-22T03:25:08.000,5.79
2025-11-22T03:35:23.000,5.68
2025-11-22T03:45:37.000,5.4
2025-11-22T03:55:51.000,5.28
2025-11-22T04:06:04.000,5.07
2025-11-22T04:16:19.000,5.33
2025-11-22T04:26:33.000,5.05
2025-11-22T04:36:48.000,5.11
2025-11-22T04:47:02.000,5.21
2025-11-22T04:57:16.000,5.37
2025-11-22T05:07:30.000,5.07
2025-11-22T05:17:45.000,4.66
2025-11-22T05:28:00.000,4.55
2025-11-22T05:38:14.000,4.35
2025-11-22T05:48:28.000,4.36
2025-11-22T05:58:42.000,4.16
2025-11-22T06:08:57.000,4.48
2025-11-22T06:19:11.000,3.97
2025-11-22T06:29:25.000,4.02
2025-11-22T06:39:39.000,4.1
2025-11-22T06:49:53.000,3.84
2025-11-22T07:00:08.000,4.31
2025-11-22T07:10:23.000,5.05
2025-11-22T07:20:37.000,5.14
2025-11-22T07:30:52.000,5.61
2025-11-22T07:41:08.000,5.8
2025-11-22T07:51:22.000,6.25
2025-11-22T08:01:36.000,6.14
2025-11-22T08:11:51.000,7.09
2025-11-22T08:22:05.000,6.93
2025-11-22T08:32:20.000,7.11
2025-11-22T08:42:34.000,7.26
2025-11-22T08:52:50.000,7.15
2025-11-22T09:03:04.000,7.55
2025-11-22T09:13:19.000,7.71
2025-11-22T09:23:33.000,8.42
2025-11-22T09:33:47.000,8.37
2025-11-22T09:44:02.000,8.6
2025-11-22T09:54:16.000,8.74
2025-11-22T10:04:30.000,8.69
2025-11-22T10:14:45.000,8.45
2025-11-22T10:24:59.000,8.68
2025-11-22T10:35:13.000,8.37
2025-11-22T10:45:27.000,8.36
2025-11-22T10:55:41.000,8.09
2025-11-22T11:05:56.000,8.05
2025-11-22T11:16:10.000,8.27
2025-11-22T11:26:24.000,8.39
2025-11-22T11:36:38.000,8.16
2025-11-22T11:46:52.000,8.12
2025-11-22T11:57:06.000,7.84
2025-11-22T12:07:21.000,7.96
2025-11-22T12:17:35.000,7.75
2025-11-22T12:27:49.000,7.73
2025-11-22T12:38:04.000,7.87
2025-11-22T12:48:18.000,8.13
2025-11-22T12:58:32.000,8.0
2025-11-22T13:08:46.000,7.97
2025-11-22T13:19:00.000,7.8
2025-11-22T13:29:14.000,8.13
2025-11-22T13:39:28.000,8.65
2025-11-23T00:31:58.000,11.42
2025-11-23T00:42:13.000,11.62
2025-11-23T00:52:27.000,11.19
2025-11-23T01:02:41.000,10.82
2025-11-23T01:12:55.000,10.44
2025-11-23T01:23:09.000,10.49
2025-11-23T01:33:23.000,10.24
2025-11-23T01:43:37.000,10.05
2025-11-23T01:53:51.000,9.97
2025-11-23T02:04:05.000,9.87
2025-11-23T02:14:19.000,9.86
2025-11-23T02:24:34.000,9.83
2025-11-23T02:34:48.000,9.96
2025-11-23T02:45:02.000,9.83
2025-11-23T02:55:16.000,9.55
2025-11-23T03:05:30.000,9.55
2025-11-23T03:15:45.000,9.35
2025-11-23T03:26:00.000,9.27
2025-11-23T03:36:14.000,9.04
2025-11-23T03:46:28.000,9.2
2025-11-23T03:56:42.000,9.42
2025-11-23T04:06:56.000,9.52
2025-11-23T04:17:11.000,9.52
2025-11-23T04:27:25.000,9.38
2025-11-23T04:37:39.000,9.07
2025-11-23T04:47:53.000,9.12
2025-11-23T04:58:07.000,9.23
2025-11-23T05:08:21.000,9.27
2025-11-23T05:18:35.000,9.33
2025-11-23T05:28:49.000,9.41
2025-11-23T05:39:03.000,9.04
2025-11-23T05:49:17.000,9.12
2025-11-23T05:59:31.000,9.06
2025-11-23T06:09:46.000,9.04
2025-11-23T06:19:59.000,8.84
2025-11-23T06:30:13.000,8.61
2025-11-23T06:40:27.000,8.68
2025-11-23T06:50:41.000,8.67
2025-11-23T07:00:55.000,8.47
2025-11-23T07:11:10.000,8.4
2025-11-23T07:21:24.000,8.55
2025-11-23T07:31:39.000,8.45
2025-11-23T07:41:54.000,8.14
2025-11-23T07:52:08.000,7.95
2025-11-23T08:02:22.000,7.78
2025-11-23T08:12:37.000,7.04
2025-11-23T08:22:52.000,6.89
2025-11-23T08:33:07.000,7.45
2025-11-23T08:43:21.000,7.5
2025-11-23T08:53:35.000,7.37
2025-11-23T09:03:49.000,7.0
2025-11-23T09:14:03.000,7.17
2025-11-23T09:24:17.000,6.58
2025-11-23T09:34:31.000,6.33
2025-11-23T09:44:45.000,6.25
2025-11-23T09:55:00.000,6.89
2025-11-23T10:05:15.000,7.04
2025-11-23T10:15:29.000,6.47
2025-11-23T10:25:42.000,6.45
2025-11-23T10:35:56.000,7.12
2025-11-23T10:46:11.000,7.02
2025-11-23T10:56:24.000,6.83
2025-11-23T11:06:38.000,7.51
2025-11-23T11:16:53.000,7.83
2025-11-23T11:27:07.000,7.91
2025-11-23T11:37:21.000,7.97
2025-11-23T11:47:35.000,7.55
2025-11-23T11:57:49.000,7.31
2025-11-23T12:08:02.000,7.7
2025-11-23T12:18:17.000,7.06
2025-11-23T12:28:30.000,7.14
2025-11-23T12:38:45.000,7.5
2025-11-23T12:49:05.000,7.8
2025-11-23T12:59:19.000,7.91
2025-11-23T13:09:32.000,7.92
2025-11-23T13:19:47.000,8.29
2025-11-23T13:30:01.000,8.51
2025-11-24T00:43:51.000,6.12
2025-11-24T00:54:06.000,6.29
2025-11-24T01:04:19.000,6.16
2025-11-24T01:14:34.000,6.48
2025-11-24T01:24:48.000,6.72
2025-11-24T01:35:03.000,7.19
2025-11-24T01:45:17.000,7.82
2025-11-24T01:55:31.000,8.35
2025-11-24T02:05:46.000,8.31
2025-11-24T02:16:00.000,8.23
2025-11-24T02:26:14.000,7.87
2025-11-24T02:36:28.000,7.3
2025-11-24T02:46:42.000,7.44
2025-11-24T02:56:56.000,7.36
2025-11-24T03:07:10.000,7.05
2025-11-24T03:17:24.000,7.34
2025-11-24T03:27:38.000,7.87
2025-11-24T03:37:52.000,8.13
2025-11-24T03:48:06.000,7.96
2025-11-24T03:58:21.000,8.31
2025-11-24T04:08:35.000,8.64
2025-11-24T04:18:50.000,8.81
2025-11-24T04:29:04.000,8.99
2025-11-24T04:39:18.000,8.98
2025-11-24T04:49:33.000,8.39
2025-11-24T04:59:47.000,7.69
2025-11-24T05:10:01.000,6.86
2025-11-24T05:20:14.000,6.43
2025-11-24T05:30:30.000,6.09
2025-11-24T05:40:44.000,5.98
2025-11-24T05:50:59.000,6.16
2025-11-24T06:01:12.000,5.88
2025-11-24T06:11:26.000,5.68
2025-11-24T06:21:40.000,5.91
2025-11-24T06:31:55.000,6.4
2025-11-24T06:42:09.000,6.8
2025-11-24T06:52:23.000,6.88
2025-11-24T07:02:37.000,6.34
2025-11-24T07:12:51.000,6.28
2025-11-24T07:23:05.000,5.86
2025-11-24T07:33:18.000,5.61
2025-11-24T07:43:33.000,5.43
2025-11-24T07:53:48.000,5.25
2025-11-24T08:04:02.000,4.97
2025-11-24T08:14:17.000,4.92
2025-11-24T08:24:30.000,4.98
2025-11-24T08:34:45.000,4.94
2025-11-24T08:44:59.000,4.87
2025-11-24T08:55:13.000,4.99
2025-11-24T09:05:27.000,4.83
2025-11-24T09:15:41.000,4.54
2025-11-24T09:25:55.000,4.35
2025-11-24T09:36:09.000,4.07
2025-11-24T09:46:23.000,3.69
2025-11-24T09:56:38.000,4.21
2025-11-24T10:06:53.000,4.35
2025-11-24T10:17:07.000,4.4
2025-11-24T10:27:21.000,4.24
2025-11-24T10:37:35.000,4.34
2025-11-24T10:47:49.000,4.07
2025-11-24T10:58:03.000,4.39
2025-11-24T11:08:17.000,4.44
2025-11-24T11:18:31.000,4.18
2025-11-24T11:28:45.000,4.1
2025-11-24T11:38:59.000,3.58
2025-11-24T11:49:14.000,3.83
2025-11-24T11:59:28.000,3.78
2025-11-24T12:09:42.000,3.8
2025-11-24T12:19:56.000,3.79
2025-11-24T12:30:10.000,4.2
2025-11-24T12:40:24.000,4.11
2025-11-24T12:50:38.000,3.85
2025-11-24T13:00:52.000,3.77
2025-11-24T13:11:08.000,3.76
2025-11-24T13:21:22.000,3.8
2025-11-24T13:31:36.000,3.43
2025-11-25T00:42:41.000,9.88
2025-11-25T00:52:55.000,10.26
2025-11-25T01:03:09.000,9.88
2025-11-25T01:13:23.000,9.48
2025-11-25T01:23:37.000,8.89
2025-11-25T01:33:51.000,8.88
2025-11-25T01:44:05.000,8.9
2025-11-25T01:54:19.000,8.24
2025-11-25T02:04:34.000,7.63
2025-11-25T02:14:48.000,7.48
2025-11-25T02:25:02.000,7.36
2025-11-25T02:35:16.000,7.07
2025-11-25T02:45:31.000,7.13
2025-11-25T02:55:45.000,6.49
2025-11-25T03:05:59.000,6.12
2025-11-25T03:16:13.000,6.19
2025-11-25T03:26:27.000,6.03
2025-11-25T03:36:42.000,5.63
2025-11-25T03:46:56.000,5.54
2025-11-25T03:57:11.000,5.25
2025-11-25T04:07:26.000,5.32
2025-11-25T04:17:40.000,5.22
2025-11-25T04:27:54.000,5.4
2025-11-25T04:38:08.000,5.48
2025-11-25T04:48:23.000,5.39
2025-11-25T04:58:38.000,5.21
2025-11-25T05:08:52.000,4.81
2025-11-25T05:19:06.000,4.97
2025-11-25T05:29:20.000,5.16
2025-11-25T05:39:34.000,5.01
2025-11-25T05:49:48.000,5.18
2025-11-25T06:00:02.000,5.16
2025-11-25T06:10:16.000,4.97
2025-11-25T06:20:31.000,5.52
2025-11-25T06:30:48.000,5.09
2025-11-25T06:41:02.000,4.72
2025-11-25T06:51:15.000,5.3
2025-11-25T07:01:30.000,5.16
2025-11-25T07:11:45.000,4.93
2025-11-25T07:21:58.000,4.95
2025-11-25T07:32:13.000,4.98
2025-11-25T07:42:27.000,5.07
2025-11-25T07:52:41.000,4.75
2025-11-25T08:02:56.000,4.61
2025-11-25T08:13:11.000,4.41
2025-11-25T08:23:25.000,4.62
2025-11-25T08:33:39.000,4.26
2025-11-25T08:43:53.000,4.32
2025-11-25T08:54:07.000,4.09
2025-11-25T09:04:21.000,4.07
2025-11-25T09:14:36.000,4.29
2025-11-25T09:24:50.000,4.3
2025-11-25T09:35:04.000,4.19
2025-11-25T09:45:18.000,4.02
2025-11-25T09:55:32.000,3.87
2025-11-25T10:05:47.000,2.9
2025-11-25T10:16:01.000,2.89
2025-11-25T10:26:18.000,3.13
2025-11-25T10:36:33.000,3.01
2025-11-25T10:46:47.000,3.05
2025-11-25T10:57:01.000,2.84
2025-11-25T11:07:15.000,2.99
2025-11-25T11:17:29.000,2.78
2025-11-25T11:27:44.000,2.67
2025-11-25T11:37:57.000,2.37
2025-11-25T11:48:11.000,2.28
2025-11-25T11:58:25.000,2.44
2025-11-25T12:08:39.000,2.38
2025-11-25T12:18:53.000,1.77
2025-11-25T12:29:09.000,1.98
2025-11-25T12:39:25.000,2.69
2025-11-25T12:49:40.000,2.55
2025-11-25T12:59:54.000,2.37
2025-11-25T13:10:08.000,2.39
2025-11-25T13:20:22.000,2.66
2025-11-25T13:30:37.000,2.89
2025-11-26T00:41:50.000,8.26
2025-11-26T00:52:04.000,8.52
2025-11-26T01:02:21.000,8.68
2025-11-26T01:12:37.000,8.73
2025-11-26T01:22:53.000,8.38
2025-11-26T01:33:09.000,8.3
2025-11-26T01:43:23.000,7.83
2025-11-26T01:53:37.000,8.04
2025-11-26T02:03:50.000,8.03
2025-11-26T02:14:04.000,7.94
2025-11-26T02:24:19.000,8.18
2025-11-26T02:34:33.000,7.93
2025-11-26T02:44:50.000,7.9
2025-11-26T02:55:06.000,7.43
2025-11-26T03:05:20.000,7.25
2025-11-26T03:15:34.000,7.59
2025-11-26T03:25:48.000,7.36
2025-11-26T03:41:20.000,8.05
2025-11-26T03:51:41.000,8.0
2025-11-26T04:01:53.000,7.26
2025-11-26T04:12:08.000,7.12
2025-11-26T04:22:22.000,6.91
2025-11-26T04:32:36.000,6.85
2025-11-26T04:42:50.000,7.07
2025-11-26T04:53:04.000,6.69
2025-11-26T05:03:19.000,6.43
2025-11-26T05:13:34.000,6.24
2025-11-26T05:23:50.000,6.29
2025-11-26T05:34:04.000,6.23
2025-11-26T05:49:39.000,6.83
2025-11-26T05:59:57.000,6.51
2025-11-26T06:10:11.000,5.89
2025-11-26T06:20:26.000,5.17
2025-11-26T06:30:40.000,4.75
2025-11-26T06:40:53.000,5.07
2025-11-26T06:51:10.000,4.64
2025-11-26T07:01:23.000,4.18
2025-11-26T07:11:38.000,3.73
2025-11-26T07:21:52.000,3.67
2025-11-26T07:32:06.000,3.69
2025-11-26T07:42:20.000,3.51
2025-11-26T07:52:34.000,3.59
2025-11-26T08:02:48.000,3.17
2025-11-26T08:13:03.000,3.57
2025-11-26T08:23:18.000,3.48
2025-11-26T08:38:51.000,4.01
2025-11-26T08:49:11.000,4.25
2025-11-26T08:59:25.000,3.47
2025-11-26T09:09:38.000,3.28
2025-11-26T09:19:52.000,3.23
2025-11-26T09:30:06.000,3.25
2025-11-26T09:40:20.000,3.22
2025-11-26T09:50:34.000,3.23
2025-11-26T10:00:48.000,3.2
2025-11-26T10:11:04.000,2.82
2025-11-26T10:21:17.000,2.68
2025-11-26T10:31:32.000,2.64
2025-11-26T10:41:46.000,3.17
2025-11-26T10:52:00.000,3.68
2025-11-26T11:02:15.000,3.89
2025-11-26T11:12:30.000,4.45
2025-11-26T11:22:45.000,4.21
2025-11-26T11:33:00.000,4.87
2025-11-26T11:43:16.000,6.3
2025-11-26T11:53:30.000,6.11
2025-11-26T12:03:44.000,4.96
2025-11-26T12:13:58.000,6.23
2025-11-26T12:24:13.000,7.77
2025-11-26T12:34:29.000,9.3
2025-11-26T12:44:45.000,10.14
2025-11-26T12:55:01.000,10.36
2025-11-26T13:05:16.000,10.78
2025-11-26T13:15:32.000,10.53
2025-11-26T13:25:46.000,11.06
2025-11-26T13:35:59.000,10.92
2025-11-27T00:39:07.000,10.86
2025-11-27T00:49:25.000,10.98
2025-11-27T00:59:40.000,11.03
2025-11-27T01:09:54.000,10.79
2025-11-27T01:20:08.000,10.69
2025-11-27T01:30:22.000,10.55
2025-11-27T01:40:37.000,11.72
2025-11-27T01:50:51.000,11.28
2025-11-27T02:01:06.000,10.76
2025-11-27T02:11:19.000,10.37
2025-11-27T02:21:33.000,9.97
2025-11-27T02:36:50.000,10.77
2025-11-27T02:47:10.000,10.74
2025-11-27T02:57:23.000,10.09
2025-11-27T03:07:37.000,9.65
2025-11-27T03:23:08.000,10.21
2025-11-27T03:33:29.000,10.14
2025-11-27T03:43:42.000,9.05
2025-11-27T03:53:57.000,8.54
2025-11-27T04:04:11.000,8.54
2025-11-27T04:14:25.000,8.4
2025-11-27T04:24:39.000,8.39
2025-11-27T04:34:56.000,8.37
2025-11-27T04:45:11.000,8.19
2025-11-27T04:55:30.000,8.21
2025-11-27T05:05:44.000,8.06
2025-11-27T05:15:58.000,7.71
2025-11-27T05:26:12.000,7.36
2025-11-27T05:36:25.000,7.44
2025-11-27T05:46:39.000,7.26
2025-11-27T05:56:54.000,6.59
2025-11-27T06:07:08.000,6.17
2025-11-27T06:17:22.000,6.02
2025-11-27T06:27:35.000,5.98
2025-11-27T06:37:49.000,6.22
2025-11-27T06:48:03.000,6.81
2025-11-27T06:58:18.000,6.51
2025-11-27T07:08:32.000,6.11
2025-11-27T07:18:45.000,6.39
2025-11-27T07:28:59.000,6.46
2025-11-27T07:39:14.000,6.69
2025-11-27T07:49:28.000,6.41
2025-11-27T07:59:42.000,6.39
2025-11-27T08:09:56.000,6.64
2025-11-27T08:20:10.000,7.14
2025-11-27T08:30:25.000,7.46
2025-11-27T08:40:39.000,7.38
2025-11-27T08:50:53.000,7.55
2025-11-27T09:01:08.000,7.62
2025-11-27T09:11:22.000,7.62
2025-11-27T09:21:36.000,7.21
2025-11-27T09:31:50.000,7.46
2025-11-27T09:42:04.000,7.5
2025-11-27T09:52:18.000,7.52
2025-11-27T10:02:32.000,7.37
2025-11-27T10:12:46.000,7.39
2025-11-27T10:22:59.000,6.89
2025-11-27T10:33:14.000,7.17
2025-11-27T10:43:28.000,7.01
2025-11-27T10:53:41.000,6.39
2025-11-27T11:03:55.000,7.26
2025-11-27T11:14:11.000,9.79
2025-11-27T11:24:25.000,8.9
2025-11-27T11:34:39.000,9.47
2025-11-27T11:44:55.000,11.47
2025-11-27T11:55:10.000,12.49
2025-11-27T12:05:25.000,12.48
2025-11-27T12:15:40.000,12.72
2025-11-27T12:25:54.000,12.18
2025-11-27T12:36:07.000,12.36
2025-11-27T12:46:21.000,12.61
2025-11-27T12:56:36.000,12.88
2025-11-27T13:06:50.000,12.44
2025-11-27T13:17:04.000,12.17
2025-11-27T13:27:18.000,11.88
2025-11-27T13:37:32.000,11.61
2025-11-28T00:41:38.000,12.31
2025-11-28T00:51:52.000,12.94
2025-11-28T01:02:07.000,13.13
2025-11-28T01:12:21.000,13.3
2025-11-28T01:22:35.000,13.45
2025-11-28T01:32:49.000,13.67
2025-11-28T01:43:03.000,13.21
2025-11-28T01:53:18.000,12.82
2025-11-28T02:03:32.000,12.41
2025-11-28T02:13:46.000,12.53
2025-11-28T02:24:01.000,12.27
2025-11-28T02:34:15.000,12.01
2025-11-28T02:44:30.000,11.9
2025-11-28T02:54:44.000,11.47
2025-11-28T03:04:58.000,11.5
2025-11-28T03:15:11.000,11.36
2025-11-28T03:25:26.000,11.22
2025-11-28T03:35:40.000,11.07
2025-11-28T03:45:54.000,10.95
2025-11-28T03:56:09.000,10.66
2025-11-28T04:06:23.000,10.67
2025-11-28T04:16:36.000,10.42
2025-11-28T04:26:52.000,10.34
2025-11-28T04:37:05.000,10.39
2025-11-28T04:47:20.000,9.94
2025-11-28T04:57:34.000,9.29
2025-11-28T05:07:47.000,8.62
2025-11-28T05:18:01.000,8.17
2025-11-28T05:28:16.000,8.1
2025-11-28T05:38:32.000,7.99
2025-11-28T05:48:46.000,8.85
2025-11-28T05:59:03.000,8.55
2025-11-28T06:09:17.000,8.34
2025-11-28T06:19:31.000,8.02
2025-11-28T06:29:45.000,7.78
2025-11-28T06:40:00.000,7.29
2025-11-28T06:50:16.000,6.81
2025-11-28T07:00:30.000,6.96
2025-11-28T07:10:44.000,7.03
2025-11-28T07:20:58.000,7.09
2025-11-28T07:31:12.000,7.19
2025-11-28T07:41:26.000,7.42
2025-11-28T07:51:40.000,6.82
2025-11-28T08:01:55.000,6.78
2025-11-28T08:12:08.000,6.69
2025-11-28T08:22:22.000,6.63
2025-11-28T08:32:39.000,6.68
2025-11-28T08:43:10.000,6.61
2025-11-28T08:53:27.000,6.62
2025-11-28T09:03:42.000,6.69
2025-11-28T09:13:58.000,7.05
2025-11-28T09:24:12.000,7.72
2025-11-28T09:34:39.000,8.23
2025-11-28T09:44:54.000,8.56
2025-11-28T10:05:35.000,8.77
2025-11-28T10:15:49.000,8.59
2025-11-28T10:26:03.000,9.0
2025-11-28T10:36:17.000,9.49
2025-11-28T10:46:31.000,9.65
2025-11-28T10:56:45.000,9.7
2025-11-28T11:06:59.000,9.97
2025-11-28T11:17:15.000,10.16
2025-11-28T11:27:29.000,10.09
2025-11-28T11:37:43.000,11.44
2025-11-28T11:47:58.000,12.13
2025-11-28T11:58:12.000,11.46
2025-11-28T12:08:26.000,11.54
2025-11-28T12:18:40.000,11.35
2025-11-28T12:28:56.000,11.13
2025-11-28T12:39:11.000,11.02
2025-11-28T12:49:25.000,10.43
2025-11-28T12:59:38.000,10.29
2025-11-28T13:09:52.000,10.47
2025-11-28T13:20:06.000,10.33
2025-11-28T13:30:20.000,10.19
2025-11-28T13:40:34.000,10.75
2025-11-29T00:42:39.000,13.12
2025-11-29T00:52:53.000,13.97
2025-11-29T01:03:12.000,13.29
2025-11-29T01:13:27.000,13.18
2025-11-29T01:23:41.000,12.69
2025-11-29T01:33:55.000,12.55
2025-11-29T01:44:09.000,12.63
2025-11-29T01:54:24.000,12.28
2025-11-29T02:04:39.000,12.05
2025-11-29T02:14:53.000,11.91
2025-11-29T02:25:06.000,11.85
2025-11-29T02:35:20.000,11.44
2025-11-29T02:45:34.000,11.2
2025-11-29T02:55:47.000,10.83
2025-11-29T03:06:01.000,10.42
2025-11-29T03:16:15.000,10.03
2025-11-29T03:26:29.000,9.85
2025-11-29T03:36:43.000,9.62
2025-11-29T03:46:57.000,9.31
2025-11-29T03:57:11.000,9.12
2025-11-29T04:07:25.000,9.05
2025-11-29T04:17:38.000,7.69
2025-11-29T04:27:51.000,7.26
2025-11-29T04:38:06.000,7.16
2025-11-29T04:48:21.000,7.1
2025-11-29T04:58:36.000,6.9
2025-11-29T05:08:51.000,7.43
2025-11-29T05:19:05.000,7.21
2025-11-29T05:29:21.000,7.08
2025-11-29T05:39:36.000,7.17
2025-11-29T05:49:50.000,7.53
2025-11-29T06:00:04.000,7.04
2025-11-29T06:10:17.000,6.37
2025-11-29T06:20:32.000,5.99
2025-11-29T06:30:47.000,6.24
2025-11-29T06:41:02.000,6.21
2025-11-29T06:51:17.000,6.38
2025-11-29T07:01:30.000,5.89
2025-11-29T07:11:44.000,5.67
2025-11-29T07:21:58.000,5.87
2025-11-29T07:32:13.000,5.67
2025-11-29T07:42:28.000,5.46
2025-11-29T07:52:42.000,5.26
2025-11-29T08:02:57.000,5.55
2025-11-29T08:13:13.000,5.94
2025-11-29T08:28:46.000,6.79
2025-11-29T08:39:07.000,6.81
2025-11-29T08:49:19.000,5.94
2025-11-29T09:04:51.000,7.18
2025-11-29T09:15:13.000,7.96
2025-11-29T09:25:25.000,6.89
2025-11-29T09:40:57.000,7.86
2025-11-29T09:51:19.000,7.94
2025-11-29T10:01:33.000,8.65
2025-11-29T10:11:47.000,9.6
2025-11-29T10:22:01.000,9.43
2025-11-29T10:32:15.000,8.38
2025-11-29T10:42:29.000,7.95
2025-11-29T10:52:43.000,7.31
2025-11-29T11:02:57.000,7.21
2025-11-29T11:13:11.000,6.85
2025-11-29T11:28:28.000,7.07
2025-11-29T11:38:50.000,6.96
2025-11-29T11:49:03.000,6.21
2025-11-29T11:59:17.000,7.71
2025-11-29T12:09:31.000,8.11
2025-11-29T12:19:48.000,8.35
2025-11-29T12:30:03.000,7.79
2025-11-29T12:40:16.000,6.7
2025-11-29T12:50:30.000,6.2
2025-11-29T13:00:43.000,6.24
2025-11-29T13:10:57.000,7.38
2025-11-29T13:21:12.000,7.15
2025-11-29T13:31:26.000,6.91
2025-11-29T13:41:40.000,6.35
2025-11-30T00:40:19.000,11.72
2025-11-30T00:50:33.000,12.45
2025-11-30T01:00:48.000,12.86
2025-11-30T01:11:03.000,12.83
2025-11-30T01:21:20.000,12.1
2025-11-30T01:31:34.000,11.69
2025-11-30T01:41:51.000,12.29
2025-11-30T01:52:05.000,11.7
2025-11-30T02:02:19.000,10.78
2025-11-30T02:12:33.000,10.24
2025-11-30T02:22:46.000,9.53
2025-11-30T02:33:02.000,8.66
2025-11-30T02:43:15.000,8.36
2025-11-30T02:53:29.000,8.68
2025-11-30T03:03:45.000,9.47
2025-11-30T03:14:00.000,9.89
2025-11-30T03:24:14.000,9.29
2025-11-30T03:34:27.000,8.79
2025-11-30T03:44:43.000,9.08
2025-11-30T03:54:57.000,8.2
2025-11-30T04:05:10.000,7.7
2025-11-30T04:15:26.000,7.49
2025-11-30T04:30:59.000,8.29
2025-11-30T04:41:19.000,8.54
2025-11-30T04:51:32.000,7.38
2025-11-30T05:01:45.000,7.01
2025-11-30T05:11:59.000,7.03
2025-11-30T05:22:13.000,6.93
2025-11-30T05:32:27.000,6.6
2025-11-30T05:42:41.000,5.87
2025-11-30T05:58:12.000,6.42
2025-11-30T06:08:33.000,6.81
2025-11-30T06:18:46.000,6.49
2025-11-30T06:34:18.000,6.89
2025-11-30T06:44:38.000,7.02
2025-11-30T06:54:51.000,5.81
2025-11-30T07:05:07.000,5.56
2025-11-30T07:15:20.000,5.23
2025-11-30T07:25:35.000,5.41
2025-11-30T07:35:49.000,4.86
2025-11-30T07:46:04.000,4.89
2025-11-30T07:56:17.000,5.04
2025-11-30T08:06:32.000,4.72
2025-11-30T08:16:49.000,6.17
2025-11-30T08:27:04.000,6.7
2025-11-30T08:37:19.000,7.06
2025-11-30T08:47:33.000,7.06
2025-11-30T08:57:46.000,6.47
2025-11-30T09:08:00.000,6.79
2025-11-30T09:18:14.000,6.28
2025-11-30T09:28:28.000,6.1
2025-11-30T09:38:45.000,6.05
2025-11-30T09:49:00.000,5.87
2025-11-30T09:59:13.000,6.11
2025-11-30T10:09:28.000,7.82
2025-11-30T10:25:03.000,7.76
2025-11-30T10:35:23.000,7.4
2025-11-30T10:45:40.000,7.03
2025-11-30T10:55:54.000,6.61
2025-11-30T11:06:09.000,6.22
2025-11-30T11:16:24.000,6.35
2025-11-30T11:26:39.000,6.17
2025-11-30T11:36:53.000,6.19
2025-11-30T11:47:07.000,6.48
2025-11-30T11:57:21.000,6.45
2025-11-30T12:07:35.000,6.4
2025-11-30T12:17:48.000,8.28
2025-11-30T12:28:03.000,8.85
2025-11-30T12:38:17.000,8.34
2025-11-30T12:48:31.000,8.68
2025-11-30T12:58:46.000,9.07
2025-11-30T13:09:00.000,8.43
2025-11-30T13:19:14.000,8.52
2025-11-30T13:29:28.000,8.37
2025-11-30T13:39:42.000,8.21
2025-12-01T00:41:16.000,13.42
2025-12-01T00:51:30.000,14.18
2025-12-01T01:01:45.000,14.42
2025-12-01T01:12:00.000,14.54
2025-12-01T01:22:14.000,14.82
2025-12-01T01:32:28.000,14.24
2025-12-01T01:42:42.000,13.85
2025-12-01T01:52:55.000,13.43
2025-12-01T02:03:10.000,13.74
2025-12-01T02:13:24.000,12.94
2025-12-01T02:23:39.000,12.41
2025-12-01T02:33:53.000,12.48
2025-12-01T02:44:10.000,12.97
2025-12-01T02:54:25.000,13.18
2025-12-01T03:04:39.000,13.02
2025-12-01T03:14:53.000,12.36
2025-12-01T03:25:06.000,12.18
2025-12-01T03:35:22.000,12.34
2025-12-01T03:45:37.000,12.35
2025-12-01T03:55:53.000,11.99
2025-12-01T04:06:07.000,10.59
2025-12-01T04:16:20.000,9.61
2025-12-01T04:26:34.000,9.42
2025-12-01T04:36:48.000,9.25
2025-12-01T04:52:06.000,9.12
2025-12-01T05:02:26.000,8.64
2025-12-01T05:12:39.000,9.36
2025-12-01T05:22:53.000,8.87
2025-12-01T05:38:12.000,9.73
2025-12-01T05:48:36.000,9.83
2025-12-01T05:58:51.000,8.81
2025-12-01T06:09:07.000,8.63
2025-12-01T06:19:22.000,8.6
2025-12-01T06:29:36.000,8.33
2025-12-01T06:39:50.000,8.81
2025-12-01T06:50:04.000,8.68
2025-12-01T07:00:21.000,9.65
2025-12-01T07:10:38.000,9.77
2025-12-01T07:20:52.000,9.52
2025-12-01T07:31:06.000,9.43
2025-12-01T07:41:19.000,8.47
2025-12-01T07:51:33.000,8.17
2025-12-01T08:07:06.000,9.35
2025-12-01T08:17:26.000,8.88
2025-12-01T08:27:39.000,8.41
2025-12-01T08:37:52.000,7.58
2025-12-01T08:48:06.000,7.54
2025-12-01T08:58:20.000,7.23
2025-12-01T09:08:34.000,6.91
2025-12-01T09:18:49.000,6.23
2025-12-01T09:29:02.000,6.12
2025-12-01T09:39:17.000,6.41
2025-12-01T09:49:32.000,5.89
2025-12-01T09:59:46.000,5.64
2025-12-01T10:09:59.000,6.03
2025-12-01T10:20:13.000,5.98
2025-12-01T10:30:27.000,5.95
2025-12-01T10:40:42.000,5.89
2025-12-01T10:50:56.000,5.55
2025-12-01T11:06:13.000,6.42
2025-12-01T11:16:34.000,6.23
2025-12-01T11:26:47.000,6.14
2025-12-01T11:37:01.000,8.07
2025-12-01T11:47:16.000,8.43
2025-12-01T11:57:30.000,7.12
2025-12-01T12:07:43.000,5.58
2025-12-01T12:17:56.000,5.13
2025-12-01T12:28:11.000,4.69
2025-12-01T12:38:25.000,4.76
2025-12-01T12:48:39.000,4.65
2025-12-01T12:58:53.000,4.97
2025-12-01T13:09:07.000,4.86
2025-12-01T13:19:21.000,5.15
2025-12-01T13:29:36.000,5.79
2025-12-01T13:39:49.000,5.56
2025-12-02T00:42:24.000,10.44
2025-12-02T00:52:38.000,10.26
2025-12-02T01:02:55.000,10.19
2025-12-02T01:13:09.000,9.69
2025-12-02T01:23:23.000,8.69
2025-12-02T01:33:40.000,8.66
2025-12-02T01:43:53.000,8.83
2025-12-02T01:54:09.000,8.09
2025-12-02T02:04:23.000,7.84
2025-12-02T02:14:36.000,7.95
2025-12-02T02:24:50.000,7.14
2025-12-02T02:35:04.000,6.87
2025-12-02T02:45:20.000,6.86
2025-12-02T02:55:34.000,6.78
2025-12-02T03:05:48.000,6.56
2025-12-02T03:16:03.000,6.75
2025-12-02T03:26:17.000,6.65
2025-12-02T03:36:31.000,6.43
2025-12-02T03:46:45.000,6.18
2025-12-02T03:56:59.000,6.13
2025-12-02T04:07:14.000,6.04
2025-12-02T04:17:28.000,6.01
2025-12-02T04:27:43.000,5.91
2025-12-02T04:37:57.000,5.93
2025-12-02T04:48:10.000,5.8
2025-12-02T04:58:24.000,6.01
2025-12-02T05:08:42.000,6.48
2025-12-02T05:18:57.000,6.42
2025-12-02T05:29:11.000,6.15
2025-12-02T05:39:25.000,5.97
2025-12-02T05:49:39.000,5.82
2025-12-02T05:59:53.000,5.61
2025-12-02T06:10:07.000,5.49
2025-12-02T06:20:20.000,5.06
2025-12-02T06:30:34.000,5.18
2025-12-02T06:40:48.000,5.2
2025-12-02T06:51:02.000,4.82
2025-12-02T07:01:16.000,4.51
2025-12-02T07:11:29.000,4.0
2025-12-02T07:21:43.000,3.8
2025-12-02T07:31:57.000,3.93
2025-12-02T07:42:12.000,4.61
2025-12-02T07:52:26.000,4.61
2025-12-02T08:02:40.000,4.5
2025-12-02T08:12:53.000,4.29
2025-12-02T08:23:07.000,4.63
2025-12-02T08:33:21.000,4.42
2025-12-02T08:43:35.000,3.99
2025-12-02T08:53:48.000,3.89
2025-12-02T09:04:02.000,4.05
2025-12-02T09:14:17.000,4.54
2025-12-02T09:24:31.000,4.38
2025-12-02T09:34:45.000,4.35
2025-12-02T09:45:00.000,4.89
2025-12-02T10:00:32.000,6.09
2025-12-02T10:10:53.000,6.17
2025-12-02T10:21:06.000,5.16
2025-12-02T10:31:21.000,4.55
2025-12-02T10:41:35.000,4.64
2025-12-02T10:51:49.000,4.9
2025-12-02T11:02:05.000,5.17
2025-12-02T11:12:19.000,5.99
2025-12-02T11:22:32.000,5.31
2025-12-02T11:32:46.000,4.44
2025-12-02T11:43:00.000,4.2
2025-12-02T11:53:13.000,4.26
2025-12-02T12:03:28.000,4.13
2025-12-02T12:13:42.000,3.69
2025-12-02T12:23:56.000,3.08
2025-12-02T12:34:10.000,2.77
2025-12-02T12:44:24.000,3.21
2025-12-02T12:54:38.000,3.82
2025-12-02T13:04:53.000,4.22
2025-12-02T13:15:07.000,4.45
2025-12-02T13:25:22.000,4.39
2025-12-02T13:35:35.000,4.45
2025-12-02T13:45:50.000,4.68
2025-12-03T00:41:06.000,9.57
2025-12-03T00:56:38.000,10.56
2025-12-03T01:07:00.000,10.72
2025-12-03T01:17:13.000,9.98
2025-12-03T01:27:27.000,9.5
2025-12-03T01:37:42.000,9.31
2025-12-03T01:52:59.000,10.0
2025-12-03T02:03:22.000,11.41
2025-12-03T02:13:35.000,11.06
2025-12-03T02:23:49.000,11.22
2025-12-03T02:44:21.000,11.96
2025-12-03T02:54:43.000,10.22
2025-12-03T03:04:58.000,8.24
2025-12-03T03:15:11.000,6.96
2025-12-03T03:25:24.000,6.21
2025-12-03T03:35:40.000,6.18
2025-12-03T03:45:53.000,5.83
2025-12-03T03:56:07.000,5.53
2025-12-03T04:06:22.000,5.54
2025-12-03T04:16:35.000,5.81
2025-12-03T04:26:50.000,5.69
2025-12-03T04:37:04.000,6.01
2025-12-03T04:47:19.000,5.94
2025-12-03T04:57:34.000,5.97
2025-12-03T05:07:48.000,5.8
2025-12-03T05:18:02.000,5.73
2025-12-03T05:28:16.000,6.1
2025-12-03T05:38:32.000,6.56
2025-12-03T05:48:47.000,6.16
2025-12-03T05:59:00.000,5.57
2025-12-03T06:09:14.000,5.51
2025-12-03T06:19:28.000,5.33
2025-12-03T06:29:43.000,5.56
2025-12-03T06:39:58.000,6.08
2025-12-03T06:50:13.000,8.37
2025-12-03T07:00:30.000,8.79
2025-12-03T07:10:43.000,9.1
2025-12-03T07:20:57.000,8.32
2025-12-03T07:31:11.000,8.45
2025-12-03T07:41:24.000,7.92
2025-12-03T07:51:38.000,7.81
2025-12-03T08:01:52.000,7.45
2025-12-03T08:12:06.000,6.24
2025-12-03T08:22:19.000,6.87
2025-12-03T08:32:33.000,6.15
2025-12-03T08:42:47.000,5.79
2025-12-03T08:53:00.000,5.34
2025-12-03T09:03:15.000,5.35
2025-12-03T09:13:30.000,5.33
2025-12-03T09:23:45.000,4.93
2025-12-03T09:33:59.000,4.65
2025-12-03T09:44:14.000,4.17
2025-12-03T09:54:29.000,4.04
2025-12-03T10:04:43.000,4.82
2025-12-03T10:14:58.000,5.89
2025-12-03T10:25:12.000,5.95
2025-12-03T10:35:27.000,6.22
2025-12-03T10:45:42.000,7.2
2025-12-03T10:55:59.000,8.13
2025-12-03T11:06:13.000,7.72
2025-12-03T11:16:27.000,6.91
2025-12-03T11:26:41.000,6.65
2025-12-03T11:36:55.000,7.23
2025-12-03T11:47:09.000,7.81
2025-12-03T11:57:27.000,7.67
2025-12-03T12:07:41.000,7.79
2025-12-03T12:17:56.000,7.34
2025-12-03T12:28:10.000,7.6
2025-12-03T12:38:26.000,7.41
2025-12-03T12:48:40.000,6.65
2025-12-03T12:58:53.000,5.78
2025-12-03T13:09:07.000,5.56
2025-12-03T13:19:21.000,5.4
2025-12-03T13:29:35.000,5.1
2025-12-03T13:39:49.000,4.9
2025-12-04T00:39:32.000,9.2
2025-12-04T00:49:47.000,11.36
2025-12-04T01:00:03.000,9.91
2025-12-04T01:10:17.000,9.34
2025-12-04T01:20:38.000,9.2
2025-12-04T01:30:54.000,9.08
2025-12-04T01:41:08.000,8.6
2025-12-04T01:51:21.000,8.55
2025-12-04T02:01:38.000,8.48
2025-12-04T02:11:56.000,8.52
2025-12-04T02:22:11.000,8.48
2025-12-04T02:32:24.000,8.24
2025-12-04T02:42:39.000,8.33
2025-12-04T02:52:54.000,8.43
2025-12-04T03:08:10.000,9.43
2025-12-04T03:18:31.000,9.12
2025-12-04T03:28:44.000,8.23
2025-12-04T03:38:58.000,8.66
2025-12-04T03:49:12.000,8.79
2025-12-04T03:59:27.000,8.88
2025-12-04T04:09:44.000,9.06
2025-12-04T04:19:59.000,8.75
2025-12-04T04:30:14.000,8.32
2025-12-04T04:40:27.000,7.96
2025-12-04T04:50:43.000,7.29
2025-12-04T05:00:56.000,6.22
2025-12-04T05:11:10.000,5.92
2025-12-04T05:21:25.000,5.6
2025-12-04T05:31:39.000,5.12
2025-12-04T05:41:54.000,4.47
2025-12-04T05:52:07.000,4.03
2025-12-04T06:02:21.000,3.8
2025-12-04T06:12:35.000,3.59
2025-12-04T06:22:49.000,3.53
2025-12-04T06:33:02.000,3.25
2025-12-04T06:43:16.000,3.18
2025-12-04T06:53:30.000,3.22
2025-12-04T07:03:45.000,3.09
2025-12-04T07:14:01.000,3.13
2025-12-04T07:24:15.000,3.07
2025-12-04T07:34:29.000,3.28
2025-12-04T07:44:43.000,2.88
2025-12-04T07:54:57.000,2.61
2025-12-04T08:05:10.000,2.39
2025-12-04T08:15:24.000,1.99
2025-12-04T08:25:37.000,1.48
2025-12-04T08:35:51.000,1.4
2025-12-04T08:46:04.000,1.39
2025-12-04T08:56:18.000,1.13
2025-12-04T09:06:32.000,1.13
2025-12-04T09:16:46.000,1.52
2025-12-04T09:27:00.000,1.65
2025-12-04T09:37:14.000,1.38
2025-12-04T09:47:27.000,1.46
2025-12-04T09:57:41.000,1.63
2025-12-04T10:07:56.000,1.77
2025-12-04T10:18:09.000,1.88
2025-12-04T10:28:23.000,1.82
2025-12-04T10:38:37.000,1.94
2025-12-04T10:48:51.000,1.57
2025-12-04T10:59:06.000,1.06
2025-12-04T11:09:19.000,1.51
2025-12-04T11:19:35.000,1.75
2025-12-04T11:29:49.000,1.33
2025-12-04T11:40:02.000,0.82
2025-12-04T11:50:15.000,0.54
2025-12-04T12:00:29.000,0.85
2025-12-04T12:10:43.000,0.96
2025-12-04T12:20:57.000,1.03
2025-12-04T12:31:10.000,0.83
2025-12-04T12:41:24.000,0.57
2025-12-04T12:51:38.000,0.67
2025-12-04T13:01:54.000,0.69
2025-12-04T13:12:08.000,0.58
2025-12-04T13:22:21.000,0.26
2025-12-04T13:32:36.000,-0.08
2025-12-04T13:42:49.000,-0.07
2025-12-05T00:42:30.000,7.85
2025-12-05T00:52:45.000,8.88
2025-12-05T01:02:59.000,8.22
2025-12-05T01:13:13.000,7.57
2025-12-05T01:23:27.000,7.09
2025-12-05T01:33:41.000,6.15
2025-12-05T01:43:55.000,5.46
2025-12-05T01:54:09.000,5.13
2025-12-05T02:04:23.000,5.05
2025-12-05T02:14:40.000,4.78
2025-12-05T02:24:54.000,4.61
2025-12-05T02:35:08.000,4.35
2025-12-05T02:45:24.000,4.17
2025-12-05T02:55:38.000,4.09
2025-12-05T03:05:54.000,4.23
2025-12-05T03:21:26.000,4.31
2025-12-05T03:31:47.000,4.49
2025-12-05T03:42:00.000,3.65
2025-12-05T03:52:15.000,3.26
2025-12-05T04:02:29.000,3.1
2025-12-05T04:12:44.000,3.09
2025-12-05T04:22:58.000,3.22
2025-12-05T04:33:14.000,3.3
2025-12-05T04:43:28.000,3.14
2025-12-05T04:53:42.000,3.12
2025-12-05T05:09:02.000,3.79
2025-12-05T05:19:25.000,3.79
2025-12-05T05:29:38.000,3.19
2025-12-05T05:39:52.000,3.16
2025-12-05T05:50:07.000,3.16
2025-12-05T06:05:39.000,3.71
2025-12-05T06:16:00.000,3.73
2025-12-05T06:26:12.000,2.98
2025-12-05T06:36:25.000,2.71
2025-12-05T06:46:40.000,2.72
2025-12-05T07:01:59.000,3.56
2025-12-05T07:12:20.000,4.28
2025-12-05T07:22:34.000,4.31
2025-12-05T07:32:48.000,3.83
2025-12-05T07:43:03.000,3.35
2025-12-05T07:53:17.000,2.89
2025-12-05T08:03:30.000,2.45
2025-12-05T08:13:44.000,1.63
2025-12-05T08:23:58.000,1.07
2025-12-05T08:34:13.000,1.09
2025-12-05T08:44:29.000,0.72
2025-12-05T08:54:43.000,0.63
2025-12-05T09:04:57.000,0.75
2025-12-05T09:15:11.000,0.42
2025-12-05T09:25:25.000,0.3
2025-12-05T09:35:40.000,0.54
2025-12-05T09:45:54.000,0.53
2025-12-05T09:56:09.000,0.92
2025-12-05T10:06:23.000,1.37
2025-12-05T10:16:39.000,1.56
2025-12-05T10:26:55.000,1.62
2025-12-05T10:37:09.000,1.69
2025-12-05T10:47:22.000,2.14
2025-12-05T10:57:36.000,2.19
2025-12-05T11:07:51.000,2.67
2025-12-05T11:18:05.000,2.37
2025-12-05T11:28:18.000,2.53
2025-12-05T11:38:32.000,2.39
2025-12-05T11:48:48.000,2.05
2025-12-05T11:59:03.000,2.5
2025-12-05T12:09:21.000,2.56
2025-12-05T12:19:35.000,2.74
2025-12-05T12:29:51.000,2.97
2025-12-05T12:40:04.000,3.47
2025-12-05T12:50:19.000,3.25
2025-12-05T13:00:33.000,3.41
2025-12-05T13:10:47.000,2.89
2025-12-05T13:21:01.000,2.49
2025-12-05T13:31:17.000,2.16
2025-12-05T13:41:31.000,1.91
2025-12-06T00:43:00.000,8.88
2025-12-06T00:53:15.000,9.16
2025-12-06T01:03:29.000,8.88
2025-12-06T01:13:43.000,9.09
2025-12-06T01:23:57.000,8.12
2025-12-06T01:34:13.000,7.9
2025-12-06T01:44:26.000,7.39
2025-12-06T01:54:40.000,6.98
2025-12-06T02:04:57.000,6.63
2025-12-06T02:15:15.000,7.2
2025-12-06T02:25:29.000,7.06
2025-12-06T02:35:46.000,7.27
2025-12-06T02:46:01.000,6.81
2025-12-06T02:56:14.000,6.34
2025-12-06T03:06:29.000,6.43
2025-12-06T03:16:43.000,6.04
2025-12-06T03:26:57.000,6.07
2025-12-06T03:37:11.000,6.1
2025-12-06T03:47:25.000,6.07
2025-12-06T04:02:47.000,6.28
2025-12-06T04:13:08.000,5.99
2025-12-06T04:23:21.000,5.78
2025-12-06T04:33:34.000,5.32
2025-12-06T04:43:48.000,4.59
2025-12-06T04:54:02.000,4.17
2025-12-06T05:04:16.000,3.99
2025-12-06T05:14:30.000,4.3
2025-12-06T05:24:43.000,3.95
2025-12-06T05:34:57.000,4.1
2025-12-06T05:45:12.000,3.78
2025-12-06T05:55:27.000,3.75
2025-12-06T06:05:42.000,3.49
2025-12-06T06:15:56.000,3.43
2025-12-06T06:26:09.000,3.16
2025-12-06T06:36:23.000,3.0
2025-12-06T06:46:39.000,3.0
2025-12-06T06:56:53.000,3.09
2025-12-06T07:07:07.000,3.28
2025-12-06T07:17:21.000,3.02
2025-12-06T07:27:34.000,2.3
2025-12-06T07:37:48.000,2.18
2025-12-06T07:48:04.000,2.58
2025-12-06T07:58:19.000,2.12
2025-12-06T08:08:33.000,1.77
2025-12-06T08:18:48.000,1.22
2025-12-06T08:29:03.000,1.1
2025-12-06T08:39:19.000,0.75
2025-12-06T08:49:33.000,1.17
2025-12-06T08:59:48.000,0.86
2025-12-06T09:10:03.000,0.68
2025-12-06T09:20:17.000,0.52
2025-12-06T09:30:32.000,0.56
2025-12-06T09:40:47.000,0.53
2025-12-06T09:51:01.000,1.22
2025-12-06T10:01:15.000,1.13
2025-12-06T10:11:29.000,1.25
2025-12-06T10:21:43.000,0.9
2025-12-06T10:31:57.000,1.76
2025-12-06T10:42:12.000,2.05
2025-12-06T10:52:26.000,1.37
2025-12-06T11:02:40.000,1.77
2025-12-06T11:12:54.000,2.22
2025-12-06T11:23:09.000,2.5
2025-12-06T11:33:23.000,2.67
2025-12-06T11:43:38.000,2.58
2025-12-06T11:53:52.000,3.61
2025-12-06T12:04:06.000,3.18
2025-12-06T12:14:20.000,3.27
2025-12-06T12:24:33.000,2.62
2025-12-06T12:34:47.000,1.68
2025-12-06T12:45:00.000,1.35
2025-12-06T12:55:15.000,1.29
2025-12-06T13:05:29.000,2.62
2025-12-06T13:15:44.000,2.58
2025-12-06T13:31:16.000,2.78
2025-12-06T13:41:37.000,3.03
2025-12-07T00:43:02.000,10.98
2025-12-07T00:53:17.000,10.43
2025-12-07T01:03:31.000,9.92
2025-12-07T01:13:44.000,9.38
2025-12-07T01:23:58.000,9.21
2025-12-07T01:34:11.000,8.76
2025-12-07T01:49:45.000,9.13
2025-12-07T02:00:05.000,8.66
2025-12-07T02:10:19.000,7.84
2025-12-07T02:20:32.000,7.4
2025-12-07T02:30:46.000,7.5
2025-12-07T02:51:17.000,9.29
2025-12-07T03:01:40.000,8.54
2025-12-07T03:11:54.000,7.29
2025-12-07T03:22:07.000,7.24
2025-12-07T03:32:21.000,7.27
2025-12-07T03:42:35.000,6.71
2025-12-07T03:52:48.000,6.29
2025-12-07T04:03:02.000,6.16
2025-12-07T04:13:16.000,5.9
2025-12-07T04:23:29.000,5.72
2025-12-07T04:39:02.000,7.03
2025-12-07T04:49:24.000,7.18
2025-12-07T04:59:36.000,6.39
2025-12-07T05:09:53.000,5.91
2025-12-07T05:20:07.000,5.86
2025-12-07T05:30:21.000,5.78
2025-12-07T05:45:38.000,6.49
2025-12-07T05:56:00.000,6.92
2025-12-07T06:06:13.000,6.12
2025-12-07T06:16:27.000,5.69
2025-12-07T06:26:42.000,5.25
2025-12-07T06:36:55.000,5.26
2025-12-07T06:47:09.000,5.2
2025-12-07T06:57:23.000,4.96
2025-12-07T07:12:55.000,6.01
2025-12-07T07:23:16.000,5.61
2025-12-07T07:33:29.000,5.29
2025-12-07T07:43:43.000,4.42
2025-12-07T07:53:56.000,4.09
2025-12-07T08:04:10.000,4.81
2025-12-07T08:14:24.000,4.92
2025-12-07T08:29:41.000,5.54
2025-12-07T08:40:02.000,5.75
2025-12-07T08:50:15.000,5.01
2025-12-07T09:00:28.000,4.8
2025-12-07T09:10:42.000,4.85
2025-12-07T09:20:56.000,4.67
2025-12-07T09:31:10.000,3.99
2025-12-07T09:41:24.000,4.09
2025-12-07T09:51:37.000,4.92
2025-12-07T10:01:51.000,4.18
2025-12-07T10:12:05.000,3.67
2025-12-07T10:22:20.000,3.49
2025-12-07T10:32:34.000,3.19
2025-12-07T10:42:47.000,3.17
2025-12-07T10:53:02.000,3.03
2025-12-07T11:03:16.000,3.32
2025-12-07T11:13:30.000,3.43
2025-12-07T11:23:43.000,3.17
2025-12-07T11:33:57.000,3.02
2025-12-07T11:44:11.000,3.19
2025-12-07T11:54:26.000,3.05
2025-12-07T12:04:39.000,2.87
2025-12-07T12:14:53.000,2.6
2025-12-07T12:25:08.000,2.54
2025-12-07T12:40:40.000,3.38
2025-12-07T12:51:01.000,3.87
2025-12-07T13:01:13.000,3.19
2025-12-07T13:11:27.000,2.29
2025-12-07T13:21:40.000,1.99
2025-12-07T13:31:55.000,2.1
2025-12-07T13:42:09.000,2.06
2025-12-08T00:43:08.000,10.02
2025-12-08T00:53:24.000,10.36
2025-12-08T01:03:38.000,9.37
2025-12-08T01:13:53.000,9.55
2025-12-08T01:24:05.000,9.02
2025-12-08T01:34:19.000,8.43
2025-12-08T01:44:32.000,8.33
2025-12-08T01:54:46.000,8.12
2025-12-08T02:05:01.000,8.0
2025-12-08T02:15:17.000,7.6
2025-12-08T02:25:32.000,7.23
2025-12-08T02:35:45.000,7.4
2025-12-08T02:46:00.000,7.59
2025-12-08T02:56:14.000,7.51
2025-12-08T03:06:30.000,7.26
2025-12-08T03:16:44.000,6.89
2025-12-08T03:26:59.000,6.93
2025-12-08T03:37:12.000,6.81
2025-12-08T03:47:26.000,6.82
2025-12-08T03:57:41.000,6.82
2025-12-08T04:07:58.000,6.93
2025-12-08T04:18:12.000,6.89
2025-12-08T04:28:26.000,6.61
2025-12-08T04:38:40.000,6.5
2025-12-08T04:48:54.000,6.39
2025-12-08T04:59:10.000,6.26
2025-12-08T05:09:24.000,6.06
2025-12-08T05:19:39.000,6.1
2025-12-08T05:29:54.000,6.14
2025-12-08T05:40:08.000,6.2
2025-12-08T05:50:22.000,5.95
2025-12-08T06:00:36.000,5.81
2025-12-08T06:10:50.000,5.49
2025-12-08T06:21:03.000,5.4
2025-12-08T06:31:17.000,5.25
2025-12-08T06:41:35.000,5.42
2025-12-08T06:51:49.000,5.26
2025-12-08T07:02:03.000,5.46
2025-12-08T07:12:18.000,5.61
2025-12-08T07:22:32.000,5.33
2025-12-08T07:32:46.000,5.12
2025-12-08T07:43:00.000,5.0
2025-12-08T07:58:18.000,5.5
2025-12-08T08:08:38.000,4.88
2025-12-08T08:18:51.000,3.71
2025-12-08T08:29:04.000,3.34
2025-12-08T08:39:19.000,3.33
2025-12-08T08:49:35.000,3.23
2025-12-08T08:59:48.000,3.41
2025-12-08T09:10:02.000,3.5
2025-12-08T09:20:16.000,3.07
2025-12-08T09:30:30.000,3.18
2025-12-08T09:40:45.000,3.36
2025-12-08T09:51:00.000,3.4
2025-12-08T10:06:19.000,4.25
2025-12-08T10:16:40.000,4.49
2025-12-08T10:26:56.000,3.93
2025-12-08T10:37:10.000,3.36
2025-12-08T10:47:24.000,3.21
2025-12-08T10:57:39.000,3.26
2025-12-08T11:07:53.000,3.39
2025-12-08T11:18:07.000,3.26
2025-12-08T11:28:21.000,3.3
2025-12-08T11:38:35.000,2.82
2025-12-08T11:48:49.000,2.94
2025-12-08T11:59:03.000,2.86
2025-12-08T12:09:17.000,2.35
2025-12-08T12:19:31.000,2.58
2025-12-08T12:29:45.000,2.36
2025-12-08T12:40:00.000,1.75
2025-12-08T12:50:14.000,2.2
2025-12-08T13:00:30.000,1.49
2025-12-08T13:10:44.000,1.69
2025-12-08T13:20:58.000,2.02
2025-12-08T13:31:13.000,2.86
2025-12-08T13:41:27.000,1.97
2025-12-09T00:43:17.000,10.26
2025-12-09T00:53:31.000,12.04
2025-12-09T01:03:47.000,12.46
2025-12-09T01:14:00.000,11.61
2025-12-09T01:24:15.000,10.43
2025-12-09T01:34:29.000,9.87
2025-12-09T01:44:42.000,9.45
2025-12-09T01:54:56.000,9.47
2025-12-09T02:05:10.000,9.15
2025-12-09T02:15:24.000,8.76
2025-12-09T02:25:40.000,8.44
2025-12-09T02:35:55.000,8.19
2025-12-09T02:46:08.000,7.99
2025-12-09T02:56:22.000,7.95
2025-12-09T03:06:37.000,7.74
2025-12-09T03:16:51.000,7.94
2025-12-09T03:27:05.000,7.92
2025-12-09T03:37:19.000,7.44
2025-12-09T03:47:34.000,7.28
2025-12-09T03:57:49.000,7.23
2025-12-09T04:08:03.000,7.09
2025-12-09T04:18:17.000,7.35
2025-12-09T04:28:33.000,7.34
2025-12-09T04:38:48.000,7.51
2025-12-09T04:49:02.000,7.39
2025-12-09T04:59:15.000,7.2
2025-12-09T05:09:30.000,7.24
2025-12-09T05:19:48.000,7.37
2025-12-09T05:30:04.000,7.59
2025-12-09T05:40:22.000,7.28
2025-12-09T05:50:37.000,7.09
2025-12-09T06:00:51.000,6.85
2025-12-09T06:11:06.000,6.75
2025-12-09T06:21:20.000,6.58
2025-12-09T06:31:35.000,6.38
2025-12-09T06:41:49.000,6.15
2025-12-09T06:52:07.000,6.21
2025-12-09T07:02:22.000,6.25
2025-12-09T07:12:37.000,6.38
2025-12-09T07:22:51.000,6.22
2025-12-09T07:33:06.000,5.82
2025-12-09T07:43:20.000,5.85
2025-12-09T07:53:34.000,6.59
2025-12-09T08:03:50.000,6.82
2025-12-09T08:14:06.000,6.13
2025-12-09T08:24:19.000,5.71
2025-12-09T08:34:33.000,5.55
2025-12-09T08:44:47.000,4.93
2025-12-09T08:55:01.000,4.44
2025-12-09T09:05:16.000,4.27
2025-12-09T09:15:31.000,4.08
2025-12-09T09:25:46.000,4.23
2025-12-09T09:36:00.000,4.0
2025-12-09T09:46:14.000,3.64
2025-12-09T09:56:28.000,3.39
2025-12-09T10:06:42.000,3.37
2025-12-09T10:16:57.000,2.96
2025-12-09T10:27:13.000,3.28
2025-12-09T10:37:28.000,2.86
2025-12-09T10:47:42.000,2.84
2025-12-09T10:57:58.000,3.21
2025-12-09T11:08:12.000,2.66
2025-12-09T11:18:26.000,2.49
2025-12-09T11:28:40.000,3.09
2025-12-09T11:38:56.000,2.87
2025-12-09T11:49:10.000,3.2
2025-12-09T11:59:24.000,2.74
2025-12-09T12:09:38.000,2.89
2025-12-09T12:19:52.000,2.73
2025-12-09T12:30:05.000,2.61
2025-12-09T12:40:21.000,2.76
2025-12-09T12:50:35.000,2.17
2025-12-09T13:00:49.000,2.08
2025-12-09T13:11:03.000,3.0
2025-12-09T13:26:36.000,4.41
2025-12-09T13:36:58.000,6.16
2025-12-10T00:43:37.000,9.6
2025-12-10T00:53:51.000,10.54
2025-12-10T01:04:05.000,10.28
2025-12-10T01:14:19.000,10.56
2025-12-10T01:24:36.000,10.49
2025-12-10T01:34:50.000,10.29
2025-12-10T01:45:05.000,10.25
2025-12-10T01:55:20.000,10.27
2025-12-10T02:05:34.000,9.89
2025-12-10T02:15:48.000,9.8
2025-12-10T02:26:02.000,9.67
2025-12-10T02:36:17.000,9.59
2025-12-10T02:51:49.000,10.64
2025-12-10T03:07:27.000,11.19
2025-12-10T03:17:47.000,10.37
2025-12-10T03:27:59.000,10.29
2025-12-10T03:38:12.000,9.3
2025-12-10T03:48:26.000,9.5
2025-12-10T03:58:40.000,9.29
2025-12-10T04:08:53.000,8.99
2025-12-10T04:19:07.000,8.15
2025-12-10T04:29:21.000,7.91
2025-12-10T04:39:35.000,8.44
2025-12-10T04:49:50.000,8.26
2025-12-10T05:00:03.000,7.78
2025-12-10T05:10:22.000,7.37
2025-12-10T05:20:36.000,7.32
2025-12-10T05:30:51.000,6.88
2025-12-10T05:41:09.000,6.36
2025-12-10T05:51:24.000,6.23
2025-12-10T06:01:39.000,6.61
2025-12-10T06:11:53.000,6.51
2025-12-10T06:22:09.000,7.12
2025-12-10T06:37:27.000,7.61
2025-12-10T06:47:49.000,9.19
2025-12-10T06:58:03.000,8.52
2025-12-10T07:08:17.000,7.94
2025-12-10T07:18:31.000,7.87
2025-12-10T07:28:46.000,7.51
2025-12-10T07:39:00.000,7.71
2025-12-10T07:49:14.000,7.08
2025-12-10T07:59:28.000,5.98
2025-12-10T08:09:41.000,5.85
2025-12-10T08:19:55.000,5.63
2025-12-10T08:40:12.000,8.05
2025-12-10T08:50:35.000,7.92
2025-12-10T09:00:48.000,7.05
2025-12-10T09:11:01.000,7.02
2025-12-10T09:21:15.000,6.12
2025-12-10T09:31:29.000,5.71
2025-12-10T09:41:43.000,5.33
2025-12-10T09:51:59.000,4.97
2025-12-10T10:02:15.000,4.94
2025-12-10T10:12:30.000,4.73
2025-12-10T10:22:43.000,4.95
2025-12-10T10:33:00.000,5.23
2025-12-10T10:43:14.000,5.37
2025-12-10T10:53:28.000,4.85
2025-12-10T11:03:42.000,5.08
2025-12-10T11:13:59.000,5.17
2025-12-10T11:24:12.000,4.54
2025-12-10T11:34:28.000,4.31
2025-12-10T11:44:42.000,4.73
2025-12-10T11:54:56.000,4.29
2025-12-10T12:05:09.000,3.63
2025-12-10T12:15:23.000,4.51
2025-12-10T12:25:38.000,4.19
2025-12-10T12:35:53.000,3.76
2025-12-10T12:46:07.000,4.47
2025-12-10T12:56:21.000,4.78
2025-12-10T13:06:35.000,4.1
2025-12-10T13:16:49.000,4.36
2025-12-10T13:27:03.000,5.14
2025-12-10T13:37:17.000,5.4
2025-12-10T13:47:31.000,5.37
2025-12-11T00:43:53.000,13.39
2025-12-11T00:54:09.000,14.5
2025-12-11T01:04:23.000,13.67
2025-12-11T01:19:55.000,14.26
2025-12-11T01:30:15.000,14.11
2025-12-11T01:40:27.000,12.89
2025-12-11T01:50:41.000,12.52
2025-12-11T02:00:55.000,12.11
2025-12-11T02:11:09.000,11.88
2025-12-11T02:26:41.000,12.1
2025-12-11T02:37:04.000,12.35
2025-12-11T02:47:18.000,11.5
2025-12-11T02:57:32.000,10.68
2025-12-11T03:07:47.000,10.83
2025-12-11T03:18:01.000,11.04
2025-12-11T03:28:15.000,10.41
2025-12-11T03:38:29.000,10.04
2025-12-11T03:48:45.000,10.13
2025-12-11T03:58:59.000,10.07
2025-12-11T04:09:14.000,9.85
2025-12-11T04:19:28.000,9.86
2025-12-11T04:29:42.000,9.71
2025-12-11T04:39:58.000,10.15
2025-12-11T04:50:13.000,9.8
2025-12-11T05:00:27.000,9.9
2025-12-11T05:10:42.000,10.09
2025-12-11T05:20:56.000,10.07
2025-12-11T05:31:10.000,9.71
2025-12-11T05:41:23.000,9.25
2025-12-11T05:51:37.000,8.33
2025-12-11T06:07:08.000,8.11
2025-12-11T06:17:28.000,7.8
2025-12-11T06:27:41.000,7.35
2025-12-11T06:37:55.000,7.5
2025-12-11T06:48:11.000,6.74
2025-12-11T06:58:26.000,6.58
2025-12-11T07:08:43.000,6.93
2025-12-11T07:19:00.000,6.67
2025-12-11T07:29:15.000,6.32
2025-12-11T07:49:33.000,8.62
2025-12-11T07:59:57.000,8.57
2025-12-11T08:10:11.000,7.77
2025-12-11T08:20:25.000,8.43
2025-12-11T08:30:40.000,7.77
2025-12-11T08:40:54.000,7.59
2025-12-11T08:51:09.000,7.25
2025-12-11T09:01:23.000,6.87
2025-12-11T09:11:41.000,6.93
2025-12-11T09:21:55.000,7.45
2025-12-11T09:32:10.000,7.76
2025-12-11T09:42:24.000,7.94
2025-12-11T09:52:39.000,10.58
2025-12-11T10:02:54.000,11.41
2025-12-11T10:13:10.000,10.59
2025-12-11T10:23:23.000,10.01
2025-12-11T10:33:37.000,10.13
2025-12-11T10:43:51.000,10.8
2025-12-11T11:04:37.000,10.68
2025-12-11T11:14:51.000,10.17
2025-12-11T11:25:05.000,10.37
2025-12-11T11:35:19.000,10.32
2025-12-11T11:45:33.000,10.17
2025-12-11T11:55:47.000,9.94
2025-12-11T12:06:02.000,9.88
2025-12-11T12:21:34.000,8.88
2025-12-11T12:31:53.000,8.27
2025-12-11T12:42:05.000,7.22
2025-12-11T12:52:18.000,6.71
2025-12-11T13:02:33.000,6.88
2025-12-11T13:12:49.000,7.03
2025-12-11T13:23:03.000,7.14
2025-12-11T13:33:17.000,7.38
2025-12-11T13:43:31.000,7.37
2025-12-12T00:44:06.000,12.39
2025-12-12T00:54:19.000,12.79
2025-12-12T01:04:33.000,12.74
2025-12-12T01:14:50.000,12.57
2025-12-12T01:25:05.000,12.51
2025-12-12T01:35:21.000,12.59
2025-12-12T01:45:35.000,13.12
2025-12-12T01:55:49.000,12.75
2025-12-12T02:06:03.000,12.85
2025-12-12T02:16:21.000,12.73
2025-12-12T02:26:35.000,11.72
2025-12-12T02:36:49.000,11.5
2025-12-12T02:47:03.000,11.61
2025-12-12T02:57:18.000,12.19
2025-12-12T03:07:33.000,11.84
2025-12-12T03:17:51.000,11.86
2025-12-12T03:28:06.000,11.85
2025-12-12T03:38:20.000,11.59
2025-12-12T03:48:34.000,10.9
2025-12-12T04:03:53.000,11.54
2025-12-12T04:14:16.000,11.66
2025-12-12T04:24:29.000,11.38
2025-12-12T04:40:00.000,11.67
2025-12-12T04:50:22.000,11.49
2025-12-12T05:00:34.000,10.78
2025-12-12T05:10:48.000,10.39
2025-12-12T05:21:02.000,10.51
2025-12-12T05:31:16.000,10.55
2025-12-12T05:41:35.000,10.65
2025-12-12T05:51:51.000,10.25
2025-12-12T06:02:06.000,10.13
2025-12-12T06:12:24.000,10.11
2025-12-12T06:22:41.000,9.99
2025-12-12T06:33:03.000,9.39
2025-12-12T06:43:17.000,8.56
2025-12-12T06:53:35.000,8.17
2025-12-12T07:03:49.000,8.19
2025-12-12T07:14:03.000,8.12
2025-12-12T07:24:18.000,7.68
2025-12-12T07:34:33.000,7.38
2025-12-12T07:44:47.000,7.41
2025-12-12T07:55:01.000,7.51
2025-12-12T08:05:17.000,7.37
2025-12-12T08:15:31.000,7.58
2025-12-12T08:25:45.000,8.15
2025-12-12T08:35:59.000,7.25
2025-12-12T08:46:13.000,7.07
2025-12-12T08:56:27.000,7.36
2025-12-12T09:06:41.000,7.12
2025-12-12T09:16:55.000,7.48
2025-12-12T09:27:10.000,7.61
2025-12-12T09:37:23.000,7.17
2025-12-12T09:47:37.000,6.89
2025-12-12T09:57:51.000,6.91
2025-12-12T10:08:06.000,7.09
2025-12-12T10:18:20.000,7.19
2025-12-12T10:28:35.000,7.6
2025-12-12T10:38:49.000,7.33
2025-12-12T10:54:22.000,7.88
2025-12-12T11:04:42.000,8.24
2025-12-12T11:14:57.000,7.61
2025-12-12T11:25:11.000,7.13
2025-12-12T11:35:24.000,6.67
2025-12-12T11:45:38.000,6.85
2025-12-12T11:55:52.000,7.68
2025-12-12T12:06:07.000,7.71
2025-12-12T12:16:21.000,6.89
2025-12-12T12:26:35.000,6.74
2025-12-12T12:36:49.000,6.26
2025-12-12T12:47:04.000,6.25
2025-12-12T12:57:18.000,6.35
2025-12-12T13:07:33.000,6.22
2025-12-12T13:17:48.000,6.04
2025-12-12T13:28:02.000,6.13
2025-12-12T13:38:16.000,6.2
2025-12-12T13:48:30.000,6.23
2025-12-13T00:40:08.000,14.05
2025-12-13T00:50:25.000,15.5
2025-12-13T01:00:39.000,15.63
2025-12-13T01:10:53.000,15.33
2025-12-13T01:21:08.000,14.17
2025-12-13T01:31:22.000,13.66
2025-12-13T01:41:36.000,13.02
2025-12-13T01:51:49.000,12.48
2025-12-13T02:02:03.000,13.02
2025-12-13T02:12:17.000,12.21
2025-12-13T02:22:34.000,11.94
2025-12-13T02:32:48.000,11.69
2025-12-13T02:43:07.000,11.51
2025-12-13T02:53:23.000,11.47
2025-12-13T03:03:37.000,11.47
2025-12-13T03:13:51.000,11.63
2025-12-13T03:29:24.000,12.74
2025-12-13T03:39:44.000,12.09
2025-12-13T03:49:56.000,11.51
2025-12-13T04:00:10.000,11.63
2025-12-13T04:10:25.000,11.45
2025-12-13T04:20:41.000,11.16
2025-12-13T04:30:55.000,11.12
2025-12-13T04:41:13.000,10.52
2025-12-13T04:51:27.000,9.87
2025-12-13T05:01:40.000,9.75
2025-12-13T05:11:54.000,9.78
2025-12-13T05:27:27.000,11.53
2025-12-13T05:37:51.000,11.34
2025-12-13T05:48:04.000,10.19
2025-12-13T05:58:19.000,9.93
2025-12-13T06:08:34.000,9.62
2025-12-13T06:18:50.000,8.88
2025-12-13T06:29:04.000,9.03
2025-12-13T06:44:38.000,9.41
2025-12-13T06:54:58.000,9.17
2025-12-13T07:05:12.000,8.32
2025-12-13T07:25:44.000,10.68
2025-12-13T07:36:07.000,10.66
2025-12-13T07:46:20.000,9.51
2025-12-13T07:56:33.000,8.76
2025-12-13T08:06:48.000,8.62
2025-12-13T08:17:02.000,9.08
2025-12-13T08:27:17.000,9.22
2025-12-13T08:37:31.000,9.95
2025-12-13T08:47:45.000,9.21
2025-12-13T08:58:00.000,9.15
2025-12-13T09:08:14.000,9.25
2025-12-13T09:18:28.000,9.0
2025-12-13T09:28:43.000,8.38
2025-12-13T09:38:58.000,9.21
2025-12-13T09:49:11.000,9.25
2025-12-13T09:59:26.000,8.5
2025-12-13T10:09:40.000,8.58
2025-12-15T00:41:19.000,14.94
2025-12-15T00:51:33.000,16.76
2025-12-15T01:01:48.000,16.75
2025-12-15T01:12:02.000,16.79
2025-12-15T01:22:16.000,16.51
2025-12-15T01:32:30.000,16.63
2025-12-15T01:42:45.000,17.31
2025-12-15T01:53:00.000,17.7
2025-12-15T02:03:14.000,17.27
2025-12-15T02:13:28.000,16.94
2025-12-15T02:23:42.000,16.08
2025-12-15T02:33:55.000,16.11
2025-12-15T02:44:09.000,16.77
2025-12-15T02:54:24.000,16.95
2025-12-15T03:04:38.000,16.64
2025-12-15T03:20:10.000,17.22
2025-12-15T03:30:31.000,17.38
2025-12-15T03:40:45.000,17.26
2025-12-15T03:50:59.000,16.88
2025-12-15T04:01:13.000,16.41
2025-12-15T04:11:29.000,16.17
2025-12-15T04:27:03.000,16.85
2025-12-15T04:37:23.000,17.71
2025-12-15T04:47:36.000,17.21
2025-12-15T04:57:50.000,17.25
2025-12-15T05:08:04.000,17.15
2025-12-15T05:18:18.000,17.0
2025-12-15T05:28:32.000,16.99
2025-12-15T05:38:46.000,17.19
2025-12-15T05:49:01.000,16.81
2025-12-15T05:59:15.000,16.38
2025-12-15T06:09:28.000,15.72
2025-12-15T06:19:42.000,15.16
2025-12-15T06:29:55.000,14.67
2025-12-15T06:40:09.000,14.64
2025-12-15T06:50:23.000,14.48
2025-12-15T07:00:37.000,13.88
2025-12-15T07:10:51.000,13.77
2025-12-15T07:21:06.000,13.55
2025-12-15T07:31:21.000,13.42
2025-12-15T07:41:36.000,14.44
2025-12-15T07:51:51.000,15.36
2025-12-15T08:02:05.000,16.4
2025-12-15T08:12:19.000,17.3
2025-12-15T08:22:34.000,17.89
2025-12-15T08:32:48.000,18.27
2025-12-15T08:43:02.000,18.53
2025-12-15T08:53:16.000,18.5
2025-12-15T09:03:32.000,18.28
2025-12-15T09:13:46.000,18.44
2025-12-15T09:24:00.000,18.43
2025-12-15T09:34:13.000,18.03
2025-12-15T09:44:27.000,17.28
2025-12-15T10:00:00.000,17.58
2025-12-15T10:10:20.000,17.95
2025-12-15T10:20:33.000,17.4
2025-12-15T10:36:05.000,17.5
2025-12-15T10:46:26.000,17.57
2025-12-15T10:56:39.000,16.73
2025-12-15T11:06:53.000,15.9
2025-12-15T11:17:07.000,15.98
2025-12-15T11:27:20.000,15.84
2025-12-15T11:37:34.000,15.35
2025-12-15T11:47:49.000,14.2
2025-12-15T11:58:04.000,13.94
2025-12-15T12:13:36.000,15.27
2025-12-15T12:29:14.000,15.98
2025-12-15T12:39:33.000,14.2
2025-12-15T12:49:46.000,13.42
2025-12-15T13:10:13.000,12.81
2025-12-15T13:20:27.000,12.51
2025-12-15T13:30:41.000,12.08
2025-12-15T13:40:55.000,12.09
2025-12-15T13:51:09.000,12.01
2025-12-16T00:45:01.000,14.83
2025-12-16T00:55:15.000,15.33
2025-12-16T01:05:29.000,15.87
2025-12-16T01:15:47.000,15.89
2025-12-16T01:26:02.000,15.89
2025-12-16T01:36:17.000,14.95
2025-12-16T01:46:32.000,13.95
2025-12-16T01:56:45.000,14.77
2025-12-16T02:07:00.000,15.1
2025-12-16T02:17:13.000,14.45
2025-12-16T02:27:27.000,13.34
2025-12-16T02:37:42.000,12.92
2025-12-16T02:47:55.000,13.21
2025-12-16T02:58:10.000,13.17
2025-12-16T03:08:24.000,12.57
2025-12-16T03:18:40.000,12.07
2025-12-16T03:28:54.000,11.58
2025-12-16T03:39:08.000,10.99
2025-12-16T03:49:22.000,10.98
2025-12-16T03:59:37.000,10.87
2025-12-16T04:09:51.000,10.78
2025-12-16T04:20:06.000,10.74
2025-12-16T04:30:20.000,10.74
2025-12-16T04:40:36.000,10.7
2025-12-16T04:50:50.000,10.2
2025-12-16T05:01:04.000,10.36
2025-12-16T05:11:18.000,10.37
2025-12-16T05:21:31.000,10.14
2025-12-16T05:31:45.000,9.98
2025-12-16T05:42:00.000,9.87
2025-12-16T05:57:33.000,10.74
2025-12-16T06:07:53.000,10.65
2025-12-16T06:18:06.000,10.22
2025-12-16T06:28:20.000,9.62
2025-12-16T06:38:35.000,9.12
2025-12-16T06:48:49.000,8.82
2025-12-16T06:59:03.000,8.91
2025-12-16T07:09:18.000,9.02
2025-12-16T07:24:52.000,9.8
2025-12-16T07:35:18.000,9.95
2025-12-16T07:45:32.000,9.44
2025-12-16T07:55:47.000,8.67
2025-12-16T08:11:06.000,9.3
2025-12-16T08:21:26.000,9.47
2025-12-16T08:31:39.000,9.07
2025-12-16T08:41:53.000,8.12
2025-12-16T08:52:07.000,7.17
2025-12-16T09:02:22.000,7.04
2025-12-16T09:12:36.000,6.58
2025-12-16T09:22:50.000,6.46
2025-12-18T00:46:26.000,11.99
2025-12-18T00:56:40.000,12.7
2025-12-18T01:06:54.000,12.56
2025-12-18T01:17:08.000,12.07
2025-12-18T01:27:22.000,11.77
2025-12-18T01:37:36.000,11.72
2025-12-18T01:47:50.000,11.37
2025-12-18T01:58:04.000,10.99
2025-12-18T02:08:18.000,11.05
2025-12-18T02:18:32.000,10.86
2025-12-18T02:28:49.000,10.76
2025-12-18T02:39:03.000,10.64
2025-12-18T02:49:17.000,10.6
2025-12-18T02:59:32.000,10.4
2025-12-18T03:09:48.000,10.31
2025-12-18T03:25:21.000,10.94
2025-12-18T03:35:41.000,10.91
2025-12-18T03:45:54.000,9.91
2025-12-18T03:56:08.000,9.99
2025-12-18T04:06:23.000,10.19
2025-12-18T04:16:39.000,10.0
2025-12-18T04:26:55.000,10.07
2025-12-18T04:37:10.000,9.97
2025-12-18T04:47:24.000,9.63
2025-12-18T04:57:38.000,9.54
2025-12-18T05:07:52.000,9.68
2025-12-18T05:18:06.000,9.7
2025-12-18T05:28:20.000,9.29
2025-12-18T05:43:53.000,9.99
2025-12-18T05:59:32.000,10.54
2025-12-18T06:09:50.000,9.97
2025-12-18T06:20:03.000,9.2
2025-12-18T06:30:17.000,9.22
2025-12-18T06:40:31.000,9.04
2025-12-18T06:50:46.000,9.08
2025-12-18T07:06:18.000,10.47
2025-12-18T07:16:41.000,10.49
2025-12-18T07:26:53.000,9.45
2025-12-18T07:37:07.000,9.36
2025-12-18T07:47:22.000,9.48
2025-12-18T07:57:36.000,9.1
2025-12-18T08:07:50.000,8.63
2025-12-18T08:18:04.000,8.29
2025-12-18T08:28:19.000,8.55
2025-12-18T08:38:33.000,8.61
2025-12-18T08:48:47.000,8.03
2025-12-18T09:04:05.000,8.39
2025-12-18T09:14:26.000,9.05
2025-12-18T09:24:40.000,8.22
2025-12-18T09:34:54.000,8.44
2025-12-18T09:45:08.000,8.45
2025-12-18T09:55:22.000,8.52
2025-12-18T10:05:36.000,8.52
2025-12-18T10:15:51.000,7.61
2025-12-18T10:26:06.000,7.69
2025-12-18T10:36:21.000,7.86
2025-12-18T10:46:37.000,7.9
2025-12-18T10:56:51.000,7.75
2025-12-18T11:07:05.000,6.77
2025-12-18T11:17:18.000,6.29
2025-12-18T11:27:32.000,6.15
2025-12-18T11:37:46.000,5.98
2025-12-18T11:48:00.000,6.32
2025-12-18T11:58:14.000,6.92
2025-12-18T12:08:29.000,6.84
2025-12-18T12:18:43.000,6.05
2025-12-18T12:28:59.000,6.24
2025-12-18T12:39:13.000,6.57
2025-12-18T12:49:27.000,6.2
2025-12-18T12:59:40.000,6.19
2025-12-18T13:09:54.000,5.69
2025-12-18T13:20:09.000,5.78
2025-12-18T13:30:23.000,5.79
2025-12-18T13:40:37.000,5.97
2025-12-18T13:50:51.000,6.02
2025-12-19T00:44:00.000,15.77
2025-12-19T00:54:15.000,16.1
2025-12-19T01:04:29.000,15.74
2025-12-19T01:14:43.000,15.39
2025-12-19T01:24:58.000,15.42
2025-12-19T01:35:12.000,15.43
2025-12-19T01:45:26.000,14.96
2025-12-19T02:05:57.000,13.75
2025-12-19T02:16:11.000,13.15
2025-12-19T02:26:25.000,12.61
2025-12-19T02:36:40.000,12.04
2025-12-19T02:46:54.000,11.9
2025-12-19T02:57:08.000,11.59
2025-12-19T03:07:25.000,11.25
2025-12-19T03:17:40.000,10.92
2025-12-19T03:27:54.000,10.8
2025-12-19T03:38:08.000,10.55
2025-12-19T03:48:22.000,10.55
2025-12-19T03:58:36.000,10.49
2025-12-19T04:08:51.000,10.16
2025-12-19T04:19:05.000,10.13
2025-12-19T04:29:19.000,9.99
2025-12-19T04:39:34.000,10.08
2025-12-19T04:49:48.000,9.84
2025-12-19T05:00:02.000,9.68
2025-12-19T05:10:16.000,9.84
2025-12-19T05:20:31.000,9.66
2025-12-19T05:30:45.000,9.46
2025-12-19T05:40:59.000,9.09
2025-12-19T05:51:13.000,8.29
2025-12-19T06:01:26.000,7.8
2025-12-19T06:11:40.000,7.7
2025-12-19T06:21:56.000,8.1
2025-12-19T06:32:10.000,7.93
2025-12-19T06:42:24.000,7.59
2025-12-19T06:52:38.000,7.49
2025-12-19T07:02:53.000,7.5
2025-12-19T07:13:07.000,7.57
2025-12-19T07:23:21.000,7.36
2025-12-19T07:33:35.000,7.35
2025-12-19T07:43:49.000,7.22
2025-12-19T07:54:03.000,6.74
2025-12-19T08:04:17.000,7.11
2025-12-19T08:14:31.000,7.35
2025-12-19T08:24:45.000,8.51
2025-12-19T08:35:00.000,8.11
2025-12-19T08:45:14.000,7.55
2025-12-19T08:55:28.000,7.28
2025-12-19T09:05:41.000,7.06
2025-12-19T09:15:56.000,6.68
2025-12-19T09:26:10.000,6.81
2025-12-19T09:36:25.000,6.93
2025-12-19T09:56:54.000,6.69
2025-12-19T10:07:08.000,6.23
2025-12-19T10:17:22.000,6.61
2025-12-19T10:27:37.000,7.24
2025-12-19T10:37:52.000,7.07
2025-12-19T10:48:06.000,6.71
2025-12-19T10:58:20.000,7.05
2025-12-19T11:08:35.000,7.23
2025-12-19T11:18:49.000,6.87
2025-12-19T11:29:03.000,6.31
2025-12-19T11:39:17.000,6.26
2025-12-19T11:49:33.000,6.64
2025-12-19T11:59:47.000,6.18
2025-12-19T12:10:01.000,5.72
2025-12-19T12:20:15.000,5.42
2025-12-19T12:30:29.000,6.18
2025-12-19T12:40:43.000,5.7
2025-12-19T12:50:58.000,5.46
2025-12-19T13:01:12.000,5.97
2025-12-19T13:11:26.000,6.11
2025-12-19T13:21:40.000,5.85
2025-12-19T13:31:55.000,5.75
2025-12-19T13:42:09.000,5.75
2025-12-19T13:52:24.000,5.61
2025-12-20T00:46:35.000,15.25
2025-12-20T00:56:49.000,15.29
2025-12-20T01:07:03.000,14.84
2025-12-20T01:17:16.000,14.43
2025-12-20T01:27:31.000,14.31
2025-12-20T01:37:45.000,14.0
2025-12-20T01:47:59.000,13.6
2025-12-20T01:58:13.000,13.57
2025-12-20T02:08:28.000,13.59
2025-12-20T02:18:44.000,13.24
2025-12-20T02:28:59.000,13.37
2025-12-20T02:39:13.000,13.26
2025-12-20T02:49:27.000,13.18
2025-12-20T02:59:41.000,12.6
2025-12-20T03:09:55.000,13.04
2025-12-20T03:20:09.000,13.17
2025-12-20T03:30:23.000,12.26
2025-12-20T03:50:52.000,11.9
2025-12-20T04:01:06.000,12.12
2025-12-20T04:11:21.000,12.09
2025-12-20T04:21:35.000,11.93
2025-12-20T04:31:49.000,11.55
2025-12-20T04:42:03.000,11.28
2025-12-20T04:52:18.000,11.25
2025-12-20T05:02:32.000,10.84
2025-12-20T05:12:46.000,10.35
2025-12-20T05:23:00.000,10.11
2025-12-20T05:33:14.000,10.43
2025-12-20T05:43:30.000,10.46
2025-12-20T05:53:44.000,10.02
2025-12-20T06:03:59.000,10.01
2025-12-20T06:14:14.000,9.95
2025-12-20T06:24:28.000,10.11
2025-12-20T06:34:43.000,9.73
2025-12-20T06:44:57.000,9.52
2025-12-20T06:55:11.000,10.03
2025-12-20T07:05:27.000,10.11
2025-12-20T07:15:41.000,10.59
2025-12-20T07:25:56.000,11.6
2025-12-20T07:36:11.000,12.48
2025-12-20T07:46:24.000,12.62
2025-12-20T07:56:39.000,12.48
2025-12-20T08:06:53.000,12.7
2025-12-20T08:17:07.000,12.57
2025-12-20T08:27:21.000,11.86
2025-12-20T08:37:35.000,10.81
2025-12-20T08:47:49.000,10.11
2025-12-20T08:58:03.000,10.37
2025-12-20T09:08:18.000,10.92
2025-12-20T09:18:32.000,10.48
2025-12-20T09:28:49.000,10.77
2025-12-20T09:39:03.000,10.75
2025-12-20T09:49:20.000,10.93
2025-12-20T09:59:34.000,11.16
2025-12-20T10:09:49.000,10.87
2025-12-20T10:20:03.000,10.97
2025-12-20T10:30:17.000,11.23
2025-12-20T10:40:31.000,11.42
2025-12-20T10:50:46.000,11.3
2025-12-20T11:01:00.000,12.75
2025-12-20T11:11:15.000,12.59
2025-12-20T11:21:30.000,12.6
2025-12-20T11:31:44.000,12.14
2025-12-20T11:41:58.000,12.58
2025-12-20T11:52:12.000,12.56
2025-12-20T12:02:27.000,11.39
2025-12-20T12:12:41.000,11.68
2025-12-20T12:22:55.000,11.95
2025-12-20T12:33:09.000,11.31
2025-12-20T12:43:24.000,12.02
2025-12-20T12:53:39.000,11.84
2025-12-20T13:03:54.000,11.2
2025-12-20T13:14:08.000,11.74
2025-12-20T13:24:22.000,12.29
2025-12-20T13:34:37.000,12.71
2025-12-20T13:44:54.000,12.11
2025-12-20T13:55:08.000,11.71
2025-12-21T00:47:14.000,13.62
2025-12-21T00:57:31.000,14.39
2025-12-21T01:18:03.000,14.16
2025-12-21T01:28:17.000,13.83
2025-12-21T01:38:31.000,13.66
2025-12-21T01:48:45.000,13.88
2025-12-21T01:59:00.000,13.83
2025-12-21T02:09:14.000,13.81
2025-12-21T02:19:29.000,13.79
2025-12-21T02:29:46.000,13.78
2025-12-21T02:40:00.000,13.69
2025-12-21T02:50:14.000,13.47
2025-12-21T03:00:28.000,13.55
2025-12-21T03:10:42.000,12.71
2025-12-21T03:20:56.000,12.11
2025-12-21T03:31:11.000,11.42
2025-12-21T03:41:25.000,10.88
2025-12-21T03:51:39.000,10.83
2025-12-21T04:01:53.000,10.3
2025-12-21T04:12:07.000,10.13
2025-12-21T04:22:21.000,10.2
2025-12-21T04:32:36.000,10.44
2025-12-21T04:42:52.000,9.9
2025-12-21T04:53:06.000,9.71
2025-12-21T05:03:20.000,9.71
2025-12-21T05:13:35.000,9.37
2025-12-21T05:23:49.000,9.39
2025-12-21T05:34:03.000,8.97
2025-12-21T05:44:18.000,8.96
2025-12-21T05:54:32.000,8.84
2025-12-21T06:04:46.000,8.99
2025-12-21T06:15:00.000,8.89
2025-12-21T06:25:14.000,8.91
2025-12-21T06:35:28.000,8.83
2025-12-21T06:45:42.000,9.63
2025-12-21T06:55:57.000,9.26
2025-12-21T07:06:10.000,9.55
2025-12-21T07:16:25.000,9.83
2025-12-21T07:26:39.000,10.07
2025-12-21T07:36:53.000,10.51
2025-12-21T07:47:08.000,10.97
2025-12-21T07:57:23.000,11.34
2025-12-21T08:07:38.000,10.6
2025-12-21T08:17:52.000,10.31
2025-12-21T08:28:06.000,10.87
2025-12-21T08:38:21.000,10.89
2025-12-21T08:48:34.000,11.02
2025-12-21T08:58:49.000,10.14
2025-12-21T09:09:02.000,9.68
2025-12-21T09:19:17.000,10.71
2025-12-21T09:29:31.000,10.33
2025-12-21T09:39:45.000,11.67
2025-12-21T09:50:00.000,11.68
2025-12-21T10:00:14.000,11.67
2025-12-21T10:10:28.000,11.14
2025-12-21T10:20:43.000,11.11
2025-12-21T10:30:57.000,10.66
2025-12-21T10:41:11.000,11.26
2025-12-21T10:51:27.000,10.54
2025-12-21T11:01:41.000,9.67
2025-12-21T11:11:56.000,9.88
2025-12-21T11:22:10.000,9.19
2025-12-21T11:32:24.000,9.95
2025-12-21T11:42:39.000,10.35
2025-12-21T11:52:53.000,9.87
2025-12-21T12:03:07.000,9.92
2025-12-21T12:13:22.000,10.03
2025-12-21T12:23:40.000,10.08
2025-12-21T12:33:54.000,9.42
2025-12-21T12:44:08.000,9.41
2025-12-21T12:54:22.000,8.74
2025-12-21T13:04:36.000,8.72
2025-12-21T13:14:51.000,10.33
2025-12-21T13:25:07.000,9.95
2025-12-21T13:35:21.000,9.63
2025-12-21T13:45:35.000,9.43
2025-12-21T13:55:49.000,10.14
2025-12-22T00:47:49.000,13.28
2025-12-22T00:58:06.000,13.94
2025-12-22T01:08:20.000,14.15
2025-12-22T01:18:35.000,13.95
2025-12-22T01:28:48.000,13.78
2025-12-22T01:39:03.000,13.62
2025-12-22T01:49:17.000,13.42
2025-12-22T01:59:31.000,13.34
2025-12-22T02:09:44.000,13.25
2025-12-22T02:19:59.000,13.03
2025-12-22T02:30:13.000,12.93
2025-12-22T02:40:27.000,12.9
2025-12-22T02:50:42.000,12.93
2025-12-22T03:00:56.000,12.78
2025-12-22T03:11:11.000,12.76
2025-12-22T03:21:26.000,12.59
2025-12-22T03:31:40.000,12.46
2025-12-22T03:41:54.000,12.53
2025-12-22T03:52:08.000,12.39
2025-12-22T04:02:23.000,12.07
2025-12-22T04:12:38.000,11.92
2025-12-22T04:22:52.000,11.66
2025-12-22T04:33:07.000,11.63
2025-12-22T04:43:21.000,11.76
2025-12-22T04:53:35.000,11.51
2025-12-22T05:03:50.000,11.16
2025-12-22T05:14:05.000,11.02
2025-12-22T05:24:20.000,10.97
2025-12-22T05:34:34.000,10.68
2025-12-22T05:44:48.000,10.71
2025-12-22T05:55:02.000,10.54
2025-12-22T06:05:16.000,10.32
2025-12-22T06:15:32.000,10.01
2025-12-22T06:25:46.000,9.85
2025-12-22T06:36:01.000,9.6
2025-12-22T06:46:15.000,9.22
2025-12-22T06:56:29.000,8.66
2025-12-22T07:06:42.000,8.21
2025-12-22T07:16:56.000,8.65
2025-12-22T07:27:11.000,8.65
2025-12-22T07:37:25.000,8.84
2025-12-22T07:47:39.000,8.85
2025-12-22T07:57:54.000,8.68
2025-12-22T08:08:08.000,8.73
2025-12-22T08:18:22.000,8.56
2025-12-22T08:38:50.000,8.76
2025-12-22T08:49:05.000,8.79
2025-12-22T08:59:19.000,8.65
2025-12-22T09:09:34.000,8.55
2025-12-22T09:19:48.000,7.95
2025-12-22T09:30:02.000,7.97
2025-12-22T09:40:16.000,8.23
2025-12-22T09:50:30.000,8.41
2025-12-22T10:00:44.000,7.91
2025-12-22T10:10:58.000,7.71
2025-12-22T10:21:12.000,7.82
2025-12-22T10:31:26.000,7.37
2025-12-22T10:41:42.000,7.02
2025-12-22T10:51:56.000,6.91
2025-12-22T11:02:09.000,7.57
2025-12-22T11:12:23.000,7.8
2025-12-22T11:22:39.000,7.76
2025-12-22T11:32:53.000,7.26
2025-12-22T11:43:07.000,6.8
2025-12-22T11:53:22.000,6.52
2025-12-22T12:03:36.000,6.66
2025-12-22T12:13:50.000,7.03
2025-12-22T12:24:04.000,7.1
2025-12-22T12:34:18.000,7.05
2025-12-22T12:44:33.000,6.68
2025-12-22T12:54:48.000,7.05
2025-12-22T13:05:04.000,7.19
2025-12-22T13:15:18.000,7.38
2025-12-22T13:25:33.000,7.47
2025-12-22T13:35:46.000,7.46
2025-12-22T13:46:00.000,7.24
2025-12-22T13:56:15.000,7.33
2025-12-23T00:43:33.000,13.08
2025-12-23T00:53:47.000,13.71
2025-12-23T01:04:01.000,13.97
2025-12-23T01:14:15.000,14.31
2025-12-23T01:24:30.000,14.64
2025-12-23T01:34:44.000,15.48
2025-12-23T01:44:59.000,15.62
2025-12-23T01:55:12.000,14.5
2025-12-23T02:05:28.000,15.15
2025-12-23T02:15:41.000,14.5
2025-12-23T02:36:09.000,13.27
2025-12-23T02:46:22.000,12.94
2025-12-23T02:56:37.000,13.13
2025-12-23T03:06:51.000,13.45
2025-12-23T03:17:08.000,13.1
2025-12-23T03:27:21.000,12.67
2025-12-23T03:37:35.000,12.33
2025-12-23T03:47:49.000,11.64
2025-12-23T03:58:03.000,11.69
2025-12-23T04:08:18.000,11.23
2025-12-23T04:18:32.000,11.19
2025-12-23T04:28:47.000,11.29
2025-12-23T04:39:05.000,11.46
2025-12-23T04:49:19.000,11.35
2025-12-23T04:59:33.000,11.82
2025-12-23T05:09:48.000,12.41
2025-12-23T05:20:02.000,13.48
2025-12-23T05:30:17.000,14.1
2025-12-23T05:40:32.000,15.04
2025-12-23T05:50:47.000,15.03
2025-12-23T06:01:02.000,15.74
2025-12-23T06:11:16.000,15.58
2025-12-23T06:21:30.000,16.17
2025-12-23T06:31:44.000,16.24
2025-12-23T06:41:58.000,16.05
2025-12-23T06:52:12.000,15.96
2025-12-23T07:02:28.000,15.58
2025-12-23T07:12:42.000,15.74
2025-12-23T07:22:56.000,16.16
2025-12-23T07:33:10.000,15.76
2025-12-23T07:43:23.000,15.56
2025-12-23T07:53:38.000,16.36
2025-12-23T08:03:52.000,16.38
2025-12-23T08:14:07.000,16.15
2025-12-23T08:24:21.000,15.02
2025-12-23T08:34:35.000,14.1
2025-12-23T08:44:49.000,14.32
2025-12-23T08:55:04.000,14.69
2025-12-23T09:05:18.000,14.7
2025-12-23T09:15:32.000,14.7
2025-12-23T09:25:46.000,14.19
2025-12-23T09:36:00.000,14.07
2025-12-23T09:46:13.000,13.67
2025-12-23T09:56:27.000,13.91
2025-12-23T10:06:42.000,13.89
2025-12-23T10:16:56.000,14.21
2025-12-23T10:27:10.000,14.37
2025-12-23T10:37:25.000,14.87
2025-12-23T10:47:39.000,14.82
2025-12-23T10:57:53.000,15.47
2025-12-23T11:08:07.000,15.76
2025-12-23T11:18:22.000,15.86
2025-12-23T11:28:36.000,15.64
2025-12-23T11:38:49.000,15.66
2025-12-23T11:49:04.000,15.58
2025-12-23T11:59:18.000,15.78
2025-12-23T12:09:32.000,15.76
2025-12-23T12:19:46.000,16.04
2025-12-23T12:30:00.000,16.65
2025-12-23T12:40:15.000,16.66
2025-12-23T12:50:29.000,16.48
2025-12-23T13:00:43.000,16.5
2025-12-23T13:21:12.000,17.1
2025-12-23T13:31:26.000,16.84
2025-12-23T13:41:39.000,16.32
2025-12-23T13:51:53.000,16.86
2025-12-24T00:48:41.000,17.38
2025-12-24T00:59:02.000,18.85
2025-12-24T01:09:16.000,18.15
2025-12-24T01:19:29.000,17.61
2025-12-24T01:29:43.000,17.51
2025-12-24T01:39:58.000,16.88
2025-12-24T01:50:12.000,16.9
2025-12-24T02:00:26.000,16.19
2025-12-24T02:10:40.000,15.76
2025-12-24T02:20:58.000,15.53
2025-12-24T02:31:12.000,15.35
2025-12-24T02:41:27.000,14.8
2025-12-24T02:51:41.000,15.0
2025-12-24T03:01:55.000,15.12
2025-12-24T03:12:09.000,15.43
2025-12-24T03:22:23.000,16.29
2025-12-24T03:32:38.000,16.25
2025-12-24T03:42:52.000,16.34
2025-12-24T03:53:07.000,16.47
2025-12-24T04:03:25.000,16.79
2025-12-24T04:13:43.000,17.29
2025-12-24T04:24:01.000,17.68
2025-12-24T04:34:15.000,17.83
2025-12-24T04:44:28.000,17.81
2025-12-24T04:54:45.000,17.49
2025-12-24T05:04:59.000,16.99
2025-12-24T05:15:13.000,16.33
2025-12-24T05:25:27.000,15.72
2025-12-24T05:35:41.000,15.77
2025-12-24T05:45:56.000,16.14
2025-12-24T05:56:13.000,16.28
2025-12-24T06:06:28.000,16.15
2025-12-24T06:16:43.000,15.87
2025-12-24T06:26:57.000,16.28
2025-12-24T06:37:11.000,16.12
2025-12-24T06:47:27.000,16.24
2025-12-24T06:57:42.000,16.49
2025-12-24T07:07:56.000,16.66
2025-12-24T07:18:10.000,16.75
2025-12-24T07:28:25.000,16.76
2025-12-24T07:38:39.000,16.39
2025-12-24T07:48:56.000,16.5
2025-12-24T07:59:10.000,15.49
2025-12-24T08:14:42.000,15.14
2025-12-24T08:25:03.000,14.93
2025-12-24T08:35:16.000,15.0
2025-12-24T08:45:31.000,14.49
2025-12-24T08:55:44.000,13.77
2025-12-24T09:05:58.000,11.91
2025-12-24T09:16:12.000,10.9
2025-12-27T00:41:00.000,17.42
2025-12-27T00:56:32.000,19.05
2025-12-27T01:06:52.000,18.86
2025-12-27T01:17:05.000,17.8
2025-12-27T01:27:19.000,17.65
2025-12-27T01:42:51.000,17.11
2025-12-27T01:53:13.000,15.84
2025-12-27T02:03:27.000,15.2
2025-12-27T02:13:40.000,14.84
2025-12-27T02:23:55.000,14.51
2025-12-27T02:34:11.000,14.03
2025-12-27T02:44:27.000,13.56
2025-12-27T02:54:46.000,13.56
2025-12-27T03:05:03.000,13.23
2025-12-27T03:15:20.000,13.7
2025-12-27T03:35:56.000,13.79
2025-12-27T03:51:28.000,14.72
2025-12-27T04:01:52.000,15.22
2025-12-27T04:12:10.000,14.85
2025-12-27T04:22:26.000,14.71
2025-12-27T04:32:40.000,14.59
2025-12-27T04:42:57.000,14.35
2025-12-27T04:53:11.000,14.2
2025-12-27T05:03:25.000,14.79
2025-12-27T05:13:39.000,14.96
2025-12-27T05:29:11.000,15.52
2025-12-27T05:39:31.000,15.6
2025-12-27T05:49:44.000,15.05
2025-12-27T06:00:00.000,15.03
2025-12-27T06:10:15.000,15.19
2025-12-27T06:20:29.000,15.19
2025-12-27T06:36:01.000,16.12
2025-12-27T06:46:24.000,15.99
2025-12-27T06:56:38.000,15.07
2025-12-27T07:06:51.000,14.81
2025-12-27T07:17:06.000,14.63
2025-12-27T07:27:19.000,14.64
2025-12-27T07:37:34.000,14.16
2025-12-27T07:47:53.000,14.06
2025-12-27T07:58:07.000,14.39
2025-12-27T08:08:22.000,14.19
2025-12-27T08:18:41.000,13.99
2025-12-27T08:28:59.000,13.69
2025-12-27T08:39:16.000,14.64
2025-12-27T08:49:32.000,14.95
2025-12-27T08:59:47.000,15.06
2025-12-27T09:10:01.000,14.92
2025-12-27T09:20:18.000,14.12
2025-12-29T00:47:39.000,9.51
2025-12-29T00:57:53.000,9.27
2025-12-29T01:08:06.000,8.98
2025-12-29T01:18:20.000,7.91
2025-12-29T01:28:33.000,9.22
2025-12-29T01:38:48.000,8.9
2025-12-29T01:49:02.000,8.26
2025-12-29T01:59:16.000,7.9
2025-12-29T02:09:33.000,8.11
2025-12-29T02:19:47.000,8.28
2025-12-29T02:30:01.000,7.51
2025-12-29T02:40:14.000,7.2
2025-12-29T02:50:28.000,6.72
2025-12-29T03:00:46.000,6.62
2025-12-29T03:11:02.000,6.42
2025-12-29T03:21:17.000,6.31
2025-12-29T03:31:35.000,5.97
2025-12-29T03:41:49.000,5.61
2025-12-29T03:52:04.000,5.76
2025-12-29T04:02:18.000,5.69
2025-12-29T04:17:59.000,6.56
2025-12-29T04:28:27.000,6.28
2025-12-29T04:38:39.000,5.55
2025-12-29T04:48:53.000,5.23
2025-12-29T05:19:31.000,7.22
2025-12-29T05:29:54.000,7.66
2025-12-29T05:40:09.000,7.01
2025-12-29T05:50:24.000,6.45
2025-12-29T06:00:38.000,5.8
2025-12-29T06:10:51.000,5.3
2025-12-29T06:21:08.000,4.99
2025-12-29T06:31:23.000,4.92
2025-12-29T06:41:40.000,4.75
2025-12-29T06:51:55.000,4.53
2025-12-29T07:02:12.000,4.61
2025-12-29T07:12:37.000,4.45
2025-12-29T07:22:53.000,4.3
2025-12-29T07:33:08.000,4.28
2025-12-29T07:43:22.000,4.22
2025-12-29T07:53:37.000,3.91
2025-12-29T08:03:51.000,4.09
2025-12-29T08:14:06.000,4.26
2025-12-29T08:24:20.000,3.91
2025-12-29T08:34:34.000,4.19
2025-12-29T08:44:47.000,3.84
2025-12-29T08:55:01.000,3.6
2025-12-29T09:05:15.000,3.39
2025-12-29T09:15:29.000,3.53
2025-12-29T09:36:02.000,5.82
2025-12-29T09:46:25.000,5.81
2025-12-29T09:56:38.000,4.63
2025-12-29T10:06:53.000,4.18
2025-12-29T10:17:07.000,4.16
2025-12-29T10:27:21.000,3.4
2025-12-29T10:37:34.000,3.08
2025-12-29T10:47:48.000,2.94
2025-12-29T10:58:03.000,3.49
2025-12-29T11:08:18.000,3.63
2025-12-29T11:18:33.000,3.71
2025-12-29T11:28:47.000,3.3
2025-12-29T11:39:00.000,3.03
2025-12-29T11:49:14.000,2.82
2025-12-29T11:59:29.000,3.17
2025-12-29T12:09:44.000,3.24
2025-12-29T12:20:02.000,3.17
2025-12-31T00:47:31.000,12.1
2025-12-31T00:57:46.000,12.83
2025-12-31T01:18:15.000,13.2
2025-12-31T01:28:30.000,12.55
2025-12-31T01:38:44.000,12.45
2025-12-31T01:48:59.000,12.45
2025-12-31T01:59:13.000,12.39
2025-12-31T02:09:27.000,12.53
2025-12-31T02:19:45.000,12.49
2025-12-31T02:29:59.000,12.74
2025-12-31T02:40:13.000,12.86
2025-12-31T02:55:45.000,12.83
2025-12-31T03:11:23.000,13.38
2025-12-31T03:21:45.000,13.88
2025-12-31T03:37:21.000,16.14
2025-12-31T03:47:46.000,17.08
2025-12-31T03:58:00.000,16.7
2025-12-31T04:08:18.000,16.69
2025-12-31T04:18:36.000,16.66
2025-12-31T04:34:09.000,17.39
2025-12-31T04:49:47.000,17.27
2025-12-31T05:00:12.000,16.78
2025-12-31T05:10:25.000,16.44
2025-12-31T05:20:39.000,16.45
2025-12-31T05:30:55.000,16.43
2025-12-31T05:41:10.000,16.59
2025-12-31T05:51:25.000,16.53
2025-12-31T06:01:40.000,16.52
2025-12-31T06:11:56.000,16.48
2025-12-31T06:22:12.000,16.3
2025-12-31T06:32:26.000,16.07
2025-12-31T06:42:39.000,15.79
2025-12-31T06:52:54.000,15.56
2025-12-31T07:03:08.000,15.75
2025-12-31T07:13:22.000,15.5
2025-12-31T07:23:37.000,14.62
2025-12-31T07:33:51.000,13.64
2025-12-31T07:44:04.000,13.43
2025-12-31T07:54:18.000,13.6
2025-12-31T08:04:32.000,13.64
2025-12-31T08:14:46.000,13.26
2025-12-31T08:30:03.000,15.02
2025-12-31T08:40:25.000,14.52
2025-12-31T08:50:41.000,13.99
2025-12-31T09:00:55.000,12.8
2025-12-31T09:11:09.000,13.2
2025-12-31T09:21:25.000,13.61
2025-12-31T09:31:40.000,12.9
2025-12-31T09:41:54.000,12.45
2025-12-31T09:52:07.000,11.84
2025-12-31T10:02:23.000,11.38
2025-12-31T10:17:55.000,11.85
2025-12-31T10:28:17.000,12.96
2025-12-31T10:38:31.000,12.89
2025-12-31T10:48:45.000,12.95
2025-12-31T10:59:02.000,12.4
2025-12-31T11:09:15.000,11.78
2025-12-31T11:19:30.000,11.73
2025-12-31T11:34:50.000,13.78
2025-12-31T11:45:12.000,15.37
2025-12-31T11:55:26.000,15.48
2025-12-31T12:05:43.000,15.38
2025-12-31T12:26:12.000,13.26
2025-12-31T12:36:26.000,13.19
2025-12-31T12:46:40.000,13.12
2025-12-31T12:56:53.000,13.13
2025-12-31T13:07:07.000,13.22
2026-05-01T02:21:03.000,14.89
2026-05-01T02:36:42.000,15.39
2026-05-01T02:47:01.000,14.48
2026-05-01T02:57:14.000,11.7
2026-05-01T03:17:49.000,12.17
2026-05-01T03:28:10.000,11.6
2026-05-01T03:38:22.000,10.9
2026-05-01T03:58:55.000,12.25
2026-05-01T04:40:22.000,13.2
2026-05-01T05:01:07.000,12.55
2026-05-01T06:18:39.000,12.34
2026-05-01T07:00:10.000,11.8
2026-05-01T07:10:38.000,10.59
2026-05-01T08:06:40.000,13.53
2026-05-01T08:17:09.000,12.37
2026-05-01T08:27:30.000,12.0
2026-05-01T08:37:43.000,12.17
2026-05-01T09:03:35.000,12.46
2026-05-01T09:13:55.000,12.7
2026-05-01T09:24:10.000,12.51
2026-05-01T09:34:24.000,12.44
2026-05-01T09:49:57.000,13.15
2026-05-01T10:00:17.000,12.8
2026-05-01T10:10:31.000,12.03
2026-05-01T10:20:44.000,11.09
2026-05-01T10:30:59.000,9.98
2026-05-01T10:41:14.000,9.16
2026-05-01T10:51:29.000,9.66
2026-05-01T11:01:43.000,9.52
2026-05-01T11:11:57.000,9.08
2026-05-01T11:22:10.000,8.3
2026-05-01T11:32:24.000,7.84
2026-05-01T11:42:41.000,7.75
2026-05-01T11:52:55.000,7.33
2026-05-01T12:08:28.000,7.9
2026-05-01T12:18:49.000,7.9
2026-05-02T02:24:07.000,17.62
2026-05-02T02:34:23.000,20.07
2026-05-02T02:44:39.000,19.63
2026-05-02T02:54:55.000,20.1
2026-05-02T03:05:09.000,19.99
2026-05-02T03:15:25.000,19.64
2026-05-02T03:25:40.000,19.36
2026-05-02T03:35:58.000,18.82
2026-05-02T03:46:17.000,18.27
2026-05-02T03:56:34.000,17.57
2026-05-02T04:06:48.000,17.47
2026-05-02T04:17:03.000,17.27
2026-05-02T04:27:21.000,16.85
2026-05-02T04:37:36.000,16.91
2026-05-02T04:47:51.000,16.59
2026-05-02T04:58:08.000,16.44
2026-05-02T05:08:23.000,15.43
2026-05-02T05:18:37.000,14.43
2026-05-02T05:28:52.000,16.11
2026-05-02T05:39:10.000,17.12
2026-05-02T05:49:25.000,16.72
2026-05-02T05:59:40.000,15.64
2026-05-02T06:09:54.000,14.57
2026-05-02T06:20:09.000,13.79
2026-05-02T06:30:23.000,13.69
2026-05-02T06:40:38.000,13.45
2026-05-02T06:50:52.000,13.46
2026-05-02T07:01:06.000,13.38
2026-05-02T07:11:20.000,12.92
2026-05-02T07:21:34.000,12.91
2026-05-02T07:31:49.000,12.39
2026-05-02T07:42:02.000,12.04
2026-05-02T07:52:16.000,12.37
2026-05-02T08:02:32.000,12.72
2026-05-02T08:12:46.000,12.74
2026-05-02T08:22:59.000,12.33
2026-05-02T08:33:14.000,12.28
2026-05-02T08:43:29.000,12.15
2026-05-02T08:53:43.000,11.78
2026-05-02T09:09:16.000,11.99
2026-05-02T09:19:39.000,12.47
2026-05-02T09:34:56.000,11.9
2026-05-02T09:45:15.000,11.89
2026-05-02T09:55:29.000,11.28
2026-05-02T10:11:02.000,11.42
2026-05-02T10:21:22.000,11.71
2026-05-02T10:31:35.000,10.78
2026-05-02T10:41:49.000,10.1
2026-05-02T10:52:03.000,9.84
2026-05-02T11:02:17.000,10.09
2026-05-02T11:12:31.000,10.26
2026-05-02T11:22:45.000,9.75
2026-05-02T11:33:00.000,9.95
2026-05-02T11:43:15.000,10.19
2026-05-02T11:53:29.000,10.1
2026-05-02T12:03:44.000,10.34
2026-05-02T12:13:58.000,10.35
2026-05-03T02:21:38.000,16.92
2026-05-03T02:31:52.000,17.31
2026-05-03T02:42:06.000,17.6
2026-05-03T02:52:22.000,19.35
2026-05-03T03:02:36.000,18.94
2026-05-03T03:12:50.000,18.76
2026-05-03T03:23:04.000,18.46
2026-05-03T03:33:19.000,17.98
2026-05-03T03:43:34.000,18.96
2026-05-03T03:58:52.000,20.3
2026-05-03T04:09:12.000,19.78
2026-05-03T04:19:29.000,18.59
2026-05-03T04:29:43.000,18.4
2026-05-03T04:50:18.000,20.37
2026-05-03T05:00:41.000,19.71
2026-05-03T05:10:57.000,17.91
2026-05-03T05:21:13.000,17.31
2026-05-03T05:41:45.000,19.04
2026-05-03T05:52:08.000,18.73
2026-05-03T06:02:21.000,17.22
2026-05-03T06:12:43.000,16.72
2026-05-03T06:22:59.000,16.29
2026-05-03T06:33:19.000,16.68
2026-05-03T06:43:34.000,16.92
2026-05-03T06:53:48.000,16.81
2026-05-03T07:04:03.000,17.61
2026-05-03T07:14:22.000,17.73
2026-05-03T07:24:36.000,17.47
2026-05-03T07:34:50.000,16.74
2026-05-03T07:55:20.000,16.65
2026-05-03T08:05:38.000,16.55
2026-05-03T08:15:56.000,16.22
2026-05-03T08:26:11.000,15.69
2026-05-03T08:41:44.000,16.41
2026-05-03T08:52:05.000,17.02
2026-05-03T09:02:18.000,16.15
2026-05-03T09:12:34.000,16.37
2026-05-03T09:22:48.000,16.29
2026-05-03T09:33:04.000,16.07
2026-05-03T09:43:21.000,15.46
2026-05-03T09:53:35.000,15.42
2026-05-03T10:03:49.000,15.42
2026-05-03T10:14:05.000,15.61
2026-05-03T10:24:19.000,15.64
2026-05-03T10:34:33.000,16.47
2026-05-03T10:44:47.000,17.05
2026-05-03T10:55:03.000,17.09
2026-05-03T11:05:17.000,17.17
2026-05-03T11:15:32.000,17.57
2026-05-03T11:25:47.000,17.84
2026-05-03T11:36:01.000,17.81
2026-05-03T11:46:16.000,17.65
2026-05-03T11:56:31.000,17.81
2026-05-03T12:06:46.000,17.72
2026-05-03T12:17:00.000,17.93
2026-05-04T02:22:24.000,18.61
2026-05-04T02:42:56.000,19.75
2026-05-04T02:53:13.000,19.74
2026-05-04T03:08:33.000,20.72
2026-05-04T03:18:53.000,20.41
2026-05-04T03:34:29.000,20.66
2026-05-04T03:50:08.000,21.11
2026-05-04T04:00:27.000,20.13
2026-05-04T04:15:59.000,20.31
2026-05-04T04:26:19.000,20.15
2026-05-04T04:36:33.000,19.67
2026-05-04T04:46:49.000,19.18
2026-05-04T04:57:06.000,19.35
2026-05-04T05:07:20.000,19.34
2026-05-04T05:17:36.000,19.3
2026-05-04T05:27:50.000,19.44
2026-05-04T05:38:05.000,19.43
2026-05-04T05:48:20.000,19.71
2026-05-04T05:58:34.000,19.69
2026-05-04T06:08:49.000,19.86
2026-05-04T06:19:04.000,19.69
2026-05-04T06:34:37.000,20.07
2026-05-04T06:44:56.000,19.61
2026-05-04T07:00:30.000,19.2
2026-05-04T07:21:05.000,17.53
2026-05-04T07:31:21.000,16.7
2026-05-04T07:41:46.000,16.74
2026-05-04T07:52:02.000,17.11
2026-05-04T08:02:21.000,16.95
2026-05-04T08:12:35.000,16.67
2026-05-04T08:22:50.000,17.01
2026-05-04T08:33:05.000,17.0
2026-05-04T08:43:19.000,18.03
2026-05-04T08:53:37.000,18.16
2026-05-04T09:14:09.000,19.62
2026-05-04T09:24:34.000,18.91
2026-05-04T09:34:50.000,18.18
2026-05-04T09:45:05.000,18.1
2026-05-04T09:55:20.000,17.74
2026-05-04T10:05:35.000,17.53
2026-05-04T10:15:49.000,17.38
2026-05-04T10:26:04.000,17.09
2026-05-04T10:36:18.000,16.97
2026-05-04T10:46:32.000,16.68
2026-05-04T10:56:52.000,16.87
2026-05-04T11:07:06.000,16.89
2026-05-04T11:17:21.000,16.92
2026-05-04T11:27:35.000,16.68
2026-05-04T11:37:58.000,16.28
2026-05-04T11:48:13.000,16.35
2026-05-04T11:58:29.000,16.23
2026-05-04T12:08:43.000,16.24
2026-05-04T12:18:57.000,16.2
2026-05-05T03:46:38.000,20.95
2026-05-05T04:38:40.000,18.82
2026-05-05T05:04:42.000,18.23
2026-05-05T05:20:25.000,18.3
2026-05-05T05:41:05.000,18.81
2026-05-05T05:51:33.000,17.41
2026-05-05T06:33:06.000,14.5
2026-05-05T06:48:36.000,14.19
2026-05-05T07:09:48.000,13.32
2026-05-05T07:25:19.000,13.83
2026-05-05T07:35:44.000,13.05
2026-05-05T07:45:59.000,12.35
2026-05-05T07:56:15.000,11.93
2026-05-05T08:06:30.000,11.79
2026-05-05T08:16:45.000,11.64
2026-05-05T08:26:58.000,11.35
2026-05-05T08:37:12.000,11.54
2026-05-05T08:47:26.000,11.81
2026-05-05T08:57:56.000,11.85
2026-05-05T09:08:12.000,11.87
2026-05-05T09:18:26.000,11.71
2026-05-05T10:40:41.000,13.53
2026-05-05T10:51:00.000,12.33
2026-05-05T11:01:12.000,11.82
2026-05-05T11:11:25.000,11.65
2026-05-05T11:21:39.000,11.57
2026-05-05T11:31:53.000,11.49
2026-05-05T11:42:08.000,11.02
2026-05-05T11:52:21.000,10.83
2026-05-05T12:02:36.000,10.81
2026-05-05T12:12:50.000,10.7
2026-05-06T02:43:31.000,13.71
2026-05-06T02:53:50.000,12.87
2026-05-06T03:09:08.000,13.26
2026-05-06T03:19:30.000,13.48
2026-05-06T03:29:44.000,12.86
2026-05-06T03:39:59.000,12.78
2026-05-06T03:50:16.000,12.35
2026-05-06T04:00:31.000,11.71
2026-05-06T04:10:46.000,11.61
2026-05-06T04:21:01.000,10.71
2026-05-06T04:31:16.000,10.58
2026-05-06T04:41:33.000,10.5
2026-05-06T04:51:50.000,9.52
2026-05-06T05:02:08.000,8.87
2026-05-06T05:12:22.000,8.88
2026-05-06T05:22:38.000,8.62
2026-05-06T05:32:58.000,8.8
2026-05-06T05:43:13.000,8.16
2026-05-06T05:53:28.000,7.75
2026-05-06T06:03:42.000,7.75
2026-05-06T06:13:56.000,7.49
2026-05-06T06:24:11.000,7.62
2026-05-06T06:34:25.000,7.54
2026-05-06T07:00:06.000,7.29
2026-05-06T07:20:41.000,7.61
2026-05-06T07:31:05.000,7.71
2026-05-06T07:41:19.000,6.3
2026-05-06T07:51:32.000,5.4
2026-05-06T08:01:46.000,5.01
2026-05-06T08:17:23.000,6.12
2026-05-06T08:27:45.000,6.41
2026-05-06T08:38:00.000,5.56
2026-05-06T08:48:16.000,5.21
2026-05-06T08:58:32.000,4.97
2026-05-06T09:08:45.000,4.11
2026-05-06T09:18:59.000,4.09
2026-05-06T09:29:14.000,4.83
2026-05-06T09:39:29.000,5.05
2026-05-06T09:49:43.000,5.34
2026-05-06T09:59:57.000,4.92
2026-05-06T10:10:11.000,3.93
2026-05-06T10:20:25.000,3.67
2026-05-06T10:35:43.000,4.52
2026-05-06T10:46:06.000,4.77
2026-05-06T10:56:19.000,3.83
2026-05-06T11:06:33.000,3.32
2026-05-06T11:16:49.000,3.62
2026-05-06T11:27:03.000,3.72
2026-05-06T11:37:17.000,3.24
2026-05-06T11:47:32.000,3.51
2026-05-06T11:57:46.000,3.24
2026-05-06T12:08:00.000,3.07
2026-05-07T02:28:10.000,17.39
2026-05-07T02:43:27.000,18.65
2026-05-07T02:53:53.000,18.45
2026-05-07T03:09:33.000,18.24
2026-05-07T03:19:55.000,17.2
2026-05-07T03:30:08.000,16.18
2026-05-07T03:40:27.000,16.07
2026-05-07T03:56:01.000,16.03
2026-05-07T04:06:25.000,15.87
2026-05-07T04:16:40.000,14.46
2026-05-07T04:26:59.000,14.08
2026-05-07T04:37:19.000,13.38
2026-05-07T04:47:33.000,13.14
2026-05-07T05:03:06.000,13.7
2026-05-07T05:13:28.000,13.25
2026-05-07T05:23:44.000,12.66
2026-05-07T05:34:03.000,12.09
2026-05-07T05:44:17.000,11.82
2026-05-07T05:59:59.000,13.18
2026-05-07T06:36:12.000,14.73
2026-05-08T02:29:39.000,21.66
2026-05-08T03:05:42.000,21.47
2026-05-08T03:21:34.000,21.11
2026-05-08T03:52:12.000,22.04
2026-05-08T04:02:32.000,19.66
2026-05-08T04:12:49.000,18.02
2026-05-08T04:23:04.000,18.29
2026-05-08T04:33:22.000,18.0
2026-05-08T04:43:39.000,18.24
2026-05-08T06:44:21.000,21.55
2026-05-09T02:29:17.000,23.68
2026-05-09T02:39:33.000,24.24
2026-05-09T03:35:18.000,26.68
2026-05-09T04:31:14.000,25.98
2026-05-09T04:46:50.000,23.54
2026-05-09T05:23:13.000,22.96
2026-05-09T05:38:55.000,22.69
2026-05-09T05:54:39.000,22.57
2026-05-09T06:05:00.000,22.21
2026-05-09T07:36:39.000,24.1
2026-05-09T07:52:31.000,19.11
2026-05-10T02:35:25.000,27.13
2026-05-10T03:58:02.000,26.33
2026-05-10T04:08:21.000,26.19
2026-05-10T04:18:37.000,25.35
2026-05-10T04:28:54.000,24.97
2026-05-10T04:39:10.000,24.7
2026-05-10T04:49:24.000,24.97
2026-05-10T05:04:57.000,25.49
2026-05-10T05:15:18.000,24.88
2026-05-10T05:30:49.000,25.13
2026-05-10T05:41:12.000,24.52
2026-05-10T05:51:26.000,23.82
2026-05-10T06:01:41.000,23.51
2026-05-10T06:12:00.000,23.16
2026-05-10T06:22:16.000,21.94
2026-05-10T06:37:53.000,21.15
2026-05-10T06:53:31.000,20.74
2026-05-10T07:55:39.000,21.02
2026-05-10T08:11:19.000,19.84
2026-05-10T08:21:44.000,20.2
2026-05-10T08:31:58.000,19.73
2026-05-10T08:47:35.000,18.59
2026-05-10T08:58:02.000,18.12
2026-05-10T09:08:22.000,16.72
2026-05-10T09:18:37.000,16.37
2026-05-10T09:28:55.000,15.93
2026-05-10T09:39:13.000,16.1
2026-05-10T09:49:28.000,15.96
2026-05-10T09:59:48.000,15.7
2026-05-10T10:10:02.000,15.41
2026-05-10T10:20:17.000,15.0
2026-05-10T10:30:35.000,15.5
2026-05-10T10:40:55.000,15.31
2026-05-10T10:51:12.000,15.2
2026-05-10T11:01:30.000,14.75
2026-05-10T11:11:48.000,14.18
2026-05-10T11:22:03.000,13.83
2026-05-10T11:32:20.000,14.22
2026-05-10T11:42:39.000,13.55
2026-05-10T11:52:57.000,13.32
2026-05-10T12:03:11.000,13.35
2026-05-10T12:13:26.000,13.42
2026-05-11T04:45:54.000,27.44
2026-05-12T03:31:01.000,34.29
2026-05-12T03:40:56.000,31.03
2026-05-12T04:11:57.000,29.72
2026-05-12T04:22:09.000,27.99
2026-05-13T03:21:39.000,29.5
2026-05-13T03:37:18.000,28.71
2026-05-13T03:47:37.000,27.66
2026-05-13T03:57:52.000,26.63
2026-05-13T04:08:14.000,26.24
2026-05-13T04:18:33.000,25.86
2026-05-13T04:59:16.000,28.23
2026-05-13T05:09:39.000,25.63
2026-05-14T05:58:49.000,23.32
2026-05-16T02:35:34.000,18.89
2026-05-16T02:45:52.000,19.96
2026-05-16T03:01:24.000,20.39
2026-05-16T03:11:49.000,20.86
2026-05-16T03:37:48.000,20.85
2026-05-16T03:48:13.000,20.88
2026-05-16T04:03:58.000,20.36
2026-05-16T04:14:24.000,19.83
2026-05-16T04:24:41.000,19.11
2026-05-16T04:34:58.000,18.84
2026-05-16T04:45:15.000,19.04
2026-05-16T04:55:33.000,19.34
2026-05-16T05:05:48.000,19.24
2026-05-16T05:21:26.000,18.8
2026-05-16T05:31:47.000,18.92
2026-05-16T06:44:29.000,17.39
2026-05-16T06:54:43.000,16.19
2026-05-17T06:46:41.000,21.89
2026-05-19T02:47:13.000,20.99
2026-05-19T03:12:54.000,22.24
2026-05-19T03:43:57.000,18.67
2026-05-19T03:59:31.000,19.0
2026-05-19T04:30:12.000,20.68
2026-05-19T05:01:20.000,18.37
2026-05-19T05:27:08.000,19.09
2026-05-20T02:34:26.000,19.05
2026-05-20T02:44:51.000,19.72
2026-05-20T03:00:23.000,20.35
2026-05-20T03:10:46.000,20.22
2026-05-20T03:51:22.000,22.85
2026-05-20T04:01:59.000,21.31
2026-05-20T04:17:40.000,19.89
2026-05-20T06:05:59.000,18.84
2026-05-20T06:16:12.000,16.69
2026-05-20T06:52:31.000,14.7
2026-05-20T07:54:42.000,14.73
2026-05-20T08:25:25.000,16.96
2026-05-20T08:51:09.000,16.47
2026-05-20T09:01:35.000,14.81
2026-05-20T09:32:36.000,12.02
2026-05-20T09:42:51.000,11.33
2026-05-20T09:53:06.000,10.97
2026-05-20T10:03:20.000,10.51
2026-05-20T10:13:34.000,10.4
2026-05-20T10:23:50.000,10.34
2026-05-20T10:34:04.000,9.61
2026-05-20T10:44:18.000,9.32
2026-05-20T10:54:34.000,9.44
2026-05-20T11:04:49.000,9.25
2026-05-20T11:15:03.000,8.96
2026-05-20T11:25:19.000,8.58
2026-05-20T11:35:33.000,9.05
2026-05-20T11:45:48.000,8.92
2026-05-20T11:56:02.000,8.65
2026-05-20T12:06:15.000,8.39
2026-05-21T03:03:00.000,21.63
2026-05-21T03:59:24.000,22.25
2026-05-21T04:09:44.000,21.02
2026-05-21T04:19:59.000,20.12
2026-05-21T04:30:15.000,19.69
2026-05-21T04:45:50.000,20.33
2026-05-21T04:56:13.000,19.93
2026-05-21T05:16:29.000,20.5
2026-05-21T05:31:56.000,19.54
2026-05-21T05:42:14.000,18.37
2026-05-21T05:52:32.000,17.36
2026-05-21T06:02:50.000,17.38
2026-05-21T06:13:05.000,17.24
2026-05-21T06:23:21.000,17.03
2026-05-21T06:33:38.000,16.78
2026-05-21T06:43:54.000,15.94
2026-05-21T06:59:42.000,15.48
2026-05-21T07:20:23.000,16.36
2026-05-21T07:36:17.000,16.02
2026-05-21T07:52:03.000,15.68
2026-05-21T08:02:24.000,14.65
2026-05-21T08:12:39.000,13.25
2026-05-21T08:22:52.000,12.33
2026-05-21T08:33:06.000,11.97
2026-05-21T08:43:20.000,12.07
2026-05-21T08:53:37.000,11.76
2026-05-21T09:03:52.000,11.2
2026-05-21T09:14:07.000,11.21
2026-05-21T09:24:24.000,11.13
2026-05-21T09:34:38.000,11.05
2026-05-21T09:44:53.000,10.78
2026-05-21T09:55:08.000,10.37
2026-05-21T10:05:23.000,10.34
2026-05-21T10:15:37.000,10.14
2026-05-21T10:25:54.000,9.91
2026-05-21T10:36:11.000,9.89
2026-05-21T10:46:26.000,10.25
2026-05-21T10:56:43.000,10.42
2026-05-21T11:06:58.000,10.52
2026-05-21T11:17:12.000,10.26
2026-05-21T11:27:27.000,9.86
2026-05-21T11:43:04.000,11.12
2026-05-21T11:53:28.000,10.83
2026-05-21T12:03:43.000,10.15
2026-05-22T02:39:04.000,20.48
2026-05-22T02:49:19.000,20.87
2026-05-22T02:59:33.000,20.64
2026-05-22T03:09:50.000,20.49
2026-05-22T03:20:04.000,20.51
2026-05-22T03:30:20.000,20.11
2026-05-22T03:40:37.000,19.81
2026-05-22T03:50:53.000,19.41
2026-05-22T04:06:15.000,19.96
2026-05-22T04:16:36.000,19.5
2026-05-22T04:26:49.000,19.31
2026-05-22T04:37:04.000,18.73
2026-05-22T04:47:19.000,18.64
2026-05-22T04:57:35.000,18.39
2026-05-22T05:07:55.000,18.22
2026-05-22T05:18:10.000,17.77
2026-05-22T05:28:27.000,17.53
2026-05-22T05:38:42.000,17.33
2026-05-22T05:48:57.000,16.91
2026-05-22T05:59:11.000,15.59
2026-05-22T06:09:25.000,14.97
2026-05-22T06:19:39.000,14.15
2026-05-22T06:29:53.000,14.56
2026-05-22T06:40:07.000,14.43
2026-05-22T06:50:23.000,14.56
2026-05-22T07:00:38.000,13.63
2026-05-22T07:10:54.000,13.22
2026-05-22T07:21:11.000,12.75
2026-05-22T07:31:29.000,12.74
2026-05-22T07:41:44.000,12.59
2026-05-22T07:52:00.000,12.28
2026-05-22T08:02:16.000,12.12
2026-05-22T08:12:30.000,12.15
2026-05-22T08:22:44.000,11.88
2026-05-22T08:33:00.000,11.95
2026-05-22T08:43:14.000,11.46
2026-05-22T08:53:29.000,11.38
2026-05-22T09:03:44.000,11.33
2026-05-22T09:13:59.000,11.4
2026-05-22T09:24:13.000,11.73
2026-05-22T09:34:28.000,11.84
2026-05-22T09:44:43.000,12.1
2026-05-22T09:54:58.000,12.12
2026-05-22T10:10:16.000,13.41
2026-05-22T10:20:39.000,14.31
2026-05-22T10:30:53.000,13.84
2026-05-22T10:41:08.000,12.79
2026-05-22T10:51:22.000,12.39
2026-05-22T11:01:37.000,12.9
2026-05-22T11:11:52.000,13.11
2026-05-22T11:22:07.000,12.28
2026-05-22T11:32:21.000,11.56
2026-05-22T11:42:35.000,11.75
2026-05-22T11:52:49.000,10.99
2026-05-22T12:03:04.000,10.82
2026-05-23T02:39:15.000,19.94
2026-05-23T02:59:52.000,19.83
2026-05-23T03:26:10.000,19.45
2026-05-23T03:46:52.000,20.34
2026-05-23T04:27:35.000,22.36
2026-05-23T04:37:59.000,20.61
2026-05-23T04:48:12.000,19.44
2026-05-23T04:58:30.000,18.79
2026-05-23T05:08:50.000,18.19
2026-05-23T05:19:04.000,17.57
2026-05-23T05:29:21.000,16.85
2026-05-23T05:39:48.000,16.44
2026-05-23T05:55:24.000,17.91
2026-05-23T06:16:16.000,16.61
2026-05-23T06:26:37.000,15.74
2026-05-23T06:47:17.000,14.7
2026-05-23T07:13:17.000,15.3
2026-05-23T07:23:33.000,14.08
2026-05-23T07:44:10.000,13.39
2026-05-23T07:54:24.000,13.45
2026-05-23T08:04:42.000,13.36
2026-05-23T08:20:18.000,14.31
2026-05-23T08:30:40.000,14.57
2026-05-23T08:40:59.000,13.47
2026-05-23T08:51:13.000,12.62
2026-05-23T09:01:28.000,12.19
2026-05-23T09:11:45.000,12.27
2026-05-23T09:21:59.000,11.73
2026-05-23T09:32:15.000,12.62
2026-05-23T09:42:30.000,12.59
2026-05-23T09:52:45.000,13.09
2026-05-23T10:03:01.000,12.48
2026-05-23T10:13:17.000,12.03
2026-05-23T10:23:32.000,11.67
2026-05-23T10:33:49.000,11.49
2026-05-23T10:44:03.000,11.62
2026-05-23T11:04:38.000,11.5
2026-05-23T11:14:53.000,11.24
2026-05-23T11:25:08.000,11.29
2026-05-23T11:35:32.000,11.57
2026-05-23T11:56:16.000,13.24
2026-05-24T06:15:47.000,19.24
2026-05-24T07:38:03.000,18.2
2026-05-24T08:19:30.000,17.78
2026-05-24T08:29:54.000,16.35
2026-05-24T08:40:09.000,15.31
2026-05-24T08:50:23.000,15.11
2026-05-24T09:00:36.000,14.91
2026-05-24T09:10:51.000,14.18
2026-05-24T09:21:04.000,14.04
2026-05-24T09:31:19.000,14.04
2026-05-24T09:41:33.000,13.15
2026-05-24T09:51:47.000,12.88
2026-05-24T10:02:02.000,12.71
2026-05-24T10:12:17.000,12.53
2026-05-24T10:22:31.000,12.4
2026-05-24T10:32:46.000,12.96
2026-05-24T10:43:01.000,12.63
2026-05-24T10:53:16.000,12.35
2026-05-24T11:03:30.000,12.13
2026-05-24T11:13:46.000,12.13
2026-05-24T11:29:19.000,12.99
2026-05-24T11:39:41.000,13.75
2026-05-24T11:49:58.000,13.0
2026-05-24T12:00:13.000,12.93
2026-05-25T02:40:00.000,21.68
2026-05-25T03:00:39.000,23.05
2026-05-25T03:21:46.000,21.52
2026-05-25T03:32:07.000,21.14
2026-05-25T03:47:45.000,21.65
2026-05-25T04:19:20.000,20.5
2026-05-25T04:29:39.000,19.25
2026-05-25T04:39:56.000,17.79
2026-05-25T04:55:38.000,18.09
2026-05-25T05:06:03.000,18.27
2026-05-25T05:16:30.000,18.13
2026-05-25T05:26:47.000,17.51
2026-05-25T05:47:26.000,19.03
2026-05-25T05:57:49.000,18.33
2026-05-25T06:49:28.000,19.27
2026-05-25T06:59:46.000,18.04
2026-05-25T07:10:02.000,16.89
2026-05-25T07:20:16.000,15.98
2026-05-25T07:51:13.000,17.29
2026-05-25T08:01:30.000,15.98
2026-05-25T08:11:49.000,15.1
2026-05-25T08:27:10.000,15.29
2026-05-25T08:37:30.000,15.1
2026-05-25T08:47:45.000,14.42
2026-05-25T08:58:01.000,13.5
2026-05-25T09:08:19.000,13.34
2026-05-25T09:18:35.000,13.02
2026-05-25T09:28:52.000,12.33
2026-05-25T09:39:08.000,12.93
2026-05-25T09:49:26.000,12.49
2026-05-25T09:59:40.000,12.35
2026-05-25T10:09:57.000,12.32
2026-05-25T10:20:11.000,11.8
2026-05-25T10:30:26.000,11.44
2026-05-25T10:46:00.000,12.48
2026-05-25T10:56:21.000,13.21
2026-05-25T11:06:38.000,12.11
2026-05-25T11:16:53.000,12.48
2026-05-25T11:27:08.000,12.16
2026-05-25T11:37:22.000,11.95
2026-05-25T11:47:40.000,11.71
2026-05-25T11:57:55.000,11.69
2026-05-26T02:41:36.000,19.32
2026-05-26T02:51:50.000,20.03
2026-05-26T03:07:22.000,20.17
2026-05-26T03:17:42.000,19.77
2026-05-26T03:27:58.000,18.98
2026-05-26T03:38:13.000,19.75
2026-05-26T03:48:29.000,20.74
2026-05-26T03:58:44.000,21.11
2026-05-26T04:09:00.000,21.27
2026-05-26T04:19:15.000,21.04
2026-05-26T04:29:29.000,20.62
2026-05-26T04:39:43.000,20.38
2026-05-26T04:50:01.000,20.11
2026-05-26T05:00:16.000,19.92
2026-05-26T05:10:33.000,19.94
2026-05-26T05:20:50.000,19.83
2026-05-26T05:31:04.000,19.3
2026-05-26T05:41:20.000,18.58
2026-05-26T05:51:37.000,18.6
2026-05-26T06:01:52.000,17.16
2026-05-26T06:12:05.000,16.83
2026-05-26T06:22:20.000,16.49
2026-05-26T06:32:37.000,15.03
2026-05-26T06:42:50.000,14.1
2026-05-26T06:53:07.000,14.11
2026-05-26T07:03:21.000,13.36
2026-05-26T07:13:34.000,13.61
2026-05-26T07:23:48.000,13.19
2026-05-26T07:34:02.000,13.19
2026-05-26T07:44:16.000,12.67
2026-05-26T07:54:29.000,12.4
2026-05-26T08:04:43.000,11.94
2026-05-26T08:14:57.000,12.33
2026-05-26T08:25:11.000,11.83
2026-05-26T08:35:26.000,11.62
2026-05-26T08:45:40.000,11.65
2026-05-26T08:55:55.000,12.12
2026-05-26T09:06:09.000,11.61
2026-05-26T09:16:24.000,11.02
2026-05-26T09:26:38.000,10.59
2026-05-26T09:36:52.000,10.53
2026-05-26T09:47:07.000,10.48
2026-05-26T09:57:21.000,10.23
2026-05-26T10:07:36.000,10.53
2026-05-26T10:17:51.000,10.82
2026-05-26T10:33:23.000,12.33
2026-05-26T10:43:44.000,12.29
2026-05-26T10:53:57.000,11.23
2026-05-26T11:04:12.000,10.66
2026-05-26T11:14:25.000,10.1
2026-05-26T11:24:39.000,10.78
2026-05-26T11:34:54.000,11.5
2026-05-26T11:45:08.000,12.11
2026-05-26T11:55:24.000,12.54
2026-05-27T02:40:00.000,20.67
2026-05-27T03:06:03.000,21.61
2026-05-27T03:16:20.000,20.42
2026-05-27T03:26:35.000,20.21
2026-05-27T03:36:48.000,20.06
2026-05-27T03:47:04.000,20.2
2026-05-27T03:57:20.000,19.63
2026-05-27T04:07:34.000,19.11
2026-05-27T04:17:54.000,18.45
2026-05-27T04:28:08.000,18.78
2026-05-27T04:38:24.000,18.42
2026-05-27T04:48:42.000,18.36
2026-05-27T04:58:58.000,17.96
2026-05-27T05:25:08.000,17.94
2026-05-27T05:35:30.000,17.61
2026-05-27T06:01:08.000,19.94
2026-05-27T06:32:20.000,19.6
2026-05-27T06:42:41.000,19.29
2026-05-27T07:03:08.000,17.17
2026-05-27T07:13:29.000,16.58
2026-05-27T07:23:47.000,16.26
2026-05-27T07:34:09.000,16.27
2026-05-27T07:44:27.000,16.09
2026-05-27T08:00:01.000,16.85
2026-05-27T08:10:21.000,16.36
2026-05-27T08:20:37.000,15.61
2026-05-27T08:46:32.000,16.59
2026-05-27T08:56:45.000,16.03
2026-05-27T09:07:01.000,16.08
2026-05-27T09:17:16.000,16.29
2026-05-27T09:27:31.000,16.38
2026-05-27T09:37:48.000,16.15
2026-05-27T09:48:05.000,15.75
2026-05-27T09:58:22.000,15.65
2026-05-27T10:08:38.000,15.02
2026-05-27T10:18:52.000,14.89
2026-05-27T10:29:06.000,14.27
2026-05-27T10:39:20.000,14.09
2026-05-27T10:49:35.000,13.73
2026-05-27T10:59:49.000,13.85
2026-05-27T11:10:05.000,13.56
2026-05-27T11:20:20.000,13.56
2026-05-27T11:30:37.000,13.12
2026-05-27T11:40:51.000,13.3
2026-05-27T11:51:05.000,13.38
2026-05-27T12:01:20.000,13.14
2026-05-28T02:57:40.000,22.91
2026-05-28T03:08:05.000,22.84
2026-05-28T03:18:28.000,21.21
2026-05-28T03:28:46.000,20.88
2026-05-28T03:39:00.000,20.62
2026-05-28T03:49:16.000,20.39
2026-05-28T03:59:30.000,20.26
2026-05-28T04:09:45.000,19.51
2026-05-28T04:20:00.000,19.71
2026-05-28T04:30:14.000,19.34
2026-05-28T04:40:29.000,19.35
2026-05-28T04:50:46.000,19.07
2026-05-28T05:01:01.000,19.04
2026-05-28T05:11:17.000,18.88
2026-05-28T05:21:31.000,19.28
2026-05-28T05:31:49.000,19.49
2026-05-28T05:42:06.000,19.45
2026-05-28T05:57:39.000,20.54
2026-05-28T06:07:59.000,20.06
2026-05-28T06:28:26.000,18.9
2026-05-28T06:38:41.000,18.54
2026-05-28T06:59:11.000,17.47
2026-05-28T07:09:25.000,16.72
2026-05-28T07:19:39.000,16.39
2026-05-28T07:29:54.000,17.18
2026-05-28T07:40:10.000,17.23
2026-05-28T07:50:25.000,17.2
2026-05-28T08:05:58.000,18.01
2026-05-28T08:16:18.000,17.65
2026-05-28T08:26:34.000,16.42
2026-05-28T08:36:51.000,15.57
2026-05-28T08:47:05.000,15.46
2026-05-28T08:57:21.000,15.09
2026-05-28T09:07:34.000,14.51
2026-05-28T09:17:49.000,14.91
2026-05-28T09:28:04.000,15.05
2026-05-28T09:38:19.000,15.06
2026-05-28T09:48:34.000,15.42
2026-05-28T09:58:50.000,15.9
2026-05-28T10:09:05.000,16.26
2026-05-28T10:19:22.000,15.99
2026-05-28T10:29:36.000,16.44
2026-05-28T10:39:51.000,16.42
2026-05-28T10:50:06.000,16.02
2026-05-28T11:00:21.000,15.73
2026-05-28T11:10:35.000,15.54
2026-05-28T11:20:50.000,15.81
2026-05-28T11:31:05.000,15.41
2026-05-28T11:41:20.000,14.99
2026-05-28T11:56:53.000,15.66
2026-05-29T03:19:07.000,20.29
2026-05-29T03:29:23.000,19.07
2026-05-29T03:50:02.000,19.31
2026-05-29T04:26:15.000,20.34
2026-05-29T04:46:47.000,18.64
2026-05-29T05:33:30.000,17.55
2026-05-29T06:09:09.000,19.23
2026-05-29T06:19:45.000,17.5
2026-05-29T06:30:00.000,16.06
2026-05-29T06:40:20.000,15.31
2026-05-29T06:50:37.000,14.57
2026-05-29T07:00:58.000,15.75
2026-05-29T07:16:35.000,17.39
2026-05-29T07:27:10.000,16.78
2026-05-29T07:47:48.000,17.89
2026-05-29T08:03:32.000,18.15
2026-05-29T08:13:54.000,17.25
2026-05-29T08:24:12.000,16.09
2026-05-29T08:55:26.000,15.98
2026-05-29T09:16:04.000,12.89
2026-05-29T09:26:17.000,12.77
2026-05-29T09:36:33.000,12.85
2026-05-29T10:02:26.000,13.13
2026-05-29T10:12:39.000,12.34
2026-05-29T10:22:53.000,12.12
2026-05-29T10:33:07.000,12.1
2026-05-29T10:43:21.000,12.09
2026-05-29T10:53:35.000,12.35
2026-05-29T11:03:50.000,11.92
2026-05-29T11:14:05.000,11.96
2026-05-29T11:24:21.000,11.96
2026-05-29T11:34:35.000,11.57
2026-05-29T11:44:50.000,11.42
2026-05-29T11:55:04.000,11.11
2026-05-30T02:53:45.000,19.1
2026-05-30T03:04:00.000,18.84
2026-05-30T03:19:35.000,18.69
2026-05-30T03:35:20.000,18.68
2026-05-30T03:45:38.000,17.82
2026-05-30T03:55:55.000,17.66
2026-05-30T04:06:11.000,17.68
2026-05-30T04:16:25.000,17.46
2026-05-30T04:26:41.000,17.48
2026-05-30T04:52:30.000,18.26
2026-05-30T05:08:10.000,18.86
2026-05-30T05:23:48.000,18.43
2026-05-30T05:34:06.000,17.43
2026-05-30T05:44:20.000,16.21
2026-05-30T05:54:35.000,15.56
2026-05-30T06:04:48.000,14.67
2026-05-30T06:15:02.000,13.85
2026-05-30T06:25:17.000,13.45
2026-05-30T06:35:31.000,13.03
2026-05-30T06:45:45.000,12.65
2026-05-30T06:55:59.000,12.17
2026-05-30T07:06:12.000,12.05
2026-05-30T07:16:28.000,12.2
2026-05-30T07:26:42.000,11.85
2026-05-30T07:36:56.000,11.44
2026-05-30T07:47:10.000,11.88
2026-05-30T07:57:25.000,11.93
2026-05-30T08:07:40.000,11.56
2026-05-30T08:17:55.000,11.45
2026-05-30T08:28:09.000,11.02
2026-05-30T08:38:25.000,10.35
2026-05-30T08:48:40.000,10.28
2026-05-30T08:58:54.000,10.06
2026-05-30T09:09:08.000,9.93
2026-05-30T09:19:22.000,9.76
2026-05-30T09:29:36.000,9.46
2026-05-30T09:39:50.000,9.92
2026-05-30T09:50:05.000,9.71
2026-05-30T10:00:21.000,9.85
2026-05-30T10:10:36.000,9.61
2026-05-30T10:20:50.000,9.07
2026-05-30T10:31:04.000,8.71
2026-05-30T10:41:20.000,8.61
2026-05-30T10:51:34.000,8.6
2026-05-30T11:01:48.000,8.11
2026-05-30T11:12:02.000,8.12
2026-05-30T11:22:16.000,8.05
2026-05-30T11:32:30.000,7.72
2026-05-30T11:42:45.000,7.57
2026-05-30T11:53:00.000,7.39
2026-05-31T03:15:55.000,22.48
2026-05-31T03:26:16.000,21.73
2026-05-31T04:12:10.000,23.35
2026-05-31T04:32:55.000,18.89
2026-05-31T04:43:09.000,17.84
2026-05-31T04:53:25.000,17.08
2026-05-31T05:03:41.000,16.7
2026-05-31T05:19:14.000,17.13
2026-05-31T05:34:55.000,17.48
2026-05-31T05:45:14.000,16.96
2026-05-31T05:55:28.000,15.94
2026-05-31T06:05:41.000,15.4
2026-05-31T06:20:58.000,15.46
2026-05-31T06:31:19.000,15.73
2026-05-31T06:41:36.000,14.39
2026-05-31T06:51:50.000,13.87
2026-05-31T07:02:04.000,13.84
2026-05-31T07:12:21.000,14.02
2026-05-31T07:22:36.000,13.76
2026-05-31T07:32:52.000,13.75
2026-05-31T07:43:07.000,14.23
2026-05-31T07:53:24.000,13.91
2026-05-31T08:13:56.000,15.78
2026-05-31T08:24:22.000,15.7
2026-05-31T08:34:36.000,13.57
2026-05-31T08:50:07.000,14.09
2026-05-31T09:00:28.000,14.5
2026-05-31T09:15:44.000,14.4
2026-05-31T09:26:04.000,14.23
2026-05-31T09:36:18.000,13.47
2026-05-31T09:46:32.000,12.62
2026-05-31T09:56:47.000,12.42
2026-05-31T10:07:01.000,12.13
2026-05-31T10:17:15.000,12.07
2026-05-31T10:27:31.000,11.93
2026-05-31T10:37:46.000,12.18
2026-05-31T10:48:01.000,12.66
2026-05-31T10:58:15.000,13.14
2026-05-31T11:08:32.000,12.98
2026-05-31T11:18:47.000,12.35
2026-05-31T11:29:01.000,11.75
2026-05-31T11:39:16.000,11.9
2026-05-31T11:49:30.000,12.12
2026-06-01T03:10:27.000,26.56
2026-06-01T03:20:57.000,25.33
2026-06-01T04:02:11.000,26.87
2026-06-01T04:17:50.000,25.65
2026-06-01T04:28:12.000,24.65
2026-06-01T04:38:28.000,23.81
2026-06-01T04:48:43.000,23.18
2026-06-01T04:59:01.000,22.53
2026-06-01T05:09:18.000,21.95
2026-06-01T05:19:34.000,21.45
2026-06-01T05:29:49.000,21.61
2026-06-01T05:45:24.000,22.35
2026-06-01T05:55:53.000,21.88
2026-06-01T06:11:30.000,22.3
2026-06-01T06:21:55.000,21.69
2026-06-01T06:32:09.000,20.48
2026-06-01T06:42:27.000,19.53
2026-06-01T06:52:45.000,18.72
2026-06-01T07:03:00.000,18.34
2026-06-01T07:13:30.000,18.54
2026-06-01T07:24:01.000,18.46
2026-06-01T08:26:40.000,18.14
2026-06-01T08:42:18.000,18.13
2026-06-01T08:52:41.000,17.78
2026-06-01T09:02:56.000,16.01
2026-06-01T09:13:10.000,15.17
2026-06-01T09:23:25.000,14.86
2026-06-01T09:33:39.000,14.9
2026-06-01T09:43:54.000,14.6
2026-06-01T09:59:28.000,15.13
2026-06-01T10:09:54.000,15.89
2026-06-01T10:20:09.000,15.04
2026-06-01T10:30:27.000,14.89
2026-06-01T10:40:41.000,14.56
2026-06-01T10:50:58.000,14.49
2026-06-01T11:01:14.000,14.29
2026-06-01T11:11:29.000,14.61
2026-06-01T11:21:48.000,14.28
2026-06-01T11:32:02.000,13.64
2026-06-01T11:42:19.000,13.7
2026-06-01T11:52:34.000,13.36
2026-06-02T02:43:48.000,24.89
2026-06-02T02:59:21.000,26.37
2026-06-02T03:45:54.000,26.92
2026-06-02T04:06:38.000,24.36
2026-06-02T04:32:10.000,26.23
2026-06-02T04:47:52.000,24.96
2026-06-02T05:03:32.000,24.43
2026-06-02T05:13:52.000,23.47
2026-06-02T05:24:12.000,22.77
2026-06-02T05:39:29.000,22.92
2026-06-02T05:49:54.000,22.75
2026-06-02T06:26:09.000,22.74
2026-06-02T08:04:34.000,17.77
2026-06-02T08:14:49.000,16.88
2026-06-02T08:25:13.000,16.77
2026-06-02T09:11:20.000,20.21
2026-06-02T10:14:22.000,15.66
2026-06-02T11:27:20.000,16.54
2026-06-03T02:50:42.000,27.43
2026-06-03T03:01:06.000,27.31
2026-06-03T03:11:24.000,26.67
2026-06-03T03:21:44.000,26.04
2026-06-03T03:32:03.000,25.64
2026-06-03T03:47:39.000,26.19
2026-06-03T03:58:00.000,25.78
2026-06-03T04:08:15.000,24.87
2026-06-03T04:23:48.000,25.14
2026-06-03T04:34:12.000,24.28
2026-06-03T04:44:28.000,23.0
2026-06-03T04:54:45.000,22.57
2026-06-03T05:15:16.000,22.67
2026-06-03T05:25:31.000,22.02
2026-06-03T05:35:49.000,21.8
2026-06-03T05:46:04.000,21.23
2026-06-03T06:07:13.000,19.58
2026-06-03T06:22:48.000,19.72
2026-06-03T06:33:11.000,20.53
2026-06-03T06:43:36.000,19.52
2026-06-03T06:53:56.000,19.41
2026-06-03T08:38:10.000,18.15
2026-06-03T08:58:56.000,15.51
2026-06-03T09:09:12.000,14.64
2026-06-03T09:19:32.000,14.37
2026-06-03T09:29:48.000,14.05
2026-06-03T09:40:04.000,13.75
2026-06-03T09:50:21.000,14.08
2026-06-03T10:00:37.000,14.2
2026-06-03T10:10:54.000,13.71
2026-06-03T10:21:09.000,13.81
2026-06-03T10:31:29.000,13.72
2026-06-03T10:41:48.000,13.67
2026-06-03T10:52:03.000,13.36
2026-06-03T11:02:22.000,13.53
2026-06-03T11:12:38.000,13.28
2026-06-03T11:22:53.000,13.36
2026-06-03T11:33:07.000,13.37
2026-06-03T11:43:21.000,13.18
2026-06-03T11:53:37.000,13.64
2026-06-04T03:01:47.000,29.57
2026-06-04T03:12:01.000,29.04
2026-06-04T03:32:36.000,30.25
2026-06-04T03:42:57.000,29.22
2026-06-04T03:53:13.000,28.01
2026-06-04T06:46:38.000,24.23
2026-06-04T07:12:40.000,24.2
2026-06-04T08:54:40.000,22.51
2026-06-04T09:04:58.000,20.78
2026-06-04T09:20:29.000,19.74
2026-06-04T09:30:48.000,19.1
2026-06-04T09:41:01.000,18.02
2026-06-04T10:07:03.000,18.3
2026-06-04T10:17:25.000,18.94
2026-06-04T10:32:57.000,19.72
2026-06-04T10:43:29.000,21.41
2026-06-05T02:56:33.000,30.1
2026-06-05T03:27:43.000,27.5
2026-06-05T03:37:57.000,27.37
2026-06-05T03:48:16.000,27.16
2026-06-05T04:03:48.000,27.68
2026-06-05T04:14:13.000,26.65
2026-06-05T04:39:53.000,27.64
2026-06-05T04:50:17.000,25.51
2026-06-05T05:00:38.000,24.37
2026-06-05T05:10:53.000,23.93
2026-06-05T05:26:30.000,24.74
2026-06-05T05:42:11.000,25.1
2026-06-05T05:57:48.000,25.15
2026-06-05T06:08:09.000,24.39
2026-06-05T06:28:44.000,25.5
2026-06-05T06:39:08.000,24.39
2026-06-05T07:49:41.000,26.22
2026-06-05T08:00:09.000,21.49
2026-06-05T08:10:33.000,19.88
2026-06-05T08:57:52.000,19.34
2026-06-06T02:47:27.000,27.74
2026-06-06T02:57:41.000,27.96
2026-06-06T03:07:59.000,27.61
2026-06-06T03:28:39.000,28.58
2026-06-06T03:39:12.000,27.06
2026-06-06T03:54:50.000,26.89
2026-06-06T04:31:14.000,25.77
2026-06-06T04:41:38.000,24.92
2026-06-06T04:51:55.000,23.79
2026-06-06T05:02:12.000,23.73
2026-06-06T05:22:45.000,23.22
2026-06-06T05:38:18.000,23.95
2026-06-06T05:59:03.000,22.89
2026-06-06T06:09:22.000,22.36
2026-06-06T06:19:43.000,22.58
2026-06-06T06:29:59.000,22.18
2026-06-06T06:40:19.000,22.04
2026-06-06T06:50:49.000,21.7
2026-06-06T07:01:11.000,21.9
2026-06-06T07:11:29.000,20.57
2026-06-06T07:37:24.000,19.52
2026-06-06T07:47:44.000,18.12
2026-06-06T07:57:59.000,17.76
2026-06-06T08:08:30.000,17.31
2026-06-06T08:18:46.000,17.71
2026-06-06T08:29:01.000,18.15
2026-06-06T08:39:18.000,18.44
2026-06-06T08:49:33.000,18.89
2026-06-06T08:59:58.000,19.11
2026-06-06T09:10:16.000,18.56
2026-06-06T09:20:31.000,17.95
2026-06-06T09:30:46.000,18.0
2026-06-06T09:41:03.000,18.33
2026-06-06T09:51:18.000,18.74
2026-06-06T10:01:35.000,19.05
2026-06-06T10:11:54.000,18.31
2026-06-06T10:22:12.000,19.1
2026-06-06T10:32:28.000,18.31
2026-06-06T10:42:47.000,18.55
2026-06-06T10:53:03.000,18.33
2026-06-06T11:03:18.000,18.41
2026-06-06T11:13:33.000,18.01
2026-06-06T11:23:48.000,17.83
2026-06-06T11:34:03.000,17.84
2026-06-06T11:44:18.000,18.08
2026-06-06T11:54:36.000,18.35
2026-06-07T02:44:59.000,27.81
2026-06-07T02:55:13.000,28.34
2026-06-07T03:05:31.000,28.07
2026-06-07T03:15:46.000,28.12
2026-06-07T03:26:03.000,27.72
2026-06-07T03:36:18.000,27.21
2026-06-07T03:46:33.000,27.14
2026-06-07T03:56:50.000,26.58
2026-06-07T04:07:08.000,26.46
2026-06-07T04:17:22.000,26.17
2026-06-07T04:27:37.000,26.17
2026-06-07T04:37:58.000,26.07
2026-06-07T04:48:14.000,25.56
2026-06-07T04:58:36.000,25.06
2026-06-07T05:30:11.000,25.28
2026-06-07T05:50:58.000,24.49
2026-06-07T06:01:24.000,23.45
2026-06-07T06:21:56.000,23.09
2026-06-07T06:32:11.000,22.87
2026-06-07T06:42:25.000,22.7
2026-06-07T06:52:41.000,22.07
2026-06-07T07:02:56.000,21.77
2026-06-07T07:13:11.000,21.56
2026-06-07T07:23:27.000,20.91
2026-06-07T07:33:42.000,21.34
2026-06-07T07:44:01.000,21.3
2026-06-07T07:54:19.000,22.24
2026-06-07T08:04:34.000,21.59
2026-06-07T08:14:48.000,22.13
2026-06-07T08:35:17.000,20.8
2026-06-07T08:45:32.000,20.21
2026-06-07T08:55:53.000,20.34
2026-06-07T09:06:11.000,20.48
2026-06-07T09:16:26.000,19.98
2026-06-07T09:41:44.000,22.07
2026-06-07T09:52:10.000,21.03
2026-06-07T10:02:23.000,19.91
2026-06-07T10:12:36.000,18.77
2026-06-07T10:22:50.000,18.06
2026-06-07T10:33:06.000,17.56
2026-06-07T10:43:19.000,17.09
2026-06-07T10:53:36.000,17.66
2026-06-07T11:03:50.000,18.39
2026-06-07T11:14:06.000,19.74
2026-06-07T11:24:22.000,20.06
2026-06-07T11:34:37.000,20.42
2026-06-07T11:44:54.000,20.29
2026-06-07T11:55:08.000,20.14
2026-06-08T02:46:25.000,23.99
2026-06-08T02:56:41.000,24.55
2026-06-08T03:07:07.000,24.3
2026-06-08T03:17:21.000,24.19
2026-06-08T03:32:56.000,25.01
2026-06-08T03:43:15.000,25.12
2026-06-08T03:58:31.000,25.14
2026-06-08T04:14:09.000,25.01
2026-06-08T04:24:31.000,24.51
2026-06-08T04:34:48.000,23.42
2026-06-08T04:45:04.000,22.85
2026-06-08T04:55:21.000,22.56
2026-06-08T05:05:36.000,22.11
2026-06-08T05:20:53.000,22.38
2026-06-08T05:31:17.000,22.18
2026-06-08T05:41:33.000,21.0
2026-06-08T05:51:48.000,20.01
2026-06-08T06:02:03.000,19.45
2026-06-08T06:12:18.000,18.74
2026-06-08T06:22:40.000,18.51
2026-06-08T06:32:54.000,19.57
2026-06-08T06:43:15.000,19.97
2026-06-08T06:53:31.000,19.56
2026-06-08T07:03:48.000,19.88
2026-06-08T07:19:21.000,19.37
2026-06-08T07:29:43.000,19.13
2026-06-08T07:45:15.000,18.78
2026-06-08T07:55:36.000,18.61
2026-06-08T08:05:50.000,17.29
2026-06-08T08:16:04.000,16.28
2026-06-08T08:26:18.000,16.08
2026-06-08T08:36:32.000,15.59
2026-06-08T08:46:46.000,15.95
2026-06-08T08:57:01.000,15.44
2026-06-08T09:07:15.000,15.46
2026-06-08T09:17:31.000,16.83
2026-06-08T09:27:46.000,18.17
2026-06-08T09:38:02.000,18.58
2026-06-08T09:48:17.000,18.97
2026-06-08T09:58:32.000,18.91
2026-06-08T10:08:48.000,18.79
2026-06-08T10:19:02.000,18.68
2026-06-08T10:29:17.000,18.82
2026-06-08T10:39:35.000,18.91
2026-06-08T10:49:50.000,18.93
2026-06-08T11:00:04.000,19.0
2026-06-08T11:10:19.000,18.95
2026-06-08T11:20:33.000,19.04
2026-06-08T11:30:48.000,18.84
2026-06-08T11:41:04.000,18.72
2026-06-08T11:51:20.000,18.7
2026-06-09T02:44:48.000,27.37
2026-06-09T02:55:12.000,27.96
2026-06-09T03:05:30.000,27.93
2026-06-09T03:31:30.000,27.19
2026-06-09T03:52:19.000,26.06
2026-06-09T04:07:52.000,26.59
2026-06-09T04:18:19.000,26.4
2026-06-09T04:33:55.000,26.17
2026-06-09T04:44:15.000,25.99
2026-06-09T04:54:28.000,25.75
2026-06-09T05:04:43.000,25.54
2026-06-09T05:15:03.000,26.01
2026-06-09T05:25:20.000,25.91
2026-06-09T05:35:43.000,25.37
2026-06-09T05:51:16.000,26.33
2026-06-09T06:01:40.000,26.1
2026-06-09T06:11:57.000,25.04
2026-06-09T06:22:14.000,24.41
2026-06-09T06:32:32.000,24.35
2026-06-09T06:53:25.000,22.57
2026-06-09T07:03:42.000,22.51
2026-06-09T08:00:57.000,22.2
2026-06-09T08:16:36.000,21.32
2026-06-09T08:27:06.000,20.99
2026-06-09T08:47:37.000,19.69
2026-06-09T08:57:51.000,19.73
2026-06-09T09:08:05.000,18.86
2026-06-09T09:18:21.000,18.43
2026-06-09T09:28:37.000,18.42
2026-06-09T09:38:51.000,18.23
2026-06-09T09:49:07.000,17.83
2026-06-09T09:59:21.000,17.61
2026-06-09T10:09:36.000,17.31
2026-06-09T10:19:50.000,17.22
2026-06-09T10:30:04.000,16.93
2026-06-09T10:40:18.000,16.79
2026-06-09T10:50:35.000,17.07
2026-06-09T11:00:51.000,17.51
2026-06-09T11:11:06.000,17.36
2026-06-09T11:21:21.000,17.56
2026-06-09T11:31:35.000,17.6
2026-06-09T11:41:49.000,17.52
2026-06-09T11:52:03.000,17.37
2026-06-10T02:58:39.000,28.57
2026-06-10T03:08:54.000,28.27
2026-06-10T03:19:16.000,28.14
2026-06-10T03:34:49.000,28.83
2026-06-10T03:50:32.000,28.65
2026-06-10T04:00:57.000,27.57
2026-06-10T04:11:11.000,26.69
2026-06-10T04:21:29.000,26.15
2026-06-10T04:31:43.000,25.69
2026-06-10T04:41:58.000,25.43
2026-06-10T04:52:17.000,24.96
2026-06-10T05:02:36.000,24.6
2026-06-10T05:12:54.000,24.7
2026-06-10T05:28:27.000,25.43
2026-06-10T05:38:47.000,25.21
2026-06-10T05:49:01.000,24.16
2026-06-10T06:04:34.000,24.83
2026-06-10T06:14:59.000,24.24
2026-06-10T06:30:16.000,24.09
2026-06-10T06:40:35.000,24.24
2026-06-10T06:50:52.000,23.02
2026-06-10T07:06:25.000,23.6
2026-06-10T07:16:53.000,23.53
2026-06-10T07:27:08.000,22.2
2026-06-10T07:37:31.000,21.86
2026-06-10T07:47:53.000,21.55
2026-06-10T07:58:08.000,20.55
2026-06-10T08:08:25.000,20.58
2026-06-10T08:18:40.000,20.1
2026-06-10T08:28:56.000,19.45
2026-06-10T08:39:11.000,19.41
2026-06-10T08:49:26.000,19.31
2026-06-10T08:59:41.000,19.08
2026-06-10T09:09:56.000,19.15
2026-06-10T09:20:11.000,19.2
2026-06-10T09:30:29.000,19.35
2026-06-10T09:40:47.000,19.02
2026-06-10T09:51:01.000,18.77
2026-06-10T10:01:18.000,18.8
2026-06-10T10:11:35.000,18.68
2026-06-10T10:21:51.000,18.54
2026-06-10T10:32:05.000,18.34
2026-06-10T10:42:20.000,18.29
2026-06-10T10:52:34.000,17.95
2026-06-10T11:02:49.000,18.27
2026-06-10T11:13:03.000,17.97
2026-06-10T11:23:17.000,17.8
2026-06-10T11:33:31.000,17.6
2026-06-10T11:43:48.000,18.05
2026-06-10T11:54:04.000,18.2
2026-06-11T03:14:57.000,31.56
2026-06-11T03:30:36.000,31.42
2026-06-11T03:40:59.000,30.76
2026-06-11T03:51:14.000,30.02
2026-06-11T04:01:31.000,29.71
2026-06-11T04:32:34.000,29.74
2026-06-11T04:42:47.000,28.56
2026-06-11T04:53:02.000,28.05
2026-06-11T05:03:24.000,27.41
2026-06-11T05:13:38.000,26.88
2026-06-11T05:23:58.000,26.89
2026-06-11T05:49:33.000,28.77
2026-06-11T05:59:55.000,26.85
2026-06-11T06:10:11.000,25.9
2026-06-11T06:20:25.000,25.69
2026-06-11T06:30:40.000,25.3
2026-06-11T06:40:54.000,25.08
2026-06-11T06:51:11.000,24.68
2026-06-11T07:06:44.000,25.38
2026-06-11T07:17:04.000,25.3
2026-06-11T07:27:18.000,24.76
2026-06-11T07:37:33.000,24.5
2026-06-11T07:47:47.000,24.42
2026-06-11T07:58:04.000,24.26
2026-06-11T08:08:19.000,24.22
2026-06-11T08:18:34.000,24.31
2026-06-11T08:28:48.000,23.83
2026-06-11T08:49:06.000,25.39
2026-06-11T08:59:27.000,24.61
2026-06-11T09:14:59.000,24.31
2026-06-11T09:25:18.000,23.78
2026-06-11T09:35:31.000,22.5
2026-06-11T09:45:46.000,21.37
2026-06-11T09:56:01.000,20.57
2026-06-11T10:06:15.000,20.05
2026-06-11T10:16:30.000,19.89
2026-06-11T10:26:44.000,19.98
2026-06-11T10:36:59.000,19.9
2026-06-11T10:47:14.000,19.13
2026-06-11T10:57:28.000,18.95
2026-06-11T11:07:43.000,19.12
2026-06-11T11:17:58.000,18.82
2026-06-11T11:28:13.000,18.7
2026-06-11T11:38:27.000,18.42
2026-06-11T11:48:45.000,17.94
2026-06-11T11:59:00.000,17.62
2026-06-12T04:25:46.000,29.72
2026-06-12T04:46:24.000,29.32
2026-06-12T05:07:01.000,30.78
2026-06-12T05:17:22.000,29.67
2026-06-12T05:48:23.000,29.15
2026-06-12T06:40:08.000,29.57
2026-06-12T07:00:36.000,30.27
2026-06-12T07:21:24.000,30.61
2026-06-12T07:31:50.000,29.09
2026-06-12T07:52:41.000,27.95
2026-06-12T08:02:57.000,27.66
2026-06-12T08:18:37.000,28.27
2026-06-12T08:29:00.000,27.84
2026-06-12T08:54:57.000,27.03
2026-06-12T09:05:17.000,26.04
2026-06-12T09:15:31.000,24.25
2026-06-12T09:36:09.000,23.26
2026-06-12T09:51:50.000,23.71
2026-06-12T10:07:32.000,24.84
2026-06-12T10:38:39.000,23.89
2026-06-12T10:48:58.000,22.42
2026-06-12T10:59:13.000,21.5
2026-06-12T11:09:27.000,21.12
2026-06-12T11:19:44.000,20.73
2026-06-12T11:40:17.000,20.33
2026-06-12T11:50:33.000,20.06
2026-06-13T04:05:51.000,32.2
2026-06-13T04:26:52.000,29.21
2026-06-13T04:37:07.000,28.06
2026-06-13T04:47:41.000,27.34
2026-06-13T05:03:20.000,28.07
2026-06-13T05:29:33.000,28.13
2026-06-13T05:39:49.000,26.42
2026-06-13T05:50:06.000,26.5
2026-06-13T06:00:26.000,25.38
2026-06-13T06:16:06.000,25.51
2026-06-13T06:26:26.000,26.14
2026-06-13T06:36:39.000,25.5
2026-06-13T06:46:54.000,24.99
2026-06-13T06:57:10.000,24.74
2026-06-13T07:07:28.000,24.66
2026-06-13T07:43:45.000,24.93
2026-06-13T07:54:01.000,24.19
2026-06-13T08:04:17.000,24.69
2026-06-13T08:14:35.000,25.29
2026-06-13T08:24:51.000,25.32
2026-06-13T08:35:08.000,25.38
2026-06-13T08:45:22.000,25.48
2026-06-13T08:55:37.000,25.7
2026-06-13T09:11:14.000,26.58
2026-06-13T09:21:35.000,26.29
2026-06-13T09:31:48.000,25.39
2026-06-13T09:42:03.000,25.12
2026-06-13T09:52:17.000,24.72
2026-06-13T10:02:33.000,24.78
2026-06-13T10:23:07.000,25.54
2026-06-13T10:33:28.000,25.55
2026-06-13T10:43:43.000,25.4
2026-06-13T10:53:58.000,24.87
2026-06-13T11:04:14.000,23.5
2026-06-13T11:14:29.000,22.43
2026-06-13T11:24:44.000,22.58
2026-06-13T11:35:03.000,22.27
2026-06-13T11:50:23.000,23.68
2026-06-14T04:57:03.000,28.92
2026-06-14T05:12:44.000,28.97
2026-06-14T05:23:07.000,28.25
2026-06-14T05:33:21.000,27.42
2026-06-14T05:48:54.000,27.14
2026-06-14T05:59:26.000,25.68
2026-06-14T06:15:02.000,25.38
2026-06-14T06:35:54.000,24.31
2026-06-14T06:46:15.000,24.06
2026-06-14T07:01:42.000,24.56
2026-06-14T07:27:30.000,26.27
2026-06-14T07:37:55.000,24.45
2026-06-14T08:03:57.000,23.42
2026-06-14T08:19:28.000,23.01
2026-06-14T08:29:52.000,23.21
2026-06-14T08:40:09.000,22.23
2026-06-14T08:50:24.000,21.88
2026-06-14T09:00:38.000,21.88
2026-06-14T09:10:54.000,22.0
2026-06-14T09:21:16.000,22.14
2026-06-14T09:31:35.000,22.44
2026-06-14T09:52:16.000,22.27
2026-06-14T10:02:32.000,23.24
2026-06-14T10:12:54.000,23.33
2026-06-14T10:23:12.000,23.19
2026-06-14T10:33:27.000,22.95
2026-06-14T10:43:43.000,22.45
2026-06-14T10:53:58.000,22.15
2026-06-14T11:04:12.000,22.03
2026-06-14T11:14:27.000,21.54
2026-06-14T11:24:42.000,20.83
2026-06-14T11:34:56.000,20.78
2026-06-14T11:45:10.000,20.3
2026-06-14T11:55:27.000,19.9
2026-06-15T02:51:27.000,24.05
2026-06-15T03:01:43.000,24.43
2026-06-15T03:12:01.000,24.02
2026-06-15T03:22:14.000,23.34
2026-06-15T03:32:29.000,23.02
2026-06-15T03:42:44.000,22.88
2026-06-15T03:53:00.000,23.9
2026-06-15T04:03:16.000,23.47
2026-06-15T04:13:30.000,23.63
2026-06-15T04:23:44.000,22.9
2026-06-15T04:33:58.000,22.95
2026-06-15T04:44:13.000,22.67
2026-06-15T05:04:45.000,21.99
2026-06-15T05:14:59.000,21.51
2026-06-15T05:25:14.000,21.01
2026-06-15T05:35:28.000,20.63
2026-06-15T05:45:44.000,20.82
2026-06-15T05:55:58.000,21.03
2026-06-15T06:06:16.000,20.97
2026-06-15T06:16:30.000,20.8
2026-06-15T06:26:44.000,20.57
2026-06-15T06:37:00.000,20.64
2026-06-15T06:47:15.000,20.66
2026-06-15T06:57:29.000,20.11
2026-06-15T07:07:43.000,19.69
2026-06-15T07:17:59.000,19.86
2026-06-15T07:28:14.000,20.43
2026-06-15T07:43:47.000,21.64
2026-06-15T07:54:08.000,22.18
2026-06-15T08:04:22.000,21.81
2026-06-15T08:14:36.000,21.69
2026-06-15T08:30:08.000,22.08
2026-06-15T08:40:28.000,21.82
2026-06-15T08:50:40.000,20.59
2026-06-15T09:00:55.000,20.3
2026-06-15T09:11:09.000,21.03
2026-06-15T09:21:24.000,21.43
2026-06-15T09:31:42.000,22.16
2026-06-15T09:41:57.000,22.76
2026-06-15T09:52:13.000,22.85
2026-06-15T10:02:28.000,23.04
2026-06-15T10:12:42.000,23.05
2026-06-15T10:22:57.000,23.22
2026-06-15T10:33:11.000,23.54
2026-06-15T10:43:26.000,23.33
2026-06-15T10:53:42.000,21.41
2026-06-15T11:03:56.000,20.91
2026-06-15T11:14:11.000,21.24
2026-06-15T11:24:25.000,21.48
2026-06-15T11:34:40.000,21.41
2026-06-15T11:44:54.000,21.94
2026-06-15T11:55:10.000,22.06
2026-06-16T02:45:16.000,29.09
2026-06-16T02:55:39.000,29.17
2026-06-16T03:05:54.000,29.18
2026-06-16T03:26:25.000,28.38
2026-06-16T03:36:40.000,27.66
2026-06-16T03:46:55.000,27.47
2026-06-16T03:57:10.000,27.01
2026-06-16T04:12:32.000,27.81
2026-06-16T04:22:51.000,27.71
2026-06-16T04:33:07.000,26.12
2026-06-16T04:43:22.000,24.95
2026-06-16T04:58:56.000,25.18
2026-06-16T05:09:16.000,24.97
2026-06-16T05:19:32.000,23.6
2026-06-16T05:29:48.000,24.06
2026-06-16T05:40:03.000,24.27
2026-06-16T05:50:20.000,24.02
2026-06-16T06:00:39.000,23.87
2026-06-16T06:26:20.000,24.2
2026-06-16T06:36:35.000,23.49
2026-06-16T06:46:49.000,23.23
2026-06-16T06:57:05.000,23.04
2026-06-16T07:07:28.000,23.71
2026-06-16T07:17:44.000,24.23
2026-06-16T07:28:02.000,24.49
2026-06-16T07:38:20.000,24.55
2026-06-16T07:48:35.000,24.31
2026-06-16T07:58:52.000,24.15
2026-06-16T08:09:09.000,24.44
2026-06-16T08:19:24.000,24.33
2026-06-16T08:29:40.000,24.0
2026-06-16T08:39:55.000,23.74
2026-06-16T08:50:10.000,22.85
2026-06-16T09:00:25.000,22.17
2026-06-16T09:10:40.000,21.82
2026-06-16T09:20:56.000,22.03
2026-06-16T09:41:28.000,21.63
2026-06-16T09:56:48.000,22.01
2026-06-16T10:07:08.000,22.5
2026-06-16T10:17:22.000,21.61
2026-06-16T10:27:37.000,21.56
2026-06-16T10:37:51.000,20.92
2026-06-16T10:48:05.000,21.03
2026-06-16T11:03:40.000,21.97
2026-06-16T11:14:00.000,22.24
2026-06-16T11:24:14.000,21.12
2026-06-16T11:34:28.000,20.9
2026-06-16T11:44:42.000,20.44
2026-06-16T11:54:57.000,20.67
2026-06-17T02:50:51.000,30.45
2026-06-17T03:06:17.000,22.61
2026-06-17T03:16:33.000,21.82
2026-06-17T03:37:08.000,24.77
2026-06-17T03:47:34.000,25.55
2026-06-17T04:13:16.000,28.82
2026-06-17T04:44:35.000,29.31
2026-06-17T05:16:06.000,29.22
2026-06-17T06:13:27.000,26.36
2026-06-17T06:23:55.000,25.13
2026-06-17T07:26:09.000,24.95
2026-06-17T07:46:41.000,22.71
2026-06-17T07:56:58.000,22.13
2026-06-17T08:17:34.000,21.78
2026-06-17T08:27:53.000,22.13
2026-06-17T08:38:13.000,21.8
2026-06-17T08:48:28.000,21.27
2026-06-17T08:58:43.000,21.46
2026-06-17T09:08:58.000,21.7
2026-06-17T09:24:32.000,22.29
2026-06-17T09:40:11.000,23.26
2026-06-17T09:50:33.000,22.91
2026-06-17T10:00:52.000,21.86
2026-06-17T10:11:08.000,21.97
2026-06-17T10:21:29.000,21.86
2026-06-17T10:31:47.000,21.93
2026-06-17T10:42:02.000,21.82
2026-06-17T10:57:35.000,22.38
2026-06-17T11:07:56.000,22.66
2026-06-17T11:23:29.000,23.06
2026-06-17T11:33:49.000,23.01
2026-06-17T11:44:02.000,21.68
2026-06-17T11:54:17.000,21.18
2026-06-18T02:51:22.000,18.16
2026-06-18T03:01:38.000,18.6
2026-06-18T03:11:53.000,18.61
2026-06-18T03:22:07.000,18.85
2026-06-18T03:32:21.000,18.95
2026-06-18T03:42:36.000,18.9
2026-06-18T03:52:50.000,18.33
2026-06-18T04:03:04.000,18.55
2026-06-18T04:13:18.000,18.89
2026-06-18T04:23:42.000,18.86
2026-06-18T04:44:15.000,19.39
2026-06-18T04:54:31.000,19.89
2026-06-18T05:04:48.000,19.8
2026-06-18T05:15:08.000,19.99
2026-06-18T05:25:23.000,20.2
2026-06-18T05:35:38.000,20.12
2026-06-18T05:45:54.000,20.27
2026-06-18T05:56:12.000,20.26
2026-06-18T06:06:26.000,20.44
2026-06-18T06:16:41.000,20.74
2026-06-18T06:26:55.000,20.96
2026-06-18T06:37:10.000,21.33
2026-06-18T06:47:25.000,20.59
2026-06-18T06:57:45.000,19.72
2026-06-18T07:08:01.000,19.8
2026-06-18T07:18:15.000,19.93
2026-06-18T07:38:49.000,19.29
2026-06-18T07:59:19.000,19.06
2026-06-18T08:09:34.000,19.15
2026-06-18T08:19:52.000,18.98
2026-06-18T08:50:56.000,20.12
2026-06-18T09:01:16.000,19.91
2026-06-18T09:22:09.000,21.03
2026-06-19T05:29:47.000,24.91
2026-06-19T05:40:05.000,23.48
2026-06-19T05:50:25.000,22.49
2026-06-19T06:00:46.000,22.28
2026-06-19T06:11:03.000,21.59
2026-06-19T06:31:36.000,20.76
2026-06-19T06:41:54.000,21.26
2026-06-19T06:52:28.000,20.77
2026-06-19T07:02:44.000,20.52
2026-06-19T07:13:02.000,20.24
2026-06-19T07:33:37.000,21.59
2026-06-19T07:44:02.000,21.65
2026-06-19T07:59:38.000,21.58
2026-06-19T08:10:02.000,21.48
2026-06-19T08:20:18.000,21.0
2026-06-19T08:30:34.000,19.87
2026-06-19T08:56:14.000,22.66
2026-06-19T09:27:24.000,21.5
2026-06-19T09:37:37.000,19.94
2026-06-19T09:58:10.000,21.36
2026-06-19T10:08:39.000,20.86
2026-06-19T10:18:52.000,20.08
2026-06-19T10:29:10.000,19.31
2026-06-19T10:39:29.000,19.32
2026-06-19T10:55:02.000,19.94
2026-06-19T11:05:24.000,19.87
2026-06-19T11:15:46.000,19.74
2026-06-19T11:26:01.000,19.8
2026-06-19T11:36:16.000,19.01
2026-06-19T11:46:31.000,18.15
2026-06-19T11:56:47.000,18.19
2026-06-20T03:04:30.000,27.05
2026-06-20T03:14:52.000,26.88
2026-06-20T03:25:18.000,26.84
2026-06-20T04:26:30.000,27.17
2026-06-20T07:09:44.000,24.21
2026-06-20T07:20:08.000,22.33
2026-06-20T07:35:28.000,20.97
2026-06-20T08:22:55.000,24.0
2026-06-20T08:32:56.000,21.14
2026-06-20T08:58:58.000,19.34
2026-06-20T09:09:33.000,19.38
2026-06-20T09:44:58.000,21.8
2026-06-20T09:55:22.000,20.1
2026-06-20T10:05:41.000,18.49
2026-06-20T10:21:19.000,18.72
2026-06-20T10:31:41.000,18.61
2026-06-20T10:42:00.000,17.95
2026-06-20T11:18:28.000,20.81
2026-06-21T05:47:41.000,25.99
2026-06-21T05:58:05.000,24.57
2026-06-26T02:59:38.000,30.3
2026-06-26T03:10:05.000,30.52
2026-06-26T03:25:40.000,30.59
2026-06-26T03:36:03.000,29.86
2026-06-26T04:01:44.000,31.5
2026-06-26T04:27:39.000,29.53
2026-06-26T04:37:58.000,28.84
2026-06-26T04:48:15.000,28.03
2026-06-26T04:58:32.000,27.77
2026-06-26T05:08:45.000,27.42
2026-06-26T05:19:04.000,26.52
2026-06-26T07:11:59.000,26.06
2026-06-26T07:22:23.000,25.22
2026-06-26T07:32:44.000,24.08
2026-06-26T07:53:48.000,23.03
2026-06-26T08:04:10.000,23.46
2026-06-26T08:29:55.000,26.13
2026-06-26T08:51:08.000,23.15
2026-06-26T09:06:53.000,23.37
2026-06-26T09:53:59.000,22.29
2026-06-26T10:45:41.000,22.51
2026-06-26T10:56:07.000,22.17
2026-06-26T11:11:57.000,22.06
2026-06-26T11:22:35.000,21.55
2026-06-26T11:32:57.000,20.46
2026-06-26T11:43:12.000,21.91
2026-06-26T11:58:50.000,23.97
2026-06-27T04:33:55.000,29.32
2026-06-27T04:59:56.000,28.31
2026-06-27T05:10:12.000,27.74
2026-06-27T05:25:48.000,28.4
2026-06-27T06:01:51.000,28.21
2026-06-27T06:42:51.000,28.68
2026-06-27T07:18:30.000,28.46
2026-06-27T07:29:10.000,26.58
2026-06-27T07:50:00.000,26.65
2026-06-27T08:10:39.000,24.96
2026-06-27T08:26:18.000,25.6
2026-06-27T08:36:41.000,24.87
2026-06-27T08:46:58.000,23.98
2026-06-27T08:57:22.000,24.05
2026-06-27T09:07:41.000,23.15
2026-06-27T09:17:57.000,22.61
2026-06-27T09:48:49.000,22.44
2026-06-27T09:59:05.000,22.79
2026-06-27T10:19:43.000,24.21
2026-06-27T10:30:04.000,24.44
2026-06-27T10:40:22.000,24.56
2026-06-27T10:50:37.000,24.69
2026-06-27T11:00:51.000,24.51
2026-06-27T11:11:05.000,24.45
2026-06-27T11:31:37.000,23.01
2026-06-27T11:41:54.000,22.78
2026-06-27T11:52:08.000,22.52
2026-06-27T12:02:23.000,22.64
2026-06-28T03:05:06.000,28.04
2026-06-28T03:15:21.000,27.51
2026-06-28T03:25:35.000,27.24
2026-06-28T03:46:14.000,26.8
2026-06-28T04:06:37.000,27.62
2026-06-28T04:22:19.000,27.2
2026-06-28T04:43:10.000,27.21
2026-06-28T04:53:30.000,26.77
2026-06-28T05:03:43.000,25.22
2026-06-28T05:13:58.000,25.38
2026-06-28T05:24:15.000,24.84
2026-06-28T05:34:35.000,25.27
2026-06-28T05:44:49.000,25.27
2026-06-28T06:05:23.000,27.12
2026-06-28T06:15:48.000,26.27
2026-06-28T07:27:19.000,26.67
2026-06-28T07:37:33.000,25.91
2026-06-28T07:47:48.000,25.05
2026-06-28T07:58:05.000,24.85
2026-06-28T08:08:21.000,24.69
2026-06-28T08:38:53.000,27.59
2026-06-28T08:54:19.000,26.26
2026-06-28T09:04:37.000,25.22
2026-06-28T09:20:10.000,25.65
2026-06-28T09:30:29.000,25.09
2026-06-28T09:40:43.000,24.25
2026-06-28T09:51:00.000,24.69
2026-06-28T10:01:27.000,24.17
2026-06-28T10:11:45.000,24.29
2026-06-28T10:22:01.000,24.39
2026-06-28T10:42:28.000,25.82
2026-06-28T10:52:51.000,25.16
2026-06-28T11:08:07.000,24.89
2026-06-28T11:18:32.000,25.01
2026-06-28T11:38:56.000,25.46
2026-06-28T11:59:38.000,26.37
2026-06-29T03:00:12.000,26.41
2026-06-29T03:20:42.000,27.71
2026-06-29T03:31:08.000,26.15
2026-06-29T03:41:22.000,24.33
2026-06-29T03:51:43.000,23.54
2026-06-29T04:02:01.000,23.94
2026-06-29T04:27:19.000,27.17
2026-06-29T04:37:42.000,26.65
2026-06-29T04:53:18.000,25.77
2026-06-29T05:13:56.000,26.77
2026-06-29T05:24:30.000,25.74
2026-06-29T05:34:48.000,24.68
2026-06-29T05:45:02.000,24.17
2026-06-29T05:55:17.000,24.72
2026-06-29T06:05:34.000,24.66
2026-06-29T06:15:50.000,24.28
2026-06-29T06:26:05.000,23.84
2026-06-29T06:36:28.000,23.81
2026-06-29T06:57:01.000,23.92
2026-06-29T07:07:17.000,23.94
2026-06-29T07:17:32.000,23.13
2026-06-29T07:48:19.000,25.26
2026-06-29T07:58:42.000,25.1
2026-06-29T08:08:58.000,24.39
2026-06-29T08:19:14.000,24.47
2026-06-29T08:29:29.000,23.37
2026-06-29T08:39:43.000,23.0
2026-06-29T08:49:57.000,22.97
2026-06-29T09:00:11.000,22.95
2026-06-29T09:10:28.000,22.67
2026-06-29T09:20:46.000,23.11
2026-06-29T09:31:01.000,22.69
2026-06-29T09:41:15.000,22.49
2026-06-29T09:51:30.000,22.75
2026-06-29T10:01:45.000,22.57
2026-06-29T10:11:59.000,22.74
2026-06-29T10:22:14.000,22.85
2026-06-29T10:32:30.000,23.45
2026-06-29T10:42:45.000,23.78
2026-06-29T10:53:02.000,23.76
2026-06-29T11:03:18.000,23.62
2026-06-29T11:18:50.000,24.25
2026-06-29T11:29:11.000,24.09
2026-06-29T11:39:27.000,23.99
2026-06-29T11:49:41.000,23.45
2026-06-29T11:59:55.000,23.41
2026-06-30T02:54:29.000,25.42
2026-06-30T03:04:43.000,26.24
2026-06-30T03:14:59.000,25.69
2026-06-30T03:35:20.000,27.07
2026-06-30T03:45:55.000,26.05
2026-06-30T04:06:27.000,26.58
2026-06-30T04:36:54.000,27.08
2026-06-30T05:12:32.000,27.2
2026-06-30T05:22:52.000,25.03
2026-06-30T05:33:05.000,23.23
2026-06-30T05:53:34.000,23.7
2026-06-30T06:03:48.000,22.88
2026-06-30T06:14:05.000,22.73
2026-06-30T06:24:19.000,21.82
2026-06-30T06:39:51.000,22.47
2026-06-30T06:50:12.000,22.11
2026-06-30T07:00:30.000,21.5
2026-06-30T07:10:45.000,21.03
2026-06-30T07:21:01.000,20.92
2026-06-30T07:31:16.000,20.74
2026-06-30T07:41:33.000,20.21
2026-06-30T07:51:48.000,20.35
2026-06-30T08:02:06.000,20.17
2026-06-30T08:17:24.000,21.0
2026-06-30T08:27:44.000,21.17
2026-06-30T08:38:01.000,20.09
2026-06-30T08:48:15.000,20.1
2026-06-30T08:58:30.000,20.18
2026-06-30T09:08:45.000,19.74
2026-06-30T09:18:59.000,20.08
2026-06-30T09:29:20.000,21.04
2026-06-30T09:39:35.000,20.78
2026-06-30T09:49:53.000,19.76
2026-06-30T10:00:11.000,19.09
2026-06-30T10:10:26.000,19.19
2026-06-30T10:25:58.000,19.37
2026-06-30T10:36:18.000,19.95
2026-06-30T10:46:32.000,19.95
2026-06-30T11:02:05.000,20.31
2026-06-30T11:12:26.000,20.4
2026-06-30T11:22:44.000,19.51
2026-06-30T11:32:58.000,19.23
2026-06-30T11:43:12.000,18.99
2026-06-30T11:53:26.000,19.45
2026-01-03T00:56:48.000,11.92
2026-01-03T01:07:09.000,12.37
2026-01-03T01:17:24.000,11.63
2026-01-03T01:27:38.000,11.08
2026-01-03T01:37:53.000,10.65
2026-01-03T01:48:08.000,10.42
2026-01-03T01:58:24.000,10.06
2026-01-03T02:08:39.000,9.74
2026-01-03T02:18:56.000,9.49
2026-01-03T02:29:14.000,9.23
2026-01-03T02:39:29.000,9.15
2026-01-03T02:49:47.000,8.88
2026-01-03T03:00:03.000,9.01
2026-01-03T03:10:18.000,8.86
2026-01-03T03:20:33.000,8.75
2026-01-03T03:30:49.000,8.58
2026-01-03T03:41:02.000,8.66
2026-01-03T03:51:18.000,8.62
2026-01-03T04:01:32.000,8.38
2026-01-03T04:11:47.000,8.27
2026-01-03T04:22:00.000,8.36
2026-01-03T04:32:14.000,8.21
2026-01-03T04:42:32.000,8.36
2026-01-03T04:52:46.000,8.43
2026-01-03T05:03:00.000,8.41
2026-01-03T05:13:20.000,8.23
2026-01-03T05:23:34.000,8.22
2026-01-03T05:33:48.000,8.21
2026-01-03T05:44:02.000,7.96
2026-01-03T05:54:16.000,7.77
2026-01-03T06:04:30.000,7.81
2026-01-03T06:14:51.000,7.81
2026-01-03T06:25:07.000,7.69
2026-01-03T06:35:22.000,7.64
2026-01-03T06:45:38.000,7.61
2026-01-03T06:55:55.000,6.81
2026-01-03T07:06:09.000,6.62
2026-01-03T07:21:41.000,7.51
2026-01-03T07:32:03.000,7.81
2026-01-03T07:42:16.000,7.37
2026-01-03T07:57:33.000,7.6
2026-01-03T08:07:54.000,7.82
2026-01-03T08:18:11.000,7.07
2026-01-03T08:28:26.000,6.53
2026-01-03T08:38:39.000,6.23
2026-01-03T08:48:54.000,6.39
2026-01-03T08:59:07.000,6.32
2026-01-03T09:09:27.000,6.39
2026-01-03T09:25:08.000,7.02
2026-01-03T09:35:35.000,6.88
2026-01-03T09:45:51.000,6.47
2026-01-03T10:06:43.000,5.98
2026-01-03T10:16:57.000,5.49
2026-01-03T10:27:12.000,5.14
2026-01-03T10:37:26.000,4.92
2026-01-03T11:08:12.000,4.63
2026-01-03T11:18:29.000,4.5
2026-01-05T00:54:05.000,11.66
2026-01-05T01:04:22.000,12.75
2026-01-05T01:39:58.000,16.46
2026-01-05T01:50:23.000,14.52
2026-01-05T02:00:41.000,12.85
2026-01-05T02:10:55.000,11.92
2026-01-05T02:31:30.000,13.75
2026-01-05T02:57:20.000,14.17
2026-01-05T03:07:45.000,11.89
2026-01-05T03:23:22.000,10.58
2026-01-05T03:44:18.000,10.62
2026-01-05T03:54:47.000,9.9
2026-01-05T04:05:11.000,9.64
2026-01-05T04:25:59.000,8.41
2026-01-05T04:46:21.000,9.68
2026-01-05T04:56:49.000,9.16
2026-01-05T05:07:07.000,8.5
2026-01-05T05:17:25.000,7.86
2026-01-05T05:27:41.000,7.42
2026-01-05T05:48:26.000,6.53
2026-01-05T05:58:44.000,6.42
2026-01-05T06:09:01.000,6.52
2026-01-05T06:19:18.000,6.09
2026-01-05T06:50:27.000,5.66
2026-01-05T07:10:51.000,7.31
2026-01-05T08:02:56.000,6.5
2026-01-05T08:13:10.000,5.69
2026-01-07T00:55:45.000,8.95
2026-01-07T01:06:01.000,9.87
2026-01-07T01:16:19.000,10.36
2026-01-07T01:26:33.000,10.39
2026-01-07T01:36:48.000,10.14
2026-01-07T01:47:14.000,10.26
2026-01-07T01:57:30.000,11.27
2026-01-07T02:07:49.000,11.41
2026-01-07T02:18:04.000,11.05
2026-01-07T02:33:40.000,11.07
2026-01-07T02:44:00.000,11.58
2026-01-07T02:54:20.000,10.57
2026-01-07T03:04:37.000,10.19
2026-01-07T03:14:52.000,9.38
2026-01-07T03:25:09.000,9.2
2026-01-07T03:35:24.000,8.33
2026-01-07T03:45:37.000,7.89
2026-01-07T03:55:51.000,8.11
2026-01-07T04:16:27.000,9.8
2026-01-07T04:37:03.000,7.4
2026-01-07T04:47:20.000,6.46
2026-01-07T04:57:34.000,6.5
2026-01-07T05:07:53.000,5.97
2026-01-07T05:18:07.000,5.77
2026-01-07T05:28:21.000,5.79
2026-01-07T05:38:39.000,6.02
2026-01-07T05:48:53.000,5.94
2026-01-07T05:59:07.000,5.45
2026-01-07T06:09:21.000,5.11
2026-01-07T06:19:34.000,4.81
2026-01-07T06:29:52.000,5.19
2026-01-07T06:40:11.000,6.32
2026-01-07T06:50:26.000,7.29
2026-01-07T07:00:51.000,8.21
2026-01-07T07:11:06.000,7.65
2026-01-07T07:21:22.000,6.73
2026-01-07T07:31:38.000,7.02
2026-01-07T07:41:57.000,6.94
2026-01-07T07:52:11.000,7.23
2026-01-07T08:02:25.000,7.13
2026-01-07T08:12:39.000,6.01
2026-01-07T08:22:52.000,5.09
2026-01-07T08:33:06.000,4.62
2026-01-07T08:43:20.000,4.67
2026-01-07T08:53:34.000,4.45
2026-01-07T09:03:52.000,4.45
2026-01-07T09:14:10.000,5.61
2026-01-07T09:24:30.000,6.72
2026-01-07T10:00:49.000,8.38
2026-01-07T10:11:06.000,8.56
2026-01-07T10:21:28.000,8.65
2026-01-07T10:31:42.000,8.85
2026-01-07T10:41:56.000,8.93
2026-01-07T10:52:14.000,8.71
2026-01-07T11:02:33.000,8.49
2026-01-07T11:23:14.000,9.17
2026-01-07T11:33:34.000,9.75
2026-01-07T11:49:06.000,10.96
2026-01-07T11:59:28.000,11.19
2026-01-07T12:15:03.000,10.98
2026-01-07T12:25:24.000,11.19
2026-01-07T12:35:43.000,10.51
2026-01-07T12:46:01.000,10.3
2026-01-07T12:56:29.000,10.2
2026-01-07T13:06:46.000,10.21
2026-01-07T13:22:27.000,11.12
2026-01-07T13:32:51.000,11.52
2026-01-07T13:43:09.000,10.87
2026-01-07T13:53:30.000,10.75
2026-01-07T14:09:10.000,11.33
2026-01-08T00:46:55.000,6.59
2026-01-08T01:02:40.000,7.76
2026-01-08T01:13:01.000,7.27
2026-01-08T01:23:15.000,7.14
2026-01-08T01:38:49.000,7.66
2026-01-10T01:01:02.000,3.0
2026-01-10T01:11:16.000,4.01
2026-01-10T01:21:30.000,3.85
2026-01-10T01:31:44.000,3.6
2026-01-10T01:41:58.000,3.61
2026-01-10T01:52:12.000,3.61
2026-01-10T02:02:26.000,3.57
2026-01-10T02:12:40.000,3.82
2026-01-10T02:22:54.000,3.68
2026-01-10T02:33:09.000,3.07
2026-01-10T02:43:23.000,3.01
2026-01-10T02:53:38.000,2.5
2026-01-10T03:03:52.000,2.0
2026-01-10T03:14:06.000,1.67
2026-01-10T03:24:19.000,1.58
2026-01-10T03:34:33.000,1.4
2026-01-10T03:44:50.000,0.81
2026-01-10T03:55:05.000,0.07
2026-01-10T04:05:18.000,-0.22
2026-01-10T04:20:35.000,0.61
2026-01-10T04:30:57.000,-0.02
2026-01-10T04:41:10.000,-0.66
2026-01-10T04:51:23.000,-0.75
2026-01-10T05:01:37.000,-1.08
2026-01-10T05:11:51.000,-1.29
2026-01-10T05:22:06.000,-1.52
2026-01-10T05:32:22.000,-1.47
2026-01-10T05:42:36.000,-1.68
2026-01-10T05:52:50.000,-1.52
2026-01-10T06:03:04.000,-2.06
2026-01-10T06:13:18.000,-2.29
2026-01-10T06:23:33.000,-2.57
2026-01-10T06:33:49.000,-2.29
2026-01-10T06:44:04.000,-2.7
2026-01-10T06:54:18.000,-2.65
2026-01-10T07:04:35.000,-2.76
2026-01-10T07:14:49.000,-3.06
2026-01-10T07:35:21.000,-0.97
2026-01-10T07:45:47.000,-1.29
2026-01-10T07:55:59.000,-1.83
2026-01-10T08:11:17.000,-1.4
2026-01-10T08:21:39.000,-1.43
2026-01-10T08:31:51.000,-2.25
2026-01-10T08:42:05.000,-2.76
2026-01-10T08:52:19.000,-3.1
2026-01-10T09:02:33.000,-3.5
2026-01-10T09:12:47.000,-2.89
2026-01-10T09:23:01.000,-2.69
2026-01-10T09:33:15.000,-2.82
2026-01-10T09:43:29.000,-2.97
2026-01-10T09:53:47.000,-3.43
2026-01-10T10:04:02.000,-3.17
2026-01-10T10:14:16.000,-2.79
2026-01-10T10:24:31.000,-1.13
2026-01-10T10:34:46.000,0.06
2026-01-10T10:45:01.000,2.49
2026-01-10T10:55:16.000,2.01
2026-01-10T11:05:29.000,0.41
2026-01-10T11:15:42.000,1.13
2026-01-10T11:25:57.000,1.79
2026-01-10T11:36:11.000,2.6
2026-01-10T11:46:26.000,2.8
2026-01-10T11:56:41.000,3.41
2026-01-10T12:06:55.000,3.23
2026-01-10T12:17:09.000,3.05
2026-01-10T12:27:22.000,2.95
2026-01-10T12:37:36.000,2.39
2026-01-10T12:47:50.000,2.13
2026-01-10T12:58:04.000,2.87
2026-01-10T13:08:17.000,3.03
2026-01-10T13:18:31.000,1.86
2026-01-10T13:28:45.000,1.76
2026-01-10T13:38:59.000,1.83
2026-01-10T13:49:13.000,1.83
2026-01-10T13:59:27.000,2.3
2026-01-11T01:07:21.000,7.62
2026-01-11T01:22:59.000,6.21
2026-01-11T01:33:17.000,4.66
2026-01-11T01:43:29.000,2.48
2026-01-11T01:53:44.000,1.84
2026-01-11T02:03:58.000,2.08
2026-01-11T02:14:13.000,3.06
2026-01-11T02:34:32.000,3.85
2026-01-11T02:44:58.000,4.96
2026-01-11T02:55:13.000,3.87
2026-01-11T03:05:27.000,6.35
2026-01-11T03:15:42.000,6.18
2026-01-11T03:26:00.000,6.66
2026-01-11T03:36:14.000,6.2
2026-01-11T03:46:32.000,6.0
2026-01-11T03:56:45.000,6.64
2026-01-11T04:06:59.000,6.6
2026-01-11T04:17:14.000,5.96
2026-01-11T04:27:29.000,5.87
2026-01-11T04:37:43.000,5.46
2026-01-11T04:47:57.000,6.44
2026-01-11T04:58:11.000,6.27
2026-01-11T05:08:25.000,5.84
2026-01-11T05:18:42.000,5.14
2026-01-11T05:28:57.000,5.9
2026-01-11T05:39:11.000,6.48
2026-01-11T05:49:25.000,6.19
2026-01-11T05:59:41.000,6.46
2026-01-11T06:09:56.000,6.25
2026-01-11T06:20:09.000,5.76
2026-01-11T06:30:23.000,5.74
2026-01-11T06:40:37.000,5.49
2026-01-11T06:50:51.000,4.84
2026-01-11T07:01:06.000,4.79
2026-01-11T07:11:24.000,5.79
2026-01-11T07:21:39.000,5.54
2026-01-11T07:31:52.000,4.81
2026-01-11T07:42:05.000,4.69
2026-01-11T07:52:21.000,4.5
2026-01-11T08:02:35.000,4.93
2026-01-11T08:12:48.000,5.4
2026-01-11T08:23:02.000,5.18
2026-01-11T08:33:16.000,5.3
2026-01-11T08:43:30.000,5.22
2026-01-11T08:53:44.000,5.29
2026-01-11T09:03:58.000,5.21
2026-01-11T09:14:11.000,4.96
2026-01-11T09:24:25.000,4.64
2026-01-11T09:34:39.000,3.97
2026-01-11T09:44:54.000,3.43
2026-01-11T09:55:07.000,2.41
2026-01-11T10:05:24.000,2.57
2026-01-11T10:25:57.000,5.12
2026-01-11T10:36:21.000,4.3
2026-01-11T10:46:33.000,2.38
2026-01-11T10:56:46.000,1.83
2026-01-11T11:07:00.000,1.99
2026-01-11T11:17:14.000,2.42
2026-01-11T11:27:28.000,2.5
2026-01-11T11:37:42.000,3.75
2026-01-11T11:47:56.000,4.21
2026-01-11T11:58:11.000,4.24
2026-01-11T12:08:24.000,3.83
2026-01-11T12:18:38.000,3.7
2026-01-11T12:28:52.000,3.63
2026-01-11T12:39:06.000,3.42
2026-01-11T12:49:20.000,4.41
2026-01-11T12:59:34.000,3.74
2026-01-11T13:09:48.000,3.86
2026-01-11T13:20:03.000,4.21
2026-01-11T13:30:18.000,4.3
2026-01-11T13:40:31.000,4.47
2026-01-11T13:50:48.000,4.5
2026-01-11T14:01:02.000,4.24
2026-01-12T01:02:43.000,8.11
2026-01-12T01:13:01.000,9.1
2026-01-12T01:28:33.000,9.66
2026-01-12T01:38:55.000,9.39
2026-01-12T01:49:08.000,9.01
2026-01-12T01:59:22.000,8.87
2026-01-12T02:09:36.000,9.07
2026-01-12T02:19:49.000,8.86
2026-01-12T02:30:03.000,8.84
2026-01-12T02:40:17.000,9.06
2026-01-12T02:50:31.000,8.53
2026-01-12T03:00:44.000,8.42
2026-01-12T03:10:59.000,7.89
2026-01-12T03:21:16.000,8.43
2026-01-12T03:31:31.000,7.93
2026-01-12T03:41:44.000,7.0
2026-01-12T03:51:58.000,6.4
2026-01-12T04:02:12.000,6.22
2026-01-12T04:12:26.000,6.32
2026-01-12T04:22:41.000,6.62
2026-01-12T04:38:15.000,7.22
2026-01-12T04:48:35.000,7.23
2026-01-12T04:58:47.000,6.47
2026-01-12T05:09:01.000,6.07
2026-01-12T05:19:15.000,6.21
2026-01-12T05:29:32.000,6.21
2026-01-12T05:39:50.000,6.38
2026-01-12T06:00:22.000,7.83
2026-01-12T06:10:45.000,7.1
2026-01-12T06:20:58.000,6.24
2026-01-12T06:31:12.000,5.97
2026-01-12T06:46:29.000,6.76
2026-01-12T06:56:52.000,7.01
2026-01-12T07:07:05.000,6.37
2026-01-12T07:17:19.000,5.81
2026-01-12T07:27:33.000,6.0
2026-01-12T07:37:47.000,6.21
2026-01-12T07:48:01.000,6.19
2026-01-12T07:58:16.000,6.24
2026-01-12T08:08:30.000,6.35
2026-01-12T08:18:44.000,6.22
2026-01-12T08:28:59.000,6.71
2026-01-12T08:39:13.000,6.22
2026-01-12T08:49:27.000,5.93
2026-01-12T08:59:41.000,6.34
2026-01-12T09:09:55.000,6.14
2026-01-12T09:20:09.000,6.53
2026-01-12T09:30:24.000,6.83
2026-01-12T09:40:38.000,6.99
2026-01-12T09:50:52.000,7.5
2026-01-12T10:01:06.000,7.75
2026-01-12T10:11:22.000,6.92
2026-01-12T10:21:35.000,6.82
2026-01-12T10:31:51.000,6.65
2026-01-12T10:42:04.000,7.09
2026-01-12T10:52:18.000,7.6
2026-01-12T11:02:33.000,7.24
2026-01-12T11:12:47.000,7.1
2026-01-12T11:23:02.000,6.71
2026-01-12T11:33:17.000,6.61
2026-01-12T11:43:32.000,6.43
2026-01-13T01:03:19.000,5.97
2026-01-13T01:13:33.000,7.63
2026-01-13T01:23:48.000,8.22
2026-01-13T01:34:03.000,7.99
2026-01-13T01:44:21.000,7.35
2026-01-13T01:54:36.000,7.9
2026-01-13T02:04:50.000,7.95
2026-01-13T02:15:07.000,8.34
2026-01-13T02:25:21.000,7.9
2026-01-13T02:35:35.000,7.75
2026-01-13T02:45:50.000,9.45
2026-01-13T02:56:06.000,9.45
2026-01-13T03:06:20.000,9.08
2026-01-13T03:16:33.000,8.25
2026-01-13T03:26:47.000,7.67
2026-01-13T03:37:02.000,7.46
2026-01-13T03:47:16.000,7.25
2026-01-13T03:57:31.000,7.87
2026-01-13T04:07:47.000,7.31
2026-01-13T04:18:02.000,7.48
2026-01-13T04:28:18.000,7.58
2026-01-13T04:38:32.000,7.4
2026-01-13T04:48:46.000,7.6
2026-01-13T04:59:04.000,7.49
2026-01-13T05:09:19.000,7.31
2026-01-13T05:19:33.000,7.37
2026-01-13T05:29:47.000,6.82
2026-01-13T05:40:01.000,5.66
2026-01-13T05:50:15.000,4.58
2026-01-13T06:00:29.000,3.74
2026-01-13T06:10:42.000,3.49
2026-01-13T06:20:56.000,3.25
2026-01-13T06:31:11.000,5.5
2026-01-13T06:41:26.000,6.03
2026-01-13T06:51:42.000,7.7
2026-01-13T07:01:57.000,8.78
2026-01-13T07:12:13.000,9.29
2026-01-13T07:22:28.000,9.11
2026-01-13T07:32:43.000,8.97
2026-01-13T07:42:58.000,9.03
2026-01-13T07:53:14.000,8.76
2026-01-13T08:03:28.000,9.11
2026-01-13T08:13:43.000,9.21
2026-01-13T08:23:57.000,9.2
2026-01-13T08:34:11.000,9.5
2026-01-13T08:44:26.000,9.62
2026-01-13T08:54:41.000,9.33
2026-01-13T09:04:59.000,9.21
2026-01-13T09:15:14.000,9.51
2026-01-13T09:25:28.000,9.16
2026-01-13T09:35:42.000,9.24
2026-01-13T09:45:56.000,8.79
2026-01-13T09:56:09.000,8.81
2026-01-13T10:06:25.000,8.75
2026-01-13T10:16:40.000,8.49
2026-01-13T10:26:54.000,8.68
2026-01-13T10:37:08.000,7.93
2026-01-13T10:47:22.000,8.4
2026-01-13T10:57:36.000,8.05
2026-01-13T11:07:50.000,7.76
2026-01-13T11:18:06.000,8.26
2026-01-13T11:28:20.000,8.29
2026-01-13T11:38:34.000,8.18
2026-01-13T11:48:48.000,8.22
2026-01-13T11:59:02.000,8.22
2026-01-13T12:09:18.000,8.62
2026-01-13T12:24:36.000,9.33
2026-01-13T12:34:56.000,8.88
2026-01-13T12:45:09.000,8.01
2026-01-13T12:55:24.000,7.33
2026-01-13T13:05:38.000,7.28
2026-01-13T13:15:52.000,7.48
2026-01-13T13:26:09.000,7.49
2026-01-13T13:36:23.000,5.19
2026-01-13T13:46:36.000,4.01
2026-01-13T13:56:50.000,3.54
2026-01-14T01:04:24.000,8.51
2026-01-14T01:14:39.000,9.29
2026-01-14T01:35:11.000,10.99
2026-01-14T01:45:34.000,11.53
2026-01-14T01:55:50.000,10.68
2026-01-14T02:06:04.000,10.25
2026-01-14T02:16:19.000,9.15
2026-01-14T02:26:34.000,8.53
2026-01-14T02:36:53.000,8.01
2026-01-14T02:47:08.000,7.53
2026-01-14T02:57:24.000,7.15
2026-01-14T03:07:39.000,6.87
2026-01-14T03:17:55.000,6.9
2026-01-14T03:28:09.000,6.7
2026-01-14T03:38:27.000,6.63
2026-01-14T03:48:41.000,6.3
2026-01-14T03:58:56.000,6.44
2026-01-14T04:09:11.000,6.57
2026-01-14T04:19:27.000,6.31
2026-01-14T04:29:42.000,6.36
2026-01-14T04:39:57.000,6.43
2026-01-14T04:50:11.000,6.21
2026-01-14T05:00:25.000,5.99
2026-01-14T05:10:38.000,6.09
2026-01-14T05:20:53.000,5.98
2026-01-14T05:31:07.000,5.81
2026-01-14T05:41:22.000,5.72
2026-01-14T05:51:36.000,5.66
2026-01-14T06:01:56.000,5.57
2026-01-14T06:12:10.000,5.5
2026-01-14T06:22:24.000,5.48
2026-01-14T06:32:38.000,5.56
2026-01-14T06:42:52.000,5.33
2026-01-14T06:53:06.000,5.31
2026-01-14T07:08:46.000,6.16
2026-01-14T07:19:07.000,5.68
2026-01-14T07:29:21.000,3.95
2026-01-14T07:39:35.000,3.25
2026-01-14T07:49:50.000,3.43
2026-01-14T08:00:03.000,3.46
2026-01-14T08:10:17.000,3.2
2026-01-15T01:05:18.000,9.26
2026-01-15T01:15:35.000,11.31
2026-01-15T01:25:50.000,11.43
2026-01-15T01:46:25.000,11.27
2026-01-15T01:56:38.000,11.56
2026-01-15T02:06:53.000,10.98
2026-01-15T02:17:07.000,10.33
2026-01-15T02:27:25.000,10.51
2026-01-15T02:37:41.000,10.99
2026-01-15T02:47:56.000,11.75
2026-01-15T02:58:12.000,10.99
2026-01-15T03:08:25.000,9.96
2026-01-15T03:18:40.000,9.66
2026-01-15T03:28:54.000,11.24
2026-01-15T03:39:09.000,10.59
2026-01-15T03:49:22.000,10.75
2026-01-15T04:09:53.000,10.45
2026-01-15T04:25:26.000,10.38
2026-01-15T04:35:47.000,10.86
2026-01-15T04:46:04.000,11.23
2026-01-15T05:01:37.000,11.26
2026-01-15T05:11:59.000,12.24
2026-01-15T05:22:13.000,11.69
2026-01-15T05:32:30.000,10.64
2026-01-15T05:42:46.000,10.18
2026-01-15T05:53:02.000,10.28
2026-01-15T06:13:32.000,10.61
2026-01-15T06:23:46.000,10.65
2026-01-15T06:34:03.000,11.19
2026-01-15T06:44:19.000,11.15
2026-01-15T06:59:38.000,12.36
2026-01-15T07:10:00.000,12.28
2026-01-15T07:20:18.000,11.57
2026-01-15T07:30:31.000,10.96
2026-01-15T07:40:45.000,11.28
2026-01-15T07:50:58.000,10.81
2026-01-15T08:01:12.000,10.26
2026-01-15T08:11:26.000,10.41
2026-01-15T08:21:40.000,10.47
2026-01-15T08:31:56.000,11.09
2026-01-15T08:42:10.000,11.02
2026-01-15T08:52:24.000,11.14
2026-01-15T09:02:38.000,9.85
2026-01-15T09:12:51.000,7.79
2026-01-15T09:23:04.000,7.12
2026-01-15T09:33:18.000,6.83
2026-01-15T09:43:33.000,7.13
2026-01-15T09:58:51.000,8.88
2026-01-15T10:19:26.000,9.86
2026-01-15T10:29:40.000,10.15
2026-01-15T10:39:53.000,10.43
2026-01-15T10:50:07.000,10.51
2026-01-15T11:00:21.000,10.16
2026-01-15T11:10:36.000,10.27
2026-01-15T11:20:53.000,10.68
2026-01-15T11:31:07.000,11.2
2026-01-15T11:46:39.000,11.43
2026-01-15T11:56:59.000,10.88
2026-01-15T12:07:12.000,10.55
2026-01-15T12:17:26.000,10.34
2026-01-15T12:27:40.000,9.7
2026-01-15T12:37:53.000,9.36
2026-01-15T12:48:09.000,10.11
2026-01-15T12:58:24.000,10.87
2026-01-15T13:08:40.000,10.81
2026-01-17T01:16:11.000,8.56
2026-01-17T01:26:25.000,8.65
2026-01-17T01:36:42.000,8.55
2026-01-17T01:46:58.000,8.48
2026-01-17T02:02:31.000,8.93
2026-01-17T02:12:52.000,9.02
2026-01-17T02:23:06.000,8.31
2026-01-17T02:33:20.000,8.12
2026-01-17T02:43:34.000,7.57
2026-01-17T02:53:47.000,7.74
2026-01-17T03:04:01.000,7.47
2026-01-17T03:14:17.000,7.13
2026-01-17T03:24:33.000,6.92
2026-01-17T03:34:47.000,6.0
2026-01-17T03:45:01.000,6.97
2026-01-17T03:55:20.000,6.58
2026-01-17T04:05:34.000,6.43
2026-01-17T04:15:48.000,6.47
2026-01-17T04:26:03.000,6.5
2026-01-17T04:46:38.000,6.08
2026-01-17T04:56:54.000,6.42
2026-01-17T05:07:16.000,6.32
2026-01-17T05:32:54.000,6.97
2026-01-17T05:43:14.000,6.82
2026-01-17T05:58:45.000,6.83
2026-01-17T06:09:05.000,6.81
2026-01-17T06:19:18.000,5.61
2026-01-17T06:29:31.000,5.24
2026-01-17T06:39:46.000,4.3
2026-01-17T06:50:00.000,4.28
2026-01-17T07:00:16.000,4.06
2026-01-17T07:10:33.000,4.09
2026-01-17T07:20:54.000,4.95
2026-01-17T07:31:11.000,5.14
2026-01-17T07:41:28.000,3.95
2026-01-17T07:51:43.000,2.97
2026-01-17T08:01:57.000,2.59
2026-01-17T08:12:11.000,2.36
2026-01-17T08:22:25.000,2.77
2026-01-17T08:32:40.000,3.54
2026-01-17T08:42:56.000,3.84
2026-01-17T08:53:10.000,4.29
2026-01-17T09:03:24.000,4.75
2026-01-17T09:13:37.000,4.32
2026-01-17T09:23:51.000,3.99
2026-01-17T09:34:05.000,3.98
2026-01-18T01:07:43.000,8.19
2026-01-18T01:17:57.000,8.97
2026-01-18T01:28:12.000,8.99
2026-01-18T01:38:27.000,8.83
2026-01-18T01:48:40.000,8.61
2026-01-18T01:58:54.000,8.02
2026-01-18T02:09:11.000,8.3
2026-01-18T02:24:29.000,9.14
2026-01-18T02:34:49.000,8.98
2026-01-18T02:45:02.000,8.09
2026-01-18T02:55:18.000,7.61
2026-01-18T03:05:34.000,7.55
2026-01-18T03:15:49.000,7.36
2026-01-18T03:26:07.000,7.51
2026-01-18T03:36:24.000,7.61
2026-01-18T03:46:40.000,7.35
2026-01-18T03:56:54.000,7.51
2026-01-18T04:07:09.000,7.29
2026-01-18T04:17:26.000,7.3
2026-01-18T04:27:39.000,7.12
2026-01-18T04:37:53.000,6.94
2026-01-18T04:53:25.000,7.41
2026-01-18T05:03:45.000,7.8
2026-01-18T05:13:59.000,7.07
2026-01-18T05:24:13.000,6.97
2026-01-18T05:44:42.000,6.61
2026-01-18T05:54:56.000,6.42
2026-01-18T06:05:10.000,6.6
2026-01-18T06:15:23.000,5.89
2026-01-18T06:25:39.000,5.39
2026-01-18T06:35:54.000,5.02
2026-01-18T06:46:08.000,5.44
2026-01-18T06:56:23.000,4.33
2026-01-18T07:06:37.000,3.75
2026-01-18T07:16:51.000,3.61
2026-01-18T07:27:05.000,3.67
2026-01-18T07:37:19.000,3.66
2026-01-18T07:52:51.000,4.76
2026-01-18T08:03:12.000,5.07
2026-01-18T08:13:25.000,4.05
2026-01-18T08:23:39.000,3.99
2026-01-18T08:33:53.000,3.58
2026-01-18T08:44:07.000,3.14
2026-01-18T08:54:21.000,3.57
2026-01-18T09:04:35.000,4.18
2026-01-18T09:14:50.000,4.17
2026-01-18T09:25:08.000,4.39
2026-01-18T09:35:22.000,3.97
2026-01-18T09:45:37.000,3.63
2026-01-18T09:55:50.000,3.68
2026-01-18T10:06:05.000,3.8
2026-01-18T10:16:19.000,2.93
2026-01-18T10:26:33.000,3.35
2026-01-18T10:36:49.000,3.97
2026-01-18T10:47:04.000,4.03
2026-01-18T10:57:19.000,3.79
2026-01-18T11:07:34.000,3.64
2026-01-18T11:17:48.000,3.84
2026-01-18T11:28:02.000,3.87
2026-01-18T11:38:16.000,3.83
2026-01-18T11:48:30.000,3.56
2026-01-18T11:58:44.000,3.41
2026-01-18T12:08:59.000,3.15
2026-01-18T12:19:13.000,3.37
2026-01-18T12:29:27.000,2.88
2026-01-18T12:39:40.000,2.63
2026-01-18T12:49:54.000,2.49
2026-01-18T13:00:10.000,2.75
2026-01-18T13:10:25.000,3.63
2026-01-18T13:20:41.000,5.57
2026-01-18T13:30:57.000,5.28
2026-01-18T13:41:12.000,8.11
2026-01-18T13:51:27.000,9.67
2026-01-18T14:01:42.000,9.89
2026-01-19T01:05:43.000,10.61
2026-01-19T01:16:01.000,11.27
2026-01-19T01:26:15.000,10.73
2026-01-19T01:46:34.000,12.06
2026-01-19T02:02:14.000,12.0
2026-01-19T02:12:37.000,11.28
2026-01-19T02:22:51.000,10.47
2026-01-19T02:33:08.000,9.89
2026-01-19T02:43:22.000,9.88
2026-01-19T02:53:35.000,9.91
2026-01-19T03:03:52.000,9.44
2026-01-19T03:14:06.000,9.44
2026-01-19T03:24:20.000,9.32
2026-01-19T03:34:34.000,9.13
2026-01-19T03:44:48.000,9.1
2026-01-19T03:55:02.000,8.87
2026-01-19T04:05:16.000,8.55
2026-01-19T04:15:30.000,8.71
2026-01-19T04:25:45.000,7.92
2026-01-19T04:35:59.000,7.8
2026-01-19T04:46:13.000,7.61
2026-01-19T04:56:30.000,7.88
2026-01-19T05:06:44.000,7.83
2026-01-19T05:16:58.000,8.02
2026-01-19T05:27:12.000,7.88
2026-01-19T05:42:45.000,8.78
2026-01-19T05:53:06.000,9.18
2026-01-19T06:03:19.000,8.35
2026-01-19T06:13:33.000,8.17
2026-01-19T06:23:46.000,8.35
2026-01-19T06:34:00.000,8.44
2026-01-19T06:54:33.000,9.49
2026-01-19T07:04:55.000,9.41
2026-01-19T07:25:23.000,7.47
2026-01-19T07:35:37.000,6.67
2026-01-19T07:45:51.000,6.44
2026-01-19T07:56:05.000,6.27
2026-01-19T08:06:20.000,6.5
2026-01-19T08:16:35.000,6.25
2026-01-19T08:26:48.000,6.39
2026-01-19T08:37:04.000,6.37
2026-01-19T08:47:18.000,6.15
2026-01-19T08:57:33.000,6.7
2026-01-19T09:07:51.000,6.84
2026-01-19T09:18:05.000,6.4
2026-01-19T09:28:19.000,6.19
2026-01-19T09:38:33.000,5.84
2026-01-19T09:48:47.000,5.59
2026-01-19T09:59:01.000,5.5
2026-01-19T10:09:15.000,5.14
2026-01-19T10:19:29.000,5.15
2026-01-19T10:29:43.000,5.13
2026-01-19T10:39:59.000,5.51
2026-01-19T10:50:13.000,5.4
2026-01-19T11:00:27.000,5.32
2026-01-19T11:10:42.000,5.55
2026-01-19T11:20:56.000,5.45
2026-01-19T11:31:11.000,5.31
2026-01-19T11:41:25.000,5.58
2026-01-19T11:51:39.000,5.13
2026-01-19T12:01:54.000,4.78
2026-01-19T12:12:08.000,4.65
2026-01-19T12:22:21.000,4.08
2026-01-19T12:32:35.000,4.15
2026-01-21T01:09:39.000,9.02
2026-01-21T01:19:53.000,9.64
2026-01-21T01:30:07.000,9.44
2026-01-21T01:45:41.000,10.99
2026-01-21T01:56:02.000,10.19
2026-01-21T02:06:16.000,9.04
2026-01-21T02:16:29.000,8.81
2026-01-21T02:26:46.000,8.25
2026-01-21T02:37:01.000,8.59
2026-01-21T02:47:15.000,8.35
2026-01-21T02:57:30.000,8.64
2026-01-21T03:07:44.000,7.8
2026-01-21T03:18:00.000,8.42
2026-01-21T03:28:16.000,7.66
2026-01-21T03:38:31.000,7.31
2026-01-21T03:48:47.000,7.07
2026-01-21T03:59:04.000,6.93
2026-01-21T04:09:21.000,6.7
2026-01-21T04:19:40.000,6.56
2026-01-21T04:29:55.000,6.56
2026-01-21T04:40:10.000,6.56
2026-01-21T04:50:24.000,6.26
2026-01-21T05:00:37.000,6.04
2026-01-21T05:10:51.000,6.06
2026-01-21T05:26:23.000,6.88
2026-01-21T05:36:45.000,6.82
2026-01-21T05:46:58.000,6.19
2026-01-21T05:57:11.000,6.24
2026-01-21T06:07:25.000,6.2
2026-01-21T06:17:39.000,6.03
2026-01-21T06:27:53.000,5.79
2026-01-21T06:38:06.000,5.32
2026-01-21T06:48:20.000,4.74
2026-01-21T06:58:33.000,5.17
2026-01-21T07:08:48.000,4.91
2026-01-21T07:19:01.000,4.8
2026-01-21T07:34:34.000,5.57
2026-01-21T07:44:54.000,5.44
2026-01-21T07:55:09.000,4.81
2026-01-21T08:05:23.000,4.35
2026-01-21T08:15:40.000,3.88
2026-01-21T08:25:54.000,4.16
2026-01-21T08:36:09.000,3.63
2026-01-21T08:46:23.000,3.23
2026-01-21T08:56:36.000,3.23
2026-01-21T09:06:50.000,2.93
2026-01-21T09:17:04.000,2.98
2026-01-21T09:27:20.000,2.38
2026-01-21T09:53:19.000,3.64
2026-01-21T10:03:33.000,2.97
2026-01-21T10:13:47.000,2.58
2026-01-21T10:29:19.000,3.72
2026-01-21T10:39:41.000,4.32
2026-01-21T10:49:53.000,3.23
2026-01-21T11:00:07.000,2.76
2026-01-21T11:10:21.000,2.44
2026-01-21T11:20:35.000,2.29
2026-01-21T11:30:49.000,2.49
2026-01-21T11:41:04.000,2.4
2026-01-21T11:51:18.000,2.33
2026-01-21T12:01:32.000,2.36
2026-01-21T12:11:46.000,2.41
2026-01-21T12:22:00.000,1.98
2026-01-21T12:32:14.000,1.66
2026-01-21T12:42:28.000,1.83
2026-01-21T12:52:42.000,1.4
2026-01-21T13:02:56.000,0.82
2026-01-21T13:13:10.000,1.02
2026-01-21T13:23:24.000,1.28
2026-01-21T13:33:38.000,1.51
2026-01-21T13:43:51.000,0.78
2026-01-21T13:54:05.000,0.41
2026-01-22T01:06:57.000,13.52
2026-01-22T01:17:11.000,13.84
2026-01-22T01:27:26.000,12.89
2026-01-22T01:37:40.000,12.17
2026-01-22T01:47:53.000,11.87
2026-01-22T01:58:07.000,11.51
2026-01-22T02:08:21.000,11.11
2026-01-22T02:18:35.000,11.04
2026-01-22T02:28:49.000,11.2
2026-01-22T02:39:04.000,11.26
2026-01-22T02:49:18.000,10.98
2026-01-22T02:59:32.000,10.83
2026-01-22T03:09:46.000,10.15
2026-01-22T03:20:03.000,10.12
2026-01-22T03:30:17.000,10.31
2026-01-22T03:40:33.000,10.08
2026-01-22T03:50:47.000,10.03
2026-01-22T04:06:18.000,10.86
2026-01-22T04:16:39.000,10.75
2026-01-22T04:32:10.000,10.69
2026-01-22T04:42:32.000,10.58
2026-01-22T04:52:45.000,9.9
2026-01-22T05:08:19.000,10.73
2026-01-22T05:18:39.000,10.29
2026-01-22T05:28:57.000,8.74
2026-01-22T05:39:11.000,7.95
2026-01-22T05:49:27.000,7.17
2026-01-22T05:59:41.000,6.38
2026-01-22T06:09:58.000,6.1
2026-01-22T06:20:14.000,6.11
2026-01-22T06:30:27.000,6.42
2026-01-22T06:40:41.000,6.55
2026-01-22T06:50:55.000,6.41
2026-01-22T07:01:09.000,7.01
2026-01-22T07:11:23.000,7.27
2026-01-22T07:21:38.000,7.53
2026-01-22T07:31:52.000,7.67
2026-01-22T07:42:06.000,7.51
2026-01-22T07:52:20.000,7.13
2026-01-22T08:02:34.000,6.92
2026-01-22T08:18:06.000,7.92
2026-01-22T08:28:27.000,8.07
2026-01-22T08:38:41.000,7.49
2026-01-22T08:48:55.000,7.03
2026-01-22T08:59:08.000,6.69
2026-01-22T09:09:22.000,6.23
2026-01-22T09:19:35.000,6.39
2026-01-22T09:29:49.000,6.72
2026-01-22T09:40:04.000,7.78
2026-01-22T09:50:19.000,8.41
2026-01-22T10:00:33.000,8.64
2026-01-22T10:10:47.000,9.37
2026-01-22T10:21:01.000,8.36
2026-01-22T10:31:14.000,8.15
2026-01-22T10:41:29.000,8.33
2026-01-22T10:51:42.000,8.55
2026-01-22T11:01:58.000,8.2
2026-01-22T11:12:14.000,7.79
2026-01-22T11:22:28.000,7.27
2026-01-22T11:32:41.000,6.82
2026-01-22T11:42:55.000,6.26
2026-01-22T11:53:08.000,6.29
2026-01-22T12:03:22.000,6.35
2026-01-22T12:13:37.000,6.94
2026-01-22T12:23:51.000,6.3
2026-01-22T12:34:05.000,5.97
2026-01-22T12:44:19.000,5.78
2026-01-22T12:54:33.000,6.03
2026-01-22T13:04:48.000,5.14
2026-01-22T13:15:01.000,5.43
2026-01-22T13:25:16.000,6.43
2026-01-22T13:35:31.000,8.41
2026-01-22T13:45:46.000,8.57
2026-01-22T13:55:59.000,8.13
2026-01-23T01:05:49.000,13.38
2026-01-23T01:16:03.000,14.41
2026-01-23T01:26:17.000,15.05
2026-01-23T01:36:31.000,15.54
2026-01-23T01:46:45.000,15.49
2026-01-23T01:56:59.000,15.51
2026-01-23T02:07:13.000,15.53
2026-01-23T02:17:27.000,15.59
2026-01-23T02:27:41.000,15.28
2026-01-23T02:37:55.000,14.96
2026-01-23T02:48:09.000,14.77
2026-01-23T02:58:23.000,14.76
2026-01-23T03:08:39.000,14.69
2026-01-23T03:18:54.000,14.6
2026-01-23T03:29:07.000,14.2
2026-01-23T03:44:25.000,14.27
2026-01-23T03:54:45.000,14.87
2026-01-23T04:05:01.000,15.1
2026-01-23T04:15:16.000,15.6
2026-01-23T04:25:30.000,14.92
2026-01-23T04:35:44.000,14.69
2026-01-23T04:45:59.000,14.48
2026-01-23T04:56:17.000,14.42
2026-01-23T05:06:31.000,14.6
2026-01-23T05:16:47.000,15.08
2026-01-23T05:27:01.000,14.99
2026-01-23T05:37:17.000,14.87
2026-01-23T05:47:31.000,14.13
2026-01-23T05:57:45.000,14.04
2026-01-23T06:08:00.000,13.81
2026-01-23T06:23:31.000,12.08
2026-01-23T06:33:50.000,10.9
2026-01-23T06:59:41.000,11.21
2026-01-23T07:09:55.000,11.05
2026-01-23T07:20:09.000,11.31
2026-01-23T07:30:23.000,11.52
2026-01-23T07:40:37.000,11.48
2026-01-23T07:56:09.000,12.23
2026-01-23T08:06:30.000,12.01
2026-01-23T08:16:45.000,11.76
2026-01-23T08:27:04.000,11.96
2026-01-23T08:37:18.000,10.46
2026-01-23T09:03:05.000,10.99
2026-01-23T09:13:25.000,10.61
2026-01-23T09:33:53.000,10.09
2026-01-23T09:44:07.000,10.11
2026-01-23T09:54:22.000,10.26
2026-01-23T10:04:36.000,10.28
2026-01-23T10:14:50.000,10.28
2026-01-23T10:25:04.000,10.35
2026-01-23T10:35:18.000,10.42
2026-01-23T10:45:33.000,10.69
2026-01-23T10:55:47.000,10.62
2026-01-23T11:06:02.000,10.7
2026-01-23T11:21:35.000,11.51
2026-01-23T11:31:57.000,11.38
2026-01-23T11:42:10.000,10.83
2026-01-23T11:52:23.000,10.48
2026-01-23T12:02:37.000,10.6
2026-01-23T12:12:51.000,10.82
2026-01-23T12:23:05.000,10.79
2026-01-23T12:33:20.000,10.88
2026-01-23T12:43:34.000,10.65
2026-01-23T12:53:47.000,10.63
2026-01-23T13:04:01.000,10.67
2026-01-23T13:14:15.000,10.73
2026-01-23T13:24:29.000,10.37
2026-01-23T13:34:44.000,10.02
2026-01-23T13:44:58.000,10.28
2026-01-23T13:55:12.000,10.54
2026-01-23T14:05:25.000,10.74
2026-01-24T01:07:30.000,11.33
2026-01-24T01:27:59.000,11.89
2026-01-24T01:38:14.000,10.85
2026-01-24T01:48:29.000,10.92
2026-01-24T01:58:44.000,10.97
2026-01-24T02:09:03.000,11.15
2026-01-24T02:19:19.000,10.98
2026-01-24T02:29:33.000,10.78
2026-01-24T02:39:47.000,10.52
2026-01-24T02:50:00.000,10.61
2026-01-24T03:00:14.000,10.76
2026-01-24T03:10:28.000,10.64
2026-01-24T03:26:00.000,11.96
2026-01-24T03:41:39.000,13.2
2026-01-24T03:51:58.000,12.92
2026-01-24T04:02:13.000,12.29
2026-01-24T04:12:29.000,11.91
2026-01-24T04:28:01.000,12.42
2026-01-24T04:48:33.000,11.81
2026-01-24T04:58:47.000,11.69
2026-01-24T05:09:01.000,11.52
2026-01-24T05:19:16.000,11.65
2026-01-24T05:29:32.000,11.67
2026-01-24T05:39:46.000,10.77
2026-01-24T05:50:00.000,10.23
2026-01-24T06:00:13.000,10.34
2026-01-24T06:10:27.000,11.01
2026-01-24T06:20:43.000,11.4
2026-01-24T06:31:00.000,11.49
2026-01-24T06:41:14.000,11.44
2026-01-24T06:51:28.000,11.37
2026-01-24T07:01:42.000,11.09
2026-01-24T07:11:55.000,10.59
2026-01-24T07:22:10.000,10.84
2026-01-24T07:32:26.000,11.19
2026-01-24T07:42:40.000,11.31
2026-01-24T07:52:54.000,11.13
2026-01-24T08:03:08.000,10.91
2026-01-26T01:10:33.000,4.11
2026-01-26T01:26:06.000,5.62
2026-01-26T01:36:28.000,5.53
2026-01-26T01:46:42.000,4.48
2026-01-26T01:56:56.000,4.25
2026-01-26T02:07:09.000,3.75
2026-01-26T02:17:23.000,3.84
2026-01-26T02:27:40.000,3.89
2026-01-26T02:37:53.000,3.95
2026-01-26T02:48:10.000,4.01
2026-01-26T02:58:25.000,4.04
2026-01-26T03:08:39.000,3.86
2026-01-26T03:18:55.000,3.68
2026-01-26T03:29:11.000,3.62
2026-01-26T03:39:27.000,3.03
2026-01-26T03:55:00.000,3.73
2026-01-26T04:05:24.000,3.57
2026-01-26T04:15:38.000,3.13
2026-01-26T04:25:52.000,2.26
2026-01-26T04:36:08.000,1.51
2026-01-26T05:02:14.000,2.14
2026-01-26T05:17:56.000,2.6
2026-01-26T05:28:17.000,2.2
2026-01-26T05:38:30.000,1.44
2026-01-26T05:48:47.000,1.08
2026-01-26T05:59:01.000,0.91
2026-01-26T06:30:17.000,2.25
2026-01-26T06:40:39.000,1.94
2026-01-26T06:50:51.000,0.98
2026-01-26T07:01:05.000,0.7
2026-01-26T07:11:19.000,0.56
2026-01-26T07:21:34.000,0.31
2026-01-26T07:47:27.000,1.61
2026-01-26T07:57:41.000,0.76
2026-01-26T08:13:16.000,1.27
2026-01-26T08:23:38.000,0.88
2026-01-26T08:33:50.000,-0.23
2026-01-26T08:44:04.000,-0.85
2026-01-26T08:54:19.000,-1.38
2026-01-26T09:04:36.000,-1.42
2026-01-26T09:14:51.000,-1.54
2026-01-26T09:25:05.000,-1.55
2026-01-26T09:40:22.000,-1.15
2026-01-26T09:50:44.000,-0.59
2026-01-26T10:00:57.000,-1.33
2026-01-26T10:11:10.000,-1.84
2026-01-26T10:21:24.000,-1.63
2026-01-26T10:31:38.000,-1.33
2026-01-26T10:41:52.000,-0.57
2026-01-26T10:52:06.000,-0.77
2026-01-26T11:02:19.000,-1.38
2026-01-26T11:12:34.000,-1.29
2026-01-26T11:22:47.000,-1.18
2026-01-26T11:33:02.000,-1.13
2026-01-26T11:43:17.000,-0.1
2026-01-26T11:53:35.000,0.17
2026-01-26T12:03:49.000,0.79
2026-01-26T12:14:04.000,1.47
2026-01-26T12:24:18.000,1.87
2026-01-26T12:34:33.000,1.86
2026-01-27T01:13:03.000,3.79
2026-01-27T01:23:20.000,4.53
2026-01-27T01:33:34.000,5.11
2026-01-27T01:43:49.000,5.52
2026-01-27T01:54:03.000,6.02
2026-01-27T02:04:20.000,5.83
2026-01-27T02:14:34.000,5.23
2026-01-27T02:24:48.000,5.37
2026-01-27T02:35:02.000,4.63
2026-01-27T02:50:33.000,5.8
2026-01-27T03:00:55.000,5.53
2026-01-27T03:21:22.000,3.45
2026-01-27T03:36:53.000,4.27
2026-01-27T03:47:14.000,4.77
2026-01-27T03:57:27.000,4.11
2026-01-27T04:12:59.000,5.21
2026-01-27T04:23:20.000,5.57
2026-01-27T04:33:33.000,4.95
2026-01-27T04:43:46.000,4.0
2026-01-27T04:59:23.000,4.44
2026-01-27T05:15:03.000,5.12
2026-01-27T05:25:23.000,4.41
2026-01-27T05:35:36.000,3.32
2026-01-27T05:45:51.000,2.73
2026-01-27T05:56:05.000,2.8
2026-01-27T06:11:37.000,4.8
2026-01-27T06:21:59.000,6.59
2026-01-27T06:32:12.000,5.91
2026-01-27T06:42:28.000,5.33
2026-01-27T06:52:42.000,4.97
2026-01-27T07:02:56.000,4.19
2026-01-27T07:13:10.000,3.25
2026-01-27T07:23:26.000,3.07
2026-01-27T07:38:58.000,3.13
2026-01-27T07:49:19.000,2.76
2026-01-27T07:59:32.000,1.77
2026-01-27T08:09:45.000,1.08
2026-01-27T08:19:58.000,0.64
2026-01-28T01:12:10.000,7.27
2026-01-28T01:27:42.000,9.25
2026-01-28T01:38:03.000,9.33
2026-01-28T01:48:16.000,8.53
2026-01-28T01:58:30.000,8.31
2026-01-28T02:08:44.000,8.22
2026-01-28T02:18:58.000,8.03
2026-01-28T02:29:11.000,7.94
2026-01-28T02:39:27.000,7.97
2026-01-28T02:49:40.000,7.93
2026-01-28T02:59:54.000,7.59
2026-01-28T03:10:13.000,7.41
2026-01-28T03:20:28.000,7.22
2026-01-28T03:30:41.000,7.14
2026-01-28T03:40:55.000,7.44
2026-01-28T03:51:09.000,7.35
2026-01-28T04:01:22.000,6.75
2026-01-28T04:11:41.000,6.1
2026-01-28T04:21:58.000,6.67
2026-01-28T04:32:13.000,7.51
2026-01-28T04:42:27.000,7.54
2026-01-28T04:52:41.000,7.5
2026-01-28T05:02:56.000,7.45
2026-01-28T05:13:10.000,7.03
2026-01-28T05:23:23.000,7.31
2026-01-28T05:33:37.000,7.2
2026-01-28T05:49:09.000,7.87
2026-01-28T05:59:29.000,8.11
2026-01-28T06:09:42.000,7.34
2026-01-28T06:19:59.000,6.88
2026-01-28T06:30:15.000,6.65
2026-01-28T06:40:29.000,6.47
2026-01-28T06:50:46.000,6.88
2026-01-28T07:01:01.000,6.85
2026-01-28T07:11:16.000,6.71
2026-01-28T07:21:31.000,6.79
2026-01-28T07:31:46.000,6.26
2026-01-28T07:42:00.000,5.59
2026-01-28T07:57:31.000,6.12
2026-01-28T08:07:52.000,6.45
2026-01-28T08:18:05.000,6.25
2026-01-28T08:28:19.000,5.43
2026-01-28T08:38:32.000,4.85
2026-01-28T08:48:45.000,4.71
2026-01-28T08:58:59.000,4.79
2026-01-28T09:09:13.000,4.83
2026-01-28T09:19:28.000,5.18
2026-01-28T09:29:42.000,5.34
2026-01-28T09:39:56.000,5.3
2026-01-28T09:50:10.000,5.23
2026-01-28T10:00:24.000,4.88
2026-01-28T10:10:38.000,4.64
2026-01-28T10:20:52.000,4.69
2026-01-28T10:31:06.000,4.91
2026-01-28T10:41:20.000,5.27
2026-01-28T10:51:34.000,5.53
2026-01-28T11:01:48.000,5.74
2026-01-28T11:12:03.000,5.94
2026-01-28T11:22:17.000,5.77
2026-01-28T11:32:30.000,5.77
2026-01-28T11:42:44.000,6.03
2026-01-28T11:52:58.000,5.8
2026-01-28T12:03:12.000,5.59
2026-01-28T12:13:27.000,5.49
2026-01-28T12:23:40.000,5.99
2026-01-28T12:33:54.000,6.07
2026-01-28T12:49:26.000,7.0
2026-01-28T12:59:48.000,7.81
2026-01-28T13:10:01.000,7.88
2026-01-28T13:20:19.000,8.0
2026-01-28T13:30:33.000,9.38
2026-01-28T13:40:50.000,11.24
2026-01-28T13:51:05.000,12.04
2026-01-28T14:01:21.000,11.85
2026-01-29T01:12:35.000,10.57
2026-01-29T01:22:50.000,10.9
2026-01-29T01:33:04.000,11.04
2026-01-29T01:48:36.000,11.79
2026-01-29T01:58:56.000,11.71
2026-01-29T02:09:09.000,11.28
2026-01-29T02:19:23.000,10.4
2026-01-29T02:29:36.000,10.05
2026-01-29T02:39:51.000,10.22
2026-01-29T02:50:06.000,10.82
2026-01-29T03:00:21.000,10.3
2026-01-29T03:10:35.000,9.81
2026-01-29T03:20:49.000,10.18
2026-01-29T03:31:05.000,10.68
2026-01-29T03:41:19.000,9.55
2026-01-29T03:51:34.000,9.04
2026-01-29T04:07:06.000,9.25
2026-01-29T04:17:27.000,9.85
2026-01-29T04:27:41.000,9.64
2026-01-29T04:38:02.000,10.19
2026-01-29T04:48:19.000,11.01
2026-01-29T04:58:37.000,11.43
2026-01-29T05:08:54.000,11.43
2026-01-29T05:19:16.000,11.11
2026-01-29T05:29:31.000,10.51
2026-01-29T05:39:48.000,10.15
2026-01-29T05:50:01.000,10.1
2026-01-29T06:00:15.000,9.88
2026-01-29T06:10:32.000,9.69
2026-01-29T06:20:46.000,9.82
2026-01-29T06:31:01.000,9.34
2026-01-29T06:41:17.000,8.86
2026-01-29T06:51:32.000,8.75
2026-01-29T07:01:47.000,8.45
2026-01-29T07:22:20.000,10.03
2026-01-29T07:32:45.000,9.43
2026-01-29T07:42:58.000,8.38
2026-01-29T07:53:12.000,8.05
2026-01-29T08:03:27.000,7.82
2026-01-29T08:13:44.000,7.67
2026-01-29T08:23:59.000,7.56
2026-01-29T08:34:14.000,7.81
2026-01-29T08:44:29.000,8.52
2026-01-29T08:54:42.000,8.28
2026-01-29T09:04:56.000,8.55
2026-01-29T09:15:10.000,8.8
2026-01-29T09:25:24.000,8.6
2026-01-29T09:35:38.000,8.49
2026-01-29T09:45:52.000,8.43
2026-01-29T09:56:05.000,8.15
2026-01-29T10:06:21.000,8.2
2026-01-29T10:16:34.000,8.1
2026-01-29T10:26:48.000,8.13
2026-01-29T10:37:02.000,8.3
2026-01-29T10:47:16.000,7.62
2026-01-29T10:57:29.000,7.42
2026-01-29T11:07:45.000,7.35
2026-01-29T11:17:58.000,7.26
2026-01-29T11:28:12.000,7.46
2026-01-29T11:38:26.000,7.45
2026-01-29T11:48:41.000,7.56
2026-01-29T12:04:13.000,8.63
2026-01-29T12:14:34.000,8.79
2026-01-29T12:24:47.000,8.35
2026-01-29T12:35:00.000,8.19
2026-01-29T12:45:14.000,8.05
2026-01-29T12:55:33.000,7.53
2026-01-29T13:05:48.000,7.43
2026-01-29T13:16:03.000,7.3
2026-01-29T13:26:18.000,7.07
2026-01-29T13:36:32.000,7.25
2026-01-29T13:46:46.000,7.19
2026-01-29T13:56:59.000,7.23
2026-01-30T01:15:20.000,11.38
2026-01-30T01:25:38.000,12.35
2026-01-30T01:35:53.000,12.48
2026-01-30T01:46:10.000,11.97
2026-01-30T01:56:28.000,11.61
2026-01-30T02:06:43.000,11.98
2026-01-30T02:16:58.000,11.91
2026-01-30T02:27:13.000,11.73
2026-01-30T02:42:48.000,12.31
2026-01-30T02:53:08.000,11.87
2026-01-30T03:03:23.000,11.03
2026-01-30T03:13:39.000,10.72
2026-01-30T03:23:54.000,9.88
2026-01-30T03:34:08.000,8.88
2026-01-30T03:44:23.000,7.63
2026-01-30T03:54:36.000,6.9
2026-01-30T04:10:09.000,7.4
2026-01-30T04:20:30.000,7.25
2026-01-30T04:30:45.000,6.36
2026-01-30T04:40:58.000,5.8
2026-01-30T04:51:12.000,5.49
2026-01-30T05:01:25.000,5.54
2026-01-30T05:11:40.000,5.68
2026-01-30T05:26:59.000,6.07
2026-01-30T05:37:19.000,6.26
2026-01-30T05:47:33.000,5.56
2026-01-30T05:57:47.000,5.1
2026-01-30T06:08:01.000,4.6
2026-01-30T06:18:15.000,4.84
2026-01-30T06:28:28.000,5.1
2026-01-30T06:38:45.000,5.09
2026-01-30T06:48:59.000,4.74
2026-01-30T07:09:18.000,6.76
2026-01-30T07:19:41.000,5.59
2026-01-30T07:29:53.000,4.73
2026-01-30T07:40:07.000,4.28
2026-01-30T07:50:20.000,4.32
2026-01-30T08:00:34.000,4.05
2026-01-30T08:10:50.000,3.68
2026-01-30T08:21:04.000,4.26
2026-01-30T08:31:18.000,4.23
2026-01-30T08:41:32.000,4.06
2026-01-30T08:51:47.000,4.01
2026-01-30T09:02:01.000,3.63
2026-01-30T09:12:15.000,3.61
2026-01-30T09:22:29.000,3.29
2026-01-30T09:32:43.000,3.31
2026-01-30T09:42:57.000,3.09
2026-01-30T09:53:11.000,3.27
2026-01-30T10:03:25.000,3.17
2026-01-30T10:13:39.000,3.38
2026-01-31T01:18:13.000,9.35
2026-01-31T01:33:45.000,10.67
2026-01-31T01:44:05.000,10.22
2026-01-31T01:54:19.000,9.56
2026-01-31T02:04:35.000,8.99
2026-01-31T02:14:50.000,8.62
2026-01-31T02:25:09.000,8.12
2026-01-31T02:35:23.000,7.23
2026-01-31T02:45:39.000,7.72
2026-01-31T02:55:54.000,7.59
2026-01-31T03:06:10.000,7.46
2026-01-31T03:16:25.000,7.39
2026-01-31T03:32:01.000,8.0
2026-01-31T03:42:26.000,8.08
2026-01-31T03:52:39.000,6.72
2026-01-31T04:02:57.000,6.46
2026-01-31T04:18:32.000,7.69
2026-01-31T04:28:53.000,7.39
2026-01-31T04:39:09.000,6.55
2026-01-31T04:49:26.000,6.15
2026-01-31T04:59:41.000,6.2
2026-01-31T05:09:58.000,6.33
2026-01-31T05:20:14.000,6.37
2026-01-31T05:30:28.000,5.98
2026-01-31T05:40:41.000,5.73
2026-01-31T05:56:14.000,5.75
2026-01-31T06:06:38.000,5.67
2026-01-31T06:16:51.000,5.26
2026-01-31T06:27:05.000,4.97
2026-01-31T06:37:18.000,4.92
2026-01-31T06:47:32.000,5.31
2026-01-31T06:57:52.000,5.26
2026-01-31T07:08:06.000,5.4
2026-01-31T07:18:24.000,5.9
2026-01-31T07:28:38.000,6.78
2026-01-31T07:38:54.000,7.86
2026-01-31T07:49:08.000,7.61
2026-01-31T07:59:22.000,6.74
2026-01-31T08:09:35.000,5.32
2026-01-31T08:19:48.000,4.39
2026-01-31T08:30:03.000,3.68
2026-01-31T08:40:16.000,3.5
2026-01-31T08:50:30.000,3.26
2026-01-31T09:00:44.000,3.2
2026-01-31T09:10:59.000,3.2
2026-01-31T09:21:13.000,3.33
2026-01-31T09:41:42.000,3.53
2026-01-31T09:51:57.000,3.88
2026-01-31T10:02:10.000,3.87
2026-01-31T10:12:24.000,4.08
2026-01-31T10:22:39.000,4.36
2026-01-31T10:32:53.000,5.36
2026-01-31T10:43:10.000,7.14
2026-01-31T10:53:24.000,5.57
2026-01-31T11:03:39.000,4.61
2026-01-31T11:13:52.000,5.45
2026-01-31T11:24:06.000,7.27
2026-01-31T11:34:20.000,8.24
2026-01-31T11:44:35.000,8.75
2026-01-31T11:54:50.000,9.07
2026-01-31T12:05:04.000,7.74
2026-01-31T12:15:16.000,5.95
2026-01-31T12:25:34.000,4.77
2026-01-31T12:35:49.000,4.2
2026-04-01T02:20:10.000,20.18
2026-04-01T02:36:00.000,21.04
2026-04-01T02:51:37.000,21.22
2026-04-01T03:01:57.000,20.18
2026-04-01T03:12:16.000,18.7
2026-04-01T03:22:36.000,17.27
2026-04-01T03:48:22.000,19.52
2026-04-01T04:03:51.000,18.95
2026-04-01T04:14:13.000,18.88
2026-04-01T04:24:28.000,18.34
2026-04-01T04:34:43.000,19.13
2026-04-01T04:50:29.000,20.14
2026-04-01T05:06:11.000,20.74
2026-04-01T05:47:24.000,22.04
2026-04-01T06:18:52.000,20.74
2026-04-01T06:49:27.000,22.51
2026-04-01T07:10:14.000,19.57
2026-04-01T07:25:59.000,19.97
2026-04-01T08:58:59.000,21.63
2026-04-01T09:09:21.000,19.6
2026-04-01T09:45:51.000,18.82
2026-04-02T02:00:48.000,15.74
2026-04-02T02:11:03.000,15.62
2026-04-02T02:21:18.000,15.18
2026-04-02T02:36:54.000,15.94
2026-04-02T02:47:18.000,15.43
2026-04-02T02:57:33.000,13.89
2026-04-02T03:22:54.000,15.88
2026-04-02T03:33:21.000,15.07
2026-04-02T03:53:55.000,13.03
2026-04-02T04:04:17.000,12.96
2026-04-02T04:14:32.000,13.21
2026-04-02T04:24:47.000,13.38
2026-04-02T04:35:08.000,13.46
2026-04-02T04:45:23.000,13.78
2026-04-02T04:55:38.000,13.98
2026-04-02T05:16:18.000,14.41
2026-04-02T05:31:55.000,15.26
2026-04-02T05:42:17.000,15.07
2026-04-02T05:52:37.000,14.37
2026-04-02T06:02:52.000,13.87
2026-04-02T06:13:08.000,13.73
2026-04-02T06:23:26.000,13.67
2026-04-02T06:44:02.000,14.81
2026-04-02T06:54:27.000,13.71
2026-04-02T07:04:43.000,12.16
2026-04-02T07:25:32.000,13.21
2026-04-02T07:36:01.000,12.72
2026-04-03T02:09:19.000,19.26
2026-04-03T02:19:41.000,19.12
2026-04-03T02:29:53.000,17.78
2026-04-03T02:40:07.000,17.14
2026-04-03T02:50:22.000,16.46
2026-04-03T03:00:37.000,16.11
2026-04-03T03:10:53.000,15.92
2026-04-03T03:21:07.000,15.52
2026-04-03T03:31:22.000,15.35
2026-04-03T03:41:40.000,15.09
2026-04-03T04:02:11.000,15.16
2026-04-03T04:12:25.000,15.43
2026-04-03T04:22:40.000,15.62
2026-04-03T04:32:53.000,15.87
2026-04-03T04:43:09.000,15.57
2026-04-03T04:53:24.000,15.51
2026-04-03T05:03:39.000,15.64
2026-04-03T05:13:58.000,15.87
2026-04-03T05:24:14.000,15.65
2026-04-03T05:34:30.000,15.35
2026-04-03T05:44:46.000,15.11
2026-04-03T05:55:03.000,14.45
2026-04-03T06:05:17.000,13.24
2026-04-03T06:15:31.000,11.97
2026-04-03T06:25:44.000,11.72
2026-04-03T06:36:02.000,11.18
2026-04-03T06:46:17.000,10.57
2026-04-03T06:56:31.000,10.17
2026-04-03T07:06:45.000,10.4
2026-04-03T07:17:01.000,10.3
2026-04-03T07:27:16.000,10.02
2026-04-03T07:37:31.000,9.85
2026-04-03T07:47:46.000,9.92
2026-04-03T07:58:00.000,10.37
2026-04-03T08:08:16.000,10.25
2026-04-03T08:18:31.000,10.29
2026-04-03T08:28:46.000,10.06
2026-04-03T08:54:22.000,13.62
2026-04-03T09:04:47.000,13.17
2026-04-03T09:15:01.000,11.49
2026-04-03T09:25:16.000,10.2
2026-04-03T09:35:29.000,9.88
2026-04-03T09:45:44.000,9.45
2026-04-03T09:55:59.000,8.76
2026-04-03T10:06:13.000,8.39
2026-04-03T10:16:28.000,7.97
2026-04-03T10:26:45.000,8.26
2026-04-03T10:36:59.000,8.13
2026-04-03T10:47:13.000,7.8
2026-04-03T10:57:27.000,7.69
2026-04-03T11:07:41.000,7.67
2026-04-03T11:17:55.000,7.25
2026-04-03T11:28:11.000,7.08
2026-04-03T11:38:25.000,6.73
2026-04-03T11:48:39.000,7.12
2026-04-03T11:58:53.000,7.23
2026-04-03T12:09:08.000,6.39
2026-04-03T12:19:23.000,6.17
2026-04-03T12:29:38.000,6.41
2026-04-03T12:39:54.000,6.81
2026-04-03T12:50:13.000,7.38
2026-04-04T02:01:48.000,19.24
2026-04-04T02:12:07.000,19.29
2026-04-04T02:22:22.000,19.22
2026-04-04T02:32:37.000,19.23
2026-04-04T02:42:51.000,19.09
2026-04-04T02:53:08.000,18.53
2026-04-04T03:03:29.000,18.3
2026-04-04T03:13:43.000,18.13
2026-04-04T03:23:57.000,17.54
2026-04-04T03:34:12.000,16.79
2026-04-04T03:49:30.000,16.86
2026-04-04T04:10:12.000,14.97
2026-04-04T04:20:25.000,13.63
2026-04-04T04:30:38.000,13.87
2026-04-04T04:40:54.000,14.85
2026-04-04T04:51:11.000,14.85
2026-04-04T05:01:25.000,14.77
2026-04-04T05:11:41.000,14.02
2026-04-04T05:21:55.000,13.07
2026-04-04T05:32:08.000,12.57
2026-04-04T05:42:24.000,12.5
2026-04-04T05:52:40.000,13.13
2026-04-04T06:02:55.000,12.81
2026-04-04T06:13:12.000,13.27
2026-04-04T06:23:29.000,13.91
2026-04-04T06:33:45.000,14.03
2026-04-04T06:44:08.000,14.14
2026-04-04T06:54:23.000,14.38
2026-04-04T07:04:38.000,15.0
2026-04-04T07:14:54.000,15.8
2026-04-04T07:35:29.000,15.8
2026-04-04T07:45:43.000,15.88
2026-04-04T07:56:03.000,16.19
2026-04-04T08:06:21.000,16.54
2026-04-04T08:16:36.000,16.57
2026-04-04T08:26:51.000,16.09
2026-04-04T08:37:06.000,15.89
2026-04-04T08:47:20.000,15.61
2026-04-04T09:02:53.000,16.76
2026-04-04T09:23:28.000,15.33
2026-04-04T09:44:07.000,13.9
2026-04-04T09:54:24.000,12.93
2026-04-04T10:04:44.000,12.03
2026-04-04T10:14:58.000,11.17
2026-04-04T10:25:11.000,10.86
2026-04-04T10:35:27.000,10.8
2026-04-04T10:55:59.000,11.9
2026-04-04T11:06:22.000,11.24
2026-04-04T11:16:35.000,10.05
2026-04-04T11:26:54.000,10.44
2026-04-04T11:37:10.000,11.21
2026-04-04T11:47:24.000,11.5
2026-04-04T11:57:40.000,11.7
2026-04-04T12:07:55.000,11.58
2026-04-04T12:18:10.000,10.91
2026-04-04T12:28:34.000,9.93
2026-04-04T12:38:48.000,9.12
2026-04-04T12:49:03.000,8.31
2026-04-05T02:02:59.000,22.13
2026-04-05T02:13:14.000,22.62
2026-04-05T02:23:28.000,22.5
2026-04-05T02:33:44.000,22.08
2026-04-05T02:54:04.000,23.29
2026-04-05T03:04:27.000,22.61
2026-04-05T03:14:41.000,22.07
2026-04-05T03:24:56.000,22.2
2026-04-05T03:35:11.000,21.81
2026-04-05T03:45:26.000,21.71
2026-04-05T03:55:41.000,21.77
2026-04-05T04:05:56.000,21.87
2026-04-05T04:16:10.000,21.41
2026-04-05T04:26:25.000,20.88
2026-04-05T04:36:40.000,19.39
2026-04-05T04:46:53.000,17.72
2026-04-05T04:57:07.000,16.44
2026-04-05T05:07:21.000,15.75
2026-04-05T05:17:35.000,15.65
2026-04-05T05:27:49.000,15.07
2026-04-05T05:38:03.000,15.21
2026-04-05T05:48:17.000,14.88
2026-04-05T05:58:32.000,15.07
2026-04-05T06:08:46.000,15.64
2026-04-05T06:19:03.000,15.43
2026-04-05T06:29:17.000,15.22
2026-04-05T06:39:31.000,15.64
2026-04-05T06:49:47.000,15.89
2026-04-05T07:00:02.000,15.54
2026-04-05T07:10:21.000,14.7
2026-04-05T07:20:40.000,13.86
2026-04-05T07:30:54.000,14.58
2026-04-05T07:41:13.000,14.73
2026-04-05T07:51:28.000,14.81
2026-04-05T08:01:46.000,14.8
2026-04-05T08:12:03.000,14.8
2026-04-05T08:22:17.000,14.6
2026-04-05T08:32:31.000,14.25
2026-04-05T08:42:46.000,14.28
2026-04-05T08:53:01.000,14.02
2026-04-05T09:03:16.000,14.05
2026-04-05T09:13:32.000,14.44
2026-04-05T09:23:47.000,15.34
2026-04-05T09:34:02.000,15.59
2026-04-05T09:44:17.000,15.96
2026-04-05T09:54:31.000,15.38
2026-04-05T10:04:46.000,14.12
2026-04-05T10:15:01.000,13.9
2026-04-05T10:35:31.000,14.09
2026-04-05T10:45:47.000,14.41
2026-04-05T10:56:02.000,14.51
2026-04-05T11:06:17.000,14.4
2026-04-05T11:16:31.000,13.97
2026-04-05T11:26:45.000,14.52
2026-04-05T11:37:00.000,14.93
2026-04-05T11:47:14.000,14.78
2026-04-05T11:57:29.000,16.11
2026-04-05T12:07:44.000,16.32
2026-04-05T12:18:00.000,15.87
2026-04-05T12:28:16.000,16.02
2026-04-05T12:38:32.000,17.04
2026-04-05T12:48:50.000,17.63
2026-04-06T02:00:19.000,20.91
2026-04-06T02:10:34.000,21.57
2026-04-06T02:20:48.000,21.9
2026-04-06T02:31:05.000,21.56
2026-04-06T02:46:23.000,22.62
2026-04-06T02:56:43.000,23.63
2026-04-06T03:06:57.000,23.48
2026-04-06T03:17:13.000,22.97
2026-04-06T03:27:27.000,23.01
2026-04-06T03:37:41.000,22.59
2026-04-06T03:47:57.000,22.59
2026-04-06T03:58:12.000,22.69
2026-04-06T04:08:27.000,22.54
2026-04-06T04:18:41.000,22.2
2026-04-06T04:28:55.000,21.16
2026-04-06T04:39:10.000,20.44
2026-04-06T04:49:26.000,19.36
2026-04-06T04:59:40.000,18.26
2026-04-06T05:09:54.000,17.4
2026-04-06T05:20:09.000,16.76
2026-04-06T05:30:23.000,16.7
2026-04-06T05:40:38.000,17.57
2026-04-06T05:50:54.000,17.26
2026-04-06T06:01:08.000,16.85
2026-04-06T06:11:22.000,17.39
2026-04-06T06:26:55.000,18.06
2026-04-06T06:37:16.000,18.39
2026-04-06T06:47:30.000,17.95
2026-04-06T06:57:46.000,18.04
2026-04-06T07:08:02.000,18.24
2026-04-06T07:18:16.000,18.82
2026-04-06T07:28:31.000,18.63
2026-04-06T07:38:45.000,18.75
2026-04-06T07:48:59.000,19.18
2026-04-06T07:59:15.000,18.98
2026-04-06T08:09:29.000,19.11
2026-04-06T08:19:44.000,19.37
2026-04-06T08:29:58.000,19.59
2026-04-06T08:40:12.000,19.48
2026-04-06T08:50:26.000,19.56
2026-04-06T09:00:40.000,19.68
2026-04-06T09:10:57.000,19.65
2026-04-06T09:21:12.000,19.65
2026-04-06T09:31:26.000,19.72
2026-04-06T09:41:41.000,19.86
2026-04-06T09:51:55.000,19.92
2026-04-06T10:02:10.000,19.78
2026-04-06T10:12:24.000,19.65
2026-04-06T10:22:40.000,19.65
2026-04-06T10:32:55.000,19.68
2026-04-06T10:43:10.000,19.5
2026-04-06T10:53:24.000,19.55
2026-04-06T11:03:39.000,19.37
2026-04-06T11:13:54.000,19.3
2026-04-06T11:24:09.000,19.24
2026-04-06T11:34:23.000,19.27
2026-04-06T11:44:37.000,19.21
2026-04-06T11:54:51.000,19.16
2026-04-06T12:05:07.000,19.4
2026-04-06T12:15:22.000,19.32
2026-04-06T12:25:38.000,19.03
2026-04-06T12:35:52.000,18.95
2026-04-06T12:46:06.000,19.17
2026-04-07T02:04:25.000,19.57
2026-04-07T02:14:40.000,20.52
2026-04-07T02:24:55.000,20.14
2026-04-07T02:35:11.000,19.55
2026-04-07T02:45:26.000,19.3
2026-04-07T02:55:43.000,19.08
2026-04-07T03:05:58.000,18.8
2026-04-07T03:16:13.000,18.76
2026-04-07T03:26:31.000,18.4
2026-04-07T03:36:47.000,18.43
2026-04-07T03:47:02.000,18.22
2026-04-07T03:57:16.000,18.3
2026-04-07T04:07:31.000,18.05
2026-04-07T04:17:48.000,18.02
2026-04-07T04:28:04.000,17.98
2026-04-07T04:38:23.000,17.49
2026-04-07T04:48:40.000,17.77
2026-04-07T04:58:58.000,17.58
2026-04-07T05:09:14.000,16.74
2026-04-07T05:24:34.000,16.88
2026-04-07T05:34:55.000,16.92
2026-04-07T05:45:09.000,16.46
2026-04-07T05:55:25.000,16.14
2026-04-07T06:05:45.000,16.19
2026-04-07T06:16:05.000,16.07
2026-04-07T06:26:21.000,15.98
2026-04-07T06:36:40.000,15.99
2026-04-07T06:46:55.000,16.07
2026-04-07T06:57:10.000,15.14
2026-04-07T07:07:28.000,15.51
2026-04-07T07:17:43.000,14.36
2026-04-07T07:27:57.000,12.82
2026-04-07T07:38:14.000,11.84
2026-04-07T07:48:28.000,12.21
2026-04-07T07:58:43.000,12.13
2026-04-07T08:08:59.000,11.33
2026-04-07T08:24:32.000,11.65
2026-04-07T08:34:56.000,11.89
2026-04-07T08:45:09.000,10.79
2026-04-07T08:55:23.000,10.72
2026-04-07T09:11:04.000,13.49
2026-04-07T09:21:29.000,14.25
2026-04-07T09:31:45.000,13.93
2026-04-07T09:42:01.000,13.79
2026-04-07T09:57:37.000,13.69
2026-04-07T10:07:57.000,12.66
2026-04-07T10:28:30.000,10.31
2026-04-07T10:38:45.000,9.74
2026-04-07T10:49:00.000,9.33
2026-04-07T10:59:15.000,9.44
2026-04-07T11:09:33.000,9.77
2026-04-07T11:24:54.000,10.2
2026-04-07T11:35:14.000,10.74
2026-04-07T11:45:29.000,9.86
2026-04-07T11:55:44.000,9.71
2026-04-07T12:05:59.000,9.52
2026-04-07T12:16:13.000,9.67
2026-04-07T12:26:29.000,9.2
2026-04-07T12:36:43.000,9.19
2026-04-07T12:46:58.000,9.45
2026-04-08T02:06:13.000,20.06
2026-04-08T02:16:28.000,20.35
2026-04-08T02:26:42.000,20.1
2026-04-08T02:36:57.000,19.58
2026-04-08T02:47:14.000,18.78
2026-04-08T02:57:28.000,18.54
2026-04-08T03:07:43.000,18.57
2026-04-08T03:17:57.000,17.67
2026-04-08T03:28:12.000,17.18
2026-04-08T03:38:25.000,16.36
2026-04-08T03:48:41.000,15.48
2026-04-08T03:58:55.000,14.87
2026-04-08T04:09:13.000,14.46
2026-04-08T04:24:45.000,15.07
2026-04-08T04:40:24.000,15.65
2026-04-08T04:50:42.000,15.44
2026-04-08T05:00:55.000,14.15
2026-04-08T05:11:09.000,13.81
2026-04-08T05:21:24.000,13.69
2026-04-08T05:31:38.000,14.13
2026-04-08T05:41:53.000,14.23
2026-04-08T05:52:07.000,13.82
2026-04-08T06:02:22.000,13.94
2026-04-08T06:12:37.000,13.61
2026-04-08T06:22:52.000,13.47
2026-04-08T06:33:06.000,13.21
2026-04-08T06:43:20.000,13.02
2026-04-08T06:53:35.000,13.08
2026-04-08T07:03:49.000,12.76
2026-04-08T07:14:03.000,12.89
2026-04-08T07:24:17.000,12.18
2026-04-08T07:34:32.000,11.83
2026-04-08T07:44:47.000,11.81
2026-04-08T07:55:02.000,12.26
2026-04-08T08:05:17.000,12.15
2026-04-08T08:15:33.000,11.74
2026-04-08T08:25:48.000,11.65
2026-04-08T08:36:02.000,11.48
2026-04-08T08:46:17.000,11.29
2026-04-08T08:56:33.000,11.1
2026-04-08T09:06:47.000,11.2
2026-04-08T09:17:01.000,10.97
2026-04-08T09:32:34.000,12.16
2026-04-08T09:42:56.000,12.48
2026-04-08T09:53:10.000,11.69
2026-04-08T10:03:24.000,11.69
2026-04-08T10:13:39.000,11.41
2026-04-08T10:23:53.000,11.38
2026-04-08T10:39:11.000,11.46
2026-04-08T10:49:31.000,11.16
2026-04-08T10:59:44.000,10.2
2026-04-08T11:09:58.000,10.38
2026-04-08T11:20:13.000,10.62
2026-04-08T11:30:29.000,10.29
2026-04-08T11:40:42.000,9.88
2026-04-08T11:51:00.000,10.21
2026-04-08T12:01:15.000,10.24
2026-04-08T12:11:29.000,10.42
2026-04-08T12:21:44.000,10.26
2026-04-08T12:31:58.000,10.43
2026-04-08T12:42:12.000,10.48
2026-04-09T02:05:55.000,21.33
2026-04-09T02:16:09.000,21.67
2026-04-09T02:26:25.000,21.06
2026-04-09T02:36:38.000,20.73
2026-04-09T02:46:55.000,20.32
2026-04-09T02:57:12.000,20.25
2026-04-09T03:07:27.000,20.69
2026-04-09T03:17:45.000,20.97
2026-04-09T03:28:02.000,20.6
2026-04-09T03:38:18.000,20.2
2026-04-09T03:48:36.000,20.33
2026-04-09T03:58:56.000,21.74
2026-04-09T04:09:11.000,21.89
2026-04-09T04:19:27.000,21.34
2026-04-09T04:29:48.000,21.1
2026-04-09T04:40:03.000,20.85
2026-04-09T04:50:17.000,20.55
2026-04-09T05:00:32.000,20.33
2026-04-09T05:10:50.000,19.98
2026-04-09T05:21:04.000,19.78
2026-04-09T05:31:19.000,19.51
2026-04-09T05:41:34.000,19.22
2026-04-09T05:51:49.000,19.32
2026-04-09T06:02:04.000,19.11
2026-04-09T06:12:18.000,18.92
2026-04-09T06:22:33.000,18.78
2026-04-09T06:32:50.000,18.77
2026-04-09T06:43:04.000,17.93
2026-04-09T06:53:20.000,17.61
2026-04-09T07:03:38.000,17.73
2026-04-09T07:13:53.000,17.01
2026-04-09T07:24:09.000,16.23
2026-04-09T07:34:26.000,15.5
2026-04-09T07:44:41.000,15.99
2026-04-09T07:54:56.000,16.01
2026-04-09T08:05:10.000,14.63
2026-04-09T08:15:26.000,14.52
2026-04-09T08:25:40.000,14.09
2026-04-09T08:35:57.000,13.92
2026-04-09T08:46:12.000,13.94
2026-04-09T08:56:26.000,13.86
2026-04-09T09:06:41.000,13.84
2026-04-09T09:22:00.000,14.57
2026-04-09T09:37:27.000,15.2
2026-04-09T09:47:51.000,14.98
2026-04-09T09:58:07.000,13.77
2026-04-09T10:08:26.000,13.21
2026-04-09T10:18:40.000,12.3
2026-04-09T10:28:54.000,12.31
2026-04-09T10:39:09.000,12.22
2026-04-09T10:49:26.000,12.38
2026-04-09T10:59:43.000,11.89
2026-04-09T11:09:57.000,11.41
2026-04-09T11:20:10.000,10.62
2026-04-09T11:30:26.000,10.65
2026-04-09T11:40:39.000,10.43
2026-04-09T11:50:55.000,10.92
2026-04-09T12:01:10.000,10.87
2026-04-09T12:11:25.000,11.19
2026-04-09T12:21:41.000,11.13
2026-04-09T12:31:56.000,11.44
2026-04-09T12:42:12.000,11.7
2026-04-10T02:04:42.000,19.31
2026-04-10T02:14:57.000,20.05
2026-04-10T02:25:11.000,19.55
2026-04-10T02:35:26.000,19.49
2026-04-10T02:45:41.000,19.82
2026-04-10T02:56:00.000,21.55
2026-04-10T03:06:19.000,21.71
2026-04-10T03:21:37.000,22.21
2026-04-10T03:37:15.000,21.94
2026-04-10T03:47:36.000,21.43
2026-04-10T03:57:49.000,20.51
2026-04-10T04:08:04.000,20.29
2026-04-10T04:18:19.000,19.69
2026-04-10T04:43:51.000,22.15
2026-04-10T04:54:18.000,20.23
2026-04-10T05:04:31.000,18.83
2026-04-10T05:14:44.000,17.83
2026-04-10T05:24:59.000,17.92
2026-04-10T05:35:15.000,17.53
2026-04-10T05:45:29.000,17.26
2026-04-10T05:55:43.000,17.34
2026-04-10T06:05:57.000,16.62
2026-04-10T06:16:16.000,15.85
2026-04-10T06:26:33.000,15.05
2026-04-10T06:36:47.000,14.26
2026-04-10T06:47:01.000,13.57
2026-04-10T06:57:16.000,13.43
2026-04-10T07:12:34.000,14.3
2026-04-10T07:22:56.000,14.57
2026-04-10T07:33:12.000,13.61
2026-04-10T07:43:29.000,12.97
2026-04-10T08:09:32.000,14.19
2026-04-10T08:25:11.000,15.65
2026-04-10T08:35:32.000,15.18
2026-04-10T08:45:45.000,13.75
2026-04-10T08:56:00.000,12.95
2026-04-10T09:06:14.000,12.7
2026-04-10T09:16:28.000,12.22
2026-04-10T09:26:43.000,12.34
2026-04-10T09:36:59.000,12.2
2026-04-10T09:47:17.000,12.27
2026-04-10T09:57:33.000,12.14
2026-04-10T10:07:50.000,12.2
2026-04-10T10:18:04.000,12.17
2026-04-10T10:28:20.000,12.15
2026-04-10T10:38:35.000,12.23
2026-04-10T10:48:49.000,12.16
2026-04-10T10:59:05.000,12.08
2026-04-10T11:09:22.000,12.3
2026-04-10T11:19:38.000,12.79
2026-04-10T11:29:55.000,13.55
2026-04-10T11:40:11.000,14.11
2026-04-10T11:50:29.000,14.12
2026-04-10T12:00:46.000,13.72
2026-04-10T12:11:01.000,13.59
2026-04-10T12:21:16.000,13.92
2026-04-10T12:36:34.000,14.6
2026-04-11T02:07:07.000,19.72
2026-04-11T02:17:26.000,20.78
2026-04-11T02:27:41.000,20.62
2026-04-11T02:37:56.000,20.26
2026-04-11T02:48:10.000,19.57
2026-04-11T02:58:26.000,19.98
2026-04-11T03:08:41.000,20.59
2026-04-11T03:19:01.000,20.59
2026-04-11T03:29:19.000,20.34
2026-04-11T03:39:39.000,19.45
2026-04-11T03:49:54.000,19.44
2026-04-11T04:00:14.000,19.41
2026-04-11T04:10:30.000,19.34
2026-04-11T04:20:44.000,19.33
2026-04-11T04:36:20.000,20.22
2026-04-11T04:57:02.000,21.31
2026-04-11T05:07:23.000,20.02
2026-04-11T05:17:43.000,19.04
2026-04-11T05:28:00.000,18.8
2026-04-11T05:38:16.000,18.48
2026-04-11T05:48:31.000,18.57
2026-04-11T05:58:46.000,18.22
2026-04-11T06:09:02.000,17.99
2026-04-11T06:19:20.000,17.73
2026-04-11T06:29:36.000,17.24
2026-04-11T06:39:50.000,16.81
2026-04-11T06:50:04.000,16.1
2026-04-11T07:00:19.000,15.99
2026-04-11T07:10:37.000,15.29
2026-04-11T07:20:54.000,14.38
2026-04-11T07:31:09.000,13.78
2026-04-11T07:41:24.000,13.57
2026-04-11T07:51:38.000,13.07
2026-04-11T08:01:56.000,13.36
2026-04-11T08:17:29.000,14.05
2026-04-11T08:27:50.000,14.45
2026-04-11T08:38:06.000,12.92
2026-04-11T08:53:23.000,12.83
2026-04-11T09:03:43.000,12.77
2026-04-11T09:13:57.000,12.2
2026-04-11T09:24:12.000,12.09
2026-04-11T09:34:27.000,11.86
2026-04-11T09:44:43.000,11.82
2026-04-11T09:54:59.000,12.1
2026-04-11T10:05:14.000,11.82
2026-04-11T10:15:28.000,11.72
2026-04-11T10:25:42.000,11.85
2026-04-11T10:35:57.000,11.75
2026-04-11T10:46:12.000,11.54
2026-04-11T10:56:27.000,11.21
2026-04-11T11:06:44.000,11.17
2026-04-11T11:16:59.000,11.09
2026-04-11T11:27:16.000,11.31
2026-04-11T11:37:31.000,11.54
2026-04-11T11:47:47.000,11.33
2026-04-11T11:58:03.000,10.87
2026-04-11T12:08:18.000,11.49
2026-04-11T12:18:32.000,11.39
2026-04-11T12:28:46.000,11.11
2026-04-11T12:39:02.000,11.99
2026-04-12T02:09:30.000,17.59
2026-04-12T02:19:44.000,18.16
2026-04-12T02:30:01.000,17.3
2026-04-12T02:45:20.000,18.31
2026-04-12T02:55:40.000,18.03
2026-04-12T03:05:54.000,16.93
2026-04-12T03:16:12.000,17.31
2026-04-12T03:26:29.000,17.31
2026-04-12T03:42:01.000,18.02
2026-04-12T03:52:22.000,17.95
2026-04-12T04:02:38.000,17.39
2026-04-12T04:12:58.000,16.55
2026-04-12T04:23:11.000,15.96
2026-04-12T04:33:26.000,16.04
2026-04-12T04:43:41.000,16.02
2026-04-12T04:53:56.000,15.32
2026-04-12T05:04:10.000,16.17
2026-04-12T05:19:43.000,16.7
2026-04-12T05:30:04.000,16.95
2026-04-12T05:40:17.000,15.84
2026-04-12T05:50:36.000,14.69
2026-04-12T06:00:49.000,14.25
2026-04-12T06:11:03.000,14.54
2026-04-12T06:21:19.000,14.48
2026-04-12T06:31:33.000,15.01
2026-04-12T06:41:48.000,15.07
2026-04-12T06:52:02.000,15.44
2026-04-12T07:02:20.000,15.63
2026-04-12T07:12:41.000,16.13
2026-04-12T07:23:00.000,15.96
2026-04-12T07:33:15.000,15.83
2026-04-12T07:43:31.000,15.53
2026-04-12T07:53:45.000,15.9
2026-04-12T08:09:19.000,16.06
2026-04-12T08:19:40.000,15.82
2026-04-12T08:29:55.000,14.74
2026-04-12T08:40:10.000,14.59
2026-04-12T08:50:26.000,13.41
2026-04-12T09:00:40.000,14.53
2026-04-12T09:10:56.000,14.07
2026-04-12T09:21:11.000,13.88
2026-04-12T09:31:26.000,14.68
2026-04-12T09:41:41.000,13.91
2026-04-12T09:51:56.000,12.53
2026-04-12T10:02:10.000,12.29
2026-04-12T10:12:25.000,12.3
2026-04-12T10:22:39.000,12.53
2026-04-12T10:32:54.000,12.13
2026-04-12T10:43:12.000,11.98
2026-04-12T10:53:27.000,11.87
2026-04-12T11:03:41.000,11.59
2026-04-12T11:13:55.000,11.72
2026-04-12T11:24:10.000,11.62
2026-04-12T11:39:43.000,11.76
2026-04-12T11:50:04.000,11.99
2026-04-12T12:00:23.000,11.47
2026-04-12T12:10:37.000,11.23
2026-04-12T12:20:52.000,11.35
2026-04-12T12:36:25.000,11.36
2026-04-13T02:21:20.000,17.62
2026-04-13T02:31:42.000,18.07
2026-04-13T02:41:56.000,17.77
2026-04-13T02:52:13.000,17.72
2026-04-13T03:02:28.000,17.34
2026-04-13T03:12:44.000,17.3
2026-04-13T03:23:02.000,17.32
2026-04-13T03:33:18.000,17.69
2026-04-13T03:43:32.000,17.26
2026-04-13T03:53:50.000,17.37
2026-04-13T04:04:04.000,17.41
2026-04-13T04:14:20.000,17.07
2026-04-13T04:24:35.000,16.97
2026-04-13T04:34:50.000,17.12
2026-04-13T04:45:04.000,16.66
2026-04-13T04:55:18.000,16.77
2026-04-13T05:15:51.000,18.61
2026-04-13T05:26:13.000,18.04
2026-04-13T05:36:27.000,17.4
2026-04-13T05:46:41.000,17.5
2026-04-13T05:56:56.000,17.68
2026-04-13T06:07:10.000,17.41
2026-04-13T06:22:44.000,18.33
2026-04-13T06:33:05.000,17.98
2026-04-13T06:43:18.000,17.52
2026-04-13T06:53:33.000,17.38
2026-04-13T07:03:48.000,16.95
2026-04-13T07:14:02.000,16.84
2026-04-13T07:24:17.000,16.93
2026-04-13T07:34:41.000,16.58
2026-04-13T07:44:57.000,16.86
2026-04-13T07:55:12.000,17.1
2026-04-13T08:05:27.000,16.78
2026-04-13T08:15:41.000,16.77
2026-04-13T08:31:14.000,17.51
2026-04-13T08:41:34.000,16.88
2026-04-13T08:51:47.000,16.11
2026-04-13T09:02:02.000,15.88
2026-04-13T09:12:17.000,15.91
2026-04-13T09:22:31.000,16.0
2026-04-13T09:32:46.000,15.91
2026-04-13T09:43:01.000,15.93
2026-04-13T09:53:15.000,15.89
2026-04-13T10:03:30.000,16.47
2026-04-13T10:13:47.000,16.27
2026-04-13T10:24:01.000,16.16
2026-04-13T10:34:16.000,16.13
2026-04-13T10:44:34.000,16.14
2026-04-13T10:54:48.000,15.6
2026-04-13T11:05:03.000,15.59
2026-04-13T11:15:16.000,15.42
2026-04-13T11:30:49.000,16.21
2026-04-13T11:41:10.000,16.2
2026-04-13T11:51:23.000,15.82
2026-04-13T12:01:37.000,16.48
2026-04-13T12:11:52.000,16.45
2026-04-13T12:22:08.000,16.35
2026-04-13T12:32:26.000,16.22
2026-04-13T12:42:40.000,16.8
2026-04-14T02:11:23.000,14.62
2026-04-14T02:21:37.000,14.98
2026-04-14T02:31:52.000,15.2
2026-04-14T02:42:06.000,14.73
2026-04-14T02:52:20.000,14.49
2026-04-14T03:02:34.000,14.16
2026-04-14T03:12:51.000,13.63
2026-04-14T03:23:08.000,13.58
2026-04-14T03:33:22.000,14.2
2026-04-14T03:43:36.000,14.21
2026-04-14T03:53:53.000,13.66
2026-04-14T04:04:10.000,14.07
2026-04-14T04:14:25.000,14.43
2026-04-14T04:24:39.000,14.17
2026-04-14T04:34:58.000,14.05
2026-04-14T04:45:12.000,14.06
2026-04-14T05:00:47.000,14.31
2026-04-14T05:11:07.000,14.05
2026-04-14T05:21:21.000,13.19
2026-04-14T05:31:35.000,12.55
2026-04-14T05:41:48.000,12.49
2026-04-14T05:52:16.000,11.96
2026-04-14T06:02:31.000,11.64
2026-04-14T06:17:49.000,11.76
2026-04-14T06:28:10.000,11.4
2026-04-14T06:38:24.000,10.91
2026-04-14T06:48:40.000,11.12
2026-04-14T06:58:55.000,10.8
2026-04-14T07:09:09.000,10.52
2026-04-14T07:24:41.000,11.86
2026-04-14T07:35:03.000,12.08
2026-04-14T07:45:18.000,11.27
2026-04-14T07:55:32.000,11.07
2026-04-14T08:05:48.000,11.42
2026-04-14T08:21:20.000,12.35
2026-04-14T08:31:43.000,12.39
2026-04-14T08:41:58.000,10.88
2026-04-14T08:52:12.000,10.96
2026-04-14T09:02:27.000,10.6
2026-04-14T09:12:41.000,9.31
2026-04-14T09:22:54.000,8.67
2026-04-14T09:33:08.000,8.14
2026-04-14T09:43:21.000,7.81
2026-04-14T09:53:37.000,7.66
2026-04-14T10:03:52.000,7.71
2026-04-14T10:14:06.000,7.54
2026-04-14T10:24:20.000,8.03
2026-04-14T10:34:35.000,9.38
2026-04-14T10:44:49.000,9.91
2026-04-14T10:55:04.000,10.43
2026-04-14T11:05:19.000,10.08
2026-04-14T11:15:33.000,10.27
2026-04-14T11:25:47.000,9.19
2026-04-14T11:46:16.000,8.91
2026-04-14T11:56:30.000,8.65
2026-04-14T12:06:44.000,8.16
2026-04-14T12:16:59.000,8.29
2026-04-14T12:27:13.000,7.73
2026-04-14T12:37:27.000,7.59
2026-04-15T02:33:47.000,17.65
2026-04-15T03:00:08.000,15.78
2026-04-15T03:20:27.000,16.65
2026-04-15T03:35:59.000,16.19
2026-04-15T03:56:45.000,16.54
2026-04-15T04:12:29.000,14.68
2026-04-15T04:33:26.000,13.26
2026-04-15T05:04:19.000,13.54
2026-04-15T05:24:47.000,11.97
2026-04-15T05:35:03.000,12.3
2026-04-15T05:50:35.000,12.86
2026-04-15T06:06:21.000,13.3
2026-04-15T06:21:48.000,13.49
2026-04-15T06:32:08.000,12.72
2026-04-15T06:42:22.000,12.34
2026-04-15T06:52:36.000,12.04
2026-04-15T07:02:50.000,11.42
2026-04-15T07:13:04.000,10.58
2026-04-15T07:23:17.000,9.88
2026-04-15T07:33:31.000,8.75
2026-04-15T07:48:50.000,8.3
2026-04-15T07:59:14.000,8.21
2026-04-15T08:09:27.000,6.78
2026-04-15T08:19:41.000,6.22
2026-04-15T08:29:55.000,6.38
2026-04-15T08:40:09.000,6.16
2026-04-15T08:50:23.000,5.97
2026-04-15T09:00:37.000,5.8
2026-04-15T09:10:52.000,5.76
2026-04-15T09:21:06.000,5.47
2026-04-15T09:31:21.000,5.42
2026-04-15T09:41:35.000,5.39
2026-04-15T09:51:50.000,5.63
2026-04-15T10:02:08.000,5.51
2026-04-15T10:12:22.000,5.6
2026-04-15T10:22:36.000,4.85
2026-04-15T10:32:50.000,4.53
2026-04-15T10:43:05.000,4.51
2026-04-15T10:53:20.000,4.49
2026-04-15T11:03:35.000,4.01
2026-04-15T11:13:49.000,3.82
2026-04-15T11:24:03.000,3.96
2026-04-15T11:39:36.000,5.07
2026-04-15T11:49:57.000,5.02
2026-04-15T12:05:28.000,4.72
2026-04-15T12:15:49.000,4.92
2026-04-15T12:26:02.000,4.28
2026-04-16T02:13:13.000,14.83
2026-04-16T02:23:28.000,16.62
2026-04-16T02:33:47.000,15.58
2026-04-16T02:44:05.000,13.94
2026-04-16T02:54:18.000,13.1
2026-04-16T03:04:32.000,14.94
2026-04-16T03:14:46.000,14.69
2026-04-16T03:25:00.000,13.43
2026-04-16T03:35:17.000,12.27
2026-04-16T03:45:32.000,12.15
2026-04-16T03:55:46.000,11.59
2026-04-16T04:05:59.000,11.99
2026-04-16T04:16:17.000,11.14
2026-04-16T04:26:31.000,10.75
2026-04-16T04:42:04.000,11.66
2026-04-16T04:52:24.000,12.04
2026-04-16T05:02:38.000,11.45
2026-04-16T05:12:53.000,11.14
2026-04-16T05:23:10.000,10.98
2026-04-16T05:38:42.000,12.02
2026-04-16T05:49:03.000,11.6
2026-04-16T05:59:19.000,11.49
2026-04-16T06:09:33.000,11.17
2026-04-16T06:19:46.000,10.28
2026-04-16T06:30:00.000,10.07
2026-04-16T06:40:15.000,9.87
2026-04-16T06:50:29.000,9.53
2026-04-16T07:00:44.000,9.41
2026-04-16T07:10:58.000,9.07
2026-04-16T07:21:12.000,9.04
2026-04-16T07:31:26.000,8.76
2026-04-16T07:41:40.000,8.07
2026-04-16T07:51:54.000,7.79
2026-04-16T08:02:13.000,7.89
2026-04-16T08:12:29.000,8.34
2026-04-16T08:22:44.000,9.03
2026-04-16T08:32:59.000,8.24
2026-04-16T08:43:13.000,7.79
2026-04-16T08:53:27.000,7.4
2026-04-16T09:03:41.000,6.75
2026-04-16T09:13:55.000,6.83
2026-04-16T09:24:10.000,6.67
2026-04-16T09:34:24.000,6.51
2026-04-16T09:44:39.000,6.81
2026-04-16T09:54:54.000,6.49
2026-04-16T10:05:09.000,6.63
2026-04-16T10:15:23.000,6.63
2026-04-16T10:25:38.000,7.28
2026-04-16T10:35:53.000,7.37
2026-04-16T10:46:07.000,7.18
2026-04-16T10:56:21.000,6.95
2026-04-16T11:06:35.000,7.29
2026-04-16T11:16:50.000,7.16
2026-04-16T11:27:04.000,8.74
2026-04-16T11:37:19.000,9.7
2026-04-16T11:47:34.000,9.46
2026-04-16T11:57:48.000,9.01
2026-04-16T12:08:02.000,8.95
2026-04-16T12:18:16.000,9.23
2026-04-16T12:28:31.000,9.74
2026-04-17T02:12:24.000,16.14
2026-04-17T02:22:38.000,16.15
2026-04-17T02:32:55.000,16.15
2026-04-17T02:43:10.000,15.87
2026-04-17T02:53:24.000,15.58
2026-04-17T03:03:42.000,15.79
2026-04-17T03:13:56.000,15.61
2026-04-17T03:24:11.000,15.41
2026-04-17T03:34:24.000,15.51
2026-04-17T03:44:39.000,15.58
2026-04-17T03:54:55.000,15.58
2026-04-17T04:05:11.000,15.6
2026-04-17T04:15:25.000,15.42
2026-04-17T04:30:57.000,15.57
2026-04-17T04:41:18.000,15.0
2026-04-17T04:51:31.000,14.85
2026-04-17T05:01:45.000,14.73
2026-04-17T05:22:13.000,13.59
2026-04-17T05:32:30.000,12.87
2026-04-17T05:42:44.000,13.11
2026-04-17T05:53:00.000,12.39
2026-04-17T06:03:16.000,12.47
2026-04-17T06:13:30.000,11.94
2026-04-17T06:23:44.000,12.57
2026-04-17T06:33:59.000,12.33
2026-04-17T06:44:13.000,12.41
2026-04-17T06:54:28.000,12.07
2026-04-17T07:10:01.000,12.28
2026-04-17T07:25:40.000,12.45
2026-04-17T07:35:58.000,11.66
2026-04-17T07:46:11.000,10.6
2026-04-17T07:56:24.000,10.17
2026-04-17T08:06:40.000,9.87
2026-04-17T08:16:55.000,9.69
2026-04-17T08:27:09.000,9.42
2026-04-17T08:37:23.000,9.66
2026-04-17T08:47:39.000,9.61
2026-04-17T09:08:12.000,11.01
2026-04-17T09:18:37.000,11.71
2026-04-17T09:28:50.000,12.43
2026-04-17T09:39:13.000,12.31
2026-04-17T09:59:46.000,11.97
2026-04-17T10:10:01.000,11.39
2026-04-17T10:20:16.000,11.29
2026-04-17T10:30:36.000,10.75
2026-04-17T10:40:53.000,9.63
2026-04-17T10:51:18.000,9.83
2026-04-17T11:01:34.000,9.35
2026-04-17T11:11:48.000,8.84
2026-04-17T11:22:02.000,8.29
2026-04-17T11:32:16.000,7.82
2026-04-17T11:42:30.000,7.79
2026-04-17T11:52:44.000,7.33
2026-04-17T12:02:58.000,6.94
2026-04-17T12:23:19.000,8.49
2026-04-17T12:33:43.000,8.7
2026-04-18T02:14:10.000,18.85
2026-04-18T02:24:25.000,19.51
2026-04-18T02:34:42.000,19.48
2026-04-18T02:44:58.000,19.38
2026-04-18T02:55:12.000,19.46
2026-04-18T03:05:26.000,18.54
2026-04-18T03:15:40.000,18.46
2026-04-18T03:25:55.000,18.1
2026-04-18T03:36:09.000,18.02
2026-04-18T03:46:24.000,17.79
2026-04-18T03:56:39.000,17.5
2026-04-18T04:06:53.000,16.93
2026-04-18T04:17:07.000,16.71
2026-04-18T04:27:21.000,16.88
2026-04-18T04:37:39.000,16.83
2026-04-18T04:47:55.000,16.28
2026-04-18T04:58:09.000,16.07
2026-04-18T05:08:26.000,15.79
2026-04-18T05:23:58.000,16.06
2026-04-18T05:34:18.000,15.4
2026-04-18T05:44:32.000,14.89
2026-04-18T05:54:48.000,14.63
2026-04-18T06:05:03.000,13.88
2026-04-18T06:15:16.000,13.35
2026-04-18T06:25:31.000,12.13
2026-04-18T06:35:45.000,11.71
2026-04-18T06:46:00.000,11.9
2026-04-18T07:01:18.000,12.01
2026-04-18T07:11:39.000,12.08
2026-04-18T07:21:52.000,10.91
2026-04-18T07:32:06.000,10.68
2026-04-18T07:42:19.000,10.17
2026-04-18T07:52:34.000,9.83
2026-04-18T08:02:51.000,9.78
2026-04-18T08:13:05.000,9.53
2026-04-18T08:23:19.000,9.33
2026-04-18T08:33:33.000,9.09
2026-04-18T08:43:48.000,9.03
2026-04-18T08:59:22.000,10.54
2026-04-18T09:09:43.000,11.34
2026-04-18T09:19:57.000,10.57
2026-04-18T09:30:10.000,9.99
2026-04-18T09:40:26.000,9.76
2026-04-18T09:55:59.000,11.01
2026-04-18T10:06:19.000,11.21
2026-04-18T10:16:33.000,9.91
2026-04-18T10:26:47.000,9.53
2026-04-18T10:37:02.000,9.25
2026-04-18T10:47:16.000,9.01
2026-04-18T10:57:30.000,8.9
2026-04-18T11:07:44.000,9.0
2026-04-18T11:17:59.000,9.19
2026-04-18T11:28:14.000,9.19
2026-04-18T11:38:27.000,8.87
2026-04-18T11:48:42.000,8.71
2026-04-18T11:58:56.000,8.62
2026-04-18T12:14:29.000,9.35
2026-04-18T12:24:50.000,9.56
2026-04-19T02:13:59.000,19.91
2026-04-19T02:24:13.000,20.54
2026-04-19T02:34:27.000,20.36
2026-04-19T02:50:03.000,20.74
2026-04-19T03:00:26.000,22.18
2026-04-19T03:10:43.000,21.51
2026-04-19T03:20:57.000,20.17
2026-04-19T03:31:13.000,19.34
2026-04-19T03:41:28.000,20.53
2026-04-19T03:51:42.000,20.49
2026-04-19T04:01:56.000,20.51
2026-04-19T04:12:13.000,19.52
2026-04-19T04:22:30.000,19.74
2026-04-19T04:32:44.000,19.88
2026-04-19T04:43:00.000,19.74
2026-04-19T04:53:18.000,18.9
2026-04-19T05:03:34.000,18.08
2026-04-19T05:13:50.000,18.17
2026-04-19T05:29:25.000,18.28
2026-04-19T05:39:45.000,18.22
2026-04-19T05:49:59.000,17.05
2026-04-19T06:00:18.000,15.44
2026-04-19T06:10:34.000,14.53
2026-04-19T06:20:51.000,13.96
2026-04-19T06:31:08.000,14.21
2026-04-19T06:41:24.000,13.65
2026-04-19T06:51:40.000,13.78
2026-04-19T07:01:58.000,13.6
2026-04-19T07:12:17.000,13.55
2026-04-19T07:22:33.000,14.26
2026-04-19T07:32:51.000,13.95
2026-04-19T07:48:23.000,14.79
2026-04-19T07:58:43.000,14.43
2026-04-19T08:08:56.000,13.65
2026-04-19T08:19:10.000,14.92
2026-04-19T08:29:25.000,14.97
2026-04-19T08:39:41.000,15.05
2026-04-19T08:49:59.000,15.68
2026-04-19T09:00:15.000,15.69
2026-04-19T09:15:33.000,16.37
2026-04-19T09:25:53.000,16.31
2026-04-19T09:36:07.000,16.12
2026-04-19T09:46:21.000,15.63
2026-04-19T09:56:35.000,15.23
2026-04-19T10:06:49.000,15.6
2026-04-19T10:17:03.000,15.43
2026-04-19T10:27:17.000,15.85
2026-04-19T10:37:31.000,15.7
2026-04-19T10:47:47.000,15.59
2026-04-19T10:58:00.000,15.61
2026-04-19T11:18:30.000,15.33
2026-04-19T11:28:44.000,15.51
2026-04-19T11:39:00.000,15.26
2026-04-19T11:49:16.000,15.23
2026-04-19T11:59:30.000,15.1
2026-04-19T12:09:44.000,14.96
2026-04-19T12:20:01.000,14.79
2026-04-19T12:30:18.000,14.74
2026-04-20T02:15:00.000,20.99
2026-04-20T02:25:16.000,21.36
2026-04-20T02:45:46.000,20.1
2026-04-20T02:56:05.000,19.88
2026-04-20T03:06:21.000,19.25
2026-04-20T03:16:35.000,19.08
2026-04-20T03:26:50.000,19.18
2026-04-20T03:37:05.000,19.21
2026-04-20T03:47:19.000,19.59
2026-04-20T03:57:33.000,19.23
2026-04-20T04:07:50.000,19.45
2026-04-20T04:18:05.000,18.45
2026-04-20T04:28:24.000,17.72
2026-04-20T04:38:41.000,18.23
2026-04-20T04:48:55.000,18.84
2026-04-20T04:59:10.000,18.84
2026-04-20T05:09:28.000,18.21
2026-04-20T05:19:43.000,17.5
2026-04-20T05:29:57.000,17.52
2026-04-20T05:40:12.000,17.61
2026-04-20T06:00:45.000,17.42
2026-04-20T06:16:17.000,18.13
2026-04-20T06:26:37.000,17.89
2026-04-20T06:36:55.000,16.93
2026-04-20T06:47:09.000,16.09
2026-04-20T06:57:22.000,15.16
2026-04-20T07:07:37.000,14.97
2026-04-20T07:17:51.000,14.75
2026-04-20T07:28:07.000,14.3
2026-04-20T07:38:23.000,14.13
2026-04-20T07:53:40.000,14.04
2026-04-20T08:04:03.000,14.22
2026-04-20T08:14:17.000,12.95
2026-04-20T08:24:31.000,12.41
2026-04-20T08:34:46.000,12.24
2026-04-20T08:45:01.000,12.26
2026-04-20T08:55:15.000,12.18
2026-04-20T09:05:29.000,12.4
2026-04-20T09:31:11.000,12.5
2026-04-20T09:41:25.000,11.69
2026-04-20T09:51:38.000,11.64
2026-04-20T10:01:52.000,11.56
2026-04-20T10:12:06.000,11.37
2026-04-20T10:22:21.000,11.49
2026-04-20T10:32:36.000,10.69
2026-04-20T10:42:50.000,10.42
2026-04-20T10:53:06.000,9.94
2026-04-20T11:03:20.000,9.7
2026-04-20T11:13:35.000,10.05
2026-04-20T11:23:49.000,10.39
2026-04-20T11:34:03.000,9.86
2026-04-20T11:44:17.000,9.46
2026-04-20T11:54:32.000,9.21
2026-04-20T12:04:47.000,9.4
2026-04-20T12:15:03.000,9.47
2026-04-20T12:25:17.000,10.12
2026-04-21T02:13:33.000,18.88
2026-04-21T02:23:47.000,19.5
2026-04-21T02:34:01.000,19.37
2026-04-21T02:44:15.000,19.58
2026-04-21T02:54:30.000,19.99
2026-04-21T03:04:44.000,19.48
2026-04-21T03:14:58.000,19.21
2026-04-21T03:25:13.000,18.9
2026-04-21T03:35:27.000,18.35
2026-04-21T03:45:42.000,18.23
2026-04-21T03:55:57.000,18.84
2026-04-21T04:06:13.000,19.13
2026-04-21T04:16:28.000,18.63
2026-04-21T04:26:45.000,18.07
2026-04-21T04:37:03.000,17.7
2026-04-21T04:47:18.000,17.6
2026-04-21T04:57:33.000,17.47
2026-04-21T05:07:48.000,17.28
2026-04-21T05:18:02.000,16.78
2026-04-21T05:28:17.000,15.77
2026-04-21T05:38:31.000,14.29
2026-04-21T05:48:45.000,13.79
2026-04-21T05:59:02.000,13.35
2026-04-21T06:09:16.000,13.17
2026-04-21T06:19:32.000,12.74
2026-04-21T06:29:46.000,12.9
2026-04-21T06:40:00.000,13.7
2026-04-21T06:50:16.000,13.06
2026-04-21T07:00:30.000,13.08
2026-04-21T07:10:45.000,13.39
2026-04-21T07:20:59.000,13.04
2026-04-21T07:31:15.000,12.76
2026-04-21T07:41:29.000,12.66
2026-04-21T07:51:43.000,12.41
2026-04-21T08:01:58.000,11.73
2026-04-21T08:17:31.000,12.39
2026-04-21T08:27:54.000,12.58
2026-04-21T08:38:07.000,11.79
2026-04-21T08:48:23.000,10.99
2026-04-21T08:58:37.000,11.44
2026-04-21T09:08:52.000,11.57
2026-04-21T09:19:05.000,11.51
2026-04-21T09:29:20.000,11.64
2026-04-21T09:39:34.000,12.21
2026-04-21T09:49:50.000,14.41
2026-04-21T10:00:05.000,14.26
2026-04-21T10:10:21.000,14.75
2026-04-21T10:20:37.000,15.75
2026-04-21T10:41:06.000,14.48
2026-04-21T10:51:21.000,13.55
2026-04-21T11:01:35.000,12.93
2026-04-21T11:11:49.000,12.64
2026-04-21T11:22:03.000,11.71
2026-04-21T11:32:18.000,10.99
2026-04-21T11:42:34.000,10.96
2026-04-21T11:52:48.000,11.13
2026-04-21T12:03:02.000,11.36
2026-04-21T12:13:17.000,10.81
2026-04-21T12:23:31.000,11.51
2026-04-22T02:13:52.000,20.98
2026-04-22T02:24:06.000,21.51
2026-04-22T02:34:21.000,21.49
2026-04-22T02:44:35.000,20.96
2026-04-22T02:54:50.000,21.27
2026-04-22T03:10:23.000,22.04
2026-04-22T03:20:49.000,21.21
2026-04-22T03:31:03.000,20.14
2026-04-22T03:41:19.000,19.73
2026-04-22T04:01:55.000,19.48
2026-04-22T04:27:55.000,19.57
2026-04-22T04:43:28.000,19.46
2026-04-22T04:53:53.000,19.24
2026-04-22T05:04:08.000,18.44
2026-04-22T05:14:25.000,18.33
2026-04-22T05:24:43.000,18.25
2026-04-22T05:40:17.000,18.91
2026-04-22T05:50:41.000,19.21
2026-04-22T06:00:54.000,18.29
2026-04-22T06:16:26.000,18.85
2026-04-22T06:26:50.000,18.77
2026-04-22T06:37:03.000,18.17
2026-04-22T06:47:20.000,18.08
2026-04-22T06:57:35.000,17.81
2026-04-22T07:07:53.000,17.54
2026-04-22T07:18:21.000,17.73
2026-04-22T07:28:37.000,17.13
2026-04-22T07:38:50.000,16.86
2026-04-22T07:49:07.000,16.31
2026-04-22T07:59:23.000,15.59
2026-04-22T08:09:37.000,15.09
2026-04-22T08:19:52.000,15.0
2026-04-22T08:30:07.000,15.58
2026-04-22T08:40:21.000,15.66
2026-04-22T08:50:36.000,15.21
2026-04-22T09:00:51.000,15.04
2026-04-22T09:11:06.000,14.44
2026-04-22T09:21:20.000,13.52
2026-04-22T09:31:36.000,13.02
2026-04-22T09:41:50.000,12.17
2026-04-22T09:52:04.000,11.13
2026-04-22T10:02:19.000,10.53
2026-04-22T10:12:34.000,10.1
2026-04-22T10:22:48.000,9.8
2026-04-22T10:33:01.000,9.49
2026-04-22T10:48:34.000,10.04
2026-04-22T10:58:55.000,10.12
2026-04-22T11:09:08.000,9.37
2026-04-22T11:19:23.000,9.43
2026-04-22T11:29:38.000,9.59
2026-04-22T11:39:53.000,9.96
2026-04-22T11:50:07.000,10.33
2026-04-22T12:00:22.000,10.08
2026-04-22T12:10:36.000,10.24
2026-04-22T12:20:51.000,9.57
2026-04-23T02:18:38.000,18.02
2026-04-23T02:28:54.000,18.7
2026-04-23T02:39:09.000,18.39
2026-04-23T02:49:22.000,17.89
2026-04-23T02:59:38.000,17.24
2026-04-23T03:09:52.000,17.14
2026-04-23T03:20:13.000,17.46
2026-04-23T03:30:30.000,17.27
2026-04-23T03:40:47.000,16.65
2026-04-23T03:51:02.000,16.82
2026-04-23T04:01:16.000,16.47
2026-04-23T04:11:30.000,15.68
2026-04-23T04:27:02.000,15.7
2026-04-23T04:42:43.000,15.92
2026-04-23T04:53:03.000,15.21
2026-04-23T05:03:21.000,14.26
2026-04-23T05:13:36.000,13.61
2026-04-23T05:23:50.000,14.48
2026-04-23T05:34:04.000,12.94
2026-04-23T05:44:22.000,12.62
2026-04-23T06:00:00.000,12.46
2026-04-23T06:10:20.000,12.07
2026-04-23T06:25:53.000,12.07
2026-04-23T06:36:16.000,11.9
2026-04-23T06:51:53.000,13.67
2026-04-23T07:02:18.000,14.44
2026-04-23T07:12:33.000,14.62
2026-04-23T07:22:47.000,13.76
2026-04-23T07:43:25.000,12.55
2026-04-23T07:53:43.000,12.88
2026-04-23T08:09:16.000,13.91
2026-04-23T08:19:36.000,14.57
2026-04-23T08:29:49.000,13.44
2026-04-23T08:50:23.000,10.19
2026-04-23T09:00:39.000,9.43
2026-04-23T09:15:58.000,10.23
2026-04-23T09:26:19.000,9.63
2026-04-23T09:36:32.000,8.49
2026-04-23T09:46:46.000,7.47
2026-04-23T10:07:16.000,6.39
2026-04-23T10:17:33.000,6.94
2026-04-23T10:27:47.000,7.16
2026-04-23T10:38:02.000,6.78
2026-04-23T10:48:19.000,7.28
2026-04-23T10:58:33.000,7.52
2026-04-23T11:08:48.000,7.68
2026-04-23T11:19:02.000,6.75
2026-04-23T11:29:16.000,6.43
2026-04-23T11:39:30.000,6.24
2026-04-23T11:49:44.000,7.16
2026-04-23T11:59:58.000,7.49
2026-04-23T12:10:13.000,6.91
2026-04-23T12:20:28.000,6.52
2026-04-24T02:16:37.000,17.48
2026-04-24T02:26:51.000,18.0
2026-04-24T02:37:06.000,18.76
2026-04-24T02:47:22.000,19.02
2026-04-24T02:57:36.000,18.54
2026-04-24T03:07:53.000,18.63
2026-04-24T03:18:07.000,18.6
2026-04-24T03:28:25.000,18.86
2026-04-24T03:38:40.000,18.53
2026-04-24T03:48:55.000,18.27
2026-04-24T03:59:09.000,18.32
2026-04-24T04:09:24.000,18.25
2026-04-24T04:19:42.000,18.1
2026-04-24T04:29:57.000,17.86
2026-04-24T04:40:12.000,17.5
2026-04-24T05:16:39.000,18.58
2026-04-24T05:26:58.000,17.15
2026-04-24T05:37:11.000,15.98
2026-04-24T05:47:26.000,15.62
2026-04-24T05:57:40.000,14.06
2026-04-24T06:07:54.000,13.86
2026-04-24T06:18:09.000,12.81
2026-04-24T06:28:22.000,12.62
2026-04-24T06:38:36.000,11.9
2026-04-24T06:48:50.000,11.63
2026-04-24T06:59:07.000,11.05
2026-04-24T07:09:21.000,10.91
2026-04-24T07:19:36.000,10.98
2026-04-24T07:29:51.000,11.38
2026-04-24T07:40:05.000,11.37
2026-04-24T07:50:19.000,10.94
2026-04-24T08:00:34.000,10.58
2026-04-24T08:10:48.000,10.04
2026-04-24T08:21:02.000,10.39
2026-04-24T08:31:17.000,10.12
2026-04-24T08:41:31.000,9.92
2026-04-24T08:51:45.000,9.99
2026-04-24T09:02:01.000,10.52
2026-04-24T09:12:15.000,10.14
2026-04-24T09:22:29.000,10.21
2026-04-24T09:32:45.000,10.5
2026-04-24T09:43:00.000,11.98
2026-04-24T09:53:15.000,12.14
2026-04-24T10:08:48.000,12.76
2026-04-24T10:19:11.000,12.02
2026-04-24T10:29:24.000,10.9
2026-04-24T10:39:38.000,10.17
2026-04-24T10:49:52.000,10.35
2026-04-24T11:10:10.000,12.65
2026-04-24T11:20:33.000,12.28
2026-04-24T11:36:06.000,12.14
2026-04-24T11:51:46.000,12.64
2026-04-24T12:02:05.000,12.31
2026-04-24T12:12:19.000,11.59
2026-04-24T12:22:33.000,10.84
2026-04-25T02:17:34.000,18.77
2026-04-25T02:33:08.000,19.57
2026-04-25T02:48:49.000,20.41
2026-04-25T02:59:08.000,19.69
2026-04-25T03:09:23.000,18.98
2026-04-25T03:19:37.000,18.79
2026-04-25T03:29:51.000,18.36
2026-04-25T03:40:09.000,17.83
2026-04-25T03:50:23.000,18.16
2026-04-25T04:00:38.000,18.55
2026-04-25T04:16:13.000,18.88
2026-04-25T04:26:32.000,18.58
2026-04-25T04:36:45.000,17.9
2026-04-25T04:46:59.000,17.03
2026-04-25T05:02:31.000,17.12
2026-04-25T05:12:51.000,16.27
2026-04-25T05:23:04.000,15.74
2026-04-25T05:33:19.000,15.8
2026-04-25T05:43:33.000,15.74
2026-04-25T05:53:47.000,15.49
2026-04-25T06:09:08.000,16.24
2026-04-25T06:19:31.000,15.87
2026-04-25T06:29:48.000,14.94
2026-04-25T06:40:03.000,14.74
2026-04-25T06:50:19.000,14.33
2026-04-25T07:00:33.000,14.37
2026-04-25T07:10:47.000,14.78
2026-04-25T07:21:02.000,14.96
2026-04-25T07:31:16.000,14.97
2026-04-25T07:41:33.000,14.87
2026-04-25T07:51:48.000,14.21
2026-04-25T08:02:02.000,13.83
2026-04-25T08:12:16.000,13.6
2026-04-25T08:22:29.000,13.18
2026-04-25T08:32:44.000,13.02
2026-04-25T08:43:00.000,13.15
2026-04-25T08:53:14.000,13.08
2026-04-25T09:03:28.000,13.41
2026-04-25T09:13:43.000,13.98
2026-04-25T09:23:58.000,13.17
2026-04-25T09:34:12.000,11.76
2026-04-25T09:49:44.000,11.87
2026-04-25T10:00:04.000,11.99
2026-04-25T10:10:17.000,10.7
2026-04-25T10:20:31.000,10.33
2026-04-25T10:30:45.000,10.09
2026-04-25T10:41:01.000,9.89
2026-04-25T10:51:16.000,9.9
2026-04-25T11:01:30.000,11.13
2026-04-25T11:11:45.000,10.83
2026-04-25T11:22:00.000,10.36
2026-04-25T11:32:13.000,9.76
2026-04-25T11:42:29.000,10.07
2026-04-25T11:52:46.000,10.39
2026-04-25T12:03:04.000,10.7
2026-04-25T12:13:20.000,10.74
2026-04-25T12:23:37.000,10.85
2026-04-26T02:18:13.000,17.21
2026-04-26T02:28:31.000,17.73
2026-04-26T02:44:04.000,18.74
2026-04-26T02:54:25.000,19.39
2026-04-26T03:04:39.000,18.59
2026-04-26T03:14:53.000,17.9
2026-04-26T03:30:26.000,18.76
2026-04-26T03:40:50.000,18.59
2026-04-26T03:51:03.000,18.02
2026-04-26T04:06:21.000,17.27
2026-04-26T04:16:41.000,17.6
2026-04-26T04:26:56.000,17.65
2026-04-26T04:37:12.000,18.28
2026-04-26T04:47:26.000,18.57
2026-04-26T04:57:40.000,18.8
2026-04-26T05:07:55.000,18.15
2026-04-26T05:18:11.000,17.55
2026-04-26T05:28:27.000,17.96
2026-04-26T05:38:42.000,17.8
2026-04-26T05:48:59.000,17.76
2026-04-26T05:59:15.000,17.71
2026-04-26T06:09:29.000,17.19
2026-04-26T06:19:45.000,16.36
2026-04-26T06:29:59.000,16.77
2026-04-26T06:40:14.000,16.88
2026-04-26T06:50:29.000,17.28
2026-04-26T07:00:44.000,17.21
2026-04-26T07:11:01.000,17.09
2026-04-26T07:21:16.000,16.84
2026-04-26T07:31:31.000,16.66
2026-04-26T07:41:48.000,16.69
2026-04-26T07:52:04.000,16.96
2026-04-26T08:02:22.000,16.79
2026-04-26T08:17:39.000,17.22
2026-04-26T08:28:05.000,17.43
2026-04-26T08:38:18.000,16.58
2026-04-26T08:48:32.000,16.46
2026-04-26T09:04:05.000,17.43
2026-04-26T09:14:26.000,17.26
2026-04-26T09:24:38.000,16.35
2026-04-26T09:34:52.000,15.91
2026-04-26T09:45:06.000,15.21
2026-04-26T09:55:23.000,14.53
2026-04-26T10:05:38.000,14.79
2026-04-26T10:15:53.000,15.18
2026-04-26T10:26:07.000,14.87
2026-04-26T10:46:37.000,14.92
2026-04-26T10:56:52.000,15.25
2026-04-26T11:07:06.000,15.26
2026-04-26T11:22:39.000,15.47
2026-04-26T11:33:00.000,15.18
2026-04-26T11:43:18.000,14.31
2026-04-26T11:53:33.000,13.85
2026-04-26T12:03:47.000,14.38
2026-04-26T12:14:04.000,14.38
2026-04-26T12:24:18.000,14.24
2026-04-27T02:20:26.000,13.4
2026-04-27T02:30:40.000,13.49
2026-04-27T02:40:55.000,13.97
2026-04-27T02:51:12.000,13.7
2026-04-27T03:01:27.000,13.18
2026-04-27T03:11:42.000,13.0
2026-04-27T03:27:15.000,13.53
2026-04-27T03:37:38.000,13.03
2026-04-27T03:47:51.000,12.31
2026-04-27T03:58:05.000,12.25
2026-04-27T04:08:21.000,12.79
2026-04-27T04:18:35.000,12.98
2026-04-27T04:28:49.000,12.79
2026-04-27T04:39:04.000,12.31
2026-04-27T04:49:18.000,12.01
2026-04-27T04:59:32.000,11.65
2026-04-27T05:09:46.000,11.69
2026-04-27T05:20:02.000,11.12
2026-04-27T05:30:16.000,10.56
2026-04-27T05:40:31.000,10.84
2026-04-27T05:50:47.000,10.21
2026-04-27T06:01:02.000,9.5
2026-04-27T06:11:16.000,9.53
2026-04-27T06:21:30.000,8.96
2026-04-27T06:31:44.000,8.19
2026-04-27T06:41:58.000,8.14
2026-04-27T06:52:12.000,8.34
2026-04-27T07:02:27.000,8.23
2026-04-27T07:12:45.000,8.1
2026-04-27T07:23:01.000,7.71
2026-04-27T07:33:15.000,6.93
2026-04-27T07:43:28.000,6.88
2026-04-27T07:53:42.000,7.12
2026-04-27T08:09:15.000,7.32
2026-04-27T08:19:36.000,7.26
2026-04-27T08:29:49.000,6.15
2026-04-27T08:40:05.000,5.54
2026-04-27T08:50:20.000,5.47
2026-04-27T09:00:34.000,5.19
2026-04-27T09:10:50.000,5.04
2026-04-27T09:21:05.000,5.12
2026-04-27T09:31:20.000,4.89
2026-04-27T09:41:36.000,4.88
2026-04-27T09:51:50.000,4.71
2026-04-27T10:02:06.000,4.38
2026-04-27T10:12:21.000,3.98
2026-04-27T10:22:35.000,4.09
2026-04-27T10:32:50.000,4.04
2026-04-27T10:43:04.000,3.81
2026-04-27T10:53:19.000,3.47
2026-04-27T11:03:34.000,3.87
2026-04-27T11:19:07.000,4.43
2026-04-27T11:29:28.000,4.77
2026-04-27T11:44:46.000,4.56
2026-04-27T11:55:07.000,4.83
2026-04-27T12:15:35.000,3.99
2026-04-28T02:21:07.000,14.15
2026-04-28T02:31:22.000,14.98
2026-04-28T02:41:36.000,14.19
2026-04-28T02:51:49.000,13.48
2026-04-28T03:02:03.000,12.7
2026-04-28T03:12:18.000,12.5
2026-04-28T03:22:34.000,12.98
2026-04-28T03:32:53.000,12.67
2026-04-28T03:43:08.000,12.69
2026-04-28T03:53:22.000,12.35
2026-04-28T04:03:36.000,12.98
2026-04-28T04:13:50.000,13.47
2026-04-28T04:24:04.000,13.2
2026-04-28T04:39:37.000,14.6
2026-04-28T04:49:58.000,14.47
2026-04-28T05:00:11.000,13.65
2026-04-28T05:10:24.000,13.2
2026-04-28T05:20:39.000,12.82
2026-04-28T05:30:54.000,12.03
2026-04-28T05:41:08.000,11.85
2026-04-28T05:51:23.000,11.77
2026-04-28T06:01:37.000,11.86
2026-04-28T06:11:51.000,11.77
2026-04-28T06:22:10.000,12.18
2026-04-28T06:32:25.000,12.13
2026-04-28T06:42:39.000,11.7
2026-04-28T06:52:54.000,11.08
2026-04-28T07:03:09.000,10.87
2026-04-28T07:13:23.000,10.78
2026-04-28T07:28:56.000,11.28
2026-04-28T07:39:17.000,10.56
2026-04-28T07:49:30.000,9.46
2026-04-28T07:59:44.000,9.27
2026-04-28T08:09:58.000,8.95
2026-04-28T08:20:12.000,8.93
2026-04-28T08:30:26.000,8.88
2026-04-28T08:40:40.000,8.6
2026-04-28T08:50:54.000,8.31
2026-04-28T09:01:07.000,7.75
2026-04-28T09:11:22.000,7.38
2026-04-28T09:21:38.000,7.03
2026-04-28T09:31:52.000,6.89
2026-04-28T09:42:06.000,6.61
2026-04-28T09:52:20.000,6.31
2026-04-28T10:02:34.000,7.32
2026-04-28T10:12:48.000,7.83
2026-04-28T10:23:03.000,7.98
2026-04-28T10:33:18.000,7.23
2026-04-28T10:43:31.000,6.27
2026-04-28T10:53:45.000,6.15
2026-04-28T11:03:59.000,5.9
2026-04-28T11:14:13.000,5.54
2026-04-28T11:24:28.000,5.25
2026-04-28T11:34:42.000,5.49
2026-04-28T11:44:57.000,5.19
2026-04-28T11:55:11.000,5.21
2026-04-28T12:05:27.000,4.98
2026-04-28T12:15:41.000,4.96
2026-04-29T02:18:14.000,17.36
2026-04-29T02:28:29.000,17.85
2026-04-29T02:38:44.000,17.04
2026-04-29T02:49:02.000,17.06
2026-04-29T02:59:17.000,16.87
2026-04-29T03:09:32.000,16.21
2026-04-29T03:35:28.000,16.85
2026-04-29T03:45:42.000,16.18
2026-04-29T03:55:57.000,15.51
2026-04-29T04:06:12.000,15.81
2026-04-29T04:16:38.000,15.35
2026-04-29T04:26:53.000,15.35
2026-04-29T04:37:09.000,15.39
2026-04-29T04:47:25.000,15.82
2026-04-29T04:57:40.000,15.94
2026-04-29T05:07:55.000,15.89
2026-04-29T05:18:11.000,15.77
2026-04-29T05:28:28.000,16.24
2026-04-29T05:38:43.000,16.19
2026-04-29T05:48:57.000,16.41
2026-04-29T05:59:16.000,16.04
2026-04-29T06:09:33.000,15.6
2026-04-29T06:19:51.000,15.45
2026-04-29T06:30:05.000,15.61
2026-04-29T06:45:27.000,16.16
2026-04-29T06:55:48.000,16.62
2026-04-29T07:16:17.000,13.65
2026-04-29T07:36:50.000,13.28
2026-04-29T07:47:07.000,13.14
2026-04-29T07:57:25.000,12.23
2026-04-29T08:07:39.000,11.56
2026-04-29T08:17:56.000,10.96
2026-04-29T08:28:18.000,10.66
2026-04-29T08:54:14.000,11.4
2026-04-29T09:14:54.000,13.87
2026-04-29T09:25:19.000,13.3
2026-04-29T09:35:33.000,12.52
2026-04-29T09:45:48.000,12.45
2026-04-29T09:56:04.000,12.26
2026-04-29T10:06:23.000,11.72
2026-04-29T10:16:38.000,11.22
2026-04-29T10:26:51.000,10.82
2026-04-29T10:37:06.000,10.94
2026-04-29T10:47:21.000,10.78
2026-04-29T10:57:35.000,10.71
2026-04-29T11:07:51.000,11.18
2026-04-29T11:18:15.000,11.13
2026-04-29T11:28:30.000,11.06
2026-04-29T11:38:45.000,11.12
2026-04-29T11:49:02.000,10.85
2026-04-29T11:59:17.000,10.65
2026-04-29T12:09:31.000,11.05
2026-04-29T12:19:48.000,11.16
2026-04-30T02:16:30.000,19.12
2026-04-30T02:26:44.000,20.06
2026-04-30T02:37:00.000,19.96
2026-04-30T02:47:15.000,19.73
2026-04-30T02:57:33.000,19.72
2026-04-30T03:07:48.000,19.32
2026-04-30T03:18:06.000,18.99
2026-04-30T03:28:22.000,18.62
2026-04-30T03:38:36.000,18.19
2026-04-30T03:48:53.000,18.32
2026-04-30T03:59:07.000,17.97
2026-04-30T04:09:27.000,18.02
2026-04-30T04:19:42.000,17.42
2026-04-30T04:30:05.000,16.99
2026-04-30T04:40:20.000,17.13
2026-04-30T05:00:52.000,18.53
2026-04-30T05:11:15.000,18.47
2026-04-30T05:21:33.000,17.23
2026-04-30T05:31:52.000,16.95
2026-04-30T05:42:06.000,16.72
2026-04-30T05:52:23.000,16.46
2026-04-30T06:02:38.000,16.44
2026-04-30T06:23:16.000,18.28
2026-04-30T06:33:39.000,18.48
2026-04-30T06:43:53.000,17.33
2026-04-30T06:54:07.000,16.74
2026-04-30T07:04:24.000,16.59
2026-04-30T07:14:42.000,16.76
2026-04-30T07:24:57.000,16.84
2026-04-30T07:35:12.000,16.9
2026-04-30T07:45:30.000,16.62
2026-04-30T07:55:44.000,16.31
2026-04-30T08:05:59.000,16.29
2026-04-30T08:16:20.000,16.03
2026-04-30T08:26:35.000,15.92
2026-04-30T08:36:49.000,15.95
2026-04-30T08:47:04.000,16.06
2026-04-30T08:57:18.000,15.92
2026-04-30T09:07:39.000,16.07
2026-04-30T09:17:54.000,15.97
2026-04-30T09:33:26.000,16.68
2026-04-30T09:43:48.000,17.6
2026-04-30T09:54:01.000,16.84
2026-04-30T10:09:35.000,17.39
2026-04-30T10:19:55.000,17.35
2026-04-30T10:30:09.000,16.32
2026-04-30T10:40:24.000,16.04
2026-04-30T10:50:39.000,15.72
2026-04-30T11:00:53.000,15.63
2026-04-30T11:11:11.000,15.53
2026-04-30T11:21:27.000,15.54
2026-04-30T11:31:41.000,15.42
2026-04-30T11:41:55.000,14.96
2026-04-30T11:52:10.000,14.74
2026-04-30T12:02:27.000,14.68
2026-04-30T12:12:43.000,14.96
2026-04-30T12:23:04.000,15.01
2026-02-01T01:18:58.000,9.71
2026-02-01T01:29:12.000,10.18
2026-02-01T01:39:27.000,10.38
2026-02-01T01:49:40.000,10.6
2026-02-01T01:59:54.000,10.59
2026-02-01T02:15:31.000,11.49
2026-02-01T02:25:53.000,11.28
2026-02-01T02:36:06.000,10.13
2026-02-01T02:46:19.000,9.84
2026-02-01T02:56:35.000,9.47
2026-02-01T03:06:48.000,9.13
2026-02-01T03:17:02.000,8.54
2026-02-01T03:32:19.000,8.66
2026-02-01T03:42:39.000,9.0
2026-02-01T03:58:14.000,8.99
2026-02-01T04:08:37.000,9.34
2026-02-01T04:18:53.000,8.85
2026-02-01T04:29:07.000,8.25
2026-02-01T04:39:33.000,7.74
2026-02-01T04:49:47.000,7.73
2026-02-01T05:00:02.000,7.36
2026-02-01T05:10:16.000,6.86
2026-02-01T05:20:31.000,7.01
2026-02-01T05:30:45.000,6.85
2026-02-01T05:41:00.000,6.98
2026-02-01T05:51:16.000,7.17
2026-02-01T06:01:30.000,7.07
2026-02-01T06:11:44.000,7.43
2026-02-01T06:22:01.000,10.16
2026-02-01T06:32:18.000,11.69
2026-02-01T06:42:34.000,11.61
2026-02-01T06:58:06.000,12.01
2026-02-01T07:08:26.000,11.57
2026-02-01T07:18:40.000,11.08
2026-02-01T07:28:54.000,10.99
2026-02-01T07:39:08.000,10.19
2026-02-01T07:49:22.000,10.79
2026-02-01T08:09:53.000,10.97
2026-02-10T01:35:02.000,15.04
2026-02-11T01:33:20.000,14.6
2026-02-11T01:43:35.000,14.18
2026-02-11T01:53:50.000,14.7
2026-02-11T02:35:30.000,15.0
2026-02-11T02:51:16.000,14.76
2026-02-11T03:32:33.000,15.54
2026-02-11T04:18:21.000,18.75
2026-02-18T01:41:12.000,8.79
2026-02-18T02:52:48.000,9.85
2026-02-18T04:43:48.000,10.91
2026-02-19T02:34:13.000,12.1
2026-02-24T01:34:59.000,16.87
2026-02-24T01:45:15.000,16.42
2026-02-24T02:05:38.000,17.34
2026-02-24T02:16:04.000,16.05
2026-02-24T03:13:09.000,15.79
2026-02-24T04:46:58.000,13.9
2026-02-24T05:18:29.000,13.5
2026-02-24T05:28:54.000,12.92
2026-02-24T05:39:14.000,12.07
2026-02-24T06:36:01.000,14.18
2026-02-24T06:46:37.000,12.97
2026-02-24T06:56:56.000,11.95
2026-02-25T01:46:05.000,19.17
2026-02-25T02:11:47.000,21.32
2026-02-25T02:37:17.000,21.35
2026-02-25T02:47:37.000,19.13
2026-02-25T03:03:11.000,17.47
2026-02-25T03:19:06.000,16.66
2026-02-25T03:29:38.000,15.42
2026-02-25T04:16:26.000,15.88
2026-02-25T04:27:00.000,14.86
2026-02-25T04:47:42.000,15.46
2026-02-25T04:58:08.000,14.84
2026-02-25T05:13:45.000,14.15
2026-02-25T05:29:36.000,14.53
2026-02-25T06:21:12.000,15.68
2026-02-25T06:41:52.000,16.29
2026-02-26T01:48:39.000,21.73
2026-02-26T01:58:56.000,21.74
2026-02-26T02:09:10.000,20.67
2026-02-26T02:19:25.000,20.53
2026-02-26T02:29:39.000,19.94
2026-02-26T02:39:56.000,19.1
2026-02-26T02:50:10.000,18.46
2026-02-26T03:05:28.000,19.06
2026-02-26T03:21:06.000,18.72
2026-02-26T03:31:25.000,16.72
2026-02-26T03:41:42.000,15.72
2026-02-26T03:51:56.000,14.85
2026-02-26T04:02:15.000,13.99
2026-02-26T04:12:30.000,13.75
2026-02-26T04:27:48.000,14.64
2026-02-26T04:38:10.000,15.41
2026-02-26T04:48:31.000,14.34
2026-02-26T05:04:04.000,15.66
2026-02-26T05:19:54.000,15.85
2026-02-26T05:30:14.000,14.64
2026-02-26T05:40:30.000,14.04
2026-02-26T05:56:02.000,14.18
2026-02-26T06:06:22.000,14.13
2026-02-26T06:16:36.000,13.43
2026-02-26T06:32:10.000,14.09
2026-02-26T06:42:35.000,14.23
2026-02-26T06:52:53.000,13.17
2026-02-26T07:03:11.000,12.91
2026-02-26T07:13:26.000,12.76
2026-02-26T07:29:03.000,13.96
2026-02-26T07:39:26.000,13.97
2026-02-26T07:49:43.000,13.34
2026-02-26T08:15:48.000,14.3
2026-02-26T08:26:07.000,13.31
2026-02-26T08:36:23.000,12.73
2026-02-26T08:46:40.000,12.02
2026-02-26T08:56:59.000,11.8
2026-02-26T09:07:16.000,11.71
2026-02-26T09:17:31.000,12.28
2026-02-26T09:33:11.000,13.54
2026-02-26T09:43:33.000,14.42
2026-02-26T09:53:47.000,14.27
2026-02-26T10:04:05.000,13.65
2026-02-26T10:14:25.000,13.96
2026-02-26T10:24:51.000,13.99
2026-02-26T10:35:10.000,14.05
2026-02-26T10:45:37.000,14.22
2026-02-26T10:55:57.000,13.17
2026-02-26T11:06:14.000,12.34
2026-02-26T11:16:33.000,11.85
2026-02-26T11:26:47.000,11.52
2026-02-26T11:37:05.000,11.71
2026-02-26T11:57:41.000,11.9
2026-02-26T12:18:29.000,12.1
2026-02-26T12:33:50.000,12.92
2026-02-26T12:44:14.000,12.74
2026-02-26T12:54:27.000,11.59
2026-02-26T13:10:06.000,12.09
2026-02-26T13:20:29.000,12.04
2026-02-27T01:49:43.000,22.43
2026-02-27T02:00:06.000,21.58
2026-02-27T02:10:19.000,20.57
2026-02-27T02:20:36.000,20.49
2026-02-27T02:30:51.000,19.9
2026-02-27T02:41:07.000,19.38
2026-02-27T02:51:22.000,18.52
2026-02-27T03:01:40.000,17.31
2026-02-27T03:11:55.000,17.36
2026-02-27T03:22:14.000,17.56
2026-02-27T03:32:35.000,16.52
2026-02-27T03:42:51.000,16.23
2026-02-27T03:58:27.000,16.68
2026-02-27T04:08:49.000,16.31
2026-02-27T04:19:02.000,15.29
2026-02-27T04:29:17.000,14.76
2026-02-27T04:44:52.000,15.43
2026-02-27T04:55:21.000,15.79
2026-02-27T05:11:01.000,15.55
2026-02-27T05:21:32.000,15.59
2026-02-27T05:37:12.000,15.73
2026-02-27T05:47:38.000,16.22
2026-02-27T06:14:01.000,16.42
2026-02-27T06:24:16.000,15.45
2026-02-27T06:39:52.000,15.76
2026-02-27T06:50:17.000,16.01
2026-02-27T07:00:37.000,14.67
2026-02-27T07:21:24.000,16.19
2026-02-27T07:31:48.000,15.23
2026-02-27T07:47:23.000,14.77
2026-02-27T07:57:58.000,14.27
2026-02-27T08:08:18.000,13.42
2026-02-27T08:18:50.000,12.88
2026-02-27T10:22:57.000,13.87
2026-02-28T01:39:48.000,20.94
2026-02-28T01:55:06.000,22.24
2026-02-28T02:10:30.000,22.35
2026-02-28T02:20:49.000,21.37
2026-02-28T02:31:05.000,19.8
2026-02-28T02:41:19.000,19.52
2026-02-28T02:51:35.000,19.3
2026-02-28T03:01:49.000,19.8
2026-02-28T03:12:06.000,20.22
2026-02-28T03:22:22.000,19.95
2026-02-28T03:32:36.000,19.72
2026-02-28T03:42:52.000,19.94
2026-02-28T03:58:23.000,20.89
2026-02-28T04:13:50.000,21.31
2026-02-28T04:39:41.000,20.59
2026-02-28T04:55:24.000,20.29
2026-02-28T05:05:44.000,17.98
2026-02-28T05:15:58.000,16.34
2026-02-28T05:31:30.000,16.63
2026-02-28T05:41:51.000,16.29
2026-02-28T05:52:09.000,15.03
2026-02-28T06:02:26.000,14.71
2026-03-02T01:50:29.000,22.75
2026-03-02T02:00:52.000,21.62
2026-03-02T02:16:36.000,21.79
2026-03-02T02:32:01.000,22.73
2026-03-02T02:42:22.000,21.85
2026-03-02T02:52:37.000,19.77
2026-03-02T03:02:54.000,18.87
2026-03-02T03:23:29.000,19.64
2026-03-02T03:54:28.000,16.26
2026-03-02T04:04:48.000,16.15
2026-03-02T04:15:07.000,15.7
2026-03-02T04:35:54.000,15.46
2026-03-02T04:56:38.000,15.45
2026-03-02T05:33:09.000,15.8
2026-03-02T05:53:49.000,16.2
2026-03-02T06:04:17.000,14.69
2026-03-02T06:14:44.000,12.91
2026-03-03T03:02:54.000,22.98
2026-03-03T03:38:34.000,24.19
2026-03-04T01:58:27.000,17.26
2026-03-04T02:08:51.000,17.06
2026-03-04T02:19:18.000,15.57
2026-03-04T02:29:38.000,15.04
2026-03-04T03:05:36.000,17.7
2026-03-04T03:21:15.000,17.23
2026-03-04T03:31:38.000,15.95
2026-03-04T04:02:14.000,17.36
2026-03-04T05:39:07.000,17.95
2026-03-05T02:00:58.000,15.73
2026-03-05T02:32:09.000,12.57
2026-03-05T03:44:18.000,15.32
2026-03-05T03:54:54.000,14.24
2026-03-05T04:36:57.000,14.3
2026-03-06T01:59:59.000,18.22
2026-03-09T03:50:42.000,20.32
2026-03-09T04:37:10.000,19.22
2026-03-09T04:47:45.000,16.26
2026-03-09T04:58:05.000,14.03
2026-03-09T05:08:25.000,12.89
2026-03-09T05:18:49.000,12.13
2026-03-10T03:01:40.000,13.67
2026-03-10T03:12:02.000,10.51
2026-03-10T03:22:14.000,8.61
2026-03-10T03:32:28.000,8.27
2026-03-10T03:42:42.000,8.96
2026-03-10T03:52:57.000,9.0
2026-03-10T04:03:11.000,8.79
2026-03-10T04:13:24.000,8.98
2026-03-10T04:23:38.000,9.25
2026-03-10T04:33:52.000,9.45
2026-03-10T04:44:06.000,9.5
2026-03-10T04:54:19.000,9.44
2026-03-10T05:04:33.000,9.31
2026-03-10T05:14:46.000,9.25
2026-03-10T05:25:00.000,9.16
2026-03-10T05:35:13.000,9.46
2026-03-10T05:45:27.000,9.61
2026-03-10T05:55:40.000,9.7
2026-03-10T06:05:54.000,9.66
2026-03-10T06:16:08.000,9.53
2026-03-10T06:26:28.000,9.53
2026-03-10T06:36:42.000,9.47
2026-03-10T06:46:56.000,9.41
2026-03-10T08:25:06.000,13.31
2026-03-10T08:45:51.000,10.94
2026-03-10T08:56:09.000,8.44
2026-03-10T09:06:21.000,7.71
2026-03-10T09:16:34.000,7.3
2026-03-10T09:26:48.000,7.43
2026-03-10T09:37:01.000,6.93
2026-03-10T09:47:15.000,5.95
2026-03-10T09:57:28.000,4.88
2026-03-10T10:07:42.000,4.4
2026-03-11T01:47:43.000,11.96
2026-03-11T02:39:39.000,11.63
2026-03-11T02:49:56.000,10.53
2026-03-11T03:00:10.000,10.61
2026-03-11T03:10:25.000,11.23
2026-03-11T03:20:44.000,11.58
2026-03-11T03:31:05.000,11.6
2026-03-11T03:41:20.000,11.28
2026-03-11T03:51:33.000,10.45
2026-03-11T04:01:48.000,10.23
2026-03-11T04:12:01.000,10.17
2026-03-11T04:22:16.000,9.91
2026-03-11T04:32:30.000,9.68
2026-03-11T04:42:44.000,9.57
2026-03-11T04:52:58.000,9.4
2026-03-11T05:08:30.000,10.22
2026-03-11T05:18:54.000,10.16
2026-03-11T05:29:07.000,9.18
2026-03-11T05:44:26.000,9.32
2026-03-11T05:54:47.000,9.58
2026-03-11T06:05:04.000,8.59
2026-03-11T06:20:36.000,8.59
2026-03-11T06:30:56.000,8.32
2026-03-11T06:41:08.000,7.69
2026-03-11T06:51:22.000,6.9
2026-03-11T07:01:36.000,6.37
2026-03-11T07:11:51.000,6.27
2026-03-11T07:22:04.000,6.06
2026-03-11T07:37:23.000,6.74
2026-03-11T07:47:45.000,7.13
2026-03-11T07:58:00.000,6.52
2026-03-11T08:08:14.000,6.11
2026-03-11T08:18:28.000,5.74
2026-03-11T08:28:42.000,5.76
2026-03-11T08:38:56.000,5.48
2026-03-11T08:49:10.000,5.39
2026-03-11T08:59:24.000,5.21
2026-03-11T09:09:38.000,5.1
2026-03-11T09:19:52.000,4.77
2026-03-11T09:30:06.000,4.95
2026-03-11T09:40:20.000,5.1
2026-03-11T09:50:34.000,5.18
2026-03-11T10:00:48.000,5.14
2026-03-11T10:11:02.000,5.15
2026-03-11T10:21:17.000,5.21
2026-03-11T10:31:31.000,5.08
2026-03-11T10:41:45.000,4.81
2026-03-11T10:51:59.000,4.8
2026-03-11T11:02:14.000,4.65
2026-03-11T11:17:51.000,5.33
2026-03-11T11:28:12.000,5.61
2026-03-11T11:38:25.000,5.08
2026-03-11T11:48:39.000,4.81
2026-03-11T11:58:53.000,4.68
2026-03-11T12:09:06.000,4.07
2026-03-11T12:19:20.000,3.97
2026-03-11T12:29:34.000,4.92
2026-03-11T12:39:49.000,5.16
2026-03-11T12:50:05.000,5.5
2026-03-11T13:00:19.000,5.29
2026-03-11T13:15:51.000,6.43
2026-03-12T01:49:15.000,15.89
2026-03-12T01:59:35.000,16.51
2026-03-12T02:09:55.000,15.94
2026-03-12T02:30:39.000,17.53
2026-03-12T02:41:05.000,16.71
2026-03-12T03:36:24.000,18.7
2026-03-12T03:46:58.000,15.37
2026-03-12T04:02:38.000,14.23
2026-03-12T04:23:23.000,13.39
2026-03-12T04:39:00.000,13.12
2026-03-12T05:15:01.000,14.61
2026-03-12T05:35:50.000,14.78
2026-03-12T06:12:09.000,13.83
2026-03-12T06:27:53.000,13.63
2026-03-12T06:43:40.000,13.08
2026-03-12T06:59:28.000,12.83
2026-03-12T07:09:50.000,11.82
2026-03-12T07:20:03.000,11.07
2026-03-12T07:30:20.000,11.04
2026-03-12T07:40:52.000,10.81
2026-03-12T08:01:37.000,12.59
2026-03-12T08:32:22.000,14.05
2026-03-12T08:42:43.000,12.12
2026-03-12T09:08:21.000,13.09
2026-03-12T09:18:55.000,11.65
2026-03-12T09:34:33.000,11.02
2026-03-12T10:00:57.000,10.78
2026-03-12T10:11:21.000,10.47
2026-03-13T02:00:21.000,20.0
2026-03-13T02:31:48.000,19.26
2026-03-13T02:42:16.000,18.02
2026-03-13T02:52:33.000,17.26
2026-03-13T03:18:14.000,18.82
2026-03-13T04:20:30.000,18.31
2026-03-13T04:57:06.000,17.76
2026-03-13T05:57:46.000,18.85
2026-03-14T02:42:00.000,23.52
2026-03-14T02:57:46.000,20.95
2026-03-14T03:13:22.000,20.71
2026-03-14T03:44:44.000,18.97
2026-03-14T03:55:08.000,17.2
2026-03-14T04:40:43.000,20.16
2026-03-14T05:11:38.000,19.94
2026-03-14T05:21:59.000,16.86
2026-03-20T02:20:20.000,25.2
2026-03-20T03:21:02.000,26.77
2026-03-20T04:06:52.000,25.37
2026-03-21T01:54:10.000,26.57
2026-03-21T02:04:29.000,26.77
2026-03-21T02:14:47.000,26.99
2026-03-21T02:40:53.000,26.76
2026-03-21T02:51:16.000,25.71
2026-03-21T03:01:37.000,25.19
2026-03-21T03:12:03.000,24.79
2026-03-21T03:27:45.000,22.97
2026-03-22T02:28:11.000,31.33
2026-03-22T03:24:59.000,29.11
2026-03-22T03:35:19.000,26.31
2026-03-22T03:50:52.000,26.38
2026-03-22T05:33:02.000,23.76
2026-03-22T06:50:45.000,23.89
2026-03-23T02:09:22.000,23.37
2026-03-23T02:19:39.000,22.39
2026-03-23T02:35:11.000,23.01
2026-03-23T02:45:32.000,23.07
2026-03-23T02:55:48.000,22.19
2026-03-23T03:06:04.000,21.66
2026-03-23T03:16:20.000,21.2
2026-03-23T03:26:41.000,20.87
2026-03-23T03:37:02.000,20.69
2026-03-23T03:57:52.000,20.13
2026-03-23T04:24:16.000,21.93
2026-03-23T04:34:46.000,20.15
2026-03-23T04:55:34.000,17.49
2026-03-23T05:11:09.000,18.99
2026-03-23T05:21:38.000,18.25
2026-03-23T05:42:09.000,18.3
2026-03-23T05:52:33.000,17.6
2026-03-23T06:02:47.000,16.4
2026-03-23T06:13:03.000,15.74
2026-03-23T06:28:40.000,16.25
2026-03-23T06:39:06.000,17.53
2026-03-23T07:10:20.000,18.75
2026-03-23T07:41:41.000,17.95
2026-03-23T07:52:07.000,16.62
2026-03-23T08:29:04.000,16.91
2026-03-23T09:00:32.000,16.12
2026-03-23T09:10:54.000,15.87
2026-03-23T09:41:54.000,18.91
2026-03-23T10:08:13.000,18.46
2026-03-23T10:23:52.000,17.04
2026-03-23T10:34:11.000,15.54
2026-03-23T10:49:47.000,14.57
2026-03-23T11:00:08.000,14.43
2026-03-23T11:10:21.000,12.86
2026-03-23T11:20:36.000,12.18
2026-03-23T11:51:42.000,12.23
2026-03-23T12:07:30.000,12.73
2026-03-24T02:02:09.000,21.6
2026-03-24T02:22:48.000,22.59
2026-03-24T02:43:30.000,19.33
2026-03-24T02:53:49.000,18.61
2026-03-24T03:04:08.000,17.79
2026-03-24T03:14:24.000,17.67
2026-03-24T03:30:09.000,18.59
2026-03-24T03:40:42.000,18.97
2026-03-24T03:51:00.000,18.3
2026-03-24T04:01:16.000,18.03
2026-03-24T04:11:33.000,17.26
2026-03-24T04:27:08.000,18.73
2026-03-24T04:37:30.000,19.15
2026-03-24T05:03:23.000,19.26
2026-03-24T05:39:42.000,18.29
2026-03-24T05:50:01.000,16.14
2026-03-24T06:00:16.000,15.36
2026-03-24T06:10:33.000,15.12
2026-03-24T06:20:52.000,14.92
2026-03-24T06:31:08.000,14.08
2026-03-24T06:46:46.000,15.11
2026-03-24T06:57:08.000,15.45
2026-03-24T07:07:25.000,14.55
2026-03-24T07:17:42.000,14.15
2026-03-24T07:28:00.000,13.84
2026-03-24T07:38:17.000,13.47
2026-03-24T07:53:34.000,14.23
2026-03-24T08:24:34.000,15.72
2026-03-24T08:35:00.000,15.15
2026-03-24T08:50:31.000,14.23
2026-03-24T09:00:52.000,14.06
2026-03-24T09:11:06.000,12.71
2026-03-24T09:21:22.000,12.41
2026-03-24T09:36:56.000,13.06
2026-03-24T10:02:47.000,12.37
2026-03-24T10:13:07.000,12.21
2026-03-24T10:28:41.000,12.01
2026-03-24T10:39:01.000,11.67
2026-03-24T10:49:14.000,11.28
2026-03-24T10:59:32.000,11.31
2026-03-24T11:09:46.000,11.45
2026-03-24T11:20:01.000,11.77
2026-03-24T11:30:15.000,11.03
2026-03-24T11:40:29.000,10.77
2026-03-24T11:50:46.000,10.56
2026-03-24T12:11:26.000,12.13
2026-03-24T12:21:48.000,11.9
2026-03-24T12:32:00.000,10.74
2026-03-25T02:29:05.000,26.91
2026-03-25T02:44:23.000,23.76
2026-03-25T02:54:55.000,22.22
2026-03-25T03:05:15.000,20.77
2026-03-25T03:15:35.000,19.35
2026-03-25T03:26:08.000,18.33
2026-03-25T03:36:25.000,18.05
2026-03-25T04:12:25.000,19.86
2026-03-25T04:23:02.000,19.5
2026-03-25T05:04:25.000,16.02
2026-03-25T06:42:05.000,17.63
2026-03-25T07:43:46.000,16.63
2026-03-25T07:54:16.000,14.84
2026-03-25T08:09:54.000,14.15
2026-03-25T08:25:33.000,14.68
2026-03-26T01:57:49.000,23.74
2026-03-26T02:08:05.000,24.03
2026-03-26T02:18:20.000,23.34
2026-03-26T02:28:39.000,23.96
2026-03-26T02:38:59.000,23.58
2026-03-26T02:49:22.000,23.07
2026-03-26T02:59:38.000,22.06
2026-03-26T03:09:54.000,21.62
2026-03-26T03:20:08.000,21.13
2026-03-26T03:30:25.000,20.54
2026-03-26T03:40:43.000,20.01
2026-03-26T03:51:07.000,19.42
2026-03-26T04:06:42.000,20.09
2026-03-26T04:17:11.000,19.78
2026-03-26T04:32:35.000,19.69
2026-03-26T04:43:01.000,19.01
2026-03-26T04:53:16.000,18.01
2026-03-26T05:03:35.000,16.98
2026-03-26T05:24:22.000,17.78
2026-03-26T05:40:13.000,18.18
2026-03-26T05:55:57.000,18.42
2026-03-26T06:06:21.000,18.42
2026-03-26T06:32:19.000,17.45
2026-03-26T06:42:42.000,17.59
2026-03-26T06:52:56.000,16.61
2026-03-26T07:08:16.000,16.72
2026-03-26T07:18:38.000,16.03
2026-03-26T07:28:55.000,14.62
2026-03-26T07:39:09.000,13.97
2026-03-26T07:49:27.000,13.69
2026-03-26T07:59:42.000,13.37
2026-03-26T08:35:42.000,16.98
2026-03-26T08:46:10.000,16.78
2026-03-26T08:56:28.000,15.52
2026-03-26T09:06:43.000,14.8
2026-03-26T09:16:59.000,14.21
2026-03-26T09:32:34.000,14.08
2026-03-26T09:42:57.000,14.13
2026-03-26T10:03:37.000,12.41
2026-03-26T10:13:54.000,12.44
2026-03-26T10:24:13.000,12.08
2026-03-26T10:34:34.000,12.17
2026-03-26T10:45:06.000,11.89
2026-03-26T11:10:42.000,15.04
2026-03-26T11:21:13.000,14.05
2026-03-26T11:31:32.000,12.87
2026-03-26T11:57:41.000,13.01
2026-03-26T12:07:56.000,12.27
2026-03-26T12:33:38.000,14.89
2026-03-26T12:54:30.000,14.63
2026-03-27T02:04:32.000,21.79
2026-03-27T02:14:58.000,24.25
2026-03-27T02:25:13.000,24.69
2026-03-27T02:35:29.000,24.72
2026-03-27T02:51:01.000,25.28
2026-03-27T03:01:25.000,24.47
2026-03-27T03:17:00.000,23.45
2026-03-27T03:27:22.000,22.16
2026-03-27T03:37:38.000,19.77
2026-03-27T03:47:57.000,18.41
2026-03-27T03:58:20.000,17.6
2026-03-27T04:08:37.000,17.32
2026-03-27T04:24:13.000,17.76
2026-03-27T04:39:55.000,17.77
2026-03-27T06:31:15.000,21.53
2026-03-27T06:57:31.000,16.49
2026-03-27T08:04:56.000,15.2
2026-03-27T09:06:12.000,15.36
2026-03-28T01:56:10.000,24.88
2026-03-28T02:06:28.000,24.26
2026-03-28T02:52:38.000,25.31
2026-03-28T03:08:20.000,25.56
2026-03-28T03:23:57.000,23.16
2026-03-28T03:44:45.000,21.05
2026-03-28T04:05:18.000,21.14
2026-03-28T04:26:04.000,21.46
2026-03-28T04:36:31.000,19.5
2026-03-28T04:46:50.000,18.78
2026-03-28T04:57:07.000,18.2
2026-03-28T05:07:27.000,18.1
2026-03-28T05:17:42.000,17.14
2026-03-28T05:43:25.000,20.39
2026-03-28T05:53:50.000,21.44
2026-03-28T06:04:06.000,20.4
2026-03-28T06:14:23.000,19.7
2026-03-28T06:24:40.000,19.87
2026-03-28T06:34:56.000,20.36
2026-03-28T06:45:17.000,19.35
2026-03-28T06:55:37.000,19.05
2026-03-28T07:05:52.000,19.86
2026-03-28T07:16:07.000,19.24
2026-03-28T07:26:30.000,18.5
2026-03-28T07:41:49.000,20.47
2026-03-28T07:52:18.000,20.22
2026-03-28T08:23:25.000,20.52
2026-03-28T08:53:56.000,22.42
2026-03-28T09:04:21.000,20.84
2026-03-28T09:19:52.000,19.36
2026-03-28T09:30:13.000,18.89
2026-03-28T09:45:53.000,19.72
2026-03-28T09:56:19.000,19.73
2026-03-28T10:06:36.000,18.55
2026-03-28T10:17:02.000,18.98
2026-03-28T10:27:19.000,18.35
2026-03-28T10:37:39.000,18.02
2026-03-28T10:47:55.000,18.65
2026-03-28T11:33:59.000,19.43
2026-03-28T11:44:13.000,18.04
2026-03-28T11:54:26.000,17.64
2026-03-28T12:04:40.000,17.48
2026-03-28T12:14:56.000,17.25
2026-03-28T12:25:17.000,16.98
2026-03-28T12:35:36.000,16.74
2026-03-28T12:51:17.000,17.26
2026-03-29T01:56:47.000,21.85
2026-03-29T02:07:01.000,22.51
2026-03-29T02:17:22.000,22.27
2026-03-29T02:27:36.000,22.2
2026-03-29T02:42:55.000,22.8
2026-03-29T02:53:22.000,23.41
2026-03-29T03:13:55.000,24.71
2026-03-29T03:29:41.000,24.34
2026-03-29T03:55:39.000,23.64
2026-03-29T04:21:37.000,23.73
2026-03-29T04:37:17.000,24.2
2026-03-29T04:47:45.000,22.99
2026-03-29T05:18:42.000,22.35
2026-03-29T05:29:12.000,21.98
2026-03-29T05:44:50.000,22.29
2026-03-29T06:00:31.000,23.15
2026-03-29T06:26:44.000,22.63
2026-03-29T06:37:03.000,21.82
2026-03-29T06:47:18.000,21.61
2026-03-29T07:18:54.000,21.77
2026-03-29T07:29:15.000,21.05
2026-03-29T07:39:34.000,20.41
2026-03-29T07:55:07.000,21.93
2026-03-29T08:05:36.000,21.5
2026-03-29T08:36:34.000,21.19
2026-03-29T08:57:23.000,20.48
2026-03-29T09:07:37.000,20.33
2026-03-29T09:17:55.000,20.16
2026-03-29T09:28:10.000,19.67
2026-03-29T09:38:27.000,18.63
2026-03-29T09:48:46.000,18.45
2026-03-29T09:59:00.000,17.81
2026-03-29T10:09:15.000,17.81
2026-03-29T10:24:33.000,17.94
2026-03-29T10:34:55.000,18.44
2026-03-29T10:45:09.000,17.98
2026-03-29T10:55:23.000,17.19
2026-03-29T11:05:38.000,17.29
2026-03-29T11:15:56.000,17.59
2026-03-29T11:26:19.000,17.78
2026-03-29T11:36:35.000,17.96
2026-03-29T11:46:50.000,17.87
2026-03-29T11:57:08.000,17.94
2026-03-29T12:07:23.000,17.83
2026-03-29T12:17:38.000,17.58
2026-03-29T12:27:53.000,17.49
2026-03-29T12:38:07.000,16.84
2026-03-29T12:48:22.000,16.61
2026-03-29T12:58:38.000,16.19
2026-03-30T01:38:12.000,13.68
2026-03-30T01:48:27.000,14.44
2026-03-30T01:58:44.000,14.7
2026-03-30T02:08:59.000,15.0
2026-03-30T02:19:17.000,15.81
2026-03-30T02:29:35.000,16.47
2026-03-30T03:16:11.000,17.0
2026-03-30T03:26:32.000,15.78
2026-03-30T03:36:55.000,14.39
2026-03-30T03:47:10.000,14.29
2026-03-30T03:57:26.000,14.16
2026-03-30T05:03:08.000,16.78
2026-03-31T02:07:36.000,22.69
2026-03-31T03:10:02.000,21.22
2026-03-31T03:20:19.000,19.99
2026-03-31T03:30:35.000,19.92
2026-03-31T03:40:50.000,19.69
2026-03-31T03:51:06.000,19.93
2026-03-31T04:01:23.000,19.83
2026-03-31T04:11:43.000,19.43
2026-03-31T04:27:16.000,20.22
2026-03-31T04:37:39.000,19.75
2026-03-31T04:53:12.000,19.36
2026-03-31T05:03:34.000,18.86
2026-03-31T05:19:07.000,19.06
2026-03-31T05:29:32.000,19.08
2026-03-31T05:45:13.000,18.79
2026-03-31T06:00:51.000,19.2
2026-03-31T06:11:10.000,18.34
2026-03-31T06:21:26.000,17.04
2026-03-31T06:31:41.000,16.62
2026-03-31T06:41:55.000,16.69
2026-03-31T06:52:10.000,16.85
2026-03-31T07:02:25.000,16.66
2026-03-31T07:12:54.000,16.7
2026-03-31T07:33:33.000,17.62
2026-03-31T07:43:55.000,17.0
2026-03-31T07:54:12.000,16.74
2026-03-31T08:04:28.000,16.93
2026-03-31T08:14:50.000,17.18
2026-03-31T08:25:07.000,17.47
2026-03-31T08:35:23.000,17.44
2026-03-31T08:45:40.000,17.38
2026-03-31T09:01:16.000,18.12
2026-03-31T09:16:41.000,18.32
2026-03-31T09:27:02.000,17.65
2026-03-31T09:37:17.000,17.14
2026-03-31T09:47:34.000,17.28
2026-03-31T09:57:49.000,16.84
2026-03-31T10:08:05.000,15.91
2026-03-31T10:18:24.000,16.62
2026-03-31T10:28:40.000,16.3
2026-03-31T10:38:56.000,16.66
2026-03-31T10:49:14.000,16.41
2026-03-31T10:59:35.000,16.28
2026-03-31T11:09:53.000,16.02
2026-03-31T11:20:09.000,16.14
2026-03-31T11:30:27.000,16.03
2026-03-31T11:40:53.000,15.97
2026-03-31T11:56:30.000,16.41
2026-03-31T12:06:52.000,16.57
2026-03-31T12:27:34.000,15.61
2026-03-31T12:37:53.000,15.61
2026-03-31T12:53:19.000,16.68
