time (UT),rad (mag/sq asec),chisquared,rad nW/cm2/sr,Moon alt (deg)
2026-04-24T02:10:00Z,9.9,0.01984,1817.04474,77.27
2026-04-24T02:20:00Z,12.34,0.00924,192.02847,75.82
2026-04-24T02:30:00Z,14.74,0.0396,21.0555,74.21
2026-04-24T02:40:00Z,16.47,0.00041,4.27923,72.47
2026-04-24T02:50:00Z,17.1,0.00162,2.39533,70.65
2026-04-24T03:00:00Z,17.52,0.00072,1.62692,68.76
2026-04-24T03:10:00Z,17.82,0.00018,1.23414,66.82
2026-04-24T03:20:00Z,18.18,0.00024,0.88586,64.84
2026-04-24T03:30:00Z,18.48,0.00008,0.67199,62.84
2026-04-24T03:40:00Z,18.78,0.00008,0.50976,60.82
2026-04-24T03:50:00Z,19.01,0.00001,0.41244,58.78
2026-04-24T04:00:00Z,19.21,0.00008,0.34306,56.73
2026-04-24T04:10:00Z,19.42,0.00041,0.28273,54.67
2026-04-24T04:20:00Z,19.64,0.00005,0.23087,52.6
2026-04-24T04:30:00Z,19.83,0.00025,0.19381,50.52
2026-04-24T04:40:00Z,20.08,0.0022,0.15395,48.45
2026-04-24T04:50:00Z,20.42,0.00001,0.11256,46.37
2026-04-24T05:00:00Z,20.78,0.0005,0.08079,44.29
2026-04-24T05:10:00Z,20.95,0.00001,0.06908,42.21
2026-04-24T05:20:00Z,20.94,0.00242,0.06972,40.13
2026-04-24T05:30:00Z,20.85,0.00002,0.07575,38.05
2026-04-24T05:40:00Z,20.67,0.06887,0.08941,35.98
2026-04-24T05:50:00Z,20.62,0.08631,0.09362,33.91
2026-04-24T06:00:00Z,20.72,0.09439,0.08538,31.84
2026-04-24T06:10:00Z,20.78,0.05981,0.08079,29.78
2026-04-24T06:20:00Z,20.87,0.00779,0.07436,27.73
2026-04-24T06:30:00Z,20.91,0.00092,0.07167,25.68
2026-04-24T06:40:00Z,21,0.00054,0.06597,23.64
2026-04-24T06:50:00Z,21.07,0.00078,0.06185,21.61
2026-04-24T07:00:00Z,21.14,0.00116,0.05799,19.59
2026-04-24T07:10:00Z,21.21,0.00147,0.05437,17.57
2026-04-24T07:20:00Z,21.26,0.00102,0.05192,15.57
2026-04-24T07:30:00Z,21.31,0.00079,0.04959,13.58
2026-04-24T07:40:00Z,21.37,0.00039,0.04692,11.6
2026-04-24T07:50:00Z,21.41,0.00105,0.04522,9.63
2026-04-24T08:00:00Z,21.46,0.00256,0.04319,7.67
2026-04-24T08:10:00Z,21.53,0.00711,0.04049,5.73
2026-04-24T08:20:00Z,21.61,0.01021,0.03762,3.81
2026-04-24T08:30:00Z,21.7,0.00591,0.03462,1.9
2026-04-24T08:40:00Z,21.83,0.00438,0.03072,0.01
2026-04-24T08:50:00Z,21.95,0.0102,0.0275,-1.87
2026-04-24T09:00:00Z,22.03,0.00012,0.02555,-3.72
2026-04-24T09:10:00Z,22.07,0.00005,0.02462,-5.55
2026-04-24T09:20:00Z,22.1,0.00001,0.02395,-7.36
2026-04-24T09:30:00Z,22.12,0.00005,0.02352,-9.15
2026-04-24T09:40:00Z,22.12,0.00001,0.02352,-10.9
2026-04-24T09:50:00Z,22.13,0.00001,0.0233,-12.63
2026-04-24T10:00:00Z,22.13,0.00005,0.0233,-14.34
2026-04-24T10:10:00Z,22.13,0.00002,0.0233,-16.01
2026-04-24T10:20:00Z,22.11,0.00001,0.02373,-17.64
2026-04-24T10:30:00Z,22.09,0.00002,0.02417,-19.24
2026-04-24T10:40:00Z,22.07,0.00002,0.02462,-20.8
2026-04-24T10:50:00Z,22.06,0.00001,0.02485,-22.32
2026-04-24T11:00:00Z,22.04,0.00001,0.02531,-23.8
2026-04-24T11:10:00Z,22.02,0.00002,0.02578,-25.23
2026-04-24T11:20:00Z,21.99,0.00001,0.02651,-26.6
2026-04-24T11:30:00Z,21.87,0.00001,0.02961,-27.93
2026-04-24T11:40:00Z,21.43,0.00032,0.0444,-29.2
2026-04-24T11:50:00Z,20.27,0.00264,0.12923,-30.4
2026-04-24T12:00:00Z,18.45,0.008,0.69082,-31.54
2026-04-24T12:10:00Z,16.28,0.00018,5.0976,-32.62
2026-04-24T12:20:00Z,13.72,0.0048,53.87231,-33.62
2026-04-25T02:10:00Z,9.93,0.0708,1767.52523,74.6
2026-04-25T02:20:00Z,12.27,0.00002,204.81682,74.94
2026-04-25T02:30:00Z,14.73,0.03281,21.25033,74.96
2026-04-25T02:40:00Z,16.12,0.00338,5.90698,74.65
2026-04-25T02:50:00Z,16.46,0.00072,4.31883,74.04
2026-04-25T03:00:00Z,16.56,0.00098,3.93882,73.15
2026-04-25T03:10:00Z,16.68,0.00008,3.52668,72.03
2026-04-25T03:20:00Z,16.94,0.00024,2.77566,70.72
2026-04-25T03:30:00Z,17.2,0.00004,2.18457,69.25
2026-04-25T03:40:00Z,17.5,0.00004,1.65716,67.66
2026-04-25T03:50:00Z,17.77,0.00002,1.29231,65.96
2026-04-25T04:00:00Z,18.04,0.00001,1.00778,64.19
2026-04-25T04:10:00Z,18.28,0.00002,0.80791,62.36
2026-04-25T04:20:00Z,18.51,0.00001,0.65368,60.47
2026-04-25T04:30:00Z,18.72,0.00004,0.53872,58.55
2026-04-25T04:40:00Z,18.93,0.00008,0.44398,56.59
2026-04-25T04:50:00Z,19.13,0.00008,0.36929,54.6
2026-04-25T05:00:00Z,19.29,0.00008,0.31869,52.59
2026-04-25T05:10:00Z,19.45,0.00001,0.27502,50.56
2026-04-25T05:20:00Z,19.57,0.00018,0.24624,48.52
2026-04-25T05:30:00Z,19.69,0.00032,0.22048,46.46
2026-04-25T05:40:00Z,19.82,0.00628,0.1956,44.4
2026-04-25T05:50:00Z,19.9,0.00298,0.1817,42.33
2026-04-25T06:00:00Z,20.01,0.01197,0.1642,40.25
2026-04-25T06:10:00Z,20.07,0.01214,0.15537,38.17
2026-04-25T06:20:00Z,20.2,0.12719,0.13784,36.09
2026-04-25T06:30:00Z,20.43,0.15369,0.11152,34
2026-04-25T06:40:00Z,20.45,0.16233,0.10949,31.91
2026-04-25T06:50:00Z,20.13,0.15626,0.14702,29.83
2026-04-25T07:00:00Z,20.22,0.18959,0.13532,27.75
2026-04-25T07:10:00Z,20.57,0.19915,0.09803,25.66
2026-04-25T07:20:00Z,20.51,0.14566,0.1036,23.59
2026-04-25T07:30:00Z,20.78,0.03939,0.08079,21.51
2026-04-25T07:40:00Z,20.8,0.03882,0.07932,19.45
2026-04-25T07:50:00Z,20.95,0.04198,0.06908,17.38
2026-04-25T08:00:00Z,21.05,0.11509,0.063,15.33
2026-04-25T08:10:00Z,21.15,0.07235,0.05746,13.28
2026-04-25T08:20:00Z,21.06,0.07569,0.06243,11.24
2026-04-25T08:30:00Z,20.92,0.13477,0.07102,9.21
2026-04-25T08:40:00Z,21.03,0.17206,0.06417,7.19
2026-04-25T08:50:00Z,21.23,0.15195,0.05338,5.18
2026-04-25T09:00:00Z,21.5,0.00128,0.04163,3.18
2026-04-25T09:10:00Z,21.6,0.00002,0.03796,1.19
2026-04-25T09:20:00Z,21.65,0.00288,0.03625,-0.78
2026-04-25T09:30:00Z,21.75,0.00072,0.03306,-2.73
2026-04-25T09:40:00Z,21.79,0.0005,0.03187,-4.67
2026-04-25T09:50:00Z,21.8,0.00061,0.03158,-6.6
2026-04-25T10:00:00Z,21.78,0.00004,0.03216,-8.5
2026-04-25T10:10:00Z,21.78,0.00001,0.03216,-10.39
2026-04-25T10:20:00Z,21.8,0.00013,0.03158,-12.25
2026-04-25T10:30:00Z,21.82,0.00001,0.031,-14.09
2026-04-25T10:40:00Z,21.82,0.00002,0.031,-15.9
2026-04-25T10:50:00Z,21.82,0.00002,0.031,-17.69
2026-04-25T11:00:00Z,21.81,0.00002,0.03129,-19.45
2026-04-25T11:10:00Z,21.8,0.00001,0.03158,-21.17
2026-04-25T11:20:00Z,21.78,0.00001,0.03216,-22.87
2026-04-25T11:30:00Z,21.69,0.00001,0.03494,-24.52
2026-04-25T11:40:00Z,21.27,0.00018,0.05145,-26.14
2026-04-25T11:50:00Z,20.11,0.00338,0.14975,-27.71
2026-04-25T12:00:00Z,18.39,0.0084,0.73007,-29.24
2026-04-25T12:10:00Z,16.11,0.00162,5.96164,-30.72
2026-04-25T12:20:00Z,13.52,0.00001,64.76877,-32.15
2026-04-26T02:10:00Z,9.73,0.012,2125.03272,64.82
2026-04-26T02:20:00Z,12.13,0.01512,233.0052,66.03
2026-04-26T02:30:00Z,14.57,0.00024,24.6244,67.07
2026-04-26T02:40:00Z,16.56,0.03698,3.93882,67.93
2026-04-26T02:50:00Z,17.55,0.00084,1.58258,68.59
2026-04-26T03:00:00Z,17.61,0.00162,1.4975,69.02
2026-04-26T03:10:00Z,17.6,0.00032,1.51135,69.21
2026-04-26T03:20:00Z,17.65,0.00162,1.44333,69.15
2026-04-26T03:30:00Z,17.58,0.00288,1.53945,68.85
2026-04-26T03:40:00Z,17.47,0.0186,1.70359,68.32
2026-04-26T03:50:00Z,17.5,0.05513,1.65716,67.56
2026-04-26T04:00:00Z,17.43,0.02664,1.76753,66.61
2026-04-26T04:10:00Z,17.87,0.00084,1.1786,65.49
2026-04-26T04:20:00Z,17.77,0.00025,1.29231,64.22
2026-04-26T04:30:00Z,17.86,0.00145,1.1895,62.81
2026-04-26T04:40:00Z,18.01,0.00392,1.03601,61.3
2026-04-26T04:50:00Z,18.15,0.00061,0.91068,59.69
2026-04-26T05:00:00Z,18.45,0.00002,0.69082,58.01
2026-04-26T05:10:00Z,18.63,0.00012,0.58528,56.26
2026-04-26T05:20:00Z,18.8,0.00005,0.50046,54.45
2026-04-26T05:30:00Z,18.98,0.00001,0.424,52.6
2026-04-26T05:40:00Z,19.12,0.00691,0.37271,50.7
2026-04-26T05:50:00Z,19.25,0.00657,0.33065,48.77
2026-04-26T06:00:00Z,19.38,0.01586,0.29334,46.81
2026-04-26T06:10:00Z,19.49,0.05792,0.26507,44.83
2026-04-26T06:20:00Z,19.6,0.05915,0.23953,42.83
2026-04-26T06:30:00Z,19.61,0.06328,0.23734,40.81
2026-04-26T06:40:00Z,19.5,0.06414,0.26264,38.77
2026-04-26T06:50:00Z,19.87,0.06366,0.1868,36.72
2026-04-26T07:00:00Z,19.97,0.17682,0.17036,34.66
2026-04-26T07:10:00Z,20.03,0.22509,0.1612,32.59
2026-04-26T07:20:00Z,20.09,0.26835,0.15253,30.52
2026-04-26T07:30:00Z,19.76,0.11266,0.20671,28.44
2026-04-26T07:40:00Z,19.8,0.10297,0.19923,26.36
2026-04-26T07:50:00Z,19.67,0.14164,0.22458,24.27
2026-04-26T08:00:00Z,19.92,0.13989,0.17839,22.19
2026-04-26T08:10:00Z,19.59,0.09353,0.24175,20.1
2026-04-26T08:20:00Z,19.87,0.14925,0.1868,18.01
2026-04-26T08:30:00Z,19.76,0.26138,0.20671,15.93
2026-04-26T08:40:00Z,19.95,0.38031,0.17353,13.84
2026-04-26T08:50:00Z,20.19,0.3192,0.13911,11.76
2026-04-26T09:00:00Z,20.59,0.00312,0.09624,9.69
2026-04-26T09:10:00Z,20.93,0.0006,0.07037,7.62
2026-04-26T09:20:00Z,20.42,0.00242,0.11256,5.56
2026-04-26T09:30:00Z,21.33,0.03121,0.04868,3.5
2026-04-26T09:40:00Z,21.53,0.25764,0.04049,1.45
2026-04-26T09:50:00Z,21.71,0.22684,0.03431,-0.59
2026-04-26T10:00:00Z,21.96,0.0238,0.02725,-2.62
2026-04-26T10:10:00Z,22.14,0.0004,0.02309,-4.64
2026-04-26T10:20:00Z,22.1,0.00098,0.02395,-6.65
2026-04-26T10:30:00Z,21.99,0.00112,0.02651,-8.64
2026-04-26T10:40:00Z,22.12,0.00112,0.02352,-10.62
2026-04-26T10:50:00Z,22.27,0.00481,0.02048,-12.58
2026-04-26T11:00:00Z,22.25,0.00242,0.02086,-14.53
2026-04-26T11:10:00Z,22.33,0.0018,0.01938,-16.46
2026-04-26T11:20:00Z,22.42,0.00364,0.01784,-18.36
2026-04-26T11:30:00Z,22.2,0.0004,0.02185,-20.25
2026-04-26T11:40:00Z,21.48,0.00512,0.0424,-22.11
2026-04-26T11:50:00Z,19.88,0.0018,0.18508,-23.94
2026-04-26T12:00:00Z,17.86,0.00722,1.1895,-25.75
2026-04-26T12:10:00Z,15.52,0.01058,10.26516,-27.52
2026-04-26T12:20:00Z,12.95,0.0005,109.48777,-29.26
2026-04-27T02:10:00Z,9.54,0.03444,2531.42825,53.55
2026-04-27T02:20:00Z,11.81,0.02245,312.87122,55.05
2026-04-27T02:30:00Z,14.45,0.00365,27.50209,56.46
2026-04-27T02:40:00Z,16.63,0.02381,3.69288,57.78
2026-04-27T02:50:00Z,17.68,0.00018,1.404,58.98
2026-04-27T03:00:00Z,17.87,0.002,1.1786,60.05
2026-04-27T03:10:00Z,17.89,0.002,1.15709,60.98
2026-04-27T03:20:00Z,17.8,0.00312,1.25709,61.75
2026-04-27T03:30:00Z,17.8,0.00128,1.25709,62.35
2026-04-27T03:40:00Z,17.69,0.00008,1.39112,62.77
2026-04-27T03:50:00Z,17.72,0.0005,1.35321,63
2026-04-27T04:00:00Z,17.73,0.00242,1.34081,63.03
2026-04-27T04:10:00Z,17.76,0.00145,1.30426,62.87
2026-04-27T04:20:00Z,17.71,0.00002,1.36573,62.51
2026-04-27T04:30:00Z,17.8,0.0004,1.25709,61.97
2026-04-27T04:40:00Z,17.86,0.00032,1.1895,61.25
2026-04-27T04:50:00Z,17.91,0.00002,1.13597,60.37
2026-04-27T05:00:00Z,18.04,0.00002,1.00778,59.34
2026-04-27T05:10:00Z,18.17,0.00001,0.89406,58.18
2026-04-27T05:20:00Z,18.28,0.00001,0.80791,56.9
2026-04-27T05:30:00Z,18.39,0.00001,0.73007,55.51
2026-04-27T05:40:00Z,18.5,0.00024,0.65973,54.03
2026-04-27T05:50:00Z,18.61,0.00129,0.59616,52.47
2026-04-27T06:00:00Z,18.73,0.00174,0.53378,50.83
2026-04-27T06:10:00Z,18.85,0.00122,0.47793,49.14
2026-04-27T06:20:00Z,19,0.00097,0.41626,47.38
2026-04-27T06:30:00Z,19.13,0.00176,0.36929,45.58
2026-04-27T06:40:00Z,19.24,0.00276,0.33371,43.74
2026-04-27T06:50:00Z,19.35,0.00276,0.30155,41.86
2026-04-27T07:00:00Z,19.45,0.00109,0.27502,39.95
2026-04-27T07:10:00Z,19.55,0.00055,0.25082,38.02
2026-04-27T07:20:00Z,19.65,0.00045,0.22875,36.05
2026-04-27T07:30:00Z,19.74,0.00026,0.21056,34.07
2026-04-27T07:40:00Z,19.83,0.00045,0.19381,32.07
2026-04-27T07:50:00Z,19.92,0.00066,0.17839,30.05
2026-04-27T08:00:00Z,20.01,0.00065,0.1642,28.02
2026-04-27T08:10:00Z,20.13,0.00048,0.14702,25.98
2026-04-27T08:20:00Z,20.23,0.00034,0.13408,23.92
2026-04-27T08:30:00Z,20.32,0.00038,0.12341,21.86
2026-04-27T08:40:00Z,20.42,0.00039,0.11256,19.79
2026-04-27T08:50:00Z,20.52,0.00006,0.10265,17.72
2026-04-27T09:00:00Z,20.61,0.00001,0.09449,15.64
2026-04-27T09:10:00Z,20.71,0.00001,0.08617,13.56
2026-04-27T09:20:00Z,20.8,0.00002,0.07932,11.47
2026-04-27T09:30:00Z,20.9,0.00002,0.07234,9.39
2026-04-27T09:40:00Z,21,0.00002,0.06597,7.3
2026-04-27T09:50:00Z,21.1,0.00001,0.06017,5.22
2026-04-27T10:00:00Z,21.23,0.00001,0.05338,3.14
2026-04-27T10:10:00Z,21.44,0.00004,0.04399,1.06
2026-04-27T10:20:00Z,21.72,0.00013,0.03399,-1.02
2026-04-27T10:30:00Z,22,0.00001,0.02626,-3.09
2026-04-27T10:40:00Z,22.14,0.00024,0.02309,-5.15
2026-04-27T10:50:00Z,22.14,0.00098,0.02309,-7.21
2026-04-27T11:00:00Z,22.11,0.00001,0.02373,-9.26
2026-04-27T11:10:00Z,22.06,0.0006,0.02485,-11.3
2026-04-27T11:20:00Z,22,0.00001,0.02626,-13.34
2026-04-27T11:30:00Z,21.8,0.00001,0.03158,-15.36
2026-04-27T11:40:00Z,21.06,0.00084,0.06243,-17.36
2026-04-27T11:50:00Z,19.56,0.008,0.24852,-19.36
2026-04-27T12:00:00Z,17.64,0.00242,1.45668,-21.34
2026-04-27T12:10:00Z,15.39,0.00578,11.57086,-23.3
2026-04-27T12:20:00Z,12.79,0.00041,126.87195,-25.24
2026-04-28T02:10:00Z,9.39,0.0238,2906.46851,42.03
2026-04-28T02:20:00Z,11.59,0.02312,383.14717,43.67
2026-04-28T02:30:00Z,14.2,0.00008,34.62307,45.25
2026-04-28T02:40:00Z,16.53,0.01352,4.04917,46.77
2026-04-28T02:50:00Z,17.9,0.00421,1.14648,48.21
2026-04-28T03:00:00Z,18.35,0.0005,0.75747,49.58
2026-04-28T03:10:00Z,18.4,0.00002,0.72338,50.85
2026-04-28T03:20:00Z,18.34,0.00001,0.76448,52.03
2026-04-28T03:30:00Z,18.27,0.00001,0.81539,53.1
2026-04-28T03:40:00Z,18.21,0.00001,0.86172,54.05
2026-04-28T03:50:00Z,18.15,0.00002,0.91068,54.87
2026-04-28T04:00:00Z,18.1,0.00001,0.9536,55.56
2026-04-28T04:10:00Z,18.05,0.00001,0.99854,56.09
2026-04-28T04:20:00Z,18.02,0.00001,1.02652,56.48
2026-04-28T04:30:00Z,18.01,0.00002,1.03601,56.7
2026-04-28T04:40:00Z,18.01,0.00001,1.03601,56.76
2026-04-28T04:50:00Z,18.03,0.00001,1.0171,56.66
2026-04-28T05:00:00Z,18.05,0.00001,0.99854,56.4
2026-04-28T05:10:00Z,18.08,0.00001,0.97133,55.97
2026-04-28T05:20:00Z,18.12,0.00001,0.93619,55.4
2026-04-28T05:30:00Z,18.17,0.00001,0.89406,54.68
2026-04-28T05:40:00Z,18.23,0.00163,0.84599,53.82
2026-04-28T05:50:00Z,18.29,0.00108,0.80051,52.84
2026-04-28T06:00:00Z,18.36,0.00126,0.75053,51.74
2026-04-28T06:10:00Z,18.42,0.00078,0.71018,50.54
2026-04-28T06:20:00Z,18.5,0.00057,0.65973,49.23
2026-04-28T06:30:00Z,18.59,0.00121,0.60725,47.84
2026-04-28T06:40:00Z,18.65,0.00566,0.5746,46.37
2026-04-28T06:50:00Z,18.73,0.00678,0.53378,44.83
2026-04-28T07:00:00Z,18.84,0.00642,0.48235,43.22
2026-04-28T07:10:00Z,18.99,0.00456,0.42011,41.56
2026-04-28T07:20:00Z,19.1,0.00182,0.37963,39.85
2026-04-28T07:30:00Z,19.21,0.00269,0.34306,38.09
2026-04-28T07:40:00Z,19.32,0.00305,0.31,36.29
2026-04-28T07:50:00Z,19.41,0.00105,0.28534,34.45
2026-04-28T08:00:00Z,19.5,0.00069,0.26264,32.59
2026-04-28T08:10:00Z,19.59,0.00022,0.24175,30.69
2026-04-28T08:20:00Z,19.68,0.00006,0.22252,28.77
2026-04-28T08:30:00Z,19.77,0.00011,0.20482,26.82
2026-04-28T08:40:00Z,19.87,0.00012,0.1868,24.85
2026-04-28T08:50:00Z,19.96,0.00011,0.17194,22.87
2026-04-28T09:00:00Z,20.04,0.00002,0.15972,20.87
2026-04-28T09:10:00Z,20.14,0.00001,0.14567,18.86
2026-04-28T09:20:00Z,20.23,0.00005,0.13408,16.83
2026-04-28T09:30:00Z,20.31,0.00005,0.12456,14.79
2026-04-28T09:40:00Z,20.39,0.00001,0.11571,12.74
2026-04-28T09:50:00Z,20.47,0.00001,0.10749,10.69
2026-04-28T10:00:00Z,20.56,0.00001,0.09894,8.63
2026-04-28T10:10:00Z,20.66,0.00001,0.09023,6.56
2026-04-28T10:20:00Z,20.8,0.00001,0.07932,4.49
2026-04-28T10:30:00Z,21,0.00004,0.06597,2.41
2026-04-28T10:40:00Z,21.28,0.00002,0.05098,0.34
2026-04-28T10:50:00Z,21.6,0.00002,0.03796,-1.74
2026-04-28T11:00:00Z,21.86,0.00008,0.02988,-3.82
2026-04-28T11:10:00Z,21.96,0.0005,0.02725,-5.9
2026-04-28T11:20:00Z,21.92,0.0005,0.02827,-7.98
2026-04-28T11:30:00Z,21.7,0.00002,0.03462,-10.05
2026-04-28T11:40:00Z,20.93,0.00008,0.07037,-12.12
2026-04-28T11:50:00Z,19.43,0.00684,0.28013,-14.19
2026-04-28T12:00:00Z,17.57,0.00162,1.55369,-16.25
2026-04-28T12:10:00Z,15.24,0.00684,13.28512,-18.31
2026-04-28T12:20:00Z,12.61,0.0006,149.74958,-20.36
2026-04-29T02:10:00Z,9.65,0.0042,2287.5238,30.56
2026-04-29T02:20:00Z,11.73,0.0238,336.79499,32.28
2026-04-29T02:30:00Z,13.98,0.0005,42.39998,33.96
2026-04-29T02:40:00Z,16.11,0.0125,5.96164,35.59
2026-04-29T02:50:00Z,17.43,0.01301,1.76753,37.17
2026-04-29T03:00:00Z,17.84,0.00128,1.21162,38.7
2026-04-29T03:10:00Z,17.84,0.00025,1.21162,40.16
2026-04-29T03:20:00Z,17.94,0.00032,1.10501,41.56
2026-04-29T03:30:00Z,17.98,0.00264,1.06504,42.89
2026-04-29T03:40:00Z,18.03,0.03042,1.0171,44.13
2026-04-29T03:50:00Z,18.01,0.06384,1.03601,45.29
2026-04-29T04:00:00Z,18.15,0.01624,0.91068,46.35
2026-04-29T04:10:00Z,17.67,0.00024,1.41699,47.31
2026-04-29T04:20:00Z,17.7,0.00005,1.37837,48.16
2026-04-29T04:30:00Z,17.67,0.00084,1.41699,48.89
2026-04-29T04:40:00Z,17.65,0.00648,1.44333,49.51
2026-04-29T04:50:00Z,17.67,0.00338,1.41699,49.99
2026-04-29T05:00:00Z,17.86,0.00001,1.1895,50.34
2026-04-29T05:10:00Z,17.86,0.00128,1.1895,50.55
2026-04-29T05:20:00Z,17.93,0.002,1.11523,50.63
2026-04-29T05:30:00Z,18.06,0.00722,0.98939,50.56
2026-04-29T05:40:00Z,18.09,0.1322,0.96242,50.36
2026-04-29T05:50:00Z,17.82,0.11446,1.23414,50.02
2026-04-29T06:00:00Z,17.63,0.09089,1.47016,49.54
2026-04-29T06:10:00Z,17.77,0.08636,1.29231,48.93
2026-04-29T06:20:00Z,17.76,0.10023,1.30426,48.21
2026-04-29T06:30:00Z,17.75,0.08225,1.31633,47.36
2026-04-29T06:40:00Z,17.72,0.05103,1.35321,46.41
2026-04-29T06:50:00Z,17.82,0.08275,1.23414,45.35
2026-04-29T07:00:00Z,18.09,0.08146,0.96242,44.19
2026-04-29T07:10:00Z,17.96,0.11822,1.08484,42.95
2026-04-29T07:20:00Z,17.79,0.11826,1.26872,41.63
2026-04-29T07:30:00Z,17.94,0.11919,1.10501,40.23
2026-04-29T07:40:00Z,18.24,0.13233,0.83823,38.77
2026-04-29T07:50:00Z,18.18,0.11068,0.88586,37.24
2026-04-29T08:00:00Z,18.1,0.11659,0.9536,35.65
2026-04-29T08:10:00Z,18.35,0.07587,0.75747,34.02
2026-04-29T08:20:00Z,18.14,0.04439,0.91911,32.34
2026-04-29T08:30:00Z,18.21,0.17647,0.86172,30.61
2026-04-29T08:40:00Z,18.27,0.20967,0.81539,28.85
2026-04-29T08:50:00Z,18.32,0.22285,0.77869,27.05
2026-04-29T09:00:00Z,18.8,0.00001,0.50046,25.22
2026-04-29T09:10:00Z,18.92,0.00968,0.44809,23.36
2026-04-29T09:20:00Z,19.07,0.0312,0.39027,21.47
2026-04-29T09:30:00Z,19.56,0.00761,0.24852,19.56
2026-04-29T09:40:00Z,19.2,0.0048,0.34623,17.63
2026-04-29T09:50:00Z,19.65,0.0708,0.22875,15.68
2026-04-29T10:00:00Z,19.23,0.13778,0.33679,13.72
2026-04-29T10:10:00Z,19.52,0.14112,0.25785,11.73
2026-04-29T10:20:00Z,20.19,0.12482,0.13911,9.74
2026-04-29T10:30:00Z,19.86,0.00544,0.18852,7.73
2026-04-29T10:40:00Z,20.17,0.09522,0.1417,5.71
2026-04-29T10:50:00Z,20.29,0.13448,0.12687,3.68
2026-04-29T11:00:00Z,20.88,0.03445,0.07368,1.64
2026-04-29T11:10:00Z,21.35,0.02178,0.04779,-0.41
2026-04-29T11:20:00Z,21.62,0.0174,0.03727,-2.46
2026-04-29T11:30:00Z,21.61,0.00032,0.03762,-4.52
2026-04-29T11:40:00Z,20.91,0.00032,0.07167,-6.58
2026-04-29T11:50:00Z,19.27,0.0084,0.32461,-8.65
2026-04-29T12:00:00Z,17.42,0.00312,1.78388,-10.71
2026-04-29T12:10:00Z,14.95,0.02665,17.35264,-12.78
2026-04-29T12:20:00Z,12.53,0.00841,161.20022,-14.85
2026-04-30T02:10:00Z,9.5,0.0252,2626.42874,19.23
2026-04-30T02:20:00Z,11.5,0.04705,416.2609,21.01
2026-04-30T02:30:00Z,14.05,0.00032,39.75261,22.75
2026-04-30T02:40:00Z,16.44,0.04512,4.39912,24.46
2026-04-30T02:50:00Z,17.7,0.00162,1.37837,26.13
2026-04-30T03:00:00Z,17.91,0.01568,1.13597,27.76
2026-04-30T03:10:00Z,18.02,0.00085,1.02652,29.34
2026-04-30T03:20:00Z,17.85,0.03872,1.20051,30.88
2026-04-30T03:30:00Z,17.96,0.07321,1.08484,32.37
2026-04-30T03:40:00Z,18.22,0.0045,0.85382,33.79
2026-04-30T03:50:00Z,17.75,0.032,1.31633,35.16
2026-04-30T04:00:00Z,17.76,0.0594,1.30426,36.45
2026-04-30T04:10:00Z,17.95,0.00001,1.09488,37.68
2026-04-30T04:20:00Z,17.52,0.0845,1.62692,38.83
2026-04-30T04:30:00Z,17.56,0.05,1.56807,39.89
2026-04-30T04:40:00Z,18.08,0.00032,0.97133,40.87
2026-04-30T04:50:00Z,17.78,0.02592,1.28046,41.75
2026-04-30T05:00:00Z,17.66,0.03528,1.4301,42.53
2026-04-30T05:10:00Z,17.8,0.01058,1.25709,43.2
2026-04-30T05:20:00Z,17.48,0.00084,1.68797,43.77
2026-04-30T05:30:00Z,17.54,0.00018,1.59722,44.22
2026-04-30T05:40:00Z,17.52,0.05146,1.62692,44.56
2026-04-30T05:50:00Z,17.55,0.05367,1.58258,44.77
2026-04-30T06:00:00Z,17.57,0.01819,1.55369,44.86
2026-04-30T06:10:00Z,17.48,0.01179,1.68797,44.83
2026-04-30T06:20:00Z,17.39,0.0117,1.83386,44.68
2026-04-30T06:30:00Z,17.44,0.02272,1.75132,44.4
2026-04-30T06:40:00Z,17.38,0.03066,1.85083,44.01
2026-04-30T06:50:00Z,17.41,0.02338,1.80039,43.5
2026-04-30T07:00:00Z,17.49,0.01787,1.6725,42.87
2026-04-30T07:10:00Z,17.52,0.01466,1.62692,42.14
2026-04-30T07:20:00Z,17.61,0.00502,1.4975,41.31
2026-04-30T07:30:00Z,17.71,0.01724,1.36573,40.38
2026-04-30T07:40:00Z,17.68,0.02705,1.404,39.36
2026-04-30T07:50:00Z,17.77,0.05557,1.29231,38.25
2026-04-30T08:00:00Z,17.98,0.06141,1.06504,37.06
2026-04-30T08:10:00Z,17.84,0.07855,1.21162,35.8
2026-04-30T08:20:00Z,17.76,0.20325,1.30426,34.46
2026-04-30T08:30:00Z,18.05,0.22125,0.99854,33.06
2026-04-30T08:40:00Z,17.83,0.23421,1.22283,31.61
2026-04-30T08:50:00Z,18.42,0.20052,0.71018,30.09
2026-04-30T09:00:00Z,18.04,0.08712,1.00778,28.53
2026-04-30T09:10:00Z,18.34,0.15842,0.76448,26.91
2026-04-30T09:20:00Z,18.23,0.13613,0.84599,25.26
2026-04-30T09:30:00Z,18.4,0.05941,0.72338,23.56
2026-04-30T09:40:00Z,18.53,0.02381,0.64175,21.83
2026-04-30T09:50:00Z,18.39,0.00512,0.73007,20.07
2026-04-30T10:00:00Z,18.6,0.00265,0.60168,18.27
2026-04-30T10:10:00Z,18.73,0.01922,0.53378,16.45
2026-04-30T10:20:00Z,19.13,0.00925,0.36929,14.6
2026-04-30T10:30:00Z,19.35,0.00613,0.30155,12.73
2026-04-30T10:40:00Z,18.94,0.01012,0.43991,10.84
2026-04-30T10:50:00Z,19.76,0.01013,0.20671,8.92
2026-04-30T11:00:00Z,19.99,0.17298,0.16725,6.99
2026-04-30T11:10:00Z,20.48,0.16562,0.1065,5.04
2026-04-30T11:20:00Z,20.55,0.03613,0.09985,3.08
2026-04-30T11:30:00Z,20.51,0.02312,0.1036,1.1
2026-04-30T11:40:00Z,20.75,0.0048,0.08305,-0.89
2026-04-30T11:50:00Z,19.77,0.0076,0.20482,-2.89
2026-04-30T12:00:00Z,17.7,0.1125,1.37837,-4.9
2026-04-30T12:10:00Z,15.5,0.00084,10.456,-6.92
2026-04-30T12:20:00Z,12.91,0.04608,113.59668,-8.95
2026-05-01T02:10:00Z,11.93,0.00072,280.13387,8.07
2026-05-01T02:20:00Z,13.37,0.05832,74.36449,9.89
2026-05-01T02:30:00Z,15.43,0.00882,11.15233,11.68
2026-05-01T02:40:00Z,17.99,0.00722,1.05527,13.45
2026-05-01T02:50:00Z,19.97,0.00685,0.17036,15.19
2026-05-01T03:00:00Z,20.95,0.00013,0.06908,16.89
2026-05-01T03:10:00Z,21.31,0.00098,0.04959,18.57
2026-05-01T03:20:00Z,21.42,0.00288,0.04481,20.2
2026-05-01T03:30:00Z,21.23,0.0042,0.05338,21.8
2026-05-01T03:40:00Z,20.88,0.0084,0.07368,23.35
2026-05-01T03:50:00Z,20.61,0.00338,0.09449,24.86
2026-05-01T04:00:00Z,20.13,0.02048,0.14702,26.32
2026-05-01T04:10:00Z,19.85,0.00072,0.19027,27.73
2026-05-01T04:20:00Z,20.03,0.00128,0.1612,29.08
2026-05-01T04:30:00Z,20.03,0.002,0.1612,30.37
2026-05-01T04:40:00Z,19.97,0.00144,0.17036,31.6
2026-05-01T04:50:00Z,20.01,0.02813,0.1642,32.75
2026-05-01T05:00:00Z,19.95,0.02964,0.17353,33.84
2026-05-01T05:10:00Z,19.62,0.00002,0.23516,34.84
2026-05-01T05:20:00Z,19.77,0.01404,0.20482,35.76
2026-05-01T05:30:00Z,19.63,0.00265,0.23301,36.59
2026-05-01T05:40:00Z,19.22,0.09477,0.33991,37.34
2026-05-01T05:50:00Z,19.07,0.10672,0.39027,37.98
2026-05-01T06:00:00Z,18.95,0.32672,0.43588,38.53
2026-05-01T06:10:00Z,18.9,0.36669,0.45642,38.97
2026-05-01T06:20:00Z,18.83,0.48506,0.48682,39.31
2026-05-01T06:30:00Z,19.2,0.83607,0.34623,39.55
2026-05-01T06:40:00Z,19.22,0.95748,0.33991,39.67
2026-05-01T06:50:00Z,18.33,0.80074,0.77155,39.68
2026-05-01T07:00:00Z,17.95,0.63932,1.09488,39.59
2026-05-01T07:10:00Z,17.72,0.54875,1.35321,39.38
2026-05-01T07:20:00Z,17.79,0.63605,1.26872,39.07
2026-05-01T07:30:00Z,17.13,0.22176,2.33005,38.65
2026-05-01T07:40:00Z,17.44,0.29116,1.75132,38.12
2026-05-01T07:50:00Z,17.22,1.05726,2.1447,37.5
2026-05-01T08:00:00Z,17.12,1.01216,2.35161,36.78
2026-05-01T08:10:00Z,17.39,0.63261,1.83386,35.97
2026-05-01T08:20:00Z,18.25,0.78536,0.83055,35.07
2026-05-01T08:30:00Z,18.08,0.81284,0.97133,34.08
2026-05-01T08:40:00Z,17.71,0.78341,1.36573,33.02
2026-05-01T08:50:00Z,17.61,0.50831,1.4975,31.88
2026-05-01T09:00:00Z,17.73,0.01104,1.34081,30.67
2026-05-01T09:10:00Z,17.89,0.00013,1.15709,29.4
2026-05-01T09:20:00Z,17.74,0.00162,1.32851,28.06
2026-05-01T09:30:00Z,18.23,0.00613,0.84599,26.67
2026-05-01T09:40:00Z,18.01,0.04512,1.03601,25.22
2026-05-01T09:50:00Z,17.92,0.09113,1.12555,23.72
2026-05-01T10:00:00Z,17.91,0.03528,1.13597,22.18
2026-05-01T10:10:00Z,18.47,0.00012,0.67821,20.59
2026-05-01T10:20:00Z,19.04,0.012,0.4012,18.96
2026-05-01T10:30:00Z,19.58,0.01568,0.24399,17.3
2026-05-01T10:40:00Z,19.13,0.00008,0.36929,15.6
2026-05-01T10:50:00Z,19.64,0.04608,0.23087,13.87
2026-05-01T11:00:00Z,19.91,0.19012,0.18004,12.11
2026-05-01T11:10:00Z,19.82,0.072,0.1956,10.32
2026-05-01T11:20:00Z,19.92,0.00072,0.17839,8.51
2026-05-01T11:30:00Z,19.86,0.01512,0.18852,6.67
2026-05-01T11:40:00Z,19.72,0.00612,0.21447,4.82
2026-05-01T11:50:00Z,18.79,0.00032,0.50509,2.94
2026-05-01T12:00:00Z,17.09,0.02521,2.4175,1.04
2026-05-01T12:10:00Z,14.64,0.00002,23.0869,-0.87
2026-05-01T12:20:00Z,11.99,0.00002,265.07308,-2.8
2026-05-02T02:10:00Z,8.91,0.013,4522.36511,-2.9
2026-05-02T02:20:00Z,10.88,0.01682,736.82715,-1.05
2026-05-02T02:30:00Z,13.42,0.00098,71.01754,0.79
2026-05-02T02:40:00Z,16.02,0.00112,6.47688,2.6
2026-05-02T02:50:00Z,18.1,0.01458,0.9536,4.39
2026-05-02T03:00:00Z,19.52,0.2,0.25785,6.16
2026-05-02T03:10:00Z,20.13,0.02665,0.14702,7.9
2026-05-02T03:20:00Z,19.39,0.00613,0.29065,9.62
2026-05-02T03:30:00Z,19.3,0.072,0.31577,11.31
2026-05-02T03:40:00Z,19.13,0.098,0.36929,12.96
2026-05-02T03:50:00Z,18.53,0.03872,0.64175,14.58
2026-05-02T04:00:00Z,18.7,0.00018,0.54874,16.16
2026-05-02T04:10:00Z,18.24,0.00162,0.83823,17.71
2026-05-02T04:20:00Z,18.03,0.00032,1.0171,19.21
2026-05-02T04:30:00Z,18.01,0.06845,1.03601,20.67
2026-05-02T04:40:00Z,18.36,0.01985,0.75053,22.08
2026-05-02T04:50:00Z,19.16,0.00025,0.35922,23.43
2026-05-02T05:00:00Z,19.24,0.00882,0.33371,24.74
2026-05-02T05:10:00Z,19.23,0.00722,0.33679,25.98
2026-05-02T05:20:00Z,19.06,0.0006,0.39388,27.17
2026-05-02T05:30:00Z,19.15,0.00001,0.36255,28.29
2026-05-02T05:40:00Z,19.12,0.01443,0.37271,29.34
2026-05-02T05:50:00Z,19.08,0.11716,0.38669,30.31
2026-05-02T06:00:00Z,19.04,0.11683,0.4012,31.21
2026-05-02T06:10:00Z,18.96,0.13344,0.43188,32.03
2026-05-02T06:20:00Z,18.54,0.15948,0.63587,32.77
2026-05-02T06:30:00Z,18.75,0.16779,0.52404,33.42
2026-05-02T06:40:00Z,18.89,0.15056,0.46064,33.97
2026-05-02T06:50:00Z,18.86,0.0245,0.47355,34.44
2026-05-02T07:00:00Z,18.85,0.0005,0.47793,34.81
2026-05-02T07:10:00Z,18.83,0.0018,0.48682,35.08
2026-05-02T07:20:00Z,18.81,0.00005,0.49587,35.25
2026-05-02T07:30:00Z,18.77,0.00001,0.51448,35.32
2026-05-02T07:40:00Z,18.69,0.00002,0.55382,35.3
2026-05-02T07:50:00Z,18.08,0.00002,0.97133,35.17
2026-05-02T08:00:00Z,17.61,0.01201,1.4975,34.94
2026-05-02T08:10:00Z,18.46,0.02245,0.68449,34.61
2026-05-02T08:20:00Z,18.5,0.06962,0.65973,34.19
2026-05-02T10:30:00Z,17.92,0.22684,1.12555,21.31
2026-05-02T10:40:00Z,18.28,0.09196,0.80791,19.88
2026-05-02T10:50:00Z,18.34,0.05133,0.76448,18.4
2026-05-02T11:00:00Z,18.9,0.01849,0.45642,16.87
2026-05-02T11:10:00Z,18.88,0.032,0.46491,15.31
2026-05-02T11:20:00Z,18.93,0.05832,0.44398,13.71
2026-05-02T11:30:00Z,19.24,0.02112,0.33371,12.07
2026-05-02T11:40:00Z,19.25,0.0018,0.33065,10.4
2026-05-02T11:50:00Z,18.61,0.01568,0.59616,8.7
2026-05-02T12:00:00Z,17.08,0.00613,2.43986,6.98
2026-05-02T12:10:00Z,14.85,0.00288,19.02679,5.22
2026-05-03T02:10:00Z,8.78,0.02112,5097.59845,-13.69
2026-05-03T02:20:00Z,10.59,0.00612,962.42218,-11.8
2026-05-03T02:30:00Z,13.17,0.0252,89.40579,-9.93
2026-05-03T02:40:00Z,15.87,0.02312,7.43645,-8.07
2026-05-03T02:50:00Z,18.34,0.01058,0.76448,-6.23
2026-05-03T03:00:00Z,19.87,0.00025,0.1868,-4.4
2026-05-03T03:10:00Z,21.14,0.03281,0.05799,-2.6
2026-05-03T03:20:00Z,21.69,0.00113,0.03494,-0.82
2026-05-03T03:30:00Z,21.45,0.00013,0.04359,0.94
2026-05-03T03:40:00Z,21.23,0.0245,0.05338,2.68
2026-05-03T03:50:00Z,20.88,0.05305,0.07368,4.39
2026-05-03T04:00:00Z,20.45,0.0048,0.10949,6.08
2026-05-03T04:10:00Z,20.64,0.008,0.09191,7.73
2026-05-03T04:20:00Z,20.42,0.01512,0.11256,9.35
2026-05-03T04:30:00Z,20.1,0.00722,0.15114,10.94
2026-05-03T04:40:00Z,20.08,0.00392,0.15395,12.5
2026-05-03T04:50:00Z,19.81,0.00612,0.19741,14.02
2026-05-03T05:00:00Z,19.67,0.0048,0.22458,15.49
2026-05-03T05:10:00Z,19.38,0.00364,0.29334,16.93
2026-05-03T05:20:00Z,19.29,0.00001,0.31869,18.31
2026-05-03T05:30:00Z,19.09,0.00924,0.38315,19.65
2026-05-03T05:40:00Z,19.05,0.08325,0.39753,20.94
2026-05-03T05:50:00Z,19.18,0.06388,0.35267,22.17
2026-05-03T06:00:00Z,19.05,0.08465,0.39753,23.35
2026-05-03T06:10:00Z,18.84,0.07282,0.48235,24.46
2026-05-03T06:20:00Z,19.02,0.09394,0.40866,25.51
2026-05-03T06:30:00Z,19.11,0.09197,0.37615,26.5
2026-05-03T06:40:00Z,19.13,0.11899,0.36929,27.41
2026-05-03T06:50:00Z,19.26,0.11926,0.32762,28.24
2026-05-03T07:00:00Z,19.16,0.10894,0.35922,29
2026-05-03T07:10:00Z,18.91,0.08354,0.45224,29.68
2026-05-03T07:20:00Z,19.07,0.06539,0.39027,30.28
2026-05-03T07:30:00Z,18.81,0.06182,0.49587,30.79
2026-05-03T07:40:00Z,18.75,0.07759,0.52404,31.21
2026-05-03T07:50:00Z,18.6,0.08131,0.60168,31.54
2026-05-03T08:00:00Z,18.73,0.08462,0.53378,31.78
2026-05-03T08:10:00Z,18.36,0.09758,0.75053,31.93
2026-05-03T08:20:00Z,18.29,0.11746,0.80051,31.99
2026-05-03T08:30:00Z,18.42,0.10572,0.71018,31.95
2026-05-03T08:40:00Z,18.46,0.11966,0.68449,31.81
2026-05-03T08:50:00Z,18.47,0.00421,0.67821,31.59
2026-05-03T09:00:00Z,18.4,0.00018,0.72338,31.27
2026-05-03T09:10:00Z,18.53,0.00013,0.64175,30.86
2026-05-03T09:20:00Z,18.54,0.00392,0.63587,30.37
2026-05-03T09:30:00Z,18.7,0.00512,0.54874,29.78
2026-05-03T09:40:00Z,18.84,0.00365,0.48235,29.12
2026-05-03T09:50:00Z,18.61,0.00144,0.59616,28.37
2026-05-03T10:00:00Z,18.67,0.00613,0.56411,27.55
2026-05-03T10:10:00Z,18.63,0.02178,0.58528,26.65
2026-05-03T10:20:00Z,18.61,0.00761,0.59616,25.68
2026-05-03T10:30:00Z,18.56,0.00072,0.62426,24.64
2026-05-03T10:40:00Z,18.74,0.00013,0.52889,23.54
2026-05-03T10:50:00Z,18.65,0.00338,0.5746,22.37
2026-05-03T11:00:00Z,18.6,0.0125,0.60168,21.15
2026-05-03T11:10:00Z,18.6,0.00481,0.60168,19.87
2026-05-03T11:20:00Z,18.46,0.00001,0.68449,18.55
2026-05-03T11:30:00Z,18.75,0.00181,0.52404,17.17
2026-05-03T11:40:00Z,18.82,0.01624,0.49132,15.74
2026-05-03T11:50:00Z,18.07,0.02113,0.98031,14.28
2026-05-03T12:00:00Z,16.25,0.018,5.24041,12.77
2026-05-03T12:10:00Z,13.98,0.00312,42.39998,11.22
2026-05-04T02:20:00Z,10.81,0.00032,785.89698,-22.36
2026-05-04T02:30:00Z,13.19,0.00421,87.77395,-20.45
2026-05-04T02:40:00Z,15.57,0.00181,9.80315,-18.55
2026-05-04T02:50:00Z,17.87,0.00008,1.1786,-16.66
2026-05-04T03:00:00Z,19.8,0.00024,0.19923,-14.78
2026-05-04T03:10:00Z,21.17,0.00685,0.05641,-12.92
2026-05-04T03:20:00Z,21.94,0.00032,0.02776,-11.08
2026-05-04T03:30:00Z,22.18,0.00072,0.02225,-9.25
2026-05-04T03:40:00Z,22.26,0.00128,0.02067,-7.44
2026-05-04T03:50:00Z,22.26,0.00018,0.02067,-5.65
2026-05-04T04:00:00Z,22.3,0.00018,0.01992,-3.88
2026-05-04T04:10:00Z,22.22,0.00008,0.02145,-2.13
2026-05-04T04:20:00Z,22.08,0.00001,0.0244,-0.4
2026-05-04T04:30:00Z,21.82,0.00005,0.031,1.3
2026-05-04T04:40:00Z,21.48,0.00392,0.0424,2.98
2026-05-04T04:50:00Z,21.05,0.0045,0.063,4.63
2026-05-04T05:00:00Z,20.56,0.00098,0.09894,6.24
2026-05-04T05:10:00Z,20.29,0.0022,0.12687,7.83
2026-05-04T05:20:00Z,19.94,0.00968,0.17513,9.38
2026-05-04T05:30:00Z,19.65,0.0018,0.22875,10.9
2026-05-04T05:40:00Z,19.63,0.00072,0.23301,12.38
2026-05-04T05:50:00Z,19.44,0.08043,0.27757,13.82
2026-05-04T06:00:00Z,19.27,0.03369,0.32461,15.22
2026-05-04T06:10:00Z,19.24,0.02639,0.33371,16.57
2026-05-04T06:20:00Z,19.15,0.02843,0.36255,17.87
2026-05-04T06:30:00Z,19.09,0.00907,0.38315,19.12
2026-05-04T06:40:00Z,19.09,0.01119,0.38315,20.32
2026-05-04T06:50:00Z,18.99,0.02885,0.42011,21.46
2026-05-04T07:00:00Z,18.9,0.02402,0.45642,22.54
2026-05-04T07:10:00Z,18.98,0.02537,0.424,23.56
2026-05-04T07:20:00Z,19.04,0.23277,0.4012,24.51
2026-05-04T07:30:00Z,18.97,0.20298,0.42792,25.4
2026-05-04T07:40:00Z,19.03,0.19259,0.40492,26.21
2026-05-04T07:50:00Z,19.59,0.19792,0.24175,26.94
2026-05-04T08:00:00Z,19.15,0.19954,0.36255,27.6
2026-05-04T08:10:00Z,19.26,0.3578,0.32762,28.18
2026-05-04T08:20:00Z,19.29,0.32287,0.31869,28.68
2026-05-04T08:30:00Z,19.45,0.18085,0.27502,29.09
2026-05-04T08:40:00Z,18.96,0.17749,0.43188,29.41
2026-05-04T08:50:00Z,18.98,0.03042,0.424,29.65
2026-05-04T09:00:00Z,18.88,0.06728,0.46491,29.8
2026-05-04T09:10:00Z,19.09,0.01984,0.38315,29.86
2026-05-04T09:20:00Z,19.28,0.00925,0.32164,29.83
2026-05-04T09:30:00Z,19.18,0.00545,0.35267,29.71
2026-05-04T09:40:00Z,19.15,0.00365,0.36255,29.5
2026-05-04T09:50:00Z,18.49,0.00648,0.66583,29.2
2026-05-04T10:00:00Z,18.8,0.0245,0.50046,28.82
2026-05-04T10:10:00Z,19.28,0.128,0.32164,28.35
2026-05-04T10:20:00Z,18.96,0.032,0.43188,27.8
2026-05-04T10:30:00Z,19,0.04704,0.41626,27.17
2026-05-04T10:40:00Z,18.87,0.06728,0.46921,26.46
2026-05-04T10:50:00Z,18.6,0.01404,0.60168,25.67
2026-05-04T11:00:00Z,18.87,0.00004,0.46921,24.81
2026-05-04T11:10:00Z,18.9,0.02312,0.45642,23.88
2026-05-04T11:20:00Z,18.48,0.03042,0.67199,22.89
2026-05-04T11:30:00Z,18.83,0.00221,0.48682,21.83
2026-05-04T11:40:00Z,18.85,0.07442,0.47793,20.71
2026-05-04T11:50:00Z,18.3,0.0605,0.79317,19.53
2026-05-04T12:00:00Z,16.61,0.00288,3.76154,18.3
2026-05-04T12:10:00Z,13.9,0.01625,45.6421,17.01
2026-05-05T02:20:00Z,10.62,0.00004,936.1935,-32.71
2026-05-05T02:30:00Z,13.1,0.00061,95.35986,-30.76
2026-05-05T02:40:00Z,15.38,0.00392,11.67792,-28.81
2026-05-05T02:50:00Z,17.49,0.02592,1.6725,-26.88
2026-05-05T03:00:00Z,19.54,0.02048,0.25314,-24.95
2026-05-05T03:10:00Z,21.25,0.0045,0.0524,-23.04
2026-05-05T03:20:00Z,21.9,0.00004,0.0288,-21.14
2026-05-05T03:30:00Z,22.13,0.00024,0.0233,-19.25
2026-05-05T03:40:00Z,22.24,0.00008,0.02106,-17.37
2026-05-05T03:50:00Z,22.26,0.00018,0.02067,-15.5
2026-05-05T04:00:00Z,22.26,0.0005,0.02067,-13.65
2026-05-05T04:10:00Z,22.28,0.00061,0.02029,-11.82
2026-05-05T04:20:00Z,22.26,0.00018,0.02067,-10
2026-05-05T04:30:00Z,22.3,0.00001,0.01992,-8.2
2026-05-05T04:40:00Z,22.29,0.00061,0.02011,-6.42
2026-05-05T04:50:00Z,22.29,0.00005,0.02011,-4.66
2026-05-05T05:00:00Z,22.3,0.00001,0.01992,-2.92
2026-05-05T05:10:00Z,22.21,0.00012,0.02165,-1.2
2026-05-05T05:20:00Z,21.99,0.00085,0.02651,0.49
2026-05-05T05:30:00Z,21.65,0.00144,0.03625,2.16
2026-05-05T05:40:00Z,21.24,0.00544,0.05289,3.8
2026-05-05T05:50:00Z,20.89,0.05342,0.07301,5.41
2026-05-05T06:00:00Z,20.77,0.07291,0.08154,6.99
2026-05-05T06:10:00Z,20.55,0.05386,0.09985,8.53
2026-05-05T06:20:00Z,20.27,0.03908,0.12923,10.04
2026-05-05T06:30:00Z,20.12,0.09146,0.14838,11.52
2026-05-05T06:40:00Z,19.67,0.09454,0.22458,12.95
2026-05-05T06:50:00Z,19.63,0.17312,0.23301,14.34
2026-05-05T07:00:00Z,19.66,0.13489,0.22666,15.68
2026-05-05T07:10:00Z,19.35,0.12094,0.30155,16.98
2026-05-05T07:20:00Z,19.52,0.07066,0.25785,18.23
2026-05-05T07:30:00Z,19.15,0.06412,0.36255,19.42
2026-05-05T07:40:00Z,19.19,0.12459,0.34943,20.56
2026-05-05T07:50:00Z,19.01,0.11042,0.41244,21.64
2026-05-05T08:00:00Z,18.88,0.15669,0.46491,22.66
2026-05-05T08:10:00Z,19.11,0.09238,0.37615,23.61
2026-05-05T08:20:00Z,18.96,0.08484,0.43188,24.5
2026-05-05T08:30:00Z,19.11,0.03984,0.37615,25.32
2026-05-05T08:40:00Z,19.2,0.03938,0.34623,26.06
2026-05-05T08:50:00Z,19.17,0.00648,0.35593,26.72
2026-05-05T09:00:00Z,19.15,0.00018,0.36255,27.31
2026-05-05T09:10:00Z,19.16,0.00084,0.35922,27.82
2026-05-05T09:20:00Z,19.04,0.00002,0.4012,28.24
2026-05-05T09:30:00Z,19.02,0.00128,0.40866,28.58
2026-05-05T09:40:00Z,19.1,0.00265,0.37963,28.84
2026-05-05T09:50:00Z,19.02,0.00001,0.40866,29
2026-05-05T10:00:00Z,19.18,0.00338,0.35267,29.08
2026-05-05T10:10:00Z,18.87,0.008,0.46921,29.07
2026-05-05T10:20:00Z,19.06,0.0252,0.39388,28.97
2026-05-05T10:30:00Z,19.65,0.04704,0.22875,28.79
2026-05-05T10:40:00Z,19.43,0.0005,0.28013,28.51
2026-05-05T10:50:00Z,20.38,0.07321,0.11678,28.15
2026-05-05T11:00:00Z,20.09,0.19602,0.15253,27.71
2026-05-05T11:10:00Z,19.82,0.2904,0.1956,27.18
2026-05-05T11:20:00Z,19.32,0.07938,0.31,26.58
2026-05-05T11:30:00Z,19.21,0.00313,0.34306,25.9
2026-05-05T11:40:00Z,18.64,0.01922,0.57992,25.14
2026-05-05T11:50:00Z,18.01,0.03613,1.03601,24.3
2026-05-05T12:00:00Z,16.28,0.008,5.0976,23.4
2026-05-05T12:10:00Z,13.85,0.05408,47.79315,22.43
2026-05-06T02:20:00Z,10.35,0.00242,1200.50956,-42.81
2026-05-06T02:30:00Z,12.56,0.00242,156.80706,-40.82
2026-05-06T02:40:00Z,14.86,0.0312,18.85236,-38.83
2026-05-06T02:50:00Z,17.03,0.00018,2.55485,-36.85
2026-05-06T03:00:00Z,19.29,0.002,0.31869,-34.88
2026-05-06T03:10:00Z,20.85,0.00001,0.07575,-32.91
2026-05-06T03:20:00Z,21.77,0.00882,0.03246,-30.95
2026-05-06T03:30:00Z,22.25,0.0005,0.02086,-29
2026-05-06T03:40:00Z,22.3,0.0022,0.01992,-27.06
2026-05-06T03:50:00Z,22.34,0.00338,0.0192,-25.13
2026-05-06T04:00:00Z,22.47,0.00084,0.01704,-23.2
2026-05-06T04:10:00Z,22.48,0.01352,0.01688,-21.29
2026-05-06T04:20:00Z,22.63,0.03362,0.0147,-19.39
2026-05-06T04:30:00Z,22.79,0.00288,0.01269,-17.5
2026-05-06T04:40:00Z,22.44,0.002,0.01751,-15.63
2026-05-06T04:50:00Z,22.4,0.0018,0.01817,-13.77
2026-05-06T05:00:00Z,22.43,0.00012,0.01768,-11.92
2026-05-06T05:10:00Z,22.33,0.00001,0.01938,-10.09
2026-05-06T05:20:00Z,22.29,0.00002,0.02011,-8.28
2026-05-06T05:30:00Z,22.26,0.00001,0.02067,-6.48
2026-05-06T05:40:00Z,22.24,0.00008,0.02106,-4.71
2026-05-06T05:50:00Z,22.21,0.03678,0.02165,-2.96
2026-05-06T06:00:00Z,22.16,0.0792,0.02267,-1.22
2026-05-06T06:10:00Z,22.05,0.07707,0.02508,0.48
2026-05-06T06:20:00Z,21.82,0.04487,0.031,2.17
2026-05-06T06:30:00Z,21.59,0.02121,0.03831,3.82
2026-05-06T06:40:00Z,21.44,0.02554,0.04399,5.45
2026-05-06T06:50:00Z,21.32,0.04097,0.04913,7.04
2026-05-06T07:00:00Z,21.21,0.02806,0.05437,8.61
2026-05-06T07:10:00Z,21.13,0.01252,0.05853,10.14
2026-05-06T07:20:00Z,21.07,0.00806,0.06185,11.63
2026-05-06T07:30:00Z,21.01,0.00405,0.06537,13.08
2026-05-06T07:40:00Z,20.96,0.00261,0.06845,14.49
2026-05-06T07:50:00Z,20.92,0.00598,0.07102,15.86
2026-05-06T08:00:00Z,20.79,0.00669,0.08005,17.18
2026-05-06T08:10:00Z,20.77,0.00656,0.08154,18.45
2026-05-06T08:20:00Z,20.78,0.00625,0.08079,19.67
2026-05-06T08:30:00Z,20.72,0.00532,0.08538,20.83
2026-05-06T08:40:00Z,20.67,0.00272,0.08941,21.94
2026-05-06T08:50:00Z,20.63,0.00032,0.09276,22.98
2026-05-06T09:00:00Z,20.59,0.00001,0.09624,23.96
2026-05-06T09:10:00Z,20.54,0.00001,0.10078,24.87
2026-05-06T09:20:00Z,20.51,0.00001,0.1036,25.71
2026-05-06T09:30:00Z,20.47,0.00005,0.10749,26.48
2026-05-06T09:40:00Z,20.45,0.00005,0.10949,27.17
2026-05-06T09:50:00Z,20.42,0.00005,0.11256,27.79
2026-05-06T10:00:00Z,20.4,0.00005,0.11465,28.32
2026-05-06T10:10:00Z,20.38,0.00002,0.11678,28.77
2026-05-06T10:20:00Z,20.36,0.00001,0.11895,29.13
2026-05-06T10:30:00Z,20.34,0.00001,0.12116,29.41
2026-05-06T10:40:00Z,20.32,0.00001,0.12341,29.6
2026-05-06T10:50:00Z,20.31,0.00001,0.12456,29.7
2026-05-06T11:00:00Z,20.3,0.00001,0.12571,29.71
2026-05-06T11:10:00Z,20.29,0.00001,0.12687,29.63
2026-05-06T11:20:00Z,20.25,0.00001,0.13163,29.46
2026-05-06T11:30:00Z,20.06,0.00005,0.15681,29.2
2026-05-06T11:40:00Z,19.35,0.00072,0.30155,28.86
2026-05-06T11:50:00Z,17.93,0.00684,1.11523,28.43
2026-05-06T12:00:00Z,15.84,0.00181,7.64479,27.92
2026-05-06T12:10:00Z,13.23,0.00008,84.59908,27.32
2026-05-07T02:20:00Z,10.13,0.01568,1470.16345,-52.54
2026-05-07T02:30:00Z,12.48,0.00242,168.79735,-50.52
2026-05-07T02:40:00Z,15.1,0.00128,15.11352,-48.5
2026-05-07T02:50:00Z,17.43,0.00364,1.76753,-46.48
2026-05-07T03:00:00Z,19.25,0.00013,0.33065,-44.46
2026-05-07T03:10:00Z,20.72,0.00722,0.08538,-42.45
2026-05-07T03:20:00Z,21.57,0.00072,0.03903,-40.44
2026-05-07T03:30:00Z,21.85,0.00012,0.03016,-38.44
2026-05-07T03:40:00Z,21.94,0.00013,0.02776,-36.44
2026-05-07T03:50:00Z,21.96,0.00002,0.02725,-34.44
2026-05-07T04:00:00Z,21.96,0.00002,0.02725,-32.46
2026-05-07T04:10:00Z,21.99,0.00001,0.02651,-30.48
2026-05-07T04:20:00Z,22.03,0.00001,0.02555,-28.5
2026-05-07T04:30:00Z,22.06,0.00001,0.02485,-26.54
2026-05-07T04:40:00Z,22.08,0.00001,0.0244,-24.58
2026-05-07T04:50:00Z,22.09,0.00002,0.02417,-22.63
2026-05-07T05:00:00Z,22.1,0.00001,0.02395,-20.7
2026-05-07T05:10:00Z,22.12,0.00002,0.02352,-18.77
2026-05-07T05:20:00Z,22.13,0.00005,0.0233,-16.86
2026-05-07T05:30:00Z,22.13,0.00002,0.0233,-14.95
2026-05-07T05:40:00Z,22.14,0.00004,0.02309,-13.06
2026-05-07T05:50:00Z,22.13,0.00069,0.0233,-11.19
2026-05-07T06:00:00Z,22.12,0.00168,0.02352,-9.33
2026-05-07T06:10:00Z,22.14,0.00149,0.02309,-7.49
2026-05-07T06:20:00Z,22.16,0.00729,0.02267,-5.66
2026-05-07T06:30:00Z,22.19,0.03853,0.02205,-3.85
2026-05-07T06:40:00Z,22.18,0.07629,0.02225,-2.07
2026-05-07T06:50:00Z,22.09,0.07629,0.02417,-0.3
2026-05-07T07:00:00Z,21.92,0.04732,0.02827,1.44
2026-05-07T07:10:00Z,21.75,0.01451,0.03306,3.16
2026-05-07T07:20:00Z,21.62,0.00718,0.03727,4.85
2026-05-07T07:30:00Z,21.5,0.01386,0.04163,6.52
2026-05-07T07:40:00Z,21.39,0.01517,0.04606,8.15
2026-05-07T07:50:00Z,21.31,0.01297,0.04959,9.76
2026-05-07T08:00:00Z,21.24,0.01074,0.05289,11.33
2026-05-07T08:10:00Z,21.2,0.00567,0.05487,12.86
2026-05-07T08:20:00Z,21.16,0.00176,0.05693,14.35
2026-05-07T08:30:00Z,21.12,0.00046,0.05907,15.81
2026-05-07T08:40:00Z,21.07,0.00061,0.06185,17.22
2026-05-07T08:50:00Z,21.03,0.00001,0.06417,18.58
2026-05-07T09:00:00Z,20.97,0.00002,0.06782,19.89
2026-05-07T09:10:00Z,20.91,0.00004,0.07167,21.16
2026-05-07T09:20:00Z,20.86,0.00002,0.07505,22.36
2026-05-07T09:30:00Z,20.81,0.00001,0.07859,23.51
2026-05-07T09:40:00Z,20.77,0.00001,0.08154,24.6
2026-05-07T09:50:00Z,20.73,0.00001,0.0846,25.62
2026-05-07T10:00:00Z,20.69,0.00001,0.08777,26.57
2026-05-07T10:10:00Z,20.65,0.00001,0.09107,27.45
2026-05-07T10:20:00Z,20.62,0.00001,0.09362,28.25
2026-05-07T10:30:00Z,20.59,0.00001,0.09624,28.98
2026-05-07T10:40:00Z,20.56,0.00001,0.09894,29.63
2026-05-07T10:50:00Z,20.53,0.00001,0.10171,30.19
2026-05-07T11:00:00Z,20.49,0.00001,0.10553,30.67
2026-05-07T11:10:00Z,20.46,0.00001,0.10848,31.06
2026-05-07T11:20:00Z,20.38,0.00002,0.11678,31.36
2026-05-07T11:30:00Z,20.08,0.00018,0.15395,31.56
2026-05-07T11:40:00Z,19.22,0.00144,0.33991,31.68
2026-05-07T11:50:00Z,17.68,0.00578,1.404,31.7
2026-05-07T12:00:00Z,15.54,0.00072,10.0778,31.63
2026-05-07T12:10:00Z,12.96,0.00032,108.48398,31.47
2026-05-08T02:20:00Z,9.93,0.00002,1767.52523,-61.55
2026-05-08T02:30:00Z,12.34,0.00264,192.02847,-59.54
2026-05-08T02:40:00Z,14.67,0.00012,22.45772,-57.52
2026-05-08T02:50:00Z,16.9,0.00061,2.87982,-55.49
2026-05-08T03:00:00Z,18.8,0.0076,0.50046,-53.46
2026-05-08T03:10:00Z,20.42,0.01058,0.11256,-51.43
2026-05-08T03:20:00Z,21.65,0.00242,0.03625,-49.4
2026-05-08T03:30:00Z,22.1,0.00018,0.02395,-47.36
2026-05-08T03:40:00Z,22.23,0.00018,0.02125,-45.33
2026-05-08T03:50:00Z,22.26,0.00001,0.02067,-43.29
2026-05-08T04:00:00Z,22.25,0.00032,0.02086,-41.26
2026-05-08T04:10:00Z,22.26,0.00032,0.02067,-39.23
2026-05-08T04:20:00Z,22.3,0.00001,0.01992,-37.2
2026-05-08T04:30:00Z,22.29,0.00005,0.02011,-35.18
2026-05-08T04:40:00Z,22.31,0.0004,0.01974,-33.16
2026-05-08T04:50:00Z,22.37,0.00024,0.01868,-31.15
2026-05-08T05:00:00Z,22.44,0.00002,0.01751,-29.14
2026-05-08T05:10:00Z,22.43,0.00012,0.01768,-27.13
2026-05-08T05:20:00Z,22.41,0.00025,0.018,-25.14
2026-05-08T05:30:00Z,22.36,0.00113,0.01885,-23.15
2026-05-08T05:40:00Z,22.33,0.00004,0.01938,-21.17
2026-05-08T05:50:00Z,22.39,0.00568,0.01834,-19.2
2026-05-08T06:00:00Z,22.39,0.00622,0.01834,-17.23
2026-05-08T06:10:00Z,22.36,0.00614,0.01885,-15.28
2026-05-08T06:20:00Z,22.32,0.00548,0.01956,-13.34
2026-05-08T06:30:00Z,22.29,0.00272,0.02011,-11.41
2026-05-08T06:40:00Z,22.29,0.00499,0.02011,-9.5
2026-05-08T06:50:00Z,22.29,0.00318,0.02011,-7.59
2026-05-08T07:00:00Z,22.3,0.00509,0.01992,-5.71
2026-05-08T07:10:00Z,22.32,0.01891,0.01956,-3.84
2026-05-08T07:20:00Z,22.3,0.03389,0.01992,-1.98
2026-05-08T07:30:00Z,22.22,0.03987,0.02145,-0.15
2026-05-08T07:40:00Z,22.11,0.031,0.02373,1.67
2026-05-08T07:50:00Z,21.99,0.00998,0.02651,3.46
2026-05-08T08:00:00Z,21.86,0.00237,0.02988,5.23
2026-05-08T08:10:00Z,21.72,0.00566,0.03399,6.97
2026-05-08T08:20:00Z,21.65,0.01081,0.03625,8.69
2026-05-08T08:30:00Z,21.54,0.01322,0.04012,10.38
2026-05-08T08:40:00Z,21.49,0.00859,0.04201,12.04
2026-05-08T08:50:00Z,21.44,0.0005,0.04399,13.66
2026-05-08T09:00:00Z,21.4,0.00018,0.04564,15.25
2026-05-08T09:10:00Z,21.34,0.00001,0.04824,16.8
2026-05-08T09:20:00Z,21.29,0.00004,0.05051,18.31
2026-05-08T09:30:00Z,21.23,0.00004,0.05338,19.78
2026-05-08T09:40:00Z,21.15,0.00002,0.05746,21.2
2026-05-08T09:50:00Z,21.1,0.00001,0.06017,22.57
2026-05-08T10:00:00Z,21.04,0.00012,0.06359,23.89
2026-05-08T10:10:00Z,20.98,0.00008,0.0672,25.15
2026-05-08T10:20:00Z,20.93,0.00001,0.07037,26.35
2026-05-08T10:30:00Z,20.88,0.00001,0.07368,27.49
2026-05-08T10:40:00Z,20.85,0.00001,0.07575,28.56
2026-05-08T10:50:00Z,20.82,0.00002,0.07787,29.56
2026-05-08T11:00:00Z,20.78,0.00002,0.08079,30.49
2026-05-08T11:10:00Z,20.73,0.00001,0.0846,31.34
2026-05-08T11:20:00Z,20.6,0.00001,0.09536,32.1
2026-05-08T11:30:00Z,20.22,0.00025,0.13532,32.79
2026-05-08T11:40:00Z,19.23,0.00144,0.33679,33.38
2026-05-08T11:50:00Z,17.61,0.00648,1.4975,33.88
2026-05-08T12:00:00Z,15.4,0.00002,11.46478,34.29
2026-05-08T12:10:00Z,12.8,0.00008,125.70878,34.6
2026-05-09T02:20:00Z,9.83,0.013,1938.05288,-68.81
2026-05-09T02:30:00Z,12.08,0.00481,243.9864,-66.99
2026-05-09T02:40:00Z,14.65,0.00181,22.87524,-65.13
2026-05-09T02:50:00Z,17.03,0.0022,2.55485,-63.22
2026-05-09T03:00:00Z,18.91,0.00085,0.45224,-61.29
2026-05-09T03:10:00Z,20.48,0.00578,0.1065,-59.33
2026-05-09T03:20:00Z,21.53,0.00312,0.04049,-57.35
2026-05-09T03:30:00Z,21.93,0.00012,0.02801,-55.35
2026-05-09T03:40:00Z,22.02,0.00001,0.02578,-53.35
2026-05-09T03:50:00Z,22.05,0.00001,0.02508,-51.33
2026-05-09T04:00:00Z,22.07,0.00008,0.02462,-49.3
2026-05-09T04:10:00Z,22.07,0.00001,0.02462,-47.27
2026-05-09T04:20:00Z,22.05,0.00001,0.02508,-45.23
2026-05-09T04:30:00Z,22.05,0.00001,0.02508,-43.19
2026-05-09T04:40:00Z,22.07,0.00004,0.02462,-41.15
2026-05-09T04:50:00Z,22.1,0.00002,0.02395,-39.1
2026-05-09T05:00:00Z,22.13,0.00001,0.0233,-37.05
2026-05-09T05:10:00Z,22.13,0.00001,0.0233,-35.01
2026-05-09T05:20:00Z,22.12,0.00005,0.02352,-32.96
2026-05-09T05:30:00Z,22.1,0.00002,0.02395,-30.92
2026-05-09T05:40:00Z,22.07,0.00001,0.02462,-28.88
2026-05-09T05:50:00Z,22.06,0.00065,0.02485,-26.84
2026-05-09T06:00:00Z,22.05,0.00273,0.02508,-24.81
2026-05-09T06:10:00Z,22.03,0.00243,0.02555,-22.78
2026-05-09T06:20:00Z,22.04,0.00193,0.02531,-20.76
2026-05-09T06:30:00Z,22.07,0.00382,0.02462,-18.74
2026-05-09T06:40:00Z,22.06,0.00381,0.02485,-16.73
2026-05-09T06:50:00Z,22.02,0.00434,0.02578,-14.73
2026-05-09T07:00:00Z,21.98,0.00434,0.02675,-12.74
2026-05-09T07:10:00Z,22.01,0.00506,0.02602,-10.76
2026-05-09T07:20:00Z,22.03,0.00491,0.02555,-8.78
2026-05-09T07:30:00Z,22.03,0.00187,0.02555,-6.82
2026-05-09T07:40:00Z,22.04,0.00262,0.02531,-4.87
2026-05-09T07:50:00Z,22.07,0.01526,0.02462,-2.93
2026-05-09T08:00:00Z,22.09,0.03679,0.02417,-1.01
2026-05-09T08:10:00Z,22.04,0.04459,0.02531,0.89
2026-05-09T08:20:00Z,21.93,0.03087,0.02801,2.78
2026-05-09T08:30:00Z,21.8,0.01202,0.03158,4.65
2026-05-09T08:40:00Z,21.71,0.00826,0.03431,6.5
2026-05-09T08:50:00Z,21.65,0.00018,0.03625,8.33
2026-05-09T09:00:00Z,21.6,0.00001,0.03796,10.14
2026-05-09T09:10:00Z,21.56,0.00002,0.03939,11.92
2026-05-09T09:20:00Z,21.52,0.00001,0.04087,13.67
2026-05-09T09:30:00Z,21.48,0.00001,0.0424,15.39
2026-05-09T09:40:00Z,21.44,0.00001,0.04399,17.08
2026-05-09T09:50:00Z,21.39,0.00001,0.04606,18.73
2026-05-09T10:00:00Z,21.34,0.00001,0.04824,20.35
2026-05-09T10:10:00Z,21.28,0.00001,0.05098,21.93
2026-05-09T10:20:00Z,21.22,0.00001,0.05387,23.47
2026-05-09T10:30:00Z,21.17,0.00001,0.05641,24.95
2026-05-09T10:40:00Z,21.11,0.00001,0.05962,26.39
2026-05-09T10:50:00Z,21.06,0.00002,0.06243,27.78
2026-05-09T11:00:00Z,20.99,0.00002,0.06658,29.1
2026-05-09T11:10:00Z,20.92,0.00005,0.07102,30.37
2026-05-09T11:20:00Z,20.76,0.00002,0.08229,31.57
2026-05-09T11:30:00Z,20.27,0.00041,0.12923,32.69
2026-05-09T11:40:00Z,19.15,0.00288,0.36255,33.75
2026-05-09T11:50:00Z,17.48,0.0045,1.68797,34.72
2026-05-09T12:00:00Z,15.2,0.00032,13.78369,35.61
2026-05-09T12:10:00Z,12.61,0.00018,149.74958,36.42
2026-05-10T02:20:00Z,9.65,0.01352,2287.5238,-71.76
2026-05-10T02:30:00Z,11.84,0.00578,304.34461,-70.69
2026-05-10T02:40:00Z,14.4,0.002,28.79822,-69.44
2026-05-10T02:50:00Z,16.81,0.0022,3.12871,-68.04
2026-05-10T03:00:00Z,18.73,0.00112,0.53378,-66.53
2026-05-10T03:10:00Z,20.36,0.0045,0.11895,-64.92
2026-05-10T03:20:00Z,21.49,0.00338,0.04201,-63.23
2026-05-10T03:30:00Z,21.97,0.0004,0.027,-61.47
2026-05-10T03:40:00Z,22.1,0.00001,0.02395,-59.66
2026-05-10T03:50:00Z,22.14,0.00001,0.02309,-57.81
2026-05-10T04:00:00Z,22.18,0.00002,0.02225,-55.92
2026-05-10T04:10:00Z,22.22,0.00004,0.02145,-54
2026-05-10T04:20:00Z,22.25,0.00001,0.02086,-52.06
2026-05-10T04:30:00Z,22.25,0.00001,0.02086,-50.09
2026-05-10T04:40:00Z,22.25,0.00002,0.02086,-48.11
2026-05-10T04:50:00Z,22.25,0.00013,0.02086,-46.11
2026-05-10T05:00:00Z,22.25,0.00008,0.02086,-44.09
2026-05-10T05:10:00Z,22.23,0.00001,0.02125,-42.07
2026-05-10T05:20:00Z,22.24,0.00004,0.02106,-40.04
2026-05-10T05:30:00Z,22.24,0.00008,0.02106,-38
2026-05-10T05:40:00Z,22.24,0.00001,0.02106,-35.96
2026-05-10T05:50:00Z,22.27,0.00059,0.02048,-33.91
2026-05-10T06:00:00Z,22.29,0.00099,0.02011,-31.85
2026-05-10T06:10:00Z,22.3,0.00183,0.01992,-29.8
2026-05-10T06:20:00Z,22.3,0.0024,0.01992,-27.74
2026-05-10T06:30:00Z,22.29,0.00094,0.02011,-25.68
2026-05-10T06:40:00Z,22.28,0.00051,0.02029,-23.63
2026-05-10T06:50:00Z,22.27,0.00084,0.02048,-21.57
2026-05-10T07:00:00Z,22.28,0.00084,0.02029,-19.52
2026-05-10T07:10:00Z,22.29,0.00051,0.02011,-17.47
2026-05-10T07:20:00Z,22.3,0.00041,0.01992,-15.42
2026-05-10T07:30:00Z,22.3,0.0006,0.01992,-13.38
2026-05-10T07:40:00Z,22.29,0.00058,0.02011,-11.34
2026-05-10T07:50:00Z,22.29,0.00077,0.02011,-9.31
2026-05-10T08:00:00Z,22.32,0.00184,0.01956,-7.28
2026-05-10T08:10:00Z,22.32,0.008,0.01956,-5.27
2026-05-10T08:20:00Z,22.3,0.01898,0.01992,-3.26
2026-05-10T08:30:00Z,22.27,0.02281,0.02048,-1.27
2026-05-10T08:40:00Z,22.19,0.01436,0.02205,0.72
2026-05-10T08:50:00Z,22.09,0.00008,0.02417,2.69
2026-05-10T09:00:00Z,22,0.00004,0.02626,4.65
2026-05-10T09:10:00Z,21.92,0.00004,0.02827,6.6
2026-05-10T09:20:00Z,21.82,0.00001,0.031,8.53
2026-05-10T09:30:00Z,21.76,0.00005,0.03276,10.44
2026-05-10T09:40:00Z,21.71,0.00018,0.03431,12.33
2026-05-10T09:50:00Z,21.67,0.00005,0.03559,14.2
2026-05-10T10:00:00Z,21.62,0.00001,0.03727,16.04
2026-05-10T10:10:00Z,21.58,0.00002,0.03867,17.86
2026-05-10T10:20:00Z,21.53,0.00002,0.04049,19.65
2026-05-10T10:30:00Z,21.46,0.00002,0.04319,21.41
2026-05-10T10:40:00Z,21.4,0.00001,0.04564,23.14
2026-05-10T10:50:00Z,21.35,0.00005,0.04779,24.83
2026-05-10T11:00:00Z,21.29,0.00001,0.05051,26.49
2026-05-10T11:10:00Z,21.22,0.00002,0.05387,28.1
2026-05-10T11:20:00Z,21.02,0.00001,0.06477,29.66
2026-05-10T11:30:00Z,20.44,0.00072,0.1105,31.17
2026-05-10T11:40:00Z,19.22,0.00312,0.33991,32.63
2026-05-10T11:50:00Z,17.47,0.00338,1.70359,34.03
2026-05-10T12:00:00Z,15.11,0.00061,14.97496,35.37
2026-05-10T12:10:00Z,12.54,0.00032,159.72232,36.63
2026-05-11T02:20:00Z,9.49,0.012,2650.73078,-68.17
2026-05-11T02:30:00Z,11.64,0.00648,365.90271,-68.2
2026-05-11T02:40:00Z,14.18,0.00128,35.26676,-68
2026-05-11T02:50:00Z,16.62,0.002,3.72705,-67.59
2026-05-11T03:00:00Z,18.6,0.00098,0.60168,-66.98
2026-05-11T03:10:00Z,20.28,0.00365,0.12805,-66.17
2026-05-11T03:20:00Z,21.46,0.00338,0.04319,-65.19
2026-05-11T03:30:00Z,22,0.00018,0.02626,-64.06
2026-05-11T03:40:00Z,22.17,0.00025,0.02246,-62.8
2026-05-11T03:50:00Z,22.23,0.00008,0.02125,-61.42
2026-05-11T04:00:00Z,22.24,0.00001,0.02106,-59.94
2026-05-11T04:10:00Z,22.27,0.00002,0.02048,-58.37
2026-05-11T04:20:00Z,22.28,0.00032,0.02029,-56.74
2026-05-11T04:30:00Z,22.27,0.00001,0.02048,-55.04
2026-05-11T04:40:00Z,22.22,0.00018,0.02145,-53.28
2026-05-11T04:50:00Z,22.21,0.00001,0.02165,-51.48
2026-05-11T05:00:00Z,22.24,0.00013,0.02106,-49.64
2026-05-11T05:10:00Z,22.25,0.00001,0.02086,-47.77
2026-05-11T05:20:00Z,22.23,0.00008,0.02125,-45.87
2026-05-11T05:30:00Z,22.23,0.00012,0.02125,-43.94
2026-05-11T05:40:00Z,22.24,0.00012,0.02106,-41.98
2026-05-11T05:50:00Z,22.22,0.00074,0.02145,-40.01
2026-05-11T06:00:00Z,22.22,0.00074,0.02145,-38.02
2026-05-11T06:10:00Z,22.19,0.00048,0.02205,-36.02
2026-05-11T06:20:00Z,22.18,0.00048,0.02225,-34
2026-05-11T06:30:00Z,22.18,0.00119,0.02225,-31.98
2026-05-11T06:40:00Z,22.17,0.00142,0.02246,-29.94
2026-05-11T06:50:00Z,22.17,0.00065,0.02246,-27.9
2026-05-11T07:00:00Z,22.19,0.00042,0.02205,-25.84
2026-05-11T07:10:00Z,22.19,0.00034,0.02205,-23.79
2026-05-11T07:20:00Z,22.2,0.00025,0.02185,-21.73
2026-05-11T07:30:00Z,22.19,0.00055,0.02205,-19.66
2026-05-11T07:40:00Z,22.2,0.00032,0.02185,-17.6
2026-05-11T07:50:00Z,22.21,0.00031,0.02165,-15.53
2026-05-11T08:00:00Z,22.19,0.00081,0.02205,-13.46
2026-05-11T08:10:00Z,22.2,0.00129,0.02185,-11.4
2026-05-11T08:20:00Z,22.2,0.00132,0.02185,-9.33
2026-05-11T08:30:00Z,22.23,0.00242,0.02125,-7.27
2026-05-11T08:40:00Z,22.25,0.00468,0.02086,-5.21
2026-05-11T08:50:00Z,22.23,0.00008,0.02125,-3.15
2026-05-11T09:00:00Z,22.2,0.00004,0.02185,-1.1
2026-05-11T09:10:00Z,22.17,0.00005,0.02246,0.95
2026-05-11T09:20:00Z,22.11,0.00001,0.02373,2.98
2026-05-11T09:30:00Z,22.02,0.00005,0.02578,5.01
2026-05-11T09:40:00Z,21.93,0.00001,0.02801,7.03
2026-05-11T09:50:00Z,21.85,0.00005,0.03016,9.04
2026-05-11T10:00:00Z,21.77,0.00001,0.03246,11.04
2026-05-11T10:10:00Z,21.71,0.00001,0.03431,13.02
2026-05-11T10:20:00Z,21.66,0.00002,0.03592,14.99
2026-05-11T10:30:00Z,21.61,0.00001,0.03762,16.95
2026-05-11T10:40:00Z,21.57,0.00001,0.03903,18.88
2026-05-11T10:50:00Z,21.52,0.00001,0.04087,20.79
2026-05-11T11:00:00Z,21.46,0.00002,0.04319,22.68
2026-05-11T11:10:00Z,21.35,0.00001,0.04779,24.55
2026-05-11T11:20:00Z,21.07,0.00008,0.06185,26.38
2026-05-11T11:30:00Z,20.31,0.00072,0.12456,28.19
2026-05-11T11:40:00Z,18.9,0.0048,0.45642,29.96
2026-05-11T11:50:00Z,17.06,0.00144,2.48522,31.7
2026-05-11T12:00:00Z,14.71,0.00242,21.6454,33.39
2026-05-11T12:10:00Z,12.14,0.00032,230.869,35.04
2026-05-12T02:20:00Z,9.35,0.01404,3015.54367,-59.91
2026-05-12T02:30:00Z,11.41,0.0076,452.23651,-60.67
2026-05-12T02:40:00Z,13.94,0.00128,43.99118,-61.28
2026-05-12T02:50:00Z,16.41,0.00113,4.52237,-61.73
2026-05-12T03:00:00Z,18.43,0.00221,0.70366,-62
2026-05-12T03:10:00Z,20.16,0.00242,0.14301,-62.09
2026-05-12T03:20:00Z,21.45,0.00312,0.04359,-62.01
2026-05-12T03:30:00Z,22.09,0.00128,0.02417,-61.74
2026-05-12T03:40:00Z,22.3,0.00001,0.01992,-61.3
2026-05-12T03:50:00Z,22.33,0.00001,0.01938,-60.7
2026-05-12T04:00:00Z,22.34,0.00005,0.0192,-59.94
2026-05-12T04:10:00Z,22.34,0.00002,0.0192,-59.04
2026-05-12T04:20:00Z,22.33,0.00001,0.01938,-58
2026-05-12T04:30:00Z,22.34,0.00002,0.0192,-56.85
2026-05-12T04:40:00Z,22.35,0.00004,0.01903,-55.59
2026-05-12T04:50:00Z,22.36,0.00001,0.01885,-54.23
2026-05-12T05:00:00Z,22.35,0.00001,0.01903,-52.78
2026-05-12T05:10:00Z,22.35,0.00001,0.01903,-51.26
2026-05-12T05:20:00Z,22.35,0.00001,0.01903,-49.67
2026-05-12T05:30:00Z,22.35,0.00002,0.01903,-48.02
2026-05-12T05:40:00Z,22.35,0.00008,0.01903,-46.32
2026-05-12T05:50:00Z,22.35,0.00027,0.01903,-44.58
2026-05-12T06:00:00Z,22.37,0.00078,0.01868,-42.79
2026-05-12T06:10:00Z,22.37,0.00157,0.01868,-40.96
2026-05-12T06:20:00Z,22.36,0.00139,0.01885,-39.1
2026-05-12T06:30:00Z,22.34,0.00118,0.0192,-37.22
2026-05-12T06:40:00Z,22.32,0.00127,0.01956,-35.31
2026-05-12T06:50:00Z,22.34,0.00208,0.0192,-33.37
2026-05-12T07:00:00Z,22.34,0.00254,0.0192,-31.41
2026-05-12T07:10:00Z,22.35,0.00125,0.01903,-29.44
2026-05-12T07:20:00Z,22.37,0.00039,0.01868,-27.45
2026-05-12T07:30:00Z,22.4,0.0004,0.01817,-25.45
2026-05-12T07:40:00Z,22.41,0.00188,0.018,-23.43
2026-05-12T07:50:00Z,22.42,0.00374,0.01784,-21.4
2026-05-12T08:00:00Z,22.43,0.00397,0.01768,-19.36
2026-05-12T08:10:00Z,22.4,0.00297,0.01817,-17.32
2026-05-12T08:20:00Z,22.38,0.0026,0.01851,-15.26
2026-05-12T08:30:00Z,22.36,0.00106,0.01885,-13.2
2026-05-12T08:40:00Z,22.33,0.00021,0.01938,-11.14
2026-05-12T08:50:00Z,22.29,0.00001,0.02011,-9.07
2026-05-12T09:00:00Z,22.27,0.00001,0.02048,-6.99
2026-05-12T09:10:00Z,22.24,0.00004,0.02106,-4.92
2026-05-12T09:20:00Z,22.23,0.00005,0.02125,-2.84
2026-05-12T09:30:00Z,22.21,0.00004,0.02165,-0.77
2026-05-12T09:40:00Z,22.15,0.00005,0.02288,1.31
2026-05-12T09:50:00Z,22.07,0.00005,0.02462,3.38
2026-05-12T10:00:00Z,21.99,0.00002,0.02651,5.45
2026-05-12T10:10:00Z,21.93,0.00002,0.02801,7.52
2026-05-12T10:20:00Z,21.78,0.00002,0.03216,9.58
2026-05-12T10:30:00Z,21.71,0.00061,0.03431,11.64
2026-05-12T10:40:00Z,21.6,0.00145,0.03796,13.69
2026-05-12T10:50:00Z,21.57,0.00072,0.03903,15.73
2026-05-12T11:00:00Z,21.56,0.00072,0.03939,17.77
2026-05-12T11:10:00Z,21.53,0.00018,0.04049,19.79
2026-05-12T11:20:00Z,21.16,0.00008,0.05693,21.8
2026-05-12T11:30:00Z,20.21,0.00512,0.13657,23.79
2026-05-12T11:40:00Z,18.64,0.00288,0.57992,25.77
2026-05-12T11:50:00Z,16.76,0.00008,3.27616,27.73
2026-05-12T12:00:00Z,14.41,0.00481,28.53419,29.67
2026-05-12T12:10:00Z,11.86,0.00128,298.7897,31.58
2026-05-13T02:20:00Z,9.09,0.04141,3831.4717,-49.39
2026-05-13T02:30:00Z,11.16,0.01058,569.33204,-50.54
2026-05-13T02:40:00Z,13.98,0.00018,42.39998,-51.6
2026-05-13T02:50:00Z,16.64,0.00338,3.65903,-52.55
2026-05-13T03:00:00Z,18.68,0.00265,0.55894,-53.38
2026-05-13T03:10:00Z,20.16,0.00025,0.14301,-54.09
2026-05-13T03:20:00Z,21.34,0.00544,0.04824,-54.67
2026-05-13T03:30:00Z,21.99,0.00018,0.02651,-55.11
2026-05-13T03:40:00Z,22.18,0.00041,0.02225,-55.41
2026-05-13T03:50:00Z,22.24,0.00004,0.02106,-55.56
2026-05-13T04:00:00Z,22.23,0.00002,0.02125,-55.57
2026-05-13T04:10:00Z,22.24,0.00005,0.02106,-55.42
2026-05-13T04:20:00Z,22.24,0.00005,0.02106,-55.13
2026-05-13T04:30:00Z,22.25,0.00001,0.02086,-54.69
2026-05-13T04:40:00Z,22.24,0.00005,0.02106,-54.12
2026-05-13T04:50:00Z,22.24,0.00012,0.02106,-53.41
2026-05-13T05:00:00Z,22.24,0.00008,0.02106,-52.58
2026-05-13T05:10:00Z,22.27,0.00008,0.02048,-51.64
2026-05-13T05:20:00Z,22.28,0.00002,0.02029,-50.58
2026-05-13T05:30:00Z,22.31,0.00001,0.01974,-49.43
2026-05-13T05:40:00Z,22.32,0.00001,0.01956,-48.19
2026-05-13T05:50:00Z,22.33,0.00046,0.01938,-46.86
2026-05-13T06:00:00Z,22.34,0.00039,0.0192,-45.45
2026-05-13T06:10:00Z,22.34,0.00267,0.0192,-43.98
2026-05-13T06:20:00Z,22.35,0.00359,0.01903,-42.45
2026-05-13T06:30:00Z,22.36,0.00323,0.01885,-40.85
2026-05-13T06:40:00Z,22.3,0.00536,0.01992,-39.21
2026-05-13T06:50:00Z,22.29,0.00543,0.02011,-37.52
2026-05-13T07:00:00Z,22.33,0.00545,0.01938,-35.79
2026-05-13T07:10:00Z,22.37,0.00545,0.01868,-34.02
2026-05-13T07:20:00Z,22.32,0.00349,0.01956,-32.22
2026-05-13T07:30:00Z,22.32,0.00375,0.01956,-30.38
2026-05-13T07:40:00Z,22.35,0.00225,0.01903,-28.52
2026-05-13T07:50:00Z,22.33,0.00315,0.01938,-26.63
2026-05-13T08:00:00Z,22.32,0.00193,0.01956,-24.72
2026-05-13T08:10:00Z,22.3,0.00289,0.01992,-22.78
2026-05-13T08:20:00Z,22.35,0.00296,0.01903,-20.83
2026-05-13T08:30:00Z,22.33,0.00202,0.01938,-18.86
2026-05-13T08:40:00Z,22.37,0.00481,0.01868,-16.88
2026-05-13T08:50:00Z,22.36,0.00085,0.01885,-14.88
2026-05-13T09:00:00Z,22.35,0.00061,0.01903,-12.86
2026-05-13T09:10:00Z,22.3,0.00013,0.01992,-10.84
2026-05-13T09:20:00Z,22.29,0.00008,0.02011,-8.81
2026-05-13T09:30:00Z,22.28,0.00032,0.02029,-6.76
2026-05-13T09:40:00Z,22.26,0.00008,0.02067,-4.71
2026-05-13T09:50:00Z,22.24,0.00001,0.02106,-2.65
2026-05-13T10:00:00Z,22.21,0.00001,0.02165,-0.59
2026-05-13T10:10:00Z,22.17,0.00001,0.02246,1.48
2026-05-13T10:20:00Z,22.12,0.00001,0.02352,3.56
2026-05-13T10:30:00Z,22.09,0.00001,0.02417,5.63
2026-05-13T10:40:00Z,22.03,0.00005,0.02555,7.71
2026-05-13T10:50:00Z,21.9,0.00012,0.0288,9.8
2026-05-13T11:00:00Z,21.75,0.00008,0.03306,11.88
2026-05-13T11:10:00Z,21.63,0.00013,0.03693,13.96
2026-05-13T11:20:00Z,21.22,0.00012,0.05387,16.04
2026-05-13T11:30:00Z,19.9,0.00512,0.1817,18.12
2026-05-13T11:40:00Z,18.28,0.01922,0.80791,20.19
2026-05-13T11:50:00Z,16.53,0.0186,4.04917,22.26
2026-05-13T12:00:00Z,14.19,0.00145,34.94344,24.32
2026-05-13T12:10:00Z,11.79,0.01058,318.68793,26.37
2026-05-14T02:20:00Z,9.18,0.00925,3526.67648,-37.65
2026-05-14T02:30:00Z,11.18,0.02178,558.94055,-39.03
2026-05-14T02:40:00Z,13.67,0.00364,56.41124,-40.35
2026-05-14T02:50:00Z,16.22,0.00013,5.38723,-41.59
2026-05-14T03:00:00Z,18.17,0.008,0.89406,-42.76
2026-05-14T03:10:00Z,19.79,0.00365,0.20108,-43.85
2026-05-14T03:20:00Z,21.13,0.00242,0.05853,-44.85
2026-05-14T03:30:00Z,21.79,0.00128,0.03187,-45.75
2026-05-14T03:40:00Z,22.04,0.00005,0.02531,-46.55
2026-05-14T03:50:00Z,22.1,0.00001,0.02395,-47.25
2026-05-14T04:00:00Z,22.13,0.00002,0.0233,-47.83
2026-05-14T04:10:00Z,22.16,0.00002,0.02267,-48.3
2026-05-14T04:20:00Z,22.18,0.00001,0.02225,-48.65
2026-05-14T04:30:00Z,22.21,0.00001,0.02165,-48.87
2026-05-14T04:40:00Z,22.23,0.00001,0.02125,-48.97
2026-05-14T04:50:00Z,22.25,0.00002,0.02086,-48.95
2026-05-14T05:00:00Z,22.26,0.00005,0.02067,-48.79
2026-05-14T05:10:00Z,22.27,0.00001,0.02048,-48.51
2026-05-14T05:20:00Z,22.26,0.00001,0.02067,-48.11
2026-05-14T05:30:00Z,22.26,0.00002,0.02067,-47.6
2026-05-14T05:40:00Z,22.26,0.00001,0.02067,-46.96
2026-05-14T05:50:00Z,22.27,0.00014,0.02048,-46.22
2026-05-14T06:00:00Z,22.27,0.00016,0.02048,-45.37
2026-05-14T06:10:00Z,22.27,0.00036,0.02048,-44.43
2026-05-14T06:20:00Z,22.27,0.00038,0.02048,-43.39
2026-05-14T06:30:00Z,22.26,0.00032,0.02067,-42.26
2026-05-14T06:40:00Z,22.25,0.00036,0.02086,-41.06
2026-05-14T06:50:00Z,22.27,0.00053,0.02048,-39.78
2026-05-14T07:00:00Z,22.25,0.00053,0.02086,-38.43
2026-05-14T07:10:00Z,22.26,0.00088,0.02067,-37.02
2026-05-14T07:20:00Z,22.27,0.00075,0.02048,-35.55
2026-05-14T07:30:00Z,22.27,0.00075,0.02048,-34.02
2026-05-14T07:40:00Z,22.3,0.00066,0.01992,-32.45
2026-05-14T07:50:00Z,22.3,0.00067,0.01992,-30.82
2026-05-14T08:00:00Z,22.3,0.00067,0.01992,-29.16
2026-05-14T08:10:00Z,22.29,0.00074,0.02011,-27.46
2026-05-14T08:20:00Z,22.3,0.00058,0.01992,-25.72
2026-05-14T08:30:00Z,22.32,0.00072,0.01956,-23.95
2026-05-14T08:40:00Z,22.33,0.00001,0.01938,-22.15
2026-05-14T08:50:00Z,22.32,0.00002,0.01956,-20.32
2026-05-14T09:00:00Z,22.31,0.00001,0.01974,-18.46
2026-05-14T09:10:00Z,22.3,0.00002,0.01992,-16.58
2026-05-14T09:20:00Z,22.29,0.00001,0.02011,-14.68
2026-05-14T09:30:00Z,22.27,0.00001,0.02048,-12.76
2026-05-14T09:40:00Z,22.24,0.00001,0.02106,-10.82
2026-05-14T09:50:00Z,22.22,0.00001,0.02145,-8.87
2026-05-14T10:00:00Z,22.19,0.00002,0.02205,-6.9
2026-05-14T10:10:00Z,22.17,0.00002,0.02246,-4.91
2026-05-14T10:20:00Z,22.15,0.00002,0.02288,-2.91
2026-05-14T10:30:00Z,22.13,0.00001,0.0233,-0.9
2026-05-14T10:40:00Z,22.11,0.00001,0.02373,1.12
2026-05-14T10:50:00Z,22.07,0.00001,0.02462,3.15
2026-05-14T11:00:00Z,22.01,0.00002,0.02602,5.2
2026-05-14T11:10:00Z,21.87,0.00001,0.02961,7.24
2026-05-14T11:20:00Z,21.4,0.00018,0.04564,9.3
2026-05-14T11:30:00Z,20.29,0.00313,0.12687,11.36
2026-05-14T11:40:00Z,18.69,0.0048,0.55382,13.43
2026-05-14T11:50:00Z,16.72,0.00112,3.39911,15.5
2026-05-14T12:00:00Z,14.21,0.00072,34.30565,17.58
2026-05-15T02:20:00Z,9.07,0.03362,3902.70407,-25.12
2026-05-15T02:30:00Z,10.88,0.00882,736.82715,-26.66
2026-05-15T02:40:00Z,13.47,0.00018,67.82122,-28.15
2026-05-15T02:50:00Z,16.02,0.00008,6.47688,-29.59
2026-05-15T03:00:00Z,18.11,0.00338,0.94486,-30.98
2026-05-15T03:10:00Z,19.8,0.00128,0.19923,-32.31
2026-05-15T03:20:00Z,21.13,0.0042,0.05853,-33.59
2026-05-15T03:30:00Z,21.84,0.00072,0.03043,-34.79
2026-05-15T03:40:00Z,22.09,0.00008,0.02417,-35.93
2026-05-15T03:50:00Z,22.17,0.00001,0.02246,-37
2026-05-15T04:00:00Z,22.2,0.00001,0.02185,-37.98
2026-05-15T04:10:00Z,22.22,0.00001,0.02145,-38.89
2026-05-15T04:20:00Z,22.24,0.00001,0.02106,-39.7
2026-05-15T04:30:00Z,22.26,0.00001,0.02067,-40.43
2026-05-15T04:40:00Z,22.28,0.00002,0.02029,-41.06
2026-05-15T04:50:00Z,22.29,0.00005,0.02011,-41.59
2026-05-15T05:00:00Z,22.29,0.00001,0.02011,-42.01
2026-05-15T05:10:00Z,22.3,0.00001,0.01992,-42.34
2026-05-15T05:20:00Z,22.29,0.00002,0.02011,-42.55
2026-05-15T05:30:00Z,22.27,0.00001,0.02048,-42.66
2026-05-15T05:40:00Z,22.24,0.00002,0.02106,-42.66
2026-05-15T05:50:00Z,22.22,0.00034,0.02145,-42.54
2026-05-15T06:00:00Z,22.2,0.00085,0.02185,-42.32
2026-05-15T06:10:00Z,22.2,0.00162,0.02185,-41.99
2026-05-15T06:20:00Z,22.17,0.00179,0.02246,-41.56
2026-05-15T06:30:00Z,22.18,0.00174,0.02225,-41.02
2026-05-15T06:40:00Z,22.19,0.00129,0.02205,-40.39
2026-05-15T06:50:00Z,22.2,0.00093,0.02185,-39.66
2026-05-15T07:00:00Z,22.21,0.00001,0.02165,-38.84
2026-05-15T07:10:00Z,22.22,0.00001,0.02145,-37.93
2026-05-15T07:20:00Z,22.23,0.00093,0.02125,-36.94
2026-05-15T07:30:00Z,22.24,0.00086,0.02106,-35.87
2026-05-15T07:40:00Z,22.25,0.00099,0.02086,-34.73
2026-05-15T07:50:00Z,22.3,0.00171,0.01992,-33.52
2026-05-15T08:00:00Z,22.29,0.00168,0.02011,-32.25
2026-05-15T08:10:00Z,22.29,0.00168,0.02011,-30.91
2026-05-15T08:20:00Z,22.28,0.00159,0.02029,-29.52
2026-05-15T08:30:00Z,22.31,0.00125,0.01974,-28.08
2026-05-15T08:40:00Z,22.33,0.00012,0.01938,-26.58
2026-05-15T08:50:00Z,22.34,0.00013,0.0192,-25.04
2026-05-15T09:00:00Z,22.34,0.00001,0.0192,-23.46
2026-05-15T09:10:00Z,22.35,0.00001,0.01903,-21.84
2026-05-15T09:20:00Z,22.35,0.00002,0.01903,-20.18
2026-05-15T09:30:00Z,22.34,0.00002,0.0192,-18.48
2026-05-15T09:40:00Z,22.33,0.00001,0.01938,-16.76
2026-05-15T09:50:00Z,22.3,0.00001,0.01992,-15
2026-05-15T10:00:00Z,22.26,0.00002,0.02067,-13.22
2026-05-15T10:10:00Z,22.23,0.00001,0.02125,-11.41
2026-05-15T10:20:00Z,22.19,0.00002,0.02205,-9.58
2026-05-15T10:30:00Z,22.15,0.00002,0.02288,-7.72
2026-05-15T10:40:00Z,22.1,0.00001,0.02395,-5.85
2026-05-15T10:50:00Z,22.05,0.00001,0.02508,-3.95
2026-05-15T11:00:00Z,21.99,0.00001,0.02651,-2.04
2026-05-15T11:10:00Z,21.83,0.00001,0.03072,-0.1
2026-05-15T11:20:00Z,21.31,0.0004,0.04959,1.84
2026-05-15T11:30:00Z,20.13,0.00338,0.14702,3.8
2026-05-15T11:40:00Z,18.49,0.0045,0.66583,5.78
2026-05-15T11:50:00Z,16.48,0.002,4.24,7.76
2026-05-15T12:00:00Z,13.95,0.0004,43.58787,9.76
2026-05-16T02:20:00Z,8.87,0.01105,4692.08231,-12.07
2026-05-16T02:30:00Z,10.74,0.01105,838.23467,-13.73
2026-05-16T02:40:00Z,13.16,0.00012,90.23305,-15.35
2026-05-16T02:50:00Z,15.66,0.00001,9.0233,-16.94
2026-05-16T03:00:00Z,17.77,0.00392,1.29231,-18.5
2026-05-16T03:10:00Z,19.54,0.00041,0.25314,-20.01
2026-05-16T03:20:00Z,20.98,0.0042,0.0672,-21.48
2026-05-16T03:30:00Z,21.81,0.00162,0.03129,-22.9
2026-05-16T03:40:00Z,22.12,0.00018,0.02352,-24.28
2026-05-16T03:50:00Z,22.2,0.00002,0.02185,-25.61
2026-05-16T04:00:00Z,22.23,0.00001,0.02125,-26.88
2026-05-16T04:10:00Z,22.27,0.00004,0.02048,-28.1
2026-05-16T04:20:00Z,22.3,0.00001,0.01992,-29.25
2026-05-16T04:30:00Z,22.31,0.00008,0.01974,-30.34
2026-05-16T04:40:00Z,22.33,0.00001,0.01938,-31.36
2026-05-16T04:50:00Z,22.36,0.00001,0.01885,-32.31
2026-05-16T05:00:00Z,22.36,0.00005,0.01885,-33.18
2026-05-16T05:10:00Z,22.34,0.00002,0.0192,-33.98
2026-05-16T05:20:00Z,22.31,0.00001,0.01974,-34.7
2026-05-16T05:30:00Z,22.3,0.00002,0.01992,-35.32
2026-05-16T05:40:00Z,22.29,0.00001,0.02011,-35.87
2026-05-16T05:50:00Z,22.29,0.00037,0.02011,-36.32
2026-05-16T06:00:00Z,22.28,0.00034,0.02029,-36.67
2026-05-16T06:10:00Z,22.27,0.00035,0.02048,-36.94
2026-05-16T06:20:00Z,22.25,0.00032,0.02086,-37.11
2026-05-16T06:30:00Z,22.23,0.00046,0.02125,-37.18
2026-05-16T06:40:00Z,22.22,0.00076,0.02145,-37.15
2026-05-16T06:50:00Z,22.22,0.00062,0.02145,-37.03
2026-05-16T07:00:00Z,22.22,0.00079,0.02145,-36.81
2026-05-16T07:10:00Z,22.22,0.00169,0.02145,-36.49
2026-05-16T07:20:00Z,22.2,0.00163,0.02185,-36.08
2026-05-16T07:30:00Z,22.17,0.00111,0.02246,-35.58
2026-05-16T07:40:00Z,22.14,0.00046,0.02309,-34.99
2026-05-16T07:50:00Z,22.13,0.00028,0.0233,-34.32
2026-05-16T08:00:00Z,22.1,0.0004,0.02395,-33.56
2026-05-16T08:10:00Z,22.09,0.00032,0.02417,-32.72
2026-05-16T08:20:00Z,22.07,0.00044,0.02462,-31.8
2026-05-16T08:30:00Z,22.06,0.00074,0.02485,-30.82
2026-05-16T08:40:00Z,22.05,0.00002,0.02508,-29.76
2026-05-16T08:50:00Z,22.05,0.00001,0.02508,-28.64
2026-05-16T09:00:00Z,22.05,0.00001,0.02508,-27.45
2026-05-16T09:10:00Z,22.05,0.00001,0.02508,-26.21
2026-05-16T09:20:00Z,22.04,0.00001,0.02531,-24.91
2026-05-16T09:30:00Z,22.04,0.00001,0.02531,-23.56
2026-05-16T09:40:00Z,22.03,0.00002,0.02555,-22.16
2026-05-16T09:50:00Z,22.02,0.00002,0.02578,-20.71
2026-05-16T10:00:00Z,21.99,0.00001,0.02651,-19.22
2026-05-16T10:10:00Z,21.95,0.00002,0.0275,-17.69
2026-05-16T10:20:00Z,21.92,0.00001,0.02827,-16.12
2026-05-16T10:30:00Z,21.9,0.00002,0.0288,-14.51
2026-05-16T10:40:00Z,21.9,0.00001,0.0288,-12.87
2026-05-16T10:50:00Z,21.91,0.00001,0.02853,-11.2
2026-05-16T11:00:00Z,21.87,0.00001,0.02961,-9.5
2026-05-16T11:10:00Z,21.7,0.00018,0.03462,-7.77
2026-05-16T11:20:00Z,21.11,0.00032,0.05962,-6.02
2026-05-16T11:30:00Z,19.86,0.00421,0.18852,-4.24
2026-05-16T11:40:00Z,18.17,0.00288,0.89406,-2.44
2026-05-16T11:50:00Z,16.16,0.00242,5.69332,-0.62
2026-05-16T12:00:00Z,13.69,0.00072,55.38162,1.23
2026-05-17T02:20:00Z,8.76,0.01058,5192.36988,1.27
2026-05-17T02:30:00Z,10.62,0.00968,936.1935,-0.49
2026-05-17T02:40:00Z,13.04,0.00018,100.77797,-2.23
2026-05-17T02:50:00Z,15.56,0.00018,9.89386,-3.94
2026-05-17T03:00:00Z,17.74,0.00242,1.32851,-5.63
2026-05-17T03:10:00Z,19.52,0.00002,0.25785,-7.29
2026-05-17T03:20:00Z,20.96,0.0042,0.06845,-8.92
2026-05-17T03:30:00Z,21.84,0.00098,0.03043,-10.52
2026-05-17T03:40:00Z,22.18,0.00072,0.02225,-12.08
2026-05-17T03:50:00Z,22.27,0.00001,0.02048,-13.61
2026-05-17T04:00:00Z,22.25,0.00001,0.02086,-15.1
2026-05-17T04:10:00Z,22.24,0.00005,0.02106,-16.55
2026-05-17T04:20:00Z,22.25,0.00001,0.02086,-17.96
2026-05-17T04:30:00Z,22.28,0.00002,0.02029,-19.33
2026-05-17T04:40:00Z,22.3,0.00005,0.01992,-20.64
2026-05-17T04:50:00Z,22.32,0.00001,0.01956,-21.91
2026-05-17T05:00:00Z,22.36,0.00005,0.01885,-23.13
2026-05-17T05:10:00Z,22.39,0.00005,0.01834,-24.28
2026-05-17T05:20:00Z,22.42,0.00008,0.01784,-25.39
2026-05-17T05:30:00Z,22.42,0.00025,0.01784,-26.42
2026-05-17T05:40:00Z,22.42,0.00013,0.01784,-27.4
2026-05-17T05:50:00Z,22.38,0.00321,0.01851,-28.31
2026-05-17T06:00:00Z,22.37,0.0008,0.01868,-29.14
2026-05-17T06:10:00Z,22.34,0.00039,0.0192,-29.91
2026-05-17T06:20:00Z,22.32,0.00071,0.01956,-30.6
2026-05-17T06:30:00Z,22.31,0.00076,0.01974,-31.2
2026-05-17T06:40:00Z,22.29,0.00111,0.02011,-31.73
2026-05-17T06:50:00Z,22.29,0.00068,0.02011,-32.18
2026-05-17T07:00:00Z,22.29,0.00034,0.02011,-32.54
2026-05-17T07:10:00Z,22.29,0.00046,0.02011,-32.81
2026-05-17T07:20:00Z,22.29,0.00106,0.02011,-33
2026-05-17T07:30:00Z,22.28,0.00278,0.02029,-33.09
2026-05-17T07:40:00Z,22.3,0.00264,0.01992,-33.1
2026-05-17T07:50:00Z,22.33,0.00181,0.01938,-33.02
2026-05-17T08:00:00Z,22.37,0.00165,0.01868,-32.85
2026-05-17T08:10:00Z,22.38,0.00348,0.01851,-32.59
2026-05-17T08:20:00Z,22.38,0.00361,0.01851,-32.24
2026-05-17T08:30:00Z,22.38,0.00218,0.01851,-31.81
2026-05-17T08:40:00Z,22.36,0.00001,0.01885,-31.3
2026-05-17T08:50:00Z,22.36,0.00002,0.01885,-30.7
2026-05-17T09:00:00Z,22.35,0.00008,0.01903,-30.03
2026-05-17T09:10:00Z,22.29,0.00005,0.02011,-29.28
2026-05-17T09:20:00Z,22.2,0.00008,0.02185,-28.46
2026-05-17T09:30:00Z,22.16,0.00002,0.02267,-27.56
2026-05-17T09:40:00Z,22.14,0.00032,0.02309,-26.6
2026-05-17T09:50:00Z,22.11,0.00004,0.02373,-25.57
2026-05-17T10:00:00Z,22.06,0.00005,0.02485,-24.48
2026-05-17T10:10:00Z,22.02,0.00001,0.02578,-23.34
2026-05-17T10:20:00Z,21.98,0.00004,0.02675,-22.13
2026-05-17T10:30:00Z,21.96,0.00001,0.02725,-20.88
2026-05-17T10:40:00Z,21.95,0.00002,0.0275,-19.57
2026-05-17T10:50:00Z,21.94,0.00001,0.02776,-18.22
2026-05-17T11:00:00Z,21.9,0.00001,0.0288,-16.82
2026-05-17T11:10:00Z,21.71,0.00005,0.03431,-15.38
2026-05-17T11:20:00Z,21.05,0.00072,0.063,-13.9
2026-05-17T11:30:00Z,19.71,0.00512,0.21645,-12.38
2026-05-17T11:40:00Z,17.94,0.0022,1.10501,-10.83
2026-05-17T11:50:00Z,15.89,0.00312,7.30072,-9.24
2026-05-17T12:00:00Z,13.43,0.00113,70.36645,-7.63
2026-05-18T02:30:00Z,10.29,0.00578,1268.71952,12.78
2026-05-18T02:40:00Z,12.85,0.00024,120.05096,10.94
2026-05-18T02:50:00Z,15.39,0.00144,11.57086,9.12
2026-05-18T03:00:00Z,17.57,0.00338,1.55369,7.31
2026-05-18T03:10:00Z,19.32,0.00018,0.31,5.52
2026-05-18T03:20:00Z,20.81,0.0042,0.07859,3.76
2026-05-18T03:30:00Z,21.78,0.0022,0.03216,2.01
2026-05-18T03:40:00Z,22.17,0.00025,0.02246,0.29
2026-05-18T03:50:00Z,22.27,0.00002,0.02048,-1.4
2026-05-18T04:00:00Z,22.29,0.00002,0.02011,-3.08
2026-05-18T04:10:00Z,22.3,0.00001,0.01992,-4.72
2026-05-18T04:20:00Z,22.32,0.00002,0.01956,-6.33
2026-05-18T04:30:00Z,22.33,0.00002,0.01938,-7.92
2026-05-18T04:40:00Z,22.34,0.00008,0.0192,-9.47
2026-05-18T04:50:00Z,22.33,0.00032,0.01938,-10.98
2026-05-18T05:00:00Z,22.32,0.00008,0.01956,-12.46
2026-05-18T05:10:00Z,22.35,0.00004,0.01903,-13.91
2026-05-18T05:20:00Z,22.34,0.00013,0.0192,-15.31
2026-05-18T05:30:00Z,22.33,0.00002,0.01938,-16.67
2026-05-18T05:40:00Z,22.35,0.00002,0.01903,-17.98
2026-05-18T05:50:00Z,22.35,0.00002,0.01903,-19.25
2026-05-18T06:00:00Z,22.35,0.00174,0.01903,-20.47
2026-05-18T06:10:00Z,22.33,0.00151,0.01938,-21.63
2026-05-18T06:20:00Z,22.31,0.00079,0.01974,-22.74
2026-05-18T06:30:00Z,22.29,0.00152,0.02011,-23.79
2026-05-18T06:40:00Z,22.29,0.00275,0.02011,-24.78
2026-05-18T06:50:00Z,22.3,0.00262,0.01992,-25.71
2026-05-18T07:00:00Z,22.31,0.00119,0.01974,-26.57
2026-05-18T07:10:00Z,22.33,0.00037,0.01938,-27.36
2026-05-18T07:20:00Z,22.35,0.00058,0.01903,-28.08
2026-05-18T07:30:00Z,22.35,0.0006,0.01903,-28.72
2026-05-18T07:40:00Z,22.35,0.00045,0.01903,-29.29
2026-05-18T07:50:00Z,22.35,0.00045,0.01903,-29.78
2026-05-18T08:00:00Z,22.36,0.00055,0.01885,-30.19
2026-05-18T08:10:00Z,22.37,0.00062,0.01868,-30.52
2026-05-18T08:20:00Z,22.35,0.00065,0.01903,-30.77
2026-05-18T08:30:00Z,22.34,0.00142,0.0192,-30.93
2026-05-18T08:40:00Z,22.34,0.00008,0.0192,-31
2026-05-18T08:50:00Z,22.33,0.00001,0.01938,-30.99
2026-05-18T09:00:00Z,22.29,0.00002,0.02011,-30.9
2026-05-18T09:10:00Z,22.24,0.00002,0.02106,-30.72
2026-05-18T09:20:00Z,22.19,0.00002,0.02205,-30.45
2026-05-18T09:30:00Z,22.13,0.00001,0.0233,-30.11
2026-05-18T09:40:00Z,22.07,0.00001,0.02462,-29.68
2026-05-18T09:50:00Z,22.02,0.00001,0.02578,-29.17
2026-05-18T10:00:00Z,21.99,0.00001,0.02651,-28.58
2026-05-18T10:10:00Z,21.96,0.00001,0.02725,-27.92
2026-05-18T10:20:00Z,21.93,0.00002,0.02801,-27.19
2026-05-18T10:30:00Z,21.89,0.00001,0.02906,-26.38
2026-05-18T10:40:00Z,21.85,0.00001,0.03016,-25.51
2026-05-18T10:50:00Z,21.81,0.00001,0.03129,-24.56
2026-05-18T11:00:00Z,21.74,0.00001,0.03337,-23.56
2026-05-18T11:10:00Z,21.57,0.00004,0.03903,-22.5
2026-05-18T11:20:00Z,20.99,0.00024,0.06658,-21.38
2026-05-18T11:30:00Z,19.72,0.00481,0.21447,-20.2
2026-05-18T11:40:00Z,18.02,0.00392,1.02652,-18.98
2026-05-18T11:50:00Z,15.94,0.00338,6.97213,-17.7
2026-05-18T12:00:00Z,13.44,0.00012,69.72132,-16.38
2026-05-19T02:30:00Z,10.3,0.013,1257.08783,25.79
2026-05-19T02:40:00Z,12.64,0.00098,145.66849,23.85
2026-05-19T02:50:00Z,15.18,0.00144,14.03995,21.92
2026-05-19T03:00:00Z,17.41,0.0042,1.80039,20.01
2026-05-19T03:10:00Z,19.19,0.00002,0.34943,18.1
2026-05-19T03:20:00Z,20.69,0.00648,0.08777,16.22
2026-05-19T03:30:00Z,21.62,0.00144,0.03727,14.34
2026-05-19T03:40:00Z,21.96,0.00025,0.02725,12.48
2026-05-19T03:50:00Z,22.07,0.00018,0.02462,10.64
2026-05-19T04:00:00Z,22.12,0.00012,0.02352,8.82
2026-05-19T04:10:00Z,22.18,0.00001,0.02225,7.01
2026-05-19T04:20:00Z,22.19,0.00002,0.02205,5.23
2026-05-19T04:30:00Z,22.2,0.00001,0.02185,3.47
2026-05-19T04:40:00Z,22.22,0.00002,0.02145,1.72
2026-05-19T04:50:00Z,22.23,0.00001,0.02125,0
2026-05-19T05:00:00Z,22.23,0.00001,0.02125,-1.69
2026-05-19T05:10:00Z,22.24,0.00001,0.02106,-3.36
2026-05-19T05:20:00Z,22.25,0.00001,0.02086,-5
2026-05-19T05:30:00Z,22.26,0.00001,0.02067,-6.62
2026-05-19T05:40:00Z,22.28,0.00012,0.02029,-8.2
2026-05-19T05:50:00Z,22.3,0.00005,0.01992,-9.75
2026-05-19T06:00:00Z,22.32,0.00494,0.01956,-11.26
2026-05-19T06:10:00Z,22.29,0.00494,0.02011,-12.74
2026-05-19T06:20:00Z,22.24,0.00431,0.02106,-14.18
2026-05-19T06:30:00Z,22.27,0.0044,0.02048,-15.58
2026-05-19T06:40:00Z,22.31,0.00544,0.01974,-16.94
2026-05-19T06:50:00Z,22.27,0.00495,0.02048,-18.25
2026-05-19T07:00:00Z,22.24,0.00428,0.02106,-19.51
2026-05-19T07:10:00Z,22.29,0.0036,0.02011,-20.73
2026-05-19T07:20:00Z,22.31,0.00354,0.01974,-21.89
2026-05-19T07:30:00Z,22.28,0.00209,0.02029,-22.99
2026-05-19T07:40:00Z,22.29,0.00213,0.02011,-24.04
2026-05-19T07:50:00Z,22.29,0.00246,0.02011,-25.03
2026-05-19T08:00:00Z,22.3,0.00383,0.01992,-25.95
2026-05-19T08:10:00Z,22.32,0.00477,0.01956,-26.8
2026-05-19T08:20:00Z,22.36,0.00654,0.01885,-27.59
2026-05-19T08:30:00Z,22.29,0.01067,0.02011,-28.3
2026-05-19T08:40:00Z,22.28,0.00085,0.02029,-28.94
2026-05-19T08:50:00Z,22.25,0.00145,0.02086,-29.51
2026-05-19T09:00:00Z,22.18,0.00032,0.02225,-29.99
2026-05-19T09:10:00Z,22.14,0.00002,0.02309,-30.39
2026-05-19T09:20:00Z,22.12,0.00025,0.02352,-30.71
2026-05-19T09:30:00Z,22.06,0.00001,0.02485,-30.95
2026-05-19T09:40:00Z,22.03,0.00018,0.02555,-31.1
2026-05-19T09:50:00Z,22,0.00025,0.02626,-31.17
2026-05-19T10:00:00Z,21.96,0.00005,0.02725,-31.15
2026-05-19T10:10:00Z,21.93,0.00001,0.02801,-31.04
2026-05-19T10:20:00Z,21.88,0.00002,0.02933,-30.85
2026-05-19T10:30:00Z,21.85,0.00005,0.03016,-30.58
2026-05-19T10:40:00Z,21.82,0.00008,0.031,-30.22
2026-05-19T10:50:00Z,21.8,0.00002,0.03158,-29.78
2026-05-19T11:00:00Z,21.76,0.00001,0.03276,-29.26
2026-05-19T11:10:00Z,21.57,0.00005,0.03903,-28.66
2026-05-19T11:20:00Z,20.9,0.00085,0.07234,-27.98
2026-05-19T11:30:00Z,19.59,0.00545,0.24175,-27.23
2026-05-19T11:40:00Z,17.88,0.00128,1.16779,-26.41
2026-05-19T11:50:00Z,15.7,0.00288,8.69692,-25.53
2026-05-19T12:00:00Z,13.15,0.00024,91.06796,-24.57
2026-05-20T02:30:00Z,10.45,0.00025,1094.87773,38.16
2026-05-20T02:40:00Z,12.81,0.01512,124.55628,36.13
2026-05-20T02:50:00Z,15.18,0.01352,14.03995,34.11
2026-05-20T03:00:00Z,17.49,0.02592,1.6725,32.1
2026-05-20T03:10:00Z,19.19,0.00338,0.34943,30.1
2026-05-20T03:20:00Z,20.8,0.00722,0.07932,28.1
2026-05-20T03:30:00Z,21.6,0.00112,0.03796,26.12
2026-05-20T03:40:00Z,21.85,0.00032,0.03016,24.14
2026-05-20T03:50:00Z,21.93,0.00061,0.02801,22.18
2026-05-20T04:00:00Z,21.99,0.00001,0.02651,20.22
2026-05-20T04:10:00Z,21.95,0.00002,0.0275,18.28
2026-05-20T04:20:00Z,21.92,0.00072,0.02827,16.36
2026-05-20T04:30:00Z,21.91,0.00338,0.02853,14.44
2026-05-20T04:40:00Z,21.9,0.00025,0.0288,12.54
2026-05-20T04:50:00Z,22.01,0.0006,0.02602,10.66
2026-05-20T05:00:00Z,21.98,0.00025,0.02675,8.79
2026-05-20T05:10:00Z,21.88,0.00008,0.02933,6.94
2026-05-20T05:20:00Z,21.82,0.0006,0.031,5.11
2026-05-20T05:30:00Z,21.87,0.00512,0.02961,3.29
2026-05-20T05:40:00Z,22.07,0.00364,0.02462,1.5
2026-05-20T05:50:00Z,22.31,0.00008,0.01974,-0.27
2026-05-20T06:00:00Z,22.27,0.11692,0.02048,-2.02
2026-05-20T06:10:00Z,22.22,0.11444,0.02145,-3.74
2026-05-20T06:20:00Z,22.2,0.0408,0.02185,-5.44
2026-05-20T06:30:00Z,22.15,0.00337,0.02288,-7.11
2026-05-20T06:40:00Z,22.12,0.00325,0.02352,-8.75
2026-05-20T06:50:00Z,22.14,0.00342,0.02309,-10.36
2026-05-20T07:00:00Z,22.12,0.00649,0.02352,-11.94
2026-05-20T07:10:00Z,22.11,0.00421,0.02373,-13.48
2026-05-20T07:20:00Z,22.13,0.00342,0.0233,-14.99
2026-05-20T07:30:00Z,22.18,0.00387,0.02225,-16.46
2026-05-20T07:40:00Z,22.19,0.0062,0.02205,-17.88
2026-05-20T07:50:00Z,22.22,0.01119,0.02145,-19.27
2026-05-20T08:00:00Z,22.18,0.00926,0.02225,-20.6
2026-05-20T08:10:00Z,22.15,0.00362,0.02288,-21.89
2026-05-20T08:20:00Z,22.11,0.00262,0.02373,-23.12
2026-05-20T08:30:00Z,22.1,0.00283,0.02395,-24.3
2026-05-20T08:40:00Z,22.1,0.00008,0.02395,-25.43
2026-05-20T08:50:00Z,22.1,0.00002,0.02395,-26.49
2026-05-20T09:00:00Z,22.09,0.00001,0.02417,-27.49
2026-05-20T09:10:00Z,22.11,0.00001,0.02373,-28.42
2026-05-20T09:20:00Z,22.09,0.00008,0.02417,-29.28
2026-05-20T09:30:00Z,22.1,0.00025,0.02395,-30.06
2026-05-20T09:40:00Z,22.07,0.00025,0.02462,-30.78
2026-05-20T09:50:00Z,22.05,0.00025,0.02508,-31.41
2026-05-20T10:00:00Z,22.04,0.00012,0.02531,-31.96
2026-05-20T10:10:00Z,22.02,0.00001,0.02578,-32.43
2026-05-20T10:20:00Z,22.01,0.00002,0.02602,-32.81
2026-05-20T10:30:00Z,21.99,0.00002,0.02651,-33.11
2026-05-20T10:40:00Z,21.97,0.00002,0.027,-33.32
2026-05-20T10:50:00Z,21.93,0.00001,0.02801,-33.44
2026-05-20T11:00:00Z,21.86,0.00002,0.02988,-33.46
2026-05-20T11:10:00Z,21.63,0.00001,0.03693,-33.4
2026-05-20T11:20:00Z,20.94,0.00085,0.06972,-33.25
2026-05-20T11:30:00Z,19.64,0.0045,0.23087,-33.01
2026-05-20T11:40:00Z,17.87,0.00112,1.1786,-32.68
2026-05-20T11:50:00Z,15.67,0.00098,8.94058,-32.26
2026-05-20T12:00:00Z,13.18,0.00008,88.58611,-31.76
2026-05-21T02:30:00Z,9.67,0.00113,2245.77179,49.35
2026-05-21T02:40:00Z,12.16,0.00364,226.65517,47.27
2026-05-21T02:50:00Z,14.51,0.0238,26.02349,45.2
2026-05-21T03:00:00Z,16.57,0.0004,3.9027,43.12
2026-05-21T03:10:00Z,18.61,0.00181,0.59616,41.05
2026-05-21T03:20:00Z,19.94,0.00264,0.17513,38.99
2026-05-21T03:30:00Z,20.65,0.002,0.09107,36.92
2026-05-21T03:40:00Z,20.93,0.00018,0.07037,34.86
2026-05-21T03:50:00Z,21.01,0.00005,0.06537,32.81
2026-05-21T04:00:00Z,21.09,0.00002,0.06072,30.76
2026-05-21T04:10:00Z,21.11,0.00085,0.05962,28.72
2026-05-21T04:20:00Z,21.1,0.00018,0.06017,26.68
2026-05-21T04:30:00Z,21.04,0.00032,0.06359,24.66
2026-05-21T04:40:00Z,21.06,0.00084,0.06243,22.64
2026-05-21T04:50:00Z,21.1,0.00041,0.06017,20.63
2026-05-21T05:00:00Z,21.24,0.00002,0.05289,18.63
2026-05-21T05:10:00Z,21.35,0.00288,0.04779,16.64
2026-05-21T05:20:00Z,21.52,0.002,0.04087,14.67
2026-05-21T05:30:00Z,21.77,0.00025,0.03246,12.7
2026-05-21T05:40:00Z,21.86,0.00013,0.02988,10.75
2026-05-21T05:50:00Z,21.99,0.00113,0.02651,8.81
2026-05-21T06:00:00Z,22.09,0.03139,0.02417,6.89
2026-05-21T06:10:00Z,22.11,0.00895,0.02373,4.98
2026-05-21T06:20:00Z,22.2,0.01164,0.02185,3.09
2026-05-21T06:30:00Z,22.23,0.00526,0.02125,1.21
2026-05-21T06:40:00Z,22.29,0.00595,0.02011,-0.64
2026-05-21T06:50:00Z,22.28,0.00916,0.02029,-2.47
2026-05-21T07:00:00Z,22.33,0.00389,0.01938,-4.29
2026-05-21T07:10:00Z,22.31,0.00472,0.01974,-6.08
2026-05-21T07:20:00Z,22.3,0.00574,0.01992,-7.84
2026-05-21T07:30:00Z,22.36,0.00976,0.01885,-9.58
2026-05-21T07:40:00Z,22.31,0.00938,0.01974,-11.29
2026-05-21T07:50:00Z,22.27,0.00851,0.02048,-12.97
2026-05-21T08:00:00Z,22.22,0.00905,0.02145,-14.62
2026-05-21T08:10:00Z,22.17,0.00976,0.02246,-16.24
2026-05-21T08:20:00Z,22.2,0.00816,0.02185,-17.82
2026-05-21T08:30:00Z,22.22,0.00683,0.02145,-19.36
2026-05-21T08:40:00Z,22.21,0.00041,0.02165,-20.86
2026-05-21T08:50:00Z,22.12,0.00002,0.02352,-22.32
2026-05-21T09:00:00Z,22.15,0.00013,0.02288,-23.73
2026-05-21T09:10:00Z,22.1,0.002,0.02395,-25.09
2026-05-21T09:20:00Z,22.05,0.002,0.02508,-26.4
2026-05-21T09:30:00Z,22.02,0.00032,0.02578,-27.66
2026-05-21T09:40:00Z,21.99,0.00002,0.02651,-28.85
2026-05-21T09:50:00Z,21.95,0.00002,0.0275,-29.98
2026-05-21T10:00:00Z,21.89,0.00001,0.02906,-31.05
2026-05-21T10:10:00Z,21.87,0.00001,0.02961,-32.05
2026-05-21T10:20:00Z,21.84,0.00018,0.03043,-32.97
2026-05-21T10:30:00Z,21.81,0.00012,0.03129,-33.81
2026-05-21T10:40:00Z,21.78,0.00001,0.03216,-34.58
2026-05-21T10:50:00Z,21.75,0.00001,0.03306,-35.26
2026-05-21T11:00:00Z,21.7,0.00001,0.03462,-35.85
2026-05-21T11:10:00Z,21.51,0.00002,0.04124,-36.36
2026-05-21T11:20:00Z,20.88,0.00072,0.07368,-36.77
2026-05-21T11:30:00Z,19.63,0.0045,0.23301,-37.08
2026-05-21T11:40:00Z,17.91,0.00162,1.13597,-37.3
2026-05-21T11:50:00Z,15.65,0.00112,9.1068,-37.43
2026-05-21T12:00:00Z,13.07,0.00024,98.03149,-37.45
2026-05-22T02:30:00Z,9.85,0.01152,1902.67942,58.44
2026-05-22T02:40:00Z,12.04,0.00882,253.14282,56.44
2026-05-22T02:50:00Z,14.53,0.0022,25.54851,54.42
2026-05-22T03:00:00Z,16.84,0.00613,3.04345,52.38
2026-05-22T03:10:00Z,18.55,0.00685,0.63004,50.33
2026-05-22T03:20:00Z,19.87,0.00512,0.1868,48.27
2026-05-22T03:30:00Z,20.45,0.0005,0.10949,46.21
2026-05-22T03:40:00Z,20.66,0.00925,0.09023,44.13
2026-05-22T03:50:00Z,20.82,0.00648,0.07787,42.06
2026-05-22T04:00:00Z,20.83,0.00008,0.07716,39.98
2026-05-22T04:10:00Z,21.12,0.00012,0.05907,37.89
2026-05-22T04:20:00Z,21.33,0.00008,0.04868,35.81
2026-05-22T04:30:00Z,21.42,0.00005,0.04481,33.73
2026-05-22T04:40:00Z,21.44,0.00004,0.04399,31.65
2026-05-22T04:50:00Z,21.43,0.00001,0.0444,29.57
2026-05-22T05:00:00Z,21.42,0.00005,0.04481,27.49
2026-05-22T05:10:00Z,21.44,0.00001,0.04399,25.42
2026-05-22T05:20:00Z,21.49,0.00001,0.04201,23.35
2026-05-22T05:30:00Z,21.54,0.00001,0.04012,21.29
2026-05-22T05:40:00Z,21.58,0.00001,0.03867,19.24
2026-05-22T05:50:00Z,21.61,0.00002,0.03762,17.19
2026-05-22T06:00:00Z,21.63,0.00082,0.03693,15.15
2026-05-22T06:10:00Z,21.65,0.00086,0.03625,13.12
2026-05-22T06:20:00Z,21.69,0.00232,0.03494,11.1
2026-05-22T06:30:00Z,21.74,0.00415,0.03337,9.09
2026-05-22T06:40:00Z,21.78,0.00434,0.03216,7.09
2026-05-22T06:50:00Z,21.85,0.00283,0.03016,5.1
2026-05-22T07:00:00Z,21.93,0.00227,0.02801,3.13
2026-05-22T07:10:00Z,22.01,0.00199,0.02602,1.17
2026-05-22T07:20:00Z,22.08,0.00996,0.0244,-0.78
2026-05-22T07:30:00Z,22.17,0.01613,0.02246,-2.71
2026-05-22T07:40:00Z,22.19,0.01347,0.02205,-4.62
2026-05-22T07:50:00Z,22.17,0.00911,0.02246,-6.51
2026-05-22T08:00:00Z,22.18,0.00608,0.02225,-8.39
2026-05-22T08:10:00Z,22.22,0.00417,0.02145,-10.24
2026-05-22T08:20:00Z,22.22,0.00546,0.02145,-12.07
2026-05-22T08:30:00Z,22.19,0.00668,0.02205,-13.87
2026-05-22T08:40:00Z,22.15,0.00001,0.02288,-15.65
2026-05-22T08:50:00Z,22.13,0.00002,0.0233,-17.4
2026-05-22T09:00:00Z,22.1,0.00005,0.02395,-19.11
2026-05-22T09:10:00Z,22.08,0.00004,0.0244,-20.8
2026-05-22T09:20:00Z,22.06,0.00002,0.02485,-22.45
2026-05-22T09:30:00Z,22.03,0.00001,0.02555,-24.06
2026-05-22T09:40:00Z,22,0.00001,0.02626,-25.62
2026-05-22T09:50:00Z,21.97,0.00001,0.027,-27.15
2026-05-22T10:00:00Z,21.92,0.00001,0.02827,-28.63
2026-05-22T10:10:00Z,21.89,0.00002,0.02906,-30.05
2026-05-22T10:20:00Z,21.85,0.00008,0.03016,-31.42
2026-05-22T10:30:00Z,21.83,0.00004,0.03072,-32.74
2026-05-22T10:40:00Z,21.81,0.00004,0.03129,-33.99
2026-05-22T10:50:00Z,21.78,0.00002,0.03216,-35.17
2026-05-22T11:00:00Z,21.73,0.00001,0.03368,-36.28
2026-05-22T11:10:00Z,21.48,0.00001,0.0424,-37.32
2026-05-22T11:20:00Z,20.7,0.00162,0.08697,-38.27
2026-05-22T11:30:00Z,19.31,0.00545,0.31287,-39.14
2026-05-22T11:40:00Z,17.52,0.00032,1.62692,-39.93
2026-05-22T11:50:00Z,15.29,0.0022,12.6872,-40.61
2026-05-22T12:00:00Z,12.81,0.00008,124.55628,-41.2
2026-05-23T02:30:00Z,9.79,0.01568,2010.78493,63.75
2026-05-23T02:40:00Z,11.97,0.01104,270.00115,62.15
2026-05-23T02:50:00Z,14.47,0.00084,27.00012,60.47
2026-05-23T03:00:00Z,16.73,0.00041,3.36795,58.72
2026-05-23T03:10:00Z,18.28,0.00312,0.80791,56.91
2026-05-23T03:20:00Z,19.25,0.00113,0.33065,55.06
2026-05-23T03:30:00Z,19.73,0.00018,0.2125,53.16
2026-05-23T03:40:00Z,19.97,0.00002,0.17036,51.22
2026-05-23T03:50:00Z,20.12,0.00001,0.14838,49.26
2026-05-23T04:00:00Z,20.24,0.00001,0.13285,47.27
2026-05-23T04:10:00Z,20.35,0.00001,0.12005,45.26
2026-05-23T04:20:00Z,20.45,0.00001,0.10949,43.24
2026-05-23T04:30:00Z,20.55,0.00001,0.09985,41.2
2026-05-23T04:40:00Z,20.65,0.00002,0.09107,39.15
2026-05-23T04:50:00Z,20.74,0.00002,0.08382,37.09
2026-05-23T05:00:00Z,20.82,0.00008,0.07787,35.02
2026-05-23T05:10:00Z,20.91,0.00001,0.07167,32.94
2026-05-23T05:20:00Z,20.99,0.00004,0.06658,30.86
2026-05-23T05:30:00Z,21.1,0.00018,0.06017,28.78
2026-05-23T05:40:00Z,21.23,0.00013,0.05338,26.69
2026-05-23T05:50:00Z,21.35,0.00002,0.04779,24.61
2026-05-23T06:00:00Z,21.4,0.01983,0.04564,22.52
2026-05-23T06:10:00Z,21.43,0.01519,0.0444,20.43
2026-05-23T06:20:00Z,21.46,0.00536,0.04319,18.35
2026-05-23T06:30:00Z,21.5,0.00017,0.04163,16.27
2026-05-23T06:40:00Z,21.53,0.00029,0.04049,14.19
2026-05-23T06:50:00Z,21.56,0.00057,0.03939,12.12
2026-05-23T07:00:00Z,21.6,0.00152,0.03796,10.06
2026-05-23T07:10:00Z,21.65,0.00255,0.03625,8
2026-05-23T07:20:00Z,21.7,0.00508,0.03462,5.94
2026-05-23T07:30:00Z,21.77,0.00811,0.03246,3.9
2026-05-23T07:40:00Z,21.84,0.00706,0.03043,1.86
2026-05-23T07:50:00Z,21.95,0.00526,0.0275,-0.16
2026-05-23T08:00:00Z,22.07,0.01426,0.02462,-2.18
2026-05-23T08:10:00Z,22.16,0.02866,0.02267,-4.18
2026-05-23T08:20:00Z,22.18,0.03914,0.02225,-6.17
2026-05-23T08:30:00Z,22.17,0.02771,0.02246,-8.14
2026-05-23T08:40:00Z,22.16,0.00008,0.02267,-10.1
2026-05-23T08:50:00Z,22.13,0.00005,0.0233,-12.04
2026-05-23T09:00:00Z,22.12,0.00002,0.02352,-13.96
2026-05-23T09:10:00Z,22.08,0.00008,0.0244,-15.86
2026-05-23T09:20:00Z,22.04,0.00013,0.02531,-17.75
2026-05-23T09:30:00Z,22.01,0.00005,0.02602,-19.6
2026-05-23T09:40:00Z,21.97,0.00001,0.027,-21.43
2026-05-23T09:50:00Z,21.93,0.00002,0.02801,-23.24
2026-05-23T10:00:00Z,21.89,0.00001,0.02906,-25.01
2026-05-23T10:10:00Z,21.85,0.00001,0.03016,-26.75
2026-05-23T10:20:00Z,21.83,0.00001,0.03072,-28.45
2026-05-23T10:30:00Z,21.8,0.00002,0.03158,-30.12
2026-05-23T10:40:00Z,21.78,0.00004,0.03216,-31.74
2026-05-23T10:50:00Z,21.75,0.00002,0.03306,-33.32
2026-05-23T11:00:00Z,21.68,0.00002,0.03527,-34.85
2026-05-23T11:10:00Z,21.4,0.00004,0.04564,-36.32
2026-05-23T11:20:00Z,20.59,0.00145,0.09624,-37.74
2026-05-23T11:30:00Z,19.18,0.00512,0.35267,-39.09
2026-05-23T11:40:00Z,17.42,0.00024,1.78388,-40.37
2026-05-23T11:50:00Z,15.17,0.00312,14.16986,-41.58
2026-05-23T12:00:00Z,12.61,0.00098,149.74958,-42.7
2026-05-24T02:30:00Z,9.67,0.01404,2245.77179,63.55
2026-05-24T02:40:00Z,11.78,0.01682,321.63672,62.78
2026-05-24T02:50:00Z,14.22,0.0004,33.99113,61.84
2026-05-24T03:00:00Z,16.46,0.00338,4.31883,60.74
2026-05-24T03:10:00Z,17.92,0.00392,1.12555,59.52
2026-05-24T03:20:00Z,18.69,0.00041,0.55382,58.18
2026-05-24T03:30:00Z,19.03,0.00012,0.40492,56.73
2026-05-24T03:40:00Z,19.22,0.00005,0.33991,55.19
2026-05-24T03:50:00Z,19.35,0.00002,0.30155,53.58
2026-05-24T04:00:00Z,19.47,0.00001,0.27,51.9
2026-05-24T04:10:00Z,19.61,0.00001,0.23734,50.15
2026-05-24T04:20:00Z,19.75,0.00001,0.20862,48.36
2026-05-24T04:30:00Z,19.88,0.00001,0.18508,46.52
2026-05-24T04:40:00Z,20,0.00001,0.16572,44.65
2026-05-24T04:50:00Z,20.1,0.00001,0.15114,42.74
2026-05-24T05:00:00Z,20.19,0.00005,0.13911,40.8
2026-05-24T05:10:00Z,20.28,0.00002,0.12805,38.84
2026-05-24T05:20:00Z,20.38,0.00001,0.11678,36.85
2026-05-24T05:30:00Z,20.46,0.00004,0.10848,34.85
2026-05-24T05:40:00Z,20.54,0.00004,0.10078,32.83
2026-05-24T05:50:00Z,20.61,0.00002,0.09449,30.79
2026-05-24T06:00:00Z,20.7,0.00019,0.08697,28.75
2026-05-24T06:10:00Z,20.78,0.00022,0.08079,26.69
2026-05-24T06:20:00Z,20.87,0.00014,0.07436,24.63
2026-05-24T06:30:00Z,20.95,0.00005,0.06908,22.56
2026-05-24T06:40:00Z,21.04,0.00005,0.06359,20.48
2026-05-24T06:50:00Z,21.12,0.00021,0.05907,18.4
2026-05-24T07:00:00Z,21.21,0.00117,0.05437,16.32
2026-05-24T07:10:00Z,21.29,0.00251,0.05051,14.23
2026-05-24T07:20:00Z,21.36,0.00211,0.04735,12.15
2026-05-24T07:30:00Z,21.41,0.00175,0.04522,10.06
2026-05-24T07:40:00Z,21.46,0.00445,0.04319,7.98
2026-05-24T07:50:00Z,21.53,0.01557,0.04049,5.9
2026-05-24T08:00:00Z,21.63,0.02547,0.03693,3.82
2026-05-24T08:10:00Z,21.75,0.01619,0.03306,1.74
2026-05-24T08:20:00Z,21.92,0.01426,0.02827,-0.33
2026-05-24T08:30:00Z,22.09,0.03689,0.02417,-2.39
2026-05-24T08:40:00Z,22.17,0.00013,0.02246,-4.45
2026-05-24T08:50:00Z,22.19,0.0004,0.02205,-6.5
2026-05-24T09:00:00Z,22.18,0.00004,0.02225,-8.54
2026-05-24T09:10:00Z,22.16,0.00004,0.02267,-10.57
2026-05-24T09:20:00Z,22.13,0.00002,0.0233,-12.59
2026-05-24T09:30:00Z,22.12,0.00001,0.02352,-14.59
2026-05-24T09:40:00Z,22.11,0.00005,0.02373,-16.59
2026-05-24T09:50:00Z,22.08,0.00002,0.0244,-18.56
2026-05-24T10:00:00Z,22.07,0.00002,0.02462,-20.52
2026-05-24T10:10:00Z,22.02,0.00008,0.02578,-22.47
2026-05-24T10:20:00Z,21.97,0.00018,0.027,-24.39
2026-05-24T10:30:00Z,21.95,0.00008,0.0275,-26.29
2026-05-24T10:40:00Z,21.94,0.00005,0.02776,-28.16
2026-05-24T10:50:00Z,21.92,0.00002,0.02827,-30.01
2026-05-24T11:00:00Z,21.83,0.00002,0.03072,-31.82
2026-05-24T11:10:00Z,21.49,0.00018,0.04201,-33.61
2026-05-24T11:20:00Z,20.57,0.00162,0.09803,-35.36
2026-05-24T11:30:00Z,19.12,0.00545,0.37271,-37.07
2026-05-24T11:40:00Z,17.33,0.00013,1.93805,-38.73
2026-05-24T11:50:00Z,15.08,0.0018,15.3945,-40.35
2026-05-24T12:00:00Z,12.61,0.00072,149.74958,-41.91
2026-05-25T02:30:00Z,11.41,0.00012,452.23651,58.42
2026-05-25T02:40:00Z,13.25,0.02178,83.05497,58.48
2026-05-25T02:50:00Z,15.13,0.35378,14.70163,58.36
2026-05-25T03:00:00Z,17.1,0.0845,2.39533,58.08
2026-05-25T03:10:00Z,19.82,0.0005,0.1956,57.63
2026-05-25T03:20:00Z,20.63,0.03528,0.09276,57.02
2026-05-25T03:30:00Z,20.83,0.00312,0.07716,56.27
2026-05-25T03:40:00Z,20.52,0.00684,0.10265,55.37
2026-05-25T03:50:00Z,20.54,0.07321,0.10078,54.34
2026-05-25T04:00:00Z,20.64,0.35113,0.09191,53.2
2026-05-25T04:10:00Z,20.45,0.3645,0.10949,51.95
2026-05-25T04:20:00Z,21.18,0.03528,0.05589,50.6
2026-05-25T04:30:00Z,20.18,0.10952,0.1404,49.16
2026-05-25T04:40:00Z,20.15,0.26912,0.14433,47.65
2026-05-25T04:50:00Z,20.25,0.00001,0.13163,46.07
2026-05-25T05:00:00Z,19,0.24642,0.41626,44.42
2026-05-25T05:10:00Z,18.72,0.17861,0.53872,42.73
2026-05-25T05:20:00Z,19.42,0.00181,0.28273,40.98
2026-05-25T05:30:00Z,18.88,0.06272,0.46491,39.19
2026-05-25T05:40:00Z,18.99,0.01922,0.42011,37.35
2026-05-25T05:50:00Z,19.56,0.0018,0.24852,35.49
2026-05-25T06:00:00Z,19.47,0.33516,0.27,33.6
2026-05-25T06:10:00Z,19.34,0.22695,0.30434,31.67
2026-05-25T06:20:00Z,19.36,0.17328,0.29879,29.73
2026-05-25T06:30:00Z,19.43,0.082,0.28013,27.76
2026-05-25T06:40:00Z,19.51,0.06046,0.26023,25.77
2026-05-25T06:50:00Z,19.42,0.02935,0.28273,23.77
2026-05-25T07:00:00Z,19.69,0.09578,0.22048,21.76
2026-05-25T07:10:00Z,19.74,0.16898,0.21056,19.73
2026-05-25T07:20:00Z,19.81,0.1268,0.19741,17.69
2026-05-25T07:30:00Z,20.22,0.08646,0.13532,15.64
2026-05-25T07:40:00Z,20.54,0.11765,0.10078,13.58
2026-05-25T07:50:00Z,20.51,0.10662,0.1036,11.52
2026-05-25T08:00:00Z,20.91,0.26688,0.07167,9.45
2026-05-25T08:10:00Z,20.81,0.34479,0.07859,7.37
2026-05-25T08:20:00Z,21.21,0.41714,0.05437,5.29
2026-05-25T08:30:00Z,20.87,0.38819,0.07436,3.21
2026-05-25T08:40:00Z,21.78,0.07688,0.03216,1.13
2026-05-25T08:50:00Z,21.98,0.198,0.02675,-0.95
2026-05-25T09:00:00Z,22.2,0.19208,0.02185,-3.03
2026-05-25T09:10:00Z,22.58,0.02665,0.01539,-5.11
2026-05-25T09:20:00Z,22.57,0.00098,0.01554,-7.18
2026-05-25T09:30:00Z,21.58,0.01512,0.03867,-9.25
2026-05-25T09:40:00Z,21.15,0.01741,0.05746,-11.32
2026-05-25T09:50:00Z,21.8,0.11858,0.03158,-13.38
2026-05-25T10:00:00Z,22.09,0.01352,0.02417,-15.44
2026-05-25T10:10:00Z,20.94,0.10368,0.06972,-17.49
2026-05-25T10:20:00Z,21.96,0.05832,0.02725,-19.52
2026-05-25T10:30:00Z,22.35,0.6516,0.01903,-21.55
2026-05-25T10:40:00Z,21.84,0.392,0.03043,-23.57
2026-05-25T10:50:00Z,21.36,0.00365,0.04735,-25.57
2026-05-25T11:00:00Z,21.9,0.04325,0.0288,-27.56
2026-05-25T11:10:00Z,21.49,0.049,0.04201,-29.53
2026-05-25T11:20:00Z,21.54,0.19404,0.04012,-31.49
2026-05-25T11:30:00Z,20.81,0.0994,0.07859,-33.42
2026-05-25T11:40:00Z,17.84,0.07688,1.21162,-35.33
2026-05-25T11:50:00Z,15.98,0.10658,6.71994,-37.21
2026-05-25T12:00:00Z,13.75,0.56113,52.40414,-39.06
2026-05-26T02:30:00Z,9.44,0.01352,2775.65588,50.54
2026-05-26T02:40:00Z,11.48,0.02521,423.99977,51.17
2026-05-26T02:50:00Z,13.94,0.00002,43.99118,51.67
2026-05-26T03:00:00Z,16.3,0.00578,5.00456,52.03
2026-05-26T03:10:00Z,17.85,0.00544,1.20051,52.24
2026-05-26T03:20:00Z,18.57,0.00072,0.61854,52.32
2026-05-26T03:30:00Z,18.8,0.00004,0.50046,52.24
2026-05-26T03:40:00Z,18.87,0.00001,0.46921,52.02
2026-05-26T03:50:00Z,18.9,0.00001,0.45642,51.66
2026-05-26T04:00:00Z,18.92,0.00001,0.44809,51.16
2026-05-26T04:10:00Z,18.94,0.00002,0.43991,50.53
2026-05-26T04:20:00Z,18.97,0.00001,0.42792,49.77
2026-05-26T04:30:00Z,19.02,0.00001,0.40866,48.89
2026-05-26T04:40:00Z,19.07,0.00001,0.39027,47.9
2026-05-26T04:50:00Z,19.12,0.00004,0.37271,46.8
2026-05-26T05:00:00Z,19.18,0.00008,0.35267,45.61
2026-05-26T05:10:00Z,19.25,0.00008,0.33065,44.33
2026-05-26T05:20:00Z,19.3,0.00032,0.31577,42.96
2026-05-26T05:30:00Z,19.37,0.00001,0.29605,41.53
2026-05-26T05:40:00Z,19.5,0.00004,0.26264,40.02
2026-05-26T05:50:00Z,19.61,0.00001,0.23734,38.46
2026-05-26T06:00:00Z,19.7,0.00083,0.21846,36.84
2026-05-26T06:10:00Z,19.8,0.00092,0.19923,35.17
2026-05-26T06:20:00Z,19.9,0.00021,0.1817,33.45
2026-05-26T06:30:00Z,20,0.00019,0.16572,31.7
2026-05-26T06:40:00Z,20.09,0.00019,0.15253,29.9
2026-05-26T06:50:00Z,20.18,0.00012,0.1404,28.08
2026-05-26T07:00:00Z,20.27,0.00006,0.12923,26.22
2026-05-26T07:10:00Z,20.37,0.00014,0.11786,24.33
2026-05-26T07:20:00Z,20.46,0.00034,0.10848,22.43
2026-05-26T07:30:00Z,20.55,0.00035,0.09985,20.49
2026-05-26T07:40:00Z,20.63,0.00049,0.09276,18.54
2026-05-26T07:50:00Z,20.71,0.00076,0.08617,16.57
2026-05-26T08:00:00Z,20.8,0.00065,0.07932,14.59
2026-05-26T08:10:00Z,20.87,0.00046,0.07436,12.59
2026-05-26T08:20:00Z,20.93,0.00135,0.07037,10.58
2026-05-26T08:30:00Z,21.01,0.00535,0.06537,8.55
2026-05-26T08:40:00Z,21.1,0.00004,0.06017,6.52
2026-05-26T08:50:00Z,21.21,0.00001,0.05437,4.48
2026-05-26T09:00:00Z,21.35,0.00001,0.04779,2.43
2026-05-26T09:10:00Z,21.54,0.00001,0.04012,0.37
2026-05-26T09:20:00Z,21.77,0.00002,0.03246,-1.69
2026-05-26T09:30:00Z,21.93,0.00001,0.02801,-3.76
2026-05-26T09:40:00Z,21.95,0.00061,0.0275,-5.83
2026-05-26T09:50:00Z,21.92,0.00025,0.02827,-7.9
2026-05-26T10:00:00Z,21.89,0.0004,0.02906,-9.97
2026-05-26T10:10:00Z,21.86,0.00013,0.02988,-12.04
2026-05-26T10:20:00Z,21.85,0.00001,0.03016,-14.12
2026-05-26T10:30:00Z,21.83,0.00002,0.03072,-16.19
2026-05-26T10:40:00Z,21.83,0.00004,0.03072,-18.26
2026-05-26T10:50:00Z,21.79,0.00005,0.03187,-20.32
2026-05-26T11:00:00Z,21.69,0.00018,0.03494,-22.38
2026-05-26T11:10:00Z,21.36,0.00002,0.04735,-24.44
2026-05-26T11:20:00Z,20.47,0.00145,0.10749,-26.49
2026-05-26T11:30:00Z,19.05,0.00545,0.39753,-28.53
2026-05-26T11:40:00Z,17.31,0.00005,1.97408,-30.56
2026-05-26T11:50:00Z,14.98,0.0022,16.87973,-32.58
2026-05-26T12:00:00Z,12.51,0.00364,164.19715,-34.59
2026-05-27T02:30:00Z,9.52,0.008,2578.49101,41.44
2026-05-27T02:40:00Z,11.53,0.02664,404.91664,42.43
2026-05-27T02:50:00Z,13.92,0.0005,44.80904,43.33
2026-05-27T03:00:00Z,16.29,0.00545,5.05086,44.13
2026-05-27T03:10:00Z,17.91,0.00512,1.13597,44.82
2026-05-27T03:20:00Z,18.68,0.00128,0.55894,45.39
2026-05-27T03:30:00Z,18.93,0.00008,0.44398,45.85
2026-05-27T03:40:00Z,18.98,0.00001,0.424,46.19
2026-05-27T03:50:00Z,18.99,0.00002,0.42011,46.4
2026-05-27T04:00:00Z,19,0.00002,0.41626,46.48
2026-05-27T04:10:00Z,19,0.00001,0.41626,46.44
2026-05-27T04:20:00Z,19.01,0.00001,0.41244,46.27
2026-05-27T04:30:00Z,19.01,0.00002,0.41244,45.97
2026-05-27T04:40:00Z,18.99,0.00004,0.42011,45.55
2026-05-27T04:50:00Z,18.96,0.00001,0.43188,45.02
2026-05-27T05:00:00Z,18.94,0.00005,0.43991,44.36
2026-05-27T05:10:00Z,18.96,0.00001,0.43188,43.6
2026-05-27T05:20:00Z,19.02,0.00001,0.40866,42.73
2026-05-27T05:30:00Z,19.09,0.00005,0.38315,41.76
2026-05-27T05:40:00Z,19.16,0.00005,0.35922,40.7
2026-05-27T05:50:00Z,19.23,0.00013,0.33679,39.56
2026-05-27T06:00:00Z,19.27,0.00238,0.32461,38.33
2026-05-27T06:10:00Z,19.31,0.00351,0.31287,37.03
2026-05-27T06:20:00Z,19.4,0.00751,0.28798,35.65
2026-05-27T06:30:00Z,19.5,0.00962,0.26264,34.22
2026-05-27T06:40:00Z,19.58,0.00679,0.24399,32.72
2026-05-27T06:50:00Z,19.71,0.00223,0.21645,31.17
2026-05-27T07:00:00Z,19.83,0.00211,0.19381,29.57
2026-05-27T07:10:00Z,19.96,0.00357,0.17194,27.93
2026-05-27T07:20:00Z,20.05,0.00538,0.15826,26.24
2026-05-27T07:30:00Z,20.13,0.00377,0.14702,24.51
2026-05-27T07:40:00Z,20.21,0.00161,0.13657,22.75
2026-05-27T07:50:00Z,20.29,0.00015,0.12687,20.96
2026-05-27T08:00:00Z,20.37,0.00015,0.11786,19.14
2026-05-27T08:10:00Z,20.46,0.00012,0.10848,17.29
2026-05-27T08:20:00Z,20.55,0.00026,0.09985,15.41
2026-05-27T08:30:00Z,20.63,0.00035,0.09276,13.52
2026-05-27T08:40:00Z,20.71,0.00001,0.08617,11.6
2026-05-27T08:50:00Z,20.78,0.00001,0.08079,9.66
2026-05-27T09:00:00Z,20.86,0.00001,0.07505,7.71
2026-05-27T09:10:00Z,20.94,0.00002,0.06972,5.74
2026-05-27T09:20:00Z,21.07,0.00001,0.06185,3.76
2026-05-27T09:30:00Z,21.25,0.00012,0.0524,1.77
2026-05-27T09:40:00Z,21.51,0.00001,0.04124,-0.24
2026-05-27T09:50:00Z,21.75,0.00004,0.03306,-2.25
2026-05-27T10:00:00Z,21.88,0.0005,0.02933,-4.28
2026-05-27T10:10:00Z,21.91,0.00041,0.02853,-6.31
2026-05-27T10:20:00Z,21.9,0.00001,0.0288,-8.35
2026-05-27T10:30:00Z,21.88,0.00018,0.02933,-10.4
2026-05-27T10:40:00Z,21.86,0.00005,0.02988,-12.45
2026-05-27T10:50:00Z,21.82,0.00001,0.031,-14.5
2026-05-27T11:00:00Z,21.72,0.00002,0.03399,-16.56
2026-05-27T11:10:00Z,21.35,0.00008,0.04779,-18.62
2026-05-27T11:20:00Z,20.43,0.0022,0.11152,-20.68
2026-05-27T11:30:00Z,18.97,0.00392,0.42792,-22.75
2026-05-27T11:40:00Z,17.17,0.00001,2.24577,-24.81
2026-05-27T11:50:00Z,14.84,0.002,19.20285,-26.87
2026-05-27T12:00:00Z,12.31,0.00181,197.4084,-28.93
2026-05-28T02:30:00Z,9.22,0.00968,3399.11315,31.83
2026-05-28T02:40:00Z,11.19,0.02244,553.81616,33.07
2026-05-28T02:50:00Z,13.61,0.00072,59.61638,34.24
2026-05-28T03:00:00Z,16.04,0.00098,6.35866,35.34
2026-05-28T03:10:00Z,17.81,0.00613,1.24556,36.35
2026-05-28T03:20:00Z,18.8,0.0022,0.50046,37.29
2026-05-28T03:30:00Z,19.15,0.00024,0.36255,38.13
2026-05-28T03:40:00Z,19.21,0.00001,0.34306,38.87
2026-05-28T03:50:00Z,19.19,0.00128,0.34943,39.52
2026-05-28T04:00:00Z,19.16,0.01922,0.35922,40.07
2026-05-28T04:10:00Z,19.12,0.05408,0.37271,40.51
2026-05-28T04:20:00Z,18.91,0.04704,0.45224,40.84
2026-05-28T04:30:00Z,19.15,0.00098,0.36255,41.06
2026-05-28T04:40:00Z,18.8,0.0125,0.50046,41.17
2026-05-28T04:50:00Z,18.83,0.00242,0.48682,41.16
2026-05-28T05:00:00Z,19.1,0.00005,0.37963,41.04
2026-05-28T05:10:00Z,19.11,0.00004,0.37615,40.81
2026-05-28T05:20:00Z,19.08,0.00001,0.38669,40.47
2026-05-28T05:30:00Z,19.04,0.00098,0.4012,40.02
2026-05-28T05:40:00Z,19.02,0.00338,0.40866,39.46
2026-05-28T05:50:00Z,19.03,0.00001,0.40492,38.8
2026-05-28T06:00:00Z,18.93,0.03873,0.44398,38.05
2026-05-28T06:10:00Z,18.98,0.07958,0.424,37.2
2026-05-28T06:20:00Z,19.17,0.10888,0.35593,36.26
2026-05-28T06:30:00Z,19.13,0.10574,0.36929,35.23
2026-05-28T06:40:00Z,18.83,0.12262,0.48682,34.13
2026-05-28T06:50:00Z,18.77,0.08242,0.51448,32.95
2026-05-28T07:00:00Z,18.84,0.08854,0.48235,31.7
2026-05-28T07:10:00Z,18.62,0.09451,0.5907,30.38
2026-05-28T07:20:00Z,18.69,0.22256,0.55382,29.01
2026-05-28T07:30:00Z,18.77,0.21743,0.51448,27.58
2026-05-28T07:40:00Z,18.77,0.24074,0.51448,26.09
2026-05-28T07:50:00Z,19.28,0.10556,0.32164,24.56
2026-05-28T08:00:00Z,19.25,0.29745,0.33065,22.98
2026-05-28T08:10:00Z,19.59,0.57979,0.24175,21.36
2026-05-28T08:20:00Z,19.75,0.60188,0.20862,19.69
2026-05-28T08:30:00Z,19.3,0.42882,0.31577,18
2026-05-28T08:40:00Z,19.1,0.00925,0.37963,16.27
2026-05-28T08:50:00Z,19.15,0.03698,0.36255,14.51
2026-05-28T09:00:00Z,19.67,0.00001,0.22458,12.72
2026-05-28T09:10:00Z,19.62,0.00242,0.23516,10.9
2026-05-28T09:20:00Z,19.68,0.05408,0.22252,9.06
2026-05-28T09:30:00Z,19.96,0.02312,0.17194,7.2
2026-05-28T09:40:00Z,20.31,0.0006,0.12456,5.32
2026-05-28T09:50:00Z,20.59,0.00113,0.09624,3.42
2026-05-28T10:00:00Z,20.78,0.00098,0.08079,1.5
2026-05-28T10:10:00Z,21.33,0.00002,0.04868,-0.43
2026-05-28T10:20:00Z,21.6,0.01013,0.03796,-2.38
2026-05-28T10:30:00Z,21.74,0.02048,0.03337,-4.34
2026-05-28T10:40:00Z,21.78,0.00112,0.03216,-6.32
2026-05-28T10:50:00Z,21.76,0.00005,0.03276,-8.3
2026-05-28T11:00:00Z,21.67,0.00008,0.03559,-10.3
2026-05-28T11:10:00Z,21.25,0.00001,0.0524,-12.3
2026-05-28T11:20:00Z,20.32,0.00338,0.12341,-14.32
2026-05-28T11:30:00Z,18.87,0.00162,0.46921,-16.34
2026-05-28T11:40:00Z,16.92,0.00001,2.82726,-18.36
2026-05-28T11:50:00Z,14.46,0.00002,27.24994,-20.4
2026-05-28T12:00:00Z,12.29,0.00001,201.07849,-22.44
2026-05-29T02:30:00Z,9.04,0.01861,4012.04339,22.03
2026-05-29T02:40:00Z,10.84,0.0328,764.47911,23.45
2026-05-29T02:50:00Z,13.3,0.00024,79.31688,24.82
2026-05-29T03:00:00Z,15.81,0.00392,7.85897,26.14
2026-05-29T03:10:00Z,17.56,0.10804,1.56807,27.39
2026-05-29T03:20:00Z,18.48,0.05,0.67199,28.58
2026-05-29T03:30:00Z,18.29,0.06385,0.80051,29.7
2026-05-29T03:40:00Z,18.46,0.01405,0.68449,30.75
2026-05-29T03:50:00Z,17.99,0.0006,1.05527,31.73
2026-05-29T04:00:00Z,18.01,0.0076,1.03601,32.63
2026-05-29T04:10:00Z,17.99,0.00113,1.05527,33.45
2026-05-29T04:20:00Z,17.82,0.03528,1.23414,34.18
2026-05-29T04:30:00Z,17.89,0.00722,1.15709,34.81
2026-05-29T04:40:00Z,18.35,0.0076,0.75747,35.36
2026-05-29T04:50:00Z,18.36,0.00924,0.75053,35.81
2026-05-29T05:00:00Z,18.3,0.00013,0.79317,36.16
2026-05-29T05:10:00Z,18.56,0.01458,0.62426,36.41
2026-05-29T05:20:00Z,18.71,0.02178,0.54371,36.56
2026-05-29T05:30:00Z,18.7,0.0022,0.54874,36.61
2026-05-29T05:40:00Z,19.07,0.00882,0.39027,36.55
2026-05-29T05:50:00Z,19.16,0.01513,0.35922,36.39
2026-05-29T06:00:00Z,19.18,0.83867,0.35267,36.13
2026-05-29T06:10:00Z,18.71,0.63135,0.54371,35.77
2026-05-29T06:20:00Z,18.3,0.28052,0.79317,35.31
2026-05-29T06:30:00Z,18,0.34337,1.0456,34.75
2026-05-29T06:40:00Z,18.04,1.0248,1.00778,34.1
2026-05-29T06:50:00Z,18.05,0.69142,0.99854,33.36
2026-05-29T07:00:00Z,18.05,0.68486,0.99854,32.54
2026-05-29T07:10:00Z,18.71,0.39749,0.54371,31.63
2026-05-29T07:20:00Z,18.59,0.28321,0.60725,30.65
2026-05-29T07:30:00Z,19.36,0.26237,0.29879,29.59
2026-05-29T07:40:00Z,19.45,0.35304,0.27502,28.46
2026-05-29T07:50:00Z,19.59,0.25126,0.24175,27.26
2026-05-29T08:00:00Z,19.67,0.27285,0.22458,26
2026-05-29T08:10:00Z,19.73,0.06662,0.2125,24.69
2026-05-29T08:20:00Z,19.86,0.06043,0.18852,23.31
2026-05-29T08:30:00Z,19.94,0.05242,0.17513,21.89
2026-05-29T08:40:00Z,19.71,0.00072,0.21645,20.42
2026-05-29T08:50:00Z,19.98,0.00338,0.1688,18.9
2026-05-29T09:00:00Z,19.95,0.03281,0.17353,17.34
2026-05-29T09:10:00Z,19.65,0.032,0.22875,15.74
2026-05-29T09:20:00Z,20.22,0.00005,0.13532,14.11
2026-05-29T09:30:00Z,20.27,0.06498,0.12923,12.44
2026-05-29T09:40:00Z,20.33,0.0966,0.12228,10.74
2026-05-29T09:50:00Z,20.4,0.01404,0.11465,9.01
2026-05-29T10:00:00Z,20.47,0.00001,0.10749,7.26
2026-05-29T10:10:00Z,20.6,0.00001,0.09536,5.47
2026-05-29T10:20:00Z,20.78,0.00018,0.08079,3.67
2026-05-29T10:30:00Z,20.93,0.00001,0.07037,1.84
2026-05-29T10:40:00Z,21.16,0.00032,0.05693,-0.01
2026-05-29T10:50:00Z,21.43,0.00061,0.0444,-1.87
2026-05-29T11:00:00Z,21.58,0.00008,0.03867,-3.76
2026-05-29T11:10:00Z,21.27,0.00128,0.05145,-5.66
2026-05-29T11:20:00Z,20.26,0.00578,0.13043,-7.57
2026-05-29T11:30:00Z,18.75,0.00288,0.52404,-9.5
2026-05-29T11:40:00Z,16.91,0.002,2.85342,-11.45
2026-05-29T11:50:00Z,14.55,0.00144,25.0822,-13.4
2026-05-29T12:00:00Z,12.06,0.00181,248.52245,-15.37
2026-05-30T02:30:00Z,9,0.01013,4162.60903,12.21
2026-05-30T02:40:00Z,10.9,0.0125,723.37854,13.77
2026-05-30T02:50:00Z,13.28,0.0018,80.79149,15.29
2026-05-30T03:00:00Z,15.69,0.00002,8.77739,16.77
2026-05-30T03:10:00Z,17.63,0.0022,1.47016,18.2
2026-05-30T03:20:00Z,18.91,0.00512,0.45224,19.59
2026-05-30T03:30:00Z,19.51,0.00072,0.26023,20.93
2026-05-30T03:40:00Z,19.64,0.00004,0.23087,22.22
2026-05-30T03:50:00Z,19.62,0.00001,0.23516,23.45
2026-05-30T04:00:00Z,19.57,0.00001,0.24624,24.62
2026-05-30T04:10:00Z,19.52,0.00001,0.25785,25.73
2026-05-30T04:20:00Z,19.47,0.00001,0.27,26.77
2026-05-30T04:30:00Z,19.43,0.00001,0.28013,27.74
2026-05-30T04:40:00Z,19.39,0.00001,0.29065,28.64
2026-05-30T04:50:00Z,19.35,0.00001,0.30155,29.46
2026-05-30T05:00:00Z,19.32,0.00005,0.31,30.21
2026-05-30T05:10:00Z,19.29,0.00005,0.31869,30.87
2026-05-30T05:20:00Z,19.25,0.00002,0.33065,31.44
2026-05-30T05:30:00Z,19.23,0.00001,0.33679,31.93
2026-05-30T05:40:00Z,19.2,0.00001,0.34623,32.32
2026-05-30T05:50:00Z,19.18,0.00002,0.35267,32.63
2026-05-30T06:00:00Z,19.16,0.00029,0.35922,32.84
2026-05-30T06:10:00Z,19.15,0.00033,0.36255,32.95
2026-05-30T06:20:00Z,19.13,0.00033,0.36929,32.97
2026-05-30T06:30:00Z,19.12,0.00079,0.37271,32.89
2026-05-30T06:40:00Z,19.11,0.00119,0.37615,32.72
2026-05-30T06:50:00Z,19.11,0.00136,0.37615,32.46
2026-05-30T07:00:00Z,19.12,0.00148,0.37271,32.1
2026-05-30T07:10:00Z,19.13,0.0028,0.36929,31.65
2026-05-30T07:20:00Z,19.14,0.00311,0.3659,31.11
2026-05-30T07:30:00Z,19.17,0.00326,0.35593,30.48
2026-05-30T07:40:00Z,19.22,0.00277,0.33991,29.77
2026-05-30T07:50:00Z,19.26,0.00124,0.32762,28.98
2026-05-30T08:00:00Z,19.31,0.00019,0.31287,28.11
2026-05-30T08:10:00Z,19.36,0.00006,0.29879,27.17
2026-05-30T08:20:00Z,19.4,0.00013,0.28798,26.16
2026-05-30T08:30:00Z,19.45,0.00032,0.27502,25.07
2026-05-30T08:40:00Z,19.49,0.00002,0.26507,23.93
2026-05-30T08:50:00Z,19.55,0.00002,0.25082,22.73
2026-05-30T09:00:00Z,19.61,0.00005,0.23734,21.46
2026-05-30T09:10:00Z,19.67,0.00002,0.22458,20.15
2026-05-30T09:20:00Z,19.73,0.00001,0.2125,18.78
2026-05-30T09:30:00Z,19.8,0.00001,0.19923,17.37
2026-05-30T09:40:00Z,19.87,0.00001,0.1868,15.91
2026-05-30T09:50:00Z,19.93,0.00001,0.17675,14.41
2026-05-30T10:00:00Z,19.99,0.00001,0.16725,12.87
2026-05-30T10:10:00Z,20.1,0.00001,0.15114,11.29
2026-05-30T10:20:00Z,20.22,0.00013,0.13532,9.68
2026-05-30T10:30:00Z,20.29,0.00008,0.12687,8.03
2026-05-30T10:40:00Z,20.36,0.00018,0.11895,6.36
2026-05-30T10:50:00Z,20.45,0.00012,0.10949,4.65
2026-05-30T11:00:00Z,20.55,0.00002,0.09985,2.92
2026-05-30T11:10:00Z,20.51,0.00001,0.1036,1.17
2026-05-30T11:20:00Z,19.89,0.00113,0.18339,-0.61
2026-05-30T11:30:00Z,18.5,0.00968,0.65973,-2.4
2026-05-30T11:40:00Z,16.64,0.0018,3.65903,-4.22
2026-05-30T11:50:00Z,14.34,0.0045,30.43446,-6.06
2026-05-30T12:00:00Z,11.86,0.00004,298.7897,-7.92
2026-05-31T02:30:00Z,8.87,0.0125,4692.08231,2.44
2026-05-31T02:40:00Z,10.68,0.01152,885.86108,4.11
2026-05-31T02:50:00Z,13.05,0.002,99.85404,5.76
2026-05-31T03:00:00Z,15.48,0.00008,10.65039,7.38
2026-05-31T03:10:00Z,17.49,0.00085,1.6725,8.96
2026-05-31T03:20:00Z,18.88,0.00544,0.46491,10.51
2026-05-31T03:30:00Z,19.61,0.00144,0.23734,12.02
2026-05-31T03:40:00Z,19.81,0.00001,0.19741,13.49
2026-05-31T03:50:00Z,19.81,0.00005,0.19741,14.93
2026-05-31T04:00:00Z,19.78,0.00001,0.20294,16.31
2026-05-31T04:10:00Z,19.72,0.00002,0.21447,17.66
2026-05-31T04:20:00Z,19.66,0.00001,0.22666,18.95
2026-05-31T04:30:00Z,19.59,0.00001,0.24175,20.19
2026-05-31T04:40:00Z,19.53,0.00001,0.25549,21.37
2026-05-31T04:50:00Z,19.47,0.00001,0.27,22.49
2026-05-31T05:00:00Z,19.41,0.00002,0.28534,23.56
2026-05-31T05:10:00Z,19.36,0.00005,0.29879,24.56
2026-05-31T05:20:00Z,19.31,0.00002,0.31287,25.49
2026-05-31T05:30:00Z,19.28,0.00001,0.32164,26.35
2026-05-31T05:40:00Z,19.24,0.00002,0.33371,27.13
2026-05-31T05:50:00Z,19.21,0.00002,0.34306,27.84
2026-05-31T06:00:00Z,19.19,0.00037,0.34943,28.47
2026-05-31T06:10:00Z,19.16,0.00035,0.35922,29.02
2026-05-31T06:20:00Z,19.14,0.00011,0.3659,29.49
2026-05-31T06:30:00Z,19.12,0.0004,0.37271,29.86
2026-05-31T06:40:00Z,19.1,0.00061,0.37963,30.15
2026-05-31T06:50:00Z,19.08,0.00046,0.38669,30.35
2026-05-31T07:00:00Z,19.08,0.00052,0.38669,30.46
2026-05-31T07:10:00Z,19.07,0.00071,0.39027,30.48
2026-05-31T07:20:00Z,19.06,0.00054,0.39388,30.41
2026-05-31T07:30:00Z,19.06,0.00047,0.39388,30.24
2026-05-31T07:40:00Z,19.07,0.00087,0.39027,29.99
2026-05-31T07:50:00Z,19.07,0.00087,0.39027,29.65
2026-05-31T08:00:00Z,19.08,0.0014,0.38669,29.22
2026-05-31T08:10:00Z,19.1,0.00165,0.37963,28.71
2026-05-31T08:20:00Z,19.12,0.00181,0.37271,28.11
2026-05-31T08:30:00Z,19.16,0.00089,0.35922,27.44
2026-05-31T08:40:00Z,19.19,0.00002,0.34943,26.68
2026-05-31T08:50:00Z,19.23,0.00004,0.33679,25.85
2026-05-31T09:00:00Z,19.26,0.00002,0.32762,24.95
2026-05-31T09:10:00Z,19.31,0.00002,0.31287,23.98
2026-05-31T09:20:00Z,19.35,0.00004,0.30155,22.94
2026-05-31T09:30:00Z,19.39,0.00004,0.29065,21.84
2026-05-31T09:40:00Z,19.45,0.00001,0.27502,20.69
2026-05-31T09:50:00Z,19.51,0.00002,0.26023,19.47
2026-05-31T10:00:00Z,19.57,0.00002,0.24624,18.2
2026-05-31T10:10:00Z,19.64,0.00001,0.23087,16.88
2026-05-31T10:20:00Z,19.7,0.00001,0.21846,15.52
2026-05-31T10:30:00Z,19.84,0.00002,0.19203,14.1
2026-05-31T10:40:00Z,20.01,0.00041,0.1642,12.65
2026-05-31T10:50:00Z,20.04,0.00012,0.15972,11.16
2026-05-31T11:00:00Z,20.06,0.00145,0.15681,9.62
2026-05-31T11:10:00Z,19.95,0.00085,0.17353,8.06
2026-05-31T11:20:00Z,19.42,0.00072,0.28273,6.46
2026-05-31T11:30:00Z,18.16,0.00421,0.90233,4.83
2026-05-31T11:40:00Z,16.37,0.0048,4.69208,3.17
2026-05-31T11:50:00Z,14.11,0.002,37.61539,1.48
2026-05-31T12:00:00Z,11.68,0.00018,352.66765,-0.23
2026-06-01T02:30:00Z,8.76,0.01201,5192.36988,-7.21
2026-06-01T02:40:00Z,10.52,0.01012,1026.51576,-5.44
2026-06-01T02:50:00Z,12.86,0.00018,118.95032,-3.68
2026-06-01T03:00:00Z,15.29,0.00041,12.6872,-1.95
2026-06-01T03:10:00Z,17.36,0.0022,1.88524,-0.24
2026-06-01T03:20:00Z,19.01,0.0042,0.41244,1.44
2026-06-01T03:30:00Z,20.15,0.0045,0.14433,3.1
2026-06-01T03:40:00Z,20.57,0.00061,0.09803,4.73
2026-06-01T03:50:00Z,20.56,0.0005,0.09894,6.33
2026-06-01T04:00:00Z,20.42,0.00024,0.11256,7.89
2026-06-01T04:10:00Z,20.26,0.00001,0.13043,9.43
2026-06-01T04:20:00Z,20.18,0.00002,0.1404,10.92
2026-06-01T04:30:00Z,20.11,0.00001,0.14975,12.38
2026-06-01T04:40:00Z,20.06,0.00002,0.15681,13.79
2026-06-01T04:50:00Z,20.01,0.00001,0.1642,15.17
2026-06-01T05:00:00Z,19.97,0.00001,0.17036,16.49
2026-06-01T05:10:00Z,19.92,0.00001,0.17839,17.77
2026-06-01T05:20:00Z,19.86,0.00001,0.18852,19
2026-06-01T05:30:00Z,19.8,0.00001,0.19923,20.17
2026-06-01T05:40:00Z,19.74,0.00001,0.21056,21.28
2026-06-01T05:50:00Z,19.68,0.00002,0.22252,22.34
2026-06-01T06:00:00Z,19.63,0.00066,0.23301,23.33
2026-06-01T06:10:00Z,19.59,0.00087,0.24175,24.25
2026-06-01T06:20:00Z,19.54,0.00087,0.25314,25.1
2026-06-01T06:30:00Z,19.5,0.00097,0.26264,25.89
2026-06-01T06:40:00Z,19.47,0.00115,0.27,26.59
2026-06-01T06:50:00Z,19.44,0.00111,0.27757,27.22
2026-06-01T07:00:00Z,19.42,0.00105,0.28273,27.77
2026-06-01T07:10:00Z,19.4,0.00067,0.28798,28.24
2026-06-01T07:20:00Z,19.38,0.00046,0.29334,28.63
2026-06-01T07:30:00Z,19.38,0.0004,0.29334,28.92
2026-06-01T07:40:00Z,19.36,0.00049,0.29879,29.14
2026-06-01T07:50:00Z,19.35,0.00032,0.30155,29.26
2026-06-01T08:00:00Z,19.35,0.0004,0.30155,29.29
2026-06-01T08:10:00Z,19.35,0.00049,0.30155,29.24
2026-06-01T08:20:00Z,19.34,0.00053,0.30434,29.1
2026-06-01T08:30:00Z,19.35,0.00059,0.30155,28.87
2026-06-01T08:40:00Z,19.35,0.00005,0.30155,28.55
2026-06-01T08:50:00Z,19.37,0.00005,0.29605,28.15
2026-06-01T09:00:00Z,19.38,0.00005,0.29334,27.66
2026-06-01T09:10:00Z,19.4,0.00004,0.28798,27.09
2026-06-01T09:20:00Z,19.43,0.00002,0.28013,26.45
2026-06-01T09:30:00Z,19.45,0.00001,0.27502,25.72
2026-06-01T09:40:00Z,19.48,0.00002,0.26753,24.93
2026-06-01T09:50:00Z,19.51,0.00002,0.26023,24.06
2026-06-01T10:00:00Z,19.54,0.00001,0.25314,23.12
2026-06-01T10:10:00Z,19.59,0.00001,0.24175,22.11
2026-06-01T10:20:00Z,19.64,0.00002,0.23087,21.05
2026-06-01T10:30:00Z,19.69,0.00002,0.22048,19.92
2026-06-01T10:40:00Z,19.74,0.00001,0.21056,18.74
2026-06-01T10:50:00Z,19.79,0.00001,0.20108,17.5
2026-06-01T11:00:00Z,19.82,0.00001,0.1956,16.21
2026-06-01T11:10:00Z,19.72,0.00002,0.21447,14.88
2026-06-01T11:20:00Z,19.28,0.0006,0.32164,13.5
2026-06-01T11:30:00Z,18.07,0.00221,0.98031,12.07
2026-06-01T11:40:00Z,16.29,0.00924,5.05086,10.61
2026-06-01T11:50:00Z,14.03,0.002,40.49166,9.1
2026-06-01T12:00:00Z,11.6,0.0004,379.63446,7.56
2026-06-02T02:40:00Z,10.22,0.00085,1353.21132,-14.82
2026-06-02T02:50:00Z,12.63,0.01405,147.01635,-12.97
2026-06-02T03:00:00Z,14.91,0.00313,18.00386,-11.14
2026-06-02T03:10:00Z,17.19,0.00162,2.20478,-9.32
2026-06-02T03:20:00Z,18.94,0.002,0.43991,-7.52
2026-06-02T03:30:00Z,20.41,0.00648,0.1136,-5.74
2026-06-02T03:40:00Z,21.42,0.00084,0.04481,-3.98
2026-06-02T03:50:00Z,21.77,0.0238,0.03246,-2.24
2026-06-02T04:00:00Z,21.82,0.0238,0.031,-0.52
2026-06-02T04:10:00Z,21.44,0.00025,0.04399,1.17
2026-06-02T04:20:00Z,21.32,0.12324,0.04913,2.84
2026-06-02T04:30:00Z,20.77,0.09384,0.08154,4.48
2026-06-02T04:40:00Z,19.86,0.04232,0.18852,6.09
2026-06-02T04:50:00Z,20.16,0.2,0.14301,7.66
2026-06-02T05:00:00Z,20.3,0.02664,0.12571,9.21
2026-06-02T05:10:00Z,19.36,0.00392,0.29879,10.71
2026-06-02T05:20:00Z,19.34,0.00365,0.30434,12.18
2026-06-02T05:30:00Z,19.51,0.01201,0.26023,13.61
2026-06-02T05:40:00Z,19.59,0.01104,0.24175,15
2026-06-02T05:50:00Z,19.85,0.00265,0.19027,16.34
2026-06-02T06:00:00Z,19.8,0.00338,0.19923,17.63
2026-06-02T06:10:00Z,19.91,0.39189,0.18004,18.87
2026-06-02T06:20:00Z,19.95,0.32983,0.17353,20.06
2026-06-02T06:30:00Z,19.66,0.28985,0.22666,21.19
2026-06-02T06:40:00Z,19.24,0.30867,0.33371,22.26
2026-06-02T06:50:00Z,19.74,0.31776,0.21056,23.27
2026-06-02T07:00:00Z,19.78,0.35758,0.20294,24.22
2026-06-02T07:10:00Z,19.75,0.28805,0.20862,25.09
2026-06-02T07:20:00Z,19.74,0.28449,0.21056,25.89
2026-06-02T07:30:00Z,19.36,0.09855,0.29879,26.62
2026-06-02T07:40:00Z,19.54,0.10351,0.25314,27.27
2026-06-02T07:50:00Z,19.63,0.09714,0.23301,27.85
2026-06-02T08:00:00Z,19.61,0.07919,0.23734,28.34
2026-06-02T08:10:00Z,19.59,0.07966,0.24175,28.74
2026-06-02T08:20:00Z,19.57,0.04254,0.24624,29.06
2026-06-02T08:30:00Z,19.59,0.04379,0.24175,29.3
2026-06-02T08:40:00Z,19.37,0.00008,0.29605,29.44
2026-06-02T08:50:00Z,19.33,0.00392,0.30716,29.5
2026-06-02T09:00:00Z,19.52,0.00882,0.25785,29.47
2026-06-02T09:10:00Z,19.53,0.00013,0.25549,29.34
2026-06-02T09:20:00Z,19.53,0.00841,0.25549,29.13
2026-06-02T09:30:00Z,19.53,0.00145,0.25549,28.84
2026-06-02T09:40:00Z,19.55,0.00001,0.25082,28.45
2026-06-02T09:50:00Z,19.56,0.00002,0.24852,27.99
2026-06-02T10:00:00Z,19.59,0.00004,0.24175,27.44
2026-06-02T10:10:00Z,19.61,0.00004,0.23734,26.8
2026-06-02T10:20:00Z,19.64,0.00004,0.23087,26.1
2026-06-02T10:30:00Z,19.67,0.00002,0.22458,25.31
2026-06-02T10:40:00Z,19.71,0.00001,0.21645,24.46
2026-06-02T10:50:00Z,19.74,0.00001,0.21056,23.53
2026-06-02T11:00:00Z,19.76,0.00002,0.20671,22.54
2026-06-02T11:10:00Z,19.69,0.00001,0.22048,21.48
2026-06-02T11:20:00Z,19.33,0.00032,0.30716,20.37
2026-06-02T11:30:00Z,18.35,0.002,0.75747,19.19
2026-06-02T11:40:00Z,16.65,0.00544,3.62548,17.96
2026-06-02T11:50:00Z,14.27,0.0005,32.46128,16.68
2026-06-02T12:00:00Z,11.82,0.00008,310.0028,15.35
2026-06-03T02:40:00Z,10.37,0.00882,1178.59779,-23.96
2026-06-03T02:50:00Z,12.69,0.002,139.11233,-22.02
2026-06-03T03:00:00Z,15.17,0.00085,14.16986,-20.1
2026-06-03T03:10:00Z,17.39,0.00098,1.83386,-18.19
2026-06-03T03:20:00Z,19.15,0.00008,0.36255,-16.28
2026-06-03T03:30:00Z,20.58,0.002,0.09713,-14.4
2026-06-03T03:40:00Z,21.54,0.00181,0.04012,-12.52
2026-06-03T03:50:00Z,21.99,0.0005,0.02651,-10.66
2026-06-03T04:00:00Z,22.13,0.00008,0.0233,-8.82
2026-06-03T04:10:00Z,22.15,0.00025,0.02288,-6.99
2026-06-03T04:20:00Z,22.15,0.0006,0.02288,-5.18
2026-06-03T04:30:00Z,22.17,0.00013,0.02246,-3.39
2026-06-03T04:40:00Z,22.14,0.00072,0.02309,-1.63
2026-06-03T04:50:00Z,21.95,0.00012,0.0275,0.12
2026-06-03T05:00:00Z,21.65,0.00001,0.03625,1.84
2026-06-03T05:10:00Z,21.36,0.00032,0.04735,3.54
2026-06-03T05:20:00Z,21.13,0.0004,0.05853,5.21
2026-06-03T05:30:00Z,20.96,0.00481,0.06845,6.85
2026-06-03T05:40:00Z,20.77,0.03444,0.08154,8.46
2026-06-03T05:50:00Z,20.65,0.03872,0.09107,10.04
2026-06-03T06:00:00Z,20.29,0.0018,0.12687,11.58
2026-06-03T06:10:00Z,20.52,0.10052,0.10265,13.08
2026-06-03T06:20:00Z,20.46,0.07971,0.10848,14.55
2026-06-03T06:30:00Z,20.3,0.06583,0.12571,15.97
2026-06-03T06:40:00Z,20.24,0.05113,0.13285,17.35
2026-06-03T06:50:00Z,20.21,0.00923,0.13657,18.68
2026-06-03T07:00:00Z,20.15,0.00787,0.14433,19.96
2026-06-03T07:10:00Z,20.11,0.00049,0.14975,21.19
2026-06-03T07:20:00Z,20.05,0.00045,0.15826,22.35
2026-06-03T07:30:00Z,20.01,0.00049,0.1642,23.46
2026-06-03T07:40:00Z,19.98,0.0004,0.1688,24.51
2026-06-03T07:50:00Z,19.93,0.00054,0.17675,25.49
2026-06-03T08:00:00Z,19.89,0.00032,0.18339,26.4
2026-06-03T08:10:00Z,19.86,0.00059,0.18852,27.24
2026-06-03T08:20:00Z,19.83,0.00063,0.19381,28
2026-06-03T08:30:00Z,19.8,0.00001,0.19923,28.69
2026-06-03T08:40:00Z,19.78,0.00001,0.20294,29.29
2026-06-03T08:50:00Z,19.75,0.00001,0.20862,29.81
2026-06-03T09:00:00Z,19.73,0.00002,0.2125,30.24
2026-06-03T09:10:00Z,19.71,0.00002,0.21645,30.59
2026-06-03T09:20:00Z,19.69,0.00001,0.22048,30.84
2026-06-03T09:30:00Z,19.67,0.00001,0.22458,31.01
2026-06-03T09:40:00Z,19.66,0.00001,0.22666,31.08
2026-06-03T09:50:00Z,19.65,0.00001,0.22875,31.06
2026-06-03T10:00:00Z,19.65,0.00001,0.22875,30.95
2026-06-03T10:10:00Z,19.64,0.00001,0.23087,30.75
2026-06-03T10:20:00Z,19.64,0.00002,0.23087,30.45
2026-06-03T10:30:00Z,19.65,0.00002,0.22875,30.07
2026-06-03T10:40:00Z,19.66,0.00001,0.22666,29.6
2026-06-03T10:50:00Z,19.68,0.00001,0.22252,29.05
2026-06-03T11:00:00Z,19.69,0.00001,0.22048,28.41
2026-06-03T11:10:00Z,19.61,0.00002,0.23734,27.69
2026-06-03T11:20:00Z,19.24,0.00032,0.33371,26.9
2026-06-03T11:30:00Z,18.3,0.002,0.79317,26.03
2026-06-03T11:40:00Z,16.61,0.00392,3.76154,25.09
2026-06-03T11:50:00Z,14.24,0.00162,33.37072,24.08
2026-06-04T02:40:00Z,11.53,0.01012,404.91664,-32.73
2026-06-04T02:50:00Z,13.68,0.00221,55.89406,-30.72
2026-06-04T03:00:00Z,15.84,0.00338,7.64479,-28.72
2026-06-04T03:10:00Z,17.56,0.01152,1.56807,-26.73
2026-06-04T03:20:00Z,19.05,0.00392,0.39753,-24.75
2026-06-04T03:30:00Z,20.57,0.01458,0.09803,-22.77
2026-06-04T03:40:00Z,21.64,0.00025,0.03659,-20.8
2026-06-04T03:50:00Z,21.98,0.0005,0.02675,-18.85
2026-06-04T04:00:00Z,22.13,0.00001,0.0233,-16.9
2026-06-04T04:10:00Z,22.16,0.00001,0.02267,-14.96
2026-06-04T04:20:00Z,22.17,0.00004,0.02246,-13.04
2026-06-04T04:30:00Z,22.17,0.00005,0.02246,-11.12
2026-06-04T04:40:00Z,22.16,0.00001,0.02267,-9.23
2026-06-04T04:50:00Z,22.17,0.00004,0.02246,-7.34
2026-06-04T05:00:00Z,22.17,0.0005,0.02246,-5.48
2026-06-04T05:10:00Z,22.15,0.00004,0.02288,-3.63
2026-06-04T05:20:00Z,22.14,0.00013,0.02309,-1.79
2026-06-04T05:30:00Z,22.04,0.00112,0.02531,0.02
2026-06-04T05:40:00Z,21.82,0.00145,0.031,1.81
2026-06-04T05:50:00Z,21.43,0.00008,0.0444,3.58
2026-06-04T06:00:00Z,21.02,0.0004,0.06477,5.32
2026-06-04T06:10:00Z,20.76,0.17601,0.08229,7.04
2026-06-04T06:20:00Z,20.61,0.20385,0.09449,8.73
2026-06-04T06:30:00Z,20.48,0.09953,0.1065,10.39
2026-06-04T06:40:00Z,20.48,0.03953,0.1065,12.01
2026-06-04T06:50:00Z,20.33,0.04467,0.12228,13.61
2026-06-04T07:00:00Z,20.03,0.0584,0.1612,15.16
2026-06-04T07:10:00Z,19.87,0.03742,0.1868,16.68
2026-06-04T07:20:00Z,19.67,0.03667,0.22458,18.16
2026-06-04T07:30:00Z,19.39,0.05494,0.29065,19.59
2026-06-04T07:40:00Z,19.26,0.07794,0.32762,20.97
2026-06-04T07:50:00Z,19.24,0.23121,0.33371,22.3
2026-06-04T08:00:00Z,19.11,0.17454,0.37615,23.58
2026-06-04T08:10:00Z,19.15,0.09789,0.36255,24.8
2026-06-04T08:20:00Z,19.43,0.11473,0.28013,25.96
2026-06-04T08:30:00Z,19.3,0.00025,0.31577,27.05
2026-06-04T08:40:00Z,19.1,0.02113,0.37963,28.08
2026-06-04T08:50:00Z,18.99,0.00578,0.42011,29.03
2026-06-04T09:00:00Z,18.92,0.00128,0.44809,29.91
2026-06-04T09:10:00Z,18.96,0.00012,0.43188,30.71
2026-06-04T09:20:00Z,18.9,0.00024,0.45642,31.43
2026-06-04T09:30:00Z,19.03,0.00221,0.40492,32.07
2026-06-04T09:40:00Z,19.1,0.00421,0.37963,32.61
2026-06-04T09:50:00Z,19.11,0.00313,0.37615,33.07
2026-06-04T10:00:00Z,19.25,0.00001,0.33065,33.43
2026-06-04T10:10:00Z,19.48,0.0018,0.26753,33.7
2026-06-04T10:20:00Z,19.32,0.00008,0.31,33.87
2026-06-04T10:30:00Z,19.18,0.01152,0.35267,33.94
2026-06-04T10:40:00Z,19.06,0.0084,0.39388,33.92
2026-06-04T10:50:00Z,18.93,0.00001,0.44398,33.8
2026-06-04T11:00:00Z,18.73,0.00004,0.53378,33.58
2026-06-04T11:10:00Z,18.58,0.00018,0.61287,33.26
2026-06-04T11:20:00Z,18.43,0.00072,0.70366,32.86
2026-06-04T11:30:00Z,17.72,0.00013,1.35321,32.36
2026-06-04T11:40:00Z,16.18,0.01568,5.58941,31.77
2026-06-04T11:50:00Z,13.98,0.00364,42.39998,31.09
2026-06-05T02:40:00Z,10.18,0.01105,1403.9952,-40.91
2026-06-05T02:50:00Z,12.36,0.00648,188.52356,-38.87
2026-06-05T03:00:00Z,14.78,0.01984,20.2939,-36.82
2026-06-05T03:10:00Z,16.97,0.018,2.70001,-34.78
2026-06-05T03:20:00Z,18.57,0.00013,0.61854,-32.74
2026-06-05T03:30:00Z,20.21,0.002,0.13657,-30.71
2026-06-05T03:40:00Z,21.29,0.00545,0.05051,-28.68
2026-06-05T03:50:00Z,21.86,0.00242,0.02988,-26.65
2026-06-05T04:00:00Z,22.12,0.00265,0.02352,-24.63
2026-06-05T04:10:00Z,22.4,0.02738,0.01817,-22.61
2026-06-05T04:20:00Z,22.48,0.00338,0.01688,-20.6
2026-06-05T04:30:00Z,22.13,0.0004,0.0233,-18.6
2026-06-05T04:40:00Z,22.09,0.00025,0.02417,-16.6
2026-06-05T04:50:00Z,22.1,0.00004,0.02395,-14.61
2026-06-05T05:00:00Z,22.07,0.00004,0.02462,-12.64
2026-06-05T05:10:00Z,22.07,0.00032,0.02462,-10.67
2026-06-05T05:20:00Z,22.07,0.00008,0.02462,-8.71
2026-06-05T05:30:00Z,22.1,0.00001,0.02395,-6.77
2026-06-05T05:40:00Z,22.08,0.00018,0.0244,-4.84
2026-06-05T05:50:00Z,22.05,0.00032,0.02508,-2.92
2026-06-05T06:00:00Z,22.01,0.00008,0.02602,-1.03
2026-06-05T06:10:00Z,21.9,0.25425,0.0288,0.86
2026-06-05T06:20:00Z,21.64,0.40981,0.03659,2.72
2026-06-05T06:30:00Z,21.19,0.34245,0.05538,4.57
2026-06-05T06:40:00Z,20.91,0.36088,0.07167,6.39
2026-06-05T06:50:00Z,20.24,0.75621,0.13285,8.19
2026-06-05T07:00:00Z,19.82,0.88199,0.1956,9.96
2026-06-05T07:10:00Z,20.18,0.66743,0.1404,11.71
2026-06-05T07:20:00Z,20.3,0.50292,0.12571,13.43
2026-06-05T07:30:00Z,20.13,0.32535,0.14702,15.12
2026-06-05T07:40:00Z,19.73,0.31785,0.2125,16.77
2026-06-05T07:50:00Z,19.66,0.24755,0.22666,18.39
2026-06-05T08:00:00Z,20.01,0.25623,0.1642,19.97
2026-06-05T08:10:00Z,19.85,0.23575,0.19027,21.51
2026-06-05T08:20:00Z,19.4,0.2284,0.28798,23
2026-06-05T08:30:00Z,19.61,0.00242,0.23734,24.44
2026-06-05T08:40:00Z,19.63,0.04513,0.23301,25.84
2026-06-05T08:50:00Z,19.29,0.03613,0.31869,27.17
2026-06-05T09:00:00Z,19.32,0.00145,0.31,28.45
2026-06-05T09:10:00Z,19.33,0.02665,0.30716,29.67
2026-06-05T09:20:00Z,19.59,0.00761,0.24175,30.81
2026-06-05T09:30:00Z,20.07,0.00365,0.15537,31.89
2026-06-05T09:40:00Z,19.99,0.00004,0.16725,32.89
2026-06-05T09:50:00Z,19.69,0.03042,0.22048,33.81
2026-06-05T10:00:00Z,19.8,0.00578,0.19923,34.65
2026-06-05T10:10:00Z,19.62,0.01985,0.23516,35.4
2026-06-05T10:20:00Z,19.26,0.0245,0.32762,36.06
2026-06-05T10:30:00Z,19.45,0.0006,0.27502,36.62
2026-06-05T10:40:00Z,19.66,0.02665,0.22666,37.09
2026-06-05T10:50:00Z,19.21,0.01404,0.34306,37.45
2026-06-05T11:00:00Z,19.62,0.02312,0.23516,37.71
2026-06-05T11:10:00Z,19.44,0.11552,0.27757,37.87
2026-06-05T11:20:00Z,19.25,0.10512,0.33065,37.92
2026-06-05T11:30:00Z,18.08,0.01682,0.97133,37.86
2026-06-05T11:40:00Z,16.32,0.04704,4.91321,37.7
2026-06-05T11:50:00Z,13.99,0.00761,42.01125,37.44
2026-06-06T02:40:00Z,10,0.00288,1657.1645,-48.13
2026-06-06T02:50:00Z,12.13,0.00113,233.0052,-46.11
2026-06-06T03:00:00Z,14.41,0.00242,28.53419,-44.09
2026-06-06T03:10:00Z,16.6,0.00481,3.79634,-42.05
2026-06-06T03:20:00Z,18.55,0.01922,0.63004,-40.01
2026-06-06T03:30:00Z,20.04,0.0076,0.15972,-37.97
2026-06-06T03:40:00Z,21.38,0.00288,0.04649,-35.92
2026-06-06T03:50:00Z,21.95,0.0005,0.0275,-33.87
2026-06-06T04:00:00Z,22.14,0.00018,0.02309,-31.81
2026-06-06T04:10:00Z,22.19,0.00005,0.02205,-29.76
2026-06-06T04:20:00Z,22.2,0.00008,0.02185,-27.7
2026-06-06T04:30:00Z,22.23,0.00008,0.02125,-25.65
2026-06-06T04:40:00Z,22.25,0.00008,0.02086,-23.6
2026-06-06T04:50:00Z,22.22,0.00085,0.02145,-21.55
2026-06-06T05:00:00Z,22.18,0.00882,0.02225,-19.5
2026-06-06T05:10:00Z,22.17,0.00722,0.02246,-17.46
2026-06-06T05:20:00Z,22.32,0.00084,0.01956,-15.42
2026-06-06T05:30:00Z,22.21,0.00001,0.02165,-13.39
2026-06-06T05:40:00Z,22.22,0.00001,0.02145,-11.37
2026-06-06T05:50:00Z,22.22,0.00001,0.02145,-9.35
2026-06-06T06:00:00Z,22.22,0.00018,0.02145,-7.34
2026-06-06T06:10:00Z,22.21,0.01686,0.02165,-5.34
2026-06-06T06:20:00Z,22.19,0.03871,0.02205,-3.36
2026-06-06T06:30:00Z,22.1,0.06651,0.02395,-1.38
2026-06-06T06:40:00Z,22,0.06685,0.02626,0.59
2026-06-06T06:50:00Z,21.82,0.04474,0.031,2.54
2026-06-06T07:00:00Z,21.6,0.0208,0.03796,4.47
2026-06-06T07:10:00Z,21.41,0.00951,0.04522,6.39
2026-06-06T07:20:00Z,21.22,0.00162,0.05387,8.29
2026-06-06T07:30:00Z,21,0.02247,0.06597,10.17
2026-06-06T07:40:00Z,20.77,0.1102,0.08154,12.03
2026-06-06T07:50:00Z,20.61,0.23045,0.09449,13.87
2026-06-06T08:00:00Z,20.58,0.23633,0.09713,15.68
2026-06-06T08:10:00Z,20.69,0.13062,0.08777,17.46
2026-06-06T08:20:00Z,20.83,0.08462,0.07716,19.22
2026-06-06T08:30:00Z,20.86,0.0006,0.07505,20.94
2026-06-06T08:40:00Z,20.73,0.00098,0.0846,22.62
2026-06-06T08:50:00Z,20.58,0.00012,0.09713,24.27
2026-06-06T09:00:00Z,20.5,0.00098,0.10456,25.87
2026-06-06T09:10:00Z,20.44,0.00041,0.1105,27.44
2026-06-06T09:20:00Z,20.38,0.00013,0.11678,28.95
2026-06-06T09:30:00Z,20.33,0.00002,0.12228,30.41
2026-06-06T09:40:00Z,20.28,0.00001,0.12805,31.81
2026-06-06T09:50:00Z,20.22,0.00001,0.13532,33.15
2026-06-06T10:00:00Z,20.16,0.00001,0.14301,34.42
2026-06-06T10:10:00Z,20.1,0.00001,0.15114,35.63
2026-06-06T10:20:00Z,20.03,0.00001,0.1612,36.76
2026-06-06T10:30:00Z,19.97,0.00001,0.17036,37.8
2026-06-06T10:40:00Z,19.93,0.00002,0.17675,38.77
2026-06-06T10:50:00Z,19.88,0.00001,0.18508,39.64
2026-06-06T11:00:00Z,19.81,0.00005,0.19741,40.41
2026-06-06T11:10:00Z,19.64,0.00001,0.23087,41.08
2026-06-06T11:20:00Z,19.18,0.00032,0.35267,41.65
2026-06-06T11:30:00Z,18.12,0.00181,0.93619,42.11
2026-06-06T11:40:00Z,16.39,0.0048,4.60644,42.46
2026-06-06T11:50:00Z,14.07,0.00025,39.02704,42.69
2026-06-07T02:40:00Z,10,0.00128,1657.1645,-53.72
2026-06-07T02:50:00Z,12.29,0.00288,201.07849,-51.86
2026-06-07T03:00:00Z,14.54,0.0252,25.31428,-49.97
2026-06-07T03:10:00Z,16.59,0.0076,3.83147,-48.05
2026-06-07T03:20:00Z,18.68,0.00392,0.55894,-46.11
2026-06-07T03:30:00Z,20.1,0.00162,0.15114,-44.15
2026-06-07T03:40:00Z,21.24,0.00313,0.05289,-42.16
2026-06-07T03:50:00Z,21.82,0.00018,0.031,-40.17
2026-06-07T04:00:00Z,22.02,0.00032,0.02578,-38.15
2026-06-07T04:10:00Z,22.09,0.00001,0.02417,-36.13
2026-06-07T04:20:00Z,22.09,0.00001,0.02417,-34.1
2026-06-07T04:30:00Z,22.1,0.00005,0.02395,-32.06
2026-06-07T04:40:00Z,22.11,0.0005,0.02373,-30.01
2026-06-07T04:50:00Z,22.12,0.00012,0.02352,-27.95
2026-06-07T05:00:00Z,22.1,0.00013,0.02395,-25.9
2026-06-07T05:10:00Z,22.15,0.00001,0.02288,-23.84
2026-06-07T05:20:00Z,22.22,0.00002,0.02145,-21.77
2026-06-07T05:30:00Z,22.26,0.00013,0.02067,-19.71
2026-06-07T05:40:00Z,22.26,0.00025,0.02067,-17.64
2026-06-07T05:50:00Z,22.24,0.00002,0.02106,-15.58
2026-06-07T06:00:00Z,22.25,0.0004,0.02086,-13.51
2026-06-07T06:10:00Z,22.22,0.00254,0.02145,-11.45
2026-06-07T06:20:00Z,22.17,0.00294,0.02246,-9.39
2026-06-07T06:30:00Z,22.19,0.00327,0.02205,-7.34
2026-06-07T06:40:00Z,22.21,0.02562,0.02165,-5.29
2026-06-07T06:50:00Z,22.2,0.04245,0.02185,-3.24
2026-06-07T07:00:00Z,22.15,0.06207,0.02288,-1.21
2026-06-07T07:10:00Z,21.96,0.07204,0.02725,0.82
2026-06-07T07:20:00Z,21.87,0.03903,0.02961,2.84
2026-06-07T07:30:00Z,21.7,0.02215,0.03462,4.85
2026-06-07T07:40:00Z,21.45,0.03943,0.04359,6.85
2026-06-07T07:50:00Z,21.34,0.04782,0.04824,8.84
2026-06-07T08:00:00Z,21.32,0.05318,0.04913,10.81
2026-06-07T08:10:00Z,21.28,0.02826,0.05098,12.76
2026-06-07T08:20:00Z,21.21,0.00348,0.05437,14.7
2026-06-07T08:30:00Z,21.16,0.00001,0.05693,16.62
2026-06-07T08:40:00Z,21.08,0.00013,0.06129,18.52
2026-06-07T08:50:00Z,20.99,0.00013,0.06658,20.4
2026-06-07T09:00:00Z,20.92,0.00002,0.07102,22.25
2026-06-07T09:10:00Z,20.85,0.00004,0.07575,24.07
2026-06-07T09:20:00Z,20.71,0.00002,0.08617,25.86
2026-06-07T09:30:00Z,20.47,0.00024,0.10749,27.62
2026-06-07T09:40:00Z,20.71,0.00005,0.08617,29.34
2026-06-07T09:50:00Z,20.73,0.01682,0.0846,31.02
2026-06-07T10:00:00Z,20.55,0.0245,0.09985,32.65
2026-06-07T10:10:00Z,20.52,0.00002,0.10265,34.24
2026-06-07T10:20:00Z,20.45,0.00612,0.10949,35.77
2026-06-07T10:30:00Z,20.15,0.0018,0.14433,37.25
2026-06-07T10:40:00Z,20.12,0.0018,0.14838,38.66
2026-06-07T10:50:00Z,19.85,0.0125,0.19027,40
2026-06-07T11:00:00Z,19.53,0.013,0.25549,41.26
2026-06-07T11:10:00Z,18.96,0.0018,0.43188,42.45
2026-06-07T11:20:00Z,18.28,0.002,0.80791,43.54
2026-06-07T11:30:00Z,17.03,0.00098,2.55485,44.55
2026-06-07T11:40:00Z,15.16,0.01058,14.30097,45.45
2026-06-07T11:50:00Z,13.19,0.00013,87.77395,46.24
2026-06-08T02:40:00Z,9.89,0.00882,1833.85765,-56.66
2026-06-08T02:50:00Z,12.2,0.00013,218.45683,-55.19
2026-06-08T03:00:00Z,14.68,0.00162,22.25182,-53.65
2026-06-08T03:10:00Z,16.91,0.00308,2.85342,-52.03
2026-06-08T03:20:00Z,18.84,0.12701,0.48235,-50.36
2026-06-08T03:30:00Z,20.29,0.00108,0.12687,-48.63
2026-06-08T04:30:00Z,22.21,0.00001,0.02165,-37.48
2026-06-08T04:40:00Z,22.24,0.00001,0.02106,-35.52
2026-06-08T04:50:00Z,22.28,0.00025,0.02029,-33.55
2026-06-08T05:00:00Z,22.32,0.00025,0.01956,-31.56
2026-06-08T05:10:00Z,22.36,0.00032,0.01885,-29.56
2026-06-08T05:20:00Z,22.33,0.00288,0.01938,-27.54
2026-06-08T05:30:00Z,22.3,0.00288,0.01992,-25.51
2026-06-08T05:40:00Z,22.35,0.00013,0.01903,-23.47
2026-06-08T05:50:00Z,22.24,0.00008,0.02106,-21.43
2026-06-08T06:00:00Z,22.21,0.00002,0.02165,-19.37
2026-06-08T06:10:00Z,22.21,0.00001,0.02165,-17.31
2026-06-08T06:20:00Z,22.2,0.00005,0.02185,-15.25
2026-06-08T06:30:00Z,22.2,0.00008,0.02185,-13.18
2026-06-08T06:40:00Z,22.2,0.00001,0.02185,-11.11
2026-06-08T06:50:00Z,22.17,0.00001,0.02246,-9.04
2026-06-08T07:00:00Z,22.15,0.00051,0.02288,-6.96
2026-06-08T07:10:00Z,22.14,0.00278,0.02309,-4.89
2026-06-08T07:20:00Z,22.14,0.01442,0.02309,-2.81
2026-06-08T07:30:00Z,22.12,0.03027,0.02352,-0.74
2026-06-08T07:40:00Z,22.04,0.03677,0.02531,1.33
2026-06-08T07:50:00Z,21.91,0.02586,0.02853,3.39
2026-06-08T08:00:00Z,21.78,0.00873,0.03216,5.46
2026-06-08T08:10:00Z,21.65,0.00449,0.03625,7.51
2026-06-08T08:20:00Z,21.54,0.01032,0.04012,9.56
2026-06-08T08:30:00Z,21.46,0.00002,0.04319,11.6
2026-06-08T08:40:00Z,21.39,0.00001,0.04606,13.63
2026-06-08T08:50:00Z,21.34,0.00002,0.04824,15.65
2026-06-08T09:00:00Z,21.29,0.00001,0.05051,17.65
2026-06-08T09:10:00Z,21.22,0.00002,0.05387,19.65
2026-06-08T09:20:00Z,21.15,0.00002,0.05746,21.62
2026-06-08T09:30:00Z,21.07,0.00002,0.06185,23.58
2026-06-08T09:40:00Z,21.01,0.00001,0.06537,25.52
2026-06-08T09:50:00Z,20.95,0.00004,0.06908,27.44
2026-06-08T10:00:00Z,20.9,0.00002,0.07234,29.33
2026-06-08T10:10:00Z,20.84,0.00001,0.07645,31.2
2026-06-08T10:20:00Z,20.76,0.00002,0.08229,33.03
2026-06-08T10:30:00Z,20.67,0.00001,0.08941,34.83
2026-06-08T10:40:00Z,20.56,0.00001,0.09894,36.59
2026-06-08T10:50:00Z,20.45,0.00001,0.10949,38.31
2026-06-08T11:00:00Z,20.28,0.00002,0.12805,39.98
2026-06-08T11:10:00Z,19.98,0.00018,0.1688,41.59
2026-06-08T11:20:00Z,19.27,0.00025,0.32461,43.15
2026-06-08T11:30:00Z,17.94,0.00392,1.10501,44.65
2026-06-08T11:40:00Z,16.12,0.0022,5.90698,46.07
2026-06-08T11:50:00Z,13.83,0.00084,48.68169,47.41
2026-06-09T02:40:00Z,9.91,0.00144,1800.38598,-56.02
2026-06-09T02:50:00Z,12.11,0.00512,237.33709,-55.17
2026-06-09T03:00:00Z,14.43,0.00001,28.01339,-54.2
2026-06-09T03:10:00Z,16.7,0.00001,3.46231,-53.12
2026-06-09T03:20:00Z,18.6,0.0004,0.60168,-51.93
2026-06-09T03:30:00Z,20.12,0.00008,0.14838,-50.65
2026-06-09T03:40:00Z,21.26,0.00288,0.05192,-49.28
2026-06-09T03:50:00Z,21.93,0.00113,0.02801,-47.83
2026-06-09T04:00:00Z,22.17,0.00002,0.02246,-46.32
2026-06-09T04:10:00Z,22.22,0.00005,0.02145,-44.74
2026-06-09T04:20:00Z,22.23,0.00001,0.02125,-43.11
2026-06-09T04:30:00Z,22.22,0.00001,0.02145,-41.43
2026-06-09T04:40:00Z,22.22,0.00008,0.02145,-39.7
2026-06-09T04:50:00Z,22.24,0.00013,0.02106,-37.93
2026-06-09T05:00:00Z,22.27,0.00005,0.02048,-36.13
2026-06-09T05:10:00Z,22.27,0.00001,0.02048,-34.29
2026-06-09T05:20:00Z,22.29,0.00008,0.02011,-32.42
2026-06-09T05:30:00Z,22.3,0.00002,0.01992,-30.53
2026-06-09T05:40:00Z,22.29,0.00001,0.02011,-28.61
2026-06-09T05:50:00Z,22.3,0.00001,0.01992,-26.67
2026-06-09T06:00:00Z,22.31,0.00008,0.01974,-24.71
2026-06-09T06:10:00Z,22.31,0.00048,0.01974,-22.74
2026-06-09T06:20:00Z,22.29,0.00058,0.02011,-20.75
2026-06-09T06:30:00Z,22.29,0.00048,0.02011,-18.74
2026-06-09T06:40:00Z,22.3,0.00095,0.01992,-16.72
2026-06-09T06:50:00Z,22.31,0.00209,0.01974,-14.69
2026-06-09T07:00:00Z,22.3,0.00482,0.01992,-12.66
2026-06-09T07:10:00Z,22.27,0.00367,0.02048,-10.61
2026-06-09T07:20:00Z,22.24,0.00194,0.02106,-8.55
2026-06-09T07:30:00Z,22.19,0.00066,0.02205,-6.49
2026-06-09T07:40:00Z,22.19,0.01656,0.02205,-4.42
2026-06-09T07:50:00Z,22.15,0.07697,0.02288,-2.35
2026-06-09T08:00:00Z,22.13,0.18608,0.0233,-0.27
2026-06-09T08:10:00Z,21.93,0.15497,0.02801,1.81
2026-06-09T08:20:00Z,21.65,0.21199,0.03625,3.89
2026-06-09T08:30:00Z,21.28,0.0005,0.05098,5.97
2026-06-09T08:40:00Z,21.49,0.00001,0.04201,8.05
2026-06-09T08:50:00Z,21.62,0.02244,0.03727,10.13
2026-06-09T09:00:00Z,21.54,0.02178,0.04012,12.21
2026-06-09T09:10:00Z,21.66,0.00084,0.03592,14.28
2026-06-09T09:20:00Z,21.41,0.00841,0.04522,16.35
2026-06-09T09:30:00Z,20.86,0.01625,0.07505,18.42
2026-06-09T09:40:00Z,21.16,0.00024,0.05693,20.47
2026-06-09T09:50:00Z,21.04,0.06613,0.06359,22.52
2026-06-09T10:00:00Z,20.55,0.08064,0.09985,24.56
2026-06-09T10:10:00Z,20.53,0.00013,0.10171,26.59
2026-06-09T10:20:00Z,20.93,0.03528,0.07037,28.61
2026-06-09T10:30:00Z,22.47,0.00012,0.01704,30.6
2026-06-09T10:40:00Z,22.46,0.02592,0.01719,32.59
2026-06-09T10:50:00Z,20.66,0.3618,0.09023,34.55
2026-06-09T11:00:00Z,20.35,0.00288,0.12005,36.49
2026-06-09T11:10:00Z,19.89,0.53792,0.18339,38.4
2026-06-09T11:20:00Z,19.24,0.13448,0.33371,40.28
2026-06-09T11:30:00Z,17.72,0.00008,1.35321,42.13
2026-06-09T11:40:00Z,16.35,0.02312,4.77931,43.95
2026-06-09T11:50:00Z,14,0.05202,41.62609,45.71
2026-06-10T02:40:00Z,9.64,0.00968,2308.69,-51.71
2026-06-10T02:50:00Z,11.72,0.00392,339.91131,-51.54
2026-06-10T03:00:00Z,14.11,0.00128,37.61539,-51.25
2026-06-10T03:10:00Z,16.37,0.00032,4.69208,-50.82
2026-06-10T03:20:00Z,18.22,0.00264,0.85382,-50.26
2026-06-10T03:30:00Z,19.82,0.00032,0.1956,-49.59
2026-06-10T03:40:00Z,21.09,0.00545,0.06072,-48.79
2026-06-10T03:50:00Z,21.8,0.0005,0.03158,-47.89
2026-06-10T04:00:00Z,22.03,0.00018,0.02555,-46.89
2026-06-10T04:10:00Z,22.11,0.00002,0.02373,-45.8
2026-06-10T04:20:00Z,22.14,0.00001,0.02309,-44.61
2026-06-10T04:30:00Z,22.18,0.00001,0.02225,-43.35
2026-06-10T04:40:00Z,22.21,0.00001,0.02165,-42
2026-06-10T04:50:00Z,22.23,0.00005,0.02125,-40.6
2026-06-10T05:00:00Z,22.24,0.00008,0.02106,-39.12
2026-06-10T05:10:00Z,22.24,0.00005,0.02106,-37.59
2026-06-10T05:20:00Z,22.26,0.00008,0.02067,-36.01
2026-06-10T05:30:00Z,22.26,0.00018,0.02067,-34.38
2026-06-10T05:40:00Z,22.27,0.00018,0.02048,-32.7
2026-06-10T05:50:00Z,22.25,0.00005,0.02086,-30.99
2026-06-10T06:00:00Z,22.26,0.00002,0.02067,-29.23
2026-06-10T06:10:00Z,22.24,0.00236,0.02106,-27.45
2026-06-10T06:20:00Z,22.22,0.00179,0.02145,-25.63
2026-06-10T06:30:00Z,22.18,0.00132,0.02225,-23.78
2026-06-10T06:40:00Z,22.15,0.0007,0.02288,-21.91
2026-06-10T06:50:00Z,22.12,0.00093,0.02352,-20.02
2026-06-10T07:00:00Z,22.11,0.00082,0.02373,-18.1
2026-06-10T07:10:00Z,22.1,0.00035,0.02395,-16.16
2026-06-10T07:20:00Z,22.08,0.00026,0.0244,-14.21
2026-06-10T07:30:00Z,22.05,0.00031,0.02508,-12.24
2026-06-10T07:40:00Z,22.03,0.00047,0.02555,-10.25
2026-06-10T07:50:00Z,22.02,0.00076,0.02578,-8.25
2026-06-10T08:00:00Z,21.99,0.00071,0.02651,-6.24
2026-06-10T08:10:00Z,21.95,0.001,0.0275,-4.22
2026-06-10T08:20:00Z,21.91,0.00137,0.02853,-2.18
2026-06-10T08:30:00Z,21.89,0.00001,0.02906,-0.14
2026-06-10T08:40:00Z,21.84,0.00002,0.03043,1.91
2026-06-10T08:50:00Z,21.78,0.00013,0.03216,3.97
2026-06-10T09:00:00Z,21.73,0.00002,0.03368,6.04
2026-06-10T09:10:00Z,21.68,0.00002,0.03527,8.11
2026-06-10T09:20:00Z,21.62,0.00001,0.03727,10.18
2026-06-10T09:30:00Z,21.56,0.00001,0.03939,12.26
2026-06-10T09:40:00Z,21.53,0.00001,0.04049,14.34
2026-06-10T09:50:00Z,21.49,0.00005,0.04201,16.42
2026-06-10T10:00:00Z,21.45,0.00008,0.04359,18.51
2026-06-10T10:10:00Z,21.4,0.00001,0.04564,20.59
2026-06-10T10:20:00Z,21.38,0.00001,0.04649,22.68
2026-06-10T10:30:00Z,21.35,0.00008,0.04779,24.76
2026-06-10T10:40:00Z,21.33,0.00008,0.04868,26.83
2026-06-10T10:50:00Z,21.28,0.00002,0.05098,28.91
2026-06-10T11:00:00Z,21.11,0.00008,0.05962,30.97
2026-06-10T11:10:00Z,20.59,0.0004,0.09624,33.03
2026-06-10T11:20:00Z,19.5,0.00265,0.26264,35.08
2026-06-10T11:30:00Z,17.93,0.00242,1.11523,37.12
2026-06-10T11:40:00Z,16.01,0.00041,6.53681,39.14
2026-06-10T11:50:00Z,13.68,0.00084,55.89406,41.15
2026-06-11T02:40:00Z,9.53,0.01352,2554.85126,-44.49
2026-06-11T02:50:00Z,11.53,0.00544,404.91664,-44.91
2026-06-11T03:00:00Z,13.94,0.0018,43.99118,-45.21
2026-06-11T03:10:00Z,16.24,0.00004,5.2889,-45.39
2026-06-11T03:20:00Z,18.1,0.00312,0.9536,-45.46
2026-06-11T03:30:00Z,19.71,0.00001,0.21645,-45.42
2026-06-11T03:40:00Z,21.04,0.00545,0.06359,-45.25
2026-06-11T03:50:00Z,21.84,0.00145,0.03043,-44.97
2026-06-11T04:00:00Z,22.11,0.00001,0.02373,-44.58
2026-06-11T04:10:00Z,22.18,0.00008,0.02225,-44.08
2026-06-11T04:20:00Z,22.22,0.00008,0.02145,-43.47
2026-06-11T04:30:00Z,22.24,0.00001,0.02106,-42.76
2026-06-11T04:40:00Z,22.28,0.00001,0.02029,-41.95
2026-06-11T04:50:00Z,22.3,0.00001,0.01992,-41.05
2026-06-11T05:00:00Z,22.31,0.00001,0.01974,-40.06
2026-06-11T05:10:00Z,22.32,0.00002,0.01956,-38.98
2026-06-11T05:20:00Z,22.32,0.00004,0.01956,-37.83
2026-06-11T05:30:00Z,22.31,0.00013,0.01974,-36.61
2026-06-11T05:40:00Z,22.27,0.00018,0.02048,-35.32
2026-06-11T05:50:00Z,22.23,0.00001,0.02125,-33.96
2026-06-11T06:00:00Z,22.24,0.00002,0.02106,-32.54
2026-06-11T06:10:00Z,22.24,0.00148,0.02106,-31.08
2026-06-11T06:20:00Z,22.22,0.00092,0.02145,-29.56
2026-06-11T06:30:00Z,22.2,0.00089,0.02185,-27.99
2026-06-11T06:40:00Z,22.18,0.00047,0.02225,-26.38
2026-06-11T06:50:00Z,22.19,0.00051,0.02205,-24.73
2026-06-11T07:00:00Z,22.16,0.00049,0.02267,-23.04
2026-06-11T07:10:00Z,22.16,0.00036,0.02267,-21.32
2026-06-11T07:20:00Z,22.15,0.00049,0.02288,-19.56
2026-06-11T07:30:00Z,22.15,0.00075,0.02288,-17.78
2026-06-11T07:40:00Z,22.13,0.00105,0.0233,-15.96
2026-06-11T07:50:00Z,22.11,0.00065,0.02373,-14.13
2026-06-11T08:00:00Z,22.08,0.00065,0.0244,-12.27
2026-06-11T08:10:00Z,22.06,0.00052,0.02485,-10.38
2026-06-11T08:20:00Z,22.04,0.00052,0.02531,-8.48
2026-06-11T08:30:00Z,22,0.00001,0.02626,-6.56
2026-06-11T08:40:00Z,21.96,0.00002,0.02725,-4.62
2026-06-11T08:50:00Z,21.93,0.00002,0.02801,-2.66
2026-06-11T09:00:00Z,21.9,0.00001,0.0288,-0.69
2026-06-11T09:10:00Z,21.87,0.00001,0.02961,1.29
2026-06-11T09:20:00Z,21.83,0.00001,0.03072,3.29
2026-06-11T09:30:00Z,21.78,0.00001,0.03216,5.3
2026-06-11T09:40:00Z,21.72,0.00001,0.03399,7.32
2026-06-11T09:50:00Z,21.7,0.00001,0.03462,9.34
2026-06-11T10:00:00Z,21.68,0.00012,0.03527,11.38
2026-06-11T10:10:00Z,21.65,0.00008,0.03625,13.43
2026-06-11T10:20:00Z,21.65,0.00001,0.03625,15.48
2026-06-11T10:30:00Z,21.65,0.00008,0.03625,17.54
2026-06-11T10:40:00Z,21.63,0.00004,0.03693,19.61
2026-06-11T10:50:00Z,21.59,0.00002,0.03831,21.68
2026-06-11T11:00:00Z,21.41,0.00001,0.04522,23.76
2026-06-11T11:10:00Z,20.8,0.00072,0.07932,25.83
2026-06-11T11:20:00Z,19.59,0.0042,0.24175,27.91
2026-06-11T11:30:00Z,17.95,0.00145,1.09488,30
2026-06-11T11:40:00Z,16.02,0.00145,6.47688,32.08
2026-06-11T11:50:00Z,13.69,0.00098,55.38162,34.16
2026-06-12T02:40:00Z,9.58,0.01301,2439.86401,-35.3
2026-06-12T02:50:00Z,11.42,0.00882,448.09038,-36.15
2026-06-12T03:00:00Z,13.75,0.00098,52.40414,-36.92
2026-06-12T03:10:00Z,16.06,0.00924,6.2426,-37.6
2026-06-12T03:20:00Z,17.93,0.07442,1.11523,-38.19
2026-06-12T03:30:00Z,19.5,0.032,0.26264,-38.69
2026-06-12T03:40:00Z,21.2,0.00013,0.05487,-39.08
2026-06-12T03:50:00Z,21.81,0.00144,0.03129,-39.38
2026-06-12T04:00:00Z,22.13,0.00025,0.0233,-39.58
2026-06-12T04:10:00Z,22.21,0.00002,0.02165,-39.68
2026-06-12T04:20:00Z,22.22,0.00005,0.02145,-39.67
2026-06-12T04:30:00Z,22.23,0.00001,0.02125,-39.56
2026-06-12T04:40:00Z,22.22,0.00001,0.02145,-39.35
2026-06-12T04:50:00Z,22.22,0.00001,0.02145,-39.03
2026-06-12T05:00:00Z,22.22,0.00013,0.02145,-38.62
2026-06-12T05:10:00Z,22.23,0.00018,0.02125,-38.11
2026-06-12T05:20:00Z,22.25,0.00005,0.02086,-37.51
2026-06-12T05:30:00Z,22.23,0.00001,0.02125,-36.82
2026-06-12T05:40:00Z,22.23,0.00005,0.02125,-36.04
2026-06-12T05:50:00Z,22.22,0.00002,0.02145,-35.17
2026-06-12T06:00:00Z,22.2,0.00002,0.02185,-34.23
2026-06-12T06:10:00Z,22.2,0.00022,0.02185,-33.21
2026-06-12T06:20:00Z,22.2,0.00022,0.02185,-32.12
2026-06-12T06:30:00Z,22.18,0.0002,0.02225,-30.96
2026-06-12T06:40:00Z,22.17,0.0002,0.02246,-29.74
2026-06-12T06:50:00Z,22.17,0.00017,0.02246,-28.46
2026-06-12T07:00:00Z,22.16,0.00044,0.02267,-27.12
2026-06-12T07:10:00Z,22.16,0.00078,0.02267,-25.73
2026-06-12T07:20:00Z,22.15,0.00095,0.02288,-24.29
2026-06-12T07:30:00Z,22.12,0.00087,0.02352,-22.8
2026-06-12T07:40:00Z,22.1,0.00105,0.02395,-21.27
2026-06-12T07:50:00Z,22.08,0.00054,0.0244,-19.7
2026-06-12T08:00:00Z,22.05,0.00035,0.02508,-18.09
2026-06-12T08:10:00Z,22.01,0.00069,0.02602,-16.44
2026-06-12T08:20:00Z,21.98,0.00092,0.02675,-14.76
2026-06-12T08:30:00Z,21.97,0.00002,0.027,-13.05
2026-06-12T08:40:00Z,21.96,0.00001,0.02725,-11.31
2026-06-12T08:50:00Z,21.94,0.00002,0.02776,-9.55
2026-06-12T09:00:00Z,21.93,0.00001,0.02801,-7.76
2026-06-12T09:10:00Z,21.91,0.00002,0.02853,-5.94
2026-06-12T09:20:00Z,21.89,0.00002,0.02906,-4.1
2026-06-12T09:30:00Z,21.89,0.00001,0.02906,-2.25
2026-06-12T09:40:00Z,21.86,0.00002,0.02988,-0.37
2026-06-12T09:50:00Z,21.84,0.00012,0.03043,1.53
2026-06-12T10:00:00Z,21.83,0.00008,0.03072,3.44
2026-06-12T10:10:00Z,21.81,0.00001,0.03129,5.37
2026-06-12T10:20:00Z,21.78,0.00002,0.03216,7.31
2026-06-12T10:30:00Z,21.75,0.00001,0.03306,9.27
2026-06-12T10:40:00Z,21.75,0.00001,0.03306,11.24
2026-06-12T10:50:00Z,21.7,0.00005,0.03462,13.22
2026-06-12T11:00:00Z,21.51,0.00032,0.04124,15.22
2026-06-12T11:10:00Z,20.87,0.0004,0.07436,17.22
2026-06-12T11:20:00Z,19.66,0.00481,0.22666,19.24
2026-06-12T11:30:00Z,18.08,0.00072,0.97133,21.26
2026-06-12T11:40:00Z,16.14,0.002,5.79917,23.3
2026-06-12T11:50:00Z,13.79,0.00001,50.50863,25.34
2026-06-13T02:40:00Z,9.58,0.008,2439.86401,-24.84
2026-06-13T02:50:00Z,11.57,0.00181,390.27041,-26.03
2026-06-13T03:00:00Z,13.85,0.00002,47.79315,-27.15
2026-06-13T03:10:00Z,16.02,0.00648,6.47688,-28.21
2026-06-13T03:20:00Z,17.89,0.03444,1.15709,-29.21
2026-06-13T03:30:00Z,19.44,0.00544,0.27757,-30.13
2026-06-13T03:40:00Z,21.03,0.00242,0.06417,-30.98
2026-06-13T03:50:00Z,21.83,0.00221,0.03072,-31.76
2026-06-13T04:00:00Z,22.17,0.00001,0.02246,-32.46
2026-06-13T04:10:00Z,22.27,0.00004,0.02048,-33.08
2026-06-13T04:20:00Z,22.34,0.0004,0.0192,-33.61
2026-06-13T04:30:00Z,22.38,0.00005,0.01851,-34.05
2026-06-13T04:40:00Z,22.36,0.00001,0.01885,-34.41
2026-06-13T04:50:00Z,22.37,0.00018,0.01868,-34.68
2026-06-13T05:00:00Z,22.38,0.00018,0.01851,-34.85
2026-06-13T05:10:00Z,22.38,0.00242,0.01851,-34.93
2026-06-13T05:20:00Z,22.43,0.00084,0.01768,-34.92
2026-06-13T05:30:00Z,22.47,0.00578,0.01704,-34.82
2026-06-13T05:40:00Z,22.72,0.00008,0.01353,-34.63
2026-06-13T05:50:00Z,23.05,0.00288,0.00999,-34.34
2026-06-13T06:00:00Z,23.12,0.00001,0.00936,-33.96
2026-06-13T06:10:00Z,22.97,0.27577,0.01075,-33.5
2026-06-13T06:20:00Z,22.84,0.25885,0.01212,-32.95
2026-06-13T06:30:00Z,22.74,0.23484,0.01329,-32.32
2026-06-13T06:40:00Z,22.86,0.23767,0.0119,-31.6
2026-06-13T06:50:00Z,23.3,0.20181,0.00793,-30.81
2026-06-13T07:00:00Z,23.15,0.45129,0.00911,-29.94
2026-06-13T07:10:00Z,22.93,0.53671,0.01115,-29
2026-06-13T07:20:00Z,22.95,0.33425,0.01095,-28
2026-06-13T07:30:00Z,22.44,0.15255,0.01751,-26.92
2026-06-13T07:40:00Z,22.31,0.66272,0.01974,-25.79
2026-06-13T07:50:00Z,22.15,0.84381,0.02288,-24.6
2026-06-13T08:00:00Z,22.35,0.70857,0.01903,-23.35
2026-06-13T08:10:00Z,22.89,0.34753,0.01157,-22.05
2026-06-13T08:20:00Z,23,0.33229,0.01046,-20.7
2026-06-13T08:30:00Z,22.6,0.02964,0.01511,-19.3
2026-06-13T08:40:00Z,22.88,0.00032,0.01168,-17.86
2026-06-13T08:50:00Z,22.8,0.0708,0.01257,-16.37
2026-06-13T09:00:00Z,22.15,0.05408,0.02288,-14.85
2026-06-13T09:10:00Z,22.21,0.00221,0.02165,-13.29
2026-06-13T09:20:00Z,22,0.08192,0.02626,-11.7
2026-06-13T09:30:00Z,22.1,0.04802,0.02395,-10.07
2026-06-13T09:40:00Z,21.83,0.01682,0.03072,-8.41
2026-06-13T09:50:00Z,21.78,0.02312,0.03216,-6.73
2026-06-13T10:00:00Z,21.8,0.0174,0.03158,-5.01
2026-06-13T10:10:00Z,21.75,0.00112,0.03306,-3.27
2026-06-13T10:20:00Z,21.7,0.00098,0.03462,-1.51
2026-06-13T10:30:00Z,21.7,0.00024,0.03462,0.28
2026-06-13T10:40:00Z,21.72,0.00013,0.03399,2.08
2026-06-13T10:50:00Z,21.69,0.00005,0.03494,3.91
2026-06-13T11:00:00Z,21.54,0.00024,0.04012,5.76
2026-06-13T11:10:00Z,20.93,0.00025,0.07037,7.62
2026-06-13T11:20:00Z,19.74,0.00578,0.21056,9.51
2026-06-13T11:30:00Z,18.11,0.00072,0.94486,11.4
2026-06-13T11:40:00Z,16.11,0.00098,5.96164,13.32
2026-06-13T11:50:00Z,13.71,0.00024,54.37079,15.24
2026-06-14T02:40:00Z,12.04,0.0186,253.14282,-13.64
2026-06-14T02:50:00Z,13.4,0.00968,72.33785,-15.08
2026-06-14T03:00:00Z,15.15,0.11858,14.4333,-16.49
2026-06-14T03:10:00Z,16.68,0.06728,3.52668,-17.84
2026-06-14T03:20:00Z,17.55,0.00364,1.58258,-19.15
2026-06-14T03:30:00Z,19.3,0.00018,0.31577,-20.42
2026-06-14T03:40:00Z,20.77,0.002,0.08154,-21.63
2026-06-14T03:50:00Z,21.69,0.00162,0.03494,-22.78
2026-06-14T04:00:00Z,22.12,0.00018,0.02352,-23.88
2026-06-14T04:10:00Z,22.26,0.00018,0.02067,-24.93
2026-06-14T04:20:00Z,22.29,0.00001,0.02011,-25.9
2026-06-14T04:30:00Z,22.27,0.00128,0.02048,-26.82
2026-06-14T04:40:00Z,22.26,0.01058,0.02067,-27.66
2026-06-14T04:50:00Z,22.26,0.0048,0.02067,-28.44
2026-06-14T05:00:00Z,22.43,0.00032,0.01768,-29.14
2026-06-14T05:10:00Z,22.31,0.00072,0.01974,-29.76
2026-06-14T05:20:00Z,22.21,0.00018,0.02165,-30.31
2026-06-14T05:30:00Z,22.21,0.00018,0.02165,-30.77
2026-06-14T05:40:00Z,22.19,0.00001,0.02205,-31.15
2026-06-14T05:50:00Z,22.21,0.00001,0.02165,-31.45
2026-06-14T06:00:00Z,22.21,0.00002,0.02165,-31.67
2026-06-14T06:10:00Z,22.2,0.00342,0.02185,-31.8
2026-06-14T06:20:00Z,22.17,0.00346,0.02246,-31.84
2026-06-14T06:30:00Z,22.14,0.00115,0.02309,-31.79
2026-06-14T06:40:00Z,22.1,0.00158,0.02395,-31.66
2026-06-14T06:50:00Z,22.08,0.0032,0.0244,-31.44
2026-06-14T07:00:00Z,22.05,0.00287,0.02508,-31.14
2026-06-14T07:10:00Z,22.07,0.00187,0.02462,-30.75
2026-06-14T07:20:00Z,22.07,0.00121,0.02462,-30.28
2026-06-14T07:30:00Z,22.05,0.00168,0.02508,-29.73
2026-06-14T07:40:00Z,22.03,0.00275,0.02555,-29.11
2026-06-14T07:50:00Z,22.05,0.00203,0.02508,-28.4
2026-06-14T08:00:00Z,22,0.00165,0.02626,-27.63
2026-06-14T08:10:00Z,21.97,0.00153,0.027,-26.78
2026-06-14T08:20:00Z,21.94,0.00126,0.02776,-25.86
2026-06-14T08:30:00Z,21.92,0.00002,0.02827,-24.88
2026-06-14T08:40:00Z,21.91,0.00001,0.02853,-23.84
2026-06-14T08:50:00Z,21.88,0.00001,0.02933,-22.74
2026-06-14T09:00:00Z,21.87,0.00004,0.02961,-21.58
2026-06-14T09:10:00Z,21.86,0.00008,0.02988,-20.37
2026-06-14T09:20:00Z,21.86,0.00002,0.02988,-19.11
2026-06-14T09:30:00Z,21.86,0.00001,0.02988,-17.8
2026-06-14T09:40:00Z,21.85,0.00001,0.03016,-16.44
2026-06-14T09:50:00Z,21.83,0.00001,0.03072,-15.05
2026-06-14T10:00:00Z,21.82,0.00001,0.031,-13.6
2026-06-14T10:10:00Z,21.82,0.00002,0.031,-12.13
2026-06-14T10:20:00Z,21.83,0.00001,0.03072,-10.61
2026-06-14T10:30:00Z,21.83,0.00001,0.03072,-9.06
2026-06-14T10:40:00Z,21.8,0.00002,0.03158,-7.48
2026-06-14T10:50:00Z,21.72,0.00002,0.03399,-5.86
2026-06-14T11:00:00Z,21.51,0.00002,0.04124,-4.22
2026-06-14T11:10:00Z,20.79,0.00032,0.08005,-2.55
2026-06-14T11:20:00Z,19.26,0.00722,0.32762,-0.85
2026-06-14T11:30:00Z,17.88,0.0045,1.16779,0.87
2026-06-14T11:40:00Z,15.99,0.04608,6.65833,2.62
2026-06-14T11:50:00Z,13.76,0.02178,51.9237,4.38
2026-06-15T02:40:00Z,9.6,0.01404,2395.33148,-2.13
2026-06-15T02:50:00Z,11.38,0.008,464.9065,-3.78
2026-06-15T03:00:00Z,13.7,0.008,54.87387,-5.41
2026-06-15T03:10:00Z,16.03,0.07442,6.4175,-7
2026-06-15T03:20:00Z,17.97,0.02592,1.07489,-8.57
2026-06-15T03:30:00Z,19.12,0.02178,0.37271,-10.1
2026-06-15T03:40:00Z,20.7,0.03445,0.08697,-11.59
2026-06-15T03:50:00Z,21.99,0.00685,0.02651,-13.05
2026-06-15T04:00:00Z,22.33,0.02592,0.01938,-14.47
2026-06-15T04:10:00Z,22.55,0.00512,0.01583,-15.85
2026-06-15T04:20:00Z,23.02,0.0048,0.01027,-17.18
2026-06-15T04:30:00Z,23.02,0.00578,0.01027,-18.47
2026-06-15T04:40:00Z,22.87,0.00338,0.01179,-19.71
2026-06-15T04:50:00Z,22.88,0.00365,0.01168,-20.9
2026-06-15T05:00:00Z,22.71,0.0045,0.01366,-22.04
2026-06-15T05:10:00Z,22.62,0.00024,0.01484,-23.12
2026-06-15T05:20:00Z,22.88,0.05408,0.01168,-24.14
2026-06-15T05:30:00Z,23.19,0.16928,0.00878,-25.09
2026-06-15T05:40:00Z,23.48,0.01104,0.00672,-25.99
2026-06-15T05:50:00Z,22.71,0.01682,0.01366,-26.81
2026-06-15T06:00:00Z,22.72,0.00032,0.01353,-27.57
2026-06-15T06:10:00Z,23.04,0.42373,0.01008,-28.25
2026-06-15T06:20:00Z,23.09,0.42758,0.00962,-28.86
2026-06-15T06:30:00Z,22.95,0.26057,0.01095,-29.4
2026-06-15T06:40:00Z,22.61,0.95352,0.01497,-29.85
2026-06-15T06:50:00Z,22.61,1.06587,0.01497,-30.22
2026-06-15T07:00:00Z,22.94,1.28959,0.01105,-30.51
2026-06-15T07:10:00Z,23.87,1.2588,0.00469,-30.72
2026-06-15T07:20:00Z,22.84,1.34632,0.01212,-30.84
2026-06-15T07:30:00Z,22.52,1.59959,0.01627,-30.88
2026-06-15T07:40:00Z,22.88,1.54655,0.01168,-30.83
2026-06-15T07:50:00Z,23.38,2.40457,0.00737,-30.7
2026-06-15T08:00:00Z,23.84,1.80872,0.00482,-30.48
2026-06-15T08:10:00Z,23.54,0.00162,0.00636,-30.18
2026-06-15T08:20:00Z,22.32,0.02592,0.01956,-29.8
2026-06-15T08:30:00Z,23.45,0.00128,0.00691,-29.33
2026-06-15T08:40:00Z,22.94,0.53465,0.01105,-28.79
2026-06-15T08:50:00Z,21.79,0.79601,0.03187,-28.17
2026-06-15T09:00:00Z,21.78,0.05,0.03216,-27.48
2026-06-15T09:10:00Z,21.68,0.15842,0.03527,-26.71
2026-06-15T09:20:00Z,21.63,0.07565,0.03693,-25.88
2026-06-15T09:30:00Z,21.69,0.00098,0.03494,-24.98
2026-06-15T09:40:00Z,22.07,0.00018,0.02462,-24.01
2026-06-15T09:50:00Z,21.98,0.0022,0.02675,-22.98
2026-06-15T10:00:00Z,21.76,0.0312,0.03276,-21.89
2026-06-15T10:10:00Z,22.58,0.00578,0.01539,-20.75
2026-06-15T10:20:00Z,22.32,0.06844,0.01956,-19.56
2026-06-15T10:30:00Z,21.75,0.22472,0.03306,-18.31
2026-06-15T10:40:00Z,22.02,0.02964,0.02578,-17.01
2026-06-15T10:50:00Z,22.76,0.06613,0.01304,-15.67
2026-06-15T11:00:00Z,22.56,0.00684,0.01568,-14.29
2026-06-15T11:10:00Z,21.08,0.09941,0.06129,-12.86
2026-06-15T11:20:00Z,20.09,0.00578,0.15253,-11.4
2026-06-15T11:30:00Z,18.24,0.15664,0.83823,-9.9
2026-06-16T02:40:00Z,9.45,0.00242,2750.20851,9.3
2026-06-16T02:50:00Z,11.44,0.00578,439.91181,7.47
2026-06-16T03:00:00Z,13.72,0.00144,53.87231,5.66
2026-06-16T03:10:00Z,16.07,0.00128,6.18537,3.87
2026-06-16T03:20:00Z,18.15,0.00112,0.91068,2.1
2026-06-16T03:30:00Z,19.79,0.00018,0.20108,0.35
2026-06-16T03:40:00Z,21.15,0.00004,0.05746,-1.37
2026-06-16T03:50:00Z,22.08,0.01625,0.0244,-3.07
2026-06-16T04:00:00Z,22.52,0.00008,0.01627,-4.75
2026-06-16T04:10:00Z,22.44,0.00001,0.01751,-6.39
2026-06-16T04:20:00Z,22.41,0.00004,0.018,-8.01
2026-06-16T04:30:00Z,22.39,0.00008,0.01834,-9.59
2026-06-16T04:40:00Z,22.38,0.00002,0.01851,-11.15
2026-06-16T04:50:00Z,22.35,0.00002,0.01903,-12.66
2026-06-16T05:00:00Z,22.34,0.00018,0.0192,-14.14
2026-06-16T05:10:00Z,22.33,0.0004,0.01938,-15.58
2026-06-16T05:20:00Z,22.34,0.00002,0.0192,-16.98
2026-06-16T05:30:00Z,22.31,0.00032,0.01974,-18.34
2026-06-16T05:40:00Z,22.33,0.00018,0.01938,-19.65
2026-06-16T05:50:00Z,22.38,0.00008,0.01851,-20.91
2026-06-16T06:00:00Z,22.38,0.00008,0.01851,-22.12
2026-06-16T06:10:00Z,22.39,0.00383,0.01834,-23.27
2026-06-16T06:20:00Z,22.37,0.00336,0.01868,-24.37
2026-06-16T06:30:00Z,22.36,0.00136,0.01885,-25.41
2026-06-16T06:40:00Z,22.36,0.00151,0.01885,-26.38
2026-06-16T06:50:00Z,22.33,0.00191,0.01938,-27.29
2026-06-16T07:00:00Z,22.3,0.00286,0.01992,-28.13
2026-06-16T07:10:00Z,22.27,0.00166,0.02048,-28.9
2026-06-16T07:20:00Z,22.22,0.00084,0.02145,-29.6
2026-06-16T07:30:00Z,22.17,0.00106,0.02246,-30.21
2026-06-16T07:40:00Z,22.17,0.00116,0.02246,-30.75
2026-06-16T07:50:00Z,22.13,0.00122,0.0233,-31.21
2026-06-16T08:00:00Z,22.07,0.0014,0.02462,-31.58
2026-06-16T08:10:00Z,22.03,0.00126,0.02555,-31.87
2026-06-16T08:20:00Z,21.99,0.00056,0.02651,-32.08
2026-06-16T08:30:00Z,21.94,0.00002,0.02776,-32.19
2026-06-16T08:40:00Z,21.91,0.00001,0.02853,-32.22
2026-06-16T08:50:00Z,21.88,0.00004,0.02933,-32.16
2026-06-16T09:00:00Z,21.85,0.00002,0.03016,-32.02
2026-06-16T09:10:00Z,21.83,0.00001,0.03072,-31.79
2026-06-16T09:20:00Z,21.81,0.00001,0.03129,-31.47
2026-06-16T09:30:00Z,21.8,0.00001,0.03158,-31.07
2026-06-16T09:40:00Z,21.81,0.00001,0.03129,-30.58
2026-06-16T09:50:00Z,21.86,0.00001,0.02988,-30.01
2026-06-16T10:00:00Z,22.12,0.00002,0.02352,-29.37
2026-06-16T10:10:00Z,22.21,0.00144,0.02165,-28.65
2026-06-16T10:20:00Z,22.11,0.00722,0.02373,-27.85
2026-06-16T10:30:00Z,22.06,0.00002,0.02485,-26.99
2026-06-16T10:40:00Z,22.04,0.00288,0.02531,-26.06
2026-06-16T10:50:00Z,22.01,0.00002,0.02602,-25.06
2026-06-16T11:00:00Z,21.68,0.00008,0.03527,-24
2026-06-16T11:10:00Z,20.86,0.0042,0.07505,-22.88
2026-06-16T11:20:00Z,19.58,0.0018,0.24399,-21.7
2026-06-16T11:30:00Z,18.07,0.00004,0.98031,-20.47
2026-06-16T11:40:00Z,16.19,0.00265,5.53816,-19.19
2026-06-16T11:50:00Z,13.85,0.00098,47.79315,-17.86
2026-06-17T02:40:00Z,9.26,0.00925,3276.16391,20.21
2026-06-17T02:50:00Z,11.27,0.00181,514.47659,18.24
2026-06-17T03:00:00Z,13.6,0.00013,60.16801,16.28
2026-06-17T03:10:00Z,15.82,0.00181,7.78692,14.34
2026-06-17T03:20:00Z,17.74,0.00128,1.32851,12.41
2026-06-17T03:30:00Z,19.41,0.00242,0.28534,10.49
2026-06-17T03:40:00Z,20.64,0.00128,0.09191,8.59
2026-06-17T03:50:00Z,21.59,0.00392,0.03831,6.7
2026-06-17T04:00:00Z,22.04,0.00002,0.02531,4.83
2026-06-17T04:10:00Z,22.15,0.00008,0.02288,2.98
2026-06-17T04:20:00Z,22.2,0.00001,0.02185,1.14
2026-06-17T04:30:00Z,22.21,0.00013,0.02165,-0.67
2026-06-17T04:40:00Z,22.22,0.00018,0.02145,-2.46
2026-06-17T04:50:00Z,22.22,0.00001,0.02145,-4.23
2026-06-17T05:00:00Z,22.26,0.00001,0.02067,-5.97
2026-06-17T05:10:00Z,22.28,0.00032,0.02029,-7.69
2026-06-17T05:20:00Z,22.27,0.00002,0.02048,-9.38
2026-06-17T05:30:00Z,22.22,0.00018,0.02145,-11.04
2026-06-17T05:40:00Z,22.21,0.00018,0.02165,-12.67
2026-06-17T05:50:00Z,22.22,0.00018,0.02145,-14.26
2026-06-17T06:00:00Z,22.19,0.00032,0.02205,-15.82
2026-06-17T06:10:00Z,22.18,0.00136,0.02225,-17.35
2026-06-17T06:20:00Z,22.13,0.00166,0.0233,-18.83
2026-06-17T06:30:00Z,22.12,0.00206,0.02352,-20.27
2026-06-17T06:40:00Z,22.11,0.00162,0.02373,-21.67
2026-06-17T06:50:00Z,22.12,0.00139,0.02352,-23.01
2026-06-17T07:00:00Z,22.11,0.00025,0.02373,-24.31
2026-06-17T07:10:00Z,22.09,0.0004,0.02417,-25.55
2026-06-17T07:20:00Z,22.09,0.00082,0.02417,-26.74
2026-06-17T07:30:00Z,22.08,0.00086,0.0244,-27.87
2026-06-17T07:40:00Z,22.06,0.00091,0.02485,-28.93
2026-06-17T07:50:00Z,22.03,0.00105,0.02555,-29.93
2026-06-17T08:00:00Z,22,0.00517,0.02626,-30.85
2026-06-17T08:10:00Z,21.98,0.00594,0.02675,-31.71
2026-06-17T08:20:00Z,21.99,0.00741,0.02651,-32.48
2026-06-17T08:30:00Z,22.04,0.00002,0.02531,-33.18
2026-06-17T08:40:00Z,21.94,0.00001,0.02776,-33.79
2026-06-17T08:50:00Z,21.9,0.0018,0.0288,-34.32
2026-06-17T09:00:00Z,21.86,0.0022,0.02988,-34.76
2026-06-17T09:10:00Z,21.83,0.00018,0.03072,-35.11
2026-06-17T09:20:00Z,21.79,0.00001,0.03187,-35.37
2026-06-17T09:30:00Z,21.77,0.00002,0.03246,-35.53
2026-06-17T09:40:00Z,21.78,0.00004,0.03216,-35.61
2026-06-17T09:50:00Z,21.92,0.00001,0.02827,-35.58
2026-06-17T10:00:00Z,22.02,0.0005,0.02578,-35.47
2026-06-17T10:10:00Z,22.03,0.00145,0.02555,-35.26
2026-06-17T10:20:00Z,22.03,0.00012,0.02555,-34.95
2026-06-17T10:30:00Z,21.89,0.00032,0.02906,-34.56
2026-06-17T10:40:00Z,21.82,0.00085,0.031,-34.07
2026-06-17T10:50:00Z,21.76,0.00221,0.03276,-33.5
2026-06-17T11:00:00Z,21.52,0.00018,0.04087,-32.85
2026-06-17T11:10:00Z,20.72,0.00181,0.08538,-32.11
2026-06-17T11:20:00Z,19.3,0.00722,0.31577,-31.3
2026-06-17T11:30:00Z,17.76,0.00018,1.30426,-30.41
2026-06-17T11:40:00Z,15.83,0.0125,7.71553,-29.45
2026-06-17T11:50:00Z,13.45,0.00365,69.08211,-28.41
2026-06-18T02:40:00Z,10.36,0.17484,1189.50322,30.16
2026-06-18T02:50:00Z,12.29,0.16744,201.07849,28.1
2026-06-18T03:00:00Z,13.64,0.00242,57.99167,26.04
2026-06-18T03:10:00Z,16.28,0.1125,5.0976,23.99
2026-06-18T03:20:00Z,18.38,0.22898,0.73683,21.95
2026-06-18T03:30:00Z,19.72,0.07938,0.21447,19.91
2026-06-18T03:40:00Z,21.8,0.05304,0.03158,17.89
2026-06-18T03:50:00Z,22.48,0.10368,0.01688,15.87
2026-06-18T04:00:00Z,23.02,0.00012,0.01027,13.86
2026-06-18T04:10:00Z,22.39,0.0022,0.01834,11.86
2026-06-18T04:20:00Z,22.03,0.00025,0.02555,9.87
2026-06-18T04:30:00Z,21.99,0.0005,0.02651,7.9
2026-06-18T04:40:00Z,22.06,0.018,0.02485,5.94
2026-06-18T04:50:00Z,22.17,0.02738,0.02246,3.99
2026-06-18T05:00:00Z,22.42,0.00512,0.01784,2.06
2026-06-18T05:10:00Z,22.21,0.00113,0.02165,0.14
2026-06-18T05:20:00Z,22.28,0.00512,0.02029,-1.76
2026-06-18T05:30:00Z,22.31,0.00338,0.01974,-3.64
2026-06-18T05:40:00Z,22.45,0.0125,0.01735,-5.5
2026-06-18T05:50:00Z,22.38,0.07564,0.01851,-7.33
2026-06-18T06:00:00Z,22.36,0.01513,0.01885,-9.15
2026-06-18T06:10:00Z,22.89,0.28355,0.01157,-10.94
2026-06-18T06:20:00Z,22.74,0.30926,0.01329,-12.71
2026-06-18T06:30:00Z,22.46,0.30139,0.01719,-14.45
2026-06-18T06:40:00Z,22.35,0.22519,0.01903,-16.16
2026-06-18T06:50:00Z,22.28,0.06641,0.02029,-17.83
2026-06-18T07:00:00Z,22.29,0.04469,0.02011,-19.47
2026-06-18T07:10:00Z,22.22,0.00409,0.02145,-21.08
2026-06-18T07:20:00Z,22.17,0.00187,0.02246,-22.65
2026-06-18T07:30:00Z,22.12,0.00253,0.02352,-24.17
2026-06-18T07:40:00Z,22.08,0.00289,0.0244,-25.65
2026-06-18T07:50:00Z,22.06,0.01039,0.02485,-27.08
2026-06-18T08:00:00Z,22.04,0.00776,0.02531,-28.46
2026-06-18T08:10:00Z,22.01,0.01009,0.02602,-29.79
2026-06-18T08:20:00Z,22.09,0.01411,0.02417,-31.06
2026-06-18T08:30:00Z,22.01,0.00072,0.02602,-32.26
2026-06-18T08:40:00Z,21.92,0.00364,0.02827,-33.4
2026-06-18T08:50:00Z,21.87,0.00113,0.02961,-34.47
2026-06-18T09:00:00Z,21.84,0.00012,0.03043,-35.46
2026-06-18T09:10:00Z,21.83,0.00002,0.03072,-36.38
2026-06-18T09:20:00Z,21.86,0.00001,0.02988,-37.21
2026-06-18T09:30:00Z,21.88,0.00002,0.02933,-37.96
2026-06-18T09:40:00Z,21.86,0.00013,0.02988,-38.61
2026-06-18T09:50:00Z,21.86,0.00004,0.02988,-39.17
2026-06-18T10:00:00Z,21.91,0.00018,0.02853,-39.64
2026-06-18T10:10:00Z,21.89,0.00004,0.02906,-40
2026-06-18T10:20:00Z,21.86,0.00072,0.02988,-40.27
2026-06-18T10:30:00Z,21.85,0.00018,0.03016,-40.43
2026-06-18T10:40:00Z,21.86,0.00005,0.02988,-40.48
2026-06-18T10:50:00Z,21.85,0.00001,0.03016,-40.43
2026-06-18T11:00:00Z,21.69,0.00008,0.03494,-40.28
2026-06-18T11:10:00Z,21.05,0.00085,0.063,-40.02
2026-06-18T11:20:00Z,19.85,0.00544,0.19027,-39.66
2026-06-18T11:30:00Z,18.35,0.00032,0.75747,-39.2
2026-06-18T11:40:00Z,16.47,0.00338,4.27923,-38.64
2026-06-18T11:50:00Z,14.08,0.00032,38.66924,-37.99
2026-06-19T02:40:00Z,9.07,0.01201,3902.70407,38.63
2026-06-19T02:50:00Z,10.9,0.01512,723.37854,36.56
2026-06-19T03:00:00Z,13.26,0.00032,82.29352,34.48
2026-06-19T03:10:00Z,15.66,0.00364,9.0233,32.4
2026-06-19T03:20:00Z,17.55,0.01682,1.58258,30.32
2026-06-19T03:30:00Z,19.01,0.00722,0.41244,28.23
2026-06-19T03:40:00Z,20.31,0.00761,0.12456,26.15
2026-06-19T03:50:00Z,20.87,0.00061,0.07436,24.07
2026-06-19T04:00:00Z,21.07,0.0045,0.06185,21.99
2026-06-19T04:10:00Z,21.3,0.00002,0.05005,19.91
2026-06-19T04:20:00Z,21.67,0.00128,0.03559,17.84
2026-06-19T04:30:00Z,21.88,0.00001,0.02933,15.77
2026-06-19T04:40:00Z,21.91,0.00005,0.02853,13.71
2026-06-19T04:50:00Z,21.92,0.00002,0.02827,11.65
2026-06-19T05:00:00Z,21.92,0.00004,0.02827,9.61
2026-06-19T05:10:00Z,21.94,0.00002,0.02776,7.57
2026-06-19T05:20:00Z,21.96,0.00001,0.02725,5.54
2026-06-19T05:30:00Z,22.01,0.00001,0.02602,3.52
2026-06-19T05:40:00Z,22.07,0.00001,0.02462,1.51
2026-06-19T05:50:00Z,22.13,0.00002,0.0233,-0.49
2026-06-19T06:00:00Z,22.18,0.00001,0.02225,-2.47
2026-06-19T06:10:00Z,22.23,0.00622,0.02125,-4.44
2026-06-19T06:20:00Z,22.26,0.01048,0.02067,-6.4
2026-06-19T06:30:00Z,22.27,0.0118,0.02048,-8.33
2026-06-19T06:40:00Z,22.26,0.00882,0.02067,-10.25
2026-06-19T06:50:00Z,22.23,0.00379,0.02125,-12.15
2026-06-19T07:00:00Z,22.2,0.00095,0.02185,-14.03
2026-06-19T07:10:00Z,22.18,0.00016,0.02225,-15.89
2026-06-19T07:20:00Z,22.16,0.00017,0.02267,-17.72
2026-06-19T07:30:00Z,22.14,0.00006,0.02309,-19.53
2026-06-19T07:40:00Z,22.12,0.00052,0.02352,-21.31
2026-06-19T07:50:00Z,22.1,0.00111,0.02395,-23.05
2026-06-19T08:00:00Z,22.08,0.00229,0.0244,-24.77
2026-06-19T08:10:00Z,22.03,0.00213,0.02555,-26.44
2026-06-19T08:20:00Z,21.99,0.00126,0.02651,-28.08
2026-06-19T08:30:00Z,21.93,0.00008,0.02801,-29.68
2026-06-19T08:40:00Z,21.89,0.00004,0.02906,-31.23
2026-06-19T08:50:00Z,21.87,0.00008,0.02961,-32.73
2026-06-19T09:00:00Z,21.85,0.00001,0.03016,-34.18
2026-06-19T09:10:00Z,21.82,0.00002,0.031,-35.57
2026-06-19T09:20:00Z,21.78,0.00001,0.03216,-36.9
2026-06-19T09:30:00Z,21.75,0.00001,0.03306,-38.16
2026-06-19T09:40:00Z,21.75,0.00002,0.03306,-39.35
2026-06-19T09:50:00Z,21.76,0.00002,0.03276,-40.46
2026-06-19T10:00:00Z,21.77,0.00002,0.03246,-41.49
2026-06-19T10:10:00Z,21.79,0.00001,0.03187,-42.43
2026-06-19T10:20:00Z,21.83,0.00001,0.03072,-43.28
2026-06-19T10:30:00Z,21.84,0.00001,0.03043,-44.03
2026-06-19T10:40:00Z,21.83,0.00012,0.03072,-44.68
2026-06-19T10:50:00Z,21.81,0.00001,0.03129,-45.22
2026-06-19T11:00:00Z,21.64,0.00001,0.03659,-45.66
2026-06-19T11:10:00Z,21.02,0.00098,0.06477,-45.97
2026-06-19T11:20:00Z,19.82,0.0045,0.1956,-46.17
2026-06-19T11:30:00Z,18.26,0.00085,0.82294,-46.25
2026-06-19T11:40:00Z,16.36,0.00242,4.7355,-46.21
2026-06-19T11:50:00Z,13.96,0.00002,43.18825,-46.05
2026-06-20T02:40:00Z,8.98,0.01458,4239.99771,45.02
2026-06-20T02:50:00Z,10.79,0.008,800.5079,43.07
2026-06-20T03:00:00Z,13.15,0.00001,91.06796,41.09
2026-06-20T03:10:00Z,15.52,0.00032,10.26516,39.09
2026-06-20T03:20:00Z,17.5,0.00242,1.65716,37.08
2026-06-20T03:30:00Z,19.09,0.0004,0.38315,35.05
2026-06-20T03:40:00Z,20.37,0.00313,0.11786,33
2026-06-20T03:50:00Z,21.12,0.00098,0.05907,30.95
2026-06-20T04:00:00Z,21.43,0.00013,0.0444,28.89
2026-06-20T04:10:00Z,21.55,0.00001,0.03975,26.82
2026-06-20T04:20:00Z,21.62,0.00002,0.03727,24.74
2026-06-20T04:30:00Z,21.69,0.00004,0.03494,22.67
2026-06-20T04:40:00Z,21.77,0.00002,0.03246,20.58
2026-06-20T04:50:00Z,21.84,0.00001,0.03043,18.5
2026-06-20T05:00:00Z,21.87,0.00001,0.02961,16.41
2026-06-20T05:10:00Z,21.88,0.00002,0.02933,14.33
2026-06-20T05:20:00Z,21.88,0.00004,0.02933,12.25
2026-06-20T05:30:00Z,21.88,0.00002,0.02933,10.16
2026-06-20T05:40:00Z,21.9,0.00001,0.0288,8.09
2026-06-20T05:50:00Z,21.91,0.00001,0.02853,6.01
2026-06-20T06:00:00Z,21.93,0.00001,0.02801,3.94
2026-06-20T06:10:00Z,21.96,0.00031,0.02725,1.88
2026-06-20T06:20:00Z,21.99,0.00075,0.02651,-0.18
2026-06-20T06:30:00Z,22.01,0.00091,0.02602,-2.23
2026-06-20T06:40:00Z,22.02,0.00143,0.02578,-4.27
2026-06-20T06:50:00Z,22.02,0.00113,0.02578,-6.3
2026-06-20T07:00:00Z,22.04,0.00166,0.02531,-8.32
2026-06-20T07:10:00Z,22.03,0.00329,0.02555,-10.33
2026-06-20T07:20:00Z,22.03,0.00546,0.02555,-12.33
2026-06-20T07:30:00Z,22,0.00705,0.02626,-14.31
2026-06-20T07:40:00Z,21.96,0.00379,0.02725,-16.27
2026-06-20T07:50:00Z,21.91,0.00196,0.02853,-18.22
2026-06-20T08:00:00Z,21.85,0.00149,0.03016,-20.15
2026-06-20T08:10:00Z,21.82,0.00235,0.031,-22.06
2026-06-20T08:20:00Z,21.8,0.00235,0.03158,-23.95
2026-06-20T08:30:00Z,21.78,0.00002,0.03216,-25.81
2026-06-20T08:40:00Z,21.76,0.00001,0.03276,-27.64
2026-06-20T08:50:00Z,21.74,0.00001,0.03337,-29.44
2026-06-20T09:00:00Z,21.73,0.00001,0.03368,-31.21
2026-06-20T09:10:00Z,21.74,0.00001,0.03337,-32.95
2026-06-20T09:20:00Z,21.74,0.00001,0.03337,-34.64
2026-06-20T09:30:00Z,21.73,0.00004,0.03368,-36.29
2026-06-20T09:40:00Z,21.73,0.00001,0.03368,-37.9
2026-06-20T09:50:00Z,21.73,0.00002,0.03368,-39.45
2026-06-20T10:00:00Z,21.75,0.00001,0.03306,-40.95
2026-06-20T10:10:00Z,21.78,0.00002,0.03216,-42.38
2026-06-20T10:20:00Z,21.81,0.00001,0.03129,-43.75
2026-06-20T10:30:00Z,21.84,0.00001,0.03043,-45.04
2026-06-20T10:40:00Z,21.84,0.00001,0.03043,-46.25
2026-06-20T10:50:00Z,21.82,0.00005,0.031,-47.37
2026-06-20T11:00:00Z,21.62,0.00001,0.03727,-48.4
2026-06-20T11:10:00Z,20.93,0.00128,0.07037,-49.33
2026-06-20T11:20:00Z,19.65,0.00481,0.22875,-50.15
2026-06-20T11:30:00Z,18.01,0.0005,1.03601,-50.85
2026-06-20T11:40:00Z,16.13,0.00265,5.85283,-51.43
2026-06-20T11:50:00Z,13.85,0.00072,47.79315,-51.88
2026-06-21T02:40:00Z,8.95,0.01352,4358.78675,48.71
2026-06-21T02:50:00Z,10.76,0.00925,822.93517,47.06
2026-06-21T03:00:00Z,13.11,0.00002,94.4856,45.36
2026-06-21T03:10:00Z,15.48,0.00001,10.65039,43.61
2026-06-21T03:20:00Z,17.44,0.0006,1.75132,41.81
2026-06-21T03:30:00Z,18.97,0.00162,0.42792,39.97
2026-06-21T03:40:00Z,20.08,0.00265,0.15395,38.1
2026-06-21T03:50:00Z,20.66,0.0004,0.09023,36.2
2026-06-21T04:00:00Z,20.89,0.00002,0.07301,34.27
2026-06-21T04:10:00Z,21,0.00005,0.06597,32.31
2026-06-21T04:20:00Z,21.08,0.00008,0.06129,30.34
2026-06-21T04:30:00Z,21.15,0.00008,0.05746,28.34
2026-06-21T04:40:00Z,21.24,0.00008,0.05289,26.34
2026-06-21T04:50:00Z,21.31,0.00005,0.04959,24.31
2026-06-21T05:00:00Z,21.4,0.00002,0.04564,22.28
2026-06-21T05:10:00Z,21.47,0.00001,0.04279,20.23
2026-06-21T05:20:00Z,21.55,0.00001,0.03975,18.18
2026-06-21T05:30:00Z,21.62,0.00005,0.03727,16.11
2026-06-21T05:40:00Z,21.67,0.00005,0.03559,14.05
2026-06-21T05:50:00Z,21.7,0.00012,0.03462,11.97
2026-06-21T06:00:00Z,21.74,0.00001,0.03337,9.9
2026-06-21T06:10:00Z,21.82,0.0032,0.031,7.82
2026-06-21T06:20:00Z,21.89,0.00281,0.02906,5.74
2026-06-21T06:30:00Z,21.96,0.00092,0.02725,3.65
2026-06-21T06:40:00Z,22.04,0.00038,0.02531,1.57
2026-06-21T06:50:00Z,22.12,0.00571,0.02352,-0.51
2026-06-21T07:00:00Z,22.2,0.01775,0.02185,-2.59
2026-06-21T07:10:00Z,22.25,0.02933,0.02086,-4.66
2026-06-21T07:20:00Z,22.24,0.02585,0.02106,-6.73
2026-06-21T07:30:00Z,22.21,0.01395,0.02165,-8.8
2026-06-21T07:40:00Z,22.17,0.00366,0.02246,-10.86
2026-06-21T07:50:00Z,22.16,0.00061,0.02267,-12.91
2026-06-21T08:00:00Z,22.15,0.00172,0.02288,-14.95
2026-06-21T08:10:00Z,22.12,0.00434,0.02352,-16.99
2026-06-21T08:20:00Z,22.08,0.00395,0.0244,-19.01
2026-06-21T08:30:00Z,22.02,0.00253,0.02578,-21.02
2026-06-21T08:40:00Z,21.95,0.00001,0.0275,-23.02
2026-06-21T08:50:00Z,21.94,0.00001,0.02776,-25
2026-06-21T09:00:00Z,21.92,0.00025,0.02827,-26.97
2026-06-21T09:10:00Z,21.9,0.00025,0.0288,-28.91
2026-06-21T09:20:00Z,21.89,0.00001,0.02906,-30.84
2026-06-21T09:30:00Z,21.87,0.00001,0.02961,-32.74
2026-06-21T09:40:00Z,21.86,0.00002,0.02988,-34.62
2026-06-21T09:50:00Z,21.88,0.00002,0.02933,-36.46
2026-06-21T10:00:00Z,21.92,0.00002,0.02827,-38.28
2026-06-21T10:10:00Z,21.96,0.00001,0.02725,-40.06
2026-06-21T10:20:00Z,21.98,0.00002,0.02675,-41.8
2026-06-21T10:30:00Z,21.97,0.00002,0.027,-43.49
2026-06-21T10:40:00Z,21.95,0.00001,0.0275,-45.14
2026-06-21T10:50:00Z,21.93,0.00002,0.02801,-46.73
2026-06-21T11:00:00Z,21.72,0.00001,0.03399,-48.26
2026-06-21T11:10:00Z,21.06,0.00181,0.06243,-49.72
2026-06-21T11:20:00Z,19.8,0.00338,0.19923,-51.1
2026-06-21T11:30:00Z,18.15,0.00113,0.91068,-52.4
2026-06-21T11:40:00Z,16.17,0.00221,5.64112,-53.6
2026-06-21T11:50:00Z,13.87,0.00018,46.92082,-54.7
2026-06-21T12:00:00Z,11.47,0.00001,427.92299,-55.68
2026-06-22T02:40:00Z,9.04,0.0125,4012.04339,49.33
2026-06-22T02:50:00Z,10.79,0.00968,800.5079,48.18
2026-06-22T03:00:00Z,13.09,0.00098,96.24222,46.93
2026-06-22T03:10:00Z,15.44,0.00005,11.05009,45.59
2026-06-22T03:20:00Z,17.4,0.00005,1.81704,44.18
2026-06-22T03:30:00Z,18.83,0.002,0.48682,42.69
2026-06-22T03:40:00Z,19.76,0.00221,0.20671,41.14
2026-06-22T03:50:00Z,20.22,0.00005,0.13532,39.53
2026-06-22T04:00:00Z,20.41,0.00001,0.1136,37.86
2026-06-22T04:10:00Z,20.54,0.00002,0.10078,36.15
2026-06-22T04:20:00Z,20.64,0.00001,0.09191,34.4
2026-06-22T04:30:00Z,20.72,0.00001,0.08538,32.6
2026-06-22T04:40:00Z,20.8,0.00001,0.07932,30.77
2026-06-22T04:50:00Z,20.88,0.00004,0.07368,28.91
2026-06-22T05:00:00Z,20.96,0.00004,0.06845,27.03
2026-06-22T05:10:00Z,21.05,0.00001,0.063,25.11
2026-06-22T05:20:00Z,21.12,0.00005,0.05907,23.18
2026-06-22T05:30:00Z,21.2,0.00005,0.05487,21.22
2026-06-22T05:40:00Z,21.28,0.00001,0.05098,19.25
2026-06-22T05:50:00Z,21.33,0.00002,0.04868,17.26
2026-06-22T06:00:00Z,21.38,0.00001,0.04649,15.25
2026-06-22T06:10:00Z,21.43,0.00259,0.0444,13.24
2026-06-22T06:20:00Z,21.46,0.00091,0.04319,11.21
2026-06-22T06:30:00Z,21.48,0.00083,0.0424,9.17
2026-06-22T06:40:00Z,21.52,0.00209,0.04087,7.12
2026-06-22T06:50:00Z,21.56,0.00442,0.03939,5.07
2026-06-22T07:00:00Z,21.62,0.00479,0.03727,3.01
2026-06-22T07:10:00Z,21.69,0.00222,0.03494,0.95
2026-06-22T07:20:00Z,21.77,0.00319,0.03246,-1.12
2026-06-22T07:30:00Z,21.85,0.01094,0.03016,-3.2
2026-06-22T07:40:00Z,21.88,0.01721,0.02933,-5.27
2026-06-22T07:50:00Z,21.9,0.01737,0.0288,-7.34
2026-06-22T08:00:00Z,21.88,0.01057,0.02933,-9.42
2026-06-22T08:10:00Z,21.87,0.00269,0.02961,-11.49
2026-06-22T08:20:00Z,21.85,0.00078,0.03016,-13.57
2026-06-22T08:30:00Z,21.83,0.00052,0.03072,-15.64
2026-06-22T08:40:00Z,21.83,0.00001,0.03072,-17.7
2026-06-22T08:50:00Z,21.83,0.00002,0.03072,-19.76
2026-06-22T09:00:00Z,21.82,0.00002,0.031,-21.82
2026-06-22T09:10:00Z,21.82,0.00001,0.031,-23.87
2026-06-22T09:20:00Z,21.81,0.00002,0.03129,-25.91
2026-06-22T09:30:00Z,21.8,0.00002,0.03158,-27.94
2026-06-22T09:40:00Z,21.82,0.00001,0.031,-29.96
2026-06-22T09:50:00Z,21.85,0.00004,0.03016,-31.96
2026-06-22T10:00:00Z,21.88,0.00002,0.02933,-33.96
2026-06-22T10:10:00Z,21.9,0.00001,0.0288,-35.93
2026-06-22T10:20:00Z,21.93,0.00001,0.02801,-37.89
2026-06-22T10:30:00Z,21.96,0.00002,0.02725,-39.83
2026-06-22T10:40:00Z,21.97,0.00001,0.027,-41.74
2026-06-22T10:50:00Z,21.93,0.00002,0.02801,-43.62
2026-06-22T11:00:00Z,21.72,0.00004,0.03399,-45.48
2026-06-22T11:10:00Z,21.1,0.00072,0.06017,-47.3
2026-06-22T11:20:00Z,19.89,0.00288,0.18339,-49.07
2026-06-22T11:30:00Z,18.28,0.00162,0.80791,-50.8
2026-06-22T11:40:00Z,16.35,0.00181,4.77931,-52.48
2026-06-22T11:50:00Z,13.99,0.00032,42.01125,-54.1
2026-06-22T12:00:00Z,11.63,0.00061,369.28836,-55.65
2026-06-23T02:40:00Z,8.91,0.01104,4522.36511,47.08
2026-06-23T02:50:00Z,10.69,0.01201,877.73946,46.51
2026-06-23T03:00:00Z,12.99,0.00061,105.52749,45.82
2026-06-23T03:10:00Z,15.34,0.00001,12.11618,45.01
2026-06-23T03:20:00Z,17.25,0.00061,2.08625,44.1
2026-06-23T03:30:00Z,18.61,0.00264,0.59616,43.09
2026-06-23T03:40:00Z,19.41,0.00128,0.28534,41.99
2026-06-23T03:50:00Z,19.76,0.0004,0.20671,40.8
2026-06-23T04:00:00Z,19.89,0.00002,0.18339,39.52
2026-06-23T04:10:00Z,19.96,0.00005,0.17194,38.18
2026-06-23T04:20:00Z,20.06,0.00004,0.15681,36.76
2026-06-23T04:30:00Z,20.17,0.00001,0.1417,35.29
2026-06-23T04:40:00Z,20.26,0.00001,0.13043,33.75
2026-06-23T04:50:00Z,20.36,0.00001,0.11895,32.16
2026-06-23T05:00:00Z,20.46,0.00001,0.10848,30.53
2026-06-23T05:10:00Z,20.56,0.00002,0.09894,28.85
2026-06-23T05:20:00Z,20.65,0.00002,0.09107,27.13
2026-06-23T05:30:00Z,20.73,0.00002,0.0846,25.37
2026-06-23T05:40:00Z,20.82,0.00001,0.07787,23.58
2026-06-23T05:50:00Z,20.9,0.00001,0.07234,21.75
2026-06-23T06:00:00Z,20.99,0.00001,0.06658,19.9
2026-06-23T06:10:00Z,21.08,0.00091,0.06129,18.03
2026-06-23T06:20:00Z,21.16,0.00204,0.05693,16.13
2026-06-23T06:30:00Z,21.23,0.00246,0.05338,14.21
2026-06-23T06:40:00Z,21.29,0.00158,0.05051,12.27
2026-06-23T06:50:00Z,21.34,0.00052,0.04824,10.32
2026-06-23T07:00:00Z,21.4,0.00139,0.04564,8.34
2026-06-23T07:10:00Z,21.46,0.00861,0.04319,6.36
2026-06-23T07:20:00Z,21.53,0.01827,0.04049,4.36
2026-06-23T07:30:00Z,21.63,0.0154,0.03693,2.35
2026-06-23T07:40:00Z,21.78,0.01191,0.03216,0.33
2026-06-23T07:50:00Z,21.94,0.03107,0.02776,-1.7
2026-06-23T08:00:00Z,22.04,0.06236,0.02531,-3.74
2026-06-23T08:10:00Z,22.06,0.07591,0.02485,-5.78
2026-06-23T08:20:00Z,22.03,0.04867,0.02555,-7.83
2026-06-23T08:30:00Z,22,0.01719,0.02626,-9.88
2026-06-23T08:40:00Z,21.96,0.00013,0.02725,-11.94
2026-06-23T08:50:00Z,21.94,0.00001,0.02776,-14
2026-06-23T09:00:00Z,21.88,0.00004,0.02933,-16.07
2026-06-23T09:10:00Z,21.83,0.00018,0.03072,-18.13
2026-06-23T09:20:00Z,21.79,0.00012,0.03187,-20.2
2026-06-23T09:30:00Z,21.76,0.00001,0.03276,-22.27
2026-06-23T09:40:00Z,21.74,0.00001,0.03337,-24.33
2026-06-23T09:50:00Z,21.75,0.00001,0.03306,-26.39
2026-06-23T10:00:00Z,21.78,0.00002,0.03216,-28.45
2026-06-23T10:10:00Z,21.79,0.00001,0.03187,-30.51
2026-06-23T10:20:00Z,21.82,0.00008,0.031,-32.55
2026-06-23T10:30:00Z,21.85,0.00008,0.03016,-34.6
2026-06-23T10:40:00Z,21.86,0.00002,0.02988,-36.63
2026-06-23T10:50:00Z,21.83,0.00002,0.03072,-38.65
2026-06-23T11:00:00Z,21.61,0.00002,0.03762,-40.67
2026-06-23T11:10:00Z,20.99,0.00113,0.06658,-42.67
2026-06-23T11:20:00Z,19.81,0.00221,0.19741,-44.65
2026-06-23T11:30:00Z,18.28,0.00128,0.80791,-46.61
2026-06-23T11:40:00Z,16.41,0.00221,4.52237,-48.56
2026-06-23T11:50:00Z,14.04,0.00001,40.12043,-50.47
2026-06-23T12:00:00Z,11.55,0.00128,397.52608,-52.36
2026-06-24T02:40:00Z,8.39,0.00338,7300.71881,42.61
2026-06-24T02:50:00Z,10.43,0.01512,1115.23303,42.59
2026-06-24T03:00:00Z,12.76,0.00004,130.42643,42.45
2026-06-24T03:10:00Z,15.12,0.00684,14.83767,42.19
2026-06-24T03:20:00Z,16.96,0.03698,2.72499,41.82
2026-06-24T03:30:00Z,18.31,0.00722,0.7859,41.34
2026-06-24T03:40:00Z,18.8,0.00421,0.50046,40.75
2026-06-24T03:50:00Z,19.29,0.0006,0.31869,40.05
2026-06-24T04:00:00Z,19.4,0.00221,0.28798,39.26
2026-06-24T04:10:00Z,19.42,0.0125,0.28273,38.37
2026-06-24T04:20:00Z,19.46,0.002,0.2725,37.39
2026-06-24T04:30:00Z,19.73,0.00648,0.2125,36.33
2026-06-24T04:40:00Z,19.73,0.00841,0.2125,35.19
2026-06-24T04:50:00Z,19.66,0.00113,0.22666,33.97
2026-06-24T05:00:00Z,19.88,0.00001,0.18508,32.68
2026-06-24T05:10:00Z,19.98,0.0005,0.1688,31.33
2026-06-24T05:20:00Z,20.11,0.00032,0.14975,29.92
2026-06-24T05:30:00Z,20.26,0.00084,0.13043,28.45
2026-06-24T05:40:00Z,20.33,0.00648,0.12228,26.93
2026-06-24T05:50:00Z,20.4,0.0045,0.11465,25.36
2026-06-24T06:00:00Z,20.6,0.00008,0.09536,23.75
2026-06-24T06:10:00Z,20.57,0.01492,0.09803,22.09
2026-06-24T06:20:00Z,20.61,0.01651,0.09449,20.4
2026-06-24T06:30:00Z,20.68,0.04786,0.08859,18.68
2026-06-24T06:40:00Z,20.74,0.06094,0.08382,16.92
2026-06-24T06:50:00Z,20.75,0.05825,0.08305,15.13
2026-06-24T07:00:00Z,20.58,0.04513,0.09713,13.32
2026-06-24T07:10:00Z,20.47,0.13425,0.10749,11.48
2026-06-24T07:20:00Z,20.57,0.19655,0.09803,9.61
2026-06-24T07:30:00Z,20.58,0.228,0.09713,7.73
2026-06-24T07:40:00Z,20.91,0.14394,0.07167,5.83
2026-06-24T07:50:00Z,21.01,0.05851,0.06537,3.9
2026-06-24T08:00:00Z,21.27,0.03546,0.05145,1.97
2026-06-24T08:10:00Z,21.56,0.06006,0.03939,0.01
2026-06-24T08:20:00Z,21.75,0.1114,0.03306,-1.95
2026-06-24T08:30:00Z,21.85,0.17638,0.03016,-3.93
2026-06-24T08:40:00Z,21.88,0.00001,0.02933,-5.92
2026-06-24T08:50:00Z,21.85,0.00002,0.03016,-7.92
2026-06-24T09:00:00Z,21.82,0.00001,0.031,-9.93
2026-06-24T09:10:00Z,21.8,0.00018,0.03158,-11.95
2026-06-24T09:20:00Z,21.8,0.00001,0.03158,-13.97
2026-06-24T09:30:00Z,21.79,0.00001,0.03187,-16.01
2026-06-24T09:40:00Z,21.79,0.00005,0.03187,-18.04
2026-06-24T09:50:00Z,21.8,0.00002,0.03158,-20.09
2026-06-24T10:00:00Z,21.83,0.00001,0.03072,-22.13
2026-06-24T10:10:00Z,21.85,0.00001,0.03016,-24.18
2026-06-24T10:20:00Z,21.87,0.00004,0.02961,-26.24
2026-06-24T10:30:00Z,21.91,0.00001,0.02853,-28.29
2026-06-24T10:40:00Z,21.95,0.00002,0.0275,-30.35
2026-06-24T10:50:00Z,21.94,0.00002,0.02776,-32.4
2026-06-24T11:00:00Z,21.77,0.00012,0.03246,-34.46
2026-06-24T11:10:00Z,21.23,0.00061,0.05338,-36.51
2026-06-24T11:20:00Z,20.15,0.0022,0.14433,-38.56
2026-06-24T11:30:00Z,18.64,0.00145,0.57992,-40.6
2026-06-24T11:40:00Z,16.77,0.00061,3.24613,-42.64
2026-06-24T11:50:00Z,14.33,0.00024,30.71607,-44.68
2026-06-24T12:00:00Z,11.8,0.0022,315.76619,-46.7
2026-06-25T02:40:00Z,9.53,0.00128,2554.85126,36.65
2026-06-25T02:50:00Z,11.38,0.00264,464.9065,37.09
2026-06-25T03:00:00Z,13.35,0.051,75.74703,37.42
2026-06-25T03:10:00Z,15.28,0.01352,12.80459,37.66
2026-06-25T03:20:00Z,17.4,0.10804,1.81704,37.79
2026-06-25T03:30:00Z,18.7,0.008,0.54874,37.81
2026-06-25T03:40:00Z,18.66,0.04512,0.56933,37.73
2026-06-25T03:50:00Z,18.75,0.03785,0.52404,37.54
2026-06-25T04:00:00Z,18.57,0.018,0.61854,37.25
2026-06-25T04:10:00Z,19.07,0.032,0.39027,36.86
2026-06-25T04:20:00Z,19.38,0.018,0.29334,36.37
2026-06-25T04:30:00Z,18.9,0.013,0.45642,35.78
2026-06-25T04:40:00Z,18.43,0.013,0.70366,35.09
2026-06-25T04:50:00Z,18.57,0.0238,0.61854,34.32
2026-06-25T05:00:00Z,18.81,0.0076,0.49587,33.46
2026-06-25T05:10:00Z,18.64,0.0004,0.57992,32.51
2026-06-25T05:20:00Z,18.75,0.03362,0.52404,31.49
2026-06-25T05:30:00Z,18.75,0.01404,0.52404,30.39
2026-06-25T05:40:00Z,18.55,0.00085,0.63004,29.23
2026-06-25T05:50:00Z,18.97,0.02665,0.42792,27.99
2026-06-25T06:00:00Z,19.48,0.03612,0.26753,26.7
2026-06-25T06:10:00Z,19.95,0.85814,0.17353,25.35
2026-06-25T06:20:00Z,19.65,0.97849,0.22875,23.94
2026-06-25T06:30:00Z,19.43,0.56186,0.28013,22.48
2026-06-25T06:40:00Z,19.31,0.31331,0.31287,20.98
2026-06-25T06:50:00Z,19.35,0.32013,0.30155,19.43
2026-06-25T07:00:00Z,19.64,0.46718,0.23087,17.84
2026-06-25T07:10:00Z,19.71,0.371,0.21645,16.21
2026-06-25T07:20:00Z,19.7,0.22271,0.21846,14.55
2026-06-25T07:30:00Z,20.44,0.18928,0.1105,12.85
2026-06-25T07:40:00Z,20.68,0.22146,0.08859,11.12
2026-06-25T07:50:00Z,20.73,0.26748,0.0846,9.37
2026-06-25T08:00:00Z,20.91,0.28121,0.07167,7.59
2026-06-25T08:10:00Z,20.99,0.01552,0.06658,5.78
2026-06-25T08:20:00Z,21.08,0.02125,0.06129,3.95
2026-06-25T08:30:00Z,21.21,0.03031,0.05437,2.1
2026-06-25T08:40:00Z,21.25,0.00004,0.0524,0.23
2026-06-25T08:50:00Z,21.55,0.00084,0.03975,-1.66
2026-06-25T09:00:00Z,21.72,0.00613,0.03399,-3.56
2026-06-25T09:10:00Z,21.78,0.00761,0.03216,-5.48
2026-06-25T09:20:00Z,21.79,0.00002,0.03187,-7.41
2026-06-25T09:30:00Z,21.79,0.00018,0.03187,-9.36
2026-06-25T09:40:00Z,21.79,0.00008,0.03187,-11.32
2026-06-25T09:50:00Z,21.81,0.00001,0.03129,-13.29
2026-06-25T10:00:00Z,21.84,0.00002,0.03043,-15.27
2026-06-25T10:10:00Z,21.86,0.00001,0.02988,-17.26
2026-06-25T10:20:00Z,21.87,0.00002,0.02961,-19.26
2026-06-25T10:30:00Z,21.88,0.00001,0.02933,-21.26
2026-06-25T10:40:00Z,21.89,0.00001,0.02906,-23.28
2026-06-25T10:50:00Z,21.91,0.00001,0.02853,-25.29
2026-06-25T11:00:00Z,21.79,0.00001,0.03187,-27.32
2026-06-25T11:10:00Z,21.26,0.00112,0.05192,-29.35
2026-06-25T11:20:00Z,20.13,0.00364,0.14702,-31.38
2026-06-25T11:30:00Z,18.63,0.00181,0.58528,-33.42
2026-06-25T11:40:00Z,16.78,0.00265,3.21637,-35.46
2026-06-25T11:50:00Z,14.34,0.00002,30.43446,-37.5
2026-06-25T12:00:00Z,11.9,0.00288,287.98218,-39.54
2026-06-26T02:40:00Z,9.18,0.012,3526.67648,29.76
2026-06-26T02:50:00Z,10.83,0.01861,771.55275,30.57
2026-06-26T03:00:00Z,13.12,0.00392,93.61935,31.3
2026-06-26T03:10:00Z,15.56,0.0004,9.89386,31.95
2026-06-26T03:20:00Z,17.54,0.0006,1.59722,32.5
2026-06-26T03:30:00Z,18.78,0.02048,0.50976,32.97
2026-06-26T03:40:00Z,19.37,0.00008,0.29605,33.35
2026-06-26T03:50:00Z,19.42,0.00312,0.28273,33.63
2026-06-26T04:00:00Z,19.57,0.04608,0.24624,33.81
2026-06-26T04:10:00Z,19.78,0.0006,0.20294,33.9
2026-06-26T04:20:00Z,20.3,0.06498,0.12571,33.89
2026-06-26T04:30:00Z,20.17,0.0005,0.1417,33.78
2026-06-26T04:40:00Z,19.5,0.162,0.26264,33.58
2026-06-26T04:50:00Z,19.43,0.04324,0.28013,33.28
2026-06-26T05:00:00Z,20.06,0.02665,0.15681,32.88
2026-06-26T05:10:00Z,19.59,0.00024,0.24175,32.39
2026-06-26T05:20:00Z,18.95,0.03872,0.43588,31.82
2026-06-26T05:30:00Z,18.87,0.00008,0.46921,31.15
2026-06-26T05:40:00Z,19.42,0.00162,0.28273,30.41
2026-06-26T05:50:00Z,19.72,0.00001,0.21447,29.58
2026-06-26T06:00:00Z,19.81,0.00005,0.19741,28.67
2026-06-26T06:10:00Z,19.87,0.25498,0.1868,27.69
2026-06-26T06:20:00Z,19.91,0.04366,0.18004,26.64
2026-06-26T06:30:00Z,19.96,0.00118,0.17194,25.52
2026-06-26T06:40:00Z,20.01,0.00125,0.1642,24.34
2026-06-26T06:50:00Z,20.06,0.00192,0.15681,23.1
2026-06-26T07:00:00Z,20.13,0.00142,0.14702,21.81
2026-06-26T07:10:00Z,20.21,0.00105,0.13657,20.46
2026-06-26T07:20:00Z,20.28,0.00071,0.12805,19.06
2026-06-26T07:30:00Z,20.35,0.001,0.12005,17.61
2026-06-26T07:40:00Z,20.43,0.00138,0.11152,16.12
2026-06-26T07:50:00Z,20.47,0.00124,0.10749,14.59
2026-06-26T08:00:00Z,20.53,0.00286,0.10171,13.02
2026-06-26T08:10:00Z,20.58,0.00347,0.09713,11.41
2026-06-26T08:20:00Z,20.68,0.00424,0.08859,9.77
2026-06-26T08:30:00Z,20.78,0.00346,0.08079,8.1
2026-06-26T08:40:00Z,20.85,0.00013,0.07575,6.4
2026-06-26T08:50:00Z,20.95,0.00004,0.06908,4.68
2026-06-26T09:00:00Z,21.07,0.00018,0.06185,2.93
2026-06-26T09:10:00Z,21.25,0.00001,0.0524,1.15
2026-06-26T09:20:00Z,21.47,0.00008,0.04279,-0.65
2026-06-26T09:30:00Z,21.7,0.00002,0.03462,-2.47
2026-06-26T09:40:00Z,21.86,0.00004,0.02988,-4.31
2026-06-26T09:50:00Z,21.92,0.00032,0.02827,-6.16
2026-06-26T10:00:00Z,21.96,0.00004,0.02725,-8.04
2026-06-26T10:10:00Z,21.99,0.00032,0.02651,-9.93
2026-06-26T10:20:00Z,22.01,0.00001,0.02602,-11.83
2026-06-26T10:30:00Z,22.04,0.00001,0.02531,-13.75
2026-06-26T10:40:00Z,22.05,0.00002,0.02508,-15.68
2026-06-26T10:50:00Z,22.03,0.00004,0.02555,-17.62
2026-06-26T11:00:00Z,21.87,0.00001,0.02961,-19.57
2026-06-26T11:10:00Z,21.27,0.00061,0.05145,-21.53
2026-06-26T11:20:00Z,20.09,0.0045,0.15253,-23.5
2026-06-26T11:30:00Z,18.55,0.00098,0.63004,-25.48
2026-06-26T11:40:00Z,16.64,0.00242,3.65903,-27.47
2026-06-26T11:50:00Z,14.31,0.00001,31.28712,-29.46
2026-06-26T12:00:00Z,11.97,0.00012,270.00115,-31.46
2026-06-27T02:40:00Z,9.2,0.00968,3462.30738,22.31
2026-06-27T02:50:00Z,10.76,0.0245,822.93517,23.42
2026-06-27T03:00:00Z,12.97,0.012,107.4894,24.47
2026-06-27T03:10:00Z,15.39,0.00288,11.57086,25.46
2026-06-27T03:20:00Z,17.32,0.11401,1.95599,26.37
2026-06-27T03:30:00Z,18.27,0.18625,0.81539,27.21
2026-06-27T03:40:00Z,18.48,0.162,0.67199,27.98
2026-06-27T03:50:00Z,19.46,0.08844,0.2725,28.66
2026-06-27T04:00:00Z,19.28,0.0022,0.32164,29.27
2026-06-27T04:10:00Z,19.74,0.08844,0.21056,29.79
2026-06-27T04:20:00Z,19.51,0.08192,0.26023,30.23
2026-06-27T04:30:00Z,18.8,0.01012,0.50046,30.57
2026-06-27T04:40:00Z,18.94,0.03612,0.43991,30.83
2026-06-27T04:50:00Z,18.65,0.0252,0.5746,31
2026-06-27T05:00:00Z,18.38,0.16928,0.73683,31.07
2026-06-27T05:10:00Z,18.98,0.242,0.424,31.06
2026-06-27T05:20:00Z,19.74,0.00968,0.21056,30.95
2026-06-27T05:30:00Z,18.82,0.03042,0.49132,30.75
2026-06-27T05:40:00Z,18.42,0.22261,0.71018,30.46
2026-06-27T05:50:00Z,18.98,0.66978,0.424,30.08
2026-06-27T06:00:00Z,19.72,0.18432,0.21447,29.61
2026-06-27T06:10:00Z,18.53,1.0462,0.64175,29.06
2026-06-27T06:20:00Z,19.07,1.09179,0.39027,28.42
2026-06-27T06:30:00Z,19.42,0.88239,0.28273,27.71
2026-06-27T06:40:00Z,19.26,0.83166,0.32762,26.91
2026-06-27T06:50:00Z,19.13,0.50652,0.36929,26.05
2026-06-27T07:00:00Z,18.9,0.13545,0.45642,25.11
2026-06-27T07:10:00Z,18.87,0.21226,0.46921,24.1
2026-06-27T07:20:00Z,19.01,0.19034,0.41244,23.03
2026-06-27T07:30:00Z,18.82,0.3356,0.49132,21.9
2026-06-27T07:40:00Z,19.2,0.3356,0.34623,20.71
2026-06-27T07:50:00Z,19.15,0.25058,0.36255,19.46
2026-06-27T08:00:00Z,19.7,0.20208,0.21846,18.16
2026-06-27T08:10:00Z,20.03,0.33928,0.1612,16.81
2026-06-27T08:20:00Z,20.06,0.76237,0.15681,15.41
2026-06-27T08:30:00Z,20.17,0.89477,0.1417,13.97
2026-06-27T08:40:00Z,19.93,0.00722,0.17675,12.49
2026-06-27T08:50:00Z,19.51,0.00924,0.26023,10.97
2026-06-27T09:00:00Z,19.44,0.00145,0.27757,9.41
2026-06-27T09:10:00Z,19.64,0.01404,0.23087,7.82
2026-06-27T09:20:00Z,19.88,0.00032,0.18508,6.2
2026-06-27T09:30:00Z,20.35,0.00265,0.12005,4.55
2026-06-27T09:40:00Z,20.67,0.00181,0.08941,2.87
2026-06-27T09:50:00Z,20.96,0.00722,0.06845,1.16
2026-06-27T10:00:00Z,21.26,0.00072,0.05192,-0.57
2026-06-27T10:10:00Z,21.56,0.00008,0.03939,-2.33
2026-06-27T10:20:00Z,21.87,0.00001,0.02961,-4.1
2026-06-27T10:30:00Z,22.02,0.00001,0.02578,-5.9
2026-06-27T10:40:00Z,22.05,0.00145,0.02508,-7.72
2026-06-27T10:50:00Z,22,0.00008,0.02626,-9.55
2026-06-27T11:00:00Z,21.8,0.00008,0.03158,-11.4
2026-06-27T11:10:00Z,21.17,0.00024,0.05641,-13.27
2026-06-27T11:20:00Z,20.05,0.00392,0.15826,-15.15
2026-06-27T11:30:00Z,18.5,0.00018,0.65973,-17.04
2026-06-27T11:40:00Z,16.64,0.00018,3.65903,-18.95
2026-06-27T11:50:00Z,14.41,0.00072,28.53419,-20.87
2026-06-27T12:00:00Z,12.1,0.00018,239.53315,-22.8
2026-06-28T02:40:00Z,8.87,0.01012,4692.08231,14.55
2026-06-28T02:50:00Z,10.6,0.01201,953.59864,15.91
2026-06-28T03:00:00Z,12.87,0.00098,117.85978,17.22
2026-06-28T03:10:00Z,15.23,0.00012,13.40805,18.48
2026-06-28T03:20:00Z,17.19,0.00002,2.20478,19.68
2026-06-28T03:30:00Z,18.61,0.00578,0.59616,20.83
2026-06-28T03:40:00Z,19.44,0.00145,0.27757,21.93
2026-06-28T03:50:00Z,19.7,0.00008,0.21846,22.96
2026-06-28T04:00:00Z,19.73,0.00005,0.2125,23.92
2026-06-28T04:10:00Z,19.7,0.00001,0.21846,24.82
2026-06-28T04:20:00Z,19.65,0.00001,0.22875,25.65
2026-06-28T04:30:00Z,19.61,0.00001,0.23734,26.4
2026-06-28T04:40:00Z,19.57,0.00001,0.24624,27.08
2026-06-28T04:50:00Z,19.53,0.00001,0.25549,27.67
2026-06-28T05:00:00Z,19.5,0.00001,0.26264,28.19
2026-06-28T05:10:00Z,19.48,0.00002,0.26753,28.62
2026-06-28T05:20:00Z,19.46,0.00001,0.2725,28.97
2026-06-28T05:30:00Z,19.43,0.00001,0.28013,29.23
2026-06-28T05:40:00Z,19.41,0.00001,0.28534,29.41
2026-06-28T05:50:00Z,19.39,0.00008,0.29065,29.49
2026-06-28T06:00:00Z,19.38,0.00018,0.29334,29.49
2026-06-28T06:10:00Z,19.38,0.00048,0.29334,29.39
2026-06-28T06:20:00Z,19.35,0.00234,0.30155,29.21
2026-06-28T06:30:00Z,19.35,0.00254,0.30155,28.94
2026-06-28T06:40:00Z,19.35,0.00318,0.30155,28.59
2026-06-28T06:50:00Z,19.39,0.00231,0.29065,28.15
2026-06-28T07:00:00Z,19.39,0.00097,0.29065,27.62
2026-06-28T07:10:00Z,19.42,0.00294,0.28273,27.02
2026-06-28T07:20:00Z,19.41,0.00346,0.28534,26.33
2026-06-28T07:30:00Z,19.45,0.00646,0.27502,25.57
2026-06-28T07:40:00Z,19.52,0.00513,0.25785,24.74
2026-06-28T07:50:00Z,19.55,0.00352,0.25082,23.84
2026-06-28T08:00:00Z,19.63,0.00055,0.23301,22.87
2026-06-28T08:10:00Z,19.68,0.00057,0.22252,21.83
2026-06-28T08:20:00Z,19.73,0.00084,0.2125,20.73
2026-06-28T08:30:00Z,19.79,0.00048,0.20108,19.58
2026-06-28T08:40:00Z,19.86,0.00001,0.18852,18.37
2026-06-28T08:50:00Z,19.93,0.00001,0.17675,17.1
2026-06-28T09:00:00Z,19.99,0.00001,0.16725,15.79
2026-06-28T09:10:00Z,20.03,0.00001,0.1612,14.43
2026-06-28T09:20:00Z,20.13,0.00001,0.14702,13.03
2026-06-28T09:30:00Z,20.17,0.00032,0.1417,11.58
2026-06-28T09:40:00Z,20.27,0.00072,0.12923,10.1
2026-06-28T09:50:00Z,20.38,0.00072,0.11678,8.57
2026-06-28T10:00:00Z,20.47,0.00012,0.10749,7.02
2026-06-28T10:10:00Z,20.58,0.00005,0.09713,5.43
2026-06-28T10:20:00Z,20.73,0.00008,0.0846,3.8
2026-06-28T10:30:00Z,20.93,0.00002,0.07037,2.15
2026-06-28T10:40:00Z,21.19,0.00001,0.05538,0.48
2026-06-28T10:50:00Z,21.47,0.00001,0.04279,-1.22
2026-06-28T11:00:00Z,21.61,0.00008,0.03762,-2.95
2026-06-28T11:10:00Z,21.18,0.00128,0.05589,-4.7
2026-06-28T11:20:00Z,19.97,0.00925,0.17036,-6.47
2026-06-28T11:30:00Z,18.33,0.00221,0.77155,-8.26
2026-06-28T11:40:00Z,16.56,0.00613,3.93882,-10.07
2026-06-28T11:50:00Z,14.37,0.0045,29.60504,-11.89
2026-06-28T12:00:00Z,11.96,0.00421,272.49944,-13.74
2026-06-29T02:40:00Z,8.82,0.01152,4913.21333,6.64
2026-06-29T02:50:00Z,10.57,0.0125,980.31494,8.2
2026-06-29T03:00:00Z,12.87,0.00032,117.85978,9.73
2026-06-29T03:10:00Z,15.24,0.00018,13.28512,11.22
2026-06-29T03:20:00Z,17.18,0.00002,2.22518,12.66
2026-06-29T03:30:00Z,18.61,0.00512,0.59616,14.07
2026-06-29T03:40:00Z,19.47,0.00242,0.27,15.43
2026-06-29T03:50:00Z,19.74,0.00004,0.21056,16.75
2026-06-29T04:00:00Z,19.74,0.00005,0.21056,18.02
2026-06-29T04:10:00Z,19.69,0.00001,0.22048,19.23
2026-06-29T04:20:00Z,19.62,0.00002,0.23516,20.39
2026-06-29T04:30:00Z,19.56,0.00005,0.24852,21.49
2026-06-29T04:40:00Z,19.5,0.00002,0.26264,22.54
2026-06-29T04:50:00Z,19.46,0.00001,0.2725,23.51
2026-06-29T05:00:00Z,19.41,0.00001,0.28534,24.42
2026-06-29T05:10:00Z,19.37,0.00001,0.29605,25.26
2026-06-29T05:20:00Z,19.33,0.00001,0.30716,26.03
2026-06-29T05:30:00Z,19.3,0.00001,0.31577,26.72
2026-06-29T05:40:00Z,19.27,0.00001,0.32461,27.34
2026-06-29T05:50:00Z,19.25,0.00001,0.33065,27.87
2026-06-29T06:00:00Z,19.24,0.00001,0.33371,28.32
2026-06-29T06:10:00Z,19.23,0.00034,0.33679,28.69
2026-06-29T06:20:00Z,19.22,0.00007,0.33991,28.97
2026-06-29T06:30:00Z,19.21,0.00011,0.34306,29.17
2026-06-29T06:40:00Z,19.19,0.00028,0.34943,29.27
2026-06-29T06:50:00Z,19.18,0.00047,0.35267,29.29
2026-06-29T07:00:00Z,19.18,0.00078,0.35267,29.22
2026-06-29T07:10:00Z,19.18,0.00086,0.35267,29.06
2026-06-29T07:20:00Z,19.18,0.00071,0.35267,28.81
2026-06-29T07:30:00Z,19.19,0.00111,0.34943,28.48
2026-06-29T07:40:00Z,19.2,0.00115,0.34623,28.06
2026-06-29T07:50:00Z,19.22,0.00097,0.33991,27.56
2026-06-29T08:00:00Z,19.25,0.0006,0.33065,26.98
2026-06-29T08:10:00Z,19.27,0.00035,0.32461,26.31
2026-06-29T08:20:00Z,19.3,0.00039,0.31577,25.58
2026-06-29T08:30:00Z,19.33,0.00899,0.30716,24.76
2026-06-29T08:40:00Z,19.36,0.00001,0.29879,23.88
2026-06-29T08:50:00Z,19.36,0.00001,0.29879,22.93
2026-06-29T09:00:00Z,19.52,0.00005,0.25785,21.91
2026-06-29T09:10:00Z,19.52,0.00181,0.25785,20.83
2026-06-29T09:20:00Z,19.62,0.00512,0.23516,19.7
2026-06-29T09:30:00Z,19.7,0.00338,0.21846,18.5
2026-06-29T09:40:00Z,19.74,0.00072,0.21056,17.25
2026-06-29T09:50:00Z,19.8,0.00002,0.19923,15.96
2026-06-29T10:00:00Z,19.88,0.00018,0.18508,14.61
2026-06-29T10:10:00Z,20.07,0.00001,0.15537,13.22
2026-06-29T10:20:00Z,20.1,0.00041,0.15114,11.79
2026-06-29T10:30:00Z,20.1,0.00365,0.15114,10.32
2026-06-29T10:40:00Z,20.15,0.00084,0.14433,8.8
2026-06-29T10:50:00Z,20.25,0.00032,0.13163,7.26
2026-06-29T11:00:00Z,20.32,0.00001,0.12341,5.68
2026-06-29T11:10:00Z,20.24,0.00032,0.13285,4.07
2026-06-29T11:20:00Z,19.7,0.00072,0.21846,2.43
2026-06-29T11:30:00Z,18.48,0.00481,0.67199,0.76
2026-06-29T11:40:00Z,16.77,0.00242,3.24613,-0.94
2026-06-29T11:50:00Z,14.63,0.0018,23.30052,-2.65
2026-06-29T12:00:00Z,12.28,0.00018,202.93905,-4.4
2026-06-30T02:40:00Z,8.72,0.04705,5387.23129,-1.28
2026-06-30T02:50:00Z,10.34,0.01058,1211.61773,0.45
2026-06-30T03:00:00Z,12.89,0.00025,115.7086,2.15
2026-06-30T03:10:00Z,15.4,0.00008,11.46478,3.83
2026-06-30T03:20:00Z,17.41,0.00004,1.80039,5.47
2026-06-30T03:30:00Z,18.85,0.00544,0.47793,7.09
2026-06-30T03:40:00Z,19.68,0.00221,0.22252,8.68
2026-06-30T03:50:00Z,19.93,0.00002,0.17675,10.23
2026-06-30T04:00:00Z,19.93,0.00002,0.17675,11.75
2026-06-30T04:10:00Z,19.89,0.00001,0.18339,13.23
2026-06-30T04:20:00Z,19.83,0.00002,0.19381,14.67
2026-06-30T04:30:00Z,19.77,0.00004,0.20482,16.06
2026-06-30T04:40:00Z,19.71,0.00001,0.21645,17.41
2026-06-30T04:50:00Z,19.63,0.00001,0.23301,18.71
2026-06-30T05:00:00Z,19.56,0.00002,0.24852,19.96
2026-06-30T05:10:00Z,19.49,0.00001,0.26507,21.15
2026-06-30T05:20:00Z,19.43,0.00002,0.28013,22.28
2026-06-30T05:30:00Z,19.36,0.00013,0.29879,23.36
2026-06-30T05:40:00Z,19.29,0.00001,0.31869,24.37
2026-06-30T05:50:00Z,19.24,0.00085,0.33371,25.31
2026-06-30T06:00:00Z,19.16,0.00025,0.35922,26.19
2026-06-30T06:10:00Z,19.04,0.01017,0.4012,26.99
2026-06-30T06:20:00Z,19.01,0.01178,0.41244,27.71
2026-06-30T06:30:00Z,19,0.01027,0.41626,28.36
2026-06-30T06:40:00Z,18.99,0.00654,0.42011,28.92
2026-06-30T06:50:00Z,18.95,0.42102,0.43588,29.4
2026-06-30T07:00:00Z,18.9,0.61759,0.45642,29.8
2026-06-30T07:10:00Z,18.82,0.4826,0.49132,30.11
2026-06-30T07:20:00Z,17.98,0.5014,1.06504,30.32
2026-06-30T07:30:00Z,17.66,0.6838,1.4301,30.45
2026-06-30T07:40:00Z,17.8,0.73217,1.25709,30.49
2026-06-30T07:50:00Z,17.92,0.81975,1.12555,30.44
2026-06-30T08:00:00Z,17.97,0.28093,1.07489,30.29
2026-06-30T08:10:00Z,17.78,0.15438,1.28046,30.06
2026-06-30T08:20:00Z,18.21,0.20045,0.86172,29.73
2026-06-30T08:30:00Z,18.54,0.52867,0.63587,29.32
2026-06-30T08:40:00Z,18.53,0.02592,0.64175,28.83
2026-06-30T08:50:00Z,18.34,0.00288,0.76448,28.25
2026-06-30T09:00:00Z,17.88,0.00128,1.16779,27.59
2026-06-30T09:10:00Z,18.37,0.0004,0.74364,26.85
2026-06-30T09:20:00Z,19.12,0.07442,0.37271,26.03
2026-06-30T09:30:00Z,19.07,0.0238,0.39027,25.15
2026-06-30T09:40:00Z,19.16,0.05618,0.35922,24.19
2026-06-30T09:50:00Z,19.23,0.04418,0.33679,23.16
2026-06-30T10:00:00Z,19.29,0.00128,0.31869,22.08
2026-06-30T10:10:00Z,19.35,0.00001,0.30155,20.93
2026-06-30T10:20:00Z,19.42,0.00001,0.28273,19.72
2026-06-30T10:30:00Z,19.5,0.00001,0.26264,18.47
2026-06-30T10:40:00Z,19.6,0.00001,0.23953,17.15
2026-06-30T10:50:00Z,19.7,0.00001,0.21846,15.8
2026-06-30T11:00:00Z,19.75,0.00002,0.20862,14.39
2026-06-30T11:10:00Z,19.81,0.00012,0.19741,12.94
2026-06-30T11:20:00Z,19.42,0.00018,0.28273,11.45
2026-06-30T11:30:00Z,18.41,0.01058,0.71675,9.93
2026-06-30T11:40:00Z,16.8,0.00144,3.15766,8.37
2026-06-30T11:50:00Z,14.65,0.00002,22.87524,6.77
2026-06-30T12:00:00Z,12.22,0.00018,214.46954,5.14
2026-07-01T02:40:00Z,8.83,0.01741,4868.16872,-9.11
2026-07-01T02:50:00Z,10.62,0.00722,936.1935,-7.24
2026-07-01T03:00:00Z,13,0.00018,104.56001,-5.39
2026-07-01T03:10:00Z,15.38,0.0005,11.67792,-3.56
2026-07-01T03:20:00Z,17.38,0.00544,1.85083,-1.75
2026-07-01T03:30:00Z,19.06,0.00242,0.39388,0.04
2026-07-01T03:40:00Z,20.32,0.00722,0.12341,1.81
2026-07-01T03:50:00Z,20.83,0.00113,0.07716,3.56
2026-07-01T04:00:00Z,20.81,0.00025,0.07859,5.28
2026-07-01T04:10:00Z,20.64,0.00025,0.09191,6.97
2026-07-01T04:20:00Z,20.47,0.00005,0.10749,8.63
2026-07-01T04:30:00Z,20.37,0.00005,0.11786,10.27
2026-07-01T04:40:00Z,20.27,0.00001,0.12923,11.87
2026-07-01T04:50:00Z,20.2,0.00002,0.13784,13.43
2026-07-01T05:00:00Z,20.13,0.00001,0.14702,14.96
2026-07-01T05:10:00Z,20.07,0.00001,0.15537,16.45
2026-07-01T05:20:00Z,20,0.00001,0.16572,17.89
2026-07-01T05:30:00Z,19.92,0.00001,0.17839,19.29
2026-07-01T05:40:00Z,19.84,0.00001,0.19203,20.64
2026-07-01T05:50:00Z,19.76,0.00001,0.20671,21.94
2026-07-01T06:00:00Z,19.68,0.00001,0.22252,23.18
2026-07-01T06:10:00Z,19.61,0.00136,0.23734,24.36
2026-07-01T06:20:00Z,19.55,0.00195,0.25082,25.49
2026-07-01T06:30:00Z,19.49,0.00156,0.26507,26.55
2026-07-01T06:40:00Z,19.44,0.00097,0.27757,27.53
2026-07-01T06:50:00Z,19.4,0.00087,0.28798,28.45
2026-07-01T07:00:00Z,19.35,0.00061,0.30155,29.29
2026-07-01T07:10:00Z,19.31,0.00026,0.31287,30.06
2026-07-01T07:20:00Z,19.28,0.00022,0.32164,30.74
2026-07-01T07:30:00Z,19.24,0.00025,0.33371,31.34
2026-07-01T07:40:00Z,19.2,0.00032,0.34623,31.85
2026-07-01T07:50:00Z,19.17,0.00089,0.35593,32.27
2026-07-01T08:00:00Z,19.14,0.00151,0.3659,32.59
2026-07-01T08:10:00Z,19.12,0.00175,0.37271,32.83
2026-07-01T08:20:00Z,19.11,0.00151,0.37615,32.97
2026-07-01T08:30:00Z,19.1,0.00089,0.37963,33.01
2026-07-01T08:40:00Z,19.1,0.00001,0.37963,32.96
2026-07-01T08:50:00Z,19.1,0.00001,0.37963,32.81
2026-07-01T09:00:00Z,19.09,0.00001,0.38315,32.57
2026-07-01T09:10:00Z,19.08,0.00001,0.38669,32.23
2026-07-01T09:20:00Z,19.09,0.00001,0.38315,31.81
2026-07-01T09:30:00Z,19.1,0.00002,0.37963,31.29
2026-07-01T09:40:00Z,19.14,0.00002,0.3659,30.69
2026-07-01T09:50:00Z,19.19,0.00004,0.34943,30
2026-07-01T10:00:00Z,19.25,0.00002,0.33065,29.23
2026-07-01T10:10:00Z,19.31,0.00001,0.31287,28.38
2026-07-01T10:20:00Z,19.36,0.00001,0.29879,27.45
2026-07-01T10:30:00Z,19.41,0.00001,0.28534,26.46
2026-07-01T10:40:00Z,19.46,0.00001,0.2725,25.39
2026-07-01T10:50:00Z,19.52,0.00001,0.25785,24.26
2026-07-01T11:00:00Z,19.56,0.00001,0.24852,23.07
2026-07-01T11:10:00Z,19.54,0.00004,0.25314,21.82
2026-07-01T11:20:00Z,19.25,0.00008,0.33065,20.51
2026-07-01T11:30:00Z,18.37,0.00221,0.74364,19.16
2026-07-01T11:40:00Z,16.88,0.00512,2.93336,17.75
2026-07-01T11:50:00Z,14.77,0.00002,20.48168,16.3
2026-07-01T12:00:00Z,12.29,0.00001,201.07849,14.81
2026-07-02T02:40:00Z,8.83,0.013,4868.16872,-16.7
2026-07-02T02:50:00Z,10.6,0.00968,953.59864,-14.73
2026-07-02T03:00:00Z,12.95,0.00001,109.48777,-12.77
2026-07-02T03:10:00Z,15.37,0.00145,11.78598,-10.82
2026-07-02T03:20:00Z,17.42,0.00264,1.78388,-8.88
2026-07-02T03:30:00Z,19.1,0.002,0.37963,-6.95
2026-07-02T03:40:00Z,20.58,0.00085,0.09713,-5.04
2026-07-02T03:50:00Z,21.63,0.00221,0.03693,-3.15
2026-07-02T04:00:00Z,22.05,0.00578,0.02508,-1.27
2026-07-02T04:10:00Z,21.97,0.00002,0.027,0.6
2026-07-02T04:20:00Z,21.6,0.00001,0.03796,2.44
2026-07-02T04:30:00Z,21.28,0.00002,0.05098,4.26
2026-07-02T04:40:00Z,21.03,0.00001,0.06417,6.06
2026-07-02T04:50:00Z,20.84,0.00008,0.07645,7.83
2026-07-02T05:00:00Z,20.69,0.00001,0.08777,9.58
2026-07-02T05:10:00Z,20.59,0.00001,0.09624,11.31
2026-07-02T05:20:00Z,20.5,0.00002,0.10456,13
2026-07-02T05:30:00Z,20.43,0.00001,0.11152,14.66
2026-07-02T05:40:00Z,20.37,0.00001,0.11786,16.28
2026-07-02T05:50:00Z,20.3,0.00001,0.12571,17.87
2026-07-02T06:00:00Z,20.22,0.00001,0.13532,19.42
2026-07-02T06:10:00Z,20.13,0.00102,0.14702,20.92
2026-07-02T06:20:00Z,20.04,0.00039,0.15972,22.38
2026-07-02T06:30:00Z,19.95,0.00102,0.17353,23.79
2026-07-02T06:40:00Z,19.87,0.00187,0.1868,25.15
2026-07-02T06:50:00Z,19.8,0.00231,0.19923,26.45
2026-07-02T07:00:00Z,19.74,0.00163,0.21056,27.69
2026-07-02T07:10:00Z,19.68,0.00079,0.22252,28.87
2026-07-02T07:20:00Z,19.63,0.00033,0.23301,29.98
2026-07-02T07:30:00Z,19.57,0.0001,0.24624,31.02
2026-07-02T07:40:00Z,19.52,0.00006,0.25785,31.99
2026-07-02T07:50:00Z,19.47,0.00005,0.27,32.87
2026-07-02T08:00:00Z,19.41,0.0002,0.28534,33.67
2026-07-02T08:10:00Z,19.36,0.00062,0.29879,34.39
2026-07-02T08:20:00Z,19.31,0.00163,0.31287,35.01
2026-07-02T08:30:00Z,19.27,0.00231,0.32461,35.54
2026-07-02T08:40:00Z,19.24,0.00001,0.33371,35.97
2026-07-02T08:50:00Z,19.22,0.00001,0.33991,36.31
2026-07-02T09:00:00Z,19.2,0.00001,0.34623,36.54
2026-07-02T09:10:00Z,19.19,0.00001,0.34943,36.67
2026-07-02T09:20:00Z,19.19,0.00001,0.34943,36.7
2026-07-02T09:30:00Z,19.2,0.00001,0.34623,36.62
2026-07-02T09:40:00Z,19.17,0.00001,0.35593,36.45
2026-07-02T09:50:00Z,19.18,0.00012,0.35267,36.17
2026-07-02T10:00:00Z,19.09,0.00032,0.38315,35.79
2026-07-02T10:10:00Z,19.1,0.00098,0.37963,35.31
2026-07-02T10:20:00Z,19.14,0.002,0.3659,34.73
2026-07-02T10:30:00Z,19.15,0.00025,0.36255,34.07
2026-07-02T10:40:00Z,19.21,0.00018,0.34306,33.31
2026-07-02T10:50:00Z,19.21,0.00032,0.34306,32.47
2026-07-02T11:00:00Z,19.25,0.00061,0.33065,31.55
2026-07-02T11:10:00Z,19.26,0.0005,0.32762,30.55
2026-07-02T11:20:00Z,19.15,0.00024,0.36255,29.48
2026-07-02T11:30:00Z,18.53,0.00041,0.64175,28.33
2026-07-02T11:40:00Z,17.14,0.0076,2.30869,27.12
2026-07-02T11:50:00Z,14.97,0.00338,17.03592,25.85
2026-07-02T12:00:00Z,12.51,0.00001,164.19715,24.52
2026-07-03T02:40:00Z,8.82,0.0125,4913.21333,-23.91
2026-07-03T02:50:00Z,10.58,0.00968,971.32736,-21.87
2026-07-03T03:00:00Z,12.92,0.00004,112.55521,-19.83
2026-07-03T03:10:00Z,15.34,0.00128,12.11618,-17.8
2026-07-03T03:20:00Z,17.4,0.00338,1.81704,-15.78
2026-07-03T03:30:00Z,19.07,0.00025,0.39027,-13.76
2026-07-03T03:40:00Z,20.51,0.00481,0.1036,-11.74
2026-07-03T03:50:00Z,21.46,0.00145,0.04319,-9.74
2026-07-03T04:00:00Z,21.85,0.00002,0.03016,-7.75
2026-07-03T04:10:00Z,21.99,0.00018,0.02651,-5.76
2026-07-03T04:20:00Z,22.05,0.00025,0.02508,-3.79
2026-07-03T04:30:00Z,22.01,0.00072,0.02602,-1.83
2026-07-03T04:40:00Z,21.81,0.00002,0.03129,0.12
2026-07-03T04:50:00Z,21.52,0.00024,0.04087,2.05
2026-07-03T05:00:00Z,21.26,0.00001,0.05192,3.96
2026-07-03T05:10:00Z,21.01,0.00018,0.06537,5.86
2026-07-03T05:20:00Z,20.84,0.00002,0.07645,7.74
2026-07-03T05:30:00Z,20.74,0.00008,0.08382,9.6
2026-07-03T05:40:00Z,20.65,0.00001,0.09107,11.43
2026-07-03T05:50:00Z,20.55,0.00008,0.09985,13.25
2026-07-03T06:00:00Z,20.48,0.00001,0.1065,15.03
2026-07-03T06:10:00Z,20.43,0.00145,0.11152,16.79
2026-07-03T06:20:00Z,20.36,0.00145,0.11895,18.51
2026-07-03T06:30:00Z,20.28,0.00149,0.12805,20.2
2026-07-03T06:40:00Z,20.19,0.00113,0.13911,21.86
2026-07-03T06:50:00Z,20.1,0.00119,0.15114,23.47
2026-07-03T07:00:00Z,20.03,0.00185,0.1612,25.04
2026-07-03T07:10:00Z,19.97,0.00147,0.17036,26.57
2026-07-03T07:20:00Z,19.91,0.00058,0.18004,28.05
2026-07-03T07:30:00Z,19.85,0.00023,0.19027,29.47
2026-07-03T07:40:00Z,19.78,0.00061,0.20294,30.84
2026-07-03T07:50:00Z,19.72,0.00079,0.21447,32.14
2026-07-03T08:00:00Z,19.64,0.00068,0.23087,33.38
2026-07-03T08:10:00Z,19.56,0.00034,0.24852,34.54
2026-07-03T08:20:00Z,19.48,0.00067,0.26753,35.63
2026-07-03T08:30:00Z,19.4,0.00227,0.28798,36.64
2026-07-03T08:40:00Z,19.33,0.00001,0.30716,37.56
2026-07-03T08:50:00Z,19.28,0.00001,0.32164,38.4
2026-07-03T09:00:00Z,19.24,0.00001,0.33371,39.13
2026-07-03T09:10:00Z,19.21,0.00001,0.34306,39.77
2026-07-03T09:20:00Z,19.19,0.00001,0.34943,40.31
2026-07-03T09:30:00Z,19.18,0.00001,0.35267,40.74
2026-07-03T09:40:00Z,19.16,0.00001,0.35922,41.06
2026-07-03T09:50:00Z,19.15,0.00002,0.36255,41.26
2026-07-03T10:00:00Z,19.14,0.00002,0.3659,41.36
2026-07-03T10:10:00Z,19.13,0.00001,0.36929,41.34
2026-07-03T10:20:00Z,19.12,0.00001,0.37271,41.21
2026-07-03T10:30:00Z,19.1,0.00001,0.37963,40.96
2026-07-03T10:40:00Z,19.07,0.00001,0.39027,40.61
2026-07-03T10:50:00Z,19.03,0.00001,0.40492,40.14
2026-07-03T11:00:00Z,19.01,0.00001,0.41244,39.57
2026-07-03T11:10:00Z,18.97,0.00004,0.42792,38.9
2026-07-03T11:20:00Z,18.82,0.00008,0.49132,38.13
2026-07-03T11:30:00Z,18.26,0.00041,0.82294,37.26
2026-07-03T11:40:00Z,17,0.0045,2.62643,36.31
2026-07-03T11:50:00Z,15,0.0042,16.57165,35.28
2026-07-03T12:00:00Z,12.56,0.00008,156.80706,34.16
2026-07-04T02:40:00Z,9.16,0.008,3592.24229,-30.51
2026-07-04T02:50:00Z,10.77,0.0018,815.39045,-28.45
2026-07-04T03:00:00Z,12.97,0.02048,107.4894,-26.39
2026-07-04T03:10:00Z,15.36,0.00421,11.89503,-24.33
2026-07-04T03:20:00Z,17.75,0.00112,1.31633,-22.27
2026-07-04T03:30:00Z,19.5,0.00001,0.26264,-20.21
2026-07-04T03:40:00Z,20.9,0.00145,0.07234,-18.14
2026-07-04T03:50:00Z,21.8,0.00221,0.03158,-16.08
2026-07-04T04:00:00Z,22.2,0.00162,0.02185,-14.03
2026-07-04T04:10:00Z,22.27,0.00032,0.02048,-11.97
2026-07-04T04:20:00Z,22.22,0.00001,0.02145,-9.92
2026-07-04T04:30:00Z,22.23,0.00012,0.02125,-7.87
2026-07-04T04:40:00Z,22.22,0.00128,0.02145,-5.84
2026-07-04T04:50:00Z,22.19,0.00181,0.02205,-3.8
2026-07-04T05:00:00Z,22.19,0.00313,0.02205,-1.78
2026-07-04T05:10:00Z,22.06,0.02312,0.02485,0.24
2026-07-04T05:20:00Z,21.61,0.03042,0.03762,2.24
2026-07-04T05:30:00Z,21.09,0.00025,0.06072,4.24
2026-07-04T05:40:00Z,21.18,0.00072,0.05589,6.22
2026-07-04T05:50:00Z,21.1,0.00072,0.06017,8.19
2026-07-04T06:00:00Z,20.92,0.00242,0.07102,10.14
2026-07-04T06:10:00Z,20.76,0.02987,0.08229,12.07
2026-07-04T06:20:00Z,20.74,0.02026,0.08382,13.99
2026-07-04T06:30:00Z,20.64,0.08936,0.09191,15.89
2026-07-04T06:40:00Z,20.58,0.11898,0.09713,17.76
2026-07-04T06:50:00Z,20.32,0.28066,0.12341,19.61
2026-07-04T07:00:00Z,19.93,0.28872,0.17675,21.43
2026-07-04T07:10:00Z,20.21,0.27214,0.13657,23.22
2026-07-04T07:20:00Z,20.47,0.25079,0.10749,24.98
2026-07-04T07:30:00Z,20.2,0.23365,0.13784,26.71
2026-07-04T07:40:00Z,20.1,0.24505,0.15114,28.39
2026-07-04T07:50:00Z,19.99,0.07261,0.16725,30.04
2026-07-04T08:00:00Z,19.82,0.04038,0.1956,31.64
2026-07-04T08:10:00Z,19.79,0.01268,0.20108,33.18
2026-07-04T08:20:00Z,19.76,0.01047,0.20671,34.68
2026-07-04T08:30:00Z,19.69,0.00682,0.22048,36.11
2026-07-04T08:40:00Z,19.58,0.00008,0.24399,37.48
2026-07-04T08:50:00Z,19.52,0.00001,0.25785,38.77
2026-07-04T09:00:00Z,19.44,0.00041,0.27757,40
2026-07-04T09:10:00Z,19.41,0.00025,0.28534,41.14
2026-07-04T09:20:00Z,19.3,0.00025,0.31577,42.19
2026-07-04T09:30:00Z,19.23,0.00084,0.33679,43.15
2026-07-04T09:40:00Z,19.18,0.00072,0.35267,44
2026-07-04T09:50:00Z,19.14,0.00002,0.3659,44.76
2026-07-04T10:00:00Z,19.1,0.00001,0.37963,45.4
2026-07-04T10:10:00Z,18.95,0.00001,0.43588,45.92
2026-07-04T10:20:00Z,18.83,0.0006,0.48682,46.32
2026-07-04T10:30:00Z,19.05,0.00098,0.39753,46.6
2026-07-04T10:40:00Z,19.07,0.00481,0.39027,46.76
2026-07-04T10:50:00Z,19.07,0.01458,0.39027,46.78
2026-07-04T11:00:00Z,19.03,0.00162,0.40492,46.68
2026-07-04T11:10:00Z,19.04,0.00002,0.4012,46.45
2026-07-04T11:20:00Z,18.45,0.0004,0.69082,46.09
2026-07-04T11:30:00Z,17.96,0.02113,1.08484,45.62
2026-07-04T11:40:00Z,17.04,0.0245,2.53143,45.02
2026-07-04T11:50:00Z,15.15,0.01405,14.4333,44.31
2026-07-04T12:00:00Z,12.77,0.01458,129.23068,43.5
2026-07-05T02:40:00Z,9.08,0.00312,3866.92387,-36.19
2026-07-05T02:50:00Z,10.99,0.01301,665.83347,-34.2
2026-07-05T03:00:00Z,13.32,0.00181,77.86918,-32.19
2026-07-05T03:10:00Z,15.82,0.00162,7.78692,-30.17
2026-07-05T03:20:00Z,17.98,0.00012,1.06504,-28.14
2026-07-05T03:30:00Z,19.61,0.00013,0.23734,-26.1
2026-07-05T03:40:00Z,20.89,0.00061,0.07301,-24.06
2026-07-05T03:50:00Z,21.77,0.00288,0.03246,-22
2026-07-05T04:00:00Z,22.2,0.00004,0.02185,-19.94
2026-07-05T04:10:00Z,22.29,0.00128,0.02011,-17.88
2026-07-05T04:20:00Z,22.28,0.00098,0.02029,-15.81
2026-07-05T04:30:00Z,22.2,0.00013,0.02185,-13.74
2026-07-05T04:40:00Z,22.21,0.00072,0.02165,-11.66
2026-07-05T04:50:00Z,22.17,0.0018,0.02246,-9.59
2026-07-05T05:00:00Z,22.13,0.00001,0.0233,-7.52
2026-07-05T05:10:00Z,22.21,0.00004,0.02165,-5.45
2026-07-05T05:20:00Z,22.22,0.00005,0.02145,-3.38
2026-07-05T05:30:00Z,22.15,0.00001,0.02288,-1.31
2026-07-05T05:40:00Z,21.97,0.0005,0.027,0.75
2026-07-05T05:50:00Z,21.65,0.02312,0.03625,2.81
2026-07-05T06:00:00Z,21.19,0.02812,0.05538,4.86
2026-07-05T06:10:00Z,20.69,0.33552,0.08777,6.9
2026-07-05T06:20:00Z,20.83,0.32393,0.07716,8.94
2026-07-05T06:30:00Z,20.86,0.27313,0.07505,10.96
2026-07-05T06:40:00Z,20.63,0.24139,0.09276,12.98
2026-07-05T06:50:00Z,20.38,0.24999,0.11678,14.98
2026-07-05T07:00:00Z,19.94,0.09487,0.17513,16.96
2026-07-05T07:10:00Z,19.73,0.08116,0.2125,18.94
2026-07-05T07:20:00Z,19.58,0.09696,0.24399,20.89
2026-07-05T07:30:00Z,19.5,0.09079,0.26264,22.83
2026-07-05T07:40:00Z,19.29,0.02736,0.31869,24.74
2026-07-05T07:50:00Z,19.19,0.02807,0.34943,26.63
2026-07-05T08:00:00Z,19.15,0.02638,0.36255,28.49
2026-07-05T08:10:00Z,19.1,0.02026,0.37963,30.32
2026-07-05T08:20:00Z,19.07,0.01051,0.39027,32.12
2026-07-05T08:30:00Z,19.01,0.01062,0.41244,33.88
2026-07-05T08:40:00Z,18.87,0.00012,0.46921,35.6
2026-07-05T08:50:00Z,18.76,0.00012,0.51924,37.27
2026-07-05T09:00:00Z,18.76,0.00061,0.51924,38.9
2026-07-05T09:10:00Z,18.72,0.00032,0.53872,40.46
2026-07-05T09:20:00Z,18.64,0.00113,0.57992,41.97
2026-07-05T09:30:00Z,18.51,0.00001,0.65368,43.41
2026-07-05T09:40:00Z,18.38,0.00001,0.73683,44.78
2026-07-05T09:50:00Z,18.43,0.00012,0.70366,46.06
2026-07-05T10:00:00Z,18.52,0.00162,0.64769,47.26
2026-07-05T10:10:00Z,18.47,0.00098,0.67821,48.36
2026-07-05T10:20:00Z,18.35,0.00162,0.75747,49.35
2026-07-05T10:30:00Z,18.66,0.00025,0.56933,50.23
2026-07-05T10:40:00Z,18.3,0.0125,0.79317,50.99
2026-07-05T10:50:00Z,18.47,0.0605,0.67821,51.63
2026-07-05T11:00:00Z,18.54,0.072,0.63587,52.12
2026-07-05T11:10:00Z,18.53,0.01984,0.64175,52.48
2026-07-05T11:20:00Z,18.72,0.00002,0.53872,52.69
2026-07-05T11:30:00Z,18.35,0.00392,0.75747,52.76
2026-07-05T11:40:00Z,17.34,0.02888,1.92028,52.68
2026-07-05T11:50:00Z,15.49,0.00032,10.55275,52.45
2026-07-05T12:00:00Z,13,0.002,104.56001,52.08
2026-07-06T02:40:00Z,8.67,0.00365,5641.12368,-40.54
2026-07-06T02:50:00Z,10.35,0.01512,1200.50956,-38.73
2026-07-06T03:00:00Z,12.59,0.00365,152.53364,-36.88
2026-07-06T03:10:00Z,15.12,0.00512,14.83767,-35.01
2026-07-06T03:20:00Z,17.39,0.0048,1.83386,-33.11
2026-07-06T03:30:00Z,19.13,0.00008,0.36929,-31.18
2026-07-06T03:40:00Z,20.66,0.0005,0.09023,-29.23
2026-07-06T03:50:00Z,21.67,0.00364,0.03559,-27.27
2026-07-06T04:00:00Z,22.2,0.00061,0.02185,-25.29
2026-07-06T04:10:00Z,22.35,0.00012,0.01903,-23.29
2026-07-06T04:20:00Z,22.39,0.00012,0.01834,-21.28
2026-07-06T04:30:00Z,22.43,0.00002,0.01768,-19.25
2026-07-06T04:40:00Z,22.42,0.00012,0.01784,-17.22
2026-07-06T04:50:00Z,22.41,0.00001,0.018,-15.17
2026-07-06T05:00:00Z,22.42,0.00365,0.01784,-13.12
2026-07-06T05:10:00Z,22.5,0.00578,0.01657,-11.06
2026-07-06T05:20:00Z,22.64,0.00264,0.01457,-9
2026-07-06T05:30:00Z,22.57,0.0005,0.01554,-6.93
2026-07-06T05:40:00Z,22.63,0.002,0.0147,-4.85
2026-07-06T05:50:00Z,22.59,0.00162,0.01525,-2.78
2026-07-06T06:00:00Z,22.55,0.00002,0.01583,-0.7
2026-07-06T06:10:00Z,22.31,0.24719,0.01974,1.38
2026-07-06T06:20:00Z,22.05,0.29439,0.02508,3.46
2026-07-06T06:30:00Z,21.75,0.23279,0.03306,5.54
2026-07-06T06:40:00Z,21.35,0.10559,0.04779,7.62
2026-07-06T06:50:00Z,20.77,0.14274,0.08154,9.7
2026-07-06T07:00:00Z,20.35,0.28207,0.12005,11.77
2026-07-06T07:10:00Z,20.23,0.37683,0.13408,13.83
2026-07-06T07:20:00Z,20.08,0.67729,0.15395,15.89
2026-07-06T07:30:00Z,20.01,0.43126,0.1642,17.95
2026-07-06T07:40:00Z,19.92,0.28843,0.17839,19.99
2026-07-06T07:50:00Z,20.39,0.43136,0.11571,22.02
2026-07-06T08:00:00Z,20.37,0.44373,0.11786,24.04
2026-07-06T08:10:00Z,19.87,0.46067,0.1868,26.05
2026-07-06T08:20:00Z,19.57,0.42587,0.24624,28.04
2026-07-06T08:30:00Z,19.69,0.31383,0.22048,30.02
2026-07-06T08:40:00Z,19.93,0.00242,0.17675,31.97
2026-07-06T08:50:00Z,19.75,0.0045,0.20862,33.9
2026-07-06T09:00:00Z,19.44,0.01458,0.27757,35.8
2026-07-06T09:10:00Z,19.03,0.00421,0.40492,37.68
2026-07-06T09:20:00Z,18.98,0.00005,0.424,39.52
2026-07-06T09:30:00Z,19,0.01058,0.41626,41.32
2026-07-06T09:40:00Z,19.04,0.0042,0.4012,43.08
2026-07-06T09:50:00Z,19.08,0.00012,0.38669,44.79
2026-07-06T10:00:00Z,18.86,0.00002,0.47355,46.45
2026-07-06T10:10:00Z,18.63,0.00338,0.58528,48.05
2026-07-06T10:20:00Z,18.55,0.00313,0.63004,49.58
2026-07-06T10:30:00Z,18.67,0.00128,0.56411,51.03
2026-07-06T10:40:00Z,18.76,0.00013,0.51924,52.39
2026-07-06T10:50:00Z,18.58,0.00264,0.61287,53.66
2026-07-06T11:00:00Z,18.59,0.00288,0.60725,54.82
2026-07-06T11:10:00Z,18.58,0.01058,0.61287,55.87
2026-07-06T11:20:00Z,18.64,0.00221,0.57992,56.78
2026-07-06T11:30:00Z,17.86,0.00041,1.1895,57.56
2026-07-06T11:40:00Z,17.04,0.0414,2.53143,58.18
2026-07-06T11:50:00Z,15.21,0.032,13.65732,58.64
2026-07-06T12:00:00Z,12.79,0.04704,126.87195,58.94
2026-07-07T02:40:00Z,8.99,0.01458,4201.12517,-43.06
2026-07-07T02:50:00Z,10.7,0.008,869.69229,-41.58
2026-07-07T03:00:00Z,13.02,0.00008,102.65158,-40.03
2026-07-07T03:10:00Z,15.41,0.00012,11.35967,-38.44
2026-07-07T03:20:00Z,17.47,0.0005,1.70359,-36.79
2026-07-07T03:30:00Z,19.24,0.00085,0.33371,-35.1
2026-07-07T03:40:00Z,20.67,0.00392,0.08941,-33.37
2026-07-07T03:50:00Z,21.66,0.002,0.03592,-31.6
2026-07-07T04:00:00Z,22.08,0.00061,0.0244,-29.79
2026-07-07T04:10:00Z,22.21,0.00032,0.02165,-27.96
2026-07-07T04:20:00Z,22.25,0.00061,0.02086,-26.1
2026-07-07T04:30:00Z,22.31,0.00072,0.01974,-24.21
2026-07-07T04:40:00Z,22.31,0.00001,0.01974,-22.3
2026-07-07T04:50:00Z,22.36,0.00181,0.01885,-20.37
2026-07-07T05:00:00Z,22.34,0.00144,0.0192,-18.42
2026-07-07T05:10:00Z,22.25,0.00008,0.02086,-16.45
2026-07-07T05:20:00Z,22.28,0.00001,0.02029,-14.47
2026-07-07T05:30:00Z,22.26,0.00001,0.02067,-12.47
2026-07-07T05:40:00Z,22.23,0.00008,0.02125,-10.46
2026-07-07T05:50:00Z,22.19,0.00001,0.02205,-8.43
2026-07-07T06:00:00Z,22.13,0.00002,0.0233,-6.4
2026-07-07T06:10:00Z,22.09,0.00206,0.02417,-4.36
2026-07-07T06:20:00Z,22.06,0.00648,0.02485,-2.3
2026-07-07T06:30:00Z,22.02,0.01544,0.02578,-0.24
2026-07-07T06:40:00Z,21.92,0.03409,0.02827,1.82
2026-07-07T06:50:00Z,21.81,0.02694,0.03129,3.89
2026-07-07T07:00:00Z,21.67,0.01247,0.03559,5.97
2026-07-07T07:10:00Z,21.47,0.01126,0.04279,8.05
2026-07-07T07:20:00Z,21.37,0.01831,0.04692,10.13
2026-07-07T07:30:00Z,21.29,0.04219,0.05051,12.21
2026-07-07T07:40:00Z,21.23,0.05449,0.05338,14.3
2026-07-07T07:50:00Z,21.16,0.21095,0.05693,16.38
2026-07-07T08:00:00Z,21.21,0.25573,0.05437,18.47
2026-07-07T08:10:00Z,20.82,0.25847,0.07787,20.55
2026-07-07T08:20:00Z,20.35,0.27754,0.12005,22.63
2026-07-07T08:30:00Z,20.81,0.30714,0.07859,24.7
2026-07-07T08:40:00Z,20.34,0.05101,0.12116,26.77
2026-07-07T08:50:00Z,20,0.17298,0.16572,28.83
2026-07-07T09:00:00Z,19.63,0.05618,0.23301,30.88
2026-07-07T09:10:00Z,19.94,0.00128,0.17513,32.92
2026-07-07T09:20:00Z,20.43,0.02521,0.11152,34.95
2026-07-07T09:30:00Z,20.11,0.0125,0.14975,36.96
2026-07-07T09:40:00Z,20.38,0.049,0.11678,38.95
2026-07-07T09:50:00Z,19.97,0.098,0.17036,40.93
2026-07-07T10:00:00Z,19.94,0.08065,0.17513,42.88
2026-07-07T10:10:00Z,19.99,0.05618,0.16725,44.8
2026-07-07T10:20:00Z,19.89,0.0045,0.18339,46.7
2026-07-07T10:30:00Z,19.79,0.00264,0.20108,48.55
2026-07-07T10:40:00Z,19.69,0.00112,0.22048,50.37
2026-07-07T10:50:00Z,19.58,0.00001,0.24399,52.13
2026-07-07T11:00:00Z,19.47,0.00001,0.27,53.84
2026-07-07T11:10:00Z,19.32,0.00001,0.31,55.49
2026-07-07T11:20:00Z,19.06,0.00008,0.39388,57.05
2026-07-07T11:30:00Z,18.45,0.00025,0.69082,58.53
2026-07-07T11:40:00Z,17.25,0.00288,2.08625,59.92
2026-07-07T11:50:00Z,15.43,0.00288,11.15233,61.18
2026-07-07T12:00:00Z,13.03,0.00005,101.71046,62.31
2026-07-08T02:40:00Z,9.08,0.0252,3866.92387,-43.31
2026-07-08T02:50:00Z,10.72,0.01984,853.81862,-42.3
2026-07-08T03:00:00Z,13.14,0.008,91.9106,-41.21
2026-07-08T03:10:00Z,15.63,0.00113,9.2761,-40.03
2026-07-08T03:20:00Z,17.56,0.00144,1.56807,-38.78
2026-07-08T03:30:00Z,19.33,0.00001,0.30716,-37.46
2026-07-08T03:40:00Z,20.79,0.00085,0.08005,-36.08
2026-07-08T03:50:00Z,21.77,0.00264,0.03246,-34.64
2026-07-08T04:00:00Z,22.27,0.00032,0.02048,-33.14
2026-07-08T04:10:00Z,22.42,0.00008,0.01784,-31.58
2026-07-08T04:20:00Z,22.45,0.00001,0.01735,-29.99
2026-07-08T04:30:00Z,22.44,0.00002,0.01751,-28.35
2026-07-08T04:40:00Z,22.43,0.00012,0.01768,-26.66
2026-07-08T04:50:00Z,22.42,0.00018,0.01784,-24.95
2026-07-08T05:00:00Z,22.43,0.00002,0.01768,-23.19
2026-07-08T05:10:00Z,22.41,0.00018,0.018,-21.41
2026-07-08T05:20:00Z,22.42,0.00005,0.01784,-19.6
2026-07-08T05:30:00Z,22.44,0.00005,0.01751,-17.76
2026-07-08T05:40:00Z,22.41,0.00001,0.018,-15.89
2026-07-08T05:50:00Z,22.36,0.00001,0.01885,-14.01
2026-07-08T06:00:00Z,22.32,0.00018,0.01956,-12.1
2026-07-08T06:10:00Z,22.3,0.00119,0.01992,-10.17
2026-07-08T06:20:00Z,22.29,0.00119,0.02011,-8.23
2026-07-08T06:30:00Z,22.23,0.00128,0.02125,-6.27
2026-07-08T06:40:00Z,22.18,0.00339,0.02225,-4.29
2026-07-08T06:50:00Z,22.16,0.0072,0.02267,-2.3
2026-07-08T07:00:00Z,22.11,0.01422,0.02373,-0.29
2026-07-08T07:10:00Z,22.02,0.02715,0.02578,1.72
2026-07-08T07:20:00Z,21.91,0.02086,0.02853,3.75
2026-07-08T07:30:00Z,21.77,0.00825,0.03246,5.78
2026-07-08T07:40:00Z,21.6,0.0084,0.03796,7.83
2026-07-08T07:50:00Z,21.51,0.01474,0.04124,9.88
2026-07-08T08:00:00Z,21.43,0.01669,0.0444,11.94
2026-07-08T08:10:00Z,21.37,0.01039,0.04692,14.01
2026-07-08T08:20:00Z,21.31,0.00175,0.04959,16.08
2026-07-08T08:30:00Z,21.25,0.00053,0.0524,18.15
2026-07-08T08:40:00Z,21.2,0.00001,0.05487,20.23
2026-07-08T08:50:00Z,21.15,0.00001,0.05746,22.32
2026-07-08T09:00:00Z,21.08,0.00001,0.06129,24.4
2026-07-08T09:10:00Z,21.03,0.00002,0.06417,26.49
2026-07-08T09:20:00Z,20.98,0.00008,0.0672,28.57
2026-07-08T09:30:00Z,20.93,0.00002,0.07037,30.66
2026-07-08T09:40:00Z,20.87,0.00001,0.07436,32.74
2026-07-08T09:50:00Z,20.8,0.00001,0.07932,34.82
2026-07-08T10:00:00Z,20.73,0.00001,0.0846,36.89
2026-07-08T10:10:00Z,20.65,0.00001,0.09107,38.96
2026-07-08T10:20:00Z,20.55,0.00001,0.09985,41.01
2026-07-08T10:30:00Z,20.45,0.00001,0.10949,43.06
2026-07-08T10:40:00Z,20.35,0.00002,0.12005,45.1
2026-07-08T10:50:00Z,20.25,0.00001,0.13163,47.12
2026-07-08T11:00:00Z,20.12,0.00001,0.14838,49.12
2026-07-08T11:10:00Z,19.94,0.00005,0.17513,51.1
2026-07-08T11:20:00Z,19.59,0.00002,0.24175,53.06
2026-07-08T11:30:00Z,18.82,0.00072,0.49132,54.98
2026-07-08T11:40:00Z,17.5,0.00312,1.65716,56.87
2026-07-08T11:50:00Z,15.57,0.00085,9.80315,58.71
2026-07-08T12:00:00Z,13.18,0.00018,88.58611,60.5
2026-07-09T02:40:00Z,9.75,0.06161,2086.2465,-41.1
2026-07-09T02:50:00Z,10.77,0.01861,815.39045,-40.66
2026-07-09T03:00:00Z,13.09,0.00072,96.24222,-40.11
2026-07-09T03:10:00Z,15.6,0.01513,9.53599,-39.47
2026-07-09T03:20:00Z,17.69,0.0174,1.39112,-38.74
2026-07-09T03:30:00Z,19.24,0.00004,0.33371,-37.92
2026-07-09T03:40:00Z,20.8,0.00338,0.07932,-37.01
2026-07-09T03:50:00Z,21.78,0.00128,0.03216,-36.02
2026-07-09T04:00:00Z,22.21,0.0005,0.02165,-34.95
2026-07-09T04:10:00Z,22.35,0.00012,0.01903,-33.81
2026-07-09T04:20:00Z,22.36,0.00005,0.01885,-32.6
2026-07-09T04:30:00Z,22.34,0.00001,0.0192,-31.33
2026-07-09T04:40:00Z,22.34,0.00008,0.0192,-29.99
2026-07-09T04:50:00Z,22.33,0.00001,0.01938,-28.61
2026-07-09T05:00:00Z,22.3,0.00002,0.01992,-27.16
2026-07-09T05:10:00Z,22.29,0.00001,0.02011,-25.67
2026-07-09T05:20:00Z,22.29,0.00005,0.02011,-24.14
2026-07-09T05:30:00Z,22.28,0.00072,0.02029,-22.56
2026-07-09T05:40:00Z,22.26,0.00001,0.02067,-20.94
2026-07-09T05:50:00Z,22.26,0.01984,0.02067,-19.28
2026-07-09T06:00:00Z,22.4,0.00841,0.01817,-17.59
2026-07-09T06:10:00Z,22.68,0.22367,0.01404,-15.87
2026-07-09T06:20:00Z,22.47,0.23161,0.01704,-14.12
2026-07-09T06:30:00Z,22.18,0.18634,0.02225,-12.34
2026-07-09T06:40:00Z,22.12,0.11155,0.02352,-10.54
2026-07-09T06:50:00Z,22.09,0.09869,0.02417,-8.71
2026-07-09T07:00:00Z,22.09,0.04485,0.02417,-6.85
2026-07-09T07:10:00Z,22.07,0.00347,0.02462,-4.98
2026-07-09T07:20:00Z,22.03,0.00408,0.02555,-3.09
2026-07-09T07:30:00Z,21.96,0.00394,0.02725,-1.17
2026-07-09T07:40:00Z,21.91,0.00171,0.02853,0.75
2026-07-09T07:50:00Z,21.87,0.00391,0.02961,2.7
2026-07-09T08:00:00Z,21.8,0.00397,0.03158,4.66
2026-07-09T08:10:00Z,21.73,0.00929,0.03368,6.63
2026-07-09T08:20:00Z,21.61,0.01302,0.03762,8.62
2026-07-09T08:30:00Z,21.62,0.01229,0.03727,10.61
2026-07-09T08:40:00Z,21.63,0.00162,0.03693,12.62
2026-07-09T08:50:00Z,21.6,0.00085,0.03796,14.64
2026-07-09T09:00:00Z,21.52,0.00008,0.04087,16.67
2026-07-09T09:10:00Z,21.14,0.00001,0.05799,18.71
2026-07-09T09:20:00Z,21.17,0.00312,0.05641,20.75
2026-07-09T09:30:00Z,21.2,0.0252,0.05487,22.81
2026-07-09T09:40:00Z,21.1,0.00841,0.06017,24.86
2026-07-09T09:50:00Z,21,0.00084,0.06597,26.93
2026-07-09T10:00:00Z,21.14,0.00084,0.05799,29
2026-07-09T10:10:00Z,21.3,0.00288,0.05005,31.07
2026-07-09T10:20:00Z,20.92,0.00242,0.07102,33.15
2026-07-09T10:30:00Z,20.49,0.01568,0.10553,35.23
2026-07-09T10:40:00Z,20.71,0.012,0.08617,37.31
2026-07-09T10:50:00Z,20.82,0.0245,0.07787,39.39
2026-07-09T11:00:00Z,20.86,0.02888,0.07505,41.47
2026-07-09T11:10:00Z,20.19,0.00008,0.13911,43.55
2026-07-09T11:20:00Z,19.7,0.02048,0.21846,45.62
2026-07-09T11:30:00Z,19.11,0.0396,0.37615,47.7
2026-07-09T11:40:00Z,17.51,0.00392,1.64197,49.76
2026-07-09T11:50:00Z,15.64,0.04141,9.19106,51.82
2026-07-09T12:00:00Z,13.32,0.02738,77.86918,53.87
2026-07-10T02:40:00Z,11.57,0.002,390.27041,-36.59
2026-07-10T02:50:00Z,13.01,0.008,103.6014,-36.72
2026-07-10T03:00:00Z,14.76,0.00004,20.6712,-36.75
2026-07-10T03:10:00Z,16.62,0.02312,3.72705,-36.68
2026-07-10T03:20:00Z,18.19,0.02178,0.87774,-36.52
2026-07-10T03:30:00Z,19.44,0.00265,0.27757,-36.26
2026-07-10T03:40:00Z,21.05,0.00072,0.063,-35.91
2026-07-10T03:50:00Z,22.36,0.0125,0.01885,-35.47
2026-07-10T04:00:00Z,23.14,0.00008,0.00919,-34.93
2026-07-10T04:10:00Z,23.27,0.00032,0.00815,-34.31
2026-07-10T04:20:00Z,23.25,0.00098,0.00831,-33.6
2026-07-10T04:30:00Z,23.12,0.01201,0.00936,-32.82
2026-07-10T04:40:00Z,22.96,0.00685,0.01085,-31.95
2026-07-10T04:50:00Z,22.63,0.00072,0.0147,-31.01
2026-07-10T05:00:00Z,22.62,0.00008,0.01484,-29.99
2026-07-10T05:10:00Z,22.56,0.00144,0.01568,-28.91
2026-07-10T05:20:00Z,22.57,0.01458,0.01554,-27.77
2026-07-10T05:30:00Z,22.69,0.00221,0.01391,-26.56
2026-07-10T05:40:00Z,23.09,0.00613,0.00962,-25.3
2026-07-10T05:50:00Z,23.23,0.05202,0.00846,-23.98
2026-07-10T06:00:00Z,23.32,0.00613,0.00779,-22.61
2026-07-10T06:10:00Z,23.71,1.027,0.00544,-21.2
2026-07-10T06:20:00Z,23.38,0.71594,0.00737,-19.73
2026-07-10T06:30:00Z,22.68,0.50014,0.01404,-18.23
2026-07-10T06:40:00Z,22.68,0.31901,0.01404,-16.68
2026-07-10T06:50:00Z,22.53,0.29202,0.01612,-15.1
2026-07-10T07:00:00Z,22.35,0.22048,0.01903,-13.49
2026-07-10T07:10:00Z,22.23,0.03494,0.02125,-11.84
2026-07-10T07:20:00Z,22.21,0.04058,0.02165,-10.15
2026-07-10T07:30:00Z,22.19,0.03706,0.02205,-8.44
2026-07-10T07:40:00Z,22.17,0.03501,0.02246,-6.71
2026-07-10T07:50:00Z,22.1,0.0302,0.02395,-4.94
2026-07-10T08:00:00Z,22.18,0.02446,0.02225,-3.16
2026-07-10T08:10:00Z,22.29,0.04594,0.02011,-1.35
2026-07-10T08:20:00Z,22.33,0.05718,0.01938,0.48
2026-07-10T08:30:00Z,22.27,0.11562,0.02048,2.33
2026-07-10T08:40:00Z,22.11,0.00005,0.02373,4.2
2026-07-10T08:50:00Z,22.11,0.00001,0.02373,6.09
2026-07-10T09:00:00Z,21.86,0.00338,0.02988,7.99
2026-07-10T09:10:00Z,21.81,0.0084,0.03129,9.91
2026-07-10T09:20:00Z,21.7,0.01013,0.03462,11.85
2026-07-10T09:30:00Z,21.6,0.00338,0.03796,13.79
2026-07-10T09:40:00Z,21.54,0.00025,0.04012,15.76
2026-07-10T09:50:00Z,21.46,0.00004,0.04319,17.73
2026-07-10T10:00:00Z,21.49,0.00018,0.04201,19.71
2026-07-10T10:10:00Z,21.56,0.00085,0.03939,21.71
2026-07-10T10:20:00Z,21.57,0.00025,0.03903,23.71
2026-07-10T10:30:00Z,21.52,0.0005,0.04087,25.73
2026-07-10T10:40:00Z,21.5,0.00001,0.04163,27.75
2026-07-10T10:50:00Z,21.48,0.00041,0.0424,29.78
2026-07-10T11:00:00Z,21.61,0.00005,0.03762,31.82
2026-07-10T11:10:00Z,21.37,0.00113,0.04692,33.86
2026-07-10T11:20:00Z,20.74,0.01352,0.08382,35.91
2026-07-10T11:30:00Z,19.51,0.00002,0.26023,37.97
2026-07-10T11:40:00Z,17.87,0.0022,1.1786,40.03
2026-07-10T11:50:00Z,15.82,0.0018,7.78692,42.09
2026-07-10T12:00:00Z,13.41,0.00001,71.67466,44.16
2026-07-11T02:40:00Z,9.16,0.03872,3592.24229,-30.22
2026-07-11T02:50:00Z,10.84,0.01058,764.47911,-30.86
2026-07-11T03:00:00Z,13.35,0.0004,75.74703,-31.41
2026-07-11T03:10:00Z,15.81,0.00242,7.85897,-31.89
2026-07-11T03:20:00Z,17.76,0.00018,1.30426,-32.28
2026-07-11T03:30:00Z,19.29,0.00338,0.31869,-32.58
2026-07-11T03:40:00Z,20.62,0.00085,0.09362,-32.8
2026-07-11T03:50:00Z,21.69,0.00162,0.03494,-32.93
2026-07-11T04:00:00Z,22.24,0.0048,0.02106,-32.97
2026-07-11T04:10:00Z,22.4,0.00001,0.01817,-32.92
2026-07-11T04:20:00Z,22.35,0.00648,0.01903,-32.78
2026-07-11T04:30:00Z,22.4,0.0045,0.01817,-32.55
2026-07-11T04:40:00Z,22.56,0.00001,0.01568,-32.23
2026-07-11T04:50:00Z,22.47,0.00018,0.01704,-31.83
2026-07-11T05:00:00Z,22.43,0.00008,0.01768,-31.35
2026-07-11T05:10:00Z,22.43,0.0004,0.01768,-30.78
2026-07-11T05:20:00Z,22.41,0.00072,0.018,-30.13
2026-07-11T05:30:00Z,22.41,0.00025,0.018,-29.41
2026-07-11T05:40:00Z,22.34,0.00001,0.0192,-28.61
2026-07-11T05:50:00Z,22.32,0.00005,0.01956,-27.74
2026-07-11T06:00:00Z,22.28,0.00004,0.02029,-26.8
2026-07-11T06:10:00Z,22.23,0.00117,0.02125,-25.8
2026-07-11T06:20:00Z,22.2,0.00064,0.02185,-24.73
2026-07-11T06:30:00Z,22.16,0.00769,0.02267,-23.6
2026-07-11T06:40:00Z,22.15,0.15634,0.02288,-22.42
2026-07-11T06:50:00Z,22.11,0.41634,0.02373,-21.18
2026-07-11T07:00:00Z,22.18,0.38072,0.02225,-19.89
2026-07-11T07:10:00Z,22.61,0.25229,0.01497,-18.56
2026-07-11T07:20:00Z,23.08,0.35652,0.00971,-17.17
2026-07-11T07:30:00Z,23.16,0.53085,0.00902,-15.75
2026-07-11T07:40:00Z,23.2,0.73537,0.0087,-14.28
2026-07-11T07:50:00Z,22.94,0.42638,0.01105,-12.77
2026-07-11T08:00:00Z,22.92,0.10014,0.01126,-11.23
2026-07-11T08:10:00Z,22.62,0.04202,0.01484,-9.66
2026-07-11T08:20:00Z,22.47,0.15102,0.01704,-8.05
2026-07-11T08:30:00Z,22.33,0.19038,0.01938,-6.41
2026-07-11T08:40:00Z,22.31,0.00098,0.01974,-4.74
2026-07-11T08:50:00Z,22.52,0.0006,0.01627,-3.05
2026-07-11T09:00:00Z,22.53,0.00061,0.01612,-1.33
2026-07-11T09:10:00Z,22.38,0.00924,0.01851,0.42
2026-07-11T09:20:00Z,22.2,0.00008,0.02185,2.19
2026-07-11T09:30:00Z,22.23,0.00085,0.02125,3.98
2026-07-11T09:40:00Z,22.01,0.00288,0.02602,5.78
2026-07-11T09:50:00Z,21.91,0.01058,0.02853,7.61
2026-07-11T10:00:00Z,21.88,0.00684,0.02933,9.46
2026-07-11T10:10:00Z,21.83,0.00012,0.03072,11.32
2026-07-11T10:20:00Z,21.82,0.00041,0.031,13.2
2026-07-11T10:30:00Z,21.74,0.00018,0.03337,15.1
2026-07-11T10:40:00Z,21.7,0.00061,0.03462,17.01
2026-07-11T10:50:00Z,21.64,0.00061,0.03659,18.93
2026-07-11T11:00:00Z,21.68,0.00018,0.03527,20.87
2026-07-11T11:10:00Z,21.6,0.00072,0.03796,22.82
2026-07-11T11:20:00Z,20.82,0.00242,0.07787,24.78
2026-07-11T11:30:00Z,19.34,0.01682,0.30434,26.75
2026-07-11T11:40:00Z,17.9,0.00001,1.14648,28.73
2026-07-11T11:50:00Z,15.95,0.02738,6.90821,30.72
2026-07-11T12:00:00Z,13.59,0.01513,60.72473,32.72
2026-07-12T02:40:00Z,10.08,0.00924,1539.45012,-22.5
2026-07-12T02:50:00Z,12.66,0.02244,143.00974,-23.56
2026-07-12T03:00:00Z,14.82,0.0238,19.55985,-24.56
2026-07-12T03:10:00Z,16.99,0.00018,2.65073,-25.5
2026-07-12T03:20:00Z,18.5,0.00008,0.65973,-26.38
2026-07-12T03:30:00Z,20.04,0.06613,0.15972,-27.19
2026-07-12T03:40:00Z,21.55,0.14112,0.03975,-27.92
2026-07-12T03:50:00Z,22.99,0.1264,0.01055,-28.58
2026-07-12T04:00:00Z,23.21,0.09112,0.00862,-29.17
2026-07-12T04:10:00Z,23.89,0.00025,0.00461,-29.68
2026-07-12T04:20:00Z,23.44,0.02312,0.00697,-30.1
2026-07-12T04:30:00Z,23.21,0.07812,0.00862,-30.45
2026-07-12T04:40:00Z,23.13,0.00612,0.00928,-30.71
2026-07-12T04:50:00Z,23.88,0.24642,0.00465,-30.89
2026-07-12T05:00:00Z,24.21,0.92021,0.00343,-30.99
2026-07-12T05:10:00Z,24.47,0.19405,0.0027,-30.99
2026-07-12T05:20:00Z,22.44,0.00144,0.01751,-30.92
2026-07-12T05:30:00Z,22.41,0.00288,0.018,-30.75
2026-07-12T05:40:00Z,22.41,0.01201,0.018,-30.51
2026-07-12T05:50:00Z,22.61,0.01861,0.01497,-30.18
2026-07-12T06:00:00Z,22.77,0.0018,0.01292,-29.77
2026-07-12T06:10:00Z,22.4,0.25621,0.01817,-29.27
2026-07-12T06:20:00Z,22.11,0.38848,0.02373,-28.7
2026-07-12T06:30:00Z,22.09,1.21258,0.02417,-28.06
2026-07-12T06:40:00Z,22.04,1.14851,0.02531,-27.33
2026-07-12T06:50:00Z,22.53,1.12402,0.01612,-26.54
2026-07-12T07:00:00Z,23.29,1.08425,0.00801,-25.68
2026-07-12T07:10:00Z,22.49,1.09628,0.01672,-24.75
2026-07-12T07:20:00Z,22.1,1.17277,0.02395,-23.76
2026-07-12T07:30:00Z,22.5,1.38352,0.01657,-22.71
2026-07-12T07:40:00Z,22.82,1.43799,0.01234,-21.6
2026-07-12T07:50:00Z,23.16,1.20093,0.00902,-20.44
2026-07-12T08:00:00Z,22.04,1.18219,0.02531,-19.22
2026-07-12T08:10:00Z,21.93,0.80847,0.02801,-17.95
2026-07-12T08:20:00Z,22,0.78651,0.02626,-16.64
2026-07-12T08:30:00Z,21.98,0.81382,0.02675,-15.28
2026-07-12T08:40:00Z,22.08,0.00364,0.0244,-13.88
2026-07-12T08:50:00Z,22.03,0.00221,0.02555,-12.43
2026-07-12T09:00:00Z,21.99,0.00364,0.02651,-10.95
2026-07-12T09:10:00Z,21.87,0.00128,0.02961,-9.44
2026-07-12T09:20:00Z,21.88,0.0004,0.02933,-7.89
2026-07-12T09:30:00Z,21.89,0.0022,0.02906,-6.3
2026-07-12T09:40:00Z,21.91,0.00084,0.02853,-4.69
2026-07-12T09:50:00Z,22.17,0.00001,0.02246,-3.05
2026-07-12T10:00:00Z,22.75,0.00265,0.01316,-1.38
2026-07-12T10:10:00Z,22.65,0.00032,0.01443,0.32
2026-07-12T10:20:00Z,22.78,0.05,0.0128,2.04
2026-07-12T10:30:00Z,22.61,0.04141,0.01497,3.78
2026-07-12T10:40:00Z,22.22,0.01405,0.02145,5.54
2026-07-12T10:50:00Z,22.12,0.00032,0.02352,7.33
2026-07-12T11:00:00Z,22.06,0.01301,0.02485,9.13
2026-07-12T11:10:00Z,21.43,0.00313,0.0444,10.96
2026-07-12T11:20:00Z,20.45,0.0186,0.10949,12.8
2026-07-12T11:30:00Z,18.85,0.00242,0.47793,14.65
2026-07-12T11:40:00Z,17.49,0.00364,1.6725,16.53
2026-07-12T11:50:00Z,15.53,0.03698,10.17105,18.42
2026-07-12T12:00:00Z,13.38,0.03528,73.68272,20.32
2026-07-13T02:40:00Z,9.74,0.0018,2105.5503,-13.93
2026-07-13T02:50:00Z,12.48,0.00112,168.79735,-15.34
2026-07-13T03:00:00Z,14.72,0.01104,21.44695,-16.71
2026-07-13T03:10:00Z,16.65,0.00421,3.62548,-18.03
2026-07-13T03:20:00Z,18.12,0.04324,0.93619,-19.3
2026-07-13T03:30:00Z,19.6,0.01512,0.23953,-20.53
2026-07-13T03:40:00Z,21.38,0.03784,0.04649,-21.7
2026-07-13T03:50:00Z,22.53,0.002,0.01612,-22.82
2026-07-13T04:00:00Z,23.6,0.11705,0.00602,-23.88
2026-07-13T04:10:00Z,23.72,0.1462,0.00539,-24.88
2026-07-13T04:20:00Z,23.09,0.1638,0.00962,-25.81
2026-07-13T04:30:00Z,23.24,0.0605,0.00838,-26.68
2026-07-13T04:40:00Z,22.46,0.00162,0.01719,-27.49
2026-07-13T04:50:00Z,22.56,0.00313,0.01568,-28.22
2026-07-13T05:00:00Z,22.44,0.00004,0.01751,-28.87
2026-07-13T05:10:00Z,22.28,0.00002,0.02029,-29.45
2026-07-13T05:20:00Z,22.33,0.00128,0.01938,-29.95
2026-07-13T05:30:00Z,22.62,0.1805,0.01484,-30.37
2026-07-13T05:40:00Z,23.13,0.62305,0.00928,-30.71
2026-07-13T05:50:00Z,23.7,0.38365,0.00549,-30.97
2026-07-13T06:00:00Z,22.43,0.12482,0.01768,-31.14
2026-07-13T06:10:00Z,22.85,1.82747,0.01201,-31.22
2026-07-13T06:20:00Z,22.19,1.62077,0.02205,-31.22
2026-07-13T06:30:00Z,22.03,1.84069,0.02555,-31.13
2026-07-13T06:40:00Z,23.04,0.93467,0.01008,-30.96
2026-07-13T06:50:00Z,22.58,0.97631,0.01539,-30.71
2026-07-13T07:00:00Z,22.88,0.87007,0.01168,-30.37
2026-07-13T07:10:00Z,22.25,0.90982,0.02086,-29.94
2026-07-13T07:20:00Z,22.28,0.22342,0.02029,-29.44
2026-07-13T07:30:00Z,22.36,0.21279,0.01885,-28.86
2026-07-13T07:40:00Z,21.87,0.01861,0.02961,-28.2
2026-07-13T07:50:00Z,21.77,0.01922,0.03246,-27.47
2026-07-13T08:00:00Z,21.65,0.04608,0.03625,-26.67
2026-07-13T08:10:00Z,21.52,0.0084,0.04087,-25.79
2026-07-13T08:20:00Z,20.22,0.00001,0.13532,-24.86
2026-07-13T08:30:00Z,20.71,0.06728,0.08617,-23.85
2026-07-13T08:40:00Z,19.44,0.43808,0.27757,-22.79
2026-07-13T08:50:00Z,20.29,0.63013,0.12687,-21.67
2026-07-13T09:00:00Z,21.12,0.75272,0.05907,-20.5
2026-07-13T10:10:00Z,22.42,0.22898,0.01784,-10.94
2026-07-13T10:20:00Z,22.45,0.00258,0.01735,-9.42
2026-07-13T10:30:00Z,22.68,0.04499,0.01404,-7.86
2026-07-13T10:40:00Z,22.76,0.0074,0.01304,-6.26
2026-07-13T10:50:00Z,22.1,0.00613,0.02395,-4.64
2026-07-13T11:00:00Z,22.04,0.01741,0.02531,-2.99
2026-07-13T11:10:00Z,21.76,0.08978,0.03276,-1.31
2026-07-13T11:20:00Z,20.99,0.03362,0.06658,0.39
2026-07-13T11:30:00Z,19.64,0.00365,0.23087,2.12
2026-07-13T11:40:00Z,17.98,0.0004,1.06504,3.87
2026-07-13T11:50:00Z,16.05,0.00364,6.30036,5.65
2026-07-13T12:00:00Z,13.71,0.00008,54.37079,7.44
2026-07-14T02:40:00Z,9.51,0.02665,2602.34949,-4.99
2026-07-14T02:50:00Z,11.67,0.21425,355.93084,-6.68
2026-07-14T03:00:00Z,13.91,0.02964,45.22365,-8.33
2026-07-14T03:10:00Z,16.96,0.09522,2.72499,-9.95
2026-07-14T03:20:00Z,18.75,0.04324,0.52404,-11.54
2026-07-14T03:30:00Z,20.05,0.12482,0.15826,-13.1
2026-07-14T03:40:00Z,22.24,0.0125,0.02106,-14.62
2026-07-14T03:50:00Z,24.39,0.59168,0.00291,-16.1
2026-07-14T04:00:00Z,24.92,0.09941,0.00178,-17.54
2026-07-14T04:10:00Z,23.33,0.05408,0.00772,-18.94
2026-07-14T04:20:00Z,23.06,0.24865,0.00989,-20.3
2026-07-14T04:30:00Z,22.7,0.15842,0.01378,-21.6
2026-07-14T04:40:00Z,23.29,0.00001,0.00801,-22.86
2026-07-14T04:50:00Z,22.6,0.09248,0.01511,-24.06
2026-07-14T05:00:00Z,22.41,0.08192,0.018,-25.21
2026-07-14T05:10:00Z,22.73,0.00421,0.01341,-26.29
2026-07-14T05:20:00Z,22.2,0.00338,0.02185,-27.32
2026-07-14T05:30:00Z,22.1,0.00084,0.02395,-28.27
2026-07-14T05:40:00Z,22.14,0.00001,0.02309,-29.16
2026-07-14T05:50:00Z,22.06,0.00001,0.02485,-29.98
2026-07-14T06:00:00Z,21.99,0.00032,0.02651,-30.72
2026-07-14T06:10:00Z,21.93,0.01065,0.02801,-31.38
2026-07-14T06:20:00Z,21.89,0.01126,0.02906,-31.97
2026-07-14T06:30:00Z,21.95,0.00736,0.0275,-32.47
2026-07-14T06:40:00Z,21.86,0.00462,0.02988,-32.89
2026-07-14T06:50:00Z,21.86,0.00442,0.02988,-33.22
2026-07-14T07:00:00Z,21.84,0.00445,0.03043,-33.46
2026-07-14T07:10:00Z,21.81,0.00199,0.03129,-33.61
2026-07-14T07:20:00Z,21.77,0.00111,0.03246,-33.67
2026-07-14T07:30:00Z,21.74,0.0664,0.03337,-33.64
2026-07-14T07:40:00Z,21.72,0.12047,0.03399,-33.53
2026-07-14T07:50:00Z,21.72,0.00001,0.03399,-33.32
2026-07-14T08:50:00Z,22.06,0.00001,0.02485,-30.27
2026-07-14T09:00:00Z,22.36,0.00001,0.01885,-29.48
2026-07-14T09:10:00Z,22.19,0.00627,0.02205,-28.61
2026-07-14T09:20:00Z,22.1,0.03637,0.02395,-27.68
2026-07-14T09:30:00Z,22.17,0.01512,0.02246,-26.68
2026-07-14T09:40:00Z,22.33,0.00032,0.01938,-25.61
2026-07-14T09:50:00Z,22.37,0.00025,0.01868,-24.49
2026-07-14T10:00:00Z,22.17,0.0022,0.02246,-23.3
2026-07-14T10:10:00Z,22,0.00072,0.02626,-22.07
2026-07-14T10:20:00Z,22,0.00365,0.02626,-20.77
2026-07-14T10:30:00Z,22.03,0.00098,0.02555,-19.43
2026-07-14T10:40:00Z,22.03,0.00098,0.02555,-18.05
2026-07-14T10:50:00Z,22.03,0.00018,0.02555,-16.62
2026-07-14T11:00:00Z,21.99,0.00004,0.02651,-15.14
2026-07-14T11:10:00Z,21.74,0.00008,0.03337,-13.63
2026-07-14T11:20:00Z,20.76,0.00144,0.08229,-12.08
2026-07-14T11:30:00Z,19.21,0.01352,0.34306,-10.5
2026-07-14T11:40:00Z,17.57,0.00128,1.55369,-8.88
2026-07-14T11:50:00Z,15.98,0.01152,6.71994,-7.23
2026-07-14T12:00:00Z,13.66,0.00098,56.9332,-5.56
2026-07-15T02:40:00Z,9.35,0.01682,3015.54367,3.88
2026-07-15T02:50:00Z,10.95,0.00002,690.82114,1.99
2026-07-15T03:00:00Z,13.09,0.00072,96.24222,0.12
2026-07-15T03:10:00Z,15.19,0.00084,13.91123,-1.73
2026-07-15T03:20:00Z,17.23,0.00128,2.12503,-3.55
2026-07-15T03:30:00Z,19.09,0.00005,0.38315,-5.36
2026-07-15T03:40:00Z,20.64,0.00685,0.09191,-7.14
2026-07-15T03:50:00Z,21.72,0.02178,0.03399,-8.9
2026-07-15T04:00:00Z,22.3,0.07564,0.01992,-10.63
2026-07-15T04:10:00Z,22.75,0.00841,0.01316,-12.34
2026-07-15T04:20:00Z,22.41,0.01104,0.018,-14.01
2026-07-15T04:30:00Z,22.51,0.02312,0.01642,-15.65
2026-07-15T04:40:00Z,22.64,0.00145,0.01457,-17.26
2026-07-15T04:50:00Z,22.33,0.00018,0.01938,-18.83
2026-07-15T05:00:00Z,22.26,0.0004,0.02067,-20.36
2026-07-15T05:10:00Z,22.26,0.00025,0.02067,-21.85
2026-07-15T05:20:00Z,22.27,0.00012,0.02048,-23.29
2026-07-15T05:30:00Z,22.2,0.00001,0.02185,-24.69
2026-07-15T05:40:00Z,22.12,0.00008,0.02352,-26.04
2026-07-15T05:50:00Z,22.08,0.00001,0.0244,-27.33
2026-07-15T06:00:00Z,22.07,0.00004,0.02462,-28.57
2026-07-15T06:10:00Z,22.05,0.00301,0.02508,-29.74
2026-07-15T06:20:00Z,22.02,0.00199,0.02578,-30.86
2026-07-15T06:30:00Z,22.01,0.00165,0.02602,-31.9
2026-07-15T06:40:00Z,21.99,0.00299,0.02651,-32.87
2026-07-15T06:50:00Z,22.02,0.00386,0.02578,-33.77
2026-07-15T07:00:00Z,22,0.00206,0.02626,-34.59
2026-07-15T07:10:00Z,22.03,0.00181,0.02555,-35.33
2026-07-15T07:20:00Z,22.06,0.00203,0.02485,-35.98
2026-07-15T07:30:00Z,22.04,0.00336,0.02531,-36.54
2026-07-15T07:40:00Z,22.03,0.00341,0.02555,-37.02
2026-07-15T07:50:00Z,22.03,0.00152,0.02555,-37.39
2026-07-15T08:00:00Z,21.99,0.00275,0.02651,-37.68
2026-07-15T08:10:00Z,22,0.00316,0.02626,-37.86
2026-07-15T08:20:00Z,22.01,0.00287,0.02602,-37.95
2026-07-15T08:30:00Z,22.04,0.00242,0.02531,-37.93
2026-07-15T08:40:00Z,22.05,0.00074,0.02508,-37.82
2026-07-15T08:50:00Z,22.06,0.00008,0.02485,-37.61
2026-07-15T09:00:00Z,22.09,0.00002,0.02417,-37.3
2026-07-15T09:10:00Z,22.13,0.00002,0.0233,-36.9
2026-07-15T09:20:00Z,22.11,0.00001,0.02373,-36.4
2026-07-15T09:30:00Z,22.1,0.00024,0.02395,-35.82
2026-07-15T09:40:00Z,22.11,0.00024,0.02373,-35.14
2026-07-15T09:50:00Z,22.23,0.00001,0.02125,-34.38
2026-07-15T10:00:00Z,22.18,0.00041,0.02225,-33.54
2026-07-15T10:10:00Z,22.18,0.00392,0.02225,-32.62
2026-07-15T10:20:00Z,22.2,0.00242,0.02185,-31.63
2026-07-15T10:30:00Z,22.28,0.00005,0.02029,-30.56
2026-07-15T10:40:00Z,22.2,0.00008,0.02185,-29.43
2026-07-15T10:50:00Z,22.23,0.00242,0.02125,-28.24
2026-07-15T11:00:00Z,22.42,0.00365,0.01784,-26.98
2026-07-15T11:10:00Z,22.12,0.00012,0.02352,-25.67
2026-07-15T11:20:00Z,21.5,0.02112,0.04163,-24.31
2026-07-15T11:30:00Z,20.28,0.00144,0.12805,-22.89
2026-07-15T11:40:00Z,18.72,0.00392,0.53872,-21.43
2026-07-15T11:50:00Z,16.39,0.00338,4.60644,-19.93
2026-07-15T12:00:00Z,14.01,0.00924,41.24446,-18.38
2026-07-15T12:10:00Z,11.46,0.02592,431.88251,-16.8
2026-07-16T02:40:00Z,11.01,0.00512,653.68064,12.28
2026-07-16T02:50:00Z,12.47,0.00882,170.35921,10.26
2026-07-16T03:00:00Z,14.32,0.00312,31.00028,8.25
2026-07-16T03:10:00Z,16.24,0.10805,5.2889,6.25
2026-07-16T03:20:00Z,18.65,0.0076,0.5746,4.26
2026-07-16T03:30:00Z,21.3,0.00612,0.05005,2.28
2026-07-16T03:40:00Z,22.72,0.0006,0.01353,0.32
2026-07-16T03:50:00Z,23.3,0.04324,0.00793,-1.63
2026-07-16T04:00:00Z,23.39,0.0018,0.0073,-3.57
2026-07-16T04:10:00Z,22.88,0.00145,0.01168,-5.48
2026-07-16T04:20:00Z,22.7,0.00072,0.01378,-7.38
2026-07-16T04:30:00Z,22.66,0.00364,0.0143,-9.25
2026-07-16T04:40:00Z,22.59,0.07564,0.01525,-11.11
2026-07-16T04:50:00Z,22.61,0.13612,0.01497,-12.94
2026-07-16T05:00:00Z,22.45,0.0018,0.01735,-14.75
2026-07-16T05:10:00Z,23.34,0.03445,0.00764,-16.53
2026-07-16T05:20:00Z,23.63,0.08064,0.00585,-18.29
2026-07-16T05:30:00Z,23.51,0.03362,0.00654,-20.01
2026-07-16T05:40:00Z,23.81,0.00288,0.00496,-21.7
2026-07-16T05:50:00Z,23.26,0.01201,0.00823,-23.35
2026-07-16T06:00:00Z,22.68,0.02738,0.01404,-24.97
2026-07-16T06:10:00Z,22.31,0.80327,0.01974,-26.54
2026-07-16T06:20:00Z,22.64,0.80242,0.01457,-28.07
2026-07-16T06:30:00Z,22.93,0.49506,0.01115,-29.56
2026-07-16T06:40:00Z,22.45,0.36386,0.01735,-30.99
2026-07-16T06:50:00Z,22.17,0.39295,0.02246,-32.37
2026-07-16T07:00:00Z,22.1,0.40636,0.02395,-33.68
2026-07-16T07:10:00Z,22.19,0.54372,0.02205,-34.94
2026-07-16T07:20:00Z,22.31,0.16788,0.01974,-36.12
2026-07-16T07:30:00Z,22.51,0.04159,0.01642,-37.24
2026-07-16T07:40:00Z,22.65,0.03359,0.01443,-38.28
2026-07-16T07:50:00Z,22.57,0.10716,0.01554,-39.23
2026-07-16T08:00:00Z,22.69,0.14937,0.01391,-40.11
2026-07-16T08:10:00Z,22.75,0.08456,0.01316,-40.89
2026-07-16T08:20:00Z,22.52,0.07306,0.01627,-41.57
2026-07-16T08:30:00Z,22.39,0.08745,0.01834,-42.16
2026-07-16T08:40:00Z,22.56,0.08619,0.01568,-42.64
2026-07-16T08:50:00Z,22.61,0.002,0.01497,-43.02
2026-07-16T09:00:00Z,22.67,0.00882,0.01417,-43.29
2026-07-16T09:10:00Z,22.61,0.00085,0.01497,-43.45
2026-07-16T09:20:00Z,22.57,0.00085,0.01554,-43.49
2026-07-16T09:30:00Z,22.55,0.00098,0.01583,-43.43
2026-07-16T09:40:00Z,22.74,0.00001,0.01329,-43.26
2026-07-16T09:50:00Z,23.1,0.0018,0.00954,-42.97
2026-07-16T10:00:00Z,23.28,0.00008,0.00808,-42.58
2026-07-16T10:10:00Z,22.96,0.00613,0.01085,-42.08
2026-07-16T10:20:00Z,22.96,0.00512,0.01085,-41.48
2026-07-16T10:30:00Z,22.85,0.03362,0.01201,-40.78
2026-07-16T10:40:00Z,22.62,0.00925,0.01484,-39.98
2026-07-16T10:50:00Z,22.27,0.00001,0.02048,-39.1
2026-07-16T11:00:00Z,22.08,0.00001,0.0244,-38.13
2026-07-16T11:10:00Z,21.86,0.00392,0.02988,-37.08
2026-07-16T11:20:00Z,21.16,0.0018,0.05693,-35.95
2026-07-16T11:30:00Z,19.9,0.01013,0.1817,-34.76
2026-07-16T11:40:00Z,18.5,0.00032,0.65973,-33.49
2026-07-16T11:50:00Z,17,0.00882,2.62643,-32.16
2026-07-16T12:00:00Z,14.8,0.00008,19.9235,-30.78
2026-07-16T12:10:00Z,12.21,0.018,216.454,-29.34
2026-07-17T02:40:00Z,10.86,0.00312,750.52579,19.86
2026-07-17T02:50:00Z,12.83,0.00098,122.28287,17.78
2026-07-17T03:00:00Z,14.94,0.00113,17.5132,15.7
2026-07-17T03:10:00Z,16.94,0.01861,2.77566,13.62
2026-07-17T03:20:00Z,18.69,0.0312,0.55382,11.55
2026-07-17T03:30:00Z,20.04,0.01058,0.15972,9.48
2026-07-17T03:40:00Z,21.6,0.06845,0.03796,7.41
2026-07-17T03:50:00Z,22.58,0.00392,0.01539,5.36
2026-07-17T04:00:00Z,22.52,0.00041,0.01627,3.31
2026-07-17T04:10:00Z,22.59,0.0005,0.01525,1.27
2026-07-17T04:20:00Z,22.51,0.00018,0.01642,-0.76
2026-07-17T04:30:00Z,22.37,0.00085,0.01868,-2.78
2026-07-17T04:40:00Z,22.27,0.00018,0.02048,-4.79
2026-07-17T04:50:00Z,22.27,0.00008,0.02048,-6.79
2026-07-17T05:00:00Z,22.24,0.00001,0.02106,-8.78
2026-07-17T05:10:00Z,22.24,0.00001,0.02106,-10.74
2026-07-17T05:20:00Z,22.23,0.00008,0.02125,-12.7
2026-07-17T05:30:00Z,22.2,0.00002,0.02185,-14.63
2026-07-17T05:40:00Z,22.15,0.00002,0.02288,-16.55
2026-07-17T05:50:00Z,22.12,0.00012,0.02352,-18.44
2026-07-17T06:00:00Z,22.09,0.00018,0.02417,-20.32
2026-07-17T06:10:00Z,22.04,0.01058,0.02531,-22.17
2026-07-17T06:20:00Z,22.02,0.01416,0.02578,-23.99
2026-07-17T06:30:00Z,21.97,0.01379,0.027,-25.78
2026-07-17T06:40:00Z,22.07,0.0104,0.02462,-27.54
2026-07-17T06:50:00Z,22.07,0.00748,0.02462,-29.26
2026-07-17T07:00:00Z,22.07,0.02011,0.02462,-30.95
2026-07-17T07:10:00Z,22.03,0.03682,0.02555,-32.6
2026-07-17T07:20:00Z,22.09,0.02156,0.02417,-34.2
2026-07-17T07:30:00Z,21.94,0.01641,0.02776,-35.76
2026-07-17T07:40:00Z,21.85,0.01443,0.03016,-37.26
2026-07-17T07:50:00Z,21.82,0.02264,0.031,-38.7
2026-07-17T08:00:00Z,21.79,0.03334,0.03187,-40.08
2026-07-17T08:10:00Z,21.79,0.0132,0.03187,-41.39
2026-07-17T08:20:00Z,21.82,0.00457,0.031,-42.63
2026-07-17T08:30:00Z,21.84,0.00176,0.03043,-43.79
2026-07-17T08:40:00Z,21.85,0.00045,0.03016,-44.87
2026-07-17T08:50:00Z,21.87,0.00001,0.02961,-45.85
2026-07-17T09:00:00Z,21.88,0.00002,0.02933,-46.73
2026-07-17T09:10:00Z,21.88,0.00002,0.02933,-47.51
2026-07-17T09:20:00Z,21.88,0.00001,0.02933,-48.18
2026-07-17T09:30:00Z,21.9,0.00001,0.0288,-48.74
2026-07-17T09:40:00Z,21.9,0.00002,0.0288,-49.17
2026-07-17T09:50:00Z,21.92,0.00008,0.02827,-49.48
2026-07-17T10:00:00Z,21.91,0.00008,0.02853,-49.67
2026-07-17T10:10:00Z,21.91,0.00013,0.02853,-49.72
2026-07-17T10:20:00Z,21.9,0.00008,0.0288,-49.65
2026-07-17T10:30:00Z,21.93,0.00002,0.02801,-49.45
2026-07-17T10:40:00Z,21.95,0.00013,0.0275,-49.12
2026-07-17T10:50:00Z,21.96,0.00013,0.02725,-48.67
2026-07-17T11:00:00Z,21.91,0.00001,0.02853,-48.1
2026-07-17T11:10:00Z,21.78,0.00013,0.03216,-47.42
2026-07-17T11:20:00Z,21.15,0.00002,0.05746,-46.63
2026-07-17T11:30:00Z,20.02,0.00882,0.16269,-45.73
2026-07-17T11:40:00Z,18.52,0.00001,0.64769,-44.74
2026-07-17T11:50:00Z,16.76,0.00084,3.27616,-43.65
2026-07-17T12:00:00Z,14.56,0.00061,24.85224,-42.49
2026-07-17T12:10:00Z,12.13,0.00162,233.0052,-41.24
2026-07-18T02:40:00Z,10.35,0.00578,1200.50956,26.28
2026-07-18T02:50:00Z,12.75,0.032,131.63326,24.23
2026-07-18T03:00:00Z,15,0.032,16.57165,22.17
2026-07-18T03:10:00Z,16.76,0.00005,3.27616,20.11
2026-07-18T03:20:00Z,18.83,0.00012,0.48682,18.04
2026-07-18T03:30:00Z,20.41,0.00364,0.1136,15.96
2026-07-18T03:40:00Z,21.47,0.00128,0.04279,13.88
2026-07-18T03:50:00Z,21.96,0.00002,0.02725,11.8
2026-07-18T04:00:00Z,22.15,0.00421,0.02288,9.72
2026-07-18T04:10:00Z,22.2,0.00181,0.02185,7.64
2026-07-18T04:20:00Z,22.13,0.00024,0.0233,5.55
2026-07-18T04:30:00Z,22.23,0.00264,0.02125,3.48
2026-07-18T04:40:00Z,22.31,0.00084,0.01974,1.4
2026-07-18T04:50:00Z,22.3,0.00072,0.01992,-0.67
2026-07-18T05:00:00Z,22.43,0.01058,0.01768,-2.74
2026-07-18T05:10:00Z,22.57,0.00613,0.01554,-4.81
2026-07-18T05:20:00Z,22.84,0.0022,0.01212,-6.86
2026-07-18T05:30:00Z,22.78,0.0084,0.0128,-8.91
2026-07-18T05:40:00Z,22.74,0.00288,0.01329,-10.95
2026-07-18T05:50:00Z,22.51,0.00024,0.01642,-12.98
2026-07-18T06:00:00Z,22.5,0.00112,0.01657,-15
2026-07-18T06:10:00Z,22.47,0.01542,0.01704,-17.01
2026-07-18T06:20:00Z,22.35,0.12735,0.01903,-19
2026-07-18T06:30:00Z,22.29,0.14569,0.02011,-20.98
2026-07-18T06:40:00Z,22.25,0.13215,0.02086,-22.94
2026-07-18T06:50:00Z,22.59,0.11111,0.01525,-24.89
2026-07-18T07:00:00Z,22.67,0.18467,0.01417,-26.81
2026-07-18T07:10:00Z,22.5,0.23762,0.01657,-28.71
2026-07-18T07:20:00Z,22.66,0.45047,0.0143,-30.58
2026-07-18T07:30:00Z,23.16,0.50102,0.00902,-32.43
2026-07-18T07:40:00Z,23.45,0.58714,0.00691,-34.25
2026-07-18T07:50:00Z,22.79,0.71314,0.01269,-36.03
2026-07-18T08:00:00Z,22.89,0.49289,0.01157,-37.78
2026-07-18T08:10:00Z,22.78,0.18363,0.0128,-39.49
2026-07-18T08:20:00Z,22.55,0.21556,0.01583,-41.15
2026-07-18T08:30:00Z,22.51,0.06585,0.01642,-42.76
2026-07-18T08:40:00Z,22.53,0.09651,0.01612,-44.31
2026-07-18T08:50:00Z,22.54,0.00085,0.01597,-45.8
2026-07-18T09:00:00Z,22.61,0.00025,0.01497,-47.23
2026-07-18T09:10:00Z,22.67,0.00025,0.01417,-48.58
2026-07-18T09:20:00Z,22.66,0.00024,0.0143,-49.84
2026-07-18T09:30:00Z,22.78,0.00018,0.0128,-51.02
2026-07-18T09:40:00Z,22.67,0.002,0.01417,-52.1
2026-07-18T09:50:00Z,22.64,0.00648,0.01457,-53.06
2026-07-18T10:00:00Z,22.6,0.0048,0.01511,-53.92
2026-07-18T10:10:00Z,22.53,0.0004,0.01612,-54.64
2026-07-18T10:20:00Z,22.44,0.00002,0.01751,-55.23
2026-07-18T10:30:00Z,22.35,0.00001,0.01903,-55.69
2026-07-18T10:40:00Z,22.34,0.00002,0.0192,-56
2026-07-18T10:50:00Z,22.27,0.00032,0.02048,-56.15
2026-07-18T11:00:00Z,22.17,0.00098,0.02246,-56.16
2026-07-18T11:10:00Z,21.98,0.00004,0.02675,-56.02
2026-07-18T11:20:00Z,21.42,0.00018,0.04481,-55.72
2026-07-18T11:30:00Z,20.2,0.00392,0.13784,-55.28
2026-07-18T11:40:00Z,18.56,0.0042,0.62426,-54.7
2026-07-18T11:50:00Z,16.57,0.00288,3.9027,-53.99
2026-07-18T12:00:00Z,14.44,0.00025,27.75656,-53.15
2026-07-18T12:10:00Z,12.16,0.0022,226.65517,-52.2
2026-07-19T02:40:00Z,9.96,0.00648,1719.35526,31.27
2026-07-19T02:50:00Z,11.99,0.00144,265.07308,29.36
2026-07-19T03:00:00Z,14.31,0.01013,31.28712,27.43
2026-07-19T03:10:00Z,16.56,0.00421,3.93882,25.48
2026-07-19T03:20:00Z,18.57,0.00002,0.61854,23.5
2026-07-19T03:30:00Z,19.89,0.00098,0.18339,21.51
2026-07-19T03:40:00Z,20.81,0.00008,0.07859,19.51
2026-07-19T03:50:00Z,21.35,0.00312,0.04779,17.49
2026-07-19T04:00:00Z,21.65,0.00012,0.03625,15.46
2026-07-19T04:10:00Z,21.67,0.00288,0.03559,13.42
2026-07-19T04:20:00Z,21.66,0.0006,0.03592,11.37
2026-07-19T04:30:00Z,21.57,0.00005,0.03903,9.32
2026-07-19T04:40:00Z,21.64,0.00084,0.03659,7.25
2026-07-19T04:50:00Z,21.76,0.00001,0.03276,5.19
2026-07-19T05:00:00Z,21.96,0.00008,0.02725,3.12
2026-07-19T05:10:00Z,22.11,0.00025,0.02373,1.04
2026-07-19T05:20:00Z,22.2,0.00025,0.02185,-1.03
2026-07-19T05:30:00Z,22.19,0.00018,0.02205,-3.11
2026-07-19T05:40:00Z,22.15,0.0045,0.02288,-5.19
2026-07-19T05:50:00Z,22.15,0.00181,0.02288,-7.26
2026-07-19T06:00:00Z,22.25,0.00024,0.02086,-9.34
2026-07-19T06:10:00Z,22.15,0.02528,0.02288,-11.41
2026-07-19T06:20:00Z,22.04,0.02256,0.02531,-13.48
2026-07-19T06:30:00Z,21.99,0.01783,0.02651,-15.54
2026-07-19T06:40:00Z,21.95,0.03007,0.0275,-17.59
2026-07-19T06:50:00Z,21.93,0.0364,0.02801,-19.64
2026-07-19T07:00:00Z,21.94,0.02267,0.02776,-21.68
2026-07-19T07:10:00Z,22,0.01356,0.02626,-23.72
2026-07-19T07:20:00Z,22.08,0.01178,0.0244,-25.74
2026-07-19T07:30:00Z,22.1,0.01289,0.02395,-27.75
2026-07-19T07:40:00Z,22.04,0.01144,0.02531,-29.74
2026-07-19T07:50:00Z,22.04,0.01568,0.02531,-31.72
2026-07-19T08:00:00Z,22.06,0.02157,0.02485,-33.68
2026-07-19T08:10:00Z,22.09,0.01821,0.02417,-35.62
2026-07-19T08:20:00Z,22.21,0.01469,0.02165,-37.54
2026-07-19T08:30:00Z,22.25,0.01709,0.02086,-39.43
2026-07-19T08:40:00Z,22.19,0.02447,0.02205,-41.3
2026-07-19T08:50:00Z,22.18,0.00002,0.02225,-43.13
2026-07-19T09:00:00Z,22.2,0.00112,0.02185,-44.93
2026-07-19T09:10:00Z,22.13,0.00002,0.0233,-46.68
2026-07-19T09:20:00Z,22.24,0.00072,0.02106,-48.39
2026-07-19T09:30:00Z,22.61,0.00364,0.01497,-50.05
2026-07-19T09:40:00Z,22.62,0.00032,0.01484,-51.64
2026-07-19T09:50:00Z,22.62,0.01922,0.01484,-53.17
2026-07-19T10:00:00Z,22.73,0.00612,0.01341,-54.62
2026-07-19T10:10:00Z,22.53,0.00072,0.01612,-55.99
2026-07-19T10:20:00Z,22.64,0.00882,0.01457,-57.26
2026-07-19T10:30:00Z,22.84,0.01922,0.01212,-58.42
2026-07-19T10:40:00Z,22.99,0.00242,0.01055,-59.46
2026-07-19T10:50:00Z,23.21,0.00098,0.00862,-60.37
2026-07-19T11:00:00Z,22.72,0.00072,0.01353,-61.13
2026-07-19T11:10:00Z,22.61,0.03042,0.01497,-61.73
2026-07-19T11:20:00Z,21.73,0.05941,0.03368,-62.17
2026-07-19T11:30:00Z,20.41,0.06613,0.1136,-62.43
2026-07-19T11:40:00Z,18.74,0.00545,0.52889,-62.5
2026-07-19T11:50:00Z,16.95,0.0004,2.75021,-62.4
2026-07-19T12:00:00Z,14.74,0.00265,21.0555,-62.11
2026-07-19T12:10:00Z,12.3,0.0045,199.23499,-61.65
2026-07-20T02:40:00Z,12.75,0.00002,131.63326,34.63
2026-07-20T02:50:00Z,14.83,0.00722,19.38053,32.98
2026-07-20T03:00:00Z,16.92,0.00221,2.82726,31.28
2026-07-20T03:10:00Z,19,0.0045,0.41626,29.55
2026-07-20T03:20:00Z,20.69,0.02964,0.08777,27.78
2026-07-20T03:30:00Z,21.78,0.00162,0.03216,25.97
2026-07-20T03:40:00Z,21.97,0.00008,0.027,24.14
2026-07-20T03:50:00Z,22.03,0.00128,0.02555,22.27
2026-07-20T04:00:00Z,22.14,0.00018,0.02309,20.38
2026-07-20T04:10:00Z,22.34,0.00001,0.0192,18.47
2026-07-20T04:20:00Z,22.47,0.008,0.01704,16.54
2026-07-20T04:30:00Z,22.59,0.00145,0.01525,14.59
2026-07-20T04:40:00Z,22.71,0.02112,0.01366,12.62
2026-07-20T04:50:00Z,22.43,0.0125,0.01768,10.63
2026-07-20T05:00:00Z,21.92,0.00481,0.02827,8.64
2026-07-20T05:10:00Z,21.83,0.00041,0.03072,6.63
2026-07-20T05:20:00Z,21.66,0.00013,0.03592,4.61
2026-07-20T05:30:00Z,21.72,0.04418,0.03399,2.58
2026-07-20T05:40:00Z,21.92,0.16928,0.02827,0.54
2026-07-20T05:50:00Z,22.21,0.01012,0.02165,-1.5
2026-07-20T06:00:00Z,21.65,0.08845,0.03625,-3.56
2026-07-20T06:10:00Z,22.08,0.84487,0.0244,-5.61
2026-07-20T06:20:00Z,23.05,1.04558,0.00999,-7.67
2026-07-20T06:30:00Z,23.23,2.07925,0.00846,-9.74
2026-07-20T06:40:00Z,23.51,4.42701,0.00654,-11.8
2026-07-20T06:50:00Z,23,3.96513,0.01046,-13.87
2026-07-20T07:00:00Z,25.07,2.83909,0.00155,-15.94
2026-07-20T08:10:00Z,23.91,2.77512,0.00452,-30.35
2026-07-20T08:20:00Z,23.64,3.26595,0.0058,-32.39
2026-07-20T08:30:00Z,23.66,3.04975,0.00569,-34.42
2026-07-20T08:40:00Z,23.37,0.29504,0.00744,-36.44
2026-07-20T08:50:00Z,22.59,0.018,0.01525,-38.44
2026-07-20T09:00:00Z,22.87,0.00162,0.01179,-40.43
2026-07-20T09:10:00Z,22.65,0.12013,0.01443,-42.4
2026-07-20T09:20:00Z,22.29,0.12168,0.02011,-44.36
2026-07-20T09:30:00Z,22.14,0.00648,0.02309,-46.29
2026-07-20T09:40:00Z,22.13,0.00612,0.0233,-48.19
2026-07-20T09:50:00Z,22.51,0.00025,0.01642,-50.07
2026-07-20T10:00:00Z,22.13,0.00313,0.0233,-51.91
2026-07-20T10:10:00Z,22.48,0.06613,0.01688,-53.71
2026-07-20T10:20:00Z,22.56,0.11101,0.01568,-55.46
2026-07-20T10:30:00Z,23.01,0.05,0.01036,-57.16
2026-07-20T10:40:00Z,23.15,0.02048,0.00911,-58.8
2026-07-20T10:50:00Z,22.69,0.02312,0.01391,-60.36
2026-07-20T11:00:00Z,22.72,0.0042,0.01353,-61.83
2026-07-20T11:10:00Z,22.08,0.0594,0.0244,-63.2
2026-07-20T11:20:00Z,21.04,0.06728,0.06359,-64.45
2026-07-20T11:30:00Z,20.1,0.00364,0.15114,-65.57
2026-07-20T11:40:00Z,18.23,0.0125,0.84599,-66.53
2026-07-20T11:50:00Z,16.45,0.05305,4.35879,-67.32
2026-07-20T12:00:00Z,14.48,0.05202,26.75258,-67.91
2026-07-20T12:10:00Z,12.21,0.00392,216.454,-68.29
2026-07-21T02:40:00Z,10.8,0.00613,793.1688,36.24
2026-07-21T02:50:00Z,12.73,0.0238,134.0805,34.97
2026-07-21T03:00:00Z,15.07,0.00613,15.53694,33.62
2026-07-21T03:10:00Z,17.47,0.0125,1.70359,32.21
2026-07-21T03:20:00Z,19.24,0.008,0.33371,30.74
2026-07-21T03:30:00Z,20.03,0.0005,0.1612,29.22
2026-07-21T03:40:00Z,20.34,0.00001,0.12116,27.65
2026-07-21T03:50:00Z,20.57,0.00512,0.09803,26.03
2026-07-21T04:00:00Z,20.82,0.00882,0.07787,24.37
2026-07-21T04:10:00Z,21.08,0.0045,0.06129,22.67
2026-07-21T04:20:00Z,21.03,0.11101,0.06417,20.94
2026-07-21T04:30:00Z,21.09,0.13284,0.06072,19.17
2026-07-21T04:40:00Z,21.56,0.03995,0.03939,17.38
2026-07-21T04:50:00Z,20.95,0.01891,0.06908,15.55
2026-07-21T05:00:00Z,20.89,0.0014,0.07301,13.7
2026-07-21T07:10:00Z,22.3,0.00288,0.01992,-11.86
2026-07-21T07:20:00Z,22.28,0.00162,0.02029,-13.9
2026-07-21T07:30:00Z,22.34,0.00025,0.0192,-15.95
2026-07-21T07:40:00Z,22.24,0.00084,0.02106,-17.99
2026-07-21T07:50:00Z,22.16,0.00001,0.02267,-20.05
2026-07-21T08:00:00Z,22.03,0.00005,0.02555,-22.1
2026-07-21T08:10:00Z,21.98,0.07171,0.02675,-24.16
2026-07-21T08:20:00Z,22.01,0.0508,0.02602,-26.22
2026-07-21T08:30:00Z,22.09,0.04082,0.02417,-28.27
2026-07-21T08:40:00Z,22.17,0.02214,0.02246,-30.33
2026-07-21T08:50:00Z,22.06,0.00012,0.02485,-32.39
2026-07-21T09:00:00Z,22.21,0.00181,0.02165,-34.44
2026-07-21T09:10:00Z,22.3,0.01013,0.01992,-36.49
2026-07-21T09:20:00Z,23.14,0.00512,0.00919,-38.54
2026-07-21T09:30:00Z,23.24,0.0328,0.00838,-40.57
2026-07-21T09:40:00Z,23.53,0.11101,0.00642,-42.61
2026-07-21T09:50:00Z,23.14,0.04325,0.00919,-44.63
2026-07-21T10:00:00Z,23.02,0.03785,0.01027,-46.64
2026-07-21T10:10:00Z,22.95,0.04513,0.01095,-48.64
2026-07-21T10:20:00Z,22.86,0.00242,0.0119,-50.62
2026-07-21T10:30:00Z,22.52,0.00024,0.01627,-52.59
2026-07-21T10:40:00Z,22.94,0.00265,0.01105,-54.53
2026-07-21T10:50:00Z,22.61,0.05101,0.01497,-56.44
2026-07-21T11:00:00Z,22.67,0.11401,0.01417,-58.33
2026-07-21T11:10:00Z,22.39,0.06498,0.01834,-60.17
2026-07-21T11:20:00Z,22.22,0.02665,0.02145,-61.97
2026-07-21T11:30:00Z,21.47,0.01012,0.04279,-63.72
2026-07-21T11:40:00Z,19.74,0.0238,0.21056,-65.39
2026-07-21T11:50:00Z,17.45,0.008,1.73526,-66.98
2026-07-21T12:00:00Z,15.42,0.00882,11.25552,-68.48
2026-07-21T12:10:00Z,13.01,0.03362,103.6014,-69.84
2026-07-22T02:40:00Z,9.91,0.00882,1800.38598,36.16
2026-07-22T02:50:00Z,12.02,0.01861,257.8491,35.33
2026-07-22T03:00:00Z,14.44,0.00128,27.75656,34.41
2026-07-22T03:10:00Z,16.75,0.00084,3.30648,33.42
2026-07-22T03:20:00Z,18.34,0.00162,0.76448,32.34
2026-07-22T03:30:00Z,19.37,0.051,0.29605,31.19
2026-07-22T03:40:00Z,19.97,0.03872,0.17036,29.97
2026-07-22T03:50:00Z,19.96,0.0042,0.17194,28.69
2026-07-22T04:00:00Z,20.35,0.00761,0.12005,27.34
2026-07-22T04:10:00Z,20.26,0.00012,0.13043,25.94
2026-07-22T04:20:00Z,19.98,0.00162,0.1688,24.49
2026-07-22T04:30:00Z,19.9,0.03528,0.1817,22.99
2026-07-22T04:40:00Z,19.97,0.02381,0.17036,21.44
2026-07-22T04:50:00Z,20.37,0.00242,0.11786,19.85
2026-07-22T05:00:00Z,20.26,0.00004,0.13043,18.22
2026-07-22T05:10:00Z,20.33,0.0004,0.12228,16.55
2026-07-22T05:20:00Z,20.36,0.00544,0.11895,14.85
2026-07-22T05:30:00Z,20.38,0.0186,0.11678,13.12
2026-07-22T05:40:00Z,20.48,0.00002,0.1065,11.36
2026-07-22T05:50:00Z,20.99,0.0018,0.06658,9.57
2026-07-22T06:00:00Z,21.3,0.00005,0.05005,7.76
2026-07-22T06:10:00Z,21.39,0.19072,0.04606,5.93
2026-07-22T06:20:00Z,21.45,0.18116,0.04359,4.07
2026-07-22T06:30:00Z,21.51,0.02887,0.04124,2.19
2026-07-22T06:40:00Z,21.63,0.00461,0.03693,0.3
2026-07-22T06:50:00Z,21.75,0.01112,0.03306,-1.61
2026-07-22T07:00:00Z,21.81,0.02296,0.03129,-3.54
2026-07-22T07:10:00Z,21.84,0.02685,0.03043,-5.48
2026-07-22T07:20:00Z,21.85,0.01489,0.03016,-7.43
2026-07-22T07:30:00Z,21.84,0.00325,0.03043,-9.4
2026-07-22T07:40:00Z,21.85,0.00061,0.03016,-11.38
2026-07-22T07:50:00Z,21.85,0.00048,0.03016,-13.37
2026-07-22T08:00:00Z,21.86,0.00066,0.02988,-15.36
2026-07-22T08:10:00Z,21.88,0.00025,0.02933,-17.37
2026-07-22T08:20:00Z,21.89,0.00037,0.02906,-19.38
2026-07-22T08:30:00Z,21.91,0.00041,0.02853,-21.4
2026-07-22T08:40:00Z,21.92,0.00089,0.02827,-23.43
2026-07-22T08:50:00Z,21.95,0.00002,0.0275,-25.46
2026-07-22T09:00:00Z,21.98,0.00004,0.02675,-27.49
2026-07-22T09:10:00Z,22.02,0.00002,0.02578,-29.53
2026-07-22T09:20:00Z,22.01,0.00001,0.02602,-31.57
2026-07-22T09:30:00Z,22,0.00018,0.02626,-33.62
2026-07-22T09:40:00Z,22.02,0.00012,0.02578,-35.66
2026-07-22T09:50:00Z,22.07,0.00005,0.02462,-37.71
2026-07-22T10:00:00Z,22.16,0.00001,0.02267,-39.76
2026-07-22T10:10:00Z,22.34,0.00001,0.0192,-41.8
2026-07-22T10:20:00Z,22.54,0.00013,0.01597,-43.85
2026-07-22T10:30:00Z,22.9,0.00024,0.01146,-45.89
2026-07-22T10:40:00Z,22.81,0.00098,0.01246,-47.92
2026-07-22T10:50:00Z,22.48,0.01861,0.01688,-49.96
2026-07-22T11:00:00Z,22.35,0.00221,0.01903,-51.98
2026-07-22T11:10:00Z,22.19,0.00968,0.02205,-54
2026-07-22T11:20:00Z,21.91,0.00265,0.02853,-56
2026-07-22T11:30:00Z,20.95,0.00041,0.06908,-57.99
2026-07-22T11:40:00Z,19.64,0.01568,0.23087,-59.97
2026-07-22T11:50:00Z,17.78,0.00544,1.28046,-61.92
2026-07-22T12:00:00Z,15.41,0.002,11.35967,-63.85
2026-07-22T12:10:00Z,13.21,0.00008,86.17189,-65.74
2026-07-23T02:40:00Z,9.85,0.018,1902.67942,34.54
2026-07-23T02:50:00Z,12.11,0.00313,237.33709,34.19
2026-07-23T03:00:00Z,14.62,0.00005,23.51612,33.75
2026-07-23T03:10:00Z,16.78,0.00012,3.21637,33.21
2026-07-23T03:20:00Z,18.34,0.00364,0.76448,32.59
2026-07-23T03:30:00Z,19.27,0.0042,0.32461,31.87
2026-07-23T03:40:00Z,19.62,0.00112,0.23516,31.07
2026-07-23T03:50:00Z,19.66,0.00072,0.22666,30.2
2026-07-23T04:00:00Z,19.68,0.00072,0.22252,29.24
2026-07-23T04:10:00Z,19.83,0.00024,0.19381,28.21
2026-07-23T04:20:00Z,19.99,0.00008,0.16725,27.11
2026-07-23T04:30:00Z,20.04,0.00032,0.15972,25.95
2026-07-23T04:40:00Z,20.05,0.0006,0.15826,24.72
2026-07-23T04:50:00Z,20.06,0.00032,0.15681,23.44
2026-07-23T05:00:00Z,20.15,0.00072,0.14433,22.1
2026-07-23T05:10:00Z,20.21,0.00041,0.13657,20.71
2026-07-23T05:20:00Z,20.32,0.00001,0.12341,19.27
2026-07-23T05:30:00Z,20.36,0.00001,0.11895,17.78
2026-07-23T05:40:00Z,20.42,0.00002,0.11256,16.26
2026-07-23T05:50:00Z,20.49,0.00002,0.10553,14.69
2026-07-23T06:00:00Z,20.58,0.00018,0.09713,13.09
2026-07-23T06:10:00Z,20.67,0.01344,0.08941,11.45
2026-07-23T06:20:00Z,20.74,0.02064,0.08382,9.78
2026-07-23T06:30:00Z,20.85,0.01855,0.07575,8.08
2026-07-23T06:40:00Z,21.06,0.01319,0.06243,6.35
2026-07-23T06:50:00Z,21.22,0.00736,0.05387,4.59
2026-07-23T07:00:00Z,21.35,0.00609,0.04779,2.81
2026-07-23T07:10:00Z,21.48,0.0122,0.0424,1.01
2026-07-23T07:20:00Z,21.61,0.01452,0.03762,-0.81
2026-07-23T07:30:00Z,21.72,0.02212,0.03399,-2.66
2026-07-23T07:40:00Z,21.79,0.0242,0.03187,-4.52
2026-07-23T07:50:00Z,21.82,0.02185,0.031,-6.4
2026-07-23T08:00:00Z,21.84,0.01507,0.03043,-8.29
2026-07-23T08:10:00Z,21.87,0.00637,0.02961,-10.2
2026-07-23T08:20:00Z,21.86,0.00286,0.02988,-12.12
2026-07-23T08:30:00Z,21.84,0.00158,0.03043,-14.06
2026-07-23T08:40:00Z,21.85,0.00091,0.03016,-16
2026-07-23T08:50:00Z,21.84,0.00008,0.03043,-17.96
2026-07-23T09:00:00Z,21.84,0.00013,0.03043,-19.93
2026-07-23T09:10:00Z,21.82,0.00005,0.031,-21.91
2026-07-23T09:20:00Z,21.84,0.00005,0.03043,-23.89
2026-07-23T09:30:00Z,21.84,0.00018,0.03043,-25.88
2026-07-23T09:40:00Z,21.87,0.00018,0.02961,-27.88
2026-07-23T09:50:00Z,21.88,0.00013,0.02933,-29.89
2026-07-23T10:00:00Z,21.88,0.00012,0.02933,-31.9
2026-07-23T10:10:00Z,21.88,0.00001,0.02933,-33.92
2026-07-23T10:20:00Z,21.89,0.00001,0.02906,-35.94
2026-07-23T10:30:00Z,21.92,0.00001,0.02827,-37.97
2026-07-23T10:40:00Z,21.92,0.00001,0.02827,-40
2026-07-23T10:50:00Z,21.95,0.00013,0.0275,-42.03
2026-07-23T11:00:00Z,21.99,0.00018,0.02651,-44.06
2026-07-23T11:10:00Z,21.96,0.00002,0.02725,-46.1
2026-07-23T11:20:00Z,21.66,0.00032,0.03592,-48.14
2026-07-23T11:30:00Z,20.78,0.002,0.08079,-50.17
2026-07-23T11:40:00Z,19.29,0.0048,0.31869,-52.21
2026-07-23T11:50:00Z,17.47,0.00004,1.70359,-54.24
2026-07-23T12:00:00Z,15.32,0.00392,12.34143,-56.27
2026-07-23T12:10:00Z,12.84,0.00001,121.16177,-58.29
2026-07-24T02:40:00Z,10.19,0.02592,1391.12329,31.62
2026-07-24T02:50:00Z,12.41,0.00112,180.0386,31.75
2026-07-24T03:00:00Z,14.95,0.00025,17.35264,31.78
2026-07-24T03:10:00Z,17.09,0.00002,2.4175,31.72
2026-07-24T03:20:00Z,18.68,0.00612,0.55894,31.56
2026-07-24T03:30:00Z,19.65,0.0022,0.22875,31.31
2026-07-24T03:40:00Z,19.98,0.00072,0.1688,30.98
2026-07-24T03:50:00Z,20.02,0.00001,0.16269,30.55
2026-07-24T04:00:00Z,19.98,0.00008,0.1688,30.03
2026-07-24T04:10:00Z,19.98,0.00001,0.1688,29.43
2026-07-24T04:20:00Z,20.02,0.00013,0.16269,28.75
2026-07-24T04:30:00Z,20.06,0.0006,0.15681,27.99
2026-07-24T04:40:00Z,20.11,0.00024,0.14975,27.15
2026-07-24T04:50:00Z,20.12,0.00001,0.14838,26.24
2026-07-24T05:00:00Z,20.2,0.00001,0.13784,25.25
2026-07-24T05:10:00Z,20.28,0.00001,0.12805,24.2
2026-07-24T05:20:00Z,20.35,0.002,0.12005,23.09
2026-07-24T05:30:00Z,20.4,0.00002,0.11465,21.91
2026-07-24T05:40:00Z,20.42,0.10368,0.11256,20.68
2026-07-24T05:50:00Z,20.21,0.17298,0.13657,19.4
2026-07-24T06:00:00Z,19.75,0.02245,0.20862,18.06
2026-07-24T06:10:00Z,20.48,0.46272,0.1065,16.67
2026-07-24T06:20:00Z,20.54,0.40909,0.10078,15.24
2026-07-24T06:30:00Z,20.6,0.26359,0.09536,13.77
2026-07-24T06:40:00Z,20.59,0.22314,0.09624,12.26
2026-07-24T06:50:00Z,20.79,0.02951,0.08005,10.71
2026-07-24T07:00:00Z,20.87,0.02101,0.07436,9.12
2026-07-24T07:10:00Z,21.04,0.01534,0.06359,7.5
2026-07-24T07:20:00Z,21.19,0.01127,0.05538,5.85
2026-07-24T07:30:00Z,21.26,0.00747,0.05192,4.17
2026-07-24T07:40:00Z,21.32,0.00751,0.04913,2.47
2026-07-24T07:50:00Z,21.49,0.00612,0.04201,0.74
2026-07-24T08:00:00Z,21.63,0.01246,0.03693,-1.02
2026-07-24T08:10:00Z,21.74,0.02218,0.03337,-2.8
2026-07-24T08:20:00Z,21.82,0.03096,0.031,-4.59
2026-07-24T08:30:00Z,21.84,0.01871,0.03043,-6.41
2026-07-24T08:40:00Z,21.88,0.00713,0.02933,-8.25
2026-07-24T08:50:00Z,21.91,0.00032,0.02853,-10.1
2026-07-24T09:00:00Z,21.93,0.00004,0.02801,-11.97
2026-07-24T09:10:00Z,21.97,0.00001,0.027,-13.85
2026-07-24T09:20:00Z,22,0.00004,0.02626,-15.74
2026-07-24T09:30:00Z,22.02,0.00004,0.02578,-17.65
2026-07-24T09:40:00Z,22.03,0.00001,0.02555,-19.57
2026-07-24T09:50:00Z,22.03,0.00001,0.02555,-21.51
2026-07-24T10:00:00Z,22.05,0.00001,0.02508,-23.45
2026-07-24T10:10:00Z,22.05,0.00004,0.02508,-25.4
2026-07-24T10:20:00Z,22.05,0.00008,0.02508,-27.36
2026-07-24T10:30:00Z,22.08,0.00002,0.0244,-29.33
2026-07-24T10:40:00Z,22.12,0.00004,0.02352,-31.31
2026-07-24T10:50:00Z,22.15,0.00002,0.02288,-33.3
2026-07-24T11:00:00Z,22.11,0.00002,0.02373,-35.29
2026-07-24T11:10:00Z,22.03,0.00018,0.02555,-37.28
2026-07-24T11:20:00Z,21.66,0.00005,0.03592,-39.29
2026-07-24T11:30:00Z,20.59,0.00313,0.09624,-41.29
2026-07-24T11:40:00Z,18.98,0.0084,0.424,-43.31
2026-07-24T11:50:00Z,17.11,0.00128,2.37337,-45.32
2026-07-24T12:00:00Z,15.1,0.00392,15.11352,-47.34
2026-07-24T12:10:00Z,12.85,0.00072,120.05096,-49.36
2026-07-25T02:40:00Z,10.31,0.03042,1245.56278,27.67
2026-07-25T02:50:00Z,12.69,0.00545,139.11233,28.23
2026-07-25T03:00:00Z,15.38,0.0005,11.67792,28.71
2026-07-25T03:10:00Z,17.6,0.00265,1.51135,29.1
2026-07-25T03:20:00Z,19.02,0.0042,0.40866,29.4
2026-07-25T03:30:00Z,19.74,0.00084,0.21056,29.62
2026-07-25T03:40:00Z,19.99,0.00005,0.16725,29.74
2026-07-25T03:50:00Z,20.06,0.00002,0.15681,29.78
2026-07-25T04:00:00Z,20.08,0.00001,0.15395,29.73
2026-07-25T04:10:00Z,20.08,0.00002,0.15395,29.59
2026-07-25T04:20:00Z,20.08,0.00008,0.15395,29.36
2026-07-25T04:30:00Z,20.09,0.00008,0.15253,29.04
2026-07-25T04:40:00Z,20.09,0.00001,0.15253,28.64
2026-07-25T04:50:00Z,20.12,0.00001,0.14838,28.15
2026-07-25T05:00:00Z,20.14,0.00002,0.14567,27.58
2026-07-25T05:10:00Z,20.16,0.00004,0.14301,26.93
2026-07-25T05:20:00Z,20.18,0.00001,0.1404,26.2
2026-07-25T05:30:00Z,20.22,0.00001,0.13532,25.4
2026-07-25T05:40:00Z,20.25,0.00002,0.13163,24.52
2026-07-25T05:50:00Z,20.28,0.00002,0.12805,23.58
2026-07-25T06:00:00Z,20.31,0.00001,0.12456,22.57
2026-07-25T06:10:00Z,20.36,0.00058,0.11895,21.49
2026-07-25T06:20:00Z,20.41,0.00031,0.1136,20.36
2026-07-25T06:30:00Z,20.45,0.00016,0.10949,19.17
2026-07-25T06:40:00Z,20.49,0.00121,0.10553,17.92
2026-07-25T06:50:00Z,20.53,0.00259,0.10171,16.63
2026-07-25T07:00:00Z,20.57,0.00236,0.09803,15.29
2026-07-25T07:10:00Z,20.66,0.00199,0.09023,13.9
2026-07-25T07:20:00Z,20.73,0.00192,0.0846,12.46
2026-07-25T07:30:00Z,20.76,0.00189,0.08229,10.99
2026-07-25T07:40:00Z,20.8,0.00275,0.07932,9.48
2026-07-25T07:50:00Z,20.85,0.00736,0.07575,7.93
2026-07-25T08:00:00Z,20.92,0.01882,0.07102,6.35
2026-07-25T08:10:00Z,21.01,0.03527,0.06537,4.74
2026-07-25T08:20:00Z,21.13,0.05545,0.05853,3.1
2026-07-25T08:30:00Z,21.29,0.04188,0.05051,1.43
2026-07-25T08:40:00Z,21.51,0.02324,0.04124,-0.26
2026-07-25T08:50:00Z,21.77,0.00002,0.03246,-1.98
2026-07-25T09:00:00Z,21.93,0.00002,0.02801,-3.73
2026-07-25T09:10:00Z,22.01,0.00098,0.02602,-5.49
2026-07-25T09:20:00Z,22.05,0.00002,0.02508,-7.28
2026-07-25T09:30:00Z,22.07,0.00008,0.02462,-9.08
2026-07-25T09:40:00Z,22.11,0.00002,0.02373,-10.9
2026-07-25T09:50:00Z,22.11,0.00008,0.02373,-12.74
2026-07-25T10:00:00Z,22.1,0.00018,0.02395,-14.59
2026-07-25T10:10:00Z,22.09,0.00004,0.02417,-16.46
2026-07-25T10:20:00Z,22.13,0.00001,0.0233,-18.35
2026-07-25T10:30:00Z,22.15,0.00013,0.02288,-20.24
2026-07-25T10:40:00Z,22.15,0.00025,0.02288,-22.15
2026-07-25T10:50:00Z,22.11,0.00001,0.02373,-24.07
2026-07-25T11:00:00Z,22.11,0.00002,0.02373,-25.99
2026-07-25T11:10:00Z,22.1,0.00032,0.02395,-27.93
2026-07-25T11:20:00Z,21.88,0.00012,0.02933,-29.88
2026-07-25T11:30:00Z,21.14,0.002,0.05799,-31.84
2026-07-25T11:40:00Z,19.78,0.0048,0.20294,-33.8
2026-07-25T11:50:00Z,18.09,0.0005,0.96242,-35.77
2026-07-25T12:00:00Z,16.06,0.00421,6.2426,-37.75
2026-07-25T12:10:00Z,13.59,0.00001,60.72473,-39.73
2026-07-26T02:40:00Z,10.9,0.00265,723.37854,22.93
2026-07-26T02:50:00Z,13.3,0.114,79.31688,23.87
2026-07-26T03:00:00Z,15.74,0.1824,8.38235,24.74
2026-07-26T03:10:00Z,17.99,0.06384,1.05527,25.54
2026-07-26T03:20:00Z,18.54,0.04802,0.63587,26.26
2026-07-26T03:30:00Z,19.3,0.01352,0.31577,26.91
2026-07-26T03:40:00Z,19.14,0.08712,0.3659,27.48
2026-07-26T03:50:00Z,19.04,0.08978,0.4012,27.97
2026-07-26T04:00:00Z,19.52,0.03698,0.25785,28.37
2026-07-26T04:10:00Z,19.26,0.00005,0.32762,28.69
2026-07-26T04:20:00Z,19.6,0.00085,0.23953,28.92
2026-07-26T04:30:00Z,19.68,0.08065,0.22252,29.07
2026-07-26T04:40:00Z,19.53,0.08321,0.25549,29.13
2026-07-26T04:50:00Z,19.02,0.00578,0.40866,29.1
2026-07-26T05:00:00Z,19.42,0.00112,0.28273,28.98
2026-07-26T05:10:00Z,19.44,0.02112,0.27757,28.77
2026-07-26T05:20:00Z,19.42,0.00684,0.28273,28.48
2026-07-26T05:30:00Z,19.21,0.0004,0.34306,28.1
2026-07-26T05:40:00Z,19.46,0.04324,0.2725,27.63
2026-07-26T05:50:00Z,19.8,0.04324,0.19923,27.09
2026-07-26T06:00:00Z,20.14,0.0405,0.14567,26.46
2026-07-26T06:10:00Z,19.55,1.05888,0.25082,25.76
2026-07-26T06:20:00Z,18.96,0.95997,0.43188,24.98
2026-07-26T06:30:00Z,19.27,0.93166,0.32461,24.14
2026-07-26T06:40:00Z,19.87,0.92906,0.1868,23.22
2026-07-26T06:50:00Z,19.74,0.65832,0.21056,22.23
2026-07-26T07:00:00Z,19.27,0.64989,0.32461,21.18
2026-07-26T07:10:00Z,19.37,0.41814,0.29605,20.08
2026-07-26T07:20:00Z,19.12,0.31571,0.37271,18.91
2026-07-26T07:30:00Z,19.53,0.2678,0.25549,17.69
2026-07-26T07:40:00Z,19.45,0.25054,0.27502,16.42
2026-07-26T07:50:00Z,19.43,0.30842,0.28013,15.1
2026-07-26T08:00:00Z,19.63,0.21499,0.23301,13.73
2026-07-26T08:10:00Z,20.15,0.21279,0.14433,12.32
2026-07-26T08:20:00Z,20.37,0.11875,0.11786,10.87
2026-07-26T08:30:00Z,20.59,0.12226,0.09624,9.38
2026-07-26T08:40:00Z,20.7,0.10014,0.08697,7.85
2026-07-26T08:50:00Z,20.8,0.0006,0.07932,6.29
2026-07-26T09:00:00Z,21.01,0.0005,0.06537,4.69
2026-07-26T09:10:00Z,21.21,0.00072,0.05437,3.07
2026-07-26T09:20:00Z,21.4,0.00072,0.04564,1.42
2026-07-26T09:30:00Z,21.62,0.00001,0.03727,-0.26
2026-07-26T09:40:00Z,21.95,0.00008,0.0275,-1.97
2026-07-26T09:50:00Z,22.13,0.00032,0.0233,-3.7
2026-07-26T10:00:00Z,22.2,0.00338,0.02185,-5.45
2026-07-26T10:10:00Z,22.22,0.00008,0.02145,-7.22
2026-07-26T10:20:00Z,22.23,0.00018,0.02125,-9.01
2026-07-26T10:30:00Z,22.22,0.00008,0.02145,-10.82
2026-07-26T10:40:00Z,22.22,0.00001,0.02145,-12.64
2026-07-26T10:50:00Z,22.2,0.00005,0.02185,-14.49
2026-07-26T11:00:00Z,22.23,0.00005,0.02125,-16.34
2026-07-26T11:10:00Z,22.22,0.00025,0.02145,-18.21
2026-07-26T11:20:00Z,22.04,0.0004,0.02531,-20.1
2026-07-26T11:30:00Z,21.35,0.00085,0.04779,-22
2026-07-26T11:40:00Z,19.86,0.00578,0.18852,-23.91
2026-07-26T11:50:00Z,18.08,0.0042,0.97133,-25.83
2026-07-26T12:00:00Z,16.07,0.01301,6.18537,-27.76
2026-07-26T12:10:00Z,13.69,0.00018,55.38162,-29.7
2026-07-27T02:30:00Z,8.84,0.00365,4823.53708,16.29
2026-07-27T02:40:00Z,10.78,0.03042,807.91491,17.6
2026-07-27T02:50:00Z,13.17,0.01352,89.40579,18.87
2026-07-27T03:00:00Z,15.74,0.00288,8.38235,20.07
2026-07-27T03:10:00Z,17.71,0.02888,1.36573,21.23
2026-07-27T03:20:00Z,18.56,0.02245,0.62426,22.32
2026-07-27T03:30:00Z,18.53,0.01682,0.64175,23.35
2026-07-27T03:40:00Z,18.38,0.00085,0.73683,24.32
2026-07-27T03:50:00Z,18.78,0.01301,0.50976,25.22
2026-07-27T04:00:00Z,19.15,0.00648,0.36255,26.05
2026-07-27T04:10:00Z,19.62,0.00012,0.23516,26.8
2026-07-27T04:20:00Z,19.68,0.00004,0.22252,27.48
2026-07-27T04:30:00Z,19.69,0.00004,0.22048,28.07
2026-07-27T04:40:00Z,19.7,0.00002,0.21846,28.59
2026-07-27T04:50:00Z,19.68,0.00008,0.22252,29.02
2026-07-27T05:00:00Z,19.66,0.00002,0.22666,29.36
2026-07-27T05:10:00Z,19.66,0.00001,0.22666,29.62
2026-07-27T05:20:00Z,19.64,0.00001,0.23087,29.79
2026-07-27T05:30:00Z,19.62,0.00001,0.23516,29.87
2026-07-27T05:40:00Z,19.6,0.00008,0.23953,29.86
2026-07-27T05:50:00Z,19.59,0.00018,0.24175,29.76
2026-07-27T06:00:00Z,19.6,0.00295,0.23953,29.58
2026-07-27T06:10:00Z,19.59,0.00253,0.24175,29.3
2026-07-27T06:20:00Z,19.62,0.00146,0.23516,28.94
2026-07-27T06:30:00Z,19.64,0.00093,0.23087,28.49
2026-07-27T06:40:00Z,19.66,0.00074,0.22666,27.95
2026-07-27T06:50:00Z,19.68,0.00019,0.22252,27.34
2026-07-27T07:00:00Z,19.71,0.00076,0.21645,26.65
2026-07-27T07:10:00Z,19.74,0.00175,0.21056,25.88
2026-07-27T07:20:00Z,19.77,0.00156,0.20482,25.03
2026-07-27T07:30:00Z,19.82,0.00107,0.1956,24.12
2026-07-27T07:40:00Z,19.88,0.00067,0.18508,23.14
2026-07-27T07:50:00Z,19.92,0.00036,0.17839,22.09
2026-07-27T08:00:00Z,19.97,0.00047,0.17036,20.98
2026-07-27T08:10:00Z,20.02,0.00069,0.16269,19.82
2026-07-27T08:20:00Z,20.08,0.00385,0.15395,18.6
2026-07-27T08:30:00Z,20.15,0.00846,0.14433,17.32
2026-07-27T08:40:00Z,20.21,0.00663,0.13657,16
2026-07-27T08:50:00Z,20.33,0.00002,0.12228,14.63
2026-07-27T09:00:00Z,20.46,0.00024,0.10848,13.21
2026-07-27T09:10:00Z,20.52,0.00012,0.10265,11.75
2026-07-27T09:20:00Z,20.57,0.00032,0.09803,10.26
2026-07-27T09:30:00Z,20.62,0.00018,0.09362,8.72
2026-07-27T09:40:00Z,20.71,0.00001,0.08617,7.16
2026-07-27T09:50:00Z,20.81,0.00008,0.07859,5.55
2026-07-27T10:00:00Z,21.02,0.00004,0.06477,3.92
2026-07-27T10:10:00Z,21.24,0.0005,0.05289,2.26
2026-07-27T10:20:00Z,21.42,0.0005,0.04481,0.58
2026-07-27T10:30:00Z,21.73,0.00012,0.03368,-1.14
2026-07-27T10:40:00Z,22.03,0.00144,0.02555,-2.87
2026-07-27T10:50:00Z,22.23,0.00098,0.02125,-4.63
2026-07-27T11:00:00Z,22.25,0.00041,0.02086,-6.41
2026-07-27T11:10:00Z,22.23,0.00032,0.02125,-8.21
2026-07-27T11:20:00Z,22.04,0.00098,0.02531,-10.03
2026-07-27T11:30:00Z,21.33,0.00085,0.04868,-11.87
2026-07-27T11:40:00Z,19.93,0.00612,0.17675,-13.72
2026-07-27T11:50:00Z,18.14,0.00144,0.91911,-15.58
2026-07-27T12:00:00Z,16.11,0.0045,5.96164,-17.46
2026-07-27T12:10:00Z,13.74,0.00113,52.88903,-19.36
2026-07-28T02:30:00Z,9.66,0.02665,2266.55166,10.29
2026-07-28T02:40:00Z,11.21,0.01512,543.70787,11.86
2026-07-28T02:50:00Z,13.55,0.03362,63.00364,13.39
2026-07-28T03:00:00Z,15.95,0.03698,6.90821,14.88
2026-07-28T03:10:00Z,17.86,0.00685,1.1895,16.33
2026-07-28T03:20:00Z,18.46,0.00013,0.68449,17.74
2026-07-28T03:30:00Z,18.61,0.002,0.59616,19.09
2026-07-28T03:40:00Z,18.68,0.00072,0.55894,20.4
2026-07-28T03:50:00Z,18.62,0.00041,0.5907,21.66
2026-07-28T04:00:00Z,18.63,0.00162,0.58528,22.86
2026-07-28T04:10:00Z,18.59,0.00061,0.60725,24
2026-07-28T04:20:00Z,18.41,0.00145,0.71675,25.07
2026-07-28T04:30:00Z,18.27,0.00181,0.81539,26.09
2026-07-28T04:40:00Z,18.28,0.02738,0.80791,27.03
2026-07-28T04:50:00Z,18.27,0.0966,0.81539,27.9
2026-07-28T05:00:00Z,18.43,0.05305,0.70366,28.69
2026-07-28T05:10:00Z,19.5,0.13285,0.26264,29.41
2026-07-28T05:20:00Z,20.09,0.01625,0.15253,30.04
2026-07-28T05:30:00Z,19.17,0.03042,0.35593,30.59
2026-07-28T05:40:00Z,18.37,0.00685,0.74364,31.05
2026-07-28T05:50:00Z,18.26,0.00288,0.82294,31.42
2026-07-28T06:00:00Z,18.06,1.28741,0.98939,31.7
2026-07-28T06:10:00Z,18.14,0.42246,0.91911,31.89
2026-07-28T06:20:00Z,18.26,0.05446,0.82294,31.99
2026-07-28T06:30:00Z,18.03,0.12852,1.0171,31.99
2026-07-28T06:40:00Z,17.93,0.14716,1.11523,31.9
2026-07-28T06:50:00Z,17.93,0.15635,1.11523,31.72
2026-07-28T07:00:00Z,18.26,0.18546,0.82294,31.44
2026-07-28T07:10:00Z,18.3,0.16504,0.79317,31.07
2026-07-28T07:20:00Z,18.05,0.16429,0.99854,30.62
2026-07-28T07:30:00Z,17.91,0.15726,1.13597,30.07
2026-07-28T07:40:00Z,18.24,0.14446,0.83823,29.44
2026-07-28T07:50:00Z,18.2,0.14059,0.86969,28.73
2026-07-28T08:00:00Z,18.09,0.06259,0.96242,27.94
2026-07-28T08:10:00Z,18.33,0.07113,0.77155,27.08
2026-07-28T08:20:00Z,18.37,0.07917,0.74364,26.14
2026-07-28T08:30:00Z,18.4,0.04308,0.72338,25.13
2026-07-28T08:40:00Z,18.64,0.02074,0.57992,24.05
2026-07-28T08:50:00Z,18.78,0.00242,0.50976,22.92
2026-07-28T09:00:00Z,18.87,0.00481,0.46921,21.72
2026-07-28T09:10:00Z,18.94,0.00012,0.43991,20.46
2026-07-28T09:20:00Z,18.97,0.00005,0.42792,19.16
2026-07-28T09:30:00Z,19.05,0.00002,0.39753,17.8
2026-07-28T09:40:00Z,19.2,0.00041,0.34623,16.39
2026-07-28T09:50:00Z,19.4,0.00002,0.28798,14.94
2026-07-28T10:00:00Z,19.5,0.00002,0.26264,13.45
2026-07-28T10:10:00Z,19.56,0.00113,0.24852,11.92
2026-07-28T10:20:00Z,19.76,0.00018,0.20671,10.35
2026-07-28T10:30:00Z,19.97,0.00162,0.17036,8.75
2026-07-28T10:40:00Z,19.95,0.00085,0.17353,7.11
2026-07-28T10:50:00Z,20.02,0.00288,0.16269,5.44
2026-07-28T11:00:00Z,20.25,0.00512,0.13163,3.75
2026-07-28T11:10:00Z,20.49,0.00024,0.10553,2.03
2026-07-28T11:20:00Z,20.85,0.00112,0.07575,0.28
2026-07-28T11:30:00Z,20.55,0.00061,0.09985,-1.48
2026-07-28T11:40:00Z,19.07,0.03042,0.39027,-3.28
2026-07-28T11:50:00Z,17.59,0.01352,1.52534,-5.09
2026-07-28T12:00:00Z,16,0.06962,6.59729,-6.92
2026-07-28T12:10:00Z,13.99,0.0006,42.01125,-8.76
2026-07-29T02:30:00Z,8.82,0.01625,4913.21333,4.07
2026-07-29T02:40:00Z,10.86,0.008,750.52579,5.84
2026-07-29T02:50:00Z,13.39,0.0048,73.00719,7.59
2026-07-29T03:00:00Z,15.84,0.00018,7.64479,9.31
2026-07-29T03:10:00Z,17.81,0.01624,1.24556,11
2026-07-29T03:20:00Z,18.99,0.0006,0.42011,12.66
2026-07-29T03:30:00Z,19.32,0.00145,0.31,14.28
2026-07-29T03:40:00Z,19.37,0.00072,0.29605,15.87
2026-07-29T03:50:00Z,19.25,0.00061,0.33065,17.42
2026-07-29T04:00:00Z,19.13,0.00008,0.36929,18.93
2026-07-29T04:10:00Z,19.13,0.00002,0.36929,20.39
2026-07-29T04:20:00Z,19.14,0.00002,0.3659,21.81
2026-07-29T04:30:00Z,19.12,0.00012,0.37271,23.18
2026-07-29T04:40:00Z,19.09,0.00002,0.38315,24.5
2026-07-29T04:50:00Z,19.03,0.00002,0.40492,25.75
2026-07-29T05:00:00Z,18.99,0.00012,0.42011,26.95
2026-07-29T05:10:00Z,18.95,0.00018,0.43588,28.08
2026-07-29T05:20:00Z,18.93,0.00018,0.44398,29.15
2026-07-29T05:30:00Z,18.88,0.00013,0.46491,30.14
2026-07-29T05:40:00Z,18.86,0.00008,0.47355,31.06
2026-07-29T05:50:00Z,18.81,0.00001,0.49587,31.9
2026-07-29T06:00:00Z,18.78,0.0026,0.50976,32.65
2026-07-29T06:10:00Z,18.73,0.00386,0.53378,33.32
2026-07-29T06:20:00Z,18.66,0.00438,0.56933,33.9
2026-07-29T06:30:00Z,18.69,0.00674,0.55382,34.39
2026-07-29T06:40:00Z,18.67,0.00685,0.56411,34.78
2026-07-29T06:50:00Z,18.58,0.00915,0.61287,35.07
2026-07-29T07:00:00Z,18.5,0.01086,0.65973,35.27
2026-07-29T07:10:00Z,18.48,0.01886,0.67199,35.36
2026-07-29T07:20:00Z,18.51,0.01809,0.65368,35.36
2026-07-29T07:30:00Z,18.49,0.0078,0.66583,35.25
2026-07-29T07:40:00Z,18.54,0.0124,0.63587,35.05
2026-07-29T07:50:00Z,18.52,0.01165,0.64769,34.75
2026-07-29T08:00:00Z,18.46,0.01456,0.68449,34.35
2026-07-29T08:10:00Z,18.38,0.02191,0.73683,33.85
2026-07-29T08:20:00Z,18.43,0.04491,0.70366,33.26
2026-07-29T08:30:00Z,18.5,0.04199,0.65973,32.59
2026-07-29T08:40:00Z,18.54,0.02545,0.63587,31.82
2026-07-29T08:50:00Z,18.67,0.00012,0.56411,30.98
2026-07-29T09:00:00Z,18.73,0.00072,0.53378,30.05
2026-07-29T09:10:00Z,18.86,0.00128,0.47355,29.05
2026-07-29T09:20:00Z,18.94,0.00098,0.43991,27.98
2026-07-29T09:30:00Z,18.98,0.00072,0.424,26.84
2026-07-29T09:40:00Z,19.01,0.00001,0.41244,25.63
2026-07-29T09:50:00Z,19.06,0.00004,0.39388,24.37
2026-07-29T10:00:00Z,19.12,0.00005,0.37271,23.05
2026-07-29T10:10:00Z,19.19,0.00001,0.34943,21.67
2026-07-29T10:20:00Z,19.26,0.00001,0.32762,20.25
2026-07-29T10:30:00Z,19.33,0.00001,0.30716,18.77
2026-07-29T10:40:00Z,19.42,0.00001,0.28273,17.26
2026-07-29T10:50:00Z,19.5,0.00002,0.26264,15.7
2026-07-29T11:00:00Z,19.58,0.00005,0.24399,14.11
2026-07-29T11:10:00Z,19.67,0.00001,0.22458,12.48
2026-07-29T11:20:00Z,19.73,0.00001,0.2125,10.81
2026-07-29T11:30:00Z,19.73,0.00008,0.2125,9.12
2026-07-29T11:40:00Z,19.48,0.00005,0.26753,7.39
2026-07-29T11:50:00Z,18.54,0.0018,0.63587,5.64
2026-07-29T12:00:00Z,16.82,0.00968,3.10003,3.86
2026-07-29T12:10:00Z,14.43,0.0004,28.01339,2.07
2026-07-30T02:30:00Z,9.43,0.02664,2801.3387,-2.23
2026-07-30T02:40:00Z,11.13,0.00648,585.28261,-0.3
2026-07-30T02:50:00Z,13.58,0.00761,61.28661,1.6
2026-07-30T03:00:00Z,16.05,0.00018,6.30036,3.5
2026-07-30T03:10:00Z,18.18,0.00001,0.88586,5.37
2026-07-30T03:20:00Z,19.58,0.02812,0.24399,7.22
2026-07-30T03:30:00Z,20.19,0.00012,0.13911,9.05
2026-07-30T03:40:00Z,20,0.00144,0.16572,10.86
2026-07-30T03:50:00Z,19.76,0.00001,0.20671,12.64
2026-07-30T04:00:00Z,19.42,0.0005,0.28273,14.39
2026-07-30T04:10:00Z,19.15,0.00004,0.36255,16.12
2026-07-30T04:20:00Z,18.94,0.00085,0.43991,17.81
2026-07-30T04:30:00Z,18.69,0.0004,0.55382,19.47
2026-07-30T04:40:00Z,18.43,0.00008,0.70366,21.08
2026-07-30T04:50:00Z,18.29,0.00012,0.80051,22.66
2026-07-30T05:00:00Z,18.18,0.00001,0.88586,24.2
2026-07-30T05:10:00Z,18.14,0.0005,0.91911,25.68
2026-07-30T05:20:00Z,18.12,0.00098,0.93619,27.12
2026-07-30T05:30:00Z,18.11,0.00032,0.94486,28.5
2026-07-30T05:40:00Z,18.21,0.0005,0.86172,29.82
2026-07-30T05:50:00Z,18.28,0.00242,0.80791,31.08
2026-07-30T06:00:00Z,18.24,0.14257,0.83823,32.28
2026-07-30T06:10:00Z,18.19,0.11836,0.87774,33.4
2026-07-30T06:20:00Z,17.91,0.06227,1.13597,34.44
2026-07-30T06:30:00Z,17.77,0.04372,1.29231,35.41
2026-07-30T06:40:00Z,17.76,0.07604,1.30426,36.29
2026-07-30T06:50:00Z,17.77,0.07351,1.29231,37.08
2026-07-30T07:00:00Z,17.65,0.01546,1.44333,37.78
2026-07-30T07:10:00Z,17.74,0.00783,1.32851,38.38
2026-07-30T07:20:00Z,17.69,0.05308,1.39112,38.87
2026-07-30T07:30:00Z,17.65,0.08402,1.44333,39.27
2026-07-30T07:40:00Z,17.66,0.05762,1.4301,39.56
2026-07-30T07:50:00Z,17.91,0.06654,1.13597,39.74
2026-07-30T08:00:00Z,18.02,0.0458,1.02652,39.81
2026-07-30T08:10:00Z,17.97,0.18254,1.07489,39.77
2026-07-30T08:20:00Z,18.18,0.37925,0.88586,39.62
2026-07-30T08:30:00Z,18.1,0.24214,0.9536,39.36
2026-07-30T08:40:00Z,17.78,0.24632,1.28046,38.99
2026-07-30T08:50:00Z,17.47,0.32096,1.70359,38.52
2026-07-30T09:00:00Z,17.57,0.00312,1.55369,37.95
2026-07-30T09:10:00Z,17.84,0.008,1.21162,37.28
2026-07-30T09:20:00Z,17.91,0.00288,1.13597,36.51
2026-07-30T09:30:00Z,17.58,0.00685,1.53945,35.65
2026-07-30T09:40:00Z,17.7,0.002,1.37837,34.71
2026-07-30T09:50:00Z,18.08,0.03613,0.97133,33.69
2026-07-30T10:00:00Z,18.35,0.0018,0.75747,32.58
2026-07-30T10:10:00Z,18.83,0.00685,0.48682,31.41
2026-07-30T10:20:00Z,19.01,0.00512,0.41244,30.17
2026-07-30T10:30:00Z,18.67,0.013,0.56411,28.86
2026-07-30T10:40:00Z,18.2,0.00242,0.86969,27.49
2026-07-30T10:50:00Z,18.01,0.00761,1.03601,26.07
2026-07-30T11:00:00Z,18.55,0.00841,0.63004,24.6
2026-07-30T11:10:00Z,19,0.01012,0.41626,23.08
2026-07-30T11:20:00Z,19.13,0.03362,0.36929,21.51
2026-07-30T11:30:00Z,19.37,0.00264,0.29605,19.9
2026-07-30T11:40:00Z,19.23,0.00924,0.33679,18.26
2026-07-30T11:50:00Z,18.39,0.012,0.73007,16.57
2026-07-30T12:00:00Z,16.7,0.00512,3.46231,14.86
2026-07-30T12:10:00Z,14.38,0.00112,29.33362,13.11
2026-07-30T12:20:00Z,11.84,0.00242,304.34461,11.34
2026-07-31T02:30:00Z,7.537,0.00441,16016.42637,-8.47
2026-07-31T02:40:00Z,10.27,0.0245,1292.30678,-6.45
2026-07-31T02:50:00Z,12.73,0.00162,134.0805,-4.43
2026-07-31T03:00:00Z,14.62,0.018,23.51612,-2.42
2026-07-31T03:10:00Z,16.64,0.11101,3.65903,-0.42
2026-07-31T03:20:00Z,18.97,0.02312,0.42792,1.57
2026-07-31T03:30:00Z,21.01,0.08321,0.06537,3.55
2026-07-31T03:40:00Z,21.27,0.0594,0.05145,5.51
2026-07-31T03:50:00Z,20.43,0.29524,0.11152,7.45
2026-07-31T04:00:00Z,19.78,0.162,0.20294,9.38
2026-07-31T04:10:00Z,20.41,0.0605,0.1136,11.3
2026-07-31T04:20:00Z,19.89,0.10805,0.18339,13.19
2026-07-31T04:30:00Z,20.02,0.13778,0.16269,15.06
2026-07-31T04:40:00Z,19.7,0.02312,0.21846,16.91
2026-07-31T04:50:00Z,20.4,0.04901,0.11465,18.73
2026-07-31T05:00:00Z,20.46,0.06845,0.10848,20.52
2026-07-31T05:10:00Z,20.56,0.02738,0.09894,22.28
2026-07-31T05:20:00Z,19.71,0.2,0.21645,24.01
2026-07-31T05:30:00Z,19.08,0.13122,0.38669,25.7
2026-07-31T05:40:00Z,19.41,0.01625,0.28534,27.35
2026-07-31T05:50:00Z,18.7,0.0042,0.54874,28.96
2026-07-31T06:00:00Z,18.57,0.21698,0.61854,30.52
2026-07-31T06:10:00Z,18.45,0.23275,0.69082,32.03
2026-07-31T06:20:00Z,18.05,0.28912,0.99854,33.48
2026-07-31T06:30:00Z,17.82,0.1566,1.23414,34.87
2026-07-31T06:40:00Z,17.85,0.1722,1.20051,36.2
2026-07-31T06:50:00Z,17.86,0.1552,1.1895,37.45
2026-07-31T07:00:00Z,17.84,0.10279,1.21162,38.63
2026-07-31T07:10:00Z,17.76,0.08822,1.30426,39.73
2026-07-31T07:20:00Z,17.81,0.08474,1.24556,40.74
2026-07-31T07:30:00Z,18.1,0.09268,0.9536,41.66
2026-07-31T07:40:00Z,18.19,0.18791,0.87774,42.48
2026-07-31T07:50:00Z,18.21,0.28184,0.86172,43.19
2026-07-31T08:00:00Z,18.05,0.22129,0.99854,43.8
2026-07-31T08:10:00Z,17.84,0.06051,1.21162,44.29
2026-07-31T08:20:00Z,17.71,0.04808,1.36573,44.67
2026-07-31T08:30:00Z,17.68,0.09055,1.404,44.93
2026-07-31T08:40:00Z,17.66,0.08527,1.4301,45.06
2026-07-31T08:50:00Z,17.66,0.05459,1.4301,45.07
2026-07-31T09:00:00Z,17.73,0.00001,1.34081,44.96
2026-07-31T09:10:00Z,17.8,0.00012,1.25709,44.73
2026-07-31T09:20:00Z,17.92,0.00024,1.12555,44.37
2026-07-31T09:30:00Z,18.09,0.00012,0.96242,43.9
2026-07-31T09:40:00Z,18.13,0.00001,0.92761,43.32
2026-07-31T09:50:00Z,18.09,0.00162,0.96242,42.62
2026-07-31T10:00:00Z,18.01,0.00012,1.03601,41.82
2026-07-31T10:10:00Z,17.8,0.00008,1.25709,40.92
2026-07-31T10:20:00Z,17.67,0.0004,1.41699,39.93
2026-07-31T10:30:00Z,17.73,0.00221,1.34081,38.85
2026-07-31T10:40:00Z,17.8,0.0006,1.25709,37.68
2026-07-31T10:50:00Z,17.99,0.00162,1.05527,36.44
2026-07-31T11:00:00Z,18.26,0.0006,0.82294,35.13
2026-07-31T11:10:00Z,18.57,0.00008,0.61854,33.75
2026-07-31T11:20:00Z,18.82,0.00008,0.49132,32.31
2026-07-31T11:30:00Z,19.08,0.0005,0.38669,30.82
2026-07-31T11:40:00Z,18.94,0.00024,0.43991,29.27
2026-07-31T11:50:00Z,18.29,0.0084,0.80051,27.67
2026-07-31T12:00:00Z,16.85,0.00061,3.01554,26.04
2026-07-31T12:10:00Z,14.6,0.00392,23.95331,24.36
2026-07-31T12:20:00Z,12.02,0.00002,257.8491,22.64
2026-08-01T02:30:00Z,9.71,0.02812,2164.54003,-14.5
2026-08-01T02:40:00Z,11.57,0.00924,390.27041,-12.43
2026-08-01T02:50:00Z,14.08,0.00264,38.66924,-10.36
2026-08-01T03:00:00Z,16.49,0.00002,4.20113,-8.29
2026-08-01T03:10:00Z,18.37,0.01352,0.74364,-6.23
2026-08-01T03:20:00Z,19.95,0.00004,0.17353,-4.16
2026-08-01T03:30:00Z,21.25,0.02048,0.0524,-2.11
2026-08-01T03:40:00Z,21.75,0.00578,0.03306,-0.05
2026-08-01T03:50:00Z,21.48,0.00112,0.0424,1.99
2026-08-01T04:00:00Z,21.08,0.00098,0.06129,4.03
2026-08-01T04:10:00Z,20.89,0.00648,0.07301,6.06
2026-08-01T04:20:00Z,20.76,0.05725,0.08229,8.08
2026-08-01T04:30:00Z,20.55,0.01513,0.09985,10.09
2026-08-01T04:40:00Z,19.9,0.00032,0.1817,12.09
2026-08-01T04:50:00Z,19.88,0.00684,0.18508,14.08
2026-08-01T05:00:00Z,19.94,0.00084,0.17513,16.04
2026-08-01T05:10:00Z,20.16,0.00365,0.14301,17.99
2026-08-01T05:20:00Z,20.17,0.02178,0.1417,19.93
2026-08-01T05:30:00Z,19.84,0.0238,0.19203,21.84
2026-08-01T05:40:00Z,19.44,0.00005,0.27757,23.72
2026-08-01T05:50:00Z,19.63,0.0005,0.23301,25.59
2026-08-01T06:00:00Z,19.72,0.21116,0.21447,27.42
2026-08-01T06:10:00Z,19.68,0.19357,0.22252,29.22
2026-08-01T06:20:00Z,19.61,0.81131,0.23734,30.98
2026-08-01T06:30:00Z,19.47,0.60638,0.27,32.71
2026-08-01T06:40:00Z,19.12,0.66375,0.37271,34.4
2026-08-01T06:50:00Z,18.29,0.68309,0.80051,36.03
2026-08-01T07:00:00Z,18.22,0.68487,0.85382,37.62
2026-08-01T07:10:00Z,18.76,0.71385,0.51924,39.15
2026-08-01T07:20:00Z,18.38,0.54501,0.73683,40.62
2026-08-01T07:30:00Z,17.92,0.34452,1.12555,42.01
2026-08-01T07:40:00Z,18.09,0.45306,0.96242,43.34
2026-08-01T07:50:00Z,17.98,0.41892,1.06504,44.58
2026-08-01T08:00:00Z,18.05,0.21511,0.99854,45.73
2026-08-01T08:10:00Z,18.36,0.13858,0.75053,46.79
2026-08-01T08:20:00Z,18.05,0.18893,0.99854,47.74
2026-08-01T08:30:00Z,17.91,0.22127,1.13597,48.59
2026-08-01T08:40:00Z,18.03,0.14478,1.0171,49.31
2026-08-01T08:50:00Z,17.67,0.12308,1.41699,49.91
2026-08-01T09:00:00Z,17.54,0.02738,1.59722,50.38
2026-08-01T09:10:00Z,17.65,0.0252,1.44333,50.72
2026-08-01T09:20:00Z,17.66,0.00001,1.4301,50.91
2026-08-01T09:30:00Z,17.65,0.00578,1.44333,50.97
2026-08-01T09:40:00Z,17.67,0.00032,1.41699,50.89
2026-08-01T09:50:00Z,18.31,0.00013,0.7859,50.66
2026-08-01T10:00:00Z,18.36,0.01741,0.75053,50.3
2026-08-01T10:10:00Z,18.41,0.07321,0.71675,49.8
2026-08-01T10:20:00Z,18.29,0.01741,0.80051,49.18
2026-08-01T10:30:00Z,17.89,0.00145,1.15709,48.43
2026-08-01T10:40:00Z,18.29,0.00061,0.80051,47.57
2026-08-01T10:50:00Z,18.52,0.05832,0.64769,46.59
2026-08-01T11:00:00Z,18,0.04705,1.0456,45.52
2026-08-01T11:10:00Z,18.37,0.01682,0.74364,44.35
2026-08-01T11:20:00Z,18.21,0.13448,0.86172,43.09
2026-08-01T11:30:00Z,17.99,0.10082,1.05527,41.76
2026-08-01T11:40:00Z,17.86,0.01105,1.1895,40.35
2026-08-01T11:50:00Z,17.48,0.00112,1.68797,38.88
2026-08-01T12:00:00Z,16.42,0.00578,4.4809,37.34
2026-08-01T12:10:00Z,14.41,0.00924,28.53419,35.75
2026-08-01T12:20:00Z,11.92,0.00364,282.72592,34.11
2026-08-02T02:30:00Z,9.34,0.06385,3043.44615,-20.12
2026-08-02T02:40:00Z,11.59,0.00025,383.14717,-18.08
2026-08-02T02:50:00Z,14.6,0.00392,23.95331,-16.03
2026-08-02T03:00:00Z,17.24,0.002,2.10555,-13.97
2026-08-02T03:10:00Z,19.58,0.032,0.24399,-11.9
2026-08-02T03:20:00Z,21.34,0.12482,0.04824,-9.83
2026-08-02T03:30:00Z,22.72,0.02245,0.01353,-7.76
2026-08-02T03:40:00Z,22.92,0.01104,0.01126,-5.68
2026-08-02T03:50:00Z,23.52,0.00112,0.00648,-3.6
2026-08-02T04:00:00Z,23.85,0.10512,0.00478,-1.53
2026-08-02T04:10:00Z,23.44,0.01352,0.00697,0.55
2026-08-02T04:20:00Z,22.14,0.0005,0.02309,2.63
2026-08-02T04:30:00Z,21.4,0.00008,0.04564,4.71
2026-08-02T04:40:00Z,20.7,0.00098,0.08697,6.78
2026-08-02T04:50:00Z,20.14,0.00001,0.14567,8.85
2026-08-02T05:00:00Z,19.68,0.00018,0.22252,10.91
2026-08-02T05:10:00Z,19.46,0.02964,0.2725,12.97
2026-08-02T05:20:00Z,19.47,0.01058,0.27,15.02
2026-08-02T05:30:00Z,19.77,0.0045,0.20482,17.06
2026-08-02T05:40:00Z,19.59,0.00264,0.24175,19.08
2026-08-02T05:50:00Z,19.39,0.25088,0.29065,21.1
2026-08-02T06:00:00Z,19.47,0.91754,0.27,23.11
2026-08-02T06:10:00Z,20.06,0.77878,0.15681,25.1
2026-08-02T06:20:00Z,18.92,1.36546,0.44809,27.07
2026-08-02T06:30:00Z,18.73,1.37712,0.53378,29.02
2026-08-02T06:40:00Z,18.83,1.35447,0.48682,30.95
2026-08-02T06:50:00Z,19.7,1.38622,0.21846,32.85
2026-08-02T07:00:00Z,18.91,0.63614,0.45224,34.72
2026-08-02T07:10:00Z,18.87,0.63417,0.46921,36.57
2026-08-02T07:20:00Z,19.01,0.53586,0.41244,38.37
2026-08-02T07:30:00Z,18.87,0.34944,0.46921,40.14
2026-08-02T07:40:00Z,19.03,0.22531,0.40492,41.86
2026-08-02T07:50:00Z,18.74,0.28243,0.52889,43.54
2026-08-02T08:00:00Z,18.62,0.37525,0.5907,45.15
2026-08-02T08:10:00Z,18.21,0.38896,0.86172,46.71
2026-08-02T08:20:00Z,17.94,0.40256,1.10501,48.19
2026-08-02T08:30:00Z,18.54,0.67936,0.63587,49.59
2026-08-02T08:40:00Z,18.21,0.64394,0.86172,50.91
2026-08-02T08:50:00Z,18.15,0.37826,0.91068,52.13
2026-08-02T09:00:00Z,18.8,0.072,0.50046,53.24
2026-08-02T09:10:00Z,18.87,0.00968,0.46921,54.24
2026-08-02T09:20:00Z,18.66,0.08321,0.56933,55.1
2026-08-02T09:30:00Z,17.91,0.0045,1.13597,55.84
2026-08-02T09:40:00Z,18.15,0.00338,0.91068,56.42
2026-08-02T09:50:00Z,18.21,0.11704,0.86172,56.85
2026-08-02T10:00:00Z,17.74,0.06844,1.32851,57.13
2026-08-02T10:10:00Z,18.06,0.00612,0.98939,57.23
2026-08-02T10:20:00Z,17.68,0.08712,1.404,57.18
2026-08-02T10:30:00Z,17.83,0.111,1.22283,56.96
2026-08-02T10:40:00Z,18.18,0.07564,0.88586,56.57
2026-08-02T10:50:00Z,18.17,0.00544,0.89406,56.03
2026-08-02T11:00:00Z,18.03,0.01568,1.0171,55.35
2026-08-02T11:10:00Z,18.34,0.00264,0.76448,54.52
2026-08-02T11:20:00Z,18.16,0.01682,0.90233,53.57
2026-08-02T11:30:00Z,18.04,0.04418,1.00778,52.49
2026-08-02T11:40:00Z,17.78,0.01513,1.28046,51.31
2026-08-02T11:50:00Z,17.56,0.002,1.56807,50.03
2026-08-02T12:00:00Z,16.44,0.00162,4.39912,48.65
2026-08-02T12:10:00Z,14.56,0.04418,24.85224,47.2
2026-08-02T12:20:00Z,12.15,0.00098,228.75238,45.68
2026-08-03T02:30:00Z,9.46,0.01058,2724.99445,-25.12
2026-08-03T02:40:00Z,11.42,0.00684,448.09038,-23.18
2026-08-03T02:50:00Z,13.79,0.01152,50.50863,-21.23
2026-08-03T03:00:00Z,16.11,0.0045,5.96164,-19.26
2026-08-03T03:10:00Z,18.01,0.0405,1.03601,-17.27
2026-08-03T03:20:00Z,19.97,0.07688,0.17036,-15.27
2026-08-03T03:30:00Z,21.69,0.00761,0.03494,-13.26
2026-08-03T03:40:00Z,22.27,0.02244,0.02048,-11.23
2026-08-03T03:50:00Z,22.95,0.16745,0.01095,-9.19
2026-08-03T04:00:00Z,23.34,0.19013,0.00764,-7.15
2026-08-03T04:10:00Z,22.77,0.09522,0.01292,-5.09
2026-08-03T04:20:00Z,23.07,0.00264,0.0098,-3.03
2026-08-03T04:30:00Z,22.29,0.00098,0.02011,-0.97
2026-08-03T04:40:00Z,21.81,0.01458,0.03129,1.11
2026-08-03T04:50:00Z,21.4,0.07688,0.04564,3.18
2026-08-03T05:00:00Z,21.2,0.08192,0.05487,5.26
2026-08-03T05:10:00Z,20.67,0.00072,0.08941,7.35
2026-08-03T05:20:00Z,21.05,0.02738,0.063,9.43
2026-08-03T05:30:00Z,21.06,0.00001,0.06243,11.51
2026-08-03T05:40:00Z,20.58,0.00968,0.09713,13.6
2026-08-03T05:50:00Z,20.35,0.00004,0.12005,15.68
2026-08-03T06:00:00Z,20.36,0.16517,0.11895,17.76
2026-08-03T06:10:00Z,20.17,0.19067,0.1417,19.84
2026-08-03T06:20:00Z,19.81,0.13867,0.19741,21.91
2026-08-03T06:30:00Z,20.05,0.15848,0.15826,23.97
2026-08-03T06:40:00Z,19.45,0.12993,0.27502,26.03
2026-08-03T06:50:00Z,19.42,0.16676,0.28273,28.08
2026-08-03T07:00:00Z,19.08,0.17984,0.38669,30.11
2026-08-03T07:10:00Z,19,0.26688,0.41626,32.14
2026-08-03T07:20:00Z,19.02,0.07667,0.40866,34.15
2026-08-03T07:30:00Z,18.88,0.10727,0.46491,36.14
2026-08-03T07:40:00Z,19,0.22539,0.41626,38.11
2026-08-03T07:50:00Z,18.72,0.29135,0.53872,40.06
2026-08-03T08:00:00Z,18.43,0.30149,0.70366,41.98
2026-08-03T08:10:00Z,19,0.26732,0.41626,43.87
2026-08-03T08:20:00Z,19.01,0.31712,0.41244,45.73
2026-08-03T08:30:00Z,18.97,0.36272,0.42792,47.55
2026-08-03T08:40:00Z,18.96,0.46949,0.43188,49.32
2026-08-03T08:50:00Z,18.68,0.08779,0.55894,51.03
2026-08-03T09:00:00Z,18.54,0.0045,0.63587,52.69
2026-08-03T09:10:00Z,18.3,0.0084,0.79317,54.28
2026-08-03T09:20:00Z,18.47,0.00288,0.67821,55.79
2026-08-03T09:30:00Z,18.54,0.013,0.63587,57.2
2026-08-03T09:40:00Z,18.56,0.013,0.62426,58.52
2026-08-03T09:50:00Z,18.35,0.00012,0.75747,59.71
2026-08-03T10:00:00Z,18.04,0.00162,1.00778,60.78
2026-08-03T10:10:00Z,18.13,0.00085,0.92761,61.69
2026-08-03T10:20:00Z,18.27,0.0125,0.81539,62.45
2026-08-03T10:30:00Z,18.01,0.00612,1.03601,63.02
2026-08-03T10:40:00Z,17.87,0.01012,1.1786,63.42
2026-08-03T10:50:00Z,17.73,0.01352,1.34081,63.61
2026-08-03T11:00:00Z,17.91,0.00072,1.13597,63.61
2026-08-03T11:10:00Z,17.84,0.00512,1.21162,63.4
2026-08-03T11:20:00Z,17.86,0.01625,1.1895,63
2026-08-03T11:30:00Z,17.93,0.00578,1.11523,62.42
2026-08-03T11:40:00Z,17.95,0.00008,1.09488,61.66
2026-08-03T11:50:00Z,17.76,0.0005,1.30426,60.73
2026-08-03T12:00:00Z,16.88,0.00128,2.93336,59.67
2026-08-03T12:10:00Z,14.93,0.01152,17.67525,58.47
2026-08-03T12:20:00Z,12.4,0.00722,181.70447,57.16
2026-08-04T02:30:00Z,12.23,0.00925,212.50327,-29.22
2026-08-04T02:40:00Z,14.02,0.00001,40.86633,-27.5
2026-08-04T02:50:00Z,16.09,0.00041,6.07247,-25.74
2026-08-04T03:00:00Z,18.01,0.00364,1.03601,-23.95
2026-08-04T03:10:00Z,19.78,0.00512,0.20294,-22.13
2026-08-04T03:20:00Z,21.31,0.0238,0.04959,-20.29
2026-08-04T03:30:00Z,22.33,0.00012,0.01938,-18.42
2026-08-04T03:40:00Z,22.52,0.0005,0.01627,-16.52
2026-08-04T03:50:00Z,22.57,0.0004,0.01554,-14.61
2026-08-04T04:00:00Z,22.53,0.00578,0.01612,-12.68
2026-08-04T04:10:00Z,22.5,0.00685,0.01657,-10.72
2026-08-04T04:20:00Z,22.57,0.00098,0.01554,-8.76
2026-08-04T04:30:00Z,22.4,0.00024,0.01817,-6.77
2026-08-04T04:40:00Z,22.36,0.00024,0.01885,-4.77
2026-08-04T04:50:00Z,22.31,0.00032,0.01974,-2.76
2026-08-04T05:00:00Z,22.18,0.00013,0.02225,-0.74
2026-08-04T05:10:00Z,22.04,0.0004,0.02531,1.29
2026-08-04T05:20:00Z,21.81,0.00004,0.03129,3.33
2026-08-04T05:30:00Z,21.54,0.00128,0.04012,5.38
2026-08-04T05:40:00Z,21.32,0.00032,0.04913,7.44
2026-08-04T05:50:00Z,21.18,0.01922,0.05589,9.5
2026-08-04T06:00:00Z,20.96,0.085,0.06845,11.57
2026-08-04T06:10:00Z,20.58,0.13711,0.09713,13.65
2026-08-04T06:20:00Z,20.66,0.15068,0.09023,15.73
2026-08-04T06:30:00Z,20.59,0.12688,0.09624,17.81
2026-08-04T06:40:00Z,20.63,0.48402,0.09276,19.9
2026-08-04T06:50:00Z,20.58,0.73382,0.09713,21.98
2026-08-04T07:00:00Z,20.5,0.54914,0.10456,24.07
2026-08-04T07:10:00Z,19.59,0.42438,0.24175,26.16
2026-08-04T07:20:00Z,19.32,0.38006,0.31,28.24
2026-08-04T07:30:00Z,19.33,0.83202,0.30716,30.32
2026-08-04T07:40:00Z,19.12,0.83987,0.37271,32.4
2026-08-04T07:50:00Z,19.05,0.19917,0.39753,34.47
2026-08-04T08:00:00Z,19.44,0.18415,0.27757,36.53
2026-08-04T08:10:00Z,19.32,0.20546,0.31,38.59
2026-08-04T08:20:00Z,18.98,0.20639,0.424,40.63
2026-08-04T08:30:00Z,18.91,0.40189,0.45224,42.66
2026-08-04T08:40:00Z,18.79,0.36444,0.50509,44.68
2026-08-04T08:50:00Z,18.8,0.30955,0.50046,46.67
2026-08-04T09:00:00Z,19.33,0.00162,0.30716,48.65
2026-08-04T09:10:00Z,18.88,0.0076,0.46491,50.59
2026-08-04T09:20:00Z,19.03,0.1125,0.40492,52.51
2026-08-04T09:30:00Z,18.7,0.12482,0.54874,54.39
2026-08-04T09:40:00Z,18.43,0.05832,0.70366,56.22
2026-08-04T09:50:00Z,18.48,0.01458,0.67199,58.01
2026-08-04T10:00:00Z,18.51,0.00338,0.65368,59.73
2026-08-04T10:10:00Z,18.44,0.00578,0.69721,61.38
2026-08-04T10:20:00Z,18.6,0.00032,0.60168,62.94
2026-08-04T10:30:00Z,18.41,0.00545,0.71675,64.4
2026-08-04T10:40:00Z,17.94,0.01682,1.10501,65.73
2026-08-04T10:50:00Z,17.77,0.00025,1.29231,66.92
2026-08-04T11:00:00Z,17.72,0.01682,1.35321,67.94
2026-08-04T11:10:00Z,17.68,0.00162,1.404,68.77
2026-08-04T11:20:00Z,17.54,0.0006,1.59722,69.38
2026-08-04T11:30:00Z,17.41,0.00061,1.80039,69.76
2026-08-04T11:40:00Z,17.78,0.00061,1.28046,69.89
2026-08-04T11:50:00Z,17.09,0.012,2.4175,69.76
2026-08-04T12:00:00Z,16.63,0.12168,3.69288,69.39
2026-08-04T12:10:00Z,15.13,0.08321,14.70163,68.78
2026-08-04T12:20:00Z,12.7,0.08064,137.83694,67.95
2026-08-05T02:30:00Z,10.87,0.00924,743.64493,-32.12
2026-08-05T02:40:00Z,12.9,0.00181,114.64777,-30.73
2026-08-05T02:50:00Z,15.27,0.00085,12.92307,-29.28
2026-08-05T03:00:00Z,17.55,0.01104,1.58258,-27.79
2026-08-05T03:10:00Z,19.55,0.01105,0.25082,-26.24
2026-08-05T03:20:00Z,21.4,0.05408,0.04564,-24.65
2026-08-05T03:30:00Z,22.63,0.00084,0.0147,-23.02
2026-08-05T03:40:00Z,22.77,0.00012,0.01292,-21.36
2026-08-05T03:50:00Z,22.86,0.00001,0.0119,-19.65
2026-08-05T04:00:00Z,23.03,0.00648,0.01017,-17.92
2026-08-05T04:10:00Z,23.23,0.01201,0.00846,-16.15
2026-08-05T04:20:00Z,23.46,0.018,0.00684,-14.36
2026-08-05T04:30:00Z,23.36,0.09385,0.00751,-12.54
2026-08-05T04:40:00Z,23.42,0.06498,0.0071,-10.7
2026-08-05T04:50:00Z,23.04,0.0405,0.01008,-8.83
2026-08-05T05:00:00Z,23.59,0.16381,0.00607,-6.95
2026-08-05T05:10:00Z,23.93,0.02738,0.00444,-5.04
2026-08-05T05:20:00Z,23.16,0.00072,0.00902,-3.11
2026-08-05T05:30:00Z,23.09,0.00032,0.00962,-1.17
2026-08-05T05:40:00Z,22.98,0.00481,0.01065,0.79
2026-08-05T05:50:00Z,22.71,0.00012,0.01366,2.76
2026-08-05T06:00:00Z,22.2,0.17998,0.02185,4.74
2026-08-05T06:10:00Z,21.76,0.07521,0.03276,6.74
2026-08-05T06:20:00Z,21.44,0.04348,0.04399,8.75
2026-08-05T06:30:00Z,21.15,0.04267,0.05746,10.77
2026-08-05T06:40:00Z,20.89,0.02947,0.07301,12.8
2026-08-05T06:50:00Z,20.46,0.04919,0.10848,14.84
2026-08-05T07:00:00Z,20.08,0.20225,0.15395,16.89
2026-08-05T07:10:00Z,19.93,0.35707,0.17675,18.94
2026-08-05T07:20:00Z,19.76,0.35391,0.20671,21
2026-08-05T07:30:00Z,19.86,0.17222,0.18852,23.07
2026-08-05T07:40:00Z,19.9,0.04745,0.1817,25.14
2026-08-05T07:50:00Z,19.86,0.06079,0.18852,27.22
2026-08-05T08:00:00Z,19.86,0.08829,0.18852,29.3
2026-08-05T08:10:00Z,19.7,0.06077,0.21846,31.38
2026-08-05T08:20:00Z,19.54,0.02971,0.25314,33.46
2026-08-05T08:30:00Z,19.42,0.05172,0.28273,35.55
2026-08-05T08:40:00Z,19.23,0.10945,0.33679,37.63
2026-08-05T08:50:00Z,19.11,0.10236,0.37615,39.71
2026-08-05T09:00:00Z,19.25,0.00098,0.33065,41.79
2026-08-05T09:10:00Z,19.29,0.00181,0.31869,43.87
2026-08-05T09:20:00Z,19.22,0.00648,0.33991,45.94
2026-08-05T09:30:00Z,19.09,0.00001,0.38315,48
2026-08-05T09:40:00Z,18.96,0.00012,0.43188,50.05
2026-08-05T09:50:00Z,19.06,0.00018,0.39388,52.09
2026-08-05T10:00:00Z,19.22,0.00265,0.33991,54.12
2026-08-05T10:10:00Z,19.21,0.00145,0.34306,56.12
2026-08-05T10:20:00Z,19.06,0.00264,0.39388,58.11
2026-08-05T10:30:00Z,18.93,0.00004,0.44398,60.06
2026-08-05T10:40:00Z,18.78,0.00128,0.50976,61.98
2026-08-05T10:50:00Z,18.69,0.00008,0.55382,63.86
2026-08-05T11:00:00Z,18.42,0.00032,0.71018,65.67
2026-08-05T11:10:00Z,18.22,0.00288,0.85382,67.43
2026-08-05T11:20:00Z,18.07,0.00312,0.98031,69.09
2026-08-05T11:30:00Z,17.86,0.00002,1.1895,70.64
2026-08-05T11:40:00Z,17.62,0.0006,1.48377,72.06
2026-08-05T11:50:00Z,17.29,0.00004,2.01078,73.3
2026-08-05T12:00:00Z,16.7,0.00018,3.46231,74.32
2026-08-05T12:10:00Z,15.31,0.00144,12.45563,75.08
2026-08-05T12:20:00Z,12.97,0.01458,107.4894,75.54
2026-08-06T02:30:00Z,10.26,0.03612,1304.26434,-33.55
2026-08-06T02:40:00Z,12.59,0.00722,152.53364,-32.6
2026-08-06T02:50:00Z,15.41,0.00032,11.35967,-31.57
2026-08-06T03:00:00Z,17.87,0.04418,1.1786,-30.48
2026-08-06T03:10:00Z,19.59,0.02521,0.24175,-29.32
2026-08-06T03:20:00Z,20.65,2.38741,0.09107,-28.09
2026-08-06T03:30:00Z,20.11,1.97192,0.14975,-26.81
2026-08-06T03:40:00Z,17.26,0.69938,2.06712,-25.47
2026-08-06T03:50:00Z,19.01,0.88621,0.41244,-24.08
2026-08-06T04:00:00Z,19.08,0.072,0.38669,-22.65
2026-08-06T04:10:00Z,21.21,0.27848,0.05437,-21.16
2026-08-06T04:20:00Z,21.19,0.12013,0.05538,-19.64
2026-08-06T04:30:00Z,20.22,0.002,0.13532,-18.07
2026-08-06T04:40:00Z,20.66,0.15488,0.09023,-16.47
2026-08-06T04:50:00Z,20.96,1.29541,0.06845,-14.83
2026-08-06T05:00:00Z,21.32,0.60205,0.04913,-13.15
2026-08-06T05:10:00Z,19.98,0.049,0.1688,-11.45
2026-08-06T05:20:00Z,22.03,0.032,0.02555,-9.72
2026-08-06T05:30:00Z,24,0.00882,0.00416,-7.96
2026-08-06T05:40:00Z,24.9,0.00098,0.00182,-6.17
2026-08-06T05:50:00Z,25.53,0.00512,0.00102,-4.37
2026-08-06T06:00:00Z,25.47,8.58936,0.00107,-2.53
2026-08-06T06:10:00Z,24.86,3.41899,0.00189,-0.68
2026-08-06T06:20:00Z,24.02,1.18154,0.00409,1.19
2026-08-06T06:30:00Z,23.63,0.2654,0.00585,3.08
2026-08-06T06:40:00Z,23.24,0.34748,0.00838,4.99
2026-08-06T06:50:00Z,22.75,0.22891,0.01316,6.91
2026-08-06T07:00:00Z,22.62,0.06736,0.01484,8.85
2026-08-06T07:10:00Z,22.29,0.06239,0.02011,10.8
2026-08-06T07:20:00Z,21.93,0.04574,0.02801,12.77
2026-08-06T07:30:00Z,21.77,0.03957,0.03246,14.74
2026-08-06T07:40:00Z,21.52,0.03093,0.04087,16.73
2026-08-06T07:50:00Z,21.06,0.03192,0.06243,18.74
2026-08-06T08:00:00Z,20.79,0.06674,0.08005,20.75
2026-08-06T08:10:00Z,20.42,0.1306,0.11256,22.77
2026-08-06T08:20:00Z,20.21,0.2136,0.13657,24.8
2026-08-06T08:30:00Z,20.12,0.16601,0.14838,26.83
2026-08-06T08:40:00Z,20.01,0.11972,0.1642,28.88
2026-08-06T08:50:00Z,20.01,0.0264,0.1642,30.93
2026-08-06T09:00:00Z,19.98,0.00085,0.1688,32.99
2026-08-06T09:10:00Z,19.93,0.00098,0.17675,35.05
2026-08-06T09:20:00Z,19.84,0.00001,0.19203,37.11
2026-08-06T09:30:00Z,19.76,0.00002,0.20671,39.19
2026-08-06T09:40:00Z,19.77,0.00013,0.20482,41.26
2026-08-06T09:50:00Z,19.74,0.00032,0.21056,43.34
2026-08-06T10:00:00Z,19.56,0.00084,0.24852,45.41
2026-08-06T10:10:00Z,19.35,0.0006,0.30155,47.49
2026-08-06T10:20:00Z,19.39,0.00072,0.29065,49.57
2026-08-06T10:30:00Z,19.45,0.00392,0.27502,51.64
2026-08-06T10:40:00Z,19.48,0.00265,0.26753,53.72
2026-08-06T10:50:00Z,19.43,0.00012,0.28013,55.78
2026-08-06T11:00:00Z,19.32,0.00013,0.31,57.84
2026-08-06T11:10:00Z,19.14,0.00002,0.3659,59.9
2026-08-06T11:20:00Z,19.04,0.00001,0.4012,61.94
2026-08-06T11:30:00Z,18.89,0.00112,0.46064,63.96
2026-08-06T11:40:00Z,18.7,0.00084,0.54874,65.96
2026-08-06T11:50:00Z,18.34,0.00001,0.76448,67.93
2026-08-06T12:00:00Z,17.51,0.00084,1.64197,69.87
2026-08-06T12:10:00Z,15.77,0.0045,8.1539,71.75
2026-08-06T12:20:00Z,13.22,0.00968,85.38186,73.57
2026-08-07T02:30:00Z,10.91,0.04232,716.74657,-33.28
2026-08-07T02:40:00Z,13.21,0.00013,86.17189,-32.86
2026-08-07T02:50:00Z,16.02,0.0005,6.47688,-32.34
2026-08-07T03:00:00Z,18.42,0.00365,0.71018,-31.75
2026-08-07T03:10:00Z,20.36,0.06962,0.11895,-31.07
2026-08-07T03:20:00Z,21.74,0.32005,0.03337,-30.32
2026-08-07T03:30:00Z,22.83,0.10368,0.01223,-29.49
2026-08-07T03:40:00Z,22.45,0.00098,0.01735,-28.58
2026-08-07T03:50:00Z,23.13,0.02664,0.00928,-27.61
2026-08-07T04:00:00Z,23.43,0.0005,0.00704,-26.57
2026-08-07T04:10:00Z,23.21,0.0084,0.00862,-25.47
2026-08-07T04:20:00Z,23.2,0.00084,0.0087,-24.31
2026-08-07T04:30:00Z,23.3,0.0042,0.00793,-23.09
2026-08-07T04:40:00Z,23.1,0.00085,0.00954,-21.82
2026-08-07T04:50:00Z,22.73,0.00128,0.01341,-20.5
2026-08-07T05:00:00Z,22.48,0.0004,0.01688,-19.13
2026-08-07T05:10:00Z,22.22,0.00005,0.02145,-17.71
2026-08-07T05:20:00Z,22.11,0.0005,0.02373,-16.25
2026-08-07T05:30:00Z,22.06,0.00112,0.02485,-14.75
2026-08-07T05:40:00Z,22.04,0.00041,0.02531,-13.22
2026-08-07T05:50:00Z,21.95,0.00005,0.0275,-11.64
2026-08-07T06:00:00Z,21.94,0.00864,0.02776,-10.04
2026-08-07T06:10:00Z,21.92,0.00873,0.02827,-8.4
2026-08-07T06:20:00Z,21.92,0.06044,0.02827,-6.73
2026-08-07T06:30:00Z,21.95,0.04354,0.0275,-5.03
2026-08-07T06:40:00Z,21.94,0.06317,0.02776,-3.31
2026-08-07T06:50:00Z,22.21,0.08905,0.02165,-1.56
2026-08-07T07:00:00Z,22.15,0.10916,0.02288,0.21
2026-08-07T07:10:00Z,21.96,0.10677,0.02725,2
2026-08-07T07:20:00Z,21.91,0.09169,0.02853,3.82
2026-08-07T07:30:00Z,21.84,0.01252,0.03043,5.65
2026-08-07T07:40:00Z,21.75,0.03122,0.03306,7.5
2026-08-07T07:50:00Z,21.57,0.03242,0.03903,9.37
2026-08-07T08:00:00Z,21.42,0.01708,0.04481,11.26
2026-08-07T08:10:00Z,21.17,0.03646,0.05641,13.16
2026-08-07T08:20:00Z,21.09,0.13157,0.06072,15.08
2026-08-07T08:30:00Z,20.98,0.17745,0.0672,17.01
2026-08-07T08:40:00Z,21,0.11726,0.06597,18.96
2026-08-07T08:50:00Z,21.15,0.15484,0.05746,20.91
2026-08-07T09:00:00Z,21.23,0.00001,0.05338,22.88
2026-08-07T09:10:00Z,21.06,0.002,0.06243,24.86
2026-08-07T09:20:00Z,20.69,0.00162,0.08777,26.85
2026-08-07T09:30:00Z,20.9,0.00013,0.07234,28.85
2026-08-07T09:40:00Z,21.17,0.03042,0.05641,30.86
2026-08-07T09:50:00Z,20.72,0.01352,0.08538,32.87
2026-08-07T10:00:00Z,20.39,0.03042,0.11571,34.9
2026-08-07T10:10:00Z,20.34,0.03528,0.12116,36.93
2026-08-07T10:20:00Z,20.44,0.00128,0.1105,38.97
2026-08-07T10:30:00Z,20.46,0.00084,0.10848,41.01
2026-08-07T10:40:00Z,20.56,0.00265,0.09894,43.06
2026-08-07T10:50:00Z,20.44,0.00128,0.1105,45.11
2026-08-07T11:00:00Z,20.07,0.0045,0.15537,47.17
2026-08-07T11:10:00Z,19.83,0.00005,0.19381,49.24
2026-08-07T11:20:00Z,19.77,0.00722,0.20482,51.3
2026-08-07T11:30:00Z,19.7,0.00013,0.21846,53.37
2026-08-07T11:40:00Z,19.71,0.0018,0.21645,55.44
2026-08-07T11:50:00Z,18.97,0.0004,0.42792,57.51
2026-08-07T12:00:00Z,17.64,0.03445,1.45668,59.58
2026-08-07T12:10:00Z,15.65,0.00128,9.1068,61.64
2026-08-07T12:20:00Z,13.18,0.00025,88.58611,63.71
2026-08-08T02:20:00Z,8.43,0.00481,7036.64468,-31.06
2026-08-08T02:30:00Z,10.4,0.0048,1146.47773,-31.28
2026-08-08T02:40:00Z,12.81,0.002,124.55628,-31.41
2026-08-08T02:50:00Z,15.35,0.0005,12.0051,-31.45
2026-08-08T03:00:00Z,17.71,0.0022,1.36573,-31.41
2026-08-08T03:10:00Z,19.69,0.00085,0.22048,-31.28
2026-08-08T03:20:00Z,21.19,0.00578,0.05538,-31.07
2026-08-08T03:30:00Z,22,0.0022,0.02626,-30.77
2026-08-08T03:40:00Z,22.25,0.00005,0.02086,-30.39
2026-08-08T03:50:00Z,22.28,0.00025,0.02029,-29.93
2026-08-08T04:00:00Z,22.3,0.00005,0.01992,-29.38
2026-08-08T04:10:00Z,22.34,0.0004,0.0192,-28.76
2026-08-08T04:20:00Z,22.33,0.00098,0.01938,-28.06
2026-08-08T04:30:00Z,22.3,0.00001,0.01992,-27.29
2026-08-08T04:40:00Z,22.34,0.00041,0.0192,-26.44
2026-08-08T04:50:00Z,22.31,0.00288,0.01974,-25.53
2026-08-08T05:00:00Z,22.22,0.02664,0.02145,-24.56
2026-08-08T05:10:00Z,22.16,0.27378,0.02267,-23.52
2026-08-08T05:20:00Z,22.37,0.0732,0.01868,-22.42
2026-08-08T05:30:00Z,23.58,0.00072,0.00613,-21.27
2026-08-08T05:40:00Z,23.45,0.00242,0.00691,-20.06
2026-08-08T05:50:00Z,23.19,2.5372,0.00878,-18.8
2026-08-08T06:00:00Z,22.68,1.60238,0.01404,-17.5
2026-08-08T06:10:00Z,22.14,0.36431,0.02309,-16.14
2026-08-08T06:20:00Z,22.09,0.50847,0.02417,-14.75
2026-08-08T06:30:00Z,22.2,0.49502,0.02185,-13.31
2026-08-08T06:40:00Z,22.07,0.23719,0.02462,-11.83
2026-08-08T06:50:00Z,22.09,0.02982,0.02417,-10.32
2026-08-08T07:00:00Z,22.15,0.03054,0.02288,-8.77
2026-08-08T07:10:00Z,22.29,0.03117,0.02011,-7.19
2026-08-08T07:20:00Z,22.16,0.02809,0.02267,-5.57
2026-08-08T07:30:00Z,22.15,0.06526,0.02288,-3.93
2026-08-08T07:40:00Z,22.24,0.29522,0.02106,-2.26
2026-08-08T07:50:00Z,22.36,0.26705,0.01885,-0.56
2026-08-08T08:00:00Z,22.58,0.14556,0.01539,1.16
2026-08-08T08:10:00Z,23.12,0.20335,0.00936,2.9
2026-08-08T08:20:00Z,23.02,0.20926,0.01027,4.67
2026-08-08T08:30:00Z,23.12,1.17795,0.00936,6.46
2026-08-08T08:40:00Z,23,1.42208,0.01046,8.26
2026-08-08T08:50:00Z,23.28,0.86742,0.00808,10.09
2026-08-08T09:00:00Z,22.14,0.01922,0.02309,11.93
2026-08-08T09:10:00Z,21.81,0.16562,0.03129,13.79
2026-08-08T09:20:00Z,21.8,0.24865,0.03158,15.67
2026-08-08T09:30:00Z,21.47,0.012,0.04279,17.56
2026-08-08T09:40:00Z,21.48,0.02048,0.0424,19.47
2026-08-08T09:50:00Z,21.58,0.02178,0.03867,21.39
2026-08-08T10:00:00Z,21.59,0.00312,0.03831,23.32
2026-08-08T10:10:00Z,21.61,0.00162,0.03762,25.26
2026-08-08T10:20:00Z,21.59,0.0005,0.03831,27.22
2026-08-08T10:30:00Z,21.54,0.00013,0.04012,29.19
2026-08-08T10:40:00Z,21.48,0.00001,0.0424,31.16
2026-08-08T10:50:00Z,21.4,0.00002,0.04564,33.15
2026-08-08T11:00:00Z,21.33,0.00001,0.04868,35.14
2026-08-08T11:10:00Z,21.28,0.00005,0.05098,37.15
2026-08-08T11:20:00Z,21.22,0.00001,0.05387,39.16
2026-08-08T11:30:00Z,21.08,0.00005,0.06129,41.17
2026-08-08T11:40:00Z,20.69,0.00024,0.08777,43.2
2026-08-08T11:50:00Z,19.67,0.00144,0.22458,45.23
2026-08-08T12:00:00Z,18.04,0.00722,1.00778,47.27
2026-08-08T12:10:00Z,15.96,0.00002,6.84488,49.31
2026-08-08T12:20:00Z,13.38,0.00128,73.68272,51.36
2026-08-09T02:20:00Z,8.97,0.00968,4279.22992,-26.93
2026-08-09T02:30:00Z,10.91,0.01922,716.74657,-27.67
2026-08-09T02:40:00Z,13.43,0.0005,70.36645,-28.33
2026-08-09T02:50:00Z,16.09,0.0005,6.07247,-28.92
2026-08-09T03:00:00Z,18.27,0.00312,0.81539,-29.43
2026-08-09T03:10:00Z,20.07,0.00392,0.15537,-29.86
2026-08-09T03:20:00Z,21.39,0.00544,0.04606,-30.21
2026-08-09T03:30:00Z,21.98,0.00032,0.02675,-30.47
2026-08-09T03:40:00Z,22.12,0.00005,0.02352,-30.65
2026-08-09T03:50:00Z,22.14,0.00008,0.02309,-30.75
2026-08-09T04:00:00Z,22.12,0.00013,0.02352,-30.76
2026-08-09T04:10:00Z,22.09,0.00002,0.02417,-30.69
2026-08-09T04:20:00Z,22.09,0.00001,0.02417,-30.53
2026-08-09T04:30:00Z,22.07,0.00001,0.02462,-30.28
2026-08-09T04:40:00Z,22.05,0.00001,0.02508,-29.96
2026-08-09T04:50:00Z,22.03,0.00001,0.02555,-29.55
2026-08-09T05:00:00Z,22.02,0.00001,0.02578,-29.06
2026-08-09T05:10:00Z,22.01,0.00001,0.02602,-28.49
2026-08-09T05:20:00Z,21.99,0.00001,0.02651,-27.85
2026-08-09T05:30:00Z,21.97,0.00001,0.027,-27.13
2026-08-09T05:40:00Z,21.96,0.00001,0.02725,-26.34
2026-08-09T05:50:00Z,21.95,0.00056,0.0275,-25.49
2026-08-09T06:00:00Z,21.95,0.00032,0.0275,-24.56
2026-08-09T06:10:00Z,21.95,0.00051,0.0275,-23.58
2026-08-09T06:20:00Z,21.94,0.00151,0.02776,-22.53
2026-08-09T06:30:00Z,21.94,0.0056,0.02776,-21.42
2026-08-09T06:40:00Z,21.96,0.00467,0.02725,-20.26
2026-08-09T06:50:00Z,21.99,0.00375,0.02651,-19.04
2026-08-09T07:00:00Z,22.06,0.00297,0.02485,-17.78
2026-08-09T07:10:00Z,22.02,0.00338,0.02578,-16.47
2026-08-09T07:20:00Z,22.04,0.00338,0.02531,-15.11
2026-08-09T07:30:00Z,22.08,0.00348,0.0244,-13.71
2026-08-09T07:40:00Z,22.13,0.00382,0.0233,-12.27
2026-08-09T07:50:00Z,22.14,0.00316,0.02309,-10.79
2026-08-09T08:00:00Z,22.14,0.00366,0.02309,-9.27
2026-08-09T08:10:00Z,22.14,0.00186,0.02309,-7.73
2026-08-09T08:20:00Z,22.15,0.00089,0.02288,-6.14
2026-08-09T08:30:00Z,22.14,0.00134,0.02309,-4.53
2026-08-09T08:40:00Z,22.14,0.00245,0.02309,-2.89
2026-08-09T08:50:00Z,22.11,0.00245,0.02373,-1.22
2026-08-09T09:00:00Z,22.09,0.00008,0.02417,0.48
2026-08-09T09:10:00Z,22.05,0.00008,0.02508,2.2
2026-08-09T09:20:00Z,22.02,0.00005,0.02578,3.94
2026-08-09T09:30:00Z,22.01,0.00004,0.02602,5.7
2026-08-09T09:40:00Z,22.02,0.00001,0.02578,7.49
2026-08-09T09:50:00Z,22.01,0.00001,0.02602,9.3
2026-08-09T10:00:00Z,21.99,0.00008,0.02651,11.12
2026-08-09T10:10:00Z,21.97,0.00001,0.027,12.96
2026-08-09T10:20:00Z,21.97,0.00001,0.027,14.82
2026-08-09T10:30:00Z,21.94,0.00002,0.02776,16.69
2026-08-09T10:40:00Z,21.92,0.00012,0.02827,18.58
2026-08-09T10:50:00Z,21.92,0.00008,0.02827,20.49
2026-08-09T11:00:00Z,21.9,0.00001,0.0288,22.41
2026-08-09T11:10:00Z,21.88,0.00008,0.02933,24.34
2026-08-09T11:20:00Z,21.84,0.00002,0.03043,26.28
2026-08-09T11:30:00Z,21.7,0.00002,0.03462,28.23
2026-08-09T11:40:00Z,21.21,0.00032,0.05437,30.19
2026-08-09T11:50:00Z,20.01,0.00312,0.1642,32.17
2026-08-09T12:00:00Z,18.28,0.00648,0.80791,34.15
2026-08-09T12:10:00Z,16.18,0.00162,5.58941,36.14
2026-08-09T12:20:00Z,13.62,0.00128,59.06982,38.15
2026-08-10T02:20:00Z,9.44,0.0125,2775.65588,-21.55
2026-08-10T02:30:00Z,11.47,0.00005,427.92299,-22.74
2026-08-10T02:40:00Z,13.93,0.00722,44.39823,-23.86
2026-08-10T02:50:00Z,16.32,0.00221,4.91321,-24.93
2026-08-10T03:00:00Z,18.61,0.00002,0.59616,-25.93
2026-08-10T03:10:00Z,20.42,0.0048,0.11256,-26.87
2026-08-10T03:20:00Z,21.54,0.0048,0.04012,-27.75
2026-08-10T03:30:00Z,21.99,0.00008,0.02651,-28.55
2026-08-10T03:40:00Z,22.08,0.00001,0.0244,-29.28
2026-08-10T03:50:00Z,22.12,0.00001,0.02352,-29.93
2026-08-10T04:00:00Z,22.15,0.00002,0.02288,-30.51
2026-08-10T04:10:00Z,22.17,0.00001,0.02246,-31
2026-08-10T04:20:00Z,22.17,0.00001,0.02246,-31.41
2026-08-10T04:30:00Z,22.17,0.00001,0.02246,-31.74
2026-08-10T04:40:00Z,22.17,0.00001,0.02246,-31.98
2026-08-10T04:50:00Z,22.16,0.00001,0.02267,-32.14
2026-08-10T05:00:00Z,22.14,0.00001,0.02309,-32.21
2026-08-10T05:10:00Z,22.11,0.00001,0.02373,-32.19
2026-08-10T05:20:00Z,22.08,0.00001,0.0244,-32.08
2026-08-10T05:30:00Z,22.06,0.00005,0.02485,-31.88
2026-08-10T05:40:00Z,22.04,0.00008,0.02531,-31.6
2026-08-10T05:50:00Z,22.03,0.00085,0.02555,-31.24
2026-08-10T06:00:00Z,22,0.00159,0.02626,-30.78
2026-08-10T06:10:00Z,21.99,0.00181,0.02651,-30.25
2026-08-10T06:20:00Z,22,0.00145,0.02626,-29.64
2026-08-10T06:30:00Z,22.01,0.00107,0.02602,-28.95
2026-08-10T06:40:00Z,22.01,0.00018,0.02602,-28.19
2026-08-10T06:50:00Z,22.01,0.00012,0.02602,-27.35
2026-08-10T07:00:00Z,22.02,0.00015,0.02578,-26.45
2026-08-10T07:10:00Z,22.03,0.00031,0.02555,-25.47
2026-08-10T07:20:00Z,22.04,0.00031,0.02531,-24.44
2026-08-10T07:30:00Z,22.05,0.00049,0.02508,-23.34
2026-08-10T07:40:00Z,22.07,0.00039,0.02462,-22.19
2026-08-10T07:50:00Z,22.09,0.00025,0.02417,-20.98
2026-08-10T08:00:00Z,22.12,0.00013,0.02352,-19.72
2026-08-10T08:10:00Z,22.13,0.00035,0.0233,-18.41
2026-08-10T08:20:00Z,22.15,0.00035,0.02288,-17.05
2026-08-10T08:30:00Z,22.17,0.00026,0.02246,-15.65
2026-08-10T08:40:00Z,22.17,0.00014,0.02246,-14.21
2026-08-10T08:50:00Z,22.19,0.00053,0.02205,-12.72
2026-08-10T09:00:00Z,22.21,0.00008,0.02165,-11.2
2026-08-10T09:10:00Z,22.22,0.00002,0.02145,-9.65
2026-08-10T09:20:00Z,22.21,0.00001,0.02165,-8.06
2026-08-10T09:30:00Z,22.21,0.00001,0.02165,-6.44
2026-08-10T09:40:00Z,22.23,0.00004,0.02125,-4.79
2026-08-10T09:50:00Z,22.24,0.00001,0.02106,-3.11
2026-08-10T10:00:00Z,22.24,0.00004,0.02106,-1.4
2026-08-10T10:10:00Z,22.22,0.00001,0.02145,0.33
2026-08-10T10:20:00Z,22.22,0.00001,0.02145,2.08
2026-08-10T10:30:00Z,22.21,0.00008,0.02165,3.86
2026-08-10T10:40:00Z,22.21,0.00004,0.02165,5.66
2026-08-10T10:50:00Z,22.2,0.00002,0.02185,7.48
2026-08-10T11:00:00Z,22.18,0.00002,0.02225,9.32
2026-08-10T11:10:00Z,22.16,0.00001,0.02267,11.17
2026-08-10T11:20:00Z,22.14,0.00001,0.02309,13.04
2026-08-10T11:30:00Z,22.01,0.00001,0.02602,14.93
2026-08-10T11:40:00Z,21.51,0.0006,0.04124,16.83
2026-08-10T11:50:00Z,20.3,0.00338,0.12571,18.75
2026-08-10T12:00:00Z,18.54,0.00578,0.63587,20.68
2026-08-10T12:10:00Z,16.42,0.00128,4.4809,22.62
2026-08-10T12:20:00Z,13.86,0.00181,47.35498,24.58
2026-08-11T02:20:00Z,9.65,0.00968,2287.5238,-15.31
2026-08-11T02:30:00Z,11.7,0.04141,346.23074,-16.85
2026-08-11T02:40:00Z,14.37,0.00098,29.60504,-18.34
2026-08-11T02:50:00Z,17.22,0.00001,2.1447,-19.8
2026-08-11T03:00:00Z,19.34,0.00005,0.30434,-21.21
2026-08-11T03:10:00Z,20.87,0.00364,0.07436,-22.58
2026-08-11T03:20:00Z,21.8,0.00264,0.03158,-23.89
2026-08-11T03:30:00Z,22.16,0.00008,0.02267,-25.16
2026-08-11T03:40:00Z,22.22,0.00008,0.02145,-26.36
2026-08-11T03:50:00Z,22.21,0.00005,0.02165,-27.51
2026-08-11T04:00:00Z,22.17,0.00005,0.02246,-28.6
2026-08-11T04:10:00Z,22.14,0.00085,0.02309,-29.62
2026-08-11T04:20:00Z,22.15,0.0045,0.02288,-30.57
2026-08-11T04:30:00Z,22.17,0.0045,0.02246,-31.45
2026-08-11T04:40:00Z,22.07,0.00018,0.02462,-32.25
2026-08-11T04:50:00Z,22.15,0.00112,0.02288,-32.97
2026-08-11T05:00:00Z,22.11,0.0006,0.02373,-33.62
2026-08-11T05:10:00Z,22.01,0.00084,0.02602,-34.17
2026-08-11T05:20:00Z,22,0.00013,0.02626,-34.64
2026-08-11T05:30:00Z,21.97,0.049,0.027,-35.03
2026-08-11T05:40:00Z,22.05,0.00612,0.02508,-35.31
2026-08-11T05:50:00Z,22.19,3.30959,0.02205,-35.51
2026-08-11T06:00:00Z,21.4,4.60951,0.04564,-35.61
2026-08-11T06:10:00Z,19.33,5.56128,0.30716,-35.62
2026-08-11T06:20:00Z,20.44,5.58968,0.1105,-35.54
2026-08-11T06:30:00Z,21.54,5.68126,0.04012,-35.36
2026-08-11T06:40:00Z,21.54,6.36942,0.04012,-35.09
2026-08-11T06:50:00Z,20.98,6.77508,0.0672,-34.72
2026-08-11T07:00:00Z,19.98,2.88807,0.1688,-34.27
2026-08-11T07:10:00Z,18.94,0.61745,0.43991,-33.73
2026-08-11T07:20:00Z,18.97,0.53601,0.42792,-33.1
2026-08-11T07:30:00Z,18.38,1.07936,0.73683,-32.39
2026-08-11T07:40:00Z,17.43,0.73129,1.76753,-31.6
2026-08-11T07:50:00Z,17.24,1.93888,2.10555,-30.73
2026-08-11T08:00:00Z,17.44,6.15039,1.75132,-29.79
2026-08-11T08:10:00Z,16.89,8.47374,2.90647,-28.78
2026-08-11T08:20:00Z,17.98,5.88075,1.06504,-27.71
2026-08-11T08:30:00Z,19.62,3.57124,0.23516,-26.57
2026-08-11T08:40:00Z,21.15,2.91669,0.05746,-25.37
2026-08-11T08:50:00Z,21.91,4.35017,0.02853,-24.11
2026-08-11T09:00:00Z,22.26,0.02178,0.02067,-22.81
2026-08-11T09:10:00Z,22.38,0.00648,0.01851,-21.45
2026-08-11T09:20:00Z,22.34,0.00162,0.0192,-20.04
2026-08-11T09:30:00Z,22.23,0.00025,0.02125,-18.58
2026-08-11T09:40:00Z,22.23,0.0004,0.02125,-17.09
2026-08-11T09:50:00Z,22.23,0.00162,0.02125,-15.55
2026-08-11T10:00:00Z,22.24,0.0006,0.02106,-13.98
2026-08-11T10:10:00Z,22.24,0.00001,0.02106,-12.37
2026-08-11T10:20:00Z,22.26,0.00002,0.02067,-10.73
2026-08-11T10:30:00Z,22.26,0.00004,0.02067,-9.06
2026-08-11T10:40:00Z,22.26,0.00008,0.02067,-7.36
2026-08-11T10:50:00Z,22.25,0.00002,0.02086,-5.63
2026-08-11T11:00:00Z,22.26,0.00001,0.02067,-3.88
2026-08-11T11:10:00Z,22.26,0.00005,0.02067,-2.1
2026-08-11T11:20:00Z,22.24,0.00005,0.02106,-0.3
2026-08-11T11:30:00Z,22.12,0.00001,0.02352,1.52
2026-08-11T11:40:00Z,21.62,0.00032,0.03727,3.37
2026-08-11T11:50:00Z,20.36,0.00392,0.11895,5.23
2026-08-11T12:00:00Z,18.57,0.00722,0.61854,7.11
2026-08-11T12:10:00Z,16.49,0.00265,4.20113,9.01
2026-08-11T12:20:00Z,13.95,0.00288,43.58787,10.92
2026-08-12T02:20:00Z,9.88,0.00512,1850.82613,-8.58
2026-08-12T02:30:00Z,12.28,0.00684,202.93905,-10.38
2026-08-12T02:40:00Z,14.87,0.00002,18.67952,-12.16
2026-08-12T02:50:00Z,17.33,0.03872,1.93805,-13.91
2026-08-12T03:00:00Z,19.29,0.18624,0.31869,-15.63
2026-08-12T03:10:00Z,20.77,0.07688,0.08154,-17.32
2026-08-12T03:20:00Z,20.89,0.03784,0.07301,-18.98
2026-08-12T03:30:00Z,21.58,0.00162,0.03867,-20.6
2026-08-12T03:40:00Z,21.6,0.0042,0.03796,-22.18
2026-08-12T03:50:00Z,21.82,0.00612,0.031,-23.72
2026-08-12T04:00:00Z,22.06,0.00018,0.02485,-25.22
2026-08-12T04:10:00Z,22.03,0.0005,0.02555,-26.67
2026-08-12T04:20:00Z,22.08,0.0005,0.0244,-28.07
2026-08-12T04:30:00Z,22.15,0.00002,0.02288,-29.42
2026-08-12T04:40:00Z,22.14,0.00001,0.02309,-30.71
2026-08-12T04:50:00Z,22.15,0.00001,0.02288,-31.94
2026-08-12T05:00:00Z,22.16,0.00001,0.02267,-33.1
2026-08-12T05:10:00Z,22.18,0.00001,0.02225,-34.2
2026-08-12T05:20:00Z,22.21,0.00001,0.02165,-35.22
2026-08-12T05:30:00Z,22.24,0.0006,0.02106,-36.17
2026-08-12T05:40:00Z,22.28,0.008,0.02029,-37.03
2026-08-12T05:50:00Z,22.32,0.06913,0.01956,-37.81
2026-08-12T06:00:00Z,22.47,0.32935,0.01704,-38.5
2026-08-12T06:10:00Z,22.33,0.3658,0.01938,-39.1
2026-08-12T06:20:00Z,22.14,0.46632,0.02309,-39.6
2026-08-12T06:30:00Z,22.98,0.48886,0.01065,-40
2026-08-12T06:40:00Z,22.94,0.57389,0.01105,-40.3
2026-08-12T06:50:00Z,22.47,1.17684,0.01704,-40.5
2026-08-12T07:00:00Z,22.61,1.15455,0.01497,-40.6
2026-08-12T07:10:00Z,23.16,2.1097,0.00902,-40.59
2026-08-12T07:20:00Z,24.12,3.03439,0.00373,-40.47
2026-08-12T07:30:00Z,23.59,6.22829,0.00607,-40.25
2026-08-12T07:40:00Z,22.51,4.82909,0.01642,-39.93
2026-08-12T07:50:00Z,22.12,14.17582,0.02352,-39.51
2026-08-12T08:00:00Z,20.48,17.35939,0.1065,-38.98
2026-08-12T08:10:00Z,21.71,14.41656,0.03431,-38.37
2026-08-12T08:20:00Z,25.04,9.52702,0.0016,-37.66
2026-08-12T08:30:00Z,24.7,7.94701,0.00218,-36.86
2026-08-12T08:40:00Z,24.81,9.41891,0.00197,-35.98
2026-08-12T08:50:00Z,25.12,8.40407,0.00148,-35.02
2026-08-12T09:00:00Z,25.18,0.00312,0.0014,-33.98
2026-08-12T09:10:00Z,24.82,0.01013,0.00196,-32.87
2026-08-12T09:20:00Z,23.71,0.00144,0.00544,-31.69
2026-08-12T09:30:00Z,23.86,0.00544,0.00474,-30.45
2026-08-12T09:40:00Z,23.56,0.202,0.00624,-29.14
2026-08-12T09:50:00Z,22.94,0.1462,0.01105,-27.78
2026-08-12T10:00:00Z,23.7,0.00084,0.00549,-26.37
2026-08-12T10:10:00Z,24.21,0.1445,0.00343,-24.91
2026-08-12T10:20:00Z,23.97,0.13285,0.00428,-23.4
2026-08-12T10:30:00Z,23.63,0.0125,0.00585,-21.85
2026-08-12T10:40:00Z,23.39,0.02113,0.0073,-20.26
2026-08-12T10:50:00Z,23.6,0.002,0.00602,-18.63
2026-08-12T11:00:00Z,23.35,0.00612,0.00757,-16.96
2026-08-12T11:10:00Z,23.07,0.04141,0.0098,-15.27
2026-08-12T11:20:00Z,22.79,0.00924,0.01269,-13.54
2026-08-12T11:30:00Z,22.6,0.00004,0.01511,-11.78
2026-08-12T11:40:00Z,21.83,0.00041,0.03072,-10
2026-08-12T11:50:00Z,20.38,0.02245,0.11678,-8.19
2026-08-12T12:00:00Z,18.73,0.0005,0.53378,-6.36
2026-08-12T12:10:00Z,17.16,0.01152,2.26655,-4.51
2026-08-12T12:20:00Z,15.16,0.00392,14.30097,-2.64
2026-08-13T02:20:00Z,10.42,0.00162,1125.55215,-1.74
2026-08-13T02:30:00Z,12.91,0.01104,113.59668,-3.71
2026-08-13T02:40:00Z,15.33,0.00648,12.22829,-5.68
2026-08-13T02:50:00Z,17.86,0.00041,1.1895,-7.62
2026-08-13T03:00:00Z,20.03,0.00001,0.1612,-9.55
2026-08-13T03:10:00Z,21.48,0.02665,0.0424,-11.47
2026-08-13T03:20:00Z,22.3,0.01741,0.01992,-13.36
2026-08-13T03:30:00Z,22.5,0.02312,0.01657,-15.23
2026-08-13T03:40:00Z,22.81,0.00024,0.01246,-17.08
2026-08-13T03:50:00Z,22.64,0.0174,0.01457,-18.9
2026-08-13T04:00:00Z,22.67,0.0004,0.01417,-20.69
2026-08-13T04:10:00Z,22.97,0.01105,0.01075,-22.46
2026-08-13T04:20:00Z,22.95,0.00841,0.01095,-24.19
2026-08-13T04:30:00Z,22.7,0.00001,0.01378,-25.89
2026-08-13T04:40:00Z,22.69,0.013,0.01391,-27.55
2026-08-13T04:50:00Z,22.51,0.00722,0.01642,-29.17
2026-08-13T05:00:00Z,22.17,0.0005,0.02246,-30.75
2026-08-13T05:10:00Z,22.18,0.0048,0.02225,-32.28
2026-08-13T05:20:00Z,22.16,0.00648,0.02267,-33.75
2026-08-13T05:30:00Z,22.21,0.00018,0.02165,-35.18
2026-08-13T05:40:00Z,22.02,0.00032,0.02578,-36.54
2026-08-13T05:50:00Z,21.95,0.0048,0.0275,-37.84
2026-08-13T06:00:00Z,21.94,0.00648,0.02776,-39.07
2026-08-13T06:10:00Z,22.07,0.00018,0.02462,-40.22
2026-08-13T06:20:00Z,22.12,0.00032,0.02352,-41.3
2026-08-13T06:30:00Z,22.43,0.00242,0.01768,-42.29
2026-08-13T06:40:00Z,23.51,0.00578,0.00654,-43.19
2026-08-13T06:50:00Z,23.31,0.013,0.00786,-44
2026-08-13T07:00:00Z,23.18,0.21012,0.00886,-44.7
2026-08-13T07:10:00Z,23.28,0.09112,0.00808,-45.3
2026-08-13T07:20:00Z,23.52,0.00128,0.00648,-45.79
2026-08-13T07:30:00Z,23.31,0.0004,0.00786,-46.16
2026-08-13T07:40:00Z,23.86,0.01741,0.00474,-46.42
2026-08-13T07:50:00Z,25.63,0.07321,0.00093,-46.56
2026-08-13T08:00:00Z,23.91,0.01058,0.00452,-46.58
2026-08-13T08:10:00Z,24.8,1.1092,0.00199,-46.49
2026-08-13T08:40:00Z,22.88,1.8605,0.01168,-45.48
2026-08-13T08:50:00Z,22.57,1.13277,0.01554,-44.92
2026-08-13T09:00:00Z,22.43,0.45789,0.01768,-44.26
2026-08-13T09:10:00Z,22.36,0.00001,0.01885,-43.49
2026-08-13T09:20:00Z,23.13,0.0005,0.00928,-42.62
2026-08-13T10:00:00Z,23.12,0.02964,0.00936,-38.29
2026-08-14T02:20:00Z,9.87,0.00512,1867.95161,4.91
2026-08-14T02:30:00Z,12.31,0.00722,197.4084,2.84
2026-08-14T02:40:00Z,14.97,0.00128,17.03592,0.78
2026-08-14T02:50:00Z,17.53,0.00002,1.612,-1.27
2026-08-14T03:00:00Z,19.61,0.0005,0.23734,-3.32
2026-08-14T03:10:00Z,21.05,0.00338,0.063,-5.36
2026-08-14T03:20:00Z,21.87,0.00288,0.02961,-7.39
2026-08-14T03:30:00Z,22.17,0.00005,0.02246,-9.41
2026-08-14T03:40:00Z,22.21,0.00013,0.02165,-11.42
2026-08-14T03:50:00Z,22.23,0.00001,0.02125,-13.41
2026-08-14T04:00:00Z,22.2,0.00001,0.02185,-15.39
2026-08-14T04:10:00Z,22.17,0.00012,0.02246,-17.35
2026-08-14T04:20:00Z,22.13,0.00025,0.0233,-19.3
2026-08-14T04:30:00Z,22.08,0.00008,0.0244,-21.22
2026-08-14T04:40:00Z,22.07,0.00001,0.02462,-23.13
2026-08-14T04:50:00Z,22.03,0.00001,0.02555,-25.01
2026-08-14T05:00:00Z,22,0.00002,0.02626,-26.87
2026-08-14T05:10:00Z,21.98,0.00001,0.02675,-28.7
2026-08-14T05:20:00Z,21.97,0.00001,0.027,-30.49
2026-08-14T05:30:00Z,21.95,0.00002,0.0275,-32.26
2026-08-14T05:40:00Z,21.92,0.00001,0.02827,-33.99
2026-08-14T05:50:00Z,21.89,0.00232,0.02906,-35.68
2026-08-14T06:00:00Z,21.88,0.00254,0.02933,-37.32
2026-08-14T06:10:00Z,21.9,0.00218,0.0288,-38.92
2026-08-14T06:20:00Z,21.9,0.00175,0.0288,-40.47
2026-08-14T06:30:00Z,21.89,0.00092,0.02906,-41.95
2026-08-14T06:40:00Z,21.9,0.00077,0.0288,-43.37
2026-08-14T06:50:00Z,21.93,0.00091,0.02801,-44.73
2026-08-14T07:00:00Z,21.94,0.00075,0.02776,-46
2026-08-14T07:10:00Z,21.95,0.00046,0.0275,-47.2
2026-08-14T07:20:00Z,21.97,0.00092,0.027,-48.3
2026-08-14T07:30:00Z,22,0.00119,0.02626,-49.31
2026-08-14T07:40:00Z,22.03,0.00108,0.02555,-50.21
2026-08-14T07:50:00Z,22.07,0.00126,0.02462,-51
2026-08-14T08:00:00Z,22.1,0.00122,0.02395,-51.67
2026-08-14T08:10:00Z,22.15,0.00099,0.02288,-52.22
2026-08-14T08:20:00Z,22.21,0.00071,0.02165,-52.63
2026-08-14T08:30:00Z,22.26,0.00071,0.02067,-52.91
2026-08-14T08:40:00Z,22.31,0.00137,0.01974,-53.05
2026-08-14T08:50:00Z,22.37,0.00232,0.01868,-53.06
2026-08-14T09:00:00Z,22.39,0.00289,0.01834,-52.92
2026-08-14T09:10:00Z,22.42,0.00013,0.01784,-52.65
2026-08-14T09:20:00Z,22.44,0.00013,0.01751,-52.24
2026-08-14T09:30:00Z,22.45,0.00002,0.01735,-51.7
2026-08-14T09:40:00Z,22.46,0.00001,0.01719,-51.03
2026-08-14T09:50:00Z,22.46,0.00001,0.01719,-50.25
2026-08-14T10:00:00Z,22.44,0.00001,0.01751,-49.35
2026-08-14T10:10:00Z,22.48,0.00001,0.01688,-48.35
2026-08-14T10:20:00Z,22.52,0.00032,0.01627,-47.26
2026-08-14T10:30:00Z,22.52,0.00018,0.01627,-46.07
2026-08-14T10:40:00Z,22.57,0.00008,0.01554,-44.8
2026-08-14T10:50:00Z,22.56,0.0004,0.01568,-43.45
2026-08-14T11:00:00Z,22.68,0.00061,0.01404,-42.04
2026-08-14T11:10:00Z,22.47,0.00181,0.01704,-40.56
2026-08-14T11:20:00Z,22.42,0.01058,0.01784,-39.03
2026-08-14T11:30:00Z,22.3,0.012,0.01992,-37.44
2026-08-14T11:40:00Z,21.86,0.00264,0.02988,-35.8
2026-08-14T11:50:00Z,20.84,0.00312,0.07645,-34.12
2026-08-14T12:00:00Z,19.22,0.00338,0.33991,-32.41
2026-08-14T12:10:00Z,17.22,0.00002,2.1447,-30.65
2026-08-14T12:20:00Z,14.69,0.00242,22.04782,-28.87
2026-08-14T12:30:00Z,11.87,0.00113,296.05038,-27.05
2026-08-15T02:20:00Z,10.16,0.0245,1430.09742,11.1
2026-08-15T02:30:00Z,12.55,0.00312,158.25798,9.02
2026-08-15T02:40:00Z,15.04,0.01922,15.97223,6.95
2026-08-15T02:50:00Z,16.93,0.02965,2.80134,4.87
2026-08-15T03:00:00Z,18.47,0.008,0.67821,2.79
2026-08-15T03:10:00Z,20.28,0.01624,0.12805,0.71
2026-08-15T03:20:00Z,21.59,0.00288,0.03831,-1.37
2026-08-15T03:30:00Z,22,0.0005,0.02626,-3.44
2026-08-15T03:40:00Z,22.08,0.00005,0.0244,-5.52
2026-08-15T03:50:00Z,22.07,0.00002,0.02462,-7.59
2026-08-15T04:00:00Z,22.07,0.00008,0.02462,-9.65
2026-08-15T04:10:00Z,22.05,0.00072,0.02508,-11.71
2026-08-15T04:20:00Z,22.03,0.00098,0.02555,-13.76
2026-08-15T04:30:00Z,22.05,0.0004,0.02508,-15.81
2026-08-15T04:40:00Z,21.99,0.00004,0.02651,-17.84
2026-08-15T04:50:00Z,21.99,0.00001,0.02651,-19.87
2026-08-15T05:00:00Z,21.96,0.00001,0.02725,-21.88
2026-08-15T05:10:00Z,21.93,0.00001,0.02801,-23.88
2026-08-15T05:20:00Z,21.9,0.00012,0.0288,-25.87
2026-08-15T05:30:00Z,21.88,0.00004,0.02933,-27.83
2026-08-15T05:40:00Z,21.88,0.00004,0.02933,-29.79
2026-08-15T05:50:00Z,21.85,0.00377,0.03016,-31.72
2026-08-15T06:00:00Z,21.82,0.2122,0.031,-33.62
2026-08-15T06:10:00Z,21.82,0.74162,0.031,-35.51
2026-08-15T06:20:00Z,21.87,0.61939,0.02961,-37.36
2026-08-15T06:30:00Z,22.42,1.05331,0.01784,-39.18
2026-08-15T06:40:00Z,23.13,1.51638,0.00928,-40.97
2026-08-15T06:50:00Z,22.7,1.61646,0.01378,-42.72
2026-08-15T07:00:00Z,22.07,1.28457,0.02462,-44.42
2026-08-15T07:10:00Z,21.9,0.64353,0.0288,-46.08
2026-08-15T07:20:00Z,21.88,0.6108,0.02933,-47.68
2026-08-15T07:30:00Z,21.92,0.34852,0.02827,-49.21
2026-08-15T07:40:00Z,21.95,0.03056,0.0275,-50.68
2026-08-15T07:50:00Z,21.97,0.00185,0.027,-52.08
2026-08-15T08:00:00Z,22,0.00051,0.02626,-53.38
2026-08-15T08:10:00Z,22.05,0.00142,0.02508,-54.59
2026-08-15T08:20:00Z,22.08,0.00413,0.0244,-55.7
2026-08-15T08:30:00Z,22.09,0.00546,0.02417,-56.68
2026-08-15T08:40:00Z,22.09,0.00356,0.02417,-57.55
2026-08-15T08:50:00Z,22.07,0.00306,0.02462,-58.27
2026-08-15T09:00:00Z,22.07,0.00377,0.02462,-58.85
2026-08-15T09:10:00Z,22.1,0.00008,0.02395,-59.27
2026-08-15T09:20:00Z,22.15,0.00001,0.02288,-59.53
2026-08-15T09:30:00Z,22.16,0.00001,0.02267,-59.63
2026-08-15T09:40:00Z,22.2,0.00018,0.02185,-59.56
2026-08-15T09:50:00Z,22.23,0.00024,0.02125,-59.32
2026-08-15T10:00:00Z,22.24,0.00008,0.02106,-58.92
2026-08-15T10:10:00Z,22.24,0.00001,0.02106,-58.37
2026-08-15T10:20:00Z,22.22,0.00001,0.02145,-57.67
2026-08-15T10:30:00Z,22.19,0.00001,0.02205,-56.83
2026-08-15T10:40:00Z,22.16,0.00001,0.02267,-55.86
2026-08-15T10:50:00Z,22.13,0.00001,0.0233,-54.78
2026-08-15T11:00:00Z,22.12,0.00001,0.02352,-53.59
2026-08-15T11:10:00Z,22.09,0.00002,0.02417,-52.3
2026-08-15T11:20:00Z,22.08,0.00008,0.0244,-50.93
2026-08-15T11:30:00Z,22.04,0.00008,0.02531,-49.48
2026-08-15T11:40:00Z,21.75,0.00012,0.03306,-47.96
2026-08-15T11:50:00Z,20.77,0.00242,0.08154,-46.38
2026-08-15T12:00:00Z,19.1,0.00968,0.37963,-44.74
2026-08-15T12:10:00Z,17.1,0.00001,2.39533,-43.06
2026-08-15T12:20:00Z,14.65,0.00648,22.87524,-41.33
2026-08-15T12:30:00Z,11.97,0.00072,270.00115,-39.56
2026-08-16T02:20:00Z,10.39,0.018,1157.08595,16.6
2026-08-16T02:30:00Z,12.88,0.00545,116.77923,14.61
2026-08-16T02:40:00Z,15.51,0.00924,10.36014,12.61
2026-08-16T02:50:00Z,17.68,0.002,1.404,10.59
2026-08-16T03:00:00Z,19.72,0.00364,0.21447,8.56
2026-08-16T03:10:00Z,21.2,0.00545,0.05487,6.52
2026-08-16T03:20:00Z,21.92,0.00072,0.02827,4.48
2026-08-16T03:30:00Z,22.15,0.00001,0.02288,2.43
2026-08-16T03:40:00Z,22.22,0.00005,0.02145,0.37
2026-08-16T03:50:00Z,22.25,0.00002,0.02086,-1.69
2026-08-16T04:00:00Z,22.23,0.00001,0.02125,-3.76
2026-08-16T04:10:00Z,22.19,0.00001,0.02205,-5.83
2026-08-16T04:20:00Z,22.15,0.00005,0.02288,-7.9
2026-08-16T04:30:00Z,22.12,0.00008,0.02352,-9.97
2026-08-16T04:40:00Z,22.1,0.00008,0.02395,-12.04
2026-08-16T04:50:00Z,22.06,0.00008,0.02485,-14.11
2026-08-16T05:00:00Z,22.04,0.00001,0.02531,-16.18
2026-08-16T05:10:00Z,22,0.00002,0.02626,-18.24
2026-08-16T05:20:00Z,21.98,0.00002,0.02675,-20.31
2026-08-16T05:30:00Z,21.97,0.00001,0.027,-22.36
2026-08-16T05:40:00Z,21.95,0.00001,0.0275,-24.41
2026-08-16T05:50:00Z,21.94,0.00089,0.02776,-26.46
2026-08-16T06:00:00Z,21.93,0.00259,0.02801,-28.49
2026-08-16T06:10:00Z,21.92,0.00421,0.02827,-30.52
2026-08-16T06:20:00Z,21.94,0.00315,0.02776,-32.53
2026-08-16T06:30:00Z,21.97,0.00212,0.027,-34.53
2026-08-16T06:40:00Z,22,0.00088,0.02626,-36.52
2026-08-16T06:50:00Z,22.01,0.00022,0.02602,-38.49
2026-08-16T07:00:00Z,22.04,0.00074,0.02531,-40.43
2026-08-16T07:10:00Z,22.07,0.00125,0.02462,-42.36
2026-08-16T07:20:00Z,22.08,0.00106,0.0244,-44.26
2026-08-16T07:30:00Z,22.08,0.00104,0.0244,-46.13
2026-08-16T07:40:00Z,22.08,0.00118,0.0244,-47.97
2026-08-16T07:50:00Z,22.1,0.00129,0.02395,-49.77
2026-08-16T08:00:00Z,22.13,0.00137,0.0233,-51.53
2026-08-16T08:10:00Z,22.16,0.0006,0.02267,-53.24
2026-08-16T08:20:00Z,22.17,0.00139,0.02246,-54.89
2026-08-16T08:30:00Z,22.21,0.00207,0.02165,-56.47
2026-08-16T08:40:00Z,22.23,0.00167,0.02125,-57.98
2026-08-16T08:50:00Z,22.21,0.00126,0.02165,-59.4
2026-08-16T09:00:00Z,22.22,0.00183,0.02145,-60.72
2026-08-16T09:10:00Z,22.24,0.00025,0.02106,-61.93
2026-08-16T09:20:00Z,22.26,0.00002,0.02067,-63
2026-08-16T09:30:00Z,22.3,0.00001,0.01992,-63.94
2026-08-16T09:40:00Z,22.34,0.00002,0.0192,-64.7
2026-08-16T09:50:00Z,22.36,0.00002,0.01885,-65.29
2026-08-16T10:00:00Z,22.37,0.00002,0.01868,-65.7
2026-08-16T10:10:00Z,22.38,0.00001,0.01851,-65.9
2026-08-16T10:20:00Z,22.4,0.00001,0.01817,-65.89
2026-08-16T10:30:00Z,22.42,0.00001,0.01784,-65.69
2026-08-16T10:40:00Z,22.41,0.00001,0.018,-65.28
2026-08-16T10:50:00Z,22.39,0.00005,0.01834,-64.69
2026-08-16T11:00:00Z,22.39,0.00002,0.01834,-63.92
2026-08-16T11:10:00Z,22.37,0.00004,0.01868,-62.99
2026-08-16T11:20:00Z,22.35,0.00008,0.01903,-61.91
2026-08-16T11:30:00Z,22.28,0.00002,0.02029,-60.71
2026-08-16T11:40:00Z,21.96,0.00012,0.02725,-59.39
2026-08-16T11:50:00Z,20.96,0.002,0.06845,-57.97
2026-08-16T12:00:00Z,19.3,0.00924,0.31577,-56.47
2026-08-16T12:10:00Z,17.33,0.00002,1.93805,-54.9
2026-08-16T12:20:00Z,14.96,0.00613,17.19355,-53.26
2026-08-16T12:30:00Z,12.28,0.0004,202.93905,-51.56
2026-08-17T02:20:00Z,10.43,0.07321,1115.23303,21.27
2026-08-17T02:30:00Z,13.02,0.02888,102.65158,19.44
2026-08-17T02:40:00Z,15.77,0.05941,8.1539,17.6
2026-08-17T02:50:00Z,17.47,0.26221,1.70359,15.72
2026-08-17T03:00:00Z,18.88,0.06385,0.46491,13.83
2026-08-17T03:10:00Z,21.09,0.00128,0.06072,11.91
2026-08-17T03:20:00Z,21.81,0.02048,0.03129,9.97
2026-08-17T03:30:00Z,22.17,0.00084,0.02246,8.02
2026-08-17T03:40:00Z,22.01,0.00008,0.02602,6.05
2026-08-17T03:50:00Z,21.97,0.00545,0.027,4.07
2026-08-17T04:00:00Z,21.92,0.00685,0.02827,2.08
2026-08-17T04:10:00Z,21.82,0.00001,0.031,0.08
2026-08-17T04:20:00Z,22,0.00032,0.02626,-1.94
2026-08-17T04:30:00Z,22.09,0.00002,0.02417,-3.96
2026-08-17T04:40:00Z,22.08,0.00001,0.0244,-5.99
2026-08-17T04:50:00Z,22.05,0.00001,0.02508,-8.03
2026-08-17T05:00:00Z,22.02,0.00001,0.02578,-10.08
2026-08-17T05:10:00Z,21.99,0.00002,0.02651,-12.13
2026-08-17T05:20:00Z,21.97,0.00001,0.027,-14.18
2026-08-17T05:30:00Z,21.95,0.00001,0.0275,-16.24
2026-08-17T05:40:00Z,21.95,0.00001,0.0275,-18.29
2026-08-17T05:50:00Z,21.96,0.00147,0.02725,-20.36
2026-08-17T06:00:00Z,21.97,0.00062,0.027,-22.42
2026-08-17T06:10:00Z,21.98,0.00029,0.02675,-24.48
2026-08-17T06:20:00Z,21.98,0.00032,0.02675,-26.54
2026-08-17T06:30:00Z,21.97,0.00034,0.027,-28.6
2026-08-17T06:40:00Z,21.98,0.00161,0.02675,-30.65
2026-08-17T06:50:00Z,21.98,0.00232,0.02675,-32.7
2026-08-17T07:00:00Z,22,0.00157,0.02626,-34.75
2026-08-17T07:10:00Z,22.04,0.00086,0.02531,-36.79
2026-08-17T07:20:00Z,22.06,0.00094,0.02485,-38.82
2026-08-17T07:30:00Z,22.06,0.0011,0.02485,-40.84
2026-08-17T07:40:00Z,22.07,0.00158,0.02462,-42.85
2026-08-17T07:50:00Z,22.08,0.00078,0.0244,-44.85
2026-08-17T08:00:00Z,22.09,0.00051,0.02417,-46.83
2026-08-17T08:10:00Z,22.07,0.00135,0.02462,-48.79
2026-08-17T08:20:00Z,22.07,0.00272,0.02462,-50.74
2026-08-17T08:30:00Z,22.08,0.00259,0.0244,-52.65
2026-08-17T08:40:00Z,22.12,0.00246,0.02352,-54.54
2026-08-17T08:50:00Z,22.15,0.002,0.02288,-56.39
2026-08-17T09:00:00Z,22.14,0.00214,0.02309,-58.2
2026-08-17T09:10:00Z,22.13,0.00004,0.0233,-59.96
2026-08-17T09:20:00Z,22.14,0.00008,0.02309,-61.67
2026-08-17T09:30:00Z,22.15,0.00002,0.02288,-63.3
2026-08-17T09:40:00Z,22.16,0.00002,0.02267,-64.85
2026-08-17T09:50:00Z,22.15,0.00001,0.02288,-66.29
2026-08-17T10:00:00Z,22.15,0.00002,0.02288,-67.62
2026-08-17T10:10:00Z,22.17,0.00005,0.02246,-68.8
2026-08-17T10:20:00Z,22.2,0.00001,0.02185,-69.82
2026-08-17T10:30:00Z,22.21,0.00001,0.02165,-70.64
2026-08-17T10:40:00Z,22.2,0.00004,0.02185,-71.24
2026-08-17T10:50:00Z,22.17,0.00001,0.02246,-71.59
2026-08-17T11:00:00Z,22.16,0.00001,0.02267,-71.69
2026-08-17T11:10:00Z,22.17,0.00008,0.02246,-71.53
2026-08-17T11:20:00Z,22.16,0.00001,0.02267,-71.12
2026-08-17T11:30:00Z,22.11,0.00008,0.02373,-70.47
2026-08-17T11:40:00Z,21.89,0.00002,0.02906,-69.6
2026-08-17T11:50:00Z,21.08,0.00084,0.06129,-68.55
2026-08-17T12:00:00Z,19.52,0.00882,0.25785,-67.33
2026-08-17T12:10:00Z,17.57,0.00128,1.55369,-65.98
2026-08-17T12:20:00Z,15.17,0.00648,14.16986,-64.52
2026-08-17T12:30:00Z,12.45,0.00018,173.52643,-62.96
2026-08-18T02:10:00Z,8.7,0.03444,5487.3874,26.49
2026-08-18T02:20:00Z,10.35,0.04901,1200.50956,24.97
2026-08-18T02:30:00Z,13.03,0.0045,101.71046,23.4
2026-08-18T02:40:00Z,15.91,0.00612,7.16747,21.79
2026-08-18T02:50:00Z,18,0.02812,1.0456,20.14
2026-08-18T03:00:00Z,19.6,0.012,0.23953,18.46
2026-08-18T03:10:00Z,21.06,0.0048,0.06243,16.74
2026-08-18T03:20:00Z,21.63,0.00025,0.03693,14.98
2026-08-18T03:30:00Z,21.8,0.00264,0.03158,13.2
2026-08-18T03:40:00Z,21.88,0.00648,0.02933,11.4
2026-08-18T03:50:00Z,21.94,0.00242,0.02776,9.57
2026-08-18T04:00:00Z,21.75,0.01513,0.03306,7.71
2026-08-18T04:10:00Z,21.67,0.002,0.03559,5.84
2026-08-18T04:20:00Z,21.92,0.00024,0.02827,3.94
2026-08-18T04:30:00Z,21.95,0.0005,0.0275,2.03
2026-08-18T04:40:00Z,21.96,0.00002,0.02725,0.1
2026-08-18T04:50:00Z,22.02,0.00004,0.02578,-1.84
2026-08-18T05:00:00Z,22.03,0.00001,0.02555,-3.8
2026-08-18T05:10:00Z,22.01,0.00001,0.02602,-5.77
2026-08-18T05:20:00Z,21.99,0.00001,0.02651,-7.75
2026-08-18T05:30:00Z,21.97,0.00001,0.027,-9.74
2026-08-18T05:40:00Z,21.95,0.01094,0.0275,-11.74
2026-08-18T05:50:00Z,21.94,0.00987,0.02776,-13.75
2026-08-18T06:00:00Z,21.95,0.00825,0.0275,-15.77
2026-08-18T06:10:00Z,22.05,0.00762,0.02508,-17.79
2026-08-18T06:20:00Z,22.01,0.00734,0.02602,-19.82
2026-08-18T06:30:00Z,21.98,0.00748,0.02675,-21.86
2026-08-18T06:40:00Z,21.98,0.00685,0.02675,-23.89
2026-08-18T06:50:00Z,22.02,0.00593,0.02578,-25.94
2026-08-18T07:00:00Z,22.04,0.00194,0.02531,-27.98
2026-08-18T07:10:00Z,22.05,0.00042,0.02508,-30.03
2026-08-18T07:20:00Z,22.07,0.00048,0.02462,-32.08
2026-08-18T07:30:00Z,22.08,0.00058,0.0244,-34.13
2026-08-18T07:40:00Z,22.11,0.00068,0.02373,-36.18
2026-08-18T07:50:00Z,22.14,0.00061,0.02309,-38.23
2026-08-18T08:00:00Z,22.17,0.00057,0.02246,-40.28
2026-08-18T08:10:00Z,22.2,0.00106,0.02185,-42.32
2026-08-18T08:20:00Z,22.24,0.00152,0.02106,-44.36
2026-08-18T08:30:00Z,22.24,0.00118,0.02106,-46.39
2026-08-18T08:40:00Z,22.25,0.00081,0.02086,-48.42
2026-08-18T08:50:00Z,22.26,0.0006,0.02067,-50.44
2026-08-18T09:00:00Z,22.29,0.00048,0.02011,-52.44
2026-08-18T09:10:00Z,22.31,0.00002,0.01974,-54.44
2026-08-18T09:20:00Z,22.31,0.00004,0.01974,-56.41
2026-08-18T09:30:00Z,22.32,0.00001,0.01956,-58.37
2026-08-18T09:40:00Z,22.32,0.00005,0.01956,-60.3
2026-08-18T09:50:00Z,22.31,0.00002,0.01974,-62.21
2026-08-18T10:00:00Z,22.31,0.00001,0.01974,-64.07
2026-08-18T10:10:00Z,22.31,0.00002,0.01974,-65.89
2026-08-18T10:20:00Z,22.33,0.00001,0.01938,-67.65
2026-08-18T10:30:00Z,22.33,0.00002,0.01938,-69.34
2026-08-18T10:40:00Z,22.33,0.00008,0.01938,-70.94
2026-08-18T10:50:00Z,22.34,0.00002,0.0192,-72.42
2026-08-18T11:00:00Z,22.34,0.00001,0.0192,-73.75
2026-08-18T11:10:00Z,22.35,0.00002,0.01903,-74.89
2026-08-18T11:20:00Z,22.36,0.00002,0.01885,-75.79
2026-08-18T11:30:00Z,22.31,0.00001,0.01974,-76.41
2026-08-18T11:40:00Z,22.02,0.00018,0.02578,-76.71
2026-08-18T11:50:00Z,21.08,0.00162,0.06129,-76.66
2026-08-18T12:00:00Z,19.4,0.0084,0.28798,-76.28
2026-08-18T12:10:00Z,17.46,0.0004,1.71936,-75.58
2026-08-18T12:20:00Z,15.15,0.01152,14.4333,-74.61
2026-08-18T12:30:00Z,12.53,0.00061,161.20022,-73.42
2026-08-19T02:10:00Z,9.09,0.008,3831.4717,28.8
2026-08-19T02:20:00Z,11.15,0.02592,574.6,27.63
2026-08-19T02:30:00Z,13.74,0.00018,52.88903,26.4
2026-08-19T02:40:00Z,16.46,0.0005,4.31883,25.11
2026-08-19T02:50:00Z,18.59,0.00001,0.60725,23.76
2026-08-19T03:00:00Z,20.19,0.00578,0.13911,22.36
2026-08-19T03:10:00Z,21.16,0.00313,0.05693,20.91
2026-08-19T03:20:00Z,21.51,0.00005,0.04124,19.41
2026-08-19T03:30:00Z,21.58,0.00001,0.03867,17.87
2026-08-19T03:40:00Z,21.62,0.00001,0.03727,16.29
2026-08-19T03:50:00Z,21.66,0.00005,0.03592,14.67
2026-08-19T04:00:00Z,21.7,0.00005,0.03462,13.02
2026-08-19T04:10:00Z,21.73,0.00012,0.03368,11.33
2026-08-19T04:20:00Z,21.72,0.00002,0.03399,9.62
2026-08-19T04:30:00Z,21.7,0.00008,0.03462,7.88
2026-08-19T04:40:00Z,21.72,0.00005,0.03399,6.11
2026-08-19T04:50:00Z,21.76,0.00008,0.03276,4.31
2026-08-19T05:00:00Z,21.78,0.00032,0.03216,2.5
2026-08-19T05:10:00Z,21.81,0.00001,0.03129,0.66
2026-08-19T05:20:00Z,21.89,0.00005,0.02906,-1.2
2026-08-19T05:30:00Z,21.94,0.00001,0.02776,-3.07
2026-08-19T05:40:00Z,21.95,0.00924,0.0275,-4.96
2026-08-19T05:50:00Z,21.95,0.0079,0.0275,-6.87
2026-08-19T06:00:00Z,21.95,0.00174,0.0275,-8.79
2026-08-19T06:10:00Z,21.94,0.00032,0.02776,-10.73
2026-08-19T06:20:00Z,21.95,0.00033,0.0275,-12.67
2026-08-19T06:30:00Z,21.96,0.00029,0.02725,-14.63
2026-08-19T06:40:00Z,21.97,0.00018,0.027,-16.6
2026-08-19T06:50:00Z,21.97,0.00016,0.027,-18.58
2026-08-19T07:00:00Z,21.98,0.0001,0.02675,-20.57
2026-08-19T07:10:00Z,21.98,0.00023,0.02675,-22.56
2026-08-19T07:20:00Z,21.98,0.00035,0.02675,-24.56
2026-08-19T07:30:00Z,21.99,0.00031,0.02651,-26.57
2026-08-19T07:40:00Z,22.01,0.00039,0.02602,-28.59
2026-08-19T07:50:00Z,22.02,0.00016,0.02578,-30.61
2026-08-19T08:00:00Z,22.03,0.00043,0.02555,-32.64
2026-08-19T08:10:00Z,22.05,0.00056,0.02508,-34.66
2026-08-19T08:20:00Z,22.06,0.00104,0.02485,-36.7
2026-08-19T08:30:00Z,22.1,0.00118,0.02395,-38.73
2026-08-19T08:40:00Z,22.12,0.001,0.02352,-40.77
2026-08-19T08:50:00Z,22.16,0.0006,0.02267,-42.81
2026-08-19T09:00:00Z,22.2,0.00031,0.02185,-44.85
2026-08-19T09:10:00Z,22.24,0.00002,0.02106,-46.89
2026-08-19T09:20:00Z,22.27,0.00001,0.02048,-48.92
2026-08-19T09:30:00Z,22.29,0.00001,0.02011,-50.96
2026-08-19T09:40:00Z,22.29,0.00001,0.02011,-52.99
2026-08-19T09:50:00Z,22.27,0.00001,0.02048,-55.02
2026-08-19T10:00:00Z,22.26,0.00001,0.02067,-57.04
2026-08-19T10:10:00Z,22.23,0.00005,0.02125,-59.05
2026-08-19T10:20:00Z,22.2,0.00005,0.02185,-61.05
2026-08-19T10:30:00Z,22.19,0.00002,0.02205,-63.04
2026-08-19T10:40:00Z,22.21,0.00002,0.02165,-65.01
2026-08-19T10:50:00Z,22.23,0.00001,0.02125,-66.96
2026-08-19T11:00:00Z,22.26,0.00004,0.02067,-68.88
2026-08-19T11:10:00Z,22.27,0.00001,0.02048,-70.76
2026-08-19T11:20:00Z,22.25,0.00004,0.02086,-72.59
2026-08-19T11:30:00Z,22.19,0.00001,0.02205,-74.34
2026-08-19T11:40:00Z,21.96,0.00001,0.02725,-76
2026-08-19T11:50:00Z,21.18,0.00084,0.05589,-77.53
2026-08-19T12:00:00Z,19.6,0.00722,0.23953,-78.85
2026-08-19T12:10:00Z,17.66,0.00312,1.4301,-79.91
2026-08-19T12:20:00Z,15.39,0.00968,11.57086,-80.61
2026-08-19T12:30:00Z,12.76,0.00004,130.42643,-80.85
2026-08-20T02:10:00Z,11.29,0.0125,505.08634,29.95
2026-08-20T02:20:00Z,13.53,0.00338,64.17496,29.2
2026-08-20T02:30:00Z,15.33,0.01682,12.22829,28.37
2026-08-20T02:40:00Z,17.19,0.00145,2.20478,27.46
2026-08-20T02:50:00Z,18.85,0.00761,0.47793,26.48
2026-08-20T03:00:00Z,19.73,0.01352,0.2125,25.44
2026-08-20T03:10:00Z,20,0.01625,0.16572,24.33
2026-08-20T03:20:00Z,20.05,0.00685,0.15826,23.15
2026-08-20T03:30:00Z,20.4,0.00005,0.11465,21.92
2026-08-20T03:40:00Z,20.48,0.00242,0.1065,20.63
2026-08-20T03:50:00Z,20.66,0.00072,0.09023,19.29
2026-08-20T04:00:00Z,20.91,0.00005,0.07167,17.9
2026-08-20T04:10:00Z,21.01,0.00002,0.06537,16.47
2026-08-20T04:20:00Z,21.08,0.00001,0.06129,14.99
2026-08-20T04:30:00Z,21.15,0.00005,0.05746,13.47
2026-08-20T04:40:00Z,21.24,0.00025,0.05289,11.91
2026-08-20T04:50:00Z,21.36,0.00012,0.04735,10.32
2026-08-20T05:00:00Z,21.48,0.00024,0.0424,8.69
2026-08-20T05:10:00Z,21.53,0.0004,0.04049,7.04
2026-08-20T05:20:00Z,21.56,0.00002,0.03939,5.35
2026-08-20T05:30:00Z,21.64,0.00001,0.03659,3.64
2026-08-20T05:40:00Z,21.68,0.00282,0.03527,1.9
2026-08-20T05:50:00Z,21.7,0.00243,0.03462,0.13
2026-08-20T06:00:00Z,21.71,0.00205,0.03431,-1.65
2026-08-20T06:10:00Z,21.75,0.00052,0.03306,-3.46
2026-08-20T06:20:00Z,21.79,0.00057,0.03187,-5.28
2026-08-20T06:30:00Z,21.82,0.00062,0.031,-7.13
2026-08-20T06:40:00Z,21.84,0.00066,0.03043,-8.99
2026-08-20T06:50:00Z,21.86,0.00029,0.02988,-10.86
2026-08-20T07:00:00Z,21.88,0.00006,0.02933,-12.75
2026-08-20T07:10:00Z,21.91,0.00021,0.02853,-14.66
2026-08-20T07:20:00Z,21.93,0.00029,0.02801,-16.58
2026-08-20T07:30:00Z,21.95,0.00074,0.0275,-18.51
2026-08-20T07:40:00Z,21.99,0.00091,0.02651,-20.45
2026-08-20T07:50:00Z,22.02,0.00074,0.02578,-22.4
2026-08-20T08:00:00Z,22.07,0.00048,0.02462,-24.36
2026-08-20T08:10:00Z,22.11,0.00059,0.02373,-26.33
2026-08-20T08:20:00Z,22.14,0.00061,0.02309,-28.3
2026-08-20T08:30:00Z,22.16,0.00054,0.02267,-30.29
2026-08-20T08:40:00Z,22.19,0.00059,0.02205,-32.28
2026-08-20T08:50:00Z,22.22,0.00176,0.02145,-34.28
2026-08-20T09:00:00Z,22.25,0.00267,0.02086,-36.28
2026-08-20T09:10:00Z,22.25,0.00001,0.02086,-38.29
2026-08-20T09:20:00Z,22.24,0.00005,0.02106,-40.3
2026-08-20T09:30:00Z,22.24,0.00002,0.02106,-42.32
2026-08-20T09:40:00Z,22.27,0.00002,0.02048,-44.34
2026-08-20T09:50:00Z,22.29,0.00002,0.02011,-46.37
2026-08-20T10:00:00Z,22.3,0.00008,0.01992,-48.39
2026-08-20T10:10:00Z,22.32,0.00001,0.01956,-50.42
2026-08-20T10:20:00Z,22.33,0.00002,0.01938,-52.45
2026-08-20T10:30:00Z,22.31,0.00002,0.01974,-54.48
2026-08-20T10:40:00Z,22.3,0.00002,0.01992,-56.51
2026-08-20T10:50:00Z,22.29,0.00008,0.02011,-58.53
2026-08-20T11:00:00Z,22.29,0.00001,0.02011,-60.56
2026-08-20T11:10:00Z,22.28,0.00001,0.02029,-62.58
2026-08-20T11:20:00Z,22.26,0.00002,0.02067,-64.59
2026-08-20T11:30:00Z,22.23,0.00001,0.02125,-66.6
2026-08-20T11:40:00Z,22.04,0.00001,0.02531,-68.6
2026-08-20T11:50:00Z,21.4,0.00112,0.04564,-70.58
2026-08-20T12:00:00Z,20.01,0.0042,0.1642,-72.54
2026-08-20T12:10:00Z,18.16,0.0045,0.90233,-74.47
2026-08-20T12:20:00Z,15.88,0.0042,7.36827,-76.35
2026-08-20T12:30:00Z,13.22,0.00004,85.38186,-78.18
2026-08-21T02:10:00Z,8.99,0.0732,4201.12517,29.96
2026-08-21T02:20:00Z,11.27,0.002,514.47659,29.67
2026-08-21T02:30:00Z,14.23,0.00761,33.6795,29.28
2026-08-21T02:40:00Z,16.66,0.00265,3.59224,28.81
2026-08-21T02:50:00Z,18.76,0.00313,0.51924,28.26
2026-08-21T03:00:00Z,20.14,0.1602,0.14567,27.63
2026-08-21T03:10:00Z,20.57,0.0018,0.09803,26.91
2026-08-21T03:20:00Z,19.8,0.00018,0.19923,26.12
2026-08-21T03:30:00Z,19.62,0.03872,0.23516,25.26
2026-08-21T03:40:00Z,19.84,0.00181,0.19203,24.33
2026-08-21T03:50:00Z,20.52,0.00032,0.10265,23.33
2026-08-21T04:00:00Z,20.78,0.00338,0.08079,22.26
2026-08-21T04:10:00Z,20.81,0.05941,0.07859,21.13
2026-08-21T04:20:00Z,20.69,0.00113,0.08777,19.95
2026-08-21T04:30:00Z,20.16,0.0616,0.14301,18.71
2026-08-21T04:40:00Z,20.31,0.01682,0.12456,17.42
2026-08-21T04:50:00Z,20.99,0.0005,0.06658,16.08
2026-08-21T05:00:00Z,21.09,0.00012,0.06072,14.69
2026-08-21T05:10:00Z,21.19,0.00005,0.05538,13.26
2026-08-21T05:20:00Z,21.19,0.00085,0.05538,11.79
2026-08-21T05:30:00Z,21.14,0.00012,0.05799,10.28
2026-08-21T05:40:00Z,21.07,0.0303,0.06185,8.74
2026-08-21T05:50:00Z,21.11,0.06862,0.05962,7.16
2026-08-21T06:00:00Z,21.21,0.08782,0.05437,5.54
2026-08-21T06:10:00Z,21.3,0.05239,0.05005,3.9
2026-08-21T06:20:00Z,21.48,0.01605,0.0424,2.23
2026-08-21T06:30:00Z,21.65,0.00561,0.03625,0.53
2026-08-21T06:40:00Z,21.76,0.015,0.03276,-1.19
2026-08-21T06:50:00Z,21.93,0.03316,0.02801,-2.93
2026-08-21T07:00:00Z,22.02,0.03439,0.02578,-4.7
2026-08-21T07:10:00Z,22.05,0.02963,0.02508,-6.49
2026-08-21T07:20:00Z,22.08,0.02359,0.0244,-8.29
2026-08-21T07:30:00Z,22.11,0.00502,0.02373,-10.12
2026-08-21T07:40:00Z,22.12,0.00087,0.02352,-11.96
2026-08-21T07:50:00Z,22.12,0.001,0.02352,-13.81
2026-08-21T08:00:00Z,22.14,0.00121,0.02309,-15.69
2026-08-21T08:10:00Z,22.17,0.0012,0.02246,-17.57
2026-08-21T08:20:00Z,22.21,0.00158,0.02165,-19.47
2026-08-21T08:30:00Z,22.19,0.00139,0.02205,-21.38
2026-08-21T08:40:00Z,22.22,0.00148,0.02145,-23.3
2026-08-21T08:50:00Z,22.27,0.00211,0.02048,-25.23
2026-08-21T09:00:00Z,22.29,0.00192,0.02011,-27.17
2026-08-21T09:10:00Z,22.32,0.00013,0.01956,-29.12
2026-08-21T09:20:00Z,22.37,0.00008,0.01868,-31.08
2026-08-21T09:30:00Z,22.38,0.00001,0.01851,-33.05
2026-08-21T09:40:00Z,22.39,0.00018,0.01834,-35.02
2026-08-21T09:50:00Z,22.42,0.00008,0.01784,-37.01
2026-08-21T10:00:00Z,22.42,0.00002,0.01784,-38.99
2026-08-21T10:10:00Z,22.42,0.00013,0.01784,-40.99
2026-08-21T10:20:00Z,22.42,0.00005,0.01784,-42.98
2026-08-21T10:30:00Z,22.39,0.00001,0.01834,-44.99
2026-08-21T10:40:00Z,22.38,0.00004,0.01851,-46.99
2026-08-21T10:50:00Z,22.4,0.00013,0.01817,-49.01
2026-08-21T11:00:00Z,22.41,0.00001,0.018,-51.02
2026-08-21T11:10:00Z,22.39,0.00008,0.01834,-53.04
2026-08-21T11:20:00Z,22.36,0.00002,0.01885,-55.06
2026-08-21T11:30:00Z,22.31,0.00002,0.01974,-57.08
2026-08-21T11:40:00Z,22.16,0.00001,0.02267,-59.1
2026-08-21T11:50:00Z,21.56,0.00032,0.03939,-61.12
2026-08-21T12:00:00Z,20.23,0.00613,0.13408,-63.14
2026-08-21T12:10:00Z,18.38,0.00392,0.73683,-65.16
2026-08-21T12:20:00Z,16.14,0.0022,5.79917,-67.18
2026-08-21T12:30:00Z,13.44,0.00085,69.72132,-69.19
2026-08-22T02:10:00Z,9.75,0.01352,2086.2465,28.9
2026-08-22T02:20:00Z,11.98,0.03362,267.52577,29.06
2026-08-22T02:30:00Z,14.7,0.01458,21.84568,29.14
2026-08-22T02:40:00Z,17.39,0.05202,1.83386,29.13
2026-08-22T02:50:00Z,19.23,0.0022,0.33679,29.04
2026-08-22T03:00:00Z,19.68,0.02888,0.22252,28.85
2026-08-22T03:10:00Z,19.76,0.04418,0.20671,28.58
2026-08-22T03:20:00Z,19.68,0.00128,0.22252,28.22
2026-08-22T03:30:00Z,20.2,0.01201,0.13784,27.78
2026-08-22T03:40:00Z,20.38,0.0186,0.11678,27.26
2026-08-22T03:50:00Z,20.06,0.1264,0.15681,26.65
2026-08-22T04:00:00Z,19.73,0.1786,0.2125,25.97
2026-08-22T04:10:00Z,20,0.03872,0.16572,25.21
2026-08-22T04:20:00Z,19.28,0.00085,0.32164,24.38
2026-08-22T04:30:00Z,19.46,0.00001,0.2725,23.48
2026-08-22T04:40:00Z,19.66,0.04325,0.22666,22.51
2026-08-22T04:50:00Z,19.75,0.21841,0.20862,21.48
2026-08-22T05:00:00Z,19.73,0.17112,0.2125,20.39
2026-08-22T05:10:00Z,20.53,0.00162,0.10171,19.23
2026-08-22T05:20:00Z,20.06,0.02964,0.15681,18.03
2026-08-22T05:30:00Z,20.17,0.00144,0.1417,16.77
2026-08-22T05:40:00Z,20.68,0.44784,0.08859,15.46
2026-08-22T05:50:00Z,20.82,0.32617,0.07787,14.1
2026-08-22T06:00:00Z,20.76,0.31634,0.08229,12.7
2026-08-22T06:10:00Z,20.62,0.26669,0.09362,11.26
2026-08-22T06:20:00Z,20.81,0.24749,0.07859,9.78
2026-08-22T06:30:00Z,20.61,0.40154,0.09449,8.26
2026-08-22T06:40:00Z,20.59,0.35285,0.09624,6.71
2026-08-22T06:50:00Z,21.2,0.24931,0.05487,5.12
2026-08-22T07:00:00Z,21.4,0.21742,0.04564,3.51
2026-08-22T07:10:00Z,21.5,0.10315,0.04163,1.86
2026-08-22T07:20:00Z,21.67,0.1257,0.03559,0.19
2026-08-22T07:30:00Z,21.93,0.02448,0.02801,-1.51
2026-08-22T07:40:00Z,22.08,0.05228,0.0244,-3.23
2026-08-22T07:50:00Z,22.17,0.07937,0.02246,-4.98
2026-08-22T08:00:00Z,22.22,0.05883,0.02145,-6.74
2026-08-22T08:10:00Z,22.23,0.01456,0.02125,-8.53
2026-08-22T08:20:00Z,22.25,0.003,0.02086,-10.33
2026-08-22T08:30:00Z,22.31,0.00154,0.01974,-12.15
2026-08-22T08:40:00Z,22.34,0.00262,0.0192,-13.99
2026-08-22T08:50:00Z,22.36,0.01101,0.01885,-15.85
2026-08-22T09:00:00Z,22.36,0.01166,0.01885,-17.71
2026-08-22T09:10:00Z,22.36,0.00001,0.01885,-19.59
2026-08-22T09:20:00Z,22.29,0.00002,0.02011,-21.49
2026-08-22T09:30:00Z,22.29,0.00025,0.02011,-23.39
2026-08-22T09:40:00Z,22.27,0.00098,0.02048,-25.31
2026-08-22T09:50:00Z,22.26,0.00041,0.02067,-27.24
2026-08-22T10:00:00Z,22.27,0.00004,0.02048,-29.17
2026-08-22T10:10:00Z,22.27,0.00001,0.02048,-31.12
2026-08-22T10:20:00Z,22.27,0.00005,0.02048,-33.07
2026-08-22T10:30:00Z,22.27,0.00001,0.02048,-35.04
2026-08-22T10:40:00Z,22.26,0.00001,0.02067,-37
2026-08-22T10:50:00Z,22.25,0.00001,0.02086,-38.98
2026-08-22T11:00:00Z,22.25,0.00001,0.02086,-40.96
2026-08-22T11:10:00Z,22.23,0.00001,0.02125,-42.95
2026-08-22T11:20:00Z,22.19,0.00005,0.02205,-44.94
2026-08-22T11:30:00Z,22.18,0.00001,0.02225,-46.94
2026-08-22T11:40:00Z,22.12,0.00013,0.02352,-48.94
2026-08-22T11:50:00Z,21.41,0.00032,0.04522,-50.95
2026-08-22T12:00:00Z,20.03,0.018,0.1612,-52.96
2026-08-22T12:10:00Z,18.09,0.00002,0.96242,-54.97
2026-08-22T12:20:00Z,15.94,0.00061,6.97213,-56.99
2026-08-22T12:30:00Z,13.42,0.00613,71.01754,-59
2026-08-23T02:10:00Z,9.98,0.14964,1687.97349,26.83
2026-08-23T02:20:00Z,12.46,0.00024,171.93553,27.44
2026-08-23T02:30:00Z,15.64,0.018,9.19106,27.98
2026-08-23T02:40:00Z,17.79,0.00008,1.26872,28.43
2026-08-23T02:50:00Z,18.84,0.00685,0.48235,28.79
2026-08-23T03:00:00Z,19.39,0.00162,0.29065,29.07
2026-08-23T03:10:00Z,19.48,0.00128,0.26753,29.26
2026-08-23T03:20:00Z,19.48,0.0125,0.26753,29.36
2026-08-23T03:30:00Z,19.57,0.06272,0.24624,29.38
2026-08-23T03:40:00Z,19.59,0.01405,0.24175,29.3
2026-08-23T03:50:00Z,19.04,0.00032,0.4012,29.14
2026-08-23T04:00:00Z,19.04,0.00613,0.4012,28.89
2026-08-23T04:10:00Z,19.06,0.00968,0.39388,28.55
2026-08-23T04:20:00Z,19.18,0.0042,0.35267,28.13
2026-08-23T04:30:00Z,19.05,0.00544,0.39753,27.62
2026-08-23T04:40:00Z,19.11,0.00084,0.37615,27.04
2026-08-23T04:50:00Z,19.07,0.06498,0.39027,26.37
2026-08-23T05:00:00Z,19.26,0.03042,0.32762,25.63
2026-08-23T05:10:00Z,19.81,0.00013,0.19741,24.81
2026-08-23T05:20:00Z,19.58,0.02113,0.24399,23.92
2026-08-23T05:30:00Z,19.35,0.0045,0.30155,22.97
2026-08-23T05:40:00Z,19.07,0.93503,0.39027,21.95
2026-08-23T05:50:00Z,19.39,0.93571,0.29065,20.86
2026-08-23T06:00:00Z,20.01,0.69126,0.1642,19.72
2026-08-23T06:10:00Z,20.37,0.41342,0.11786,18.52
2026-08-23T06:20:00Z,19.98,0.37108,0.1688,17.27
2026-08-23T06:30:00Z,20.61,0.32498,0.09449,15.97
2026-08-23T06:40:00Z,20.69,0.19448,0.08777,14.62
2026-08-23T06:50:00Z,20.8,0.20078,0.07932,13.23
2026-08-23T07:00:00Z,20.87,0.18589,0.07436,11.79
2026-08-23T07:10:00Z,20.93,0.00166,0.07037,10.31
2026-08-23T07:20:00Z,21,0.00306,0.06597,8.8
2026-08-23T07:30:00Z,21.09,0.00957,0.06072,7.25
2026-08-23T07:40:00Z,21.2,0.01532,0.05487,5.67
2026-08-23T07:50:00Z,21.31,0.01954,0.04959,4.05
2026-08-23T08:00:00Z,21.47,0.01566,0.04279,2.41
2026-08-23T08:10:00Z,21.64,0.00803,0.03659,0.74
2026-08-23T08:20:00Z,21.84,0.00913,0.03043,-0.96
2026-08-23T08:30:00Z,22.01,0.02806,0.02602,-2.68
2026-08-23T08:40:00Z,22.15,0.05229,0.02288,-4.43
2026-08-23T08:50:00Z,22.22,0.06096,0.02145,-6.19
2026-08-23T09:00:00Z,22.26,0.04115,0.02067,-7.98
2026-08-23T09:10:00Z,22.27,0.00008,0.02048,-9.78
2026-08-23T09:20:00Z,22.27,0.00001,0.02048,-11.61
2026-08-23T09:30:00Z,22.28,0.00002,0.02029,-13.45
2026-08-23T09:40:00Z,22.28,0.00002,0.02029,-15.3
2026-08-23T09:50:00Z,22.29,0.00002,0.02011,-17.17
2026-08-23T10:00:00Z,22.28,0.00002,0.02029,-19.05
2026-08-23T10:10:00Z,22.31,0.00005,0.01974,-20.95
2026-08-23T10:20:00Z,22.32,0.00018,0.01956,-22.86
2026-08-23T10:30:00Z,22.3,0.00018,0.01992,-24.78
2026-08-23T10:40:00Z,22.3,0.00001,0.01992,-26.71
2026-08-23T10:50:00Z,22.34,0.00012,0.0192,-28.65
2026-08-23T11:00:00Z,22.35,0.00002,0.01903,-30.59
2026-08-23T11:10:00Z,22.34,0.00024,0.0192,-32.55
2026-08-23T11:20:00Z,22.34,0.00001,0.0192,-34.51
2026-08-23T11:30:00Z,22.34,0.00004,0.0192,-36.49
2026-08-23T11:40:00Z,22.23,0.00001,0.02125,-38.46
2026-08-23T11:50:00Z,21.68,0.0006,0.03527,-40.45
2026-08-23T12:00:00Z,20.38,0.00545,0.11678,-42.44
2026-08-23T12:10:00Z,18.56,0.0048,0.62426,-44.44
2026-08-23T12:20:00Z,16.41,0.00265,4.52237,-46.44
2026-08-23T12:30:00Z,13.8,0.00181,50.04557,-48.44
2026-08-24T02:10:00Z,10.27,0.03872,1292.30678,23.88
2026-08-24T02:20:00Z,12.54,0.03042,159.72232,24.89
2026-08-24T02:30:00Z,15.3,0.018,12.57088,25.84
2026-08-24T02:40:00Z,17.67,0.00072,1.41699,26.72
2026-08-24T02:50:00Z,18.87,0.00512,0.46921,27.52
2026-08-24T03:00:00Z,19.5,0.00004,0.26264,28.25
2026-08-24T03:10:00Z,19.68,0.00265,0.22252,28.89
2026-08-24T03:20:00Z,19.73,0.03362,0.2125,29.46
2026-08-24T03:30:00Z,19.68,0.01104,0.22252,29.94
2026-08-24T03:40:00Z,19.3,0.002,0.31577,30.33
2026-08-24T03:50:00Z,19.41,0.00113,0.28534,30.64
2026-08-24T04:00:00Z,19.54,0.00002,0.25314,30.85
2026-08-24T04:10:00Z,19.49,0.0006,0.26507,30.97
2026-08-24T04:20:00Z,19.41,0.00008,0.28534,31.01
2026-08-24T04:30:00Z,19.32,0.00392,0.31,30.95
2026-08-24T04:40:00Z,19.11,0.00098,0.37615,30.79
2026-08-24T04:50:00Z,18.82,0.00085,0.49132,30.55
2026-08-24T05:00:00Z,18.73,0.002,0.53378,30.22
2026-08-24T05:10:00Z,18.7,0.00004,0.54874,29.8
2026-08-24T05:20:00Z,18.6,0.00001,0.60168,29.29
2026-08-24T05:30:00Z,18.63,0.00924,0.58528,28.7
2026-08-24T05:40:00Z,18.82,0.40075,0.49132,28.03
2026-08-24T05:50:00Z,19.18,0.33271,0.35267,27.28
2026-08-24T06:00:00Z,19.28,0.20966,0.32164,26.45
2026-08-24T06:10:00Z,19.9,0.47725,0.1817,25.55
2026-08-24T06:20:00Z,20.17,0.83693,0.1417,24.58
2026-08-24T06:30:00Z,19.98,0.93331,0.1688,23.54
2026-08-24T06:40:00Z,19.77,0.66756,0.20482,22.44
2026-08-24T06:50:00Z,19.54,0.32585,0.25314,21.28
2026-08-24T07:00:00Z,19.3,0.30946,0.31577,20.06
2026-08-24T07:10:00Z,19.5,0.26552,0.26264,18.79
2026-08-24T07:20:00Z,19.8,0.26304,0.19923,17.47
2026-08-24T07:30:00Z,19.44,0.24375,0.27757,16.09
2026-08-24T07:40:00Z,19.56,0.19652,0.24852,14.68
2026-08-24T07:50:00Z,19.88,0.21872,0.18508,13.22
2026-08-24T08:00:00Z,20.15,0.22424,0.14433,11.72
2026-08-24T08:10:00Z,20.24,0.14009,0.13285,10.18
2026-08-24T08:20:00Z,20.08,0.20281,0.15395,8.6
2026-08-24T08:30:00Z,20.2,0.27803,0.13784,7
2026-08-24T08:40:00Z,20.55,0.30958,0.09985,5.36
2026-08-24T08:50:00Z,20.96,0.20901,0.06845,3.69
2026-08-24T09:00:00Z,21.26,0.02553,0.05192,1.99
2026-08-24T09:10:00Z,21.51,0.00145,0.04124,0.27
2026-08-24T09:20:00Z,21.86,0.00018,0.02988,-1.47
2026-08-24T09:30:00Z,22.13,0.00112,0.0233,-3.24
2026-08-24T09:40:00Z,22.28,0.00162,0.02029,-5.03
2026-08-24T09:50:00Z,22.33,0.00008,0.01938,-6.84
2026-08-24T10:00:00Z,22.35,0.00002,0.01903,-8.67
2026-08-24T10:10:00Z,22.37,0.00024,0.01868,-10.51
2026-08-24T10:20:00Z,22.37,0.00005,0.01868,-12.37
2026-08-24T10:30:00Z,22.4,0.00002,0.01817,-14.25
2026-08-24T10:40:00Z,22.39,0.00012,0.01834,-16.14
2026-08-24T10:50:00Z,22.39,0.00024,0.01834,-18.04
2026-08-24T11:00:00Z,22.41,0.00012,0.018,-19.96
2026-08-24T11:10:00Z,22.41,0.00001,0.018,-21.89
2026-08-24T11:20:00Z,22.39,0.00008,0.01834,-23.82
2026-08-24T11:30:00Z,22.35,0.00001,0.01903,-25.77
2026-08-24T11:40:00Z,22.25,0.00001,0.02086,-27.73
2026-08-24T11:50:00Z,21.81,0.00008,0.03129,-29.69
2026-08-24T12:00:00Z,20.59,0.00392,0.09624,-31.67
2026-08-24T12:10:00Z,18.74,0.00968,0.52889,-33.65
2026-08-24T12:20:00Z,16.5,0.00112,4.16261,-35.64
2026-08-24T12:30:00Z,13.81,0.00288,49.58675,-37.63
2026-08-25T02:10:00Z,10.32,0.0174,1234.14339,20.14
2026-08-25T02:20:00Z,12.78,0.00481,128.04588,21.5
2026-08-25T02:30:00Z,15.41,0.00072,11.35967,22.81
2026-08-25T02:40:00Z,17.62,0.008,1.48377,24.07
2026-08-25T02:50:00Z,19.1,0.00112,0.37963,25.26
2026-08-25T03:00:00Z,19.73,0.00761,0.2125,26.4
2026-08-25T03:10:00Z,19.91,0.0005,0.18004,27.46
2026-08-25T03:20:00Z,19.79,0.00008,0.20108,28.46
2026-08-25T03:30:00Z,19.76,0.00018,0.20671,29.39
2026-08-25T03:40:00Z,19.72,0.00018,0.21447,30.23
2026-08-25T03:50:00Z,19.71,0.00013,0.21645,31
2026-08-25T04:00:00Z,19.67,0.002,0.22458,31.69
2026-08-25T04:10:00Z,19.54,0.04325,0.25314,32.29
2026-08-25T04:20:00Z,19.37,0.06728,0.29605,32.8
2026-08-25T04:30:00Z,18.96,0.032,0.43188,33.22
2026-08-25T04:40:00Z,19.24,0.00288,0.33371,33.54
2026-08-25T04:50:00Z,19.05,0.00685,0.39753,33.77
2026-08-25T05:00:00Z,19.19,0.00392,0.34943,33.9
2026-08-25T05:10:00Z,19.42,0.00128,0.28273,33.94
2026-08-25T05:20:00Z,19.37,0.0045,0.29605,33.87
2026-08-25T05:30:00Z,19.32,0.00145,0.31,33.72
2026-08-25T05:40:00Z,19.43,0.02834,0.28013,33.46
2026-08-25T05:50:00Z,19.4,0.00891,0.28798,33.11
2026-08-25T06:00:00Z,19.4,0.00661,0.28798,32.67
2026-08-25T06:10:00Z,19.41,0.0072,0.28534,32.13
2026-08-25T06:20:00Z,19.45,0.01034,0.27502,31.51
2026-08-25T06:30:00Z,19.5,0.00641,0.26264,30.8
2026-08-25T06:40:00Z,19.55,0.00288,0.25082,30.01
2026-08-25T06:50:00Z,19.62,0.00069,0.23516,29.14
2026-08-25T07:00:00Z,19.69,0.00046,0.22048,28.19
2026-08-25T07:10:00Z,19.74,0.00047,0.21056,27.17
2026-08-25T07:20:00Z,19.79,0.00045,0.20108,26.08
2026-08-25T07:30:00Z,19.84,0.00039,0.19203,24.93
2026-08-25T07:40:00Z,19.9,0.00075,0.1817,23.72
2026-08-25T07:50:00Z,19.96,0.00075,0.17194,22.44
2026-08-25T08:00:00Z,20.03,0.00071,0.1612,21.12
2026-08-25T08:10:00Z,20.1,0.00055,0.15114,19.74
2026-08-25T08:20:00Z,20.17,0.00045,0.1417,18.31
2026-08-25T08:30:00Z,20.25,0.00019,0.13163,16.84
2026-08-25T08:40:00Z,20.33,0.00012,0.12228,15.33
2026-08-25T08:50:00Z,20.41,0.00006,0.1136,13.77
2026-08-25T09:00:00Z,20.48,0.00035,0.1065,12.18
2026-08-25T09:10:00Z,20.56,0.00001,0.09894,10.55
2026-08-25T09:20:00Z,20.64,0.00002,0.09191,8.9
2026-08-25T09:30:00Z,20.74,0.00001,0.08382,7.21
2026-08-25T09:40:00Z,20.9,0.00002,0.07234,5.49
2026-08-25T09:50:00Z,21.05,0.00008,0.063,3.75
2026-08-25T10:00:00Z,21.25,0.00024,0.0524,1.98
2026-08-25T10:10:00Z,21.54,0.00018,0.04012,0.19
2026-08-25T10:20:00Z,21.82,0.00008,0.031,-1.63
2026-08-25T10:30:00Z,22.16,0.0005,0.02267,-3.46
2026-08-25T10:40:00Z,22.43,0.00025,0.01768,-5.31
2026-08-25T10:50:00Z,22.47,0.00084,0.01704,-7.18
2026-08-25T11:00:00Z,22.46,0.00128,0.01719,-9.06
2026-08-25T11:10:00Z,22.46,0.00162,0.01719,-10.96
2026-08-25T11:20:00Z,22.46,0.00018,0.01719,-12.87
2026-08-25T11:30:00Z,22.43,0.00001,0.01768,-14.8
2026-08-25T11:40:00Z,22.31,0.00004,0.01974,-16.74
2026-08-25T11:50:00Z,21.79,0.00018,0.03187,-18.69
2026-08-25T12:00:00Z,20.47,0.0048,0.10749,-20.65
2026-08-25T12:10:00Z,18.58,0.008,0.61287,-22.61
2026-08-25T12:20:00Z,16.45,0.00265,4.35879,-24.59
2026-08-25T12:30:00Z,13.9,0.00545,45.6421,-26.57
2026-08-26T02:10:00Z,10.08,0.00544,1539.45012,15.75
2026-08-26T02:20:00Z,12.92,0.0076,112.55521,17.39
2026-08-26T02:30:00Z,15.57,0.0006,9.80315,19
2026-08-26T02:40:00Z,17.7,0.02112,1.37837,20.56
2026-08-26T02:50:00Z,18.92,0.0006,0.44809,22.09
2026-08-26T03:00:00Z,19.34,0.0018,0.30434,23.56
2026-08-26T03:10:00Z,19.61,0.00018,0.23734,24.99
2026-08-26T03:20:00Z,19.62,0.00002,0.23516,26.37
2026-08-26T03:30:00Z,19.56,0.00001,0.24852,27.69
2026-08-26T03:40:00Z,19.49,0.00005,0.26507,28.95
2026-08-26T03:50:00Z,19.43,0.00008,0.28013,30.14
2026-08-26T04:00:00Z,19.38,0.00002,0.29334,31.27
2026-08-26T04:10:00Z,19.31,0.00001,0.31287,32.32
2026-08-26T04:20:00Z,19.26,0.00001,0.32762,33.3
2026-08-26T04:30:00Z,19.21,0.00002,0.34306,34.19
2026-08-26T04:40:00Z,19.15,0.00002,0.36255,35
2026-08-26T04:50:00Z,19.09,0.00001,0.38315,35.72
2026-08-26T05:00:00Z,19.05,0.00001,0.39753,36.35
2026-08-26T05:10:00Z,19.01,0.00001,0.41244,36.89
2026-08-26T05:20:00Z,18.98,0.00001,0.424,37.32
2026-08-26T05:30:00Z,18.96,0.00001,0.43188,37.65
2026-08-26T05:40:00Z,18.94,0.00111,0.43991,37.88
2026-08-26T05:50:00Z,18.93,0.00049,0.44398,38
2026-08-26T06:00:00Z,18.92,0.00015,0.44809,38.02
2026-08-26T06:10:00Z,18.91,0.00015,0.45224,37.93
2026-08-26T06:20:00Z,18.9,0.00015,0.45642,37.73
2026-08-26T06:30:00Z,18.88,0.00012,0.46491,37.43
2026-08-26T06:40:00Z,18.86,0.00172,0.47355,37.03
2026-08-26T06:50:00Z,18.85,0.00891,0.47793,36.53
2026-08-26T07:00:00Z,18.84,0.01906,0.48235,35.93
2026-08-26T07:10:00Z,18.77,0.02371,0.51448,35.24
2026-08-26T07:20:00Z,18.89,0.02159,0.46064,34.45
2026-08-26T07:30:00Z,18.95,0.01705,0.43588,33.58
2026-08-26T07:40:00Z,19,0.01225,0.41626,32.63
2026-08-26T07:50:00Z,19.05,0.00596,0.39753,31.6
2026-08-26T08:00:00Z,19.13,0.00756,0.36929,30.5
2026-08-26T08:10:00Z,19.25,0.00505,0.33065,29.32
2026-08-26T08:20:00Z,19.36,0.00258,0.29879,28.08
2026-08-26T08:30:00Z,19.45,0.00278,0.27502,26.78
2026-08-26T08:40:00Z,19.52,0.00304,0.25785,25.42
2026-08-26T08:50:00Z,19.6,0.00094,0.23953,24.01
2026-08-26T09:00:00Z,19.67,0.0002,0.22458,22.54
2026-08-26T09:10:00Z,19.75,0.00002,0.20862,21.03
2026-08-26T09:20:00Z,19.84,0.00002,0.19203,19.48
2026-08-26T09:30:00Z,19.91,0.00001,0.18004,17.88
2026-08-26T09:40:00Z,19.99,0.00005,0.16725,16.25
2026-08-26T09:50:00Z,20.07,0.00004,0.15537,14.58
2026-08-26T10:00:00Z,20.14,0.00001,0.14567,12.88
2026-08-26T10:10:00Z,20.22,0.00001,0.13532,11.15
2026-08-26T10:20:00Z,20.3,0.00002,0.12571,9.39
2026-08-26T10:30:00Z,20.4,0.00001,0.11465,7.6
2026-08-26T10:40:00Z,20.52,0.00002,0.10265,5.79
2026-08-26T10:50:00Z,20.67,0.00001,0.08941,3.96
2026-08-26T11:00:00Z,20.9,0.00001,0.07234,2.11
2026-08-26T11:10:00Z,21.22,0.00012,0.05387,0.24
2026-08-26T11:20:00Z,21.64,0.00001,0.03659,-1.65
2026-08-26T11:30:00Z,22.03,0.00001,0.02555,-3.56
2026-08-26T11:40:00Z,22.13,0.00085,0.0233,-5.48
2026-08-26T11:50:00Z,21.77,0.00338,0.03246,-7.41
2026-08-26T12:00:00Z,20.64,0.00145,0.09191,-9.36
2026-08-26T12:10:00Z,18.85,0.0048,0.47793,-11.31
2026-08-26T12:20:00Z,16.73,0.0006,3.36795,-13.28
2026-08-26T12:30:00Z,14.12,0.00545,37.27053,-15.26
2026-08-27T02:00:00Z,8.55,0.00968,6300.36372,8.93
2026-08-27T02:10:00Z,10.8,0.02738,793.1688,10.81
2026-08-27T02:20:00Z,13.5,0.00098,65.97291,12.67
2026-08-27T02:30:00Z,16.21,0.00024,5.43708,14.5
2026-08-27T02:40:00Z,18.19,0.00968,0.87774,16.31
2026-08-27T02:50:00Z,19.3,0.0048,0.31577,18.09
2026-08-27T03:00:00Z,19.61,0.00012,0.23734,19.84
2026-08-27T03:10:00Z,19.56,0.00002,0.24852,21.55
2026-08-27T03:20:00Z,19.46,0.00001,0.2725,23.23
2026-08-27T03:30:00Z,19.36,0.00001,0.29879,24.87
2026-08-27T03:40:00Z,19.28,0.00002,0.32164,26.47
2026-08-27T03:50:00Z,19.21,0.00004,0.34306,28.02
2026-08-27T04:00:00Z,19.14,0.00001,0.3659,29.52
2026-08-27T04:10:00Z,19.05,0.00005,0.39753,30.97
2026-08-27T04:20:00Z,18.97,0.00002,0.42792,32.36
2026-08-27T04:30:00Z,18.9,0.00001,0.45642,33.69
2026-08-27T04:40:00Z,18.81,0.00001,0.49587,34.95
2026-08-27T04:50:00Z,18.72,0.00001,0.53872,36.14
2026-08-27T05:00:00Z,18.64,0.00032,0.57992,37.25
2026-08-27T05:10:00Z,18.56,0.00612,0.62426,38.28
2026-08-27T05:20:00Z,18.48,0.01568,0.67199,39.23
2026-08-27T05:30:00Z,18.48,0.04306,0.67199,40.07
2026-08-27T05:40:00Z,18.21,0.04246,0.86172,40.83
2026-08-27T05:50:00Z,18.23,0.04439,0.84599,41.48
2026-08-27T06:00:00Z,18.34,0.06066,0.76448,42.02
2026-08-27T06:10:00Z,18.18,0.05925,0.88586,42.45
2026-08-27T06:20:00Z,18.19,0.01989,0.87774,42.77
2026-08-27T06:30:00Z,18.29,0.01943,0.80051,42.97
2026-08-27T06:40:00Z,18.28,0.01959,0.80791,43.06
2026-08-27T06:50:00Z,18.26,0.01409,0.82294,43.03
2026-08-27T07:00:00Z,18.25,0.01806,0.83055,42.88
2026-08-27T07:10:00Z,18.22,0.00492,0.85382,42.61
2026-08-27T07:20:00Z,18.18,0.03368,0.88586,42.23
2026-08-27T07:30:00Z,18.09,0.03108,0.96242,41.74
2026-08-27T07:40:00Z,18.14,0.02956,0.91911,41.14
2026-08-27T07:50:00Z,17.86,0.19934,1.1895,40.44
2026-08-27T08:00:00Z,17.87,0.23157,1.1786,39.63
2026-08-27T08:10:00Z,17.9,0.20049,1.14648,38.73
2026-08-27T08:20:00Z,18.32,0.22465,0.77869,37.74
2026-08-27T08:30:00Z,18.29,0.10659,0.80051,36.67
2026-08-27T08:40:00Z,18.32,0.08114,0.77869,35.52
2026-08-27T08:50:00Z,18.69,0.20387,0.55382,34.29
2026-08-27T09:00:00Z,18.94,0.20622,0.43991,32.99
2026-08-27T09:10:00Z,19.05,0.01058,0.39753,31.63
2026-08-27T09:20:00Z,18.76,0.00002,0.51924,30.21
2026-08-27T09:30:00Z,18.88,0.00338,0.46491,28.73
2026-08-27T09:40:00Z,18.95,0.03281,0.43588,27.2
2026-08-27T09:50:00Z,19.04,0.01058,0.4012,25.63
2026-08-27T10:00:00Z,19.07,0.00025,0.39027,24.01
2026-08-27T10:10:00Z,19.08,0.00032,0.38669,22.35
2026-08-27T10:20:00Z,18.8,0.00008,0.50046,20.65
2026-08-27T10:30:00Z,18.6,0.00364,0.60168,18.92
2026-08-27T10:40:00Z,19.02,0.00684,0.40866,17.16
2026-08-27T10:50:00Z,19.33,0.01458,0.30716,15.37
2026-08-27T11:00:00Z,19.38,0.02664,0.29334,13.56
2026-08-27T11:10:00Z,19.85,0.00112,0.19027,11.72
2026-08-27T11:20:00Z,19.92,0.02312,0.17839,9.85
2026-08-27T11:30:00Z,20.02,0.03362,0.16269,7.97
2026-08-27T11:40:00Z,19.61,0.00924,0.23734,6.07
2026-08-27T11:50:00Z,19.43,0.01458,0.28013,4.15
2026-08-27T12:00:00Z,19.54,0.02738,0.25314,2.22
2026-08-27T12:10:00Z,18.48,0.00018,0.67199,0.27
2026-08-27T12:20:00Z,16.62,0.10658,3.72705,-1.69
2026-08-27T12:30:00Z,14.17,0.00685,35.59308,-3.66
2026-08-28T02:00:00Z,10.17,0.01568,1416.9862,3.46
2026-08-28T02:10:00Z,12.14,0.01352,230.869,5.47
2026-08-28T02:20:00Z,14.53,0.16562,25.54851,7.47
2026-08-28T02:30:00Z,16.78,0.01301,3.21637,9.46
2026-08-28T02:40:00Z,19.41,0.0405,0.28534,11.43
2026-08-28T02:50:00Z,20.6,0.03528,0.09536,13.39
2026-08-28T03:00:00Z,20.86,0.24865,0.07505,15.32
2026-08-28T03:10:00Z,21.09,0.11552,0.06072,17.24
2026-08-28T03:20:00Z,22.13,0.00722,0.0233,19.14
2026-08-28T03:30:00Z,21.75,0.00242,0.03306,21.02
2026-08-28T03:40:00Z,21.47,0.00312,0.04279,22.87
2026-08-28T03:50:00Z,21.67,0.07442,0.03559,24.69
2026-08-28T04:00:00Z,22.13,0.00128,0.0233,26.48
2026-08-28T04:10:00Z,23.1,0.0605,0.00954,28.24
2026-08-28T04:20:00Z,23.36,0.14792,0.00751,29.95
2026-08-28T04:30:00Z,23.07,0.02048,0.0098,31.63
2026-08-28T04:40:00Z,23.33,0.072,0.00772,33.26
2026-08-28T04:50:00Z,22.42,0.01513,0.01784,34.85
2026-08-28T05:00:00Z,20.98,0.00024,0.0672,36.37
2026-08-28T05:10:00Z,20.21,0.00112,0.13657,37.84
2026-08-28T05:20:00Z,19.56,0.02112,0.24852,39.25
2026-08-28T05:30:00Z,18.96,0.88545,0.43188,40.58
2026-08-28T05:40:00Z,18.56,0.44354,0.62426,41.84
2026-08-28T05:50:00Z,17.71,0.41608,1.36573,43.02
2026-08-28T06:00:00Z,17.71,0.41686,1.36573,44.1
2026-08-28T06:10:00Z,17.45,0.42021,1.73526,45.09
2026-08-28T06:20:00Z,17.15,0.31843,2.28752,45.98
2026-08-28T06:30:00Z,17.04,0.05456,2.53143,46.75
2026-08-28T06:40:00Z,17.04,0.0794,2.53143,47.42
2026-08-28T06:50:00Z,16.9,0.07978,2.87982,47.96
2026-08-28T07:00:00Z,16.61,0.05472,3.76154,48.37
2026-08-28T07:10:00Z,16.7,0.06174,3.46231,48.66
2026-08-28T07:20:00Z,16.72,0.07136,3.39911,48.81
2026-08-28T07:30:00Z,16.63,0.03856,3.69288,48.83
2026-08-28T07:40:00Z,16.63,0.02566,3.69288,48.71
2026-08-28T07:50:00Z,16.65,0.03866,3.62548,48.47
2026-08-28T08:00:00Z,16.58,0.03959,3.86692,48.09
2026-08-28T08:10:00Z,16.76,0.04876,3.27616,47.58
2026-08-28T08:20:00Z,16.82,0.0778,3.10003,46.96
2026-08-28T08:30:00Z,16.66,0.07798,3.59224,46.21
2026-08-28T08:40:00Z,16.58,0.14155,3.86692,45.36
2026-08-28T08:50:00Z,16.46,0.3305,4.31883,44.4
2026-08-28T09:00:00Z,16.66,0.36136,3.59224,43.34
2026-08-28T09:10:00Z,16.9,0.00648,2.87982,42.19
2026-08-28T09:20:00Z,17.26,0.00392,2.06712,40.96
2026-08-28T09:30:00Z,16.68,0.00032,3.52668,39.65
2026-08-28T09:40:00Z,17.12,0.05618,2.35161,38.27
2026-08-28T09:50:00Z,18,0.19208,1.0456,36.82
2026-08-28T10:00:00Z,18.21,0.01682,0.86172,35.31
2026-08-28T10:10:00Z,18.04,0.06161,1.00778,33.75
2026-08-28T10:20:00Z,18.13,0.00421,0.92761,32.14
2026-08-28T10:30:00Z,18.2,0.02048,0.86969,30.48
2026-08-28T10:40:00Z,18.29,0.00392,0.80051,28.78
2026-08-28T10:50:00Z,18.38,0.00008,0.73683,27.04
2026-08-28T11:00:00Z,18.43,0.00002,0.70366,25.27
2026-08-28T11:10:00Z,18.53,0.00008,0.64175,23.47
2026-08-28T11:20:00Z,18.65,0.00041,0.5746,21.63
2026-08-28T11:30:00Z,18.77,0.00004,0.51448,19.78
2026-08-28T11:40:00Z,18.91,0.00002,0.45224,17.89
2026-08-28T11:50:00Z,18.98,0.00002,0.424,15.99
2026-08-28T12:00:00Z,18.95,0.00041,0.43588,14.07
2026-08-28T12:10:00Z,18.34,0.00005,0.76448,12.13
2026-08-28T12:20:00Z,16.76,0.01152,3.27616,10.18
2026-08-28T12:30:00Z,14.41,0.0076,28.53419,8.21
2026-08-29T02:00:00Z,9.44,0.00392,2775.65588,-2.21
2026-08-29T02:10:00Z,11.74,0.0328,333.70723,-0.13
2026-08-29T02:20:00Z,14.37,0.00392,29.60504,1.94
2026-08-29T02:30:00Z,17.05,0.0045,2.50822,4
2026-08-29T02:40:00Z,18.97,0.01352,0.42792,6.07
2026-08-29T02:50:00Z,19.85,0.00181,0.19027,8.12
2026-08-29T03:00:00Z,19.99,0.00005,0.16725,10.17
2026-08-29T03:10:00Z,19.91,0.00145,0.18004,12.21
2026-08-29T03:20:00Z,19.8,0.00001,0.19923,14.24
2026-08-29T03:30:00Z,19.69,0.01058,0.22048,16.27
2026-08-29T03:40:00Z,19.41,0.0018,0.28534,18.27
2026-08-29T03:50:00Z,18.95,0.03612,0.43588,20.27
2026-08-29T04:00:00Z,18.77,0.01682,0.51448,22.25
2026-08-29T04:10:00Z,19.06,0.00968,0.39388,24.21
2026-08-29T04:20:00Z,18.97,0.0045,0.42792,26.15
2026-08-29T04:30:00Z,19.08,0.0004,0.38669,28.07
2026-08-29T04:40:00Z,18.95,0.00001,0.43588,29.96
2026-08-29T04:50:00Z,18.88,0.00032,0.46491,31.83
2026-08-29T05:00:00Z,18.78,0.00012,0.50976,33.67
2026-08-29T05:10:00Z,18.64,0.00002,0.57992,35.47
2026-08-29T05:20:00Z,18.54,0.00002,0.63587,37.23
2026-08-29T05:30:00Z,18.43,0.00095,0.70366,38.95
2026-08-29T05:40:00Z,18.33,0.00179,0.77155,40.62
2026-08-29T05:50:00Z,18.22,0.00132,0.85382,42.24
2026-08-29T06:00:00Z,18.13,0.00215,0.92761,43.79
2026-08-29T06:10:00Z,18.05,0.00172,0.99854,45.28
2026-08-29T06:20:00Z,17.97,0.00154,1.07489,46.7
2026-08-29T06:30:00Z,17.9,0.00087,1.14648,48.04
2026-08-29T06:40:00Z,17.82,0.00079,1.23414,49.29
2026-08-29T06:50:00Z,17.76,0.00068,1.30426,50.44
2026-08-29T07:00:00Z,17.7,0.00092,1.37837,51.49
2026-08-29T07:10:00Z,17.64,0.00126,1.45668,52.41
2026-08-29T07:20:00Z,17.58,0.00195,1.53945,53.22
2026-08-29T07:30:00Z,17.54,0.00301,1.59722,53.89
2026-08-29T07:40:00Z,17.5,0.09864,1.65716,54.42
2026-08-29T07:50:00Z,17.48,0.16839,1.68797,54.8
2026-08-29T08:00:00Z,17.46,0.20619,1.71936,55.03
2026-08-29T08:10:00Z,16.99,0.29441,2.65073,55.1
2026-08-29T08:20:00Z,16.78,0.31872,3.21637,55.02
2026-08-29T08:30:00Z,17.15,0.48101,2.28752,54.78
2026-08-29T08:40:00Z,17.24,0.45979,2.10555,54.39
2026-08-29T08:50:00Z,17.13,0.32788,2.33005,53.85
2026-08-29T09:00:00Z,17.53,0.32732,1.612,53.18
2026-08-29T09:10:00Z,16.93,0.2038,2.80134,52.37
2026-08-29T09:20:00Z,17.04,0.11401,2.53143,51.44
2026-08-29T09:30:00Z,17.19,0.14621,2.20478,50.39
2026-08-29T09:40:00Z,17.07,0.02244,2.46244,49.24
2026-08-29T09:50:00Z,17.34,0.00481,1.92028,47.99
2026-08-29T10:00:00Z,17.47,0.02178,1.70359,46.65
2026-08-29T10:10:00Z,17.44,0.01405,1.75132,45.23
2026-08-29T10:20:00Z,17.71,0.00002,1.36573,43.74
2026-08-29T10:30:00Z,17.95,0.01058,1.09488,42.19
2026-08-29T10:40:00Z,18.05,0.00544,0.99854,40.58
2026-08-29T10:50:00Z,18.38,0.0006,0.73683,38.92
2026-08-29T11:00:00Z,18.55,0.00684,0.63004,37.2
2026-08-29T11:10:00Z,18.65,0.0076,0.5746,35.45
2026-08-29T11:20:00Z,18.74,0.0004,0.52889,33.66
2026-08-29T11:30:00Z,18.83,0.00018,0.48682,31.84
2026-08-29T11:40:00Z,18.9,0.00001,0.45642,29.98
2026-08-29T11:50:00Z,18.48,0.00002,0.67199,28.1
2026-08-29T12:00:00Z,17.83,0.01105,1.22283,26.2
2026-08-29T12:10:00Z,17.64,0.00338,1.45668,24.28
2026-08-29T12:20:00Z,16.65,0.02381,3.62548,22.33
2026-08-29T12:30:00Z,14.38,0.07938,29.33362,20.37
2026-08-29T12:40:00Z,11.75,0.01152,330.64779,18.4
2026-08-30T02:00:00Z,9.74,0.02113,2105.5503,-7.91
2026-08-30T02:10:00Z,11.74,0.0405,333.70723,-5.85
2026-08-30T02:20:00Z,14.44,0.00313,27.75656,-3.78
2026-08-30T02:30:00Z,17.19,0.02381,2.20478,-1.71
2026-08-30T02:40:00Z,19.09,0.05725,0.38315,0.37
2026-08-30T02:50:00Z,20.39,0.0005,0.11571,2.45
2026-08-30T03:00:00Z,20.4,0.00001,0.11465,4.53
2026-08-30T03:10:00Z,20.19,0.00025,0.13911,6.61
2026-08-30T03:20:00Z,19.86,0.03613,0.18852,8.7
2026-08-30T03:30:00Z,19.42,0.03698,0.28273,10.78
2026-08-30T03:40:00Z,18.8,0.02048,0.50046,12.86
2026-08-30T03:50:00Z,18.85,0.03444,0.47793,14.93
2026-08-30T04:00:00Z,18.71,0.00338,0.54371,17
2026-08-30T04:10:00Z,19.02,0.17861,0.40866,19.07
2026-08-30T04:20:00Z,18.95,0.032,0.43588,21.13
2026-08-30T04:30:00Z,18.24,0.22684,0.83823,23.18
2026-08-30T04:40:00Z,18.78,0.13778,0.50976,25.22
2026-08-30T04:50:00Z,19.77,0.0125,0.20482,27.25
2026-08-30T05:00:00Z,19.08,0.0004,0.38669,29.27
2026-08-30T05:10:00Z,18.37,0.02245,0.74364,31.27
2026-08-30T05:20:00Z,18.14,0.00578,0.91911,33.26
2026-08-30T05:30:00Z,18.3,0.70588,0.79317,35.22
2026-08-30T05:40:00Z,18.18,0.40539,0.88586,37.16
2026-08-30T05:50:00Z,18.12,0.30829,0.93619,39.08
2026-08-30T06:00:00Z,17.75,0.32552,1.31633,40.96
2026-08-30T06:10:00Z,18.11,0.461,0.94486,42.81
2026-08-30T06:20:00Z,18.45,0.51463,0.69082,44.62
2026-08-30T06:30:00Z,18.46,0.52114,0.68449,46.39
2026-08-30T06:40:00Z,17.85,0.52988,1.20051,48.11
2026-08-30T06:50:00Z,17.81,0.31283,1.24556,49.77
2026-08-30T07:00:00Z,18.14,0.35899,0.91911,51.37
2026-08-30T07:10:00Z,17.95,0.56668,1.09488,52.89
2026-08-30T07:20:00Z,17.86,0.57774,1.1895,54.33
2026-08-30T07:30:00Z,17.29,0.65515,2.01078,55.68
2026-08-30T07:40:00Z,16.83,0.99437,3.07161,56.92
2026-08-30T07:50:00Z,16.84,1.38552,3.04345,58.04
2026-08-30T08:00:00Z,17.32,1.10581,1.95599,59.03
2026-08-30T08:10:00Z,17.54,0.85211,1.59722,59.88
2026-08-30T08:20:00Z,17.88,1.39581,1.16779,60.56
2026-08-30T08:30:00Z,17.76,1.24069,1.30426,61.08
2026-08-30T08:40:00Z,17.06,0.67698,2.48522,61.42
2026-08-30T08:50:00Z,16.71,1.19157,3.43056,61.58
2026-08-30T09:00:00Z,16.96,1.28399,2.72499,61.54
2026-08-30T09:10:00Z,16.9,1.07535,2.87982,61.33
2026-08-30T09:20:00Z,17.7,0.0414,1.37837,60.93
2026-08-30T09:30:00Z,17.35,0.06844,1.90268,60.35
2026-08-30T09:40:00Z,16.86,0.20201,2.9879,59.61
2026-08-30T09:50:00Z,17.18,0.051,2.22518,58.72
2026-08-30T10:00:00Z,17.21,0.04513,2.16454,57.69
2026-08-30T10:10:00Z,17.22,0.0605,2.1447,56.53
2026-08-30T10:20:00Z,17.61,0.00365,1.4975,55.26
2026-08-30T10:30:00Z,17.85,0.008,1.20051,53.88
2026-08-30T10:40:00Z,18.36,0.01404,0.75053,52.42
2026-08-30T10:50:00Z,18.34,0.00882,0.76448,50.88
2026-08-30T11:00:00Z,17.89,0.032,1.15709,49.27
2026-08-30T11:10:00Z,17.2,0.0005,2.18457,47.6
2026-08-30T11:20:00Z,17.6,0.0018,1.51135,45.88
2026-08-30T11:30:00Z,18.24,0.08845,0.83823,44.11
2026-08-30T11:40:00Z,18.43,0.03613,0.70366,42.3
2026-08-30T11:50:00Z,18.12,0.0238,0.93619,40.45
2026-08-30T12:00:00Z,17.67,0.00013,1.41699,38.57
2026-08-30T12:10:00Z,17.27,0.00648,2.04817,36.67
2026-08-30T12:20:00Z,16.14,0.00181,5.79917,34.74
2026-08-30T12:30:00Z,14.12,0.03042,37.27053,32.79
2026-08-30T12:40:00Z,11.6,0.00128,379.63446,30.82
2026-08-31T02:00:00Z,10.06,0.05,1568.07063,-13.46
2026-08-31T02:10:00Z,12.13,0.01104,233.0052,-11.49
2026-08-31T02:20:00Z,14.97,0.00685,17.03592,-9.5
2026-08-31T02:30:00Z,17.58,0.00882,1.53945,-7.5
2026-08-31T02:40:00Z,19.49,0.00001,0.26507,-5.48
2026-08-31T02:50:00Z,21.07,0.0245,0.06185,-3.46
2026-08-31T03:00:00Z,21.9,0.00648,0.0288,-1.42
2026-08-31T03:10:00Z,21.98,0.00001,0.02675,0.62
2026-08-31T03:20:00Z,22.01,0.01624,0.02602,2.68
2026-08-31T03:30:00Z,21.63,0.00002,0.03693,4.74
2026-08-31T03:40:00Z,20.84,0.00338,0.07645,6.81
2026-08-31T03:50:00Z,20.21,0.0125,0.13657,8.88
2026-08-31T04:00:00Z,19.72,0.07565,0.21447,10.95
2026-08-31T04:10:00Z,19.63,0.05618,0.23301,13.04
2026-08-31T04:20:00Z,20.44,0.03961,0.1105,15.12
2026-08-31T04:30:00Z,20.92,0.20402,0.07102,17.2
2026-08-31T04:40:00Z,20.01,0.11705,0.1642,19.29
2026-08-31T04:50:00Z,18.6,0.00578,0.60168,21.37
2026-08-31T05:00:00Z,18.71,0.04608,0.54371,23.46
2026-08-31T05:10:00Z,18.81,0.07938,0.49587,25.54
2026-08-31T05:20:00Z,18.56,0.01861,0.62426,27.62
2026-08-31T05:30:00Z,18.92,0.22045,0.44809,29.69
2026-08-31T05:40:00Z,18.63,0.18879,0.58528,31.76
2026-08-31T05:50:00Z,18.3,0.15122,0.79317,33.82
2026-08-31T06:00:00Z,18.34,0.16254,0.76448,35.87
2026-08-31T06:10:00Z,18.12,0.08918,0.93619,37.91
2026-08-31T06:20:00Z,18.01,0.09449,1.03601,39.93
2026-08-31T06:30:00Z,17.73,0.78678,1.34081,41.94
2026-08-31T06:40:00Z,17.85,0.74499,1.20051,43.93
2026-08-31T06:50:00Z,17.85,0.57619,1.20051,45.9
2026-08-31T07:00:00Z,18.75,0.86267,0.52404,47.84
2026-08-31T07:10:00Z,18.26,0.95639,0.82294,49.75
2026-08-31T07:20:00Z,18.47,0.88356,0.67821,51.62
2026-08-31T07:30:00Z,19.45,1.04813,0.27502,53.46
2026-08-31T07:40:00Z,20.07,2.01575,0.15537,55.24
2026-08-31T07:50:00Z,20.28,2.69466,0.12805,56.97
2026-08-31T08:00:00Z,19.93,2.40517,0.17675,58.62
2026-08-31T08:10:00Z,19.33,0.81989,0.30716,60.2
2026-08-31T08:20:00Z,19.26,1.01651,0.32762,61.68
2026-08-31T08:30:00Z,19.12,1.21488,0.37271,63.06
2026-08-31T08:40:00Z,19.41,0.91432,0.28534,64.3
2026-08-31T08:50:00Z,19.98,0.28086,0.1688,65.4
2026-08-31T09:00:00Z,19.91,0.19996,0.18004,66.33
2026-08-31T09:10:00Z,20.33,0.3117,0.12228,67.07
2026-08-31T09:20:00Z,20.46,0.06384,0.10848,67.61
2026-08-31T09:30:00Z,20.41,0.03042,0.1136,67.92
2026-08-31T09:40:00Z,20.36,0.0006,0.11895,68
2026-08-31T09:50:00Z,20.05,0.00162,0.15826,67.85
2026-08-31T10:00:00Z,19.78,0.00338,0.20294,67.46
2026-08-31T10:10:00Z,19.31,0.0045,0.31287,66.86
2026-08-31T10:20:00Z,18.92,0.00288,0.44809,66.06
2026-08-31T10:30:00Z,18.22,0.00392,0.85382,65.08
2026-08-31T10:40:00Z,17.87,0.00761,1.1786,63.93
2026-08-31T10:50:00Z,17.88,0.02178,1.16779,62.65
2026-08-31T11:00:00Z,17.31,0.00001,1.97408,61.24
2026-08-31T11:10:00Z,17.3,0.04418,1.99235,59.74
2026-08-31T11:20:00Z,17.3,0.06498,1.99235,58.14
2026-08-31T11:30:00Z,17.44,0.01512,1.75132,56.48
2026-08-31T11:40:00Z,17.43,0.00084,1.76753,54.74
2026-08-31T11:50:00Z,17.67,0.0042,1.41699,52.96
2026-08-31T12:00:00Z,17.57,0.008,1.55369,51.13
2026-08-31T12:10:00Z,17.42,0.0174,1.78388,49.26
2026-08-31T12:20:00Z,16.76,0.00421,3.27616,47.36
2026-08-31T12:30:00Z,14.49,0.01058,26.50731,45.43
2026-08-31T12:40:00Z,11.75,0.0605,330.64779,43.47
2026-09-01T02:00:00Z,10.32,0.03785,1234.14339,-18.65
2026-09-01T02:10:00Z,12.48,0.00041,168.79735,-16.85
2026-09-01T02:20:00Z,15.27,0.02964,12.92307,-15.03
2026-09-01T02:30:00Z,17.82,0.01058,1.23414,-13.18
2026-09-01T02:40:00Z,20.22,0.00012,0.13532,-11.31
2026-09-01T02:50:00Z,21.7,0.0042,0.03462,-9.41
2026-09-01T03:00:00Z,22.72,0.008,0.01353,-7.5
2026-09-01T03:10:00Z,23.23,0.00544,0.00846,-5.57
2026-09-01T03:20:00Z,23.52,0.00512,0.00648,-3.62
2026-09-01T03:30:00Z,23.19,0.00005,0.00878,-1.66
2026-09-01T03:40:00Z,22.57,0.01104,0.01554,0.32
2026-09-01T03:50:00Z,21.98,0.00684,0.02675,2.31
2026-09-01T04:00:00Z,21.45,0.00544,0.04359,4.32
2026-09-01T04:10:00Z,21.45,0.00085,0.04359,6.33
2026-09-01T04:20:00Z,21.61,0.00242,0.03762,8.36
2026-09-01T04:30:00Z,21.6,0.00024,0.03796,10.39
2026-09-01T04:40:00Z,21.29,0.00005,0.05051,12.44
2026-09-01T04:50:00Z,20.9,0.00112,0.07234,14.49
2026-09-01T05:00:00Z,20.5,0.00364,0.10456,16.55
2026-09-01T05:10:00Z,20.12,0.0084,0.14838,18.61
2026-09-01T05:20:00Z,19.91,0.00008,0.18004,20.68
2026-09-01T05:30:00Z,19.6,0.35006,0.23953,22.76
2026-09-01T05:40:00Z,19.6,0.3612,0.23953,24.84
2026-09-01T05:50:00Z,19.87,0.2354,0.1868,26.92
2026-09-01T06:00:00Z,19.44,0.22726,0.27757,29
2026-09-01T06:10:00Z,19.78,0.49329,0.20294,31.09
2026-09-01T06:20:00Z,19.7,0.56638,0.21846,33.17
2026-09-01T06:30:00Z,19.3,0.39172,0.31577,35.26
2026-09-01T06:40:00Z,18.8,0.37219,0.50046,37.34
2026-09-01T06:50:00Z,18.52,0.14752,0.64769,39.42
2026-09-01T07:00:00Z,18.34,0.73251,0.76448,41.49
2026-09-01T07:10:00Z,18.28,0.75014,0.80791,43.56
2026-09-01T07:20:00Z,18.05,0.42125,0.99854,45.62
2026-09-01T07:30:00Z,18.65,0.29431,0.5746,47.67
2026-09-01T07:40:00Z,18.67,0.59094,0.56411,49.7
2026-09-01T07:50:00Z,18.57,0.85912,0.61854,51.72
2026-09-01T08:00:00Z,18.36,0.80597,0.75053,53.72
2026-09-01T08:10:00Z,17.83,0.43521,1.22283,55.69
2026-09-01T08:20:00Z,17.54,0.59642,1.59722,57.64
2026-09-01T08:30:00Z,17.4,0.75986,1.81704,59.55
2026-09-01T08:40:00Z,17.88,0.54165,1.16779,61.42
2026-09-01T08:50:00Z,17.8,0.56369,1.25709,63.23
2026-09-01T09:00:00Z,17.96,0.76568,1.08484,64.99
2026-09-01T09:10:00Z,17.75,0.70259,1.31633,66.66
2026-09-01T09:20:00Z,17.09,0.0186,2.4175,68.23
2026-09-01T09:30:00Z,16.95,0.00032,2.75021,69.67
2026-09-01T09:40:00Z,16.84,0.04704,3.04345,70.97
2026-09-01T09:50:00Z,16.61,0.012,3.76154,72.08
2026-09-01T10:00:00Z,17.04,0.00113,2.53143,72.97
2026-09-01T10:10:00Z,16.56,0.03042,3.93882,73.61
2026-09-01T10:20:00Z,16.11,0.12324,5.96164,73.95
2026-09-01T10:30:00Z,16.15,0.04418,5.746,73.99
2026-09-01T10:40:00Z,15.89,0.01058,7.30072,73.73
2026-09-01T10:50:00Z,15.83,0.0312,7.71553,73.16
2026-09-01T11:00:00Z,16.29,0.0125,5.05086,72.34
2026-09-01T11:10:00Z,16.31,0.00512,4.95867,71.28
2026-09-01T11:20:00Z,16.62,0.04608,3.72705,70.03
2026-09-01T11:30:00Z,16.71,0.02665,3.43056,68.63
2026-09-01T11:40:00Z,16.92,0.01301,2.82726,67.09
2026-09-01T11:50:00Z,17.08,0.00578,2.43986,65.46
2026-09-01T12:00:00Z,17.2,0.00145,2.18457,63.73
2026-09-01T12:10:00Z,17.14,0.00001,2.30869,61.95
2026-09-01T12:20:00Z,16.47,0.00098,4.27923,60.1
2026-09-01T12:30:00Z,14.71,0.00925,21.6454,58.22
2026-09-01T12:40:00Z,12.16,0.01152,226.65517,56.3
2026-09-02T02:00:00Z,10.29,0.00041,1268.71952,-23.23
2026-09-02T02:10:00Z,12.84,0.00162,121.16177,-21.7
2026-09-02T02:20:00Z,15.32,0.00098,12.34143,-20.13
2026-09-02T02:30:00Z,17.64,0.00512,1.45668,-18.53
2026-09-02T02:40:00Z,19.62,0.00313,0.23516,-16.89
2026-09-02T02:50:00Z,21.12,0.00841,0.05907,-15.21
2026-09-02T03:00:00Z,21.82,0.00072,0.031,-13.5
2026-09-02T03:10:00Z,21.97,0.00001,0.027,-11.76
2026-09-02T03:20:00Z,21.98,0.00002,0.02675,-10
2026-09-02T03:30:00Z,21.97,0.00008,0.027,-8.21
2026-09-02T03:40:00Z,21.95,0.00001,0.0275,-6.39
2026-09-02T03:50:00Z,21.94,0.00008,0.02776,-4.55
2026-09-02T04:00:00Z,21.9,0.00008,0.0288,-2.69
2026-09-02T04:10:00Z,21.82,0.00012,0.031,-0.81
2026-09-02T04:20:00Z,21.66,0.00013,0.03592,1.09
2026-09-02T04:30:00Z,21.46,0.00008,0.04319,3
2026-09-02T04:40:00Z,21.27,0.00001,0.05145,4.93
2026-09-02T04:50:00Z,21.14,0.00013,0.05799,6.88
2026-09-02T05:00:00Z,21.03,0.0076,0.06417,8.84
2026-09-02T05:10:00Z,20.94,0.04704,0.06972,10.82
2026-09-02T05:20:00Z,20.82,0.00162,0.07787,12.8
2026-09-02T05:30:00Z,20.28,0.25987,0.12805,14.8
2026-09-02T05:40:00Z,20.29,0.44825,0.12687,16.81
2026-09-02T05:50:00Z,20.67,0.55194,0.08941,18.83
2026-09-02T06:00:00Z,20.26,0.55312,0.13043,20.86
2026-09-02T06:10:00Z,19.56,0.76369,0.24852,22.89
2026-09-02T06:20:00Z,19.28,1.09918,0.32164,24.94
2026-09-02T06:30:00Z,19.19,1.09616,0.34943,26.99
2026-09-02T06:40:00Z,19.62,0.75739,0.23516,29.04
2026-09-02T06:50:00Z,19.85,0.45146,0.19027,31.11
2026-09-02T07:00:00Z,19.2,0.44972,0.34623,33.18
2026-09-02T07:10:00Z,19.07,0.40456,0.39027,35.25
2026-09-02T07:20:00Z,19.21,0.50432,0.34306,37.32
2026-09-02T07:30:00Z,19.15,0.59595,0.36255,39.4
2026-09-02T07:40:00Z,18.99,0.19177,0.42011,41.48
2026-09-02T07:50:00Z,19.54,0.67679,0.25314,43.56
2026-09-02T08:00:00Z,19.53,0.98961,0.25549,45.64
2026-09-02T08:10:00Z,19.3,1.04507,0.31577,47.72
2026-09-02T08:20:00Z,18.57,0.79431,0.61854,49.8
2026-09-02T08:30:00Z,18.25,0.39414,0.83055,51.87
2026-09-02T08:40:00Z,18.02,0.57734,1.02652,53.93
2026-09-02T08:50:00Z,17.92,0.52958,1.12555,55.99
2026-09-02T09:00:00Z,18.05,0.11378,0.99854,58.04
2026-09-02T09:10:00Z,17.98,0.04354,1.06504,60.07
2026-09-02T09:20:00Z,17.91,0.00924,1.13597,62.09
2026-09-02T09:30:00Z,17.74,0.002,1.32851,64.08
2026-09-02T09:40:00Z,17.73,0.0005,1.34081,66.04
2026-09-02T09:50:00Z,17.57,0.00338,1.55369,67.96
2026-09-02T10:00:00Z,17.69,0.00481,1.39112,69.84
2026-09-02T10:10:00Z,17,0.00925,2.62643,71.64
2026-09-02T10:20:00Z,17.12,0.0594,2.35161,73.36
2026-09-02T10:30:00Z,17.42,0.13122,1.78388,74.96
2026-09-02T10:40:00Z,16.92,0.01985,2.82726,76.39
2026-09-02T10:50:00Z,17,0.04802,2.62643,77.61
2026-09-02T11:00:00Z,15.84,0.09522,7.64479,78.53
2026-09-02T11:10:00Z,15.78,0.16562,8.07915,79.09
2026-09-02T11:20:00Z,15.94,0.27378,6.97213,79.22
2026-09-02T11:30:00Z,15.95,0.03872,6.90821,78.92
2026-09-02T11:40:00Z,15.68,0.00685,8.85861,78.22
2026-09-02T11:50:00Z,16.21,0.00084,5.43708,77.18
2026-09-02T12:00:00Z,16.55,0.05832,3.97526,75.88
2026-09-02T12:10:00Z,17.27,0.04901,2.04817,74.38
2026-09-02T12:20:00Z,16.55,0.01625,3.97526,72.74
2026-09-02T12:30:00Z,14.77,0.16562,20.48168,70.99
2026-09-02T12:40:00Z,12.3,0.00722,199.23499,69.16
2026-09-03T02:00:00Z,10.38,0.00061,1167.79234,-26.94
2026-09-03T02:10:00Z,13.17,0.02521,89.40579,-25.78
2026-09-03T02:20:00Z,15.67,0.01404,8.94058,-24.57
2026-09-03T02:30:00Z,17.77,0.03528,1.29231,-23.3
2026-09-03T02:40:00Z,20.18,0.00685,0.1404,-21.97
2026-09-03T02:50:00Z,22.37,0.00112,0.01868,-20.6
2026-09-03T03:00:00Z,23.5,0.01624,0.0066,-19.18
2026-09-03T03:10:00Z,23.94,0.00032,0.0044,-17.72
2026-09-03T03:20:00Z,23.84,0.00841,0.00482,-16.22
2026-09-03T03:30:00Z,23.77,0.00288,0.00514,-14.68
2026-09-03T03:40:00Z,23.81,0.02178,0.00496,-13.1
2026-09-03T03:50:00Z,23.55,0.02113,0.0063,-11.48
2026-09-03T04:00:00Z,23.23,0.02244,0.00846,-9.84
2026-09-03T04:10:00Z,23.51,0.02112,0.00654,-8.16
2026-09-03T04:20:00Z,23.74,0.01568,0.00529,-6.46
2026-09-03T04:30:00Z,23.25,0.0396,0.00831,-4.73
2026-09-03T04:40:00Z,22.69,0.00925,0.01391,-2.97
2026-09-03T04:50:00Z,22.62,0.00312,0.01484,-1.19
2026-09-03T05:00:00Z,22.15,0.00008,0.02288,0.61
2026-09-03T05:10:00Z,21.71,0.05832,0.03431,2.44
2026-09-03T05:20:00Z,21.55,0.08192,0.03975,4.28
2026-09-03T05:30:00Z,21.71,0.19412,0.03431,6.14
2026-09-03T05:40:00Z,21.11,0.23475,0.05962,8.02
2026-09-03T05:50:00Z,21.03,0.25771,0.06417,9.92
2026-09-03T06:00:00Z,20.67,0.20638,0.08941,11.83
2026-09-03T06:10:00Z,20.12,0.22061,0.14838,13.76
2026-09-03T06:20:00Z,19.9,0.36075,0.1817,15.7
2026-09-03T06:30:00Z,19.89,0.54425,0.18339,17.65
2026-09-03T06:40:00Z,19.75,0.66374,0.20862,19.62
2026-09-03T06:50:00Z,19.93,0.30768,0.17675,21.6
2026-09-03T07:00:00Z,20,0.26239,0.16572,23.58
2026-09-03T07:10:00Z,20.45,0.26426,0.10949,25.58
2026-09-03T07:20:00Z,20.49,0.52872,0.10553,27.59
2026-09-03T07:30:00Z,20.08,0.74328,0.15395,29.61
2026-09-03T07:40:00Z,20.26,0.52624,0.13043,31.63
2026-09-03T07:50:00Z,19.79,0.31746,0.20108,33.67
2026-09-03T08:00:00Z,19.36,0.37534,0.29879,35.7
2026-09-03T08:10:00Z,19.42,0.32933,0.28273,37.75
2026-09-03T08:20:00Z,19.68,0.34403,0.22252,39.8
2026-09-03T08:30:00Z,19.53,0.18138,0.25549,41.86
2026-09-03T08:40:00Z,19.16,0.17212,0.35922,43.92
2026-09-03T08:50:00Z,19.26,0.24776,0.32762,45.99
2026-09-03T09:00:00Z,19.27,0.14901,0.32461,48.05
2026-09-03T09:10:00Z,19.01,0.16472,0.41244,50.12
2026-09-03T09:20:00Z,18.53,0.00162,0.64175,52.2
2026-09-03T09:30:00Z,18.58,0.00012,0.61287,54.27
2026-09-03T09:40:00Z,18.59,0.02812,0.60725,56.34
2026-09-03T09:50:00Z,18.41,0.01624,0.71675,58.41
2026-09-03T10:00:00Z,18.51,0.00113,0.65368,60.48
2026-09-03T10:10:00Z,18.53,0.01105,0.64175,62.55
2026-09-03T10:20:00Z,18.37,0.00648,0.74364,64.6
2026-09-03T10:30:00Z,18.34,0.0005,0.76448,66.65
2026-09-03T10:40:00Z,18.37,0.0048,0.74364,68.68
2026-09-03T10:50:00Z,18.33,0.00025,0.77155,70.69
2026-09-03T11:00:00Z,17.91,0.00085,1.13597,72.68
2026-09-03T11:10:00Z,17.25,0.0048,2.08625,74.62
2026-09-03T11:20:00Z,17.57,0.00098,1.55369,76.51
2026-09-03T11:30:00Z,17.88,0.07442,1.16779,78.31
2026-09-03T11:40:00Z,17.25,0.04901,2.08625,79.98
2026-09-03T11:50:00Z,17.36,0.04324,1.88524,81.43
2026-09-03T12:00:00Z,17.34,0.14112,1.92028,82.55
2026-09-03T12:10:00Z,17.12,0.03784,2.35161,83.16
2026-09-03T12:20:00Z,16.56,0.00024,3.93882,83.12
2026-09-03T12:30:00Z,14.99,0.00098,16.72498,82.45
2026-09-03T12:40:00Z,12.6,0.02244,151.1352,81.29
2026-09-04T01:50:00Z,8.93,0.0312,4439.82264,-30.11
2026-09-04T02:00:00Z,10.79,0.03961,800.5079,-29.49
2026-09-04T02:10:00Z,13.55,0.01985,63.00364,-28.8
2026-09-04T02:20:00Z,16.42,0.01922,4.4809,-28.03
2026-09-04T02:30:00Z,18.51,0.00882,0.65368,-27.2
2026-09-04T02:40:00Z,20.45,0.02592,0.10949,-26.29
2026-09-04T02:50:00Z,21.62,0.09113,0.03727,-25.31
2026-09-04T03:00:00Z,22.44,0.00288,0.01751,-24.27
2026-09-04T03:10:00Z,22.19,0.00421,0.02205,-23.18
2026-09-04T03:20:00Z,22.22,0.02178,0.02145,-22.02
2026-09-04T03:30:00Z,22.29,0.00313,0.02011,-20.81
2026-09-04T03:40:00Z,22.11,0.01922,0.02373,-19.55
2026-09-04T03:50:00Z,22.34,0.0076,0.0192,-18.24
2026-09-04T04:00:00Z,22.73,0.00242,0.01341,-16.88
2026-09-04T04:10:00Z,22.66,0.00032,0.0143,-15.48
2026-09-04T04:20:00Z,22.52,0.0186,0.01627,-14.03
2026-09-04T04:30:00Z,22.53,0.01352,0.01612,-12.55
2026-09-04T04:40:00Z,22.77,0.00181,0.01292,-11.03
2026-09-04T04:50:00Z,22.63,0.02112,0.0147,-9.47
2026-09-04T05:00:00Z,22.63,0.0045,0.0147,-7.88
2026-09-04T05:10:00Z,22.96,0.0018,0.01085,-6.26
2026-09-04T05:20:00Z,22.97,0.33551,0.01075,-4.61
2026-09-04T05:30:00Z,22.96,0.51046,0.01085,-2.93
2026-09-04T05:40:00Z,22.74,0.47655,0.01329,-1.23
2026-09-04T05:50:00Z,22.32,0.14189,0.01956,0.5
2026-09-04T06:00:00Z,22.09,0.18396,0.02417,2.25
2026-09-04T06:10:00Z,21.8,0.30453,0.03158,4.03
2026-09-04T06:20:00Z,21.75,0.27169,0.03306,5.82
2026-09-04T06:30:00Z,21.88,0.19363,0.02933,7.64
2026-09-04T06:40:00Z,21.86,0.20125,0.02988,9.47
2026-09-04T06:50:00Z,21.26,0.19826,0.05192,11.33
2026-09-04T07:00:00Z,21.24,0.19163,0.05289,13.2
2026-09-04T07:10:00Z,21.36,0.16064,0.04735,15.08
2026-09-04T07:20:00Z,21.19,0.16312,0.05538,16.98
2026-09-04T07:30:00Z,20.88,0.10999,0.07368,18.89
2026-09-04T07:40:00Z,20.72,0.06489,0.08538,20.82
2026-09-04T07:50:00Z,20.7,0.04734,0.08697,22.76
2026-09-04T08:00:00Z,20.41,0.04491,0.1136,24.71
2026-09-04T08:10:00Z,20.35,0.02122,0.12005,26.68
2026-09-04T08:20:00Z,20.29,0.06799,0.12687,28.65
2026-09-04T08:30:00Z,20.18,0.00264,0.1404,30.63
2026-09-04T08:40:00Z,20.1,0.00012,0.15114,32.63
2026-09-04T08:50:00Z,20.25,0.00032,0.13163,34.63
2026-09-04T09:00:00Z,20.34,0.002,0.12116,36.64
2026-09-04T09:10:00Z,20.14,0.0042,0.14567,38.66
2026-09-04T09:20:00Z,19.82,0.00264,0.1956,40.68
2026-09-04T09:30:00Z,19.66,0.00144,0.22666,42.71
2026-09-04T09:40:00Z,19.74,0.00392,0.21056,44.75
2026-09-04T09:50:00Z,19.62,0.00032,0.23516,46.79
2026-09-04T10:00:00Z,19.14,0.00968,0.3659,48.84
2026-09-04T10:10:00Z,19.25,0.00128,0.33065,50.9
2026-09-04T10:20:00Z,19.14,0.04512,0.3659,52.95
2026-09-04T10:30:00Z,19.14,0.0328,0.3659,55.01
2026-09-04T10:40:00Z,18.93,0.00544,0.44398,57.08
2026-09-04T10:50:00Z,18.81,0.00512,0.49587,59.14
2026-09-04T11:00:00Z,19.07,0.0045,0.39027,61.21
2026-09-04T11:10:00Z,18.52,0.0042,0.64769,63.27
2026-09-04T11:20:00Z,18.53,0.07081,0.64175,65.34
2026-09-04T12:20:00Z,17.14,0.09384,2.30869,77.55
2026-09-04T12:30:00Z,15.35,0.04943,12.0051,79.5
2026-09-04T12:40:00Z,12.79,0.31205,126.87195,81.37
2026-09-05T01:50:00Z,9.39,0.01624,2906.46851,-30.74
2026-09-05T02:00:00Z,11.16,0.01741,569.33204,-30.67
2026-09-05T02:10:00Z,13.63,0.00041,58.52826,-30.51
2026-09-05T02:20:00Z,16.23,0.00025,5.33784,-30.26
2026-09-05T02:30:00Z,18.37,0.0045,0.74364,-29.93
2026-09-05T02:40:00Z,20.14,0.00968,0.14567,-29.52
2026-09-05T02:50:00Z,21.47,0.0022,0.04279,-29.02
2026-09-05T03:00:00Z,22.06,0.00012,0.02485,-28.45
2026-09-05T03:10:00Z,22.35,0.00001,0.01903,-27.81
2026-09-05T03:20:00Z,22.55,0.00084,0.01583,-27.08
2026-09-05T03:30:00Z,22.61,0.00112,0.01497,-26.29
2026-09-05T03:40:00Z,22.54,0.00924,0.01597,-25.43
2026-09-05T03:50:00Z,22.47,0.00648,0.01704,-24.5
2026-09-05T04:00:00Z,22.25,0.00012,0.02086,-23.51
2026-09-05T04:10:00Z,22.31,0.00162,0.01974,-22.46
2026-09-05T04:20:00Z,22.29,0.0045,0.02011,-21.35
2026-09-05T04:30:00Z,22.24,0.008,0.02106,-20.18
2026-09-05T04:40:00Z,22.34,0.02888,0.0192,-18.96
2026-09-05T04:50:00Z,22.29,0.02112,0.02011,-17.69
2026-09-05T05:00:00Z,22.49,0.00013,0.01672,-16.38
2026-09-05T05:10:00Z,22.18,0.00265,0.02225,-15.01
2026-09-05T05:20:00Z,22.01,0.08011,0.02602,-13.61
2026-09-05T05:30:00Z,22.03,0.08659,0.02555,-12.17
2026-09-05T05:40:00Z,22.01,0.10082,0.02602,-10.68
2026-09-05T05:50:00Z,22.03,0.01751,0.02555,-9.16
2026-09-05T06:00:00Z,22.01,0.0008,0.02602,-7.61
2026-09-05T06:10:00Z,22.03,0.00078,0.02555,-6.03
2026-09-05T06:20:00Z,22.04,0.00343,0.02531,-4.41
2026-09-05T06:30:00Z,22.02,0.01371,0.02578,-2.76
2026-09-05T06:40:00Z,22.02,0.02037,0.02578,-1.09
2026-09-05T06:50:00Z,21.96,0.02866,0.02725,0.61
2026-09-05T07:00:00Z,21.85,0.04941,0.03016,2.33
2026-09-05T07:10:00Z,21.78,0.03214,0.03216,4.08
2026-09-05T07:20:00Z,21.62,0.02079,0.03727,5.84
2026-09-05T07:30:00Z,21.39,0.02188,0.04606,7.63
2026-09-05T07:40:00Z,21.36,0.02258,0.04735,9.44
2026-09-05T07:50:00Z,21.33,0.02629,0.04868,11.27
2026-09-05T08:00:00Z,21.22,0.02509,0.05387,13.11
2026-09-05T08:10:00Z,21.11,0.02399,0.05962,14.98
2026-09-05T08:20:00Z,21.08,0.01478,0.06129,16.85
2026-09-05T08:30:00Z,20.83,0.0104,0.07716,18.74
2026-09-05T08:40:00Z,20.77,0.06138,0.08154,20.65
2026-09-05T08:50:00Z,20.68,0.14252,0.08859,22.57
2026-09-05T09:00:00Z,20.58,0.19653,0.09713,24.5
2026-09-05T09:10:00Z,20.75,0.10425,0.08305,26.45
2026-09-05T09:20:00Z,20.89,0.00392,0.07301,28.4
2026-09-05T09:30:00Z,21.02,0.0045,0.06477,30.37
2026-09-05T09:40:00Z,21.04,0.00002,0.06359,32.34
2026-09-05T09:50:00Z,20.91,0.0005,0.07167,34.33
2026-09-05T10:00:00Z,21.07,0.00008,0.06185,36.33
2026-09-05T10:10:00Z,21.01,0.00968,0.06537,38.33
2026-09-05T10:20:00Z,21.11,0.01301,0.05962,40.34
2026-09-05T10:30:00Z,20.76,0.00722,0.08229,42.36
2026-09-05T10:40:00Z,20.2,0.0186,0.13784,44.38
2026-09-05T10:50:00Z,19.96,0.00288,0.17194,46.41
2026-09-05T11:00:00Z,19.79,0.01405,0.20108,48.45
2026-09-05T11:10:00Z,19.6,0.00312,0.23953,50.49
2026-09-05T11:20:00Z,19.69,0.0004,0.22048,52.54
2026-09-05T11:30:00Z,19.81,0.0045,0.19741,54.59
2026-09-05T11:40:00Z,19.73,0.00313,0.2125,56.65
2026-09-05T11:50:00Z,19.67,0.00264,0.22458,58.71
2026-09-05T12:00:00Z,19.68,0.00242,0.22252,60.77
2026-09-05T12:10:00Z,18.92,0.00013,0.44809,62.83
2026-09-05T12:20:00Z,17.7,0.03528,1.37837,64.89
2026-09-05T12:30:00Z,15.48,0.0048,10.65039,66.95
2026-09-05T12:40:00Z,12.81,0.01458,124.55628,69
2026-09-06T01:50:00Z,9.4,0.02112,2879.82184,-29.84
2026-09-06T02:00:00Z,11.58,0.01058,386.69239,-30.31
2026-09-06T02:10:00Z,14.3,0.00421,31.57662,-30.7
2026-09-06T02:20:00Z,16.91,0.0125,2.85342,-31.01
2026-09-06T02:30:00Z,18.95,0.00032,0.43588,-31.23
2026-09-06T02:40:00Z,20.71,0.01012,0.08617,-31.37
2026-09-06T02:50:00Z,21.69,0.00364,0.03494,-31.42
2026-09-06T03:00:00Z,21.97,0.00002,0.027,-31.38
2026-09-06T03:10:00Z,22,0.00242,0.02626,-31.26
2026-09-06T03:20:00Z,22.05,0.00288,0.02508,-31.05
2026-09-06T03:30:00Z,22.14,0.00001,0.02309,-30.75
2026-09-06T03:40:00Z,22.05,0.00144,0.02508,-30.37
2026-09-06T03:50:00Z,22.02,0.0018,0.02578,-29.91
2026-09-06T04:00:00Z,22.04,0.00018,0.02531,-29.37
2026-09-06T04:10:00Z,21.94,0.00002,0.02776,-28.75
2026-09-06T04:20:00Z,21.91,0.00008,0.02853,-28.05
2026-09-06T04:30:00Z,21.89,0.00001,0.02906,-27.28
2026-09-06T04:40:00Z,21.86,0.00005,0.02988,-26.44
2026-09-06T04:50:00Z,21.86,0.00002,0.02988,-25.53
2026-09-06T05:00:00Z,21.88,0.00001,0.02933,-24.56
2026-09-06T05:10:00Z,21.89,0.00001,0.02906,-23.52
2026-09-06T05:20:00Z,21.91,0.00029,0.02853,-22.43
2026-09-06T05:30:00Z,21.93,0.00007,0.02801,-21.27
2026-09-06T05:40:00Z,21.95,0.00015,0.0275,-20.07
2026-09-06T05:50:00Z,21.97,0.00029,0.027,-18.81
2026-09-06T06:00:00Z,21.98,0.00028,0.02675,-17.5
2026-09-06T06:10:00Z,21.99,0.00045,0.02651,-16.14
2026-09-06T06:20:00Z,22.03,0.00046,0.02555,-14.75
2026-09-06T06:30:00Z,22.04,0.00066,0.02531,-13.31
2026-09-06T06:40:00Z,22.04,0.00066,0.02531,-11.83
2026-09-06T06:50:00Z,22.06,0.0006,0.02485,-10.31
2026-09-06T07:00:00Z,22.06,0.00042,0.02485,-8.76
2026-09-06T07:10:00Z,22.08,0.00034,0.0244,-7.17
2026-09-06T07:20:00Z,22.1,0.00031,0.02395,-5.56
2026-09-06T07:30:00Z,22.12,0.00138,0.02352,-3.91
2026-09-06T07:40:00Z,22.13,0.00459,0.0233,-2.24
2026-09-06T07:50:00Z,22.13,0.00459,0.0233,-0.54
2026-09-06T08:00:00Z,22.11,0.00289,0.02373,1.19
2026-09-06T08:10:00Z,22.07,0.00117,0.02462,2.94
2026-09-06T08:20:00Z,22.06,0.00129,0.02485,4.71
2026-09-06T08:30:00Z,22.05,0.0044,0.02508,6.5
2026-09-06T08:40:00Z,22.04,0.0052,0.02531,8.31
2026-09-06T08:50:00Z,21.98,0.00478,0.02675,10.14
2026-09-06T09:00:00Z,21.9,0.0074,0.0288,11.99
2026-09-06T09:10:00Z,21.87,0.0092,0.02961,13.86
2026-09-06T09:20:00Z,21.85,0.00025,0.03016,15.74
2026-09-06T09:30:00Z,21.89,0.00008,0.02906,17.64
2026-09-06T09:40:00Z,21.86,0.00013,0.02988,19.55
2026-09-06T09:50:00Z,21.3,0.00085,0.05005,21.48
2026-09-06T10:00:00Z,21.08,0.01058,0.06129,23.42
2026-09-06T10:10:00Z,21.06,0.03785,0.06243,25.37
2026-09-06T10:20:00Z,21.01,0.00098,0.06537,27.33
2026-09-06T10:30:00Z,21.04,0.00265,0.06359,29.3
2026-09-06T10:40:00Z,20.87,0.0006,0.07436,31.28
2026-09-06T10:50:00Z,20.76,0.00392,0.08229,33.27
2026-09-06T11:00:00Z,20.87,0.00338,0.07436,35.27
2026-09-06T11:10:00Z,20.75,0.00128,0.08305,37.28
2026-09-06T11:20:00Z,20.57,0.01013,0.09803,39.3
2026-09-06T11:30:00Z,20.52,0.00144,0.10265,41.32
2026-09-06T11:40:00Z,20.41,0.00181,0.1136,43.36
2026-09-06T11:50:00Z,20.34,0.00181,0.12116,45.39
2026-09-06T12:00:00Z,20.31,0.0005,0.12456,47.43
2026-09-06T12:10:00Z,19.55,0.00001,0.25082,49.48
2026-09-06T12:20:00Z,17.85,0.02964,1.20051,51.53
2026-09-06T12:30:00Z,15.7,0.0022,8.69692,53.58
2026-09-06T12:40:00Z,13.08,0.012,97.13274,55.64
2026-09-07T01:50:00Z,9.37,0.0708,2960.50379,-27.46
2026-09-07T02:00:00Z,11.95,0.01984,275.02085,-28.43
2026-09-07T02:10:00Z,14.96,0.00648,17.19355,-29.34
2026-09-07T02:20:00Z,17.21,0.00421,2.16454,-30.18
2026-09-07T02:30:00Z,19.33,0.00392,0.30716,-30.94
2026-09-07T02:40:00Z,20.96,0.00544,0.06845,-31.62
2026-09-07T02:50:00Z,21.81,0.00648,0.03129,-32.23
2026-09-07T03:00:00Z,22.16,0.03961,0.02267,-32.75
2026-09-07T03:10:00Z,22.34,0.00648,0.0192,-33.18
2026-09-07T03:20:00Z,21.99,0.00005,0.02651,-33.53
2026-09-07T03:30:00Z,22,0.00024,0.02626,-33.79
2026-09-07T03:40:00Z,22.01,0.0042,0.02602,-33.95
2026-09-07T03:50:00Z,21.99,0.00024,0.02651,-34.03
2026-09-07T04:00:00Z,21.87,0.0405,0.02961,-34.01
2026-09-07T04:10:00Z,21.94,0.0328,0.02776,-33.91
2026-09-07T04:20:00Z,22.27,0.00012,0.02048,-33.71
2026-09-07T04:30:00Z,21.96,0.00032,0.02725,-33.42
2026-09-07T04:40:00Z,21.82,0.00004,0.031,-33.05
2026-09-07T04:50:00Z,21.8,0.00001,0.03158,-32.58
2026-09-07T05:00:00Z,21.82,0.00001,0.031,-32.03
2026-09-07T05:10:00Z,21.85,0.00001,0.03016,-31.4
2026-09-07T05:20:00Z,21.89,0.01096,0.02906,-30.69
2026-09-07T05:30:00Z,21.93,0.03364,0.02801,-29.9
2026-09-07T05:40:00Z,21.97,0.03854,0.027,-29.04
2026-09-07T05:50:00Z,22.1,0.05544,0.02395,-28.11
2026-09-07T06:00:00Z,22.31,0.06897,0.01974,-27.11
2026-09-07T06:10:00Z,22.13,0.08509,0.0233,-26.04
2026-09-07T06:20:00Z,22.11,0.07106,0.02373,-24.91
2026-09-07T06:30:00Z,22.11,0.0803,0.02373,-23.72
2026-09-07T06:40:00Z,22.03,0.07872,0.02555,-22.48
2026-09-07T06:50:00Z,22.02,0.04431,0.02578,-21.18
2026-09-07T07:00:00Z,22.29,0.15091,0.02011,-19.84
2026-09-07T07:10:00Z,22.17,0.18658,0.02246,-18.45
2026-09-07T07:20:00Z,22.18,0.13357,0.02225,-17.01
2026-09-07T07:30:00Z,22.65,0.13331,0.01443,-15.53
2026-09-07T07:40:00Z,22.82,0.14097,0.01234,-14.01
2026-09-07T07:50:00Z,22.77,0.15379,0.01292,-12.45
2026-09-07T08:00:00Z,22.8,0.17756,0.01257,-10.86
2026-09-07T08:10:00Z,22.89,0.07797,0.01157,-9.24
2026-09-07T08:20:00Z,22.88,0.07512,0.01168,-7.58
2026-09-07T08:30:00Z,22.81,0.08032,0.01246,-5.9
2026-09-07T08:40:00Z,22.59,0.04622,0.01525,-4.19
2026-09-07T08:50:00Z,22.51,0.02468,0.01642,-2.45
2026-09-07T09:00:00Z,22.42,0.026,0.01784,-0.68
2026-09-07T09:10:00Z,22.41,0.02401,0.018,1.1
2026-09-07T09:20:00Z,22.38,0.0004,0.01851,2.91
2026-09-07T09:30:00Z,22.16,0.0005,0.02267,4.74
2026-09-07T09:40:00Z,22.12,0.00144,0.02352,6.59
2026-09-07T09:50:00Z,22.13,0.00685,0.0233,8.45
2026-09-07T10:00:00Z,22.15,0.00084,0.02288,10.34
2026-09-07T10:10:00Z,21.96,0.00008,0.02725,12.24
2026-09-07T10:20:00Z,21.98,0.00242,0.02675,14.15
2026-09-07T10:30:00Z,21.94,0.00882,0.02776,16.08
2026-09-07T10:40:00Z,21.84,0.00364,0.03043,18.02
2026-09-07T10:50:00Z,21.78,0.00001,0.03216,19.98
2026-09-07T11:00:00Z,21.72,0.0005,0.03399,21.94
2026-09-07T11:10:00Z,21.61,0.00008,0.03762,23.92
2026-09-07T11:20:00Z,21.61,0.00012,0.03762,25.91
2026-09-07T11:30:00Z,21.79,0.00128,0.03187,27.91
2026-09-07T11:40:00Z,21.8,0.00024,0.03158,29.92
2026-09-07T11:50:00Z,21.66,0.00612,0.03592,31.93
2026-09-07T12:00:00Z,21.24,0.00002,0.05289,33.95
2026-09-07T12:10:00Z,19.97,0.00085,0.17036,35.98
2026-09-07T12:20:00Z,17.98,0.01625,1.06504,38.02
2026-09-07T12:30:00Z,15.81,0.00085,7.85897,40.06
2026-09-07T12:40:00Z,13.07,0.01458,98.03149,42.1
2026-09-08T01:50:00Z,9.66,0.01682,2266.55166,-23.78
2026-09-08T02:00:00Z,12.16,0.00018,226.65517,-25.18
2026-09-08T02:10:00Z,14.96,0.00338,17.19355,-26.53
2026-09-08T02:20:00Z,17.48,0.00392,1.68797,-27.82
2026-09-08T02:30:00Z,19.66,0.0076,0.22666,-29.06
2026-09-08T02:40:00Z,21.24,0.00761,0.05289,-30.23
2026-09-08T02:50:00Z,21.94,0.00008,0.02776,-31.34
2026-09-08T03:00:00Z,22.15,0.00242,0.02288,-32.38
2026-09-08T03:10:00Z,22.26,0.01301,0.02067,-33.35
2026-09-08T03:20:00Z,22.31,0.00005,0.01974,-34.24
2026-09-08T03:30:00Z,22.08,0.01568,0.0244,-35.05
2026-09-08T03:40:00Z,22.08,0.07688,0.0244,-35.78
2026-09-08T03:50:00Z,22.34,0.00098,0.0192,-36.43
2026-09-08T04:00:00Z,23.42,0.0048,0.0071,-36.98
2026-09-08T04:10:00Z,24.08,0.01058,0.00387,-37.44
2026-09-08T04:20:00Z,24.18,0.00722,0.00353,-37.8
2026-09-08T04:30:00Z,24.03,0.00338,0.00405,-38.07
2026-09-08T04:40:00Z,24.09,0.00085,0.00383,-38.24
2026-09-08T04:50:00Z,23.98,0.00024,0.00424,-38.3
2026-09-08T05:00:00Z,23.96,0.018,0.00432,-38.27
2026-09-08T05:10:00Z,23.9,0.0594,0.00456,-38.14
2026-09-08T05:20:00Z,23.87,0.31262,0.00469,-37.91
2026-09-08T05:30:00Z,24.47,0.2337,0.0027,-37.58
2026-09-08T05:40:00Z,24.61,0.23329,0.00237,-37.15
2026-09-08T05:50:00Z,24.59,0.28898,0.00242,-36.64
2026-09-08T06:00:00Z,24.52,0.39752,0.00258,-36.02
2026-09-08T06:10:00Z,24.57,0.09959,0.00246,-35.33
2026-09-08T06:20:00Z,24.53,0.08517,0.00255,-34.54
2026-09-08T06:30:00Z,24.25,0.10848,0.00331,-33.68
2026-09-08T06:40:00Z,24.14,0.11026,0.00366,-32.74
2026-09-08T06:50:00Z,24.4,0.11652,0.00288,-31.72
2026-09-08T07:00:00Z,24.4,0.21878,0.00288,-30.63
2026-09-08T07:10:00Z,24.31,0.86939,0.00313,-29.48
2026-09-08T07:20:00Z,24.35,1.29862,0.00302,-28.26
2026-09-08T07:30:00Z,23.85,0.80948,0.00478,-26.99
2026-09-08T07:40:00Z,23.05,0.60234,0.00999,-25.66
2026-09-08T07:50:00Z,22.47,1.16291,0.01704,-24.27
2026-09-08T08:00:00Z,22.23,2.45634,0.02125,-22.84
2026-09-08T08:10:00Z,22.36,2.091,0.01885,-21.36
2026-09-08T08:20:00Z,22.68,0.91585,0.01404,-19.84
2026-09-08T08:30:00Z,23.23,0.66279,0.00846,-18.28
2026-09-08T08:40:00Z,23.25,0.67719,0.00831,-16.68
2026-09-08T08:50:00Z,22.76,0.56816,0.01304,-15.04
2026-09-08T09:00:00Z,22.67,0.34821,0.01417,-13.37
2026-09-08T09:10:00Z,22.93,0.27812,0.01115,-11.67
2026-09-08T09:20:00Z,22.96,0.00012,0.01085,-9.94
2026-09-08T09:30:00Z,22.86,0.01682,0.0119,-8.18
2026-09-08T09:40:00Z,22.39,0.0005,0.01834,-6.4
2026-09-08T09:50:00Z,22.35,0.00288,0.01903,-4.59
2026-09-08T10:00:00Z,22.43,0.032,0.01768,-2.76
2026-09-08T10:10:00Z,22.51,0.0048,0.01642,-0.91
2026-09-08T10:20:00Z,22.41,0.00072,0.018,0.96
2026-09-08T10:30:00Z,22.33,0.00162,0.01938,2.84
2026-09-08T10:40:00Z,22.27,0.002,0.02048,4.75
2026-09-08T10:50:00Z,22.25,0.00001,0.02086,6.67
2026-09-08T11:00:00Z,22.23,0.00002,0.02125,8.61
2026-09-08T11:10:00Z,22.23,0.00008,0.02125,10.56
2026-09-08T11:20:00Z,22.22,0.00002,0.02145,12.52
2026-09-08T11:30:00Z,22.18,0.00005,0.02225,14.49
2026-09-08T11:40:00Z,22.16,0.00002,0.02267,16.48
2026-09-08T11:50:00Z,22.07,0.00012,0.02462,18.48
2026-09-08T12:00:00Z,21.59,0.0004,0.03831,20.48
2026-09-08T12:10:00Z,20.25,0.00512,0.13163,22.5
2026-09-08T12:20:00Z,18.29,0.01105,0.80051,24.52
2026-09-08T12:30:00Z,16.01,0.00288,6.53681,26.54
2026-09-08T12:40:00Z,13.2,0.0045,86.96923,28.58
2026-09-09T01:50:00Z,9.79,0.008,2010.78493,-19.09
2026-09-09T02:00:00Z,12.28,0.00013,202.93905,-20.81
2026-09-09T02:10:00Z,14.92,0.00312,17.8388,-22.49
2026-09-09T02:20:00Z,17.31,0.00162,1.97408,-24.14
2026-09-09T02:30:00Z,19.4,0.00113,0.28798,-25.74
2026-09-09T02:40:00Z,20.94,0.00684,0.06972,-27.31
2026-09-09T02:50:00Z,21.75,0.00084,0.03306,-28.83
2026-09-09T03:00:00Z,21.98,0.0006,0.02675,-30.3
2026-09-09T03:10:00Z,22,0.00001,0.02626,-31.72
2026-09-09T03:20:00Z,21.94,0.00002,0.02776,-33.08
2026-09-09T03:30:00Z,21.91,0.00008,0.02853,-34.39
2026-09-09T03:40:00Z,21.9,0.00001,0.0288,-35.62
2026-09-09T03:50:00Z,21.93,0.00001,0.02801,-36.79
2026-09-09T04:00:00Z,21.96,0.00001,0.02725,-37.89
2026-09-09T04:10:00Z,21.98,0.00013,0.02675,-38.9
2026-09-09T04:20:00Z,22,0.00001,0.02626,-39.83
2026-09-09T04:30:00Z,22.03,0.00025,0.02555,-40.68
2026-09-09T04:40:00Z,22.02,0.00018,0.02578,-41.43
2026-09-09T04:50:00Z,21.98,0.00002,0.02675,-42.08
2026-09-09T05:00:00Z,21.98,0.00002,0.02675,-42.63
2026-09-09T05:10:00Z,21.96,0.00001,0.02725,-43.08
2026-09-09T05:20:00Z,21.94,0.004,0.02776,-43.42
2026-09-09T05:30:00Z,21.94,0.00418,0.02776,-43.65
2026-09-09T05:40:00Z,21.97,0.00531,0.027,-43.77
2026-09-09T05:50:00Z,21.99,0.00314,0.02651,-43.77
2026-09-09T06:00:00Z,22.02,0.00076,0.02578,-43.67
2026-09-09T06:10:00Z,22.06,0.00071,0.02485,-43.45
2026-09-09T06:20:00Z,22.09,0.00121,0.02417,-43.12
2026-09-09T06:30:00Z,22.1,0.00241,0.02395,-42.68
2026-09-09T06:40:00Z,22.11,0.00276,0.02373,-42.14
2026-09-09T06:50:00Z,22.12,0.00114,0.02352,-41.5
2026-09-09T07:00:00Z,22.11,0.00191,0.02373,-40.76
2026-09-09T07:10:00Z,22.1,0.00249,0.02395,-39.92
2026-09-09T07:20:00Z,22.12,0.00349,0.02352,-39
2026-09-09T07:30:00Z,22.17,0.00368,0.02246,-37.99
2026-09-09T07:40:00Z,22.18,0.00255,0.02225,-36.91
2026-09-09T07:50:00Z,22.22,0.00277,0.02145,-35.75
2026-09-09T08:00:00Z,22.26,0.00254,0.02067,-34.52
2026-09-09T08:10:00Z,22.23,0.0018,0.02125,-33.22
2026-09-09T08:20:00Z,22.25,0.00177,0.02086,-31.86
2026-09-09T08:30:00Z,22.29,0.00143,0.02011,-30.45
2026-09-09T08:40:00Z,22.3,0.00157,0.01992,-28.99
2026-09-09T08:50:00Z,22.32,0.0014,0.01956,-27.47
2026-09-09T09:00:00Z,22.33,0.00177,0.01938,-25.91
2026-09-09T09:10:00Z,22.33,0.00063,0.01938,-24.31
2026-09-09T09:20:00Z,22.33,0.00001,0.01938,-22.67
2026-09-09T09:30:00Z,22.32,0.00001,0.01956,-20.99
2026-09-09T09:40:00Z,22.34,0.00001,0.0192,-19.28
2026-09-09T09:50:00Z,22.37,0.00008,0.01868,-17.53
2026-09-09T10:00:00Z,22.37,0.00002,0.01868,-15.76
2026-09-09T10:10:00Z,22.36,0.00008,0.01885,-13.96
2026-09-09T10:20:00Z,22.34,0.00002,0.0192,-12.14
2026-09-09T10:30:00Z,22.38,0.00001,0.01851,-10.29
2026-09-09T10:40:00Z,22.3,0.00025,0.01992,-8.42
2026-09-09T10:50:00Z,22.26,0.00162,0.02067,-6.53
2026-09-09T11:00:00Z,22.24,0.00128,0.02106,-4.63
2026-09-09T11:10:00Z,22.21,0.00002,0.02165,-2.7
2026-09-09T11:20:00Z,22.18,0.00004,0.02225,-0.76
2026-09-09T11:30:00Z,22.16,0.00001,0.02267,1.19
2026-09-09T11:40:00Z,22.13,0.00001,0.0233,3.16
2026-09-09T11:50:00Z,22.04,0.00002,0.02531,5.14
2026-09-09T12:00:00Z,21.67,0.00012,0.03559,7.13
2026-09-09T12:10:00Z,20.51,0.00242,0.1036,9.13
2026-09-09T12:20:00Z,18.63,0.01301,0.58528,11.13
2026-09-09T12:30:00Z,16.43,0.00024,4.43982,13.15
2026-09-09T12:40:00Z,13.76,0.008,51.9237,15.17
2026-09-10T01:50:00Z,10.94,0.13122,697.21323,-13.69
2026-09-10T02:00:00Z,13.62,0.00032,59.06982,-15.63
2026-09-10T02:10:00Z,16.97,0.00112,2.70001,-17.54
2026-09-10T02:20:00Z,19.37,0.012,0.29605,-19.43
2026-09-10T02:30:00Z,20.9,0.03872,0.07234,-21.29
2026-09-10T02:40:00Z,21.41,0.01458,0.04522,-23.13
2026-09-10T02:50:00Z,21.39,0.00392,0.04606,-24.95
2026-09-10T03:00:00Z,21.72,0.00013,0.03399,-26.73
2026-09-10T03:10:00Z,21.86,0.0125,0.02988,-28.48
2026-09-10T03:20:00Z,22.09,0.08192,0.02417,-30.19
2026-09-10T03:30:00Z,22.46,0.00008,0.01719,-31.87
2026-09-10T03:40:00Z,23.47,0.05408,0.00678,-33.5
2026-09-10T03:50:00Z,23.84,0.01512,0.00482,-35.09
2026-09-10T04:00:00Z,23.61,0.16744,0.00596,-36.63
2026-09-10T04:10:00Z,23.82,0.00265,0.00491,-38.11
2026-09-10T04:20:00Z,25.02,0.02738,0.00163,-39.53
2026-09-10T04:30:00Z,25.38,0.00722,0.00117,-40.89
2026-09-10T04:40:00Z,25.13,0.00685,0.00147,-42.18
2026-09-10T04:50:00Z,25.01,0.01985,0.00164,-43.39
2026-09-10T05:00:00Z,24.64,0.05208,0.00231,-44.52
2026-09-10T05:10:00Z,24.39,0.06661,0.00291,-45.56
2026-09-10T05:20:00Z,23.63,0.66425,0.00585,-46.5
2026-09-10T07:40:00Z,22.19,0.65749,0.02205,-47.35
2026-09-10T07:50:00Z,22.19,0.51572,0.02205,-46.51
2026-09-10T08:00:00Z,22.24,0.4199,0.02106,-45.56
2026-09-10T08:10:00Z,22.26,0.18951,0.02067,-44.52
2026-09-10T08:20:00Z,22.22,0.00441,0.02145,-43.4
2026-09-10T08:30:00Z,22.19,0.00389,0.02205,-42.19
2026-09-10T08:40:00Z,22.22,0.00283,0.02145,-40.9
2026-09-10T08:50:00Z,22.23,0.00319,0.02125,-39.55
2026-09-10T09:00:00Z,22.22,0.00096,0.02145,-38.13
2026-09-10T09:10:00Z,22.24,0.00109,0.02106,-36.65
2026-09-10T09:20:00Z,22.25,0.00013,0.02086,-35.12
2026-09-10T09:30:00Z,22.24,0.00008,0.02106,-33.54
2026-09-10T09:40:00Z,22.23,0.00001,0.02125,-31.91
2026-09-10T09:50:00Z,22.23,0.00002,0.02125,-30.24
2026-09-10T10:00:00Z,22.22,0.00001,0.02145,-28.54
2026-09-10T10:10:00Z,22.21,0.00002,0.02165,-26.79
2026-09-10T10:20:00Z,22.26,0.00001,0.02067,-25.02
2026-09-10T10:30:00Z,22.28,0.00018,0.02029,-23.22
2026-09-10T10:40:00Z,22.22,0.00041,0.02145,-21.39
2026-09-10T10:50:00Z,22.19,0.00012,0.02205,-19.53
2026-09-10T11:00:00Z,22.16,0.00061,0.02267,-17.65
2026-09-10T11:10:00Z,22.14,0.00005,0.02309,-15.76
2026-09-10T11:20:00Z,22.13,0.00001,0.0233,-13.84
2026-09-10T11:30:00Z,22.11,0.00001,0.02373,-11.91
2026-09-10T11:40:00Z,22.08,0.00002,0.0244,-9.96
2026-09-10T11:50:00Z,22.02,0.00001,0.02578,-7.99
2026-09-10T12:00:00Z,21.73,0.00002,0.03368,-6.02
2026-09-10T12:10:00Z,20.75,0.002,0.08305,-4.03
2026-09-10T12:20:00Z,18.76,0.01058,0.51924,-2.03
2026-09-10T12:30:00Z,16.55,0.00512,3.97526,-0.03
2026-09-10T12:40:00Z,13.99,0.0312,42.01125,1.99
2026-09-11T01:40:00Z,8.06,0.16381,9893.85683,-5.84
2026-09-11T01:50:00Z,10.03,0.00162,1612.00217,-7.9
2026-09-11T02:00:00Z,13.21,0.00364,86.17189,-9.94
2026-09-11T02:10:00Z,15.79,0.01012,8.00508,-11.98
2026-09-11T02:20:00Z,17.95,0.00421,1.09488,-14.01
2026-09-11T02:30:00Z,19.96,0.01013,0.17194,-16.03
2026-09-11T02:40:00Z,21.37,0.00578,0.04692,-18.03
2026-09-11T02:50:00Z,21.89,0.00041,0.02906,-20.02
2026-09-11T03:00:00Z,21.97,0.00002,0.027,-21.99
2026-09-11T03:10:00Z,21.95,0.00004,0.0275,-23.95
2026-09-11T03:20:00Z,21.92,0.00008,0.02827,-25.89
2026-09-11T03:30:00Z,21.9,0.00004,0.0288,-27.81
2026-09-11T03:40:00Z,21.86,0.00002,0.02988,-29.7
2026-09-11T03:50:00Z,21.84,0.00002,0.03043,-31.57
2026-09-11T04:00:00Z,21.81,0.00004,0.03129,-33.41
2026-09-11T04:10:00Z,21.79,0.00002,0.03187,-35.22
2026-09-11T04:20:00Z,21.8,0.00004,0.03158,-36.99
2026-09-11T04:30:00Z,21.81,0.00001,0.03129,-38.73
2026-09-11T04:40:00Z,21.8,0.00001,0.03158,-40.42
2026-09-11T04:50:00Z,21.8,0.00001,0.03158,-42.07
2026-09-11T05:00:00Z,21.8,0.00001,0.03158,-43.66
2026-09-11T05:10:00Z,21.81,0.00145,0.03129,-45.2
2026-09-11T05:20:00Z,21.82,0.00091,0.031,-46.67
2026-09-11T05:30:00Z,21.84,0.00072,0.03043,-48.07
2026-09-11T05:40:00Z,21.87,0.00033,0.02961,-49.4
2026-09-11T05:50:00Z,21.88,0.00016,0.02933,-50.64
2026-09-11T06:00:00Z,21.91,0.00009,0.02853,-51.78
2026-09-11T06:10:00Z,21.93,0.00018,0.02801,-52.82
2026-09-11T06:20:00Z,21.95,0.00052,0.0275,-53.75
2026-09-11T06:30:00Z,21.97,0.00152,0.027,-54.56
2026-09-11T06:40:00Z,21.98,0.001,0.02675,-55.24
2026-09-11T06:50:00Z,21.98,0.00089,0.02675,-55.78
2026-09-11T07:00:00Z,21.97,0.00255,0.027,-56.18
2026-09-11T07:10:00Z,21.99,0.00381,0.02651,-56.43
2026-09-11T07:20:00Z,22.02,0.00317,0.02578,-56.53
2026-09-11T07:30:00Z,22.07,0.00189,0.02462,-56.47
2026-09-11T07:40:00Z,22.1,0.00156,0.02395,-56.27
2026-09-11T07:50:00Z,22.12,0.00173,0.02352,-55.91
2026-09-11T08:00:00Z,22.12,0.00133,0.02352,-55.41
2026-09-11T08:10:00Z,22.14,0.00113,0.02309,-54.77
2026-09-11T08:20:00Z,22.16,0.00094,0.02267,-54.01
2026-09-11T08:30:00Z,22.17,0.00082,0.02246,-53.11
2026-09-11T08:40:00Z,22.15,0.00079,0.02288,-52.11
2026-09-11T08:50:00Z,22.16,0.00048,0.02267,-51
2026-09-11T09:00:00Z,22.17,0.00059,0.02246,-49.79
2026-09-11T09:10:00Z,22.18,0.00061,0.02225,-48.5
2026-09-11T09:20:00Z,22.18,0.00001,0.02225,-47.12
2026-09-11T09:30:00Z,22.2,0.00001,0.02185,-45.68
2026-09-11T09:40:00Z,22.21,0.00004,0.02165,-44.17
2026-09-11T09:50:00Z,22.22,0.00004,0.02145,-42.6
2026-09-11T10:00:00Z,22.25,0.00001,0.02086,-40.97
2026-09-11T10:10:00Z,22.27,0.00002,0.02048,-39.3
2026-09-11T10:20:00Z,22.28,0.00004,0.02029,-37.59
2026-09-11T10:30:00Z,22.27,0.00001,0.02048,-35.84
2026-09-11T10:40:00Z,22.26,0.00001,0.02067,-34.05
2026-09-11T10:50:00Z,22.25,0.00002,0.02086,-32.24
2026-09-11T11:00:00Z,22.25,0.00001,0.02086,-30.39
2026-09-11T11:10:00Z,22.23,0.00001,0.02125,-28.52
2026-09-11T11:20:00Z,22.21,0.00005,0.02165,-26.63
2026-09-11T11:30:00Z,22.19,0.00002,0.02205,-24.71
2026-09-11T11:40:00Z,22.15,0.00001,0.02288,-22.78
2026-09-11T11:50:00Z,22.07,0.00002,0.02462,-20.83
2026-09-11T12:00:00Z,21.75,0.00002,0.03306,-18.87
2026-09-11T12:10:00Z,20.66,0.002,0.09023,-16.9
2026-09-11T12:20:00Z,18.77,0.01404,0.51448,-14.91
2026-09-11T12:30:00Z,16.65,0.00005,3.62548,-12.91
2026-09-11T12:40:00Z,14.09,0.01624,38.31472,-10.91
2026-09-12T01:40:00Z,10.99,0.01013,665.83347,0.11
2026-09-12T01:50:00Z,12.59,0.00512,152.53364,-1.97
2026-09-12T02:00:00Z,13.95,0.00578,43.58787,-4.04
2026-09-12T02:10:00Z,15.52,0.0405,10.26516,-6.12
2026-09-12T02:20:00Z,17.62,0.00578,1.48377,-8.19
2026-09-12T02:30:00Z,19.91,0.01682,0.18004,-10.26
2026-09-12T02:40:00Z,21.49,0.00925,0.04201,-12.33
2026-09-12T02:50:00Z,22.02,0.00085,0.02578,-14.4
2026-09-12T03:00:00Z,22.08,0.00338,0.0244,-16.46
2026-09-12T03:10:00Z,22.1,0.00008,0.02395,-18.51
2026-09-12T03:20:00Z,21.95,0.00012,0.0275,-20.56
2026-09-12T03:30:00Z,21.89,0.00008,0.02906,-22.6
2026-09-12T03:40:00Z,21.88,0.00008,0.02933,-24.63
2026-09-12T03:50:00Z,21.87,0.00018,0.02961,-26.65
2026-09-12T04:00:00Z,21.9,0.0004,0.0288,-28.65
2026-09-12T04:10:00Z,21.93,0.00002,0.02801,-30.65
2026-09-12T04:20:00Z,21.9,0.00001,0.0288,-32.62
2026-09-12T04:30:00Z,21.9,0.00512,0.0288,-34.58
2026-09-12T04:40:00Z,21.91,0.01352,0.02853,-36.52
2026-09-12T04:50:00Z,21.94,0.00313,0.02776,-38.44
2026-09-12T05:00:00Z,22.31,0.02113,0.01974,-40.32
2026-09-12T05:10:00Z,22.5,0.19163,0.01657,-42.19
2026-09-12T05:20:00Z,22.26,0.25306,0.02067,-44.01
2026-09-12T05:30:00Z,22.24,0.21763,0.02106,-45.81
2026-09-12T05:40:00Z,22.2,0.05129,0.02185,-47.55
2026-09-12T05:50:00Z,22.06,0.07376,0.02485,-49.26
2026-09-12T06:00:00Z,21.99,0.04017,0.02651,-50.9
2026-09-12T06:10:00Z,22.1,0.03788,0.02395,-52.49
2026-09-12T06:20:00Z,22.17,0.04216,0.02246,-54.01
2026-09-12T06:30:00Z,22.09,0.04421,0.02417,-55.45
2026-09-12T06:40:00Z,22.02,0.04086,0.02578,-56.8
2026-09-12T06:50:00Z,21.91,0.01305,0.02853,-58.05
2026-09-12T07:00:00Z,21.88,0.01336,0.02933,-59.19
2026-09-12T07:10:00Z,21.86,0.01205,0.02988,-60.2
2026-09-12T07:20:00Z,21.85,0.00722,0.03016,-61.08
2026-09-12T07:30:00Z,21.84,0.00057,0.03043,-61.8
2026-09-12T07:40:00Z,21.83,0.00017,0.03072,-62.36
2026-09-12T07:50:00Z,21.82,0.00011,0.031,-62.75
2026-09-12T08:00:00Z,21.82,0.00162,0.031,-62.96
2026-09-12T08:10:00Z,21.81,0.00326,0.03129,-62.98
2026-09-12T08:20:00Z,21.81,0.00269,0.03129,-62.82
2026-09-12T08:30:00Z,21.85,0.00206,0.03016,-62.48
2026-09-12T08:40:00Z,21.88,0.00126,0.02933,-61.96
2026-09-12T08:50:00Z,21.88,0.00179,0.02933,-61.28
2026-09-12T09:00:00Z,21.91,0.00235,0.02853,-60.44
2026-09-12T09:10:00Z,21.92,0.00119,0.02827,-59.47
2026-09-12T09:20:00Z,21.9,0.00013,0.0288,-58.36
2026-09-12T09:30:00Z,21.91,0.00001,0.02853,-57.14
2026-09-12T09:40:00Z,21.92,0.00018,0.02827,-55.82
2026-09-12T09:50:00Z,21.91,0.00005,0.02853,-54.41
2026-09-12T10:00:00Z,21.88,0.00002,0.02933,-52.92
2026-09-12T10:10:00Z,21.87,0.00001,0.02961,-51.36
2026-09-12T10:20:00Z,21.86,0.00008,0.02988,-49.74
2026-09-12T10:30:00Z,21.88,0.00002,0.02933,-48.06
2026-09-12T10:40:00Z,21.91,0.00005,0.02853,-46.34
2026-09-12T10:50:00Z,21.9,0.00002,0.0288,-44.57
2026-09-12T11:00:00Z,21.89,0.00013,0.02906,-42.77
2026-09-12T11:10:00Z,21.86,0.00008,0.02988,-40.93
2026-09-12T11:20:00Z,21.85,0.00002,0.03016,-39.06
2026-09-12T11:30:00Z,21.85,0.00008,0.03016,-37.17
2026-09-12T11:40:00Z,21.89,0.00001,0.02906,-35.26
2026-09-12T11:50:00Z,21.89,0.00004,0.02906,-33.33
2026-09-12T12:00:00Z,21.55,0.00032,0.03975,-31.38
2026-09-12T12:10:00Z,20.33,0.0045,0.12228,-29.42
2026-09-12T12:20:00Z,18.44,0.01458,0.69721,-27.44
2026-09-12T12:30:00Z,16.32,0.00221,4.91321,-25.45
2026-09-12T12:40:00Z,14.03,0.00968,40.49166,-23.46
2026-09-13T01:40:00Z,9.53,0.00685,2554.85126,5.89
2026-09-13T01:50:00Z,11.73,0.01012,336.79499,3.88
2026-09-13T02:00:00Z,14.32,0.00018,31.00028,1.85
2026-09-13T02:10:00Z,16.93,0.00364,2.80134,-0.18
2026-09-13T02:20:00Z,19.11,0.00013,0.37615,-2.22
2026-09-13T02:30:00Z,20.8,0.01201,0.07932,-4.27
2026-09-13T02:40:00Z,21.73,0.0022,0.03368,-6.32
2026-09-13T02:50:00Z,21.95,0.00001,0.0275,-8.38
2026-09-13T03:00:00Z,21.95,0.00002,0.0275,-10.44
2026-09-13T03:10:00Z,21.94,0.00001,0.02776,-12.5
2026-09-13T03:20:00Z,21.91,0.00005,0.02853,-14.57
2026-09-13T03:30:00Z,21.88,0.00008,0.02933,-16.63
2026-09-13T03:40:00Z,21.85,0.00002,0.03016,-18.7
2026-09-13T03:50:00Z,21.85,0.00001,0.03016,-20.76
2026-09-13T04:00:00Z,21.84,0.00001,0.03043,-22.83
2026-09-13T04:10:00Z,21.84,0.00002,0.03043,-24.89
2026-09-13T04:20:00Z,21.85,0.00008,0.03016,-26.94
2026-09-13T04:30:00Z,21.86,0.00001,0.02988,-28.99
2026-09-13T04:40:00Z,21.85,0.00001,0.03016,-31.04
2026-09-13T04:50:00Z,21.86,0.00001,0.02988,-33.07
2026-09-13T05:00:00Z,21.88,0.00001,0.02933,-35.1
2026-09-13T05:10:00Z,21.91,0.00265,0.02853,-37.12
2026-09-13T05:20:00Z,21.95,0.00077,0.0275,-39.12
2026-09-13T05:30:00Z,21.99,0.00021,0.02651,-41.12
2026-09-13T05:40:00Z,22.02,0.00031,0.02578,-43.09
2026-09-13T05:50:00Z,22.05,0.00055,0.02508,-45.05
2026-09-13T06:00:00Z,22.08,0.00109,0.0244,-46.98
2026-09-13T06:10:00Z,22.1,0.00159,0.02395,-48.89
2026-09-13T06:20:00Z,22.12,0.00113,0.02352,-50.77
2026-09-13T06:30:00Z,22.12,0.00066,0.02352,-52.61
2026-09-13T06:40:00Z,22.12,0.00059,0.02352,-54.41
2026-09-13T06:50:00Z,22.15,0.00067,0.02288,-56.17
2026-09-13T07:00:00Z,22.16,0.00074,0.02267,-57.88
2026-09-13T07:10:00Z,22.15,0.00108,0.02288,-59.52
2026-09-13T07:20:00Z,22.15,0.00089,0.02288,-61.08
2026-09-13T07:30:00Z,22.15,0.00029,0.02288,-62.56
2026-09-13T07:40:00Z,22.14,0.00052,0.02309,-63.93
2026-09-13T07:50:00Z,22.15,0.00046,0.02288,-65.18
2026-09-13T08:00:00Z,22.16,0.00034,0.02267,-66.3
2026-09-13T08:10:00Z,22.17,0.0002,0.02246,-67.25
2026-09-13T08:20:00Z,22.18,0.00011,0.02225,-68.03
2026-09-13T08:30:00Z,22.18,0.00021,0.02225,-68.6
2026-09-13T08:40:00Z,22.19,0.00088,0.02205,-68.96
2026-09-13T08:50:00Z,22.21,0.00086,0.02165,-69.09
2026-09-13T09:00:00Z,22.2,0.00143,0.02185,-68.99
2026-09-13T09:10:00Z,22.18,0.00157,0.02225,-68.66
2026-09-13T09:20:00Z,22.19,0.00002,0.02205,-68.11
2026-09-13T09:30:00Z,22.23,0.00008,0.02125,-67.36
2026-09-13T09:40:00Z,22.23,0.00001,0.02125,-66.43
2026-09-13T09:50:00Z,22.22,0.00024,0.02145,-65.34
2026-09-13T10:00:00Z,22.19,0.00004,0.02205,-64.11
2026-09-13T10:10:00Z,22.18,0.00001,0.02225,-62.76
2026-09-13T10:20:00Z,22.16,0.00008,0.02267,-61.3
2026-09-13T10:30:00Z,22.13,0.00005,0.0233,-59.75
2026-09-13T10:40:00Z,22.13,0.00001,0.0233,-58.13
2026-09-13T10:50:00Z,22.13,0.00008,0.0233,-56.45
2026-09-13T11:00:00Z,22.13,0.00005,0.0233,-54.71
2026-09-13T11:10:00Z,22.13,0.00001,0.0233,-52.92
2026-09-13T11:20:00Z,22.18,0.00001,0.02225,-51.1
2026-09-13T11:30:00Z,22.23,0.00013,0.02125,-49.24
2026-09-13T11:40:00Z,22.21,0.00013,0.02165,-47.35
2026-09-13T11:50:00Z,22.11,0.00024,0.02373,-45.44
2026-09-13T12:00:00Z,21.77,0.00001,0.03246,-43.51
2026-09-13T12:10:00Z,20.73,0.00128,0.0846,-41.56
2026-09-13T12:20:00Z,18.95,0.01058,0.43588,-39.59
2026-09-13T12:30:00Z,17.04,0.00008,2.53143,-37.62
2026-09-13T12:40:00Z,14.65,0.0186,22.87524,-35.63
2026-09-14T01:40:00Z,9.16,0.0186,3592.24229,11.33
2026-09-14T01:50:00Z,11.55,0.00882,397.52608,9.45
2026-09-14T02:00:00Z,14.34,0.00512,30.43446,7.55
2026-09-14T02:10:00Z,16.92,0.00924,2.82726,5.63
2026-09-14T02:20:00Z,18.87,0.00085,0.46921,3.69
2026-09-14T02:30:00Z,20.51,0.00684,0.1036,1.74
2026-09-14T02:40:00Z,21.41,0.00128,0.04522,-0.23
2026-09-14T02:50:00Z,21.7,0.00162,0.03462,-2.21
2026-09-14T03:00:00Z,21.75,0.04512,0.03306,-4.2
2026-09-14T03:10:00Z,21.72,0.114,0.03399,-6.2
2026-09-14T03:20:00Z,21.79,0.00113,0.03187,-8.21
2026-09-14T03:30:00Z,21.01,0.07688,0.06537,-10.23
2026-09-14T03:40:00Z,20.89,0.01861,0.07301,-12.25
2026-09-14T03:50:00Z,21.58,0.00338,0.03867,-14.29
2026-09-14T04:00:00Z,21.84,0.04705,0.03043,-16.32
2026-09-14T04:10:00Z,22.28,0.26221,0.02029,-18.37
2026-09-14T04:20:00Z,22.64,0.2205,0.01457,-20.41
2026-09-14T04:30:00Z,21.95,0.3892,0.0275,-22.46
2026-09-14T04:40:00Z,22.5,0.6516,0.01657,-24.51
2026-09-14T04:50:00Z,22.19,0.17298,0.02205,-26.57
2026-09-14T05:00:00Z,23.81,0.00288,0.00496,-28.62
2026-09-14T05:10:00Z,23.75,1.75391,0.00524,-30.68
2026-09-14T05:20:00Z,23.87,1.92426,0.00469,-32.73
2026-09-14T05:30:00Z,23.93,1.77419,0.00444,-34.78
2026-09-14T05:40:00Z,23.44,0.35362,0.00697,-36.83
2026-09-14T05:50:00Z,23.53,0.66052,0.00642,-38.87
2026-09-14T06:00:00Z,23.96,1.0664,0.00432,-40.91
2026-09-14T06:10:00Z,23.24,1.11989,0.00838,-42.95
2026-09-14T06:20:00Z,22.69,1.04294,0.01391,-44.97
2026-09-14T06:30:00Z,23.82,1.05668,0.00491,-46.99
2026-09-14T06:40:00Z,23.52,1.05173,0.00648,-48.99
2026-09-14T06:50:00Z,23.58,0.69215,0.00613,-50.98
2026-09-14T07:00:00Z,23.62,0.96027,0.00591,-52.95
2026-09-14T07:10:00Z,23.62,0.22768,0.00591,-54.9
2026-09-14T07:20:00Z,23.37,0.26624,0.00744,-56.82
2026-09-14T07:30:00Z,23.03,0.13516,0.01017,-58.72
2026-09-14T07:40:00Z,22.72,0.07606,0.01353,-60.58
2026-09-14T07:50:00Z,22.55,0.12376,0.01583,-62.4
2026-09-14T08:00:00Z,22.39,0.16696,0.01834,-64.17
2026-09-14T08:10:00Z,22.34,0.11446,0.0192,-65.87
2026-09-14T08:20:00Z,22.28,0.06143,0.02029,-67.49
2026-09-14T08:30:00Z,22.32,0.03909,0.01956,-69.01
2026-09-14T08:40:00Z,22.31,0.01529,0.01974,-70.41
2026-09-14T08:50:00Z,22.35,0.00701,0.01903,-71.66
2026-09-14T09:00:00Z,22.4,0.0112,0.01817,-72.73
2026-09-14T09:10:00Z,22.44,0.01174,0.01751,-73.59
2026-09-14T09:20:00Z,22.46,0.0462,0.01719,-74.19
2026-09-14T09:30:00Z,22.62,0.00001,0.01484,-74.51
2026-09-14T09:40:00Z,22.54,0.00128,0.01597,-74.53
2026-09-14T09:50:00Z,22.38,0.00722,0.01851,-74.25
2026-09-14T10:00:00Z,22.37,0.00128,0.01868,-73.68
2026-09-14T10:10:00Z,22.44,0.00265,0.01751,-72.86
2026-09-14T10:20:00Z,22.59,0.00025,0.01525,-71.82
2026-09-14T10:30:00Z,22.6,0.00001,0.01511,-70.59
2026-09-14T10:40:00Z,22.72,0.00242,0.01353,-69.21
2026-09-14T10:50:00Z,22.37,0.00312,0.01868,-67.71
2026-09-14T11:00:00Z,22.22,0.01682,0.02145,-66.11
2026-09-14T11:10:00Z,22.24,0.02244,0.02106,-64.42
2026-09-14T11:20:00Z,22.25,0.00004,0.02086,-62.68
2026-09-14T11:30:00Z,21.82,0.00162,0.031,-60.88
2026-09-14T11:40:00Z,21.61,0.00924,0.03762,-59.03
2026-09-14T11:50:00Z,21.83,0.02178,0.03072,-57.15
2026-09-14T12:00:00Z,21.81,0.00221,0.03129,-55.25
2026-09-14T12:10:00Z,21.11,0.02244,0.05962,-53.32
2026-09-14T12:20:00Z,19.65,0.00968,0.22875,-51.37
2026-09-14T12:30:00Z,17.61,0.00032,1.4975,-49.4
2026-09-14T12:40:00Z,14.95,0.00162,17.35264,-47.42
2026-09-14T12:50:00Z,12.14,0.00008,230.869,-45.43
2026-09-15T01:40:00Z,10.29,0.07688,1268.71952,16.29
2026-09-15T01:50:00Z,11.99,0.02664,265.07308,14.61
2026-09-15T02:00:00Z,14.78,0.00761,20.2939,12.89
2026-09-15T02:10:00Z,17.42,0.09522,1.78388,11.15
2026-09-15T02:20:00Z,19.18,0.03528,0.35267,9.38
2026-09-15T02:30:00Z,19.67,0.05832,0.22458,7.59
2026-09-15T02:40:00Z,20.27,0.00648,0.12923,5.77
2026-09-15T02:50:00Z,20.14,0.17484,0.14567,3.93
2026-09-15T03:00:00Z,20.36,0.23328,0.11895,2.07
2026-09-15T03:10:00Z,21.29,0.17049,0.05051,0.19
2026-09-15T03:20:00Z,21.06,0.01364,0.06243,-1.71
2026-09-15T03:30:00Z,21.83,0.17484,0.03072,-3.62
2026-09-15T05:10:00Z,23.59,0.23328,0.00607,-23.4
2026-09-15T05:20:00Z,23.43,0.17049,0.00704,-25.42
2026-09-15T05:30:00Z,23.2,0.01364,0.0087,-27.45
2026-09-15T05:40:00Z,23.15,0.00001,0.00911,-29.48
2026-09-15T05:50:00Z,23.11,0.00312,0.00945,-31.51
2026-09-15T06:00:00Z,23.17,0.00145,0.00894,-33.55
2026-09-15T06:10:00Z,23.05,0.00041,0.00999,-35.59
2026-09-15T06:20:00Z,22.96,0.00392,0.01085,-37.63
2026-09-15T06:30:00Z,22.86,0.00221,0.0119,-39.68
2026-09-15T07:30:00Z,22.4,0.00008,0.01817,-51.9
2026-09-15T11:20:00Z,22.18,0.00003,0.02225,-73.61
2026-09-15T11:30:00Z,22.13,0.00002,0.0233,-71.96
2026-09-15T11:40:00Z,22.1,0.00413,0.02395,-70.23
2026-09-15T11:50:00Z,22.05,0.00008,0.02508,-68.42
2026-09-15T12:00:00Z,21.9,0.00008,0.0288,-66.57
2026-09-15T12:10:00Z,21.28,0.00032,0.05098,-64.68
2026-09-15T12:20:00Z,19.8,0.00684,0.19923,-62.76
2026-09-15T12:30:00Z,17.69,0.00761,1.39112,-60.81
2026-09-15T12:40:00Z,14.82,0.00264,19.55985,-58.85
2026-09-15T12:50:00Z,12.01,0.00085,260.23495,-56.87
2026-09-16T01:40:00Z,9.8,0.02112,1992.34994,20.63
2026-09-16T01:50:00Z,12.25,0.00162,208.62465,19.22
2026-09-16T02:00:00Z,15.04,0.00061,15.97223,17.76
2026-09-16T02:10:00Z,17.52,0.0005,1.62692,16.27
2026-09-16T02:20:00Z,19.51,0.00162,0.26023,14.73
2026-09-16T02:30:00Z,20.9,0.00882,0.07234,13.15
2026-09-16T02:40:00Z,21.59,0.00013,0.03831,11.54
2026-09-16T02:50:00Z,21.76,0.00012,0.03276,9.89
2026-09-16T03:00:00Z,21.83,0.00001,0.03072,8.21
2026-09-16T03:10:00Z,21.85,0.00002,0.03016,6.51
2026-09-16T03:20:00Z,21.87,0.00001,0.02961,4.77
2026-09-16T03:30:00Z,21.88,0.00001,0.02933,3.01
2026-09-16T03:40:00Z,21.9,0.00002,0.0288,1.23
2026-09-16T03:50:00Z,21.93,0.00002,0.02801,-0.57
2026-09-16T04:00:00Z,21.96,0.00001,0.02725,-2.4
2026-09-16T04:10:00Z,21.97,0.00001,0.027,-4.24
2026-09-16T04:20:00Z,21.98,0.00018,0.02675,-6.1
2026-09-16T04:30:00Z,21.98,0.00013,0.02675,-7.98
2026-09-16T04:40:00Z,21.96,0.00002,0.02725,-9.87
2026-09-16T04:50:00Z,21.98,0.00002,0.02675,-11.78
2026-09-16T05:00:00Z,21.99,0.00008,0.02651,-13.7
2026-09-16T05:10:00Z,22.01,0.00118,0.02602,-15.63
2026-09-16T05:20:00Z,22.02,0.00035,0.02578,-17.57
2026-09-16T05:30:00Z,22.06,0.00036,0.02485,-19.53
2026-09-16T05:40:00Z,22.06,0.00029,0.02485,-21.49
2026-09-16T05:50:00Z,22.09,0.00034,0.02417,-23.47
2026-09-16T06:00:00Z,22.11,0.00032,0.02373,-25.45
2026-09-16T06:10:00Z,22.13,0.00036,0.0233,-27.44
2026-09-16T06:20:00Z,22.16,0.00013,0.02267,-29.43
2026-09-16T06:30:00Z,22.18,0.00059,0.02225,-31.44
2026-09-16T06:40:00Z,22.21,0.00096,0.02165,-33.44
2026-09-16T06:50:00Z,22.22,0.00126,0.02145,-35.46
2026-09-16T07:00:00Z,22.22,0.00132,0.02145,-37.48
2026-09-16T07:10:00Z,22.23,0.00074,0.02125,-39.5
2026-09-16T07:20:00Z,22.23,0.00048,0.02125,-41.52
2026-09-16T07:30:00Z,22.22,0.00065,0.02145,-43.55
2026-09-16T07:40:00Z,22.24,0.00056,0.02106,-45.58
2026-09-16T07:50:00Z,22.26,0.00075,0.02067,-47.61
2026-09-16T08:00:00Z,22.27,0.00125,0.02048,-49.64
2026-09-16T08:10:00Z,22.27,0.00127,0.02048,-51.68
2026-09-16T08:20:00Z,22.26,0.00202,0.02067,-53.71
2026-09-16T08:30:00Z,22.25,0.00219,0.02086,-55.74
2026-09-16T08:40:00Z,22.28,0.0022,0.02029,-57.76
2026-09-16T08:50:00Z,22.32,0.00215,0.01956,-59.78
2026-09-16T09:00:00Z,22.28,0.00327,0.02029,-61.8
2026-09-16T09:10:00Z,22.29,0.00376,0.02011,-63.81
2026-09-16T09:20:00Z,22.29,0.00084,0.02011,-65.8
2026-09-16T09:30:00Z,22.26,0.00018,0.02067,-67.78
2026-09-16T09:40:00Z,22.25,0.00002,0.02086,-69.74
2026-09-16T09:50:00Z,22.24,0.00012,0.02106,-71.68
2026-09-16T10:00:00Z,22.21,0.00002,0.02165,-73.58
2026-09-16T10:10:00Z,22.21,0.00002,0.02165,-75.42
2026-09-16T10:20:00Z,22.21,0.00012,0.02165,-77.19
2026-09-16T10:30:00Z,22.27,0.00004,0.02048,-78.85
2026-09-16T10:40:00Z,22.23,0.00018,0.02125,-80.33
2026-09-16T10:50:00Z,21.97,0.00128,0.027,-81.56
2026-09-16T11:00:00Z,21.7,0.00072,0.03462,-82.4
2026-09-16T11:10:00Z,20.15,0.00221,0.14433,-82.71
2026-09-16T11:20:00Z,20.66,0.08065,0.09023,-82.44
2026-09-16T11:30:00Z,19.94,0.55778,0.17513,-81.64
2026-09-16T11:40:00Z,18.12,0.5412,0.93619,-80.44
2026-09-16T11:50:00Z,18.32,0.00085,0.77869,-78.97
2026-09-16T12:00:00Z,17.56,0.48672,1.56807,-77.32
2026-09-16T12:20:00Z,20.97,0.44402,0.06782,-73.73
2026-09-16T12:30:00Z,20.26,0.55451,0.13043,-71.84
2026-09-16T12:40:00Z,17.97,2.38144,1.07489,-69.92
2026-09-16T12:50:00Z,14.93,0.00007,17.67525,-67.97
2026-09-17T01:40:00Z,10.31,0.02245,1245.56278,24.25
2026-09-17T01:50:00Z,12.83,0.00338,122.28287,23.18
2026-09-17T02:00:00Z,15.67,0.00882,8.94058,22.05
2026-09-17T02:10:00Z,18.16,0.02178,0.90233,20.85
2026-09-17T02:20:00Z,20.04,0.00001,0.15972,19.6
2026-09-17T02:30:00Z,20.89,0.00145,0.07301,18.3
2026-09-17T02:40:00Z,21.37,0.01152,0.04692,16.95
2026-09-17T02:50:00Z,21.48,0.01012,0.0424,15.55
2026-09-17T03:00:00Z,21.39,0.00112,0.04606,14.11
2026-09-17T03:10:00Z,21.58,0.00002,0.03867,12.63
2026-09-17T03:20:00Z,21.6,0.00002,0.03796,11.11
2026-09-17T03:30:00Z,21.6,0.00001,0.03796,9.55
2026-09-17T03:40:00Z,21.6,0.00002,0.03796,7.96
2026-09-17T03:50:00Z,21.62,0.00002,0.03727,6.33
2026-09-17T04:00:00Z,21.65,0.00162,0.03625,4.68
2026-09-17T04:10:00Z,21.67,0.0006,0.03559,3
2026-09-17T04:20:00Z,21.66,0.0042,0.03592,1.29
2026-09-17T04:30:00Z,21.8,0.00827,0.03158,-0.45
2026-09-17T04:40:00Z,21.98,0.00092,0.02675,-2.2
2026-09-17T04:50:00Z,21.91,0.00005,0.02853,-3.98
2026-09-17T05:20:00Z,21.93,0.00002,0.02801,-9.43
2026-09-17T05:30:00Z,21.93,0.01482,0.02801,-11.28
2026-09-17T05:40:00Z,21.95,0.00633,0.0275,-13.15
2026-09-17T05:50:00Z,21.97,0.00149,0.027,-15.03
2026-09-17T06:00:00Z,21.99,0.00051,0.02651,-16.93
2026-09-17T06:10:00Z,22.02,0.00008,0.02578,-18.83
2026-09-17T06:20:00Z,22.04,0.0004,0.02531,-20.75
2026-09-17T06:30:00Z,22.07,0.00162,0.02462,-22.68
2026-09-17T06:40:00Z,22.09,0.00287,0.02417,-24.62
2026-09-17T06:50:00Z,22.09,0.00194,0.02417,-26.57
2026-09-17T07:00:00Z,22.08,0.00135,0.0244,-28.53
2026-09-17T07:10:00Z,22.07,0.00097,0.02462,-30.5
2026-09-17T07:20:00Z,22.1,0.00109,0.02395,-32.47
2026-09-17T07:30:00Z,22.11,0.00113,0.02373,-34.46
2026-09-17T07:40:00Z,22.12,0.00083,0.02352,-36.44
2026-09-17T07:50:00Z,22.13,0.00075,0.0233,-38.44
2026-09-17T08:00:00Z,22.16,0.00077,0.02267,-40.44
2026-09-17T08:10:00Z,22.19,0.00141,0.02205,-42.44
2026-09-17T08:20:00Z,22.22,0.0036,0.02145,-44.45
2026-09-17T08:30:00Z,22.22,0.00488,0.02145,-46.46
2026-09-17T08:40:00Z,22.21,0.00351,0.02165,-48.48
2026-09-17T08:50:00Z,22.19,0.00148,0.02205,-50.5
2026-09-17T09:00:00Z,22.18,0.00096,0.02225,-52.52
2026-09-17T09:10:00Z,22.17,0.00181,0.02246,-54.54
2026-09-17T09:20:00Z,22.19,0.00258,0.02205,-56.56
2026-09-17T09:30:00Z,22.19,0.00004,0.02205,-58.59
2026-09-17T09:40:00Z,22.21,0.00012,0.02165,-60.61
2026-09-17T09:50:00Z,22.24,0.00008,0.02106,-62.63
2026-09-17T10:00:00Z,22.24,0.00001,0.02106,-64.65
2026-09-17T10:10:00Z,22.24,0.00008,0.02106,-66.67
2026-09-17T10:20:00Z,22.23,0.00005,0.02125,-68.68
2026-09-17T10:30:00Z,22.22,0.00001,0.02145,-70.68
2026-09-17T10:40:00Z,22.2,0.00001,0.02185,-72.66
2026-09-17T10:50:00Z,22.19,0.00001,0.02205,-74.63
2026-09-17T11:00:00Z,22.19,0.00002,0.02205,-76.57
2026-09-17T11:10:00Z,22.17,0.00001,0.02246,-78.46
2026-09-17T11:20:00Z,22.11,0.00004,0.02373,-80.29
2026-09-17T11:30:00Z,22.09,0.00002,0.02417,-82
2026-09-17T11:40:00Z,22.09,0.00032,0.02417,-83.5
2026-09-17T11:50:00Z,22.07,0.00002,0.02462,-84.61
2026-09-17T12:00:00Z,21.94,0.00008,0.02776,-85.05
2026-09-17T12:10:00Z,21.35,0.0004,0.04779,-84.67
2026-09-17T12:20:00Z,19.9,0.00613,0.1817,-83.61
2026-09-17T12:30:00Z,17.88,0.008,1.16779,-82.13
2026-09-17T12:40:00Z,15.38,0.00421,11.67792,-80.44
2026-09-17T12:50:00Z,12.64,0.00041,145.66849,-78.62
2026-09-18T01:40:00Z,10.12,0.09522,1483.76671,27.06
2026-09-18T01:50:00Z,12.55,0.01458,158.25798,26.38
2026-09-18T02:00:00Z,15.47,0.00002,10.74894,25.63
2026-09-18T02:10:00Z,17.5,0.0042,1.65716,24.8
2026-09-18T02:20:00Z,19.18,0.00098,0.35267,23.9
2026-09-18T02:30:00Z,20.49,0.00545,0.10553,22.93
2026-09-18T02:40:00Z,21.14,0.00264,0.05799,21.9
2026-09-18T02:50:00Z,21.27,0.00001,0.05145,20.8
2026-09-18T03:00:00Z,21.21,0.00512,0.05437,19.65
2026-09-18T03:10:00Z,21.19,0.018,0.05538,18.45
2026-09-18T03:20:00Z,21.21,0.00924,0.05437,17.18
2026-09-18T03:30:00Z,20.95,0.00612,0.06908,15.87
2026-09-18T03:40:00Z,21.01,0.00128,0.06537,14.52
2026-09-18T03:50:00Z,20.96,0.0045,0.06845,13.11
2026-09-18T04:00:00Z,21.15,0.00162,0.05746,11.67
2026-09-18T04:10:00Z,21.42,0.0006,0.04481,10.19
2026-09-18T04:20:00Z,21.47,0.0005,0.04279,8.67
2026-09-18T04:30:00Z,21.48,0.00002,0.0424,7.11
2026-09-18T04:40:00Z,21.56,0.00008,0.03939,5.52
2026-09-18T04:50:00Z,21.61,0.00001,0.03762,3.9
2026-09-18T05:00:00Z,21.65,0.00013,0.03625,2.26
2026-09-18T05:10:00Z,21.72,0.00226,0.03399,0.58
2026-09-18T05:20:00Z,21.82,0.00331,0.031,-1.12
2026-09-18T05:30:00Z,21.9,0.00648,0.0288,-2.85
2026-09-18T05:40:00Z,21.96,0.0098,0.02725,-4.59
2026-09-18T05:50:00Z,21.98,0.00914,0.02675,-6.36
2026-09-18T06:00:00Z,22,0.00428,0.02626,-8.15
2026-09-18T06:10:00Z,22.03,0.00142,0.02555,-9.96
2026-09-18T06:20:00Z,22.05,0.00031,0.02508,-11.78
2026-09-18T06:30:00Z,22.06,0.00054,0.02485,-13.62
2026-09-18T06:40:00Z,22.07,0.00049,0.02462,-15.48
2026-09-18T06:50:00Z,22.09,0.00029,0.02417,-17.35
2026-09-18T07:00:00Z,22.09,0.00019,0.02417,-19.23
2026-09-18T07:10:00Z,22.1,0.00039,0.02395,-21.13
2026-09-18T07:20:00Z,22.1,0.00028,0.02395,-23.04
2026-09-18T07:30:00Z,22.11,0.00012,0.02373,-24.96
2026-09-18T07:40:00Z,22.1,0.00013,0.02395,-26.89
2026-09-18T07:50:00Z,22.11,0.00012,0.02373,-28.83
2026-09-18T08:00:00Z,22.11,0.00054,0.02373,-30.78
2026-09-18T08:10:00Z,22.12,0.00099,0.02352,-32.73
2026-09-18T08:20:00Z,22.12,0.00056,0.02352,-34.7
2026-09-18T08:30:00Z,22.15,0.00051,0.02288,-36.67
2026-09-18T08:40:00Z,22.17,0.00034,0.02246,-38.65
2026-09-18T08:50:00Z,22.17,0.00158,0.02246,-40.63
2026-09-18T09:00:00Z,22.19,0.01322,0.02205,-42.62
2026-09-18T09:10:00Z,22.21,0.04045,0.02165,-44.61
2026-09-18T09:20:00Z,22.27,0.15661,0.02048,-46.61
2026-09-18T09:30:00Z,22.41,0.00008,0.018,-48.62
2026-09-18T09:40:00Z,22.59,0.00008,0.01525,-50.63
2026-09-18T09:50:00Z,23.01,0.00008,0.01036,-52.64
2026-09-18T10:00:00Z,22.98,0.002,0.01065,-54.65
2026-09-18T10:10:00Z,23.58,0.02381,0.00613,-56.67
2026-09-18T10:20:00Z,23.78,0.05832,0.0051,-58.68
2026-09-18T10:30:00Z,23.79,0.05304,0.00505,-60.7
2026-09-18T10:40:00Z,23.9,0.0022,0.00456,-62.72
2026-09-18T10:50:00Z,23.76,0.00421,0.00519,-64.74
2026-09-18T11:00:00Z,23.95,0.00612,0.00436,-66.76
2026-09-18T11:10:00Z,23.96,0.01682,0.00432,-68.77
2026-09-18T11:20:00Z,24.09,0.013,0.00383,-70.78
2026-09-18T11:30:00Z,23.95,0.0045,0.00436,-72.78
2026-09-18T11:40:00Z,23.8,0.00761,0.005,-74.77
2026-09-18T11:50:00Z,24.4,0.00338,0.00288,-76.74
2026-09-18T12:00:00Z,24.04,0.02888,0.00401,-78.69
2026-09-18T12:10:00Z,22.48,0.1462,0.01688,-80.59
2026-09-18T12:20:00Z,20.25,0.00288,0.13163,-82.41
2026-09-18T12:30:00Z,17.86,0.01405,1.1895,-84.07
2026-09-18T12:40:00Z,15.31,0.01301,12.45563,-85.4
2026-09-18T12:50:00Z,12.51,0.00001,164.19715,-86.05
2026-09-19T01:30:00Z,8.58,0.03281,6128.66131,29.11
2026-09-19T01:40:00Z,10.54,0.01012,1007.77974,28.95
2026-09-19T01:50:00Z,13.25,0.00041,83.05497,28.71
2026-09-19T02:00:00Z,15.9,0.00648,7.23379,28.39
2026-09-19T02:10:00Z,18.04,0.00032,1.00778,27.97
2026-09-19T02:20:00Z,19.76,0.013,0.20671,27.48
2026-09-19T02:30:00Z,20.7,0.00128,0.08697,26.9
2026-09-19T02:40:00Z,20.94,0.00002,0.06972,26.24
2026-09-19T02:50:00Z,20.99,0.00005,0.06658,25.51
2026-09-19T03:00:00Z,21.01,0.00002,0.06537,24.71
2026-09-19T03:10:00Z,21.02,0.00001,0.06477,23.83
2026-09-19T03:20:00Z,21.05,0.00001,0.063,22.88
2026-09-19T03:30:00Z,21.08,0.00001,0.06129,21.87
2026-09-19T03:40:00Z,21.11,0.00005,0.05962,20.8
2026-09-19T03:50:00Z,21.14,0.00005,0.05799,19.67
2026-09-19T04:00:00Z,21.16,0.00002,0.05693,18.48
2026-09-19T04:10:00Z,21.2,0.00002,0.05487,17.24
2026-09-19T04:20:00Z,21.23,0.00024,0.05338,15.94
2026-09-19T04:30:00Z,21.27,0.00008,0.05145,14.6
2026-09-19T04:40:00Z,21.34,0.00001,0.04824,13.22
2026-09-19T04:50:00Z,21.37,0.00005,0.04692,11.79
2026-09-19T05:00:00Z,21.4,0.00132,0.04564,10.32
2026-09-19T05:10:00Z,21.42,0.00226,0.04481,8.81
2026-09-19T05:20:00Z,21.46,0.00414,0.04319,7.27
2026-09-19T05:30:00Z,21.52,0.00574,0.04087,5.69
2026-09-19T05:40:00Z,21.59,0.00805,0.03831,4.09
2026-09-19T05:50:00Z,21.66,0.00699,0.03592,2.45
2026-09-19T06:00:00Z,21.75,0.00399,0.03306,0.79
2026-09-19T06:10:00Z,21.87,0.00346,0.02961,-0.91
2026-09-19T06:20:00Z,21.98,0.00821,0.02675,-2.62
2026-09-19T06:30:00Z,22.06,0.01439,0.02485,-4.36
2026-09-19T06:40:00Z,22.1,0.0148,0.02395,-6.12
2026-09-19T06:50:00Z,22.13,0.0098,0.0233,-7.9
2026-09-19T07:00:00Z,22.16,0.00661,0.02267,-9.7
2026-09-19T07:10:00Z,22.19,0.00596,0.02205,-11.52
2026-09-19T07:20:00Z,22.19,0.00626,0.02205,-13.35
2026-09-19T07:30:00Z,22.17,0.00386,0.02246,-15.2
2026-09-19T07:40:00Z,22.15,0.00162,0.02288,-17.06
2026-09-19T07:50:00Z,22.13,0.00041,0.0233,-18.94
2026-09-19T08:00:00Z,22.14,0.00041,0.02309,-20.83
2026-09-19T08:10:00Z,22.12,0.00034,0.02352,-22.74
2026-09-19T08:20:00Z,22.11,0.00135,0.02373,-24.65
2026-09-19T08:30:00Z,22.09,0.00213,0.02417,-26.58
2026-09-19T08:40:00Z,22.09,0.00218,0.02417,-28.51
2026-09-19T08:50:00Z,22.12,0.00151,0.02352,-30.46
2026-09-19T09:00:00Z,22.13,0.00096,0.0233,-32.41
2026-09-19T09:10:00Z,22.12,0.00082,0.02352,-34.37
2026-09-19T09:20:00Z,22.14,0.00086,0.02309,-36.34
2026-09-19T09:30:00Z,22.13,0.00012,0.0233,-38.31
2026-09-19T09:40:00Z,22.13,0.00018,0.0233,-40.3
2026-09-19T09:50:00Z,22.13,0.00008,0.0233,-42.28
2026-09-19T10:00:00Z,22.14,0.00001,0.02309,-44.28
2026-09-19T10:10:00Z,22.14,0.00001,0.02309,-46.27
2026-09-19T10:20:00Z,22.12,0.00002,0.02352,-48.28
2026-09-19T10:30:00Z,22.11,0.00001,0.02373,-50.28
2026-09-19T10:40:00Z,22.1,0.00005,0.02395,-52.29
2026-09-19T10:50:00Z,22.09,0.00001,0.02417,-54.3
2026-09-19T11:00:00Z,22.07,0.00001,0.02462,-56.32
2026-09-19T11:10:00Z,22.06,0.00001,0.02485,-58.33
2026-09-19T11:20:00Z,22.03,0.00002,0.02555,-60.35
2026-09-19T11:30:00Z,21.98,0.00005,0.02675,-62.37
2026-09-19T11:40:00Z,21.94,0.00001,0.02776,-64.38
2026-09-19T11:50:00Z,21.9,0.00004,0.0288,-66.4
2026-09-19T12:00:00Z,21.81,0.00001,0.03129,-68.41
2026-09-19T12:10:00Z,21.35,0.00012,0.04779,-70.41
2026-09-19T12:20:00Z,20.05,0.00512,0.15826,-72.41
2026-09-19T12:30:00Z,18.12,0.01105,0.93619,-74.39
2026-09-19T12:40:00Z,15.71,0.00221,8.61719,-76.36
2026-09-19T12:50:00Z,12.96,0.00113,108.48398,-78.29
2026-09-20T01:30:00Z,8.78,0.04705,5097.59845,29.53
2026-09-20T01:40:00Z,10.88,0.00512,736.82715,29.84
2026-09-20T01:50:00Z,13.73,0.00024,53.37841,30.06
2026-09-20T02:00:00Z,16.36,0.0045,4.7355,30.19
2026-09-20T02:10:00Z,18.45,0.01201,0.69082,30.24
2026-09-20T02:20:00Z,19.93,0.00242,0.17675,30.19
2026-09-20T02:30:00Z,20.5,0.00613,0.10456,30.05
2026-09-20T02:40:00Z,20.65,0.1125,0.09107,29.82
2026-09-20T02:50:00Z,20.6,0.05305,0.09536,29.51
2026-09-20T03:00:00Z,20,0.00098,0.16572,29.1
2026-09-20T03:10:00Z,20.35,0.00018,0.12005,28.61
2026-09-20T03:20:00Z,20.62,0.00925,0.09362,28.04
2026-09-20T03:30:00Z,20.67,0.008,0.08941,27.39
2026-09-20T03:40:00Z,20.56,0.00085,0.09894,26.66
2026-09-20T03:50:00Z,20.72,0.00001,0.08538,25.85
2026-09-20T04:00:00Z,20.75,0.00001,0.08305,24.97
2026-09-20T04:10:00Z,20.78,0.00001,0.08079,24.02
2026-09-20T04:20:00Z,20.82,0.00002,0.07787,23
2026-09-20T04:30:00Z,20.86,0.00025,0.07505,21.92
2026-09-20T04:40:00Z,20.9,0.00025,0.07234,20.78
2026-09-20T04:50:00Z,20.96,0.00025,0.06845,19.59
2026-09-20T05:00:00Z,20.97,0.00688,0.06782,18.33
2026-09-20T05:10:00Z,21,0.01056,0.06597,17.03
2026-09-20T05:20:00Z,21.12,0.01633,0.05907,15.68
2026-09-20T05:30:00Z,21.05,0.01627,0.063,14.28
2026-09-20T05:40:00Z,21.21,0.01258,0.05437,12.84
2026-09-20T05:50:00Z,21.31,0.01224,0.04959,11.36
2026-09-20T06:00:00Z,21.35,0.01227,0.04779,9.84
2026-09-20T06:10:00Z,21.4,0.00899,0.04564,8.28
2026-09-20T06:20:00Z,21.45,0.003,0.04359,6.69
2026-09-20T06:30:00Z,21.52,0.01114,0.04087,5.07
2026-09-20T06:40:00Z,21.6,0.01828,0.03796,3.42
2026-09-20T06:50:00Z,21.7,0.01581,0.03462,1.74
2026-09-20T07:00:00Z,21.85,0.0082,0.03016,0.04
2026-09-20T07:10:00Z,22.01,0.01241,0.02602,-1.69
2026-09-20T07:20:00Z,22.13,0.03182,0.0233,-3.45
2026-09-20T07:30:00Z,22.2,0.04286,0.02185,-5.22
2026-09-20T07:40:00Z,22.23,0.02946,0.02125,-7.02
2026-09-20T07:50:00Z,22.23,0.01049,0.02125,-8.83
2026-09-20T08:00:00Z,22.25,0.00262,0.02086,-10.66
2026-09-20T08:10:00Z,22.28,0.00347,0.02029,-12.51
2026-09-20T08:20:00Z,22.3,0.00541,0.01992,-14.37
2026-09-20T08:30:00Z,22.29,0.00498,0.02011,-16.25
2026-09-20T08:40:00Z,22.25,0.00397,0.02086,-18.14
2026-09-20T08:50:00Z,22.23,0.00538,0.02125,-20.05
2026-09-20T09:00:00Z,22.25,0.00608,0.02086,-21.97
2026-09-20T09:10:00Z,22.28,0.00409,0.02029,-23.89
2026-09-20T09:20:00Z,22.31,0.00157,0.01974,-25.83
2026-09-20T09:30:00Z,22.31,0.00001,0.01974,-27.78
2026-09-20T09:40:00Z,22.31,0.00004,0.01974,-29.74
2026-09-20T09:50:00Z,22.31,0.00004,0.01974,-31.7
2026-09-20T10:00:00Z,22.3,0.00001,0.01992,-33.67
2026-09-20T10:10:00Z,22.3,0.00001,0.01992,-35.65
2026-09-20T10:20:00Z,22.3,0.00002,0.01992,-37.64
2026-09-20T10:30:00Z,22.29,0.00001,0.02011,-39.63
2026-09-20T10:40:00Z,22.27,0.00001,0.02048,-41.63
2026-09-20T10:50:00Z,22.26,0.00001,0.02067,-43.63
2026-09-20T11:00:00Z,22.23,0.00002,0.02125,-45.63
2026-09-20T11:10:00Z,22.21,0.00005,0.02165,-47.64
2026-09-20T11:20:00Z,22.18,0.00005,0.02225,-49.66
2026-09-20T11:30:00Z,22.14,0.00002,0.02309,-51.67
2026-09-20T11:40:00Z,22.12,0.00001,0.02352,-53.69
2026-09-20T11:50:00Z,22.09,0.00004,0.02417,-55.7
2026-09-20T12:00:00Z,22,0.00005,0.02626,-57.72
2026-09-20T12:10:00Z,21.5,0.00012,0.04163,-59.74
2026-09-20T12:20:00Z,20.2,0.00613,0.13784,-61.75
2026-09-20T12:30:00Z,18.29,0.00761,0.80051,-63.76
2026-09-20T12:40:00Z,15.95,0.00181,6.90821,-65.76
2026-09-20T12:50:00Z,13.15,0.00162,91.06796,-67.76
2026-09-21T01:30:00Z,9.33,0.02312,3071.60681,28.88
2026-09-21T01:40:00Z,11.5,0.04324,416.2609,29.65
2026-09-21T01:50:00Z,14.22,0.00313,33.99113,30.33
2026-09-21T02:00:00Z,16.81,0.00578,3.12871,30.93
2026-09-21T02:10:00Z,18.34,0.00013,0.76448,31.44
2026-09-21T02:20:00Z,19.06,0.0174,0.39388,31.86
2026-09-21T02:30:00Z,19.31,0.0004,0.31287,32.19
2026-09-21T02:40:00Z,19.14,0.00072,0.3659,32.43
2026-09-21T02:50:00Z,19.14,0.00004,0.3659,32.58
2026-09-21T03:00:00Z,19.22,0.02048,0.33991,32.63
2026-09-21T03:10:00Z,19.26,0.16562,0.32762,32.58
2026-09-21T03:20:00Z,19.29,0.09248,0.31869,32.44
2026-09-21T03:30:00Z,19.95,0.03698,0.17353,32.21
2026-09-21T03:40:00Z,19.42,0.2226,0.28273,31.88
2026-09-21T03:50:00Z,19.06,0.08581,0.39388,31.47
2026-09-21T04:00:00Z,19.73,0.00085,0.2125,30.96
2026-09-21T04:10:00Z,19.32,0.0006,0.31,30.37
2026-09-21T04:20:00Z,19.14,0.02664,0.3659,29.69
2026-09-21T04:30:00Z,19.32,0.00002,0.31,28.93
2026-09-21T04:40:00Z,19.97,0.00312,0.17036,28.09
2026-09-21T04:50:00Z,20.36,0.0238,0.11895,27.18
2026-09-21T05:00:00Z,20.47,1.00572,0.10749,26.19
2026-09-21T05:10:00Z,20.05,0.83235,0.15826,25.14
2026-09-21T05:20:00Z,19.79,0.57328,0.20108,24.02
2026-09-21T05:30:00Z,20.09,0.56863,0.15253,22.84
2026-09-21T05:40:00Z,19.92,0.59756,0.17839,21.6
2026-09-21T05:50:00Z,20.6,0.41909,0.09536,20.31
2026-09-21T06:00:00Z,20.38,0.46821,0.11678,18.96
2026-09-21T06:10:00Z,19.94,0.46309,0.17513,17.57
2026-09-21T06:20:00Z,20.34,0.48872,0.12116,16.12
2026-09-21T06:30:00Z,20.74,0.48218,0.08382,14.64
2026-09-21T06:40:00Z,20.76,0.34773,0.08229,13.12
2026-09-21T06:50:00Z,21.01,0.45024,0.06537,11.55
2026-09-21T07:00:00Z,21.13,0.26854,0.05853,9.96
2026-09-21T07:10:00Z,20.83,0.1544,0.07716,8.33
2026-09-21T07:20:00Z,20.78,0.33288,0.08079,6.66
2026-09-21T07:30:00Z,20.87,0.38253,0.07436,4.97
2026-09-21T07:40:00Z,21.14,0.41316,0.05799,3.25
2026-09-21T07:50:00Z,21.57,0.12135,0.03903,1.51
2026-09-21T08:00:00Z,21.59,0.06989,0.03831,-0.26
2026-09-21T08:10:00Z,22,0.13674,0.02626,-2.05
2026-09-21T08:20:00Z,22.13,0.18179,0.0233,-3.86
2026-09-21T08:30:00Z,22.21,0.15134,0.02165,-5.69
2026-09-21T08:40:00Z,22.22,0.15878,0.02145,-7.54
2026-09-21T08:50:00Z,22.19,0.02387,0.02205,-9.4
2026-09-21T09:00:00Z,22.17,0.00542,0.02246,-11.28
2026-09-21T09:10:00Z,22.17,0.00211,0.02246,-13.18
2026-09-21T09:20:00Z,22.18,0.00209,0.02225,-15.09
2026-09-21T09:30:00Z,22.2,0.00001,0.02185,-17.01
2026-09-21T09:40:00Z,22.2,0.00001,0.02185,-18.94
2026-09-21T09:50:00Z,22.2,0.00005,0.02185,-20.89
2026-09-21T10:00:00Z,22.2,0.00002,0.02185,-22.84
2026-09-21T10:10:00Z,22.21,0.00001,0.02165,-24.81
2026-09-21T10:20:00Z,22.21,0.00001,0.02165,-26.78
2026-09-21T10:30:00Z,22.21,0.00002,0.02165,-28.76
2026-09-21T10:40:00Z,22.2,0.00001,0.02185,-30.74
2026-09-21T10:50:00Z,22.19,0.00001,0.02205,-32.74
2026-09-21T11:00:00Z,22.19,0.00001,0.02205,-34.74
2026-09-21T11:10:00Z,22.17,0.00001,0.02246,-36.74
2026-09-21T11:20:00Z,22.16,0.00004,0.02267,-38.75
2026-09-21T11:30:00Z,22.14,0.00004,0.02309,-40.76
2026-09-21T11:40:00Z,22.12,0.00002,0.02352,-42.77
2026-09-21T11:50:00Z,22.07,0.00001,0.02462,-44.79
2026-09-21T12:00:00Z,21.96,0.00005,0.02725,-46.81
2026-09-21T12:10:00Z,21.5,0.00005,0.04163,-48.83
2026-09-21T12:20:00Z,20.2,0.00421,0.13784,-50.84
2026-09-21T12:30:00Z,18.25,0.012,0.83055,-52.86
2026-09-21T12:40:00Z,15.98,0.0018,6.71994,-54.87
2026-09-21T12:50:00Z,13.16,0.00544,90.23305,-56.88
2026-09-22T01:30:00Z,9.35,0.03698,3015.54367,27.16
2026-09-22T01:40:00Z,11.72,0.00613,339.91131,28.33
2026-09-22T01:50:00Z,14.59,0.0018,24.17495,29.44
2026-09-22T02:00:00Z,17.1,0.0022,2.39533,30.48
2026-09-22T02:10:00Z,18.9,0.0245,0.45642,31.45
2026-09-22T02:20:00Z,19.8,0.05101,0.19923,32.33
2026-09-22T02:30:00Z,20.01,0.13122,0.1642,33.14
2026-09-22T02:40:00Z,20.23,0.00288,0.13408,33.85
2026-09-22T02:50:00Z,19.45,0.02888,0.27502,34.48
2026-09-22T03:00:00Z,19.29,0.02888,0.31869,35.02
2026-09-22T03:10:00Z,19.51,0.01512,0.26023,35.46
2026-09-22T03:20:00Z,19.35,0.00145,0.30155,35.8
2026-09-22T03:30:00Z,19.57,0.00025,0.24624,36.04
2026-09-22T03:40:00Z,19.62,0.02964,0.23516,36.19
2026-09-22T03:50:00Z,19.33,0.00128,0.30716,36.22
2026-09-22T04:00:00Z,18.77,0.02178,0.51448,36.16
2026-09-22T04:10:00Z,18.71,0.01352,0.54371,36
2026-09-22T04:20:00Z,18.99,0.01405,0.42011,35.73
2026-09-22T04:30:00Z,18.95,0.03872,0.43588,35.37
2026-09-22T04:40:00Z,19.11,0.03528,0.37615,34.9
2026-09-22T04:50:00Z,18.94,0.00613,0.43991,34.35
2026-09-22T05:00:00Z,19.32,0.13229,0.31,33.7
2026-09-22T05:10:00Z,19.41,0.47807,0.28534,32.96
2026-09-22T05:20:00Z,19.56,0.43999,0.24852,32.14
2026-09-22T05:30:00Z,19.29,0.72386,0.31869,31.23
2026-09-22T05:40:00Z,18.79,0.99902,0.50509,30.25
2026-09-22T05:50:00Z,19.21,1.04425,0.34306,29.19
2026-09-22T06:00:00Z,19.88,0.89516,0.18508,28.07
2026-09-22T06:10:00Z,20.19,0.68229,0.13911,26.87
2026-09-22T06:20:00Z,20.27,1.45419,0.12923,25.62
2026-09-22T06:30:00Z,20.47,1.18442,0.10749,24.3
2026-09-22T06:40:00Z,20.13,0.51706,0.14702,22.94
2026-09-22T06:50:00Z,19.61,1.68692,0.23734,21.52
2026-09-22T07:00:00Z,19.67,1.97124,0.22458,20.05
2026-09-22T07:10:00Z,20,2.46754,0.16572,18.53
2026-09-22T07:20:00Z,21.19,1.47826,0.05538,16.98
2026-09-22T07:30:00Z,21.11,2.30446,0.05962,15.39
2026-09-22T07:40:00Z,22.04,3.24394,0.02531,13.75
2026-09-22T07:50:00Z,21.49,2.53054,0.04201,12.09
2026-09-22T08:00:00Z,20.79,1.0346,0.08005,10.39
2026-09-22T08:10:00Z,20.63,0.91108,0.09276,8.67
2026-09-22T08:20:00Z,20.91,1.16794,0.07167,6.91
2026-09-22T08:30:00Z,20.74,0.95627,0.08382,5.14
2026-09-22T08:40:00Z,20.73,0.44786,0.0846,3.33
2026-09-22T08:50:00Z,21.25,0.31049,0.0524,1.51
2026-09-22T09:00:00Z,21.63,0.27529,0.03693,-0.33
2026-09-22T09:10:00Z,21.94,0.23819,0.02776,-2.2
2026-09-22T09:20:00Z,22.12,0.36209,0.02352,-4.08
2026-09-22T09:30:00Z,22.17,0.00018,0.02246,-5.97
2026-09-22T09:40:00Z,22.18,0.00001,0.02225,-7.89
2026-09-22T09:50:00Z,22.21,0.0004,0.02165,-9.81
2026-09-22T10:00:00Z,22.25,0.00018,0.02086,-11.75
2026-09-22T10:10:00Z,22.23,0.00001,0.02125,-13.7
2026-09-22T10:20:00Z,22.34,0.00024,0.0192,-15.66
2026-09-22T10:30:00Z,22.29,0.0018,0.02011,-17.63
2026-09-22T10:40:00Z,22.38,0.00421,0.01851,-19.61
2026-09-22T10:50:00Z,22.44,0.0045,0.01751,-21.59
2026-09-22T11:00:00Z,22.4,0.00144,0.01817,-23.59
2026-09-22T11:10:00Z,22.32,0.00025,0.01956,-25.59
2026-09-22T11:20:00Z,22.3,0.00018,0.01992,-27.59
2026-09-22T11:30:00Z,22.3,0.0005,0.01992,-29.6
2026-09-22T11:40:00Z,22.35,0.00008,0.01903,-31.62
2026-09-22T11:50:00Z,22.36,0.00004,0.01885,-33.63
2026-09-22T12:00:00Z,22.37,0.00041,0.01868,-35.65
2026-09-22T12:10:00Z,21.86,0.00008,0.02988,-37.67
2026-09-22T12:20:00Z,20.43,0.01352,0.11152,-39.69
2026-09-22T12:30:00Z,18.41,0.008,0.71675,-41.71
2026-09-22T12:40:00Z,16.2,0.00544,5.48739,-43.73
2026-09-22T12:50:00Z,13.42,0.008,71.01754,-45.74
2026-09-23T01:30:00Z,9.69,0.02312,2204.78183,24.37
2026-09-23T01:40:00Z,12.19,0.02048,220.47818,25.9
2026-09-23T01:50:00Z,14.9,0.00128,18.17045,27.38
2026-09-23T02:00:00Z,17.14,0.02738,2.30869,28.8
2026-09-23T02:10:00Z,18.27,0.00128,0.81539,30.17
2026-09-23T02:20:00Z,18.45,0.00113,0.69082,31.47
2026-09-23T02:30:00Z,18.42,0.002,0.71018,32.71
2026-09-23T02:40:00Z,18.34,0.00288,0.76448,33.88
2026-09-23T02:50:00Z,18.36,0.0048,0.75053,34.98
2026-09-23T03:00:00Z,18.28,0.0045,0.80791,35.99
2026-09-23T03:10:00Z,18.34,0.0018,0.76448,36.92
2026-09-23T03:20:00Z,18.23,0.0004,0.84599,37.77
2026-09-23T03:30:00Z,18.25,0.00004,0.83055,38.52
2026-09-23T03:40:00Z,18.21,0.00001,0.86172,39.17
2026-09-23T03:50:00Z,18.2,0.00004,0.86969,39.72
2026-09-23T04:00:00Z,18.19,0.00012,0.87774,40.16
2026-09-23T04:10:00Z,18.18,0.00001,0.88586,40.5
2026-09-23T04:20:00Z,18.14,0.00002,0.91911,40.73
2026-09-23T04:30:00Z,18.12,0.00004,0.93619,40.85
2026-09-23T04:40:00Z,18.11,0.00012,0.94486,40.85
2026-09-23T04:50:00Z,18.13,0.00001,0.92761,40.74
2026-09-23T05:00:00Z,18.16,0.00002,0.90233,40.52
2026-09-23T05:10:00Z,18.2,0.00002,0.86969,40.19
2026-09-23T05:20:00Z,18.19,0.00001,0.87774,39.75
2026-09-23T05:30:00Z,18.2,0.00018,0.86969,39.21
2026-09-23T05:40:00Z,18.4,0.00024,0.72338,38.56
2026-09-23T05:50:00Z,18.69,0.00144,0.55382,37.82
2026-09-23T06:00:00Z,18.4,0.0005,0.72338,36.98
2026-09-23T06:10:00Z,18.24,0.02245,0.83823,36.06
2026-09-23T06:20:00Z,18.29,0.02521,0.80051,35.05
2026-09-23T06:30:00Z,18.45,0.00032,0.69082,33.96
2026-09-23T06:40:00Z,18.53,0.0005,0.64175,32.79
2026-09-23T06:50:00Z,18.65,0.0018,0.5746,31.56
2026-09-23T07:00:00Z,18.74,0.00072,0.52889,30.26
2026-09-23T07:10:00Z,18.82,0.00025,0.49132,28.89
2026-09-23T07:20:00Z,19.01,0.00002,0.41244,27.47
2026-09-23T07:30:00Z,19.08,0.00072,0.38669,26
2026-09-23T07:40:00Z,19.24,0.00265,0.33371,24.48
2026-09-23T07:50:00Z,19.62,0.00221,0.23516,22.91
2026-09-24T01:30:00Z,10.06,0.00685,1568.07063,20.6
2026-09-24T01:40:00Z,12.58,0.02964,153.94501,22.39
2026-09-24T01:50:00Z,15.09,0.00288,15.25336,24.15
2026-09-24T02:00:00Z,17.22,0.02964,2.1447,25.88
2026-09-24T02:10:00Z,18.2,0.00265,0.86969,27.57
2026-09-24T02:20:00Z,18.27,0.00162,0.81539,29.22
2026-09-24T02:30:00Z,18.2,0.00002,0.86969,30.82
2026-09-24T02:40:00Z,18.22,0.00512,0.85382,32.38
2026-09-24T02:50:00Z,18.15,0.01458,0.91068,33.88
2026-09-24T03:00:00Z,18.01,0.00882,1.03601,35.32
2026-09-24T03:10:00Z,18.12,0.00013,0.93619,36.7
2026-09-24T03:20:00Z,17.94,0.0004,1.10501,38.01
2026-09-24T03:30:00Z,17.89,0.00128,1.15709,39.24
2026-09-24T03:40:00Z,17.92,0.00072,1.12555,40.4
2026-09-24T03:50:00Z,17.94,0.0048,1.10501,41.47
2026-09-24T04:00:00Z,18.11,0.0084,0.94486,42.45
2026-09-24T04:10:00Z,18.31,0.00312,0.7859,43.33
2026-09-24T04:20:00Z,18.23,0.00085,0.84599,44.11
2026-09-24T04:30:00Z,18.28,0.00072,0.80791,44.78
2026-09-24T04:40:00Z,18.21,0.00032,0.86172,45.34
2026-09-24T04:50:00Z,18.15,0.00032,0.91068,45.77
2026-09-24T05:00:00Z,18.22,0.03447,0.85382,46.09
2026-09-24T05:10:00Z,18.34,0.09254,0.76448,46.28
2026-09-24T05:20:00Z,18.43,0.2496,0.70366,46.35
2026-09-24T05:30:00Z,18.33,0.23974,0.77155,46.28
2026-09-24T05:40:00Z,18.07,0.17027,0.98031,46.1
2026-09-24T05:50:00Z,17.75,0.11359,1.31633,45.78
2026-09-24T06:00:00Z,17.83,0.12009,1.22283,45.35
2026-09-24T06:10:00Z,17.9,0.12899,1.14648,44.8
2026-09-24T06:20:00Z,17.7,0.12957,1.37837,44.13
2026-09-24T06:30:00Z,17.7,0.36758,1.37837,43.36
2026-09-24T06:40:00Z,17.76,0.3484,1.30426,42.48
2026-09-24T06:50:00Z,18,0.48134,1.0456,41.5
2026-09-24T07:00:00Z,18.58,0.49122,0.61287,40.44
2026-09-24T07:10:00Z,18.25,0.51543,0.83055,39.28
2026-09-24T07:20:00Z,17.87,0.45295,1.1786,38.05
2026-09-24T07:30:00Z,18.03,0.38894,1.0171,36.74
2026-09-24T07:40:00Z,18,0.48907,1.0456,35.37
2026-09-24T07:50:00Z,18.23,0.19916,0.84599,33.93
2026-09-24T08:00:00Z,18.38,0.04779,0.73683,32.44
2026-09-24T08:10:00Z,18.61,0.10486,0.59616,30.89
2026-09-24T08:20:00Z,18.63,0.16732,0.58528,29.29
2026-09-24T08:30:00Z,18.6,0.09816,0.60168,27.65
2026-09-24T08:40:00Z,18.52,0.07434,0.64769,25.97
2026-09-24T08:50:00Z,18.46,0.14626,0.68449,24.25
2026-09-24T09:00:00Z,18.55,0.22159,0.63004,22.49
2026-09-24T09:10:00Z,18.76,0.16099,0.51924,20.7
2026-09-24T09:20:00Z,19.01,0.07201,0.41244,18.89
2026-09-24T09:30:00Z,19.26,0.00032,0.32762,17.05
2026-09-24T09:40:00Z,19.36,0.00008,0.29879,15.19
2026-09-24T09:50:00Z,19.38,0.00113,0.29334,13.3
2026-09-24T10:00:00Z,19.32,0.00024,0.31,11.39
2026-09-24T10:10:00Z,19.24,0.00001,0.33371,9.47
2026-09-24T10:20:00Z,19.98,0.00018,0.1688,7.53
2026-09-24T10:30:00Z,20.26,0.03528,0.13043,5.58
2026-09-24T10:40:00Z,20.65,0.08192,0.09107,3.61
2026-09-24T10:50:00Z,21.69,0.01624,0.03494,1.64
2026-09-24T11:00:00Z,22.02,0.01458,0.02578,-0.35
2026-09-24T11:10:00Z,22.32,0.09248,0.01956,-2.35
2026-09-24T11:20:00Z,22.72,0.02312,0.01353,-4.35
2026-09-24T11:30:00Z,22.97,0.00085,0.01075,-6.36
2026-09-24T11:40:00Z,23.08,0.00313,0.00971,-8.37
2026-09-24T11:50:00Z,23.33,0.00001,0.00772,-10.39
2026-09-24T12:00:00Z,23.09,0.00392,0.00962,-12.42
2026-09-24T12:10:00Z,22.78,0.01984,0.0128,-14.44
2026-09-24T12:20:00Z,21.6,0.00882,0.03796,-16.47
2026-09-24T12:30:00Z,19.41,0.032,0.28534,-18.49
2026-09-24T12:40:00Z,16.88,0.00098,2.93336,-20.52
2026-09-24T12:50:00Z,14.24,0.02245,33.37072,-22.54
2026-09-25T01:30:00Z,10.42,0.02888,1125.55215,15.94
2026-09-25T01:40:00Z,13.06,0.00338,98.93857,17.91
2026-09-25T01:50:00Z,15.83,0.00008,7.71553,19.87
2026-09-25T02:00:00Z,17.97,0.018,1.07489,21.81
2026-09-25T02:10:00Z,19.22,0.00338,0.33991,23.72
2026-09-25T02:20:00Z,19.54,0.00013,0.25314,25.62
2026-09-25T02:30:00Z,19.53,0.00002,0.25549,27.48
2026-09-25T02:40:00Z,19.45,0.00001,0.27502,29.32
2026-09-25T02:50:00Z,19.35,0.00001,0.30155,31.13
2026-09-25T03:00:00Z,19.25,0.00001,0.33065,32.9
2026-09-25T03:10:00Z,19.14,0.00001,0.3659,34.63
2026-09-25T03:20:00Z,19.02,0.00008,0.40866,36.32
2026-09-25T03:30:00Z,18.9,0.00002,0.45642,37.96
2026-09-25T03:40:00Z,18.77,0.00001,0.51448,39.55
2026-09-25T03:50:00Z,18.67,0.00001,0.56411,41.08
2026-09-25T04:00:00Z,18.58,0.00002,0.61287,42.54
2026-09-25T04:10:00Z,18.49,0.00002,0.66583,43.93
2026-09-25T04:20:00Z,18.4,0.00001,0.72338,45.25
2026-09-25T04:30:00Z,18.33,0.00001,0.77155,46.48
2026-09-25T04:40:00Z,18.26,0.00001,0.82294,47.61
2026-09-25T04:50:00Z,18.2,0.00162,0.86969,48.65
2026-09-25T05:00:00Z,18.14,0.01582,0.91911,49.57
2026-09-25T05:10:00Z,18.07,0.01339,0.98031,50.38
2026-09-25T05:20:00Z,18.17,0.01148,0.89406,51.07
2026-09-25T05:30:00Z,18.08,0.01076,0.97133,51.62
2026-09-25T05:40:00Z,18,0.0108,1.0456,52.04
2026-09-25T05:50:00Z,17.99,0.01307,1.05527,52.32
2026-09-25T06:00:00Z,17.98,0.01473,1.06504,52.45
2026-09-25T06:10:00Z,17.97,0.00556,1.07489,52.43
2026-09-25T06:20:00Z,17.99,0.00095,1.05527,52.27
2026-09-25T06:30:00Z,18,0.00229,1.0456,51.97
2026-09-25T06:40:00Z,17.99,0.00326,1.05527,51.53
2026-09-25T06:50:00Z,18.01,0.00355,1.03601,50.95
2026-09-25T07:00:00Z,18.06,0.00478,0.98939,50.24
2026-09-25T07:10:00Z,18.1,0.01631,0.9536,49.41
2026-09-25T07:20:00Z,18.14,0.02031,0.91911,48.46
2026-09-25T07:30:00Z,18.2,0.03014,0.86969,47.41
2026-09-25T07:40:00Z,18.06,0.03754,0.98939,46.26
2026-09-25T07:50:00Z,18.26,0.04394,0.82294,45.02
2026-09-25T08:00:00Z,18.37,0.04275,0.74364,43.69
2026-09-25T08:10:00Z,18.45,0.03118,0.69082,42.29
2026-09-25T08:20:00Z,18.57,0.00447,0.61854,40.82
2026-09-25T08:30:00Z,18.69,0.00088,0.55382,39.29
2026-09-25T08:40:00Z,18.81,0.00152,0.49587,37.7
2026-09-25T08:50:00Z,18.92,0.00252,0.44809,36.05
2026-09-25T09:00:00Z,19.02,0.00278,0.40866,34.37
2026-09-25T09:10:00Z,19.1,0.00179,0.37963,32.64
2026-09-25T09:20:00Z,19.19,0.00069,0.34943,30.87
2026-09-25T09:30:00Z,19.27,0.00004,0.32461,29.07
2026-09-25T09:40:00Z,19.36,0.00002,0.29879,27.24
2026-09-25T09:50:00Z,19.47,0.00002,0.27,25.38
2026-09-25T10:00:00Z,19.57,0.00001,0.24624,23.49
2026-09-25T10:10:00Z,19.66,0.00005,0.22666,21.59
2026-09-25T10:20:00Z,19.77,0.00001,0.20482,19.66
2026-09-25T10:30:00Z,19.89,0.00004,0.18339,17.72
2026-09-25T10:40:00Z,19.98,0.00001,0.1688,15.76
2026-09-25T10:50:00Z,20.07,0.00008,0.15537,13.79
2026-09-25T11:00:00Z,20.14,0.00004,0.14567,11.8
2026-09-25T11:10:00Z,20.23,0.00002,0.13408,9.81
2026-09-25T11:20:00Z,20.31,0.00008,0.12456,7.8
2026-09-25T11:30:00Z,20.42,0.00004,0.11256,5.79
2026-09-25T11:40:00Z,20.57,0.00008,0.09803,3.78
2026-09-25T11:50:00Z,20.77,0.00001,0.08154,1.75
2026-09-25T12:00:00Z,21.06,0.00001,0.06243,-0.27
2026-09-25T12:10:00Z,21.27,0.00008,0.05145,-2.3
2026-09-25T12:20:00Z,20.64,0.00145,0.09191,-4.33
2026-09-25T12:30:00Z,18.92,0.02888,0.44809,-6.36
2026-09-25T12:40:00Z,16.72,0.00312,3.39911,-8.39
2026-09-25T12:50:00Z,14.02,0.0186,40.86633,-10.42
2026-09-26T01:20:00Z,8.5,0.05832,6597.29071,8.45
2026-09-26T01:30:00Z,10.52,0.00761,1026.51576,10.52
2026-09-26T01:40:00Z,13.39,0.00338,73.00719,12.59
2026-09-26T01:50:00Z,16.03,0.00002,6.4175,14.65
2026-09-26T02:00:00Z,18.05,0.01404,0.99854,16.7
2026-09-26T02:10:00Z,19.19,0.00338,0.34943,18.75
2026-09-26T02:20:00Z,19.47,0.0005,0.27,20.79
2026-09-26T02:30:00Z,19.42,0.00008,0.28273,22.81
2026-09-26T02:40:00Z,19.3,0.00001,0.31577,24.83
2026-09-26T02:50:00Z,19.21,0.00002,0.34306,26.83
2026-09-26T03:00:00Z,19.11,0.00001,0.37615,28.81
2026-09-26T03:10:00Z,19.01,0.00001,0.41244,30.77
2026-09-26T03:20:00Z,18.89,0.00004,0.46064,32.71
2026-09-26T03:30:00Z,18.76,0.00001,0.51924,34.63
2026-09-26T03:40:00Z,18.61,0.00001,0.59616,36.51
2026-09-26T03:50:00Z,18.47,0.00002,0.67821,38.37
2026-09-26T04:00:00Z,18.34,0.00002,0.76448,40.19
2026-09-26T04:10:00Z,18.22,0.00001,0.85382,41.98
2026-09-26T04:20:00Z,18.09,0.00001,0.96242,43.71
2026-09-26T04:30:00Z,17.97,0.00001,1.07489,45.4
2026-09-26T04:40:00Z,17.86,0.00002,1.1895,47.03
2026-09-26T04:50:00Z,17.76,0.00189,1.30426,48.6
2026-09-26T05:00:00Z,17.67,0.00075,1.41699,50.09
2026-09-26T05:10:00Z,17.57,0.00037,1.55369,51.51
2026-09-26T05:20:00Z,17.48,0.00168,1.68797,52.83
2026-09-26T05:30:00Z,17.38,0.00313,1.85083,54.06
2026-09-26T05:40:00Z,17.3,0.00385,1.99235,55.17
2026-09-26T05:50:00Z,17.25,0.00331,2.08625,56.16
2026-09-26T06:00:00Z,17.19,0.00262,2.20478,57.01
2026-09-26T06:10:00Z,17.13,0.00207,2.33005,57.73
2026-09-26T06:20:00Z,17.08,0.00334,2.43986,58.28
2026-09-26T06:30:00Z,17.04,0.00569,2.53143,58.68
2026-09-26T06:40:00Z,17.02,0.00646,2.57849,58.9
2026-09-26T06:50:00Z,17.01,0.00671,2.60235,58.96
2026-09-26T07:00:00Z,17.01,0.00875,2.60235,58.84
2026-09-26T07:10:00Z,17.02,0.01091,2.57849,58.55
2026-09-26T07:20:00Z,17.05,0.01369,2.50822,58.09
2026-09-26T07:30:00Z,17.11,0.012,2.37337,57.47
2026-09-26T07:40:00Z,17.18,0.00728,2.22518,56.7
2026-09-26T07:50:00Z,17.27,0.0026,2.04817,55.8
2026-09-26T08:00:00Z,17.35,0.00042,1.90268,54.76
2026-09-26T08:10:00Z,17.43,0.00027,1.76753,53.61
2026-09-26T08:20:00Z,17.51,0.00022,1.64197,52.35
2026-09-26T08:30:00Z,17.59,0.00115,1.52534,51
2026-09-26T08:40:00Z,17.69,0.00478,1.39112,49.56
2026-09-26T08:50:00Z,17.77,0.00591,1.29231,48.05
2026-09-26T09:00:00Z,17.89,0.00434,1.15709,46.46
2026-09-26T09:10:00Z,18.04,0.0024,1.00778,44.82
2026-09-26T09:20:00Z,18.16,0.00259,0.90233,43.13
2026-09-26T09:30:00Z,18.27,0.00018,0.81539,41.38
2026-09-26T09:40:00Z,18.37,0.00002,0.74364,39.6
2026-09-26T09:50:00Z,18.46,0.00001,0.68449,37.78
2026-09-26T10:00:00Z,18.55,0.00001,0.63004,35.92
2026-09-26T10:10:00Z,18.64,0.00001,0.57992,34.04
2026-09-26T10:20:00Z,18.73,0.00001,0.53378,32.13
2026-09-26T10:30:00Z,18.83,0.00001,0.48682,30.21
2026-09-26T10:40:00Z,18.91,0.00001,0.45224,28.26
2026-09-26T10:50:00Z,19.01,0.00004,0.41244,26.29
2026-09-26T11:00:00Z,19.12,0.00008,0.37271,24.31
2026-09-26T11:10:00Z,19.22,0.00001,0.33991,22.32
2026-09-26T11:20:00Z,19.33,0.00002,0.30716,20.32
2026-09-26T11:30:00Z,19.44,0.00002,0.27757,18.3
2026-09-26T11:40:00Z,19.54,0.00001,0.25314,16.28
2026-09-26T11:50:00Z,19.63,0.00001,0.23301,14.26
2026-09-26T12:00:00Z,19.71,0.00001,0.21645,12.23
2026-09-26T12:10:00Z,19.75,0.00001,0.20862,10.2
2026-09-26T12:20:00Z,19.56,0.00005,0.24852,8.16
2026-09-26T12:30:00Z,18.59,0.0018,0.60725,6.13
2026-09-26T12:40:00Z,16.7,0.01513,3.46231,4.09
2026-09-26T12:50:00Z,14.04,0.00098,40.12043,2.06
2026-09-27T01:20:00Z,8.89,0.01985,4606.44215,2.46
2026-09-27T01:30:00Z,11.06,0.04512,624.26016,4.53
2026-09-27T01:40:00Z,13.8,0.00024,50.04557,6.6
2026-09-27T01:50:00Z,16.48,0.03872,4.24,8.68
2026-09-27T02:00:00Z,18.15,0.01105,0.91068,10.76
2026-09-27T02:10:00Z,18.74,0.03961,0.52889,12.85
2026-09-27T02:20:00Z,19.13,0.00072,0.36929,14.93
2026-09-27T02:30:00Z,18.85,0.05408,0.47793,17.01
2026-09-27T02:40:00Z,18.79,0.0605,0.50509,19.1
2026-09-27T02:50:00Z,19.07,0.01513,0.39027,21.18
2026-09-27T03:00:00Z,18.65,0.00084,0.5746,23.25
2026-09-27T03:10:00Z,18.63,0.00005,0.58528,25.32
2026-09-27T03:20:00Z,18.46,0.00041,0.68449,27.39
2026-09-27T03:30:00Z,18.27,0.0245,0.81539,29.44
2026-09-27T03:40:00Z,18.09,0.06962,0.96242,31.49
2026-09-27T03:50:00Z,17.83,0.01861,1.22283,33.53
2026-09-27T04:00:00Z,18.19,0.00128,0.87774,35.55
2026-09-27T04:10:00Z,17.99,0.00481,1.05527,37.56
2026-09-27T04:20:00Z,17.84,0.00144,1.21162,39.55
2026-09-27T04:30:00Z,17.58,0.03872,1.53945,41.51
2026-09-27T04:40:00Z,17.52,0.00612,1.62692,43.46
2026-09-27T04:50:00Z,17.83,0.16871,1.22283,45.37
2026-09-27T05:00:00Z,17.63,0.17091,1.47016,47.26
2026-09-27T05:10:00Z,17.27,0.17154,2.04817,49.1
2026-09-27T05:20:00Z,17.18,0.13687,2.22518,50.91
2026-09-27T05:30:00Z,17.09,0.08281,2.4175,52.66
2026-09-27T05:40:00Z,17.09,0.04814,2.4175,54.35
2026-09-27T05:50:00Z,16.98,0.01172,2.67526,55.98
2026-09-27T06:00:00Z,16.85,0.01084,3.01554,57.52
2026-09-27T06:10:00Z,16.71,0.01694,3.43056,58.98
2026-09-27T06:20:00Z,16.62,0.0112,3.72705,60.33
2026-09-27T06:30:00Z,16.57,0.03439,3.9027,61.56
2026-09-27T06:40:00Z,16.33,0.03048,4.86817,62.66
2026-09-27T06:50:00Z,16.33,0.03848,4.86817,63.61
2026-09-27T07:00:00Z,16.38,0.04725,4.64907,64.38
2026-09-27T07:10:00Z,16.16,0.04266,5.69332,64.97
2026-09-27T07:20:00Z,16.24,0.02136,5.2889,65.36
2026-09-27T07:30:00Z,16.24,0.05365,5.2889,65.54
2026-09-27T07:40:00Z,16.19,0.08259,5.53816,65.5
2026-09-27T07:50:00Z,16.21,0.08283,5.43708,65.26
2026-09-27T08:00:00Z,15.92,0.11845,7.10175,64.8
2026-09-27T08:10:00Z,16.23,0.13199,5.33784,64.16
2026-09-27T08:20:00Z,16.25,0.11271,5.24041,63.33
2026-09-27T08:30:00Z,16.4,0.09202,4.56421,62.34
2026-09-27T08:40:00Z,16.49,0.05623,4.20113,61.2
2026-09-27T08:50:00Z,16.61,0.02611,3.76154,59.94
2026-09-27T09:00:00Z,16.5,0.03337,4.16261,58.56
2026-09-27T09:10:00Z,16.66,0.13979,3.59224,57.08
2026-09-27T09:20:00Z,16.82,0.18159,3.10003,55.51
2026-09-27T09:30:00Z,16.74,0.00365,3.33707,53.88
2026-09-27T09:40:00Z,17.29,0.00288,2.01078,52.18
2026-09-27T09:50:00Z,17.44,0.03784,1.75132,50.42
2026-09-27T10:00:00Z,17.18,0.05304,2.22518,48.62
2026-09-27T10:10:00Z,16.95,0.00001,2.75021,46.78
2026-09-27T10:20:00Z,17.1,0.00968,2.39533,44.9
2026-09-27T10:30:00Z,16.98,0.00613,2.67526,43
2026-09-27T10:40:00Z,17.25,0.02113,2.08625,41.07
2026-09-27T10:50:00Z,17.92,0.02178,1.12555,39.12
2026-09-27T11:00:00Z,18.06,0.00001,0.98939,37.14
2026-09-27T11:10:00Z,18.33,0.04325,0.77155,35.16
2026-09-27T11:20:00Z,18.57,0.02178,0.61854,33.16
2026-09-27T11:30:00Z,18.71,0.00128,0.54371,31.15
2026-09-27T11:40:00Z,18.55,0.00025,0.63004,29.12
2026-09-27T11:50:00Z,18.86,0.002,0.47355,27.1
2026-09-27T12:00:00Z,18.47,0.02964,0.67821,25.06
2026-09-27T12:10:00Z,18.32,0.06844,0.77869,23.03
2026-09-27T12:20:00Z,18.74,0.04418,0.52889,20.99
2026-09-27T12:30:00Z,18.39,0.00544,0.73007,18.95
2026-09-27T12:40:00Z,16.96,0.08978,2.72499,16.91
2026-09-27T12:50:00Z,14.41,0.00481,28.53419,14.87
2026-09-28T01:20:00Z,9.02,0.00882,4086.63285,-3.84
2026-09-28T01:30:00Z,11.33,0.12325,486.81687,-1.84
2026-09-28T01:40:00Z,14.27,0.0018,32.46128,0.16
2026-09-28T01:50:00Z,17.42,0.0405,1.78388,2.17
2026-09-28T02:00:00Z,19.21,0.00002,0.34306,4.2
2026-09-28T02:10:00Z,19.83,0.00288,0.19381,6.24
2026-09-28T02:20:00Z,20.18,0.00098,0.1404,8.28
2026-09-28T02:30:00Z,20.28,0.00032,0.12805,10.33
2026-09-28T02:40:00Z,20.37,0.00018,0.11786,12.39
2026-09-28T02:50:00Z,20.31,0.018,0.12456,14.46
2026-09-28T03:00:00Z,20.18,0.19801,0.1404,16.53
2026-09-28T03:10:00Z,19.92,0.23544,0.17839,18.6
2026-09-28T03:20:00Z,18.93,0.09522,0.44398,20.68
2026-09-28T03:30:00Z,19.2,0.00338,0.34623,22.77
2026-09-28T03:40:00Z,18.56,0.2442,0.62426,24.85
2026-09-28T03:50:00Z,18.39,0.32005,0.73007,26.93
2026-09-28T04:00:00Z,18.95,0.008,0.43588,29.02
2026-09-28T04:10:00Z,18.03,0.12168,1.0171,31.1
2026-09-28T04:20:00Z,18.16,0.0405,0.90233,33.18
2026-09-28T04:30:00Z,18.94,0.00004,0.43991,35.26
2026-09-28T04:40:00Z,18.81,0.00004,0.49587,37.33
2026-09-28T04:50:00Z,18.67,0.68116,0.56411,39.4
2026-09-28T05:00:00Z,18.55,0.47566,0.63004,41.45
2026-09-28T05:10:00Z,18.42,0.00016,0.71018,43.5
2026-09-28T05:20:00Z,18.3,0.00046,0.79317,45.54
2026-09-28T05:30:00Z,18.17,0.00084,0.89406,47.56
2026-09-28T05:40:00Z,18.04,0.01715,1.00778,49.56
2026-09-28T05:50:00Z,17.89,0.16999,1.15709,51.54
2026-09-28T06:00:00Z,17.75,0.16856,1.31633,53.49
2026-09-28T06:10:00Z,17.46,0.12694,1.71936,55.41
2026-09-28T06:20:00Z,16.88,0.20701,2.93336,57.29
2026-09-28T06:30:00Z,16.72,0.43829,3.39911,59.13
2026-09-28T06:40:00Z,16.6,0.44209,3.79634,60.91
2026-09-28T06:50:00Z,16.7,0.27516,3.46231,62.63
2026-09-28T07:00:00Z,16.83,0.12289,3.07161,64.27
2026-09-28T07:10:00Z,16.6,0.13146,3.79634,65.81
2026-09-28T07:20:00Z,16.49,0.12415,4.20113,67.23
2026-09-28T07:30:00Z,16.2,0.05165,5.48739,68.52
2026-09-28T07:40:00Z,16.2,0.02803,5.48739,69.64
2026-09-28T07:50:00Z,16.04,0.03009,6.35866,70.56
2026-09-28T08:00:00Z,15.86,0.19489,7.50526,71.25
2026-09-28T08:10:00Z,15.58,0.26211,9.71327,71.7
2026-09-28T08:20:00Z,15.42,0.43429,11.25552,71.87
2026-09-28T08:30:00Z,15.82,0.32958,7.78692,71.77
2026-09-28T08:40:00Z,15.8,0.20185,7.93169,71.4
2026-09-28T08:50:00Z,16.07,0.11947,6.18537,70.77
2026-09-28T09:00:00Z,15.91,0.1286,7.16747,69.91
2026-09-28T09:10:00Z,15.91,0.19673,7.16747,68.84
2026-09-28T09:20:00Z,16,0.28137,6.59729,67.6
2026-09-28T09:30:00Z,16.01,0.00025,6.53681,66.22
2026-09-28T09:40:00Z,16.57,0.00144,3.9027,64.72
2026-09-28T09:50:00Z,16.76,0.01984,3.27616,63.11
2026-09-28T10:00:00Z,17,0.04232,2.62643,61.43
2026-09-28T10:10:00Z,16.72,0.00882,3.39911,59.67
2026-09-28T10:20:00Z,16.7,0.01624,3.46231,57.86
2026-09-28T10:30:00Z,17.07,0.03042,2.46244,56
2026-09-28T10:40:00Z,16.9,0.00085,2.87982,54.11
2026-09-28T10:50:00Z,17.51,0.04325,1.64197,52.18
2026-09-28T11:00:00Z,18.08,0.08712,0.97133,50.23
2026-09-28T11:10:00Z,17.88,0.03362,1.16779,48.26
2026-09-28T11:20:00Z,18,0.02664,1.0456,46.26
2026-09-28T11:30:00Z,17.83,0.0594,1.22283,44.26
2026-09-28T11:40:00Z,17.88,0.0186,1.16779,42.24
2026-09-28T11:50:00Z,17.98,0.01301,1.06504,40.21
2026-09-28T12:00:00Z,17.92,0.00145,1.12555,38.18
2026-09-28T12:10:00Z,17.83,0.0022,1.22283,36.14
2026-09-28T12:20:00Z,18.24,0.00084,0.83823,34.1
2026-09-28T12:30:00Z,18.16,0.01405,0.90233,32.05
2026-09-28T12:40:00Z,17.1,0.049,2.39533,30
2026-09-28T12:50:00Z,14.65,0.012,22.87524,27.96
2026-09-29T01:20:00Z,9,0.01568,4162.60903,-10.19
2026-09-29T01:30:00Z,11.18,0.00545,558.94055,-8.36
2026-09-29T01:40:00Z,13.93,0.00008,44.39823,-6.51
2026-09-29T01:50:00Z,16.69,0.03698,3.49434,-4.63
2026-09-29T02:00:00Z,19.13,0.00002,0.36929,-2.74
2026-09-29T02:10:00Z,21.29,0.03121,0.05051,-0.83
2026-09-29T02:20:00Z,22.31,0.00613,0.01974,1.1
2026-09-29T02:30:00Z,22.21,0.00648,0.02165,3.04
2026-09-29T02:40:00Z,21.78,0.01105,0.03216,5
2026-09-29T02:50:00Z,21.37,0.00041,0.04692,6.98
2026-09-29T03:00:00Z,20.62,0.00181,0.09362,8.96
2026-09-29T03:10:00Z,20,0.0006,0.16572,10.96
2026-09-29T03:20:00Z,19.6,0.00265,0.23953,12.97
2026-09-29T03:30:00Z,19.23,0.00761,0.33679,14.99
2026-09-29T03:40:00Z,19,0.00128,0.41626,17.02
2026-09-29T03:50:00Z,18.68,0.002,0.55894,19.05
2026-09-29T04:00:00Z,18.66,0.0001,0.56933,21.1
2026-09-29T04:10:00Z,18.78,0.00042,0.50976,23.15
2026-09-29T04:20:00Z,18.84,0.00246,0.48235,25.21
2026-09-29T05:50:00Z,17.87,0.00013,1.1786,43.89
2026-09-29T06:00:00Z,17.64,0.02048,1.45668,45.97
2026-09-29T06:10:00Z,17.52,1.12885,1.62692,48.04
2026-09-29T06:20:00Z,17.56,1.36446,1.56807,50.11
2026-09-29T06:30:00Z,18.4,0.51326,0.72338,52.16
2026-09-29T06:40:00Z,18.29,1.10137,0.80051,54.21
2026-09-29T06:50:00Z,18.31,0.95502,0.7859,56.25
2026-09-29T07:00:00Z,18.11,0.65891,0.94486,58.26
2026-09-29T09:10:00Z,17.43,0.17551,1.76753,77.51
2026-09-29T09:20:00Z,17.72,0.17127,1.35321,77.43
2026-09-29T09:30:00Z,17.91,0.00812,1.13597,76.97
2026-09-29T09:40:00Z,17.6,0.0032,1.51135,76.18
2026-09-29T09:50:00Z,17.52,0.008,1.62692,75.1
2026-09-29T10:00:00Z,17.85,0.02664,1.20051,73.8
2026-09-29T10:10:00Z,17.88,0.00162,1.16779,72.32
2026-09-29T10:20:00Z,17.78,0.0252,1.28046,70.71
2026-09-29T10:30:00Z,17.29,0.00145,2.01078,69
2026-09-29T10:40:00Z,17.29,0.00338,2.01078,67.2
2026-09-29T10:50:00Z,17.15,0.03872,2.28752,65.35
2026-09-29T11:00:00Z,17.19,0.01985,2.20478,63.45
2026-09-29T11:10:00Z,17.08,0.00512,2.43986,61.51
2026-09-29T11:20:00Z,17.2,0.00545,2.18457,59.54
2026-09-29T11:30:00Z,17.48,0.00722,1.68797,57.55
2026-09-29T11:40:00Z,17.12,0.00025,2.35161,55.54
2026-09-29T11:50:00Z,17.49,0.032,1.6725,53.52
2026-09-29T12:00:00Z,17.73,0.09384,1.34081,51.49
2026-09-29T12:10:00Z,17.56,0.03698,1.56807,49.45
2026-09-29T12:20:00Z,17.85,0.00392,1.20051,47.41
2026-09-29T12:30:00Z,17.6,0.03785,1.51135,45.36
2026-09-29T12:40:00Z,16.85,0.05,3.01554,43.31
2026-09-29T12:50:00Z,14.56,0.00008,24.85224,41.26
2026-09-30T06:30:00Z,18.13,0.01104,0.92761,42.53
2026-09-30T06:40:00Z,17.9,0.00968,1.14648,44.6
2026-09-30T06:50:00Z,17.98,0.00181,1.06504,46.67
2026-09-30T07:00:00Z,17.9,0.00924,1.14648,48.74
2026-09-30T07:10:00Z,18.1,0.002,0.9536,50.82
2026-09-30T07:20:00Z,18.39,0.00113,0.73007,52.89
2026-09-30T07:30:00Z,18.34,0.00002,0.76448,54.96
2026-09-30T07:40:00Z,18.15,0.00001,0.91068,57.03
2026-09-30T07:50:00Z,17.97,0.00001,1.07489,59.1
2026-09-30T08:00:00Z,17.78,0.00004,1.28046,61.16
2026-09-30T08:10:00Z,17.57,0.00001,1.55369,63.21
2026-09-30T08:20:00Z,17.34,0.00001,1.92028,65.24
2026-09-30T08:30:00Z,17.06,0.00024,2.48522,67.26
2026-09-30T08:40:00Z,16.74,0.00001,3.33707,69.26
2026-09-30T08:50:00Z,16.39,0.00002,4.60644,71.22
2026-09-30T09:00:00Z,16.08,0.00008,6.12866,73.14
2026-09-30T09:10:00Z,15.8,0.00001,7.93169,75.01
2026-09-30T09:20:00Z,15.53,0.00004,10.17105,76.78
2026-09-30T09:30:00Z,15.31,0.00024,12.45563,78.42
2026-09-30T09:40:00Z,15.15,0.00008,14.4333,79.88
2026-09-30T09:50:00Z,15.08,0.00001,15.3945,81.04
2026-09-30T10:00:00Z,15.03,0.00004,16.12002,81.8
2026-09-30T10:10:00Z,14.99,0.00024,16.72498,82.03
2026-09-30T10:20:00Z,15.09,0.00001,15.25336,81.68
2026-09-30T10:30:00Z,14.93,0.00085,17.67525,80.84
2026-09-30T10:40:00Z,14.91,0.008,18.00386,79.6
2026-09-30T10:50:00Z,15.72,0.008,8.53819,78.11
2026-09-30T11:00:00Z,16.22,0.0238,5.38723,76.44
2026-09-30T11:10:00Z,16.23,0.06498,5.33784,74.65
2026-09-30T11:20:00Z,16.62,0.00162,3.72705,72.78
2026-09-30T11:30:00Z,17.16,0.03785,2.26655,70.86
2026-09-30T11:40:00Z,16.93,0.00265,2.80134,68.89
2026-09-30T11:50:00Z,16.38,0.04232,4.64907,66.9
2026-09-30T12:00:00Z,16.57,0.01013,3.9027,64.89
2026-09-30T12:10:00Z,16.93,0.05618,2.80134,62.86
2026-09-30T12:20:00Z,17.25,0.01625,2.08625,60.83
2026-09-30T12:30:00Z,17.4,0.0022,1.81704,58.78
2026-09-30T12:40:00Z,16.83,0.00084,3.07161,56.73
2026-09-30T12:50:00Z,14.86,0.01512,18.85236,54.67
2026-09-30T13:00:00Z,11.98,0.02312,267.52577,52.62
2026-10-01T01:20:00Z,9.54,0.07442,2531.42825,-22.01
2026-10-01T01:30:00Z,11.86,0.01512,298.7897,-20.75
2026-10-01T01:40:00Z,14.79,0.01625,20.10785,-19.44
2026-10-01T01:50:00Z,17.11,0.0045,2.37337,-18.09
2026-10-01T02:00:00Z,19.37,0.00684,0.29605,-16.69
2026-10-01T02:10:00Z,21,0.00968,0.06597,-15.24
2026-10-01T02:20:00Z,21.7,0.00041,0.03462,-13.76
2026-10-01T02:30:00Z,21.84,0.00008,0.03043,-12.24
2026-10-01T02:40:00Z,21.86,0.00002,0.02988,-10.68
2026-10-01T02:50:00Z,21.85,0.00002,0.03016,-9.09
2026-10-01T03:00:00Z,21.85,0.00002,0.03016,-7.46
2026-10-01T03:10:00Z,21.84,0.00012,0.03043,-5.81
2026-10-01T03:20:00Z,21.84,0.00001,0.03043,-4.13
2026-10-01T03:30:00Z,21.83,0.00008,0.03072,-2.42
2026-10-01T03:40:00Z,21.76,0.00012,0.03276,-0.69
2026-10-01T03:50:00Z,21.62,0.00001,0.03727,1.07
2026-10-01T04:00:00Z,21.45,0.00001,0.04359,2.85
2026-10-01T04:10:00Z,21.3,0.00001,0.05005,4.65
2026-10-01T04:20:00Z,21.18,0.00002,0.05589,6.47
2026-10-01T04:30:00Z,21.08,0.00002,0.06129,8.31
2026-10-01T04:40:00Z,21.01,0.00008,0.06537,10.17
2026-10-01T04:50:00Z,20.95,0.00607,0.06908,12.04
2026-10-01T05:00:00Z,20.88,0.00202,0.07368,13.93
2026-10-01T05:10:00Z,20.84,0.00049,0.07645,15.84
2026-10-01T05:20:00Z,20.79,0.00164,0.08005,17.76
2026-10-01T05:30:00Z,20.72,0.00274,0.08538,19.69
2026-10-01T05:40:00Z,20.66,0.00308,0.09023,21.63
2026-10-01T05:50:00Z,20.56,0.00129,0.09894,23.59
2026-10-01T06:00:00Z,20.48,0.00049,0.1065,25.56
2026-10-01T06:10:00Z,20.4,0.0008,0.11465,27.54
2026-10-01T06:20:00Z,20.33,0.00118,0.12228,29.53
2026-10-01T06:30:00Z,20.25,0.0018,0.13163,31.52
2026-10-01T06:40:00Z,20.14,0.00251,0.14567,33.53
2026-10-01T06:50:00Z,20.04,0.00209,0.15972,35.55
2026-10-01T07:00:00Z,19.94,0.00185,0.17513,37.57
2026-10-01T07:10:00Z,19.82,0.00139,0.1956,39.6
2026-10-01T07:20:00Z,19.71,0.00118,0.21645,41.63
2026-10-01T07:30:00Z,19.57,0.00084,0.24624,43.68
2026-10-01T07:40:00Z,19.45,0.00089,0.27502,45.72
2026-10-01T07:50:00Z,19.36,0.00243,0.29879,47.78
2026-10-01T08:00:00Z,19.24,0.00751,0.33371,49.83
2026-10-01T08:10:00Z,19.1,0.0181,0.37963,51.89
2026-10-01T08:20:00Z,18.94,0.02016,0.43991,53.96
2026-10-01T08:30:00Z,18.75,0.01485,0.52404,56.02
2026-10-01T08:40:00Z,18.53,0.0118,0.64175,58.09
2026-10-01T08:50:00Z,18.33,0.01162,0.77155,60.16
2026-10-01T09:00:00Z,18.1,0.02055,0.9536,62.22
2026-10-01T09:10:00Z,17.85,0.03032,1.20051,64.29
2026-10-01T09:20:00Z,17.57,0.03615,1.55369,66.35
2026-10-01T09:30:00Z,17.23,0.03029,2.12503,68.4
2026-10-01T09:40:00Z,16.89,0.00004,2.90647,70.45
2026-10-01T09:50:00Z,16.53,0.00018,4.04917,72.48
2026-10-01T10:00:00Z,16.15,0.00002,5.746,74.5
2026-10-01T10:10:00Z,15.81,0.00001,7.85897,76.48
2026-10-01T10:20:00Z,15.55,0.00018,9.9854,78.42
2026-10-01T10:30:00Z,15.37,0.00008,11.78598,80.28
2026-10-01T10:40:00Z,15.13,0.00001,14.70163,82.01
2026-10-01T10:50:00Z,15.08,0.00098,15.3945,83.51
2026-10-01T11:00:00Z,15.05,0.00312,15.8258,84.58
2026-10-01T11:10:00Z,14.98,0.00144,16.87973,84.93
2026-10-01T11:20:00Z,14.91,0.00018,18.00386,84.44
2026-10-01T11:30:00Z,14.87,0.00008,18.67952,83.28
2026-10-01T11:40:00Z,14.89,0.00005,18.33858,81.73
2026-10-01T11:50:00Z,14.98,0.00004,16.87973,79.97
2026-10-01T12:00:00Z,15.13,0.00001,14.70163,78.09
2026-10-01T12:10:00Z,15.3,0.00001,12.57088,76.15
2026-10-01T12:20:00Z,15.51,0.00008,10.36014,74.16
2026-10-01T12:30:00Z,15.71,0.00002,8.61719,72.15
2026-10-01T12:40:00Z,15.74,0.00012,8.38235,70.12
2026-10-01T12:50:00Z,14.64,0.00128,23.0869,68.08
2026-10-01T13:00:00Z,11.97,0.04608,270.00115,66.03
2026-10-02T01:20:00Z,9.85,0.0186,1902.67942,-26.86
2026-10-02T01:30:00Z,12.44,0.00084,175.13205,-26.02
2026-10-02T01:40:00Z,15.2,0.00181,13.78369,-25.11
2026-10-02T01:50:00Z,17.52,0.00924,1.62692,-24.13
2026-10-02T02:00:00Z,19.53,0.01058,0.25549,-23.1
2026-10-02T02:10:00Z,21.04,0.00648,0.06359,-22
2026-10-02T02:20:00Z,21.62,0.0006,0.03727,-20.85
2026-10-02T02:30:00Z,21.73,0.00001,0.03368,-19.64
2026-10-02T02:40:00Z,21.73,0.00002,0.03368,-18.38
2026-10-02T02:50:00Z,21.73,0.00001,0.03368,-17.08
2026-10-02T03:00:00Z,21.73,0.00005,0.03368,-15.73
2026-10-02T03:10:00Z,21.75,0.00008,0.03306,-14.33
2026-10-02T03:20:00Z,21.78,0.00004,0.03216,-12.9
2026-10-02T03:30:00Z,21.79,0.00002,0.03187,-11.42
2026-10-02T03:40:00Z,21.82,0.00001,0.031,-9.91
2026-10-02T03:50:00Z,21.84,0.00002,0.03043,-8.36
2026-10-02T04:00:00Z,21.87,0.00001,0.02961,-6.78
2026-10-02T04:10:00Z,21.91,0.00018,0.02853,-5.17
2026-10-02T04:20:00Z,21.94,0.00002,0.02776,-3.53
2026-10-02T04:30:00Z,21.96,0.00013,0.02725,-1.86
2026-10-02T04:40:00Z,21.91,0.00002,0.02853,-0.17
2026-10-02T04:50:00Z,21.81,0.02587,0.03129,1.55
2026-10-02T05:00:00Z,21.71,0.00928,0.03431,3.29
2026-10-02T05:10:00Z,21.63,0.00319,0.03693,5.06
2026-10-02T05:20:00Z,21.54,0.00676,0.04012,6.84
2026-10-02T05:30:00Z,21.47,0.0056,0.04279,8.65
2026-10-02T05:40:00Z,21.44,0.00419,0.04399,10.48
2026-10-02T05:50:00Z,21.4,0.0051,0.04564,12.32
2026-10-02T06:00:00Z,21.34,0.00586,0.04824,14.18
2026-10-02T06:10:00Z,21.22,0.00505,0.05387,16.05
2026-10-02T06:20:00Z,21.14,0.00207,0.05799,17.94
2026-10-02T06:30:00Z,21.07,0.00118,0.06185,19.85
2026-10-02T06:40:00Z,21,0.00118,0.06597,21.77
2026-10-02T06:50:00Z,20.92,0.00011,0.07102,23.7
2026-10-02T07:00:00Z,20.84,0.00021,0.07645,25.64
2026-10-02T07:10:00Z,20.76,0.00092,0.08229,27.6
2026-10-02T07:20:00Z,20.69,0.0011,0.08777,29.56
2026-10-02T07:30:00Z,20.6,0.00274,0.09536,31.54
2026-10-02T07:40:00Z,20.49,0.01006,0.10553,33.52
2026-10-02T07:50:00Z,20.4,0.24686,0.11465,35.52
2026-10-02T08:00:00Z,20.27,0.29599,0.12923,37.52
2026-10-02T08:10:00Z,20.32,0.38153,0.12341,39.53
2026-10-02T08:20:00Z,19.53,0.29581,0.25549,41.55
2026-10-02T08:30:00Z,19.38,0.26119,0.29334,43.57
2026-10-02T08:40:00Z,18.87,0.37928,0.46921,45.6
2026-10-02T08:50:00Z,18.76,0.60876,0.51924,47.64
2026-10-02T09:00:00Z,18.72,0.30107,0.53872,49.68
2026-10-02T09:10:00Z,18.7,0.21498,0.54874,51.73
2026-10-02T09:20:00Z,18.8,0.12193,0.50046,53.78
2026-10-02T09:30:00Z,18.83,0.12471,0.48682,55.84
2026-10-02T09:40:00Z,18.49,0.00181,0.66583,57.9
2026-10-02T09:50:00Z,18.29,0.0045,0.80051,59.96
2026-10-02T10:00:00Z,18.33,0.013,0.77155,62.02
2026-10-02T10:10:00Z,18.27,0.0005,0.81539,64.08
2026-10-02T10:20:00Z,18.23,0.00578,0.84599,66.14
2026-10-02T10:30:00Z,18.59,0.00072,0.60725,68.2
2026-10-02T10:40:00Z,18.17,0.00722,0.89406,70.26
2026-10-02T10:50:00Z,18.03,0.06962,1.0171,72.31
2026-10-02T11:00:00Z,18.01,0.05618,1.03601,74.34
2026-10-02T11:10:00Z,18.15,0.00128,0.91068,76.36
2026-10-02T11:20:00Z,18.01,0.00008,1.03601,78.35
2026-10-02T11:30:00Z,17.74,0.00968,1.32851,80.3
2026-10-02T11:40:00Z,17.6,0.00113,1.51135,82.16
2026-10-02T11:50:00Z,17.81,0.00338,1.24556,83.86
2026-10-02T12:00:00Z,18.37,0.00242,0.74364,85.22
2026-10-02T12:10:00Z,18.19,0.00001,0.87774,85.89
2026-10-02T12:20:00Z,17.58,0.05941,1.53945,85.55
2026-10-02T12:30:00Z,17.55,0.0048,1.58258,84.37
2026-10-02T12:40:00Z,16.52,0.05101,4.08663,82.76
2026-10-02T12:50:00Z,14.48,0.12482,26.75258,80.95
2026-10-02T13:00:00Z,11.8,0.00001,315.76619,79.03
2026-10-03T01:20:00Z,10.14,0.01405,1456.68491,-30.56
2026-10-03T01:30:00Z,12.81,0.00113,124.55628,-30.21
2026-10-03T01:40:00Z,15.55,0.00313,9.9854,-29.78
2026-10-03T01:50:00Z,17.83,0.0045,1.22283,-29.27
2026-10-03T02:00:00Z,19.8,0.0084,0.19923,-28.68
2026-10-03T02:10:00Z,21.21,0.00722,0.05437,-28.01
2026-10-03T02:20:00Z,21.76,0.00018,0.03276,-27.27
2026-10-03T02:30:00Z,21.86,0.00648,0.02988,-26.45
2026-10-03T02:40:00Z,21.89,0.01922,0.02906,-25.57
2026-10-03T02:50:00Z,21.91,0.01568,0.02853,-24.62
2026-10-03T03:00:00Z,22.28,0.00338,0.02029,-23.61
2026-10-03T03:10:00Z,22.38,0.01458,0.01851,-22.54
2026-10-03T03:20:00Z,22.77,0.0245,0.01292,-21.41
2026-10-03T03:30:00Z,23.19,0.01624,0.00878,-20.22
2026-10-03T03:40:00Z,23.1,0.02812,0.00954,-18.99
2026-10-03T03:50:00Z,23.2,0.01861,0.0087,-17.7
2026-10-03T04:00:00Z,22.92,0.00722,0.01126,-16.37
2026-10-03T04:10:00Z,23.01,0.0006,0.01036,-14.99
2026-10-03T04:20:00Z,22.86,0.00684,0.0119,-13.57
2026-10-03T04:30:00Z,22.85,0.00098,0.01201,-12.1
2026-10-03T04:40:00Z,23.09,0.00013,0.00962,-10.61
2026-10-03T04:50:00Z,23.21,0.08911,0.00862,-9.07
2026-10-03T05:00:00Z,23.35,0.16821,0.00757,-7.5
2026-10-03T05:10:00Z,23.56,0.59448,0.00624,-5.9
2026-10-03T05:20:00Z,23.61,0.89595,0.00596,-4.27
2026-10-03T05:30:00Z,23.27,0.80084,0.00815,-2.61
2026-10-03T05:40:00Z,22.8,0.42675,0.01257,-0.92
2026-10-03T05:50:00Z,22.33,0.19407,0.01938,0.79
2026-10-03T06:00:00Z,22.08,0.32604,0.0244,2.53
2026-10-03T06:10:00Z,22.02,0.26904,0.02578,4.29
2026-10-03T06:20:00Z,21.86,0.10995,0.02988,6.07
2026-10-03T06:30:00Z,21.88,0.06672,0.02933,7.87
2026-10-03T06:40:00Z,21.63,0.08591,0.03693,9.69
2026-10-03T06:50:00Z,21.45,0.13351,0.04359,11.53
2026-10-03T07:00:00Z,21.1,0.09286,0.06017,13.39
2026-10-03T07:10:00Z,20.92,0.24878,0.07102,15.26
2026-10-03T07:20:00Z,20.44,0.97415,0.1105,17.15
2026-10-03T07:30:00Z,20.38,0.70886,0.11678,19.05
2026-10-03T07:40:00Z,20.66,0.02592,0.09023,20.97
2026-10-03T09:00:00Z,20.7,0.00032,0.08697,36.72
2026-10-03T09:10:00Z,20.62,0.02145,0.09362,38.73
2026-10-03T09:20:00Z,20.52,0.00704,0.10265,40.75
2026-10-03T09:30:00Z,20.44,0.00001,0.1105,42.78
2026-10-03T09:40:00Z,20.36,0.00008,0.11895,44.81
2026-10-03T09:50:00Z,20.22,0.00002,0.13532,46.85
2026-10-03T10:00:00Z,20.1,0.00018,0.15114,48.89
2026-10-03T10:10:00Z,19.97,0.00032,0.17036,50.94
2026-10-03T10:20:00Z,19.82,0.00005,0.1956,52.99
2026-10-03T10:30:00Z,19.6,0.00001,0.23953,55.05
2026-10-03T10:40:00Z,19.51,0.00013,0.26023,57.1
2026-10-03T10:50:00Z,19.3,0.002,0.31577,59.16
2026-10-03T11:00:00Z,18.92,0.00313,0.44809,61.22
2026-10-03T11:10:00Z,18.8,0.00012,0.50046,63.28
2026-10-03T11:20:00Z,18.66,0.00924,0.56933,65.34
2026-10-03T11:30:00Z,18.19,0.00392,0.87774,67.39
2026-10-03T11:40:00Z,17.88,0.0048,1.16779,69.43
2026-10-03T11:50:00Z,17.77,0.012,1.29231,71.47
2026-10-03T12:00:00Z,17.43,0.00008,1.76753,73.48
2026-10-03T12:10:00Z,17.02,0.00924,2.57849,75.47
2026-10-04T01:10:00Z,8.5,0.03362,6597.29071,-32.53
2026-10-04T01:20:00Z,10.44,0.00968,1105.00851,-32.81
2026-10-04T01:30:00Z,13.17,0.00128,89.40579,-33.01
2026-10-04T01:40:00Z,15.87,0.0048,7.43645,-33.11
2026-10-04T01:50:00Z,18.1,0.00288,0.9536,-33.13
2026-10-04T02:00:00Z,20.02,0.0125,0.16269,-33.05
2026-10-04T02:10:00Z,21.32,0.00392,0.04913,-32.89
2026-10-04T02:20:00Z,21.76,0.00032,0.03276,-32.63
2026-10-04T02:30:00Z,21.84,0.00001,0.03043,-32.29
2026-10-04T02:40:00Z,21.84,0.00001,0.03043,-31.86
2026-10-04T02:50:00Z,21.84,0.00002,0.03043,-31.35
2026-10-04T03:00:00Z,21.84,0.00002,0.03043,-30.76
2026-10-04T03:10:00Z,21.84,0.00001,0.03043,-30.08
2026-10-04T03:20:00Z,21.86,0.00002,0.02988,-29.33
2026-10-04T03:30:00Z,21.88,0.00001,0.02933,-28.51
2026-10-04T03:40:00Z,21.89,0.00008,0.02906,-27.61
2026-10-04T03:50:00Z,21.91,0.00005,0.02853,-26.65
2026-10-04T04:00:00Z,21.94,0.00001,0.02776,-25.61
2026-10-04T04:10:00Z,21.94,0.00001,0.02776,-24.52
2026-10-04T04:20:00Z,21.94,0.00001,0.02776,-23.37
2026-10-04T04:30:00Z,21.95,0.00001,0.0275,-22.16
2026-10-04T04:40:00Z,21.96,0.00028,0.02725,-20.9
2026-10-04T04:50:00Z,21.97,0.00014,0.027,-19.58
2026-10-04T05:00:00Z,21.99,0.00025,0.02651,-18.22
2026-10-04T05:10:00Z,21.99,0.00027,0.02651,-16.81
2026-10-04T05:20:00Z,22,0.00025,0.02626,-15.36
2026-10-04T05:30:00Z,22.03,0.00036,0.02555,-13.87
2026-10-04T05:40:00Z,22.04,0.00059,0.02531,-12.34
2026-10-04T05:50:00Z,22.05,0.00059,0.02508,-10.78
2026-10-04T06:00:00Z,22.05,0.00047,0.02508,-9.18
2026-10-04T06:10:00Z,22.05,0.00026,0.02508,-7.55
2026-10-04T06:20:00Z,22.07,0.00088,0.02462,-5.89
2026-10-04T06:30:00Z,22.08,0.00368,0.0244,-4.2
2026-10-04T06:40:00Z,22.07,0.00934,0.02462,-2.48
2026-10-04T06:50:00Z,22.05,0.0142,0.02508,-0.74
2026-10-04T07:00:00Z,22,0.01071,0.02626,1.03
2026-10-04T07:10:00Z,21.93,0.00534,0.02801,2.82
2026-10-04T07:20:00Z,21.85,0.00175,0.03016,4.63
2026-10-04T07:30:00Z,21.79,0.00114,0.03187,6.46
2026-10-04T07:40:00Z,21.73,0.00323,0.03368,8.31
2026-10-04T07:50:00Z,21.68,0.00426,0.03527,10.17
2026-10-04T08:00:00Z,21.64,0.00345,0.03659,12.06
2026-10-04T08:10:00Z,21.62,0.00201,0.03727,13.96
2026-10-04T08:20:00Z,21.6,0.00098,0.03796,15.87
2026-10-04T08:30:00Z,21.58,0.00152,0.03867,17.8
2026-10-04T08:40:00Z,21.54,0.00275,0.04012,19.74
2026-10-04T08:50:00Z,21.49,0.00262,0.04201,21.7
2026-10-04T09:00:00Z,21.44,0.00119,0.04399,23.66
2026-10-04T09:10:00Z,21.38,0.00027,0.04649,25.64
2026-10-04T09:20:00Z,21.32,0.0003,0.04913,27.63
2026-10-04T09:30:00Z,21.28,0.00056,0.05098,29.62
2026-10-04T09:40:00Z,21.22,0.00002,0.05387,31.63
2026-10-04T09:50:00Z,21.15,0.00008,0.05746,33.65
2026-10-04T10:00:00Z,21.08,0.00001,0.06129,35.67
2026-10-04T10:10:00Z,20.99,0.00001,0.06658,37.7
2026-10-04T10:20:00Z,20.91,0.00002,0.07167,39.73
2026-10-04T10:30:00Z,20.82,0.00004,0.07787,41.77
2026-10-04T10:40:00Z,20.74,0.00002,0.08382,43.82
2026-10-04T10:50:00Z,20.63,0.00002,0.09276,45.87
2026-10-04T11:00:00Z,20.53,0.00008,0.10171,47.92
2026-10-04T11:10:00Z,20.42,0.00008,0.11256,49.97
2026-10-04T11:20:00Z,20.3,0.00002,0.12571,52.03
2026-10-04T11:30:00Z,20.17,0.00001,0.1417,54.09
2026-10-04T11:40:00Z,20.03,0.00001,0.1612,56.14
2026-10-04T11:50:00Z,19.86,0.00001,0.18852,58.19
2026-10-04T12:00:00Z,19.67,0.00002,0.22458,60.24
2026-10-04T12:10:00Z,19.45,0.00001,0.27502,62.28
2026-10-04T12:20:00Z,19.17,0.00001,0.35593,64.31
2026-10-04T12:30:00Z,18.62,0.00004,0.5907,66.32
2026-10-04T12:40:00Z,17.36,0.00221,1.88524,68.32
2026-10-04T12:50:00Z,15.23,0.00968,13.40805,70.28
2026-10-04T13:00:00Z,12.5,0.00128,165.71645,72.21
2026-10-05T01:10:00Z,8.69,0.03362,5538.16157,-32.58
2026-10-05T01:20:00Z,10.76,0.00613,822.93517,-33.4
2026-10-05T01:30:00Z,13.53,0.00145,64.17496,-34.14
2026-10-05T01:40:00Z,16.18,0.00648,5.58941,-34.79
2026-10-05T01:50:00Z,18.36,0.00162,0.75053,-35.36
2026-10-05T02:00:00Z,20.24,0.013,0.13285,-35.84
2026-10-05T02:10:00Z,21.46,0.00365,0.04319,-36.22
2026-10-05T02:20:00Z,21.84,0.00025,0.03043,-36.52
2026-10-05T02:30:00Z,21.89,0.00001,0.02906,-36.71
2026-10-05T02:40:00Z,21.88,0.00001,0.02933,-36.81
2026-10-05T02:50:00Z,21.88,0.00002,0.02933,-36.82
2026-10-05T03:00:00Z,21.88,0.00001,0.02933,-36.72
2026-10-05T03:10:00Z,21.87,0.00001,0.02961,-36.53
2026-10-05T03:20:00Z,21.87,0.00001,0.02961,-36.24
2026-10-05T03:30:00Z,21.88,0.00001,0.02933,-35.86
2026-10-05T03:40:00Z,21.89,0.00001,0.02906,-35.39
2026-10-05T03:50:00Z,21.9,0.00002,0.0288,-34.83
2026-10-05T04:00:00Z,21.91,0.00002,0.02853,-34.18
2026-10-05T04:10:00Z,21.91,0.00001,0.02853,-33.44
2026-10-05T04:20:00Z,21.92,0.00001,0.02827,-32.63
2026-10-05T04:30:00Z,21.92,0.00001,0.02827,-31.73
2026-10-05T04:40:00Z,21.92,0.00014,0.02827,-30.76
2026-10-05T04:50:00Z,21.93,0.00015,0.02801,-29.73
2026-10-05T05:00:00Z,21.94,0.00017,0.02776,-28.62
2026-10-05T05:10:00Z,21.95,0.00006,0.0275,-27.45
2026-10-05T05:20:00Z,21.96,0.00001,0.02725,-26.22
2026-10-05T05:30:00Z,21.97,0.00023,0.027,-24.94
2026-10-05T05:40:00Z,21.98,0.00026,0.02675,-23.59
2026-10-05T05:50:00Z,21.99,0.00027,0.02651,-22.2
2026-10-05T06:00:00Z,22.02,0.00024,0.02578,-20.77
2026-10-05T06:10:00Z,22.03,0.00016,0.02555,-19.28
2026-10-05T06:20:00Z,22.05,0.00012,0.02508,-17.76
2026-10-05T06:30:00Z,22.07,0.00042,0.02462,-16.19
2026-10-05T06:40:00Z,22.09,0.00066,0.02417,-14.59
2026-10-05T06:50:00Z,22.1,0.001,0.02395,-12.96
2026-10-05T07:00:00Z,22.1,0.00082,0.02395,-11.29
2026-10-05T07:10:00Z,22.1,0.00057,0.02395,-9.59
2026-10-05T07:20:00Z,22.1,0.00017,0.02395,-7.86
2026-10-05T07:30:00Z,22.1,0.00029,0.02395,-6.11
2026-10-05T07:40:00Z,22.09,0.00061,0.02417,-4.33
2026-10-05T07:50:00Z,22.09,0.00159,0.02417,-2.53
2026-10-05T08:00:00Z,22.07,0.00241,0.02462,-0.7
2026-10-05T08:10:00Z,22.05,0.00206,0.02508,1.14
2026-10-05T08:20:00Z,22.01,0.00188,0.02602,3.01
2026-10-05T08:30:00Z,21.97,0.00063,0.027,4.89
2026-10-05T08:40:00Z,21.94,0.00063,0.02776,6.8
2026-10-05T08:50:00Z,21.89,0.00059,0.02906,8.71
2026-10-05T09:00:00Z,21.86,0.00094,0.02988,10.64
2026-10-05T09:10:00Z,21.85,0.001,0.03016,12.59
2026-10-05T09:20:00Z,21.8,0.00106,0.03158,14.55
2026-10-05T09:30:00Z,21.74,0.00106,0.03337,16.52
2026-10-05T09:40:00Z,21.71,0.00005,0.03431,18.5
2026-10-05T09:50:00Z,21.69,0.00008,0.03494,20.5
2026-10-05T10:00:00Z,21.65,0.00002,0.03625,22.5
2026-10-05T10:10:00Z,21.61,0.00004,0.03762,24.51
2026-10-05T10:20:00Z,21.58,0.00002,0.03867,26.53
2026-10-05T10:30:00Z,21.54,0.00001,0.04012,28.56
2026-10-05T10:40:00Z,21.48,0.00002,0.0424,30.59
2026-10-05T10:50:00Z,21.42,0.00001,0.04481,32.63
2026-10-05T11:00:00Z,21.35,0.00002,0.04779,34.67
2026-10-05T11:10:00Z,21.29,0.00001,0.05051,36.72
2026-10-05T11:20:00Z,21.22,0.00002,0.05387,38.77
2026-10-05T11:30:00Z,21.14,0.00002,0.05799,40.82
2026-10-05T11:40:00Z,21.07,0.00001,0.06185,42.87
2026-10-05T11:50:00Z,21.02,0.00002,0.06477,44.92
2026-10-05T12:00:00Z,20.89,0.00001,0.07301,46.97
2026-10-05T12:10:00Z,20.78,0.0005,0.08079,49.02
2026-10-05T12:20:00Z,20.45,0.0005,0.10949,51.06
2026-10-05T12:30:00Z,19.45,0.00288,0.27502,53.09
2026-10-05T12:40:00Z,17.65,0.01012,1.44333,55.11
2026-10-05T12:50:00Z,15.42,0.00085,11.25552,57.12
2026-10-05T13:00:00Z,12.69,0.00684,139.11233,59.11
